person_id,name,role,manager_id,level,email,cost_center,location
NST-PER-CEO,Maya Rangan,CEO,,CXO,ceo@northstar-clinical.example.com,CXO,Global HQ
NST-PER-CFO,Daniel Okafor,CFO,NST-PER-CEO,CXO,cfo@northstar-clinical.example.com,CXO,Global HQ
NST-PER-CIO,Priya Mehta,CIO,NST-PER-CEO,CXO,cio@northstar-clinical.example.com,CXO,Global HQ
NST-PER-CQO,Elena Kovacs,Chief Quality Officer,NST-PER-CEO,CXO,cqo@northstar-clinical.example.com,CXO,Global HQ
NST-PER-EVP-HIS,Marcus Lee,EVP Health Information Systems,NST-PER-CEO,EVP,evp-his@northstar-clinical.example.com,EVP,Global HQ
NST-PER-0006,Northstar EVP 6,EVP Finance,NST-PER-CFO,EVP,person6@northstar-clinical.example.com,CC-1006,SG
NST-PER-0007,Northstar EVP 7,EVP ERP,NST-PER-CIO,EVP,person7@northstar-clinical.example.com,CC-1007,BR
NST-PER-0008,Northstar EVP 8,EVP Quality,NST-PER-CQO,EVP,person8@northstar-clinical.example.com,CC-1008,FR
NST-PER-0009,Northstar EVP 9,EVP Manufacturing,NST-PER-EVP-HIS,EVP,person9@northstar-clinical.example.com,CC-1009,GB
NST-PER-0010,Northstar EVP 10,EVP HIS,NST-PER-CEO,EVP,person10@northstar-clinical.example.com,CC-1010,IN
NST-PER-0011,Northstar EVP 11,EVP Product,NST-PER-CFO,EVP,person11@northstar-clinical.example.com,CC-1011,CA
NST-PER-0012,Northstar EVP 12,EVP Security,NST-PER-CIO,EVP,person12@northstar-clinical.example.com,CC-1012,US
NST-PER-0013,Northstar EVP 13,EVP Finance,NST-PER-CQO,EVP,person13@northstar-clinical.example.com,CC-1013,DE
NST-PER-0014,Northstar EVP 14,EVP ERP,NST-PER-EVP-HIS,EVP,person14@northstar-clinical.example.com,CC-1014,IE
NST-PER-0015,Northstar EVP 15,EVP Quality,NST-PER-CEO,EVP,person15@northstar-clinical.example.com,CC-1015,MX
NST-PER-0016,Northstar EVP 16,EVP Manufacturing,NST-PER-CFO,EVP,person16@northstar-clinical.example.com,CC-1016,CN
NST-PER-0017,Northstar EVP 17,EVP HIS,NST-PER-CIO,EVP,person17@northstar-clinical.example.com,CC-1017,JP
NST-PER-0018,Northstar EVP 18,EVP Product,NST-PER-CQO,EVP,person18@northstar-clinical.example.com,CC-1018,SG
NST-PER-0019,Northstar EVP 19,EVP Security,NST-PER-EVP-HIS,EVP,person19@northstar-clinical.example.com,CC-1019,BR
NST-PER-0020,Northstar EVP 20,EVP Finance,NST-PER-CEO,EVP,person20@northstar-clinical.example.com,CC-1020,FR
NST-PER-0021,Northstar EVP 21,EVP ERP,NST-PER-CFO,EVP,person21@northstar-clinical.example.com,CC-1021,GB
NST-PER-0022,Northstar EVP 22,EVP Quality,NST-PER-CIO,EVP,person22@northstar-clinical.example.com,CC-1022,IN
NST-PER-0023,Northstar EVP 23,EVP Manufacturing,NST-PER-CQO,EVP,person23@northstar-clinical.example.com,CC-1023,CA
NST-PER-0024,Northstar EVP 24,EVP HIS,NST-PER-EVP-HIS,EVP,person24@northstar-clinical.example.com,CC-1024,US
NST-PER-0025,Northstar EVP 25,EVP Product,NST-PER-CEO,EVP,person25@northstar-clinical.example.com,CC-1025,DE
NST-PER-0026,Northstar EVP 26,EVP Security,NST-PER-CFO,EVP,person26@northstar-clinical.example.com,CC-1026,IE
NST-PER-0027,Northstar EVP 27,EVP Finance,NST-PER-CIO,EVP,person27@northstar-clinical.example.com,CC-1027,MX
NST-PER-0028,Northstar EVP 28,EVP ERP,NST-PER-CQO,EVP,person28@northstar-clinical.example.com,CC-1028,CN
NST-PER-0029,Northstar EVP 29,EVP Quality,NST-PER-0012,EVP,person29@northstar-clinical.example.com,CC-1029,JP
NST-PER-0030,Northstar EVP 30,EVP Manufacturing,NST-PER-0013,EVP,person30@northstar-clinical.example.com,CC-1030,SG
NST-PER-0031,Northstar EVP 31,EVP HIS,NST-PER-0014,EVP,person31@northstar-clinical.example.com,CC-1031,BR
NST-PER-0032,Northstar EVP 32,EVP Product,NST-PER-0015,EVP,person32@northstar-clinical.example.com,CC-1032,FR
NST-PER-0033,Northstar EVP 33,EVP Security,NST-PER-0016,EVP,person33@northstar-clinical.example.com,CC-1033,GB
NST-PER-0034,Northstar EVP 34,EVP Finance,NST-PER-0017,EVP,person34@northstar-clinical.example.com,CC-1034,IN
NST-PER-0035,Northstar EVP 35,EVP ERP,NST-PER-0018,EVP,person35@northstar-clinical.example.com,CC-1035,CA
NST-PER-0036,Northstar EVP 36,EVP Quality,NST-PER-0019,EVP,person36@northstar-clinical.example.com,CC-1036,US
NST-PER-0037,Northstar EVP 37,EVP Manufacturing,NST-PER-0020,EVP,person37@northstar-clinical.example.com,CC-1037,DE
NST-PER-0038,Northstar EVP 38,EVP HIS,NST-PER-0021,EVP,person38@northstar-clinical.example.com,CC-1038,IE
NST-PER-0039,Northstar EVP 39,EVP Product,NST-PER-0022,EVP,person39@northstar-clinical.example.com,CC-1039,MX
NST-PER-0040,Northstar EVP 40,EVP Security,NST-PER-0023,EVP,person40@northstar-clinical.example.com,CC-1040,CN
NST-PER-0041,Northstar EVP 41,EVP Finance,NST-PER-0024,EVP,person41@northstar-clinical.example.com,CC-1041,JP
NST-PER-0042,Northstar EVP 42,EVP ERP,NST-PER-0025,EVP,person42@northstar-clinical.example.com,CC-1042,SG
NST-PER-0043,Northstar EVP 43,EVP Quality,NST-PER-0026,EVP,person43@northstar-clinical.example.com,CC-1043,BR
NST-PER-0044,Northstar EVP 44,EVP Manufacturing,NST-PER-0027,EVP,person44@northstar-clinical.example.com,CC-1044,FR
NST-PER-0045,Northstar EVP 45,EVP HIS,NST-PER-0028,EVP,person45@northstar-clinical.example.com,CC-1045,GB
NST-PER-0046,Northstar EVP 46,EVP Product,NST-PER-0029,EVP,person46@northstar-clinical.example.com,CC-1046,IN
NST-PER-0047,Northstar EVP 47,EVP Security,NST-PER-0030,EVP,person47@northstar-clinical.example.com,CC-1047,CA
NST-PER-0048,Northstar EVP 48,EVP Finance,NST-PER-0031,EVP,person48@northstar-clinical.example.com,CC-1048,US
NST-PER-0049,Northstar EVP 49,EVP ERP,NST-PER-0032,EVP,person49@northstar-clinical.example.com,CC-1049,DE
NST-PER-0050,Northstar EVP 50,EVP Quality,NST-PER-0033,EVP,person50@northstar-clinical.example.com,CC-1050,IE
NST-PER-0051,Northstar EVP 51,EVP Manufacturing,NST-PER-0034,EVP,person51@northstar-clinical.example.com,CC-1051,MX
NST-PER-0052,Northstar EVP 52,EVP HIS,NST-PER-0035,EVP,person52@northstar-clinical.example.com,CC-1052,CN
NST-PER-0053,Northstar EVP 53,EVP Product,NST-PER-0036,EVP,person53@northstar-clinical.example.com,CC-1053,JP
NST-PER-0054,Northstar EVP 54,EVP Security,NST-PER-0037,EVP,person54@northstar-clinical.example.com,CC-1054,SG
NST-PER-0055,Northstar EVP 55,EVP Finance,NST-PER-0038,EVP,person55@northstar-clinical.example.com,CC-1055,BR
NST-PER-0056,Northstar EVP 56,EVP ERP,NST-PER-0039,EVP,person56@northstar-clinical.example.com,CC-1056,FR
NST-PER-0057,Northstar EVP 57,EVP Quality,NST-PER-0040,EVP,person57@northstar-clinical.example.com,CC-1057,GB
NST-PER-0058,Northstar EVP 58,EVP Manufacturing,NST-PER-0041,EVP,person58@northstar-clinical.example.com,CC-1058,IN
NST-PER-0059,Northstar EVP 59,EVP HIS,NST-PER-0042,EVP,person59@northstar-clinical.example.com,CC-1059,CA
NST-PER-0060,Northstar EVP 60,EVP Product,NST-PER-0043,EVP,person60@northstar-clinical.example.com,CC-1060,US
NST-PER-0061,Northstar EVP 61,EVP Security,NST-PER-0044,EVP,person61@northstar-clinical.example.com,CC-1061,DE
NST-PER-0062,Northstar EVP 62,EVP Finance,NST-PER-0045,EVP,person62@northstar-clinical.example.com,CC-1062,IE
NST-PER-0063,Northstar EVP 63,EVP ERP,NST-PER-0046,EVP,person63@northstar-clinical.example.com,CC-1063,MX
NST-PER-0064,Northstar EVP 64,EVP Quality,NST-PER-0047,EVP,person64@northstar-clinical.example.com,CC-1064,CN
NST-PER-0065,Northstar EVP 65,EVP Manufacturing,NST-PER-0048,EVP,person65@northstar-clinical.example.com,CC-1065,JP
NST-PER-0066,Northstar EVP 66,EVP HIS,NST-PER-0049,EVP,person66@northstar-clinical.example.com,CC-1066,SG
NST-PER-0067,Northstar EVP 67,EVP Product,NST-PER-0050,EVP,person67@northstar-clinical.example.com,CC-1067,BR
NST-PER-0068,Northstar EVP 68,EVP Security,NST-PER-0051,EVP,person68@northstar-clinical.example.com,CC-1068,FR
NST-PER-0069,Northstar EVP 69,EVP Finance,NST-PER-0052,EVP,person69@northstar-clinical.example.com,CC-1069,GB
NST-PER-0070,Northstar EVP 70,EVP ERP,NST-PER-0053,EVP,person70@northstar-clinical.example.com,CC-1070,IN
NST-PER-0071,Northstar EVP 71,EVP Quality,NST-PER-0054,EVP,person71@northstar-clinical.example.com,CC-1071,CA
NST-PER-0072,Northstar EVP 72,EVP Manufacturing,NST-PER-0055,EVP,person72@northstar-clinical.example.com,CC-1072,US
NST-PER-0073,Northstar EVP 73,EVP HIS,NST-PER-0056,EVP,person73@northstar-clinical.example.com,CC-1073,DE
NST-PER-0074,Northstar EVP 74,EVP Product,NST-PER-0057,EVP,person74@northstar-clinical.example.com,CC-1074,IE
NST-PER-0075,Northstar EVP 75,EVP Security,NST-PER-0058,EVP,person75@northstar-clinical.example.com,CC-1075,MX
NST-PER-0076,Northstar SVP 76,SVP Finance,NST-PER-0059,SVP,person76@northstar-clinical.example.com,CC-1076,CN
NST-PER-0077,Northstar SVP 77,SVP ERP,NST-PER-0060,SVP,person77@northstar-clinical.example.com,CC-1077,JP
NST-PER-0078,Northstar SVP 78,SVP Quality,NST-PER-0061,SVP,person78@northstar-clinical.example.com,CC-1078,SG
NST-PER-0079,Northstar SVP 79,SVP Manufacturing,NST-PER-0062,SVP,person79@northstar-clinical.example.com,CC-1079,BR
NST-PER-0080,Northstar SVP 80,SVP HIS,NST-PER-0063,SVP,person80@northstar-clinical.example.com,CC-1080,FR
NST-PER-0081,Northstar SVP 81,SVP Product,NST-PER-0064,SVP,person81@northstar-clinical.example.com,CC-1081,GB
NST-PER-0082,Northstar SVP 82,SVP Security,NST-PER-0065,SVP,person82@northstar-clinical.example.com,CC-1082,IN
NST-PER-0083,Northstar SVP 83,SVP Finance,NST-PER-0066,SVP,person83@northstar-clinical.example.com,CC-1083,CA
NST-PER-0084,Northstar SVP 84,SVP ERP,NST-PER-0067,SVP,person84@northstar-clinical.example.com,CC-1084,US
NST-PER-0085,Northstar SVP 85,SVP Quality,NST-PER-0068,SVP,person85@northstar-clinical.example.com,CC-1085,DE
NST-PER-0086,Northstar SVP 86,SVP Manufacturing,NST-PER-0069,SVP,person86@northstar-clinical.example.com,CC-1086,IE
NST-PER-0087,Northstar SVP 87,SVP HIS,NST-PER-0070,SVP,person87@northstar-clinical.example.com,CC-1087,MX
NST-PER-0088,Northstar SVP 88,SVP Product,NST-PER-0071,SVP,person88@northstar-clinical.example.com,CC-1088,CN
NST-PER-0089,Northstar SVP 89,SVP Security,NST-PER-0072,SVP,person89@northstar-clinical.example.com,CC-1089,JP
NST-PER-0090,Northstar SVP 90,SVP Finance,NST-PER-0073,SVP,person90@northstar-clinical.example.com,CC-1090,SG
NST-PER-0091,Northstar SVP 91,SVP ERP,NST-PER-0074,SVP,person91@northstar-clinical.example.com,CC-1091,BR
NST-PER-0092,Northstar SVP 92,SVP Quality,NST-PER-0075,SVP,person92@northstar-clinical.example.com,CC-1092,FR
NST-PER-0093,Northstar SVP 93,SVP Manufacturing,NST-PER-0076,SVP,person93@northstar-clinical.example.com,CC-1093,GB
NST-PER-0094,Northstar SVP 94,SVP HIS,NST-PER-0077,SVP,person94@northstar-clinical.example.com,CC-1094,IN
NST-PER-0095,Northstar SVP 95,SVP Product,NST-PER-0078,SVP,person95@northstar-clinical.example.com,CC-1095,CA
NST-PER-0096,Northstar SVP 96,SVP Security,NST-PER-0079,SVP,person96@northstar-clinical.example.com,CC-1096,US
NST-PER-0097,Northstar SVP 97,SVP Finance,NST-PER-0080,SVP,person97@northstar-clinical.example.com,CC-1097,DE
NST-PER-0098,Northstar SVP 98,SVP ERP,NST-PER-0081,SVP,person98@northstar-clinical.example.com,CC-1098,IE
NST-PER-0099,Northstar SVP 99,SVP Quality,NST-PER-0082,SVP,person99@northstar-clinical.example.com,CC-1099,MX
NST-PER-0100,Northstar SVP 100,SVP Manufacturing,NST-PER-0083,SVP,person100@northstar-clinical.example.com,CC-1100,CN
NST-PER-0101,Northstar SVP 101,SVP HIS,NST-PER-0084,SVP,person101@northstar-clinical.example.com,CC-1101,JP
NST-PER-0102,Northstar SVP 102,SVP Product,NST-PER-0085,SVP,person102@northstar-clinical.example.com,CC-1102,SG
NST-PER-0103,Northstar SVP 103,SVP Security,NST-PER-0086,SVP,person103@northstar-clinical.example.com,CC-1103,BR
NST-PER-0104,Northstar SVP 104,SVP Finance,NST-PER-0087,SVP,person104@northstar-clinical.example.com,CC-1104,FR
NST-PER-0105,Northstar SVP 105,SVP ERP,NST-PER-0088,SVP,person105@northstar-clinical.example.com,CC-1105,GB
NST-PER-0106,Northstar SVP 106,SVP Quality,NST-PER-0089,SVP,person106@northstar-clinical.example.com,CC-1106,IN
NST-PER-0107,Northstar SVP 107,SVP Manufacturing,NST-PER-0090,SVP,person107@northstar-clinical.example.com,CC-1107,CA
NST-PER-0108,Northstar SVP 108,SVP HIS,NST-PER-0091,SVP,person108@northstar-clinical.example.com,CC-1108,US
NST-PER-0109,Northstar SVP 109,SVP Product,NST-PER-0092,SVP,person109@northstar-clinical.example.com,CC-1109,DE
NST-PER-0110,Northstar SVP 110,SVP Security,NST-PER-0093,SVP,person110@northstar-clinical.example.com,CC-1110,IE
NST-PER-0111,Northstar SVP 111,SVP Finance,NST-PER-0094,SVP,person111@northstar-clinical.example.com,CC-1111,MX
NST-PER-0112,Northstar SVP 112,SVP ERP,NST-PER-0095,SVP,person112@northstar-clinical.example.com,CC-1112,CN
NST-PER-0113,Northstar SVP 113,SVP Quality,NST-PER-0096,SVP,person113@northstar-clinical.example.com,CC-1113,JP
NST-PER-0114,Northstar SVP 114,SVP Manufacturing,NST-PER-0097,SVP,person114@northstar-clinical.example.com,CC-1114,SG
NST-PER-0115,Northstar SVP 115,SVP HIS,NST-PER-0098,SVP,person115@northstar-clinical.example.com,CC-1115,BR
NST-PER-0116,Northstar SVP 116,SVP Product,NST-PER-0099,SVP,person116@northstar-clinical.example.com,CC-1116,FR
NST-PER-0117,Northstar SVP 117,SVP Security,NST-PER-0100,SVP,person117@northstar-clinical.example.com,CC-1117,GB
NST-PER-0118,Northstar SVP 118,SVP Finance,NST-PER-0101,SVP,person118@northstar-clinical.example.com,CC-1118,IN
NST-PER-0119,Northstar SVP 119,SVP ERP,NST-PER-0102,SVP,person119@northstar-clinical.example.com,CC-1119,CA
NST-PER-0120,Northstar SVP 120,SVP Quality,NST-PER-0103,SVP,person120@northstar-clinical.example.com,CC-1120,US
NST-PER-0121,Northstar SVP 121,SVP Manufacturing,NST-PER-0104,SVP,person121@northstar-clinical.example.com,CC-1121,DE
NST-PER-0122,Northstar SVP 122,SVP HIS,NST-PER-0105,SVP,person122@northstar-clinical.example.com,CC-1122,IE
NST-PER-0123,Northstar SVP 123,SVP Product,NST-PER-0106,SVP,person123@northstar-clinical.example.com,CC-1123,MX
NST-PER-0124,Northstar SVP 124,SVP Security,NST-PER-0107,SVP,person124@northstar-clinical.example.com,CC-1124,CN
NST-PER-0125,Northstar SVP 125,SVP Finance,NST-PER-0108,SVP,person125@northstar-clinical.example.com,CC-1125,JP
NST-PER-0126,Northstar SVP 126,SVP ERP,NST-PER-0109,SVP,person126@northstar-clinical.example.com,CC-1126,SG
NST-PER-0127,Northstar SVP 127,SVP Quality,NST-PER-0110,SVP,person127@northstar-clinical.example.com,CC-1127,BR
NST-PER-0128,Northstar SVP 128,SVP Manufacturing,NST-PER-0111,SVP,person128@northstar-clinical.example.com,CC-1128,FR
NST-PER-0129,Northstar SVP 129,SVP HIS,NST-PER-0112,SVP,person129@northstar-clinical.example.com,CC-1129,GB
NST-PER-0130,Northstar SVP 130,SVP Product,NST-PER-0113,SVP,person130@northstar-clinical.example.com,CC-1130,IN
NST-PER-0131,Northstar SVP 131,SVP Security,NST-PER-0114,SVP,person131@northstar-clinical.example.com,CC-1131,CA
NST-PER-0132,Northstar SVP 132,SVP Finance,NST-PER-0115,SVP,person132@northstar-clinical.example.com,CC-1132,US
NST-PER-0133,Northstar SVP 133,SVP ERP,NST-PER-0116,SVP,person133@northstar-clinical.example.com,CC-1133,DE
NST-PER-0134,Northstar SVP 134,SVP Quality,NST-PER-0117,SVP,person134@northstar-clinical.example.com,CC-1134,IE
NST-PER-0135,Northstar SVP 135,SVP Manufacturing,NST-PER-0118,SVP,person135@northstar-clinical.example.com,CC-1135,MX
NST-PER-0136,Northstar SVP 136,SVP HIS,NST-PER-0119,SVP,person136@northstar-clinical.example.com,CC-1136,CN
NST-PER-0137,Northstar SVP 137,SVP Product,NST-PER-0120,SVP,person137@northstar-clinical.example.com,CC-1137,JP
NST-PER-0138,Northstar SVP 138,SVP Security,NST-PER-0121,SVP,person138@northstar-clinical.example.com,CC-1138,SG
NST-PER-0139,Northstar SVP 139,SVP Finance,NST-PER-0122,SVP,person139@northstar-clinical.example.com,CC-1139,BR
NST-PER-0140,Northstar SVP 140,SVP ERP,NST-PER-0123,SVP,person140@northstar-clinical.example.com,CC-1140,FR
NST-PER-0141,Northstar SVP 141,SVP Quality,NST-PER-0124,SVP,person141@northstar-clinical.example.com,CC-1141,GB
NST-PER-0142,Northstar SVP 142,SVP Manufacturing,NST-PER-0125,SVP,person142@northstar-clinical.example.com,CC-1142,IN
NST-PER-0143,Northstar SVP 143,SVP HIS,NST-PER-0126,SVP,person143@northstar-clinical.example.com,CC-1143,CA
NST-PER-0144,Northstar SVP 144,SVP Product,NST-PER-0127,SVP,person144@northstar-clinical.example.com,CC-1144,US
NST-PER-0145,Northstar SVP 145,SVP Security,NST-PER-0128,SVP,person145@northstar-clinical.example.com,CC-1145,DE
NST-PER-0146,Northstar VP 146,VP Finance,NST-PER-0129,VP,person146@northstar-clinical.example.com,CC-1146,IE
NST-PER-0147,Northstar VP 147,VP ERP,NST-PER-0130,VP,person147@northstar-clinical.example.com,CC-1147,MX
NST-PER-0148,Northstar VP 148,VP Quality,NST-PER-0131,VP,person148@northstar-clinical.example.com,CC-1148,CN
NST-PER-0149,Northstar VP 149,VP Manufacturing,NST-PER-0132,VP,person149@northstar-clinical.example.com,CC-1149,JP
NST-PER-0150,Northstar VP 150,VP HIS,NST-PER-0133,VP,person150@northstar-clinical.example.com,CC-1150,SG
NST-PER-0151,Northstar VP 151,VP Product,NST-PER-0134,VP,person151@northstar-clinical.example.com,CC-1151,BR
NST-PER-0152,Northstar VP 152,VP Security,NST-PER-0135,VP,person152@northstar-clinical.example.com,CC-1152,FR
NST-PER-0153,Northstar VP 153,VP Finance,NST-PER-0136,VP,person153@northstar-clinical.example.com,CC-1153,GB
NST-PER-0154,Northstar VP 154,VP ERP,NST-PER-0137,VP,person154@northstar-clinical.example.com,CC-1154,IN
NST-PER-0155,Northstar VP 155,VP Quality,NST-PER-0138,VP,person155@northstar-clinical.example.com,CC-1155,CA
NST-PER-0156,Northstar VP 156,VP Manufacturing,NST-PER-0139,VP,person156@northstar-clinical.example.com,CC-1156,US
NST-PER-0157,Northstar VP 157,VP HIS,NST-PER-0140,VP,person157@northstar-clinical.example.com,CC-1157,DE
NST-PER-0158,Northstar VP 158,VP Product,NST-PER-0141,VP,person158@northstar-clinical.example.com,CC-1158,IE
NST-PER-0159,Northstar VP 159,VP Security,NST-PER-0142,VP,person159@northstar-clinical.example.com,CC-1159,MX
NST-PER-0160,Northstar VP 160,VP Finance,NST-PER-0143,VP,person160@northstar-clinical.example.com,CC-1160,CN
NST-PER-0161,Northstar VP 161,VP ERP,NST-PER-0144,VP,person161@northstar-clinical.example.com,CC-1161,JP
NST-PER-0162,Northstar VP 162,VP Quality,NST-PER-0145,VP,person162@northstar-clinical.example.com,CC-1162,SG
NST-PER-0163,Northstar VP 163,VP Manufacturing,NST-PER-0146,VP,person163@northstar-clinical.example.com,CC-1163,BR
NST-PER-0164,Northstar VP 164,VP HIS,NST-PER-0147,VP,person164@northstar-clinical.example.com,CC-1164,FR
NST-PER-0165,Northstar VP 165,VP Product,NST-PER-0148,VP,person165@northstar-clinical.example.com,CC-1165,GB
NST-PER-0166,Northstar VP 166,VP Security,NST-PER-0149,VP,person166@northstar-clinical.example.com,CC-1166,IN
NST-PER-0167,Northstar VP 167,VP Finance,NST-PER-0150,VP,person167@northstar-clinical.example.com,CC-1167,CA
NST-PER-0168,Northstar VP 168,VP ERP,NST-PER-0151,VP,person168@northstar-clinical.example.com,CC-1168,US
NST-PER-0169,Northstar VP 169,VP Quality,NST-PER-0152,VP,person169@northstar-clinical.example.com,CC-1169,DE
NST-PER-0170,Northstar VP 170,VP Manufacturing,NST-PER-0153,VP,person170@northstar-clinical.example.com,CC-1170,IE
NST-PER-0171,Northstar VP 171,VP HIS,NST-PER-0154,VP,person171@northstar-clinical.example.com,CC-1171,MX
NST-PER-0172,Northstar VP 172,VP Product,NST-PER-0155,VP,person172@northstar-clinical.example.com,CC-1172,CN
NST-PER-0173,Northstar VP 173,VP Security,NST-PER-0156,VP,person173@northstar-clinical.example.com,CC-1173,JP
NST-PER-0174,Northstar VP 174,VP Finance,NST-PER-0157,VP,person174@northstar-clinical.example.com,CC-1174,SG
NST-PER-0175,Northstar VP 175,VP ERP,NST-PER-0158,VP,person175@northstar-clinical.example.com,CC-1175,BR
NST-PER-0176,Northstar VP 176,VP Quality,NST-PER-0159,VP,person176@northstar-clinical.example.com,CC-1176,FR
NST-PER-0177,Northstar VP 177,VP Manufacturing,NST-PER-0160,VP,person177@northstar-clinical.example.com,CC-1177,GB
NST-PER-0178,Northstar VP 178,VP HIS,NST-PER-0161,VP,person178@northstar-clinical.example.com,CC-1178,IN
NST-PER-0179,Northstar VP 179,VP Product,NST-PER-0162,VP,person179@northstar-clinical.example.com,CC-1179,CA
NST-PER-0180,Northstar VP 180,VP Security,NST-PER-0163,VP,person180@northstar-clinical.example.com,CC-1180,US
NST-PER-0181,Northstar VP 181,VP Finance,NST-PER-0164,VP,person181@northstar-clinical.example.com,CC-1181,DE
NST-PER-0182,Northstar VP 182,VP ERP,NST-PER-0165,VP,person182@northstar-clinical.example.com,CC-1182,IE
NST-PER-0183,Northstar VP 183,VP Quality,NST-PER-0166,VP,person183@northstar-clinical.example.com,CC-1183,MX
NST-PER-0184,Northstar VP 184,VP Manufacturing,NST-PER-0167,VP,person184@northstar-clinical.example.com,CC-1184,CN
NST-PER-0185,Northstar VP 185,VP HIS,NST-PER-0168,VP,person185@northstar-clinical.example.com,CC-1185,JP
NST-PER-0186,Northstar VP 186,VP Product,NST-PER-0169,VP,person186@northstar-clinical.example.com,CC-1186,SG
NST-PER-0187,Northstar VP 187,VP Security,NST-PER-0170,VP,person187@northstar-clinical.example.com,CC-1187,BR
NST-PER-0188,Northstar VP 188,VP Finance,NST-PER-0171,VP,person188@northstar-clinical.example.com,CC-1188,FR
NST-PER-0189,Northstar VP 189,VP ERP,NST-PER-0172,VP,person189@northstar-clinical.example.com,CC-1189,GB
NST-PER-0190,Northstar VP 190,VP Quality,NST-PER-0173,VP,person190@northstar-clinical.example.com,CC-1190,IN
NST-PER-0191,Northstar VP 191,VP Manufacturing,NST-PER-0174,VP,person191@northstar-clinical.example.com,CC-1191,CA
NST-PER-0192,Northstar VP 192,VP HIS,NST-PER-0175,VP,person192@northstar-clinical.example.com,CC-1192,US
NST-PER-0193,Northstar VP 193,VP Product,NST-PER-0176,VP,person193@northstar-clinical.example.com,CC-1193,DE
NST-PER-0194,Northstar VP 194,VP Security,NST-PER-0177,VP,person194@northstar-clinical.example.com,CC-1194,IE
NST-PER-0195,Northstar VP 195,VP Finance,NST-PER-0178,VP,person195@northstar-clinical.example.com,CC-1195,MX
NST-PER-0196,Northstar VP 196,VP ERP,NST-PER-0179,VP,person196@northstar-clinical.example.com,CC-1196,CN
NST-PER-0197,Northstar VP 197,VP Quality,NST-PER-0180,VP,person197@northstar-clinical.example.com,CC-1197,JP
NST-PER-0198,Northstar VP 198,VP Manufacturing,NST-PER-0181,VP,person198@northstar-clinical.example.com,CC-1198,SG
NST-PER-0199,Northstar VP 199,VP HIS,NST-PER-0182,VP,person199@northstar-clinical.example.com,CC-1199,BR
NST-PER-0200,Northstar VP 200,VP Product,NST-PER-0183,VP,person200@northstar-clinical.example.com,CC-1200,FR
NST-PER-0201,Northstar VP 201,VP Security,NST-PER-0184,VP,person201@northstar-clinical.example.com,CC-1201,GB
NST-PER-0202,Northstar VP 202,VP Finance,NST-PER-0185,VP,person202@northstar-clinical.example.com,CC-1202,IN
NST-PER-0203,Northstar VP 203,VP ERP,NST-PER-0186,VP,person203@northstar-clinical.example.com,CC-1203,CA
NST-PER-0204,Northstar VP 204,VP Quality,NST-PER-0187,VP,person204@northstar-clinical.example.com,CC-1204,US
NST-PER-0205,Northstar VP 205,VP Manufacturing,NST-PER-0188,VP,person205@northstar-clinical.example.com,CC-1205,DE
NST-PER-0206,Northstar VP 206,VP HIS,NST-PER-0189,VP,person206@northstar-clinical.example.com,CC-1206,IE
NST-PER-0207,Northstar VP 207,VP Product,NST-PER-0190,VP,person207@northstar-clinical.example.com,CC-1207,MX
NST-PER-0208,Northstar VP 208,VP Security,NST-PER-0191,VP,person208@northstar-clinical.example.com,CC-1208,CN
NST-PER-0209,Northstar VP 209,VP Finance,NST-PER-0192,VP,person209@northstar-clinical.example.com,CC-1209,JP
NST-PER-0210,Northstar VP 210,VP ERP,NST-PER-0193,VP,person210@northstar-clinical.example.com,CC-1210,SG
NST-PER-0211,Northstar VP 211,VP Quality,NST-PER-0194,VP,person211@northstar-clinical.example.com,CC-1211,BR
NST-PER-0212,Northstar VP 212,VP Manufacturing,NST-PER-0195,VP,person212@northstar-clinical.example.com,CC-1212,FR
NST-PER-0213,Northstar VP 213,VP HIS,NST-PER-0196,VP,person213@northstar-clinical.example.com,CC-1213,GB
NST-PER-0214,Northstar VP 214,VP Product,NST-PER-0197,VP,person214@northstar-clinical.example.com,CC-1214,IN
NST-PER-0215,Northstar VP 215,VP Security,NST-PER-0198,VP,person215@northstar-clinical.example.com,CC-1215,CA
NST-PER-0216,Northstar Senior Director 216,Senior Director Finance,NST-PER-0199,Senior Director,person216@northstar-clinical.example.com,CC-1216,US
NST-PER-0217,Northstar Senior Director 217,Senior Director ERP,NST-PER-0200,Senior Director,person217@northstar-clinical.example.com,CC-1217,DE
NST-PER-0218,Northstar Senior Director 218,Senior Director Quality,NST-PER-0201,Senior Director,person218@northstar-clinical.example.com,CC-1218,IE
NST-PER-0219,Northstar Senior Director 219,Senior Director Manufacturing,NST-PER-0202,Senior Director,person219@northstar-clinical.example.com,CC-1219,MX
NST-PER-0220,Northstar Senior Director 220,Senior Director HIS,NST-PER-0203,Senior Director,person220@northstar-clinical.example.com,CC-1220,CN
NST-PER-0221,Northstar Senior Director 221,Senior Director Product,NST-PER-0204,Senior Director,person221@northstar-clinical.example.com,CC-1221,JP
NST-PER-0222,Northstar Senior Director 222,Senior Director Security,NST-PER-0205,Senior Director,person222@northstar-clinical.example.com,CC-1222,SG
NST-PER-0223,Northstar Senior Director 223,Senior Director Finance,NST-PER-0206,Senior Director,person223@northstar-clinical.example.com,CC-1223,BR
NST-PER-0224,Northstar Senior Director 224,Senior Director ERP,NST-PER-0207,Senior Director,person224@northstar-clinical.example.com,CC-1224,FR
NST-PER-0225,Northstar Senior Director 225,Senior Director Quality,NST-PER-0208,Senior Director,person225@northstar-clinical.example.com,CC-1225,GB
NST-PER-0226,Northstar Senior Director 226,Senior Director Manufacturing,NST-PER-0209,Senior Director,person226@northstar-clinical.example.com,CC-1226,IN
NST-PER-0227,Northstar Senior Director 227,Senior Director HIS,NST-PER-0210,Senior Director,person227@northstar-clinical.example.com,CC-1227,CA
NST-PER-0228,Northstar Senior Director 228,Senior Director Product,NST-PER-0211,Senior Director,person228@northstar-clinical.example.com,CC-1228,US
NST-PER-0229,Northstar Senior Director 229,Senior Director Security,NST-PER-0212,Senior Director,person229@northstar-clinical.example.com,CC-1229,DE
NST-PER-0230,Northstar Senior Director 230,Senior Director Finance,NST-PER-0213,Senior Director,person230@northstar-clinical.example.com,CC-1230,IE
NST-PER-0231,Northstar Senior Director 231,Senior Director ERP,NST-PER-0214,Senior Director,person231@northstar-clinical.example.com,CC-1231,MX
NST-PER-0232,Northstar Senior Director 232,Senior Director Quality,NST-PER-0215,Senior Director,person232@northstar-clinical.example.com,CC-1232,CN
NST-PER-0233,Northstar Senior Director 233,Senior Director Manufacturing,NST-PER-0216,Senior Director,person233@northstar-clinical.example.com,CC-1233,JP
NST-PER-0234,Northstar Senior Director 234,Senior Director HIS,NST-PER-0217,Senior Director,person234@northstar-clinical.example.com,CC-1234,SG
NST-PER-0235,Northstar Senior Director 235,Senior Director Product,NST-PER-0218,Senior Director,person235@northstar-clinical.example.com,CC-1235,BR
NST-PER-0236,Northstar Senior Director 236,Senior Director Security,NST-PER-0219,Senior Director,person236@northstar-clinical.example.com,CC-1236,FR
NST-PER-0237,Northstar Senior Director 237,Senior Director Finance,NST-PER-0220,Senior Director,person237@northstar-clinical.example.com,CC-1237,GB
NST-PER-0238,Northstar Senior Director 238,Senior Director ERP,NST-PER-0221,Senior Director,person238@northstar-clinical.example.com,CC-1238,IN
NST-PER-0239,Northstar Senior Director 239,Senior Director Quality,NST-PER-0222,Senior Director,person239@northstar-clinical.example.com,CC-1239,CA
NST-PER-0240,Northstar Senior Director 240,Senior Director Manufacturing,NST-PER-0223,Senior Director,person240@northstar-clinical.example.com,CC-1240,US
NST-PER-0241,Northstar Senior Director 241,Senior Director HIS,NST-PER-0224,Senior Director,person241@northstar-clinical.example.com,CC-1241,DE
NST-PER-0242,Northstar Senior Director 242,Senior Director Product,NST-PER-0225,Senior Director,person242@northstar-clinical.example.com,CC-1242,IE
NST-PER-0243,Northstar Senior Director 243,Senior Director Security,NST-PER-0226,Senior Director,person243@northstar-clinical.example.com,CC-1243,MX
NST-PER-0244,Northstar Senior Director 244,Senior Director Finance,NST-PER-0227,Senior Director,person244@northstar-clinical.example.com,CC-1244,CN
NST-PER-0245,Northstar Senior Director 245,Senior Director ERP,NST-PER-0228,Senior Director,person245@northstar-clinical.example.com,CC-1245,JP
NST-PER-0246,Northstar Senior Director 246,Senior Director Quality,NST-PER-0229,Senior Director,person246@northstar-clinical.example.com,CC-1246,SG
NST-PER-0247,Northstar Senior Director 247,Senior Director Manufacturing,NST-PER-0230,Senior Director,person247@northstar-clinical.example.com,CC-1247,BR
NST-PER-0248,Northstar Senior Director 248,Senior Director HIS,NST-PER-0231,Senior Director,person248@northstar-clinical.example.com,CC-1248,FR
NST-PER-0249,Northstar Senior Director 249,Senior Director Product,NST-PER-0232,Senior Director,person249@northstar-clinical.example.com,CC-1249,GB
NST-PER-0250,Northstar Senior Director 250,Senior Director Security,NST-PER-0233,Senior Director,person250@northstar-clinical.example.com,CC-1250,IN
NST-PER-0251,Northstar Senior Director 251,Senior Director Finance,NST-PER-0234,Senior Director,person251@northstar-clinical.example.com,CC-1251,CA
NST-PER-0252,Northstar Senior Director 252,Senior Director ERP,NST-PER-0235,Senior Director,person252@northstar-clinical.example.com,CC-1252,US
NST-PER-0253,Northstar Senior Director 253,Senior Director Quality,NST-PER-0236,Senior Director,person253@northstar-clinical.example.com,CC-1253,DE
NST-PER-0254,Northstar Senior Director 254,Senior Director Manufacturing,NST-PER-0237,Senior Director,person254@northstar-clinical.example.com,CC-1254,IE
NST-PER-0255,Northstar Senior Director 255,Senior Director HIS,NST-PER-0238,Senior Director,person255@northstar-clinical.example.com,CC-1255,MX
NST-PER-0256,Northstar Senior Director 256,Senior Director Product,NST-PER-0239,Senior Director,person256@northstar-clinical.example.com,CC-1256,CN
NST-PER-0257,Northstar Senior Director 257,Senior Director Security,NST-PER-0240,Senior Director,person257@northstar-clinical.example.com,CC-1257,JP
NST-PER-0258,Northstar Senior Director 258,Senior Director Finance,NST-PER-0241,Senior Director,person258@northstar-clinical.example.com,CC-1258,SG
NST-PER-0259,Northstar Senior Director 259,Senior Director ERP,NST-PER-0242,Senior Director,person259@northstar-clinical.example.com,CC-1259,BR
NST-PER-0260,Northstar Senior Director 260,Senior Director Quality,NST-PER-0243,Senior Director,person260@northstar-clinical.example.com,CC-1260,FR
NST-PER-0261,Northstar Senior Director 261,Senior Director Manufacturing,NST-PER-0244,Senior Director,person261@northstar-clinical.example.com,CC-1261,GB
NST-PER-0262,Northstar Senior Director 262,Senior Director HIS,NST-PER-0245,Senior Director,person262@northstar-clinical.example.com,CC-1262,IN
NST-PER-0263,Northstar Senior Director 263,Senior Director Product,NST-PER-0246,Senior Director,person263@northstar-clinical.example.com,CC-1263,CA
NST-PER-0264,Northstar Senior Director 264,Senior Director Security,NST-PER-0247,Senior Director,person264@northstar-clinical.example.com,CC-1264,US
NST-PER-0265,Northstar Senior Director 265,Senior Director Finance,NST-PER-0248,Senior Director,person265@northstar-clinical.example.com,CC-1265,DE
NST-PER-0266,Northstar Senior Director 266,Senior Director ERP,NST-PER-0249,Senior Director,person266@northstar-clinical.example.com,CC-1266,IE
NST-PER-0267,Northstar Senior Director 267,Senior Director Quality,NST-PER-0250,Senior Director,person267@northstar-clinical.example.com,CC-1267,MX
NST-PER-0268,Northstar Senior Director 268,Senior Director Manufacturing,NST-PER-0251,Senior Director,person268@northstar-clinical.example.com,CC-1268,CN
NST-PER-0269,Northstar Senior Director 269,Senior Director HIS,NST-PER-0252,Senior Director,person269@northstar-clinical.example.com,CC-1269,JP
NST-PER-0270,Northstar Senior Director 270,Senior Director Product,NST-PER-0253,Senior Director,person270@northstar-clinical.example.com,CC-1270,SG
NST-PER-0271,Northstar Senior Director 271,Senior Director Security,NST-PER-0254,Senior Director,person271@northstar-clinical.example.com,CC-1271,BR
NST-PER-0272,Northstar Senior Director 272,Senior Director Finance,NST-PER-0255,Senior Director,person272@northstar-clinical.example.com,CC-1272,FR
NST-PER-0273,Northstar Senior Director 273,Senior Director ERP,NST-PER-0256,Senior Director,person273@northstar-clinical.example.com,CC-1273,GB
NST-PER-0274,Northstar Senior Director 274,Senior Director Quality,NST-PER-0257,Senior Director,person274@northstar-clinical.example.com,CC-1274,IN
NST-PER-0275,Northstar Senior Director 275,Senior Director Manufacturing,NST-PER-0258,Senior Director,person275@northstar-clinical.example.com,CC-1275,CA
NST-PER-0276,Northstar Senior Director 276,Senior Director HIS,NST-PER-0259,Senior Director,person276@northstar-clinical.example.com,CC-1276,US
NST-PER-0277,Northstar Senior Director 277,Senior Director Product,NST-PER-0260,Senior Director,person277@northstar-clinical.example.com,CC-1277,DE
NST-PER-0278,Northstar Senior Director 278,Senior Director Security,NST-PER-0261,Senior Director,person278@northstar-clinical.example.com,CC-1278,IE
NST-PER-0279,Northstar Senior Director 279,Senior Director Finance,NST-PER-0262,Senior Director,person279@northstar-clinical.example.com,CC-1279,MX
NST-PER-0280,Northstar Senior Director 280,Senior Director ERP,NST-PER-0263,Senior Director,person280@northstar-clinical.example.com,CC-1000,CN
NST-PER-0281,Northstar Senior Director 281,Senior Director Quality,NST-PER-0264,Senior Director,person281@northstar-clinical.example.com,CC-1001,JP
NST-PER-0282,Northstar Senior Director 282,Senior Director Manufacturing,NST-PER-0265,Senior Director,person282@northstar-clinical.example.com,CC-1002,SG
NST-PER-0283,Northstar Senior Director 283,Senior Director HIS,NST-PER-0266,Senior Director,person283@northstar-clinical.example.com,CC-1003,BR
NST-PER-0284,Northstar Senior Director 284,Senior Director Product,NST-PER-0267,Senior Director,person284@northstar-clinical.example.com,CC-1004,FR
NST-PER-0285,Northstar Senior Director 285,Senior Director Security,NST-PER-0268,Senior Director,person285@northstar-clinical.example.com,CC-1005,GB
NST-PER-0286,Northstar Director 286,Director Finance,NST-PER-0269,Director,person286@northstar-clinical.example.com,CC-1006,IN
NST-PER-0287,Northstar Director 287,Director ERP,NST-PER-0270,Director,person287@northstar-clinical.example.com,CC-1007,CA
NST-PER-0288,Northstar Director 288,Director Quality,NST-PER-0271,Director,person288@northstar-clinical.example.com,CC-1008,US
NST-PER-0289,Northstar Director 289,Director Manufacturing,NST-PER-0272,Director,person289@northstar-clinical.example.com,CC-1009,DE
NST-PER-0290,Northstar Director 290,Director HIS,NST-PER-0273,Director,person290@northstar-clinical.example.com,CC-1010,IE
NST-PER-0291,Northstar Director 291,Director Product,NST-PER-0274,Director,person291@northstar-clinical.example.com,CC-1011,MX
NST-PER-0292,Northstar Director 292,Director Security,NST-PER-0275,Director,person292@northstar-clinical.example.com,CC-1012,CN
NST-PER-0293,Northstar Director 293,Director Finance,NST-PER-0276,Director,person293@northstar-clinical.example.com,CC-1013,JP
NST-PER-0294,Northstar Director 294,Director ERP,NST-PER-0277,Director,person294@northstar-clinical.example.com,CC-1014,SG
NST-PER-0295,Northstar Director 295,Director Quality,NST-PER-0278,Director,person295@northstar-clinical.example.com,CC-1015,BR
NST-PER-0296,Northstar Director 296,Director Manufacturing,NST-PER-0279,Director,person296@northstar-clinical.example.com,CC-1016,FR
NST-PER-0297,Northstar Director 297,Director HIS,NST-PER-0280,Director,person297@northstar-clinical.example.com,CC-1017,GB
NST-PER-0298,Northstar Director 298,Director Product,NST-PER-0281,Director,person298@northstar-clinical.example.com,CC-1018,IN
NST-PER-0299,Northstar Director 299,Director Security,NST-PER-0282,Director,person299@northstar-clinical.example.com,CC-1019,CA
NST-PER-0300,Northstar Director 300,Director Finance,NST-PER-0283,Director,person300@northstar-clinical.example.com,CC-1020,US
NST-PER-0301,Northstar Director 301,Director ERP,NST-PER-0284,Director,person301@northstar-clinical.example.com,CC-1021,DE
NST-PER-0302,Northstar Director 302,Director Quality,NST-PER-0285,Director,person302@northstar-clinical.example.com,CC-1022,IE
NST-PER-0303,Northstar Director 303,Director Manufacturing,NST-PER-0286,Director,person303@northstar-clinical.example.com,CC-1023,MX
NST-PER-0304,Northstar Director 304,Director HIS,NST-PER-0287,Director,person304@northstar-clinical.example.com,CC-1024,CN
NST-PER-0305,Northstar Director 305,Director Product,NST-PER-0288,Director,person305@northstar-clinical.example.com,CC-1025,JP
NST-PER-0306,Northstar Director 306,Director Security,NST-PER-0289,Director,person306@northstar-clinical.example.com,CC-1026,SG
NST-PER-0307,Northstar Director 307,Director Finance,NST-PER-0290,Director,person307@northstar-clinical.example.com,CC-1027,BR
NST-PER-0308,Northstar Director 308,Director ERP,NST-PER-0291,Director,person308@northstar-clinical.example.com,CC-1028,FR
NST-PER-0309,Northstar Director 309,Director Quality,NST-PER-0292,Director,person309@northstar-clinical.example.com,CC-1029,GB
NST-PER-0310,Northstar Director 310,Director Manufacturing,NST-PER-0293,Director,person310@northstar-clinical.example.com,CC-1030,IN
NST-PER-0311,Northstar Director 311,Director HIS,NST-PER-0294,Director,person311@northstar-clinical.example.com,CC-1031,CA
NST-PER-0312,Northstar Director 312,Director Product,NST-PER-0295,Director,person312@northstar-clinical.example.com,CC-1032,US
NST-PER-0313,Northstar Director 313,Director Security,NST-PER-0296,Director,person313@northstar-clinical.example.com,CC-1033,DE
NST-PER-0314,Northstar Director 314,Director Finance,NST-PER-0297,Director,person314@northstar-clinical.example.com,CC-1034,IE
NST-PER-0315,Northstar Director 315,Director ERP,NST-PER-0298,Director,person315@northstar-clinical.example.com,CC-1035,MX
NST-PER-0316,Northstar Director 316,Director Quality,NST-PER-0299,Director,person316@northstar-clinical.example.com,CC-1036,CN
NST-PER-0317,Northstar Director 317,Director Manufacturing,NST-PER-0300,Director,person317@northstar-clinical.example.com,CC-1037,JP
NST-PER-0318,Northstar Director 318,Director HIS,NST-PER-0301,Director,person318@northstar-clinical.example.com,CC-1038,SG
NST-PER-0319,Northstar Director 319,Director Product,NST-PER-0302,Director,person319@northstar-clinical.example.com,CC-1039,BR
NST-PER-0320,Northstar Director 320,Director Security,NST-PER-0303,Director,person320@northstar-clinical.example.com,CC-1040,FR
NST-PER-0321,Northstar Director 321,Director Finance,NST-PER-0304,Director,person321@northstar-clinical.example.com,CC-1041,GB
NST-PER-0322,Northstar Director 322,Director ERP,NST-PER-0305,Director,person322@northstar-clinical.example.com,CC-1042,IN
NST-PER-0323,Northstar Director 323,Director Quality,NST-PER-0306,Director,person323@northstar-clinical.example.com,CC-1043,CA
NST-PER-0324,Northstar Director 324,Director Manufacturing,NST-PER-0307,Director,person324@northstar-clinical.example.com,CC-1044,US
NST-PER-0325,Northstar Director 325,Director HIS,NST-PER-0308,Director,person325@northstar-clinical.example.com,CC-1045,DE
NST-PER-0326,Northstar Director 326,Director Product,NST-PER-0309,Director,person326@northstar-clinical.example.com,CC-1046,IE
NST-PER-0327,Northstar Director 327,Director Security,NST-PER-0310,Director,person327@northstar-clinical.example.com,CC-1047,MX
NST-PER-0328,Northstar Director 328,Director Finance,NST-PER-0311,Director,person328@northstar-clinical.example.com,CC-1048,CN
NST-PER-0329,Northstar Director 329,Director ERP,NST-PER-0312,Director,person329@northstar-clinical.example.com,CC-1049,JP
NST-PER-0330,Northstar Director 330,Director Quality,NST-PER-0313,Director,person330@northstar-clinical.example.com,CC-1050,SG
NST-PER-0331,Northstar Director 331,Director Manufacturing,NST-PER-0314,Director,person331@northstar-clinical.example.com,CC-1051,BR
NST-PER-0332,Northstar Director 332,Director HIS,NST-PER-0315,Director,person332@northstar-clinical.example.com,CC-1052,FR
NST-PER-0333,Northstar Director 333,Director Product,NST-PER-0316,Director,person333@northstar-clinical.example.com,CC-1053,GB
NST-PER-0334,Northstar Director 334,Director Security,NST-PER-0317,Director,person334@northstar-clinical.example.com,CC-1054,IN
NST-PER-0335,Northstar Director 335,Director Finance,NST-PER-0318,Director,person335@northstar-clinical.example.com,CC-1055,CA
NST-PER-0336,Northstar Director 336,Director ERP,NST-PER-0319,Director,person336@northstar-clinical.example.com,CC-1056,US
NST-PER-0337,Northstar Director 337,Director Quality,NST-PER-0320,Director,person337@northstar-clinical.example.com,CC-1057,DE
NST-PER-0338,Northstar Director 338,Director Manufacturing,NST-PER-0321,Director,person338@northstar-clinical.example.com,CC-1058,IE
NST-PER-0339,Northstar Director 339,Director HIS,NST-PER-0322,Director,person339@northstar-clinical.example.com,CC-1059,MX
NST-PER-0340,Northstar Director 340,Director Product,NST-PER-0323,Director,person340@northstar-clinical.example.com,CC-1060,CN
NST-PER-0341,Northstar Director 341,Director Security,NST-PER-0324,Director,person341@northstar-clinical.example.com,CC-1061,JP
NST-PER-0342,Northstar Director 342,Director Finance,NST-PER-0325,Director,person342@northstar-clinical.example.com,CC-1062,SG
NST-PER-0343,Northstar Director 343,Director ERP,NST-PER-0326,Director,person343@northstar-clinical.example.com,CC-1063,BR
NST-PER-0344,Northstar Director 344,Director Quality,NST-PER-0327,Director,person344@northstar-clinical.example.com,CC-1064,FR
NST-PER-0345,Northstar Director 345,Director Manufacturing,NST-PER-0328,Director,person345@northstar-clinical.example.com,CC-1065,GB
NST-PER-0346,Northstar Director 346,Director HIS,NST-PER-0329,Director,person346@northstar-clinical.example.com,CC-1066,IN
NST-PER-0347,Northstar Director 347,Director Product,NST-PER-0330,Director,person347@northstar-clinical.example.com,CC-1067,CA
NST-PER-0348,Northstar Director 348,Director Security,NST-PER-0331,Director,person348@northstar-clinical.example.com,CC-1068,US
NST-PER-0349,Northstar Director 349,Director Finance,NST-PER-0332,Director,person349@northstar-clinical.example.com,CC-1069,DE
NST-PER-0350,Northstar Director 350,Director ERP,NST-PER-0333,Director,person350@northstar-clinical.example.com,CC-1070,IE
NST-PER-0351,Northstar Director 351,Director Quality,NST-PER-0334,Director,person351@northstar-clinical.example.com,CC-1071,MX
NST-PER-0352,Northstar Director 352,Director Manufacturing,NST-PER-0335,Director,person352@northstar-clinical.example.com,CC-1072,CN
NST-PER-0353,Northstar Director 353,Director HIS,NST-PER-0336,Director,person353@northstar-clinical.example.com,CC-1073,JP
NST-PER-0354,Northstar Director 354,Director Product,NST-PER-0337,Director,person354@northstar-clinical.example.com,CC-1074,SG
NST-PER-0355,Northstar Director 355,Director Security,NST-PER-0338,Director,person355@northstar-clinical.example.com,CC-1075,BR
NST-PER-0356,Northstar Senior Manager 356,Senior Manager Finance,NST-PER-0339,Senior Manager,person356@northstar-clinical.example.com,CC-1076,FR
NST-PER-0357,Northstar Senior Manager 357,Senior Manager ERP,NST-PER-0340,Senior Manager,person357@northstar-clinical.example.com,CC-1077,GB
NST-PER-0358,Northstar Senior Manager 358,Senior Manager Quality,NST-PER-0341,Senior Manager,person358@northstar-clinical.example.com,CC-1078,IN
NST-PER-0359,Northstar Senior Manager 359,Senior Manager Manufacturing,NST-PER-0342,Senior Manager,person359@northstar-clinical.example.com,CC-1079,CA
NST-PER-0360,Northstar Senior Manager 360,Senior Manager HIS,NST-PER-0343,Senior Manager,person360@northstar-clinical.example.com,CC-1080,US
NST-PER-0361,Northstar Senior Manager 361,Senior Manager Product,NST-PER-0344,Senior Manager,person361@northstar-clinical.example.com,CC-1081,DE
NST-PER-0362,Northstar Senior Manager 362,Senior Manager Security,NST-PER-0345,Senior Manager,person362@northstar-clinical.example.com,CC-1082,IE
NST-PER-0363,Northstar Senior Manager 363,Senior Manager Finance,NST-PER-0346,Senior Manager,person363@northstar-clinical.example.com,CC-1083,MX
NST-PER-0364,Northstar Senior Manager 364,Senior Manager ERP,NST-PER-0347,Senior Manager,person364@northstar-clinical.example.com,CC-1084,CN
NST-PER-0365,Northstar Senior Manager 365,Senior Manager Quality,NST-PER-0348,Senior Manager,person365@northstar-clinical.example.com,CC-1085,JP
NST-PER-0366,Northstar Senior Manager 366,Senior Manager Manufacturing,NST-PER-0349,Senior Manager,person366@northstar-clinical.example.com,CC-1086,SG
NST-PER-0367,Northstar Senior Manager 367,Senior Manager HIS,NST-PER-0350,Senior Manager,person367@northstar-clinical.example.com,CC-1087,BR
NST-PER-0368,Northstar Senior Manager 368,Senior Manager Product,NST-PER-0351,Senior Manager,person368@northstar-clinical.example.com,CC-1088,FR
NST-PER-0369,Northstar Senior Manager 369,Senior Manager Security,NST-PER-0352,Senior Manager,person369@northstar-clinical.example.com,CC-1089,GB
NST-PER-0370,Northstar Senior Manager 370,Senior Manager Finance,NST-PER-0353,Senior Manager,person370@northstar-clinical.example.com,CC-1090,IN
NST-PER-0371,Northstar Senior Manager 371,Senior Manager ERP,NST-PER-0354,Senior Manager,person371@northstar-clinical.example.com,CC-1091,CA
NST-PER-0372,Northstar Senior Manager 372,Senior Manager Quality,NST-PER-0355,Senior Manager,person372@northstar-clinical.example.com,CC-1092,US
NST-PER-0373,Northstar Senior Manager 373,Senior Manager Manufacturing,NST-PER-0356,Senior Manager,person373@northstar-clinical.example.com,CC-1093,DE
NST-PER-0374,Northstar Senior Manager 374,Senior Manager HIS,NST-PER-0357,Senior Manager,person374@northstar-clinical.example.com,CC-1094,IE
NST-PER-0375,Northstar Senior Manager 375,Senior Manager Product,NST-PER-0358,Senior Manager,person375@northstar-clinical.example.com,CC-1095,MX
NST-PER-0376,Northstar Senior Manager 376,Senior Manager Security,NST-PER-0359,Senior Manager,person376@northstar-clinical.example.com,CC-1096,CN
NST-PER-0377,Northstar Senior Manager 377,Senior Manager Finance,NST-PER-0360,Senior Manager,person377@northstar-clinical.example.com,CC-1097,JP
NST-PER-0378,Northstar Senior Manager 378,Senior Manager ERP,NST-PER-0361,Senior Manager,person378@northstar-clinical.example.com,CC-1098,SG
NST-PER-0379,Northstar Senior Manager 379,Senior Manager Quality,NST-PER-0362,Senior Manager,person379@northstar-clinical.example.com,CC-1099,BR
NST-PER-0380,Northstar Senior Manager 380,Senior Manager Manufacturing,NST-PER-0363,Senior Manager,person380@northstar-clinical.example.com,CC-1100,FR
NST-PER-0381,Northstar Senior Manager 381,Senior Manager HIS,NST-PER-0364,Senior Manager,person381@northstar-clinical.example.com,CC-1101,GB
NST-PER-0382,Northstar Senior Manager 382,Senior Manager Product,NST-PER-0365,Senior Manager,person382@northstar-clinical.example.com,CC-1102,IN
NST-PER-0383,Northstar Senior Manager 383,Senior Manager Security,NST-PER-0366,Senior Manager,person383@northstar-clinical.example.com,CC-1103,CA
NST-PER-0384,Northstar Senior Manager 384,Senior Manager Finance,NST-PER-0367,Senior Manager,person384@northstar-clinical.example.com,CC-1104,US
NST-PER-0385,Northstar Senior Manager 385,Senior Manager ERP,NST-PER-0368,Senior Manager,person385@northstar-clinical.example.com,CC-1105,DE
NST-PER-0386,Northstar Senior Manager 386,Senior Manager Quality,NST-PER-0369,Senior Manager,person386@northstar-clinical.example.com,CC-1106,IE
NST-PER-0387,Northstar Senior Manager 387,Senior Manager Manufacturing,NST-PER-0370,Senior Manager,person387@northstar-clinical.example.com,CC-1107,MX
NST-PER-0388,Northstar Senior Manager 388,Senior Manager HIS,NST-PER-0371,Senior Manager,person388@northstar-clinical.example.com,CC-1108,CN
NST-PER-0389,Northstar Senior Manager 389,Senior Manager Product,NST-PER-0372,Senior Manager,person389@northstar-clinical.example.com,CC-1109,JP
NST-PER-0390,Northstar Senior Manager 390,Senior Manager Security,NST-PER-0373,Senior Manager,person390@northstar-clinical.example.com,CC-1110,SG
NST-PER-0391,Northstar Senior Manager 391,Senior Manager Finance,NST-PER-0374,Senior Manager,person391@northstar-clinical.example.com,CC-1111,BR
NST-PER-0392,Northstar Senior Manager 392,Senior Manager ERP,NST-PER-0375,Senior Manager,person392@northstar-clinical.example.com,CC-1112,FR
NST-PER-0393,Northstar Senior Manager 393,Senior Manager Quality,NST-PER-0376,Senior Manager,person393@northstar-clinical.example.com,CC-1113,GB
NST-PER-0394,Northstar Senior Manager 394,Senior Manager Manufacturing,NST-PER-0377,Senior Manager,person394@northstar-clinical.example.com,CC-1114,IN
NST-PER-0395,Northstar Senior Manager 395,Senior Manager HIS,NST-PER-0378,Senior Manager,person395@northstar-clinical.example.com,CC-1115,CA
NST-PER-0396,Northstar Senior Manager 396,Senior Manager Product,NST-PER-0379,Senior Manager,person396@northstar-clinical.example.com,CC-1116,US
NST-PER-0397,Northstar Senior Manager 397,Senior Manager Security,NST-PER-0380,Senior Manager,person397@northstar-clinical.example.com,CC-1117,DE
NST-PER-0398,Northstar Senior Manager 398,Senior Manager Finance,NST-PER-0381,Senior Manager,person398@northstar-clinical.example.com,CC-1118,IE
NST-PER-0399,Northstar Senior Manager 399,Senior Manager ERP,NST-PER-0382,Senior Manager,person399@northstar-clinical.example.com,CC-1119,MX
NST-PER-0400,Northstar Senior Manager 400,Senior Manager Quality,NST-PER-0383,Senior Manager,person400@northstar-clinical.example.com,CC-1120,CN
NST-PER-0401,Northstar Senior Manager 401,Senior Manager Manufacturing,NST-PER-0384,Senior Manager,person401@northstar-clinical.example.com,CC-1121,JP
NST-PER-0402,Northstar Senior Manager 402,Senior Manager HIS,NST-PER-0385,Senior Manager,person402@northstar-clinical.example.com,CC-1122,SG
NST-PER-0403,Northstar Senior Manager 403,Senior Manager Product,NST-PER-0386,Senior Manager,person403@northstar-clinical.example.com,CC-1123,BR
NST-PER-0404,Northstar Senior Manager 404,Senior Manager Security,NST-PER-0387,Senior Manager,person404@northstar-clinical.example.com,CC-1124,FR
NST-PER-0405,Northstar Senior Manager 405,Senior Manager Finance,NST-PER-0388,Senior Manager,person405@northstar-clinical.example.com,CC-1125,GB
NST-PER-0406,Northstar Senior Manager 406,Senior Manager ERP,NST-PER-0389,Senior Manager,person406@northstar-clinical.example.com,CC-1126,IN
NST-PER-0407,Northstar Senior Manager 407,Senior Manager Quality,NST-PER-0390,Senior Manager,person407@northstar-clinical.example.com,CC-1127,CA
NST-PER-0408,Northstar Senior Manager 408,Senior Manager Manufacturing,NST-PER-0391,Senior Manager,person408@northstar-clinical.example.com,CC-1128,US
NST-PER-0409,Northstar Senior Manager 409,Senior Manager HIS,NST-PER-0392,Senior Manager,person409@northstar-clinical.example.com,CC-1129,DE
NST-PER-0410,Northstar Senior Manager 410,Senior Manager Product,NST-PER-0393,Senior Manager,person410@northstar-clinical.example.com,CC-1130,IE
NST-PER-0411,Northstar Senior Manager 411,Senior Manager Security,NST-PER-0394,Senior Manager,person411@northstar-clinical.example.com,CC-1131,MX
NST-PER-0412,Northstar Senior Manager 412,Senior Manager Finance,NST-PER-0395,Senior Manager,person412@northstar-clinical.example.com,CC-1132,CN
NST-PER-0413,Northstar Senior Manager 413,Senior Manager ERP,NST-PER-0396,Senior Manager,person413@northstar-clinical.example.com,CC-1133,JP
NST-PER-0414,Northstar Senior Manager 414,Senior Manager Quality,NST-PER-0397,Senior Manager,person414@northstar-clinical.example.com,CC-1134,SG
NST-PER-0415,Northstar Senior Manager 415,Senior Manager Manufacturing,NST-PER-0398,Senior Manager,person415@northstar-clinical.example.com,CC-1135,BR
NST-PER-0416,Northstar Senior Manager 416,Senior Manager HIS,NST-PER-0399,Senior Manager,person416@northstar-clinical.example.com,CC-1136,FR
NST-PER-0417,Northstar Senior Manager 417,Senior Manager Product,NST-PER-0400,Senior Manager,person417@northstar-clinical.example.com,CC-1137,GB
NST-PER-0418,Northstar Senior Manager 418,Senior Manager Security,NST-PER-0401,Senior Manager,person418@northstar-clinical.example.com,CC-1138,IN
NST-PER-0419,Northstar Senior Manager 419,Senior Manager Finance,NST-PER-0402,Senior Manager,person419@northstar-clinical.example.com,CC-1139,CA
NST-PER-0420,Northstar Senior Manager 420,Senior Manager ERP,NST-PER-0403,Senior Manager,person420@northstar-clinical.example.com,CC-1140,US
NST-PER-0421,Northstar Senior Manager 421,Senior Manager Quality,NST-PER-0404,Senior Manager,person421@northstar-clinical.example.com,CC-1141,DE
NST-PER-0422,Northstar Senior Manager 422,Senior Manager Manufacturing,NST-PER-0405,Senior Manager,person422@northstar-clinical.example.com,CC-1142,IE
NST-PER-0423,Northstar Senior Manager 423,Senior Manager HIS,NST-PER-0406,Senior Manager,person423@northstar-clinical.example.com,CC-1143,MX
NST-PER-0424,Northstar Senior Manager 424,Senior Manager Product,NST-PER-0407,Senior Manager,person424@northstar-clinical.example.com,CC-1144,CN
NST-PER-0425,Northstar Senior Manager 425,Senior Manager Security,NST-PER-0408,Senior Manager,person425@northstar-clinical.example.com,CC-1145,JP
NST-PER-0426,Northstar Manager 426,Manager Finance,NST-PER-0409,Manager,person426@northstar-clinical.example.com,CC-1146,SG
NST-PER-0427,Northstar Manager 427,Manager ERP,NST-PER-0410,Manager,person427@northstar-clinical.example.com,CC-1147,BR
NST-PER-0428,Northstar Manager 428,Manager Quality,NST-PER-0411,Manager,person428@northstar-clinical.example.com,CC-1148,FR
NST-PER-0429,Northstar Manager 429,Manager Manufacturing,NST-PER-0412,Manager,person429@northstar-clinical.example.com,CC-1149,GB
NST-PER-0430,Northstar Manager 430,Manager HIS,NST-PER-0413,Manager,person430@northstar-clinical.example.com,CC-1150,IN
NST-PER-0431,Northstar Manager 431,Manager Product,NST-PER-0414,Manager,person431@northstar-clinical.example.com,CC-1151,CA
NST-PER-0432,Northstar Manager 432,Manager Security,NST-PER-0415,Manager,person432@northstar-clinical.example.com,CC-1152,US
NST-PER-0433,Northstar Manager 433,Manager Finance,NST-PER-0416,Manager,person433@northstar-clinical.example.com,CC-1153,DE
NST-PER-0434,Northstar Manager 434,Manager ERP,NST-PER-0417,Manager,person434@northstar-clinical.example.com,CC-1154,IE
NST-PER-0435,Northstar Manager 435,Manager Quality,NST-PER-0418,Manager,person435@northstar-clinical.example.com,CC-1155,MX
NST-PER-0436,Northstar Manager 436,Manager Manufacturing,NST-PER-0419,Manager,person436@northstar-clinical.example.com,CC-1156,CN
NST-PER-0437,Northstar Manager 437,Manager HIS,NST-PER-0420,Manager,person437@northstar-clinical.example.com,CC-1157,JP
NST-PER-0438,Northstar Manager 438,Manager Product,NST-PER-0421,Manager,person438@northstar-clinical.example.com,CC-1158,SG
NST-PER-0439,Northstar Manager 439,Manager Security,NST-PER-0422,Manager,person439@northstar-clinical.example.com,CC-1159,BR
NST-PER-0440,Northstar Manager 440,Manager Finance,NST-PER-0423,Manager,person440@northstar-clinical.example.com,CC-1160,FR
NST-PER-0441,Northstar Manager 441,Manager ERP,NST-PER-0424,Manager,person441@northstar-clinical.example.com,CC-1161,GB
NST-PER-0442,Northstar Manager 442,Manager Quality,NST-PER-0425,Manager,person442@northstar-clinical.example.com,CC-1162,IN
NST-PER-0443,Northstar Manager 443,Manager Manufacturing,NST-PER-0426,Manager,person443@northstar-clinical.example.com,CC-1163,CA
NST-PER-0444,Northstar Manager 444,Manager HIS,NST-PER-0427,Manager,person444@northstar-clinical.example.com,CC-1164,US
NST-PER-0445,Northstar Manager 445,Manager Product,NST-PER-0428,Manager,person445@northstar-clinical.example.com,CC-1165,DE
NST-PER-0446,Northstar Manager 446,Manager Security,NST-PER-0429,Manager,person446@northstar-clinical.example.com,CC-1166,IE
NST-PER-0447,Northstar Manager 447,Manager Finance,NST-PER-0430,Manager,person447@northstar-clinical.example.com,CC-1167,MX
NST-PER-0448,Northstar Manager 448,Manager ERP,NST-PER-0431,Manager,person448@northstar-clinical.example.com,CC-1168,CN
NST-PER-0449,Northstar Manager 449,Manager Quality,NST-PER-0432,Manager,person449@northstar-clinical.example.com,CC-1169,JP
NST-PER-0450,Northstar Manager 450,Manager Manufacturing,NST-PER-0433,Manager,person450@northstar-clinical.example.com,CC-1170,SG
NST-PER-0451,Northstar Manager 451,Manager HIS,NST-PER-0434,Manager,person451@northstar-clinical.example.com,CC-1171,BR
NST-PER-0452,Northstar Manager 452,Manager Product,NST-PER-0435,Manager,person452@northstar-clinical.example.com,CC-1172,FR
NST-PER-0453,Northstar Manager 453,Manager Security,NST-PER-0436,Manager,person453@northstar-clinical.example.com,CC-1173,GB
NST-PER-0454,Northstar Manager 454,Manager Finance,NST-PER-0437,Manager,person454@northstar-clinical.example.com,CC-1174,IN
NST-PER-0455,Northstar Manager 455,Manager ERP,NST-PER-0438,Manager,person455@northstar-clinical.example.com,CC-1175,CA
NST-PER-0456,Northstar Manager 456,Manager Quality,NST-PER-0439,Manager,person456@northstar-clinical.example.com,CC-1176,US
NST-PER-0457,Northstar Manager 457,Manager Manufacturing,NST-PER-0440,Manager,person457@northstar-clinical.example.com,CC-1177,DE
NST-PER-0458,Northstar Manager 458,Manager HIS,NST-PER-0441,Manager,person458@northstar-clinical.example.com,CC-1178,IE
NST-PER-0459,Northstar Manager 459,Manager Product,NST-PER-0442,Manager,person459@northstar-clinical.example.com,CC-1179,MX
NST-PER-0460,Northstar Manager 460,Manager Security,NST-PER-0443,Manager,person460@northstar-clinical.example.com,CC-1180,CN
NST-PER-0461,Northstar Manager 461,Manager Finance,NST-PER-0444,Manager,person461@northstar-clinical.example.com,CC-1181,JP
NST-PER-0462,Northstar Manager 462,Manager ERP,NST-PER-0445,Manager,person462@northstar-clinical.example.com,CC-1182,SG
NST-PER-0463,Northstar Manager 463,Manager Quality,NST-PER-0446,Manager,person463@northstar-clinical.example.com,CC-1183,BR
NST-PER-0464,Northstar Manager 464,Manager Manufacturing,NST-PER-0447,Manager,person464@northstar-clinical.example.com,CC-1184,FR
NST-PER-0465,Northstar Manager 465,Manager HIS,NST-PER-0448,Manager,person465@northstar-clinical.example.com,CC-1185,GB
NST-PER-0466,Northstar Manager 466,Manager Product,NST-PER-0449,Manager,person466@northstar-clinical.example.com,CC-1186,IN
NST-PER-0467,Northstar Manager 467,Manager Security,NST-PER-0450,Manager,person467@northstar-clinical.example.com,CC-1187,CA
NST-PER-0468,Northstar Manager 468,Manager Finance,NST-PER-0451,Manager,person468@northstar-clinical.example.com,CC-1188,US
NST-PER-0469,Northstar Manager 469,Manager ERP,NST-PER-0452,Manager,person469@northstar-clinical.example.com,CC-1189,DE
NST-PER-0470,Northstar Manager 470,Manager Quality,NST-PER-0453,Manager,person470@northstar-clinical.example.com,CC-1190,IE
NST-PER-0471,Northstar Manager 471,Manager Manufacturing,NST-PER-0454,Manager,person471@northstar-clinical.example.com,CC-1191,MX
NST-PER-0472,Northstar Manager 472,Manager HIS,NST-PER-0455,Manager,person472@northstar-clinical.example.com,CC-1192,CN
NST-PER-0473,Northstar Manager 473,Manager Product,NST-PER-0456,Manager,person473@northstar-clinical.example.com,CC-1193,JP
NST-PER-0474,Northstar Manager 474,Manager Security,NST-PER-0457,Manager,person474@northstar-clinical.example.com,CC-1194,SG
NST-PER-0475,Northstar Manager 475,Manager Finance,NST-PER-0458,Manager,person475@northstar-clinical.example.com,CC-1195,BR
NST-PER-0476,Northstar Manager 476,Manager ERP,NST-PER-0459,Manager,person476@northstar-clinical.example.com,CC-1196,FR
NST-PER-0477,Northstar Manager 477,Manager Quality,NST-PER-0460,Manager,person477@northstar-clinical.example.com,CC-1197,GB
NST-PER-0478,Northstar Manager 478,Manager Manufacturing,NST-PER-0461,Manager,person478@northstar-clinical.example.com,CC-1198,IN
NST-PER-0479,Northstar Manager 479,Manager HIS,NST-PER-0462,Manager,person479@northstar-clinical.example.com,CC-1199,CA
NST-PER-0480,Northstar Manager 480,Manager Product,NST-PER-0463,Manager,person480@northstar-clinical.example.com,CC-1200,US
NST-PER-0481,Northstar Manager 481,Manager Security,NST-PER-0464,Manager,person481@northstar-clinical.example.com,CC-1201,DE
NST-PER-0482,Northstar Manager 482,Manager Finance,NST-PER-0465,Manager,person482@northstar-clinical.example.com,CC-1202,IE
NST-PER-0483,Northstar Manager 483,Manager ERP,NST-PER-0466,Manager,person483@northstar-clinical.example.com,CC-1203,MX
NST-PER-0484,Northstar Manager 484,Manager Quality,NST-PER-0467,Manager,person484@northstar-clinical.example.com,CC-1204,CN
NST-PER-0485,Northstar Manager 485,Manager Manufacturing,NST-PER-0468,Manager,person485@northstar-clinical.example.com,CC-1205,JP
NST-PER-0486,Northstar Manager 486,Manager HIS,NST-PER-0469,Manager,person486@northstar-clinical.example.com,CC-1206,SG
NST-PER-0487,Northstar Manager 487,Manager Product,NST-PER-0470,Manager,person487@northstar-clinical.example.com,CC-1207,BR
NST-PER-0488,Northstar Manager 488,Manager Security,NST-PER-0471,Manager,person488@northstar-clinical.example.com,CC-1208,FR
NST-PER-0489,Northstar Manager 489,Manager Finance,NST-PER-0472,Manager,person489@northstar-clinical.example.com,CC-1209,GB
NST-PER-0490,Northstar Manager 490,Manager ERP,NST-PER-0473,Manager,person490@northstar-clinical.example.com,CC-1210,IN
NST-PER-0491,Northstar Manager 491,Manager Quality,NST-PER-0474,Manager,person491@northstar-clinical.example.com,CC-1211,CA
NST-PER-0492,Northstar Manager 492,Manager Manufacturing,NST-PER-0475,Manager,person492@northstar-clinical.example.com,CC-1212,US
NST-PER-0493,Northstar Manager 493,Manager HIS,NST-PER-0476,Manager,person493@northstar-clinical.example.com,CC-1213,DE
NST-PER-0494,Northstar Manager 494,Manager Product,NST-PER-0477,Manager,person494@northstar-clinical.example.com,CC-1214,IE
NST-PER-0495,Northstar Manager 495,Manager Security,NST-PER-0478,Manager,person495@northstar-clinical.example.com,CC-1215,MX
NST-PER-0496,Northstar Lead 496,Lead Finance,NST-PER-0479,Lead,person496@northstar-clinical.example.com,CC-1216,CN
NST-PER-0497,Northstar Lead 497,Lead ERP,NST-PER-0480,Lead,person497@northstar-clinical.example.com,CC-1217,JP
NST-PER-0498,Northstar Lead 498,Lead Quality,NST-PER-0481,Lead,person498@northstar-clinical.example.com,CC-1218,SG
NST-PER-0499,Northstar Lead 499,Lead Manufacturing,NST-PER-0482,Lead,person499@northstar-clinical.example.com,CC-1219,BR
NST-PER-0500,Northstar Lead 500,Lead HIS,NST-PER-0483,Lead,person500@northstar-clinical.example.com,CC-1220,FR
NST-PER-0501,Northstar Lead 501,Lead Product,NST-PER-0484,Lead,person501@northstar-clinical.example.com,CC-1221,GB
NST-PER-0502,Northstar Lead 502,Lead Security,NST-PER-0485,Lead,person502@northstar-clinical.example.com,CC-1222,IN
NST-PER-0503,Northstar Lead 503,Lead Finance,NST-PER-0486,Lead,person503@northstar-clinical.example.com,CC-1223,CA
NST-PER-0504,Northstar Lead 504,Lead ERP,NST-PER-0487,Lead,person504@northstar-clinical.example.com,CC-1224,US
NST-PER-0505,Northstar Lead 505,Lead Quality,NST-PER-0488,Lead,person505@northstar-clinical.example.com,CC-1225,DE
NST-PER-0506,Northstar Lead 506,Lead Manufacturing,NST-PER-0489,Lead,person506@northstar-clinical.example.com,CC-1226,IE
NST-PER-0507,Northstar Lead 507,Lead HIS,NST-PER-0490,Lead,person507@northstar-clinical.example.com,CC-1227,MX
NST-PER-0508,Northstar Lead 508,Lead Product,NST-PER-0491,Lead,person508@northstar-clinical.example.com,CC-1228,CN
NST-PER-0509,Northstar Lead 509,Lead Security,NST-PER-0492,Lead,person509@northstar-clinical.example.com,CC-1229,JP
NST-PER-0510,Northstar Lead 510,Lead Finance,NST-PER-0493,Lead,person510@northstar-clinical.example.com,CC-1230,SG
NST-PER-0511,Northstar Lead 511,Lead ERP,NST-PER-0494,Lead,person511@northstar-clinical.example.com,CC-1231,BR
NST-PER-0512,Northstar Lead 512,Lead Quality,NST-PER-0495,Lead,person512@northstar-clinical.example.com,CC-1232,FR
NST-PER-0513,Northstar Lead 513,Lead Manufacturing,NST-PER-0496,Lead,person513@northstar-clinical.example.com,CC-1233,GB
NST-PER-0514,Northstar Lead 514,Lead HIS,NST-PER-0497,Lead,person514@northstar-clinical.example.com,CC-1234,IN
NST-PER-0515,Northstar Lead 515,Lead Product,NST-PER-0498,Lead,person515@northstar-clinical.example.com,CC-1235,CA
NST-PER-0516,Northstar Lead 516,Lead Security,NST-PER-0499,Lead,person516@northstar-clinical.example.com,CC-1236,US
NST-PER-0517,Northstar Lead 517,Lead Finance,NST-PER-0500,Lead,person517@northstar-clinical.example.com,CC-1237,DE
NST-PER-0518,Northstar Lead 518,Lead ERP,NST-PER-0501,Lead,person518@northstar-clinical.example.com,CC-1238,IE
NST-PER-0519,Northstar Lead 519,Lead Quality,NST-PER-0502,Lead,person519@northstar-clinical.example.com,CC-1239,MX
NST-PER-0520,Northstar Lead 520,Lead Manufacturing,NST-PER-0503,Lead,person520@northstar-clinical.example.com,CC-1240,CN
NST-PER-0521,Northstar Lead 521,Lead HIS,NST-PER-0504,Lead,person521@northstar-clinical.example.com,CC-1241,JP
NST-PER-0522,Northstar Lead 522,Lead Product,NST-PER-0505,Lead,person522@northstar-clinical.example.com,CC-1242,SG
NST-PER-0523,Northstar Lead 523,Lead Security,NST-PER-0506,Lead,person523@northstar-clinical.example.com,CC-1243,BR
NST-PER-0524,Northstar Lead 524,Lead Finance,NST-PER-0507,Lead,person524@northstar-clinical.example.com,CC-1244,FR
NST-PER-0525,Northstar Lead 525,Lead ERP,NST-PER-0508,Lead,person525@northstar-clinical.example.com,CC-1245,GB
NST-PER-0526,Northstar Lead 526,Lead Quality,NST-PER-0509,Lead,person526@northstar-clinical.example.com,CC-1246,IN
NST-PER-0527,Northstar Lead 527,Lead Manufacturing,NST-PER-0510,Lead,person527@northstar-clinical.example.com,CC-1247,CA
NST-PER-0528,Northstar Lead 528,Lead HIS,NST-PER-0511,Lead,person528@northstar-clinical.example.com,CC-1248,US
NST-PER-0529,Northstar Lead 529,Lead Product,NST-PER-0512,Lead,person529@northstar-clinical.example.com,CC-1249,DE
NST-PER-0530,Northstar Lead 530,Lead Security,NST-PER-0513,Lead,person530@northstar-clinical.example.com,CC-1250,IE
NST-PER-0531,Northstar Lead 531,Lead Finance,NST-PER-0514,Lead,person531@northstar-clinical.example.com,CC-1251,MX
NST-PER-0532,Northstar Lead 532,Lead ERP,NST-PER-0515,Lead,person532@northstar-clinical.example.com,CC-1252,CN
NST-PER-0533,Northstar Lead 533,Lead Quality,NST-PER-0516,Lead,person533@northstar-clinical.example.com,CC-1253,JP
NST-PER-0534,Northstar Lead 534,Lead Manufacturing,NST-PER-0517,Lead,person534@northstar-clinical.example.com,CC-1254,SG
NST-PER-0535,Northstar Lead 535,Lead HIS,NST-PER-0518,Lead,person535@northstar-clinical.example.com,CC-1255,BR
NST-PER-0536,Northstar Lead 536,Lead Product,NST-PER-0519,Lead,person536@northstar-clinical.example.com,CC-1256,FR
NST-PER-0537,Northstar Lead 537,Lead Security,NST-PER-0520,Lead,person537@northstar-clinical.example.com,CC-1257,GB
NST-PER-0538,Northstar Lead 538,Lead Finance,NST-PER-0521,Lead,person538@northstar-clinical.example.com,CC-1258,IN
NST-PER-0539,Northstar Lead 539,Lead ERP,NST-PER-0522,Lead,person539@northstar-clinical.example.com,CC-1259,CA
NST-PER-0540,Northstar Lead 540,Lead Quality,NST-PER-0523,Lead,person540@northstar-clinical.example.com,CC-1260,US
NST-PER-0541,Northstar Lead 541,Lead Manufacturing,NST-PER-0524,Lead,person541@northstar-clinical.example.com,CC-1261,DE
NST-PER-0542,Northstar Lead 542,Lead HIS,NST-PER-0525,Lead,person542@northstar-clinical.example.com,CC-1262,IE
NST-PER-0543,Northstar Lead 543,Lead Product,NST-PER-0526,Lead,person543@northstar-clinical.example.com,CC-1263,MX
NST-PER-0544,Northstar Lead 544,Lead Security,NST-PER-0527,Lead,person544@northstar-clinical.example.com,CC-1264,CN
NST-PER-0545,Northstar Lead 545,Lead Finance,NST-PER-0528,Lead,person545@northstar-clinical.example.com,CC-1265,JP
NST-PER-0546,Northstar Lead 546,Lead ERP,NST-PER-0529,Lead,person546@northstar-clinical.example.com,CC-1266,SG
NST-PER-0547,Northstar Lead 547,Lead Quality,NST-PER-0530,Lead,person547@northstar-clinical.example.com,CC-1267,BR
NST-PER-0548,Northstar Lead 548,Lead Manufacturing,NST-PER-0531,Lead,person548@northstar-clinical.example.com,CC-1268,FR
NST-PER-0549,Northstar Lead 549,Lead HIS,NST-PER-0532,Lead,person549@northstar-clinical.example.com,CC-1269,GB
NST-PER-0550,Northstar Lead 550,Lead Product,NST-PER-0533,Lead,person550@northstar-clinical.example.com,CC-1270,IN
NST-PER-0551,Northstar Lead 551,Lead Security,NST-PER-0534,Lead,person551@northstar-clinical.example.com,CC-1271,CA
NST-PER-0552,Northstar Lead 552,Lead Finance,NST-PER-0535,Lead,person552@northstar-clinical.example.com,CC-1272,US
NST-PER-0553,Northstar Lead 553,Lead ERP,NST-PER-0536,Lead,person553@northstar-clinical.example.com,CC-1273,DE
NST-PER-0554,Northstar Lead 554,Lead Quality,NST-PER-0537,Lead,person554@northstar-clinical.example.com,CC-1274,IE
NST-PER-0555,Northstar Lead 555,Lead Manufacturing,NST-PER-0538,Lead,person555@northstar-clinical.example.com,CC-1275,MX
NST-PER-0556,Northstar Lead 556,Lead HIS,NST-PER-0539,Lead,person556@northstar-clinical.example.com,CC-1276,CN
NST-PER-0557,Northstar Lead 557,Lead Product,NST-PER-0540,Lead,person557@northstar-clinical.example.com,CC-1277,JP
NST-PER-0558,Northstar Lead 558,Lead Security,NST-PER-0541,Lead,person558@northstar-clinical.example.com,CC-1278,SG
NST-PER-0559,Northstar Lead 559,Lead Finance,NST-PER-0542,Lead,person559@northstar-clinical.example.com,CC-1279,BR
NST-PER-0560,Northstar Lead 560,Lead ERP,NST-PER-0543,Lead,person560@northstar-clinical.example.com,CC-1000,FR
NST-PER-0561,Northstar Lead 561,Lead Quality,NST-PER-0544,Lead,person561@northstar-clinical.example.com,CC-1001,GB
NST-PER-0562,Northstar Lead 562,Lead Manufacturing,NST-PER-0545,Lead,person562@northstar-clinical.example.com,CC-1002,IN
NST-PER-0563,Northstar Lead 563,Lead HIS,NST-PER-0546,Lead,person563@northstar-clinical.example.com,CC-1003,CA
NST-PER-0564,Northstar Lead 564,Lead Product,NST-PER-0547,Lead,person564@northstar-clinical.example.com,CC-1004,US
NST-PER-0565,Northstar Lead 565,Lead Security,NST-PER-0548,Lead,person565@northstar-clinical.example.com,CC-1005,DE
NST-PER-0566,Northstar IC 566,IC Finance,NST-PER-0561,IC,person566@northstar-clinical.example.com,CC-1006,IE
NST-PER-0567,Northstar IC 567,IC ERP,NST-PER-0562,IC,person567@northstar-clinical.example.com,CC-1007,MX
NST-PER-0568,Northstar IC 568,IC Quality,NST-PER-0563,IC,person568@northstar-clinical.example.com,CC-1008,CN
NST-PER-0569,Northstar IC 569,IC Manufacturing,NST-PER-0564,IC,person569@northstar-clinical.example.com,CC-1009,JP
NST-PER-0570,Northstar IC 570,IC HIS,NST-PER-0565,IC,person570@northstar-clinical.example.com,CC-1010,SG
NST-PER-0571,Northstar IC 571,IC Product,NST-PER-0566,IC,person571@northstar-clinical.example.com,CC-1011,BR
NST-PER-0572,Northstar IC 572,IC Security,NST-PER-0567,IC,person572@northstar-clinical.example.com,CC-1012,FR
NST-PER-0573,Northstar IC 573,IC Finance,NST-PER-0568,IC,person573@northstar-clinical.example.com,CC-1013,GB
NST-PER-0574,Northstar IC 574,IC ERP,NST-PER-0569,IC,person574@northstar-clinical.example.com,CC-1014,IN
NST-PER-0575,Northstar IC 575,IC Quality,NST-PER-0570,IC,person575@northstar-clinical.example.com,CC-1015,CA
NST-PER-0576,Northstar IC 576,IC Manufacturing,NST-PER-0571,IC,person576@northstar-clinical.example.com,CC-1016,US
NST-PER-0577,Northstar IC 577,IC HIS,NST-PER-0572,IC,person577@northstar-clinical.example.com,CC-1017,DE
NST-PER-0578,Northstar IC 578,IC Product,NST-PER-0573,IC,person578@northstar-clinical.example.com,CC-1018,IE
NST-PER-0579,Northstar IC 579,IC Security,NST-PER-0574,IC,person579@northstar-clinical.example.com,CC-1019,MX
NST-PER-0580,Northstar IC 580,IC Finance,NST-PER-0575,IC,person580@northstar-clinical.example.com,CC-1020,CN
NST-PER-0581,Northstar IC 581,IC ERP,NST-PER-0576,IC,person581@northstar-clinical.example.com,CC-1021,JP
NST-PER-0582,Northstar IC 582,IC Quality,NST-PER-0577,IC,person582@northstar-clinical.example.com,CC-1022,SG
NST-PER-0583,Northstar IC 583,IC Manufacturing,NST-PER-0578,IC,person583@northstar-clinical.example.com,CC-1023,BR
NST-PER-0584,Northstar IC 584,IC HIS,NST-PER-0579,IC,person584@northstar-clinical.example.com,CC-1024,FR
NST-PER-0585,Northstar IC 585,IC Product,NST-PER-0580,IC,person585@northstar-clinical.example.com,CC-1025,GB
NST-PER-0586,Northstar IC 586,IC Security,NST-PER-0581,IC,person586@northstar-clinical.example.com,CC-1026,IN
NST-PER-0587,Northstar IC 587,IC Finance,NST-PER-0582,IC,person587@northstar-clinical.example.com,CC-1027,CA
NST-PER-0588,Northstar IC 588,IC ERP,NST-PER-0583,IC,person588@northstar-clinical.example.com,CC-1028,US
NST-PER-0589,Northstar IC 589,IC Quality,NST-PER-0584,IC,person589@northstar-clinical.example.com,CC-1029,DE
NST-PER-0590,Northstar IC 590,IC Manufacturing,NST-PER-0585,IC,person590@northstar-clinical.example.com,CC-1030,IE
NST-PER-0591,Northstar IC 591,IC HIS,NST-PER-0586,IC,person591@northstar-clinical.example.com,CC-1031,MX
NST-PER-0592,Northstar IC 592,IC Product,NST-PER-0587,IC,person592@northstar-clinical.example.com,CC-1032,CN
NST-PER-0593,Northstar IC 593,IC Security,NST-PER-0588,IC,person593@northstar-clinical.example.com,CC-1033,JP
NST-PER-0594,Northstar IC 594,IC Finance,NST-PER-0589,IC,person594@northstar-clinical.example.com,CC-1034,SG
NST-PER-0595,Northstar IC 595,IC ERP,NST-PER-0590,IC,person595@northstar-clinical.example.com,CC-1035,BR
NST-PER-0596,Northstar IC 596,IC Quality,NST-PER-0591,IC,person596@northstar-clinical.example.com,CC-1036,FR
NST-PER-0597,Northstar IC 597,IC Manufacturing,NST-PER-0592,IC,person597@northstar-clinical.example.com,CC-1037,GB
NST-PER-0598,Northstar IC 598,IC HIS,NST-PER-0593,IC,person598@northstar-clinical.example.com,CC-1038,IN
NST-PER-0599,Northstar IC 599,IC Product,NST-PER-0594,IC,person599@northstar-clinical.example.com,CC-1039,CA
NST-PER-0600,Northstar IC 600,IC Security,NST-PER-0595,IC,person600@northstar-clinical.example.com,CC-1040,US
NST-PER-0601,Northstar IC 601,IC Finance,NST-PER-0596,IC,person601@northstar-clinical.example.com,CC-1041,DE
NST-PER-0602,Northstar IC 602,IC ERP,NST-PER-0597,IC,person602@northstar-clinical.example.com,CC-1042,IE
NST-PER-0603,Northstar IC 603,IC Quality,NST-PER-0598,IC,person603@northstar-clinical.example.com,CC-1043,MX
NST-PER-0604,Northstar IC 604,IC Manufacturing,NST-PER-0599,IC,person604@northstar-clinical.example.com,CC-1044,CN
NST-PER-0605,Northstar IC 605,IC HIS,NST-PER-0600,IC,person605@northstar-clinical.example.com,CC-1045,JP
NST-PER-0606,Northstar IC 606,IC Product,NST-PER-0601,IC,person606@northstar-clinical.example.com,CC-1046,SG
NST-PER-0607,Northstar IC 607,IC Security,NST-PER-0602,IC,person607@northstar-clinical.example.com,CC-1047,BR
NST-PER-0608,Northstar IC 608,IC Finance,NST-PER-0603,IC,person608@northstar-clinical.example.com,CC-1048,FR
NST-PER-0609,Northstar IC 609,IC ERP,NST-PER-0604,IC,person609@northstar-clinical.example.com,CC-1049,GB
NST-PER-0610,Northstar IC 610,IC Quality,NST-PER-0605,IC,person610@northstar-clinical.example.com,CC-1050,IN
NST-PER-0611,Northstar IC 611,IC Manufacturing,NST-PER-0606,IC,person611@northstar-clinical.example.com,CC-1051,CA
NST-PER-0612,Northstar IC 612,IC HIS,NST-PER-0607,IC,person612@northstar-clinical.example.com,CC-1052,US
NST-PER-0613,Northstar IC 613,IC Product,NST-PER-0608,IC,person613@northstar-clinical.example.com,CC-1053,DE
NST-PER-0614,Northstar IC 614,IC Security,NST-PER-0609,IC,person614@northstar-clinical.example.com,CC-1054,IE
NST-PER-0615,Northstar IC 615,IC Finance,NST-PER-0610,IC,person615@northstar-clinical.example.com,CC-1055,MX
NST-PER-0616,Northstar IC 616,IC ERP,NST-PER-0611,IC,person616@northstar-clinical.example.com,CC-1056,CN
NST-PER-0617,Northstar IC 617,IC Quality,NST-PER-0612,IC,person617@northstar-clinical.example.com,CC-1057,JP
NST-PER-0618,Northstar IC 618,IC Manufacturing,NST-PER-0613,IC,person618@northstar-clinical.example.com,CC-1058,SG
NST-PER-0619,Northstar IC 619,IC HIS,NST-PER-0614,IC,person619@northstar-clinical.example.com,CC-1059,BR
NST-PER-0620,Northstar IC 620,IC Product,NST-PER-0615,IC,person620@northstar-clinical.example.com,CC-1060,FR
NST-PER-0621,Northstar IC 621,IC Security,NST-PER-0616,IC,person621@northstar-clinical.example.com,CC-1061,GB
NST-PER-0622,Northstar IC 622,IC Finance,NST-PER-0617,IC,person622@northstar-clinical.example.com,CC-1062,IN
NST-PER-0623,Northstar IC 623,IC ERP,NST-PER-0618,IC,person623@northstar-clinical.example.com,CC-1063,CA
NST-PER-0624,Northstar IC 624,IC Quality,NST-PER-0619,IC,person624@northstar-clinical.example.com,CC-1064,US
NST-PER-0625,Northstar IC 625,IC Manufacturing,NST-PER-0620,IC,person625@northstar-clinical.example.com,CC-1065,DE
NST-PER-0626,Northstar IC 626,IC HIS,NST-PER-0621,IC,person626@northstar-clinical.example.com,CC-1066,IE
NST-PER-0627,Northstar IC 627,IC Product,NST-PER-0622,IC,person627@northstar-clinical.example.com,CC-1067,MX
NST-PER-0628,Northstar IC 628,IC Security,NST-PER-0623,IC,person628@northstar-clinical.example.com,CC-1068,CN
NST-PER-0629,Northstar IC 629,IC Finance,NST-PER-0624,IC,person629@northstar-clinical.example.com,CC-1069,JP
NST-PER-0630,Northstar IC 630,IC ERP,NST-PER-0625,IC,person630@northstar-clinical.example.com,CC-1070,SG
NST-PER-0631,Northstar IC 631,IC Quality,NST-PER-0626,IC,person631@northstar-clinical.example.com,CC-1071,BR
NST-PER-0632,Northstar IC 632,IC Manufacturing,NST-PER-0627,IC,person632@northstar-clinical.example.com,CC-1072,FR
NST-PER-0633,Northstar IC 633,IC HIS,NST-PER-0628,IC,person633@northstar-clinical.example.com,CC-1073,GB
NST-PER-0634,Northstar IC 634,IC Product,NST-PER-0629,IC,person634@northstar-clinical.example.com,CC-1074,IN
NST-PER-0635,Northstar IC 635,IC Security,NST-PER-0630,IC,person635@northstar-clinical.example.com,CC-1075,CA
NST-PER-0636,Northstar IC 636,IC Finance,NST-PER-0631,IC,person636@northstar-clinical.example.com,CC-1076,US
NST-PER-0637,Northstar IC 637,IC ERP,NST-PER-0632,IC,person637@northstar-clinical.example.com,CC-1077,DE
NST-PER-0638,Northstar IC 638,IC Quality,NST-PER-0633,IC,person638@northstar-clinical.example.com,CC-1078,IE
NST-PER-0639,Northstar IC 639,IC Manufacturing,NST-PER-0634,IC,person639@northstar-clinical.example.com,CC-1079,MX
NST-PER-0640,Northstar IC 640,IC HIS,NST-PER-0635,IC,person640@northstar-clinical.example.com,CC-1080,CN
NST-PER-0641,Northstar IC 641,IC Product,NST-PER-0636,IC,person641@northstar-clinical.example.com,CC-1081,JP
NST-PER-0642,Northstar IC 642,IC Security,NST-PER-0637,IC,person642@northstar-clinical.example.com,CC-1082,SG
NST-PER-0643,Northstar IC 643,IC Finance,NST-PER-0638,IC,person643@northstar-clinical.example.com,CC-1083,BR
NST-PER-0644,Northstar IC 644,IC ERP,NST-PER-0639,IC,person644@northstar-clinical.example.com,CC-1084,FR
NST-PER-0645,Northstar IC 645,IC Quality,NST-PER-0640,IC,person645@northstar-clinical.example.com,CC-1085,GB
NST-PER-0646,Northstar IC 646,IC Manufacturing,NST-PER-0641,IC,person646@northstar-clinical.example.com,CC-1086,IN
NST-PER-0647,Northstar IC 647,IC HIS,NST-PER-0642,IC,person647@northstar-clinical.example.com,CC-1087,CA
NST-PER-0648,Northstar IC 648,IC Product,NST-PER-0643,IC,person648@northstar-clinical.example.com,CC-1088,US
NST-PER-0649,Northstar IC 649,IC Security,NST-PER-0644,IC,person649@northstar-clinical.example.com,CC-1089,DE
NST-PER-0650,Northstar IC 650,IC Finance,NST-PER-0645,IC,person650@northstar-clinical.example.com,CC-1090,IE
NST-PER-0651,Northstar IC 651,IC ERP,NST-PER-0646,IC,person651@northstar-clinical.example.com,CC-1091,MX
NST-PER-0652,Northstar IC 652,IC Quality,NST-PER-0647,IC,person652@northstar-clinical.example.com,CC-1092,CN
NST-PER-0653,Northstar IC 653,IC Manufacturing,NST-PER-0648,IC,person653@northstar-clinical.example.com,CC-1093,JP
NST-PER-0654,Northstar IC 654,IC HIS,NST-PER-0649,IC,person654@northstar-clinical.example.com,CC-1094,SG
NST-PER-0655,Northstar IC 655,IC Product,NST-PER-0650,IC,person655@northstar-clinical.example.com,CC-1095,BR
NST-PER-0656,Northstar IC 656,IC Security,NST-PER-0651,IC,person656@northstar-clinical.example.com,CC-1096,FR
NST-PER-0657,Northstar IC 657,IC Finance,NST-PER-0652,IC,person657@northstar-clinical.example.com,CC-1097,GB
NST-PER-0658,Northstar IC 658,IC ERP,NST-PER-0653,IC,person658@northstar-clinical.example.com,CC-1098,IN
NST-PER-0659,Northstar IC 659,IC Quality,NST-PER-0654,IC,person659@northstar-clinical.example.com,CC-1099,CA
NST-PER-0660,Northstar IC 660,IC Manufacturing,NST-PER-0655,IC,person660@northstar-clinical.example.com,CC-1100,US
NST-PER-0661,Northstar IC 661,IC HIS,NST-PER-0656,IC,person661@northstar-clinical.example.com,CC-1101,DE
NST-PER-0662,Northstar IC 662,IC Product,NST-PER-0657,IC,person662@northstar-clinical.example.com,CC-1102,IE
NST-PER-0663,Northstar IC 663,IC Security,NST-PER-0658,IC,person663@northstar-clinical.example.com,CC-1103,MX
NST-PER-0664,Northstar IC 664,IC Finance,NST-PER-0659,IC,person664@northstar-clinical.example.com,CC-1104,CN
NST-PER-0665,Northstar IC 665,IC ERP,NST-PER-0660,IC,person665@northstar-clinical.example.com,CC-1105,JP
NST-PER-0666,Northstar IC 666,IC Quality,NST-PER-0661,IC,person666@northstar-clinical.example.com,CC-1106,SG
NST-PER-0667,Northstar IC 667,IC Manufacturing,NST-PER-0662,IC,person667@northstar-clinical.example.com,CC-1107,BR
NST-PER-0668,Northstar IC 668,IC HIS,NST-PER-0663,IC,person668@northstar-clinical.example.com,CC-1108,FR
NST-PER-0669,Northstar IC 669,IC Product,NST-PER-0664,IC,person669@northstar-clinical.example.com,CC-1109,GB
NST-PER-0670,Northstar IC 670,IC Security,NST-PER-0665,IC,person670@northstar-clinical.example.com,CC-1110,IN
NST-PER-0671,Northstar IC 671,IC Finance,NST-PER-0666,IC,person671@northstar-clinical.example.com,CC-1111,CA
NST-PER-0672,Northstar IC 672,IC ERP,NST-PER-0667,IC,person672@northstar-clinical.example.com,CC-1112,US
NST-PER-0673,Northstar IC 673,IC Quality,NST-PER-0668,IC,person673@northstar-clinical.example.com,CC-1113,DE
NST-PER-0674,Northstar IC 674,IC Manufacturing,NST-PER-0669,IC,person674@northstar-clinical.example.com,CC-1114,IE
NST-PER-0675,Northstar IC 675,IC HIS,NST-PER-0670,IC,person675@northstar-clinical.example.com,CC-1115,MX
NST-PER-0676,Northstar IC 676,IC Product,NST-PER-0671,IC,person676@northstar-clinical.example.com,CC-1116,CN
NST-PER-0677,Northstar IC 677,IC Security,NST-PER-0672,IC,person677@northstar-clinical.example.com,CC-1117,JP
NST-PER-0678,Northstar IC 678,IC Finance,NST-PER-0673,IC,person678@northstar-clinical.example.com,CC-1118,SG
NST-PER-0679,Northstar IC 679,IC ERP,NST-PER-0674,IC,person679@northstar-clinical.example.com,CC-1119,BR
NST-PER-0680,Northstar IC 680,IC Quality,NST-PER-0675,IC,person680@northstar-clinical.example.com,CC-1120,FR
NST-PER-0681,Northstar IC 681,IC Manufacturing,NST-PER-0676,IC,person681@northstar-clinical.example.com,CC-1121,GB
NST-PER-0682,Northstar IC 682,IC HIS,NST-PER-0677,IC,person682@northstar-clinical.example.com,CC-1122,IN
NST-PER-0683,Northstar IC 683,IC Product,NST-PER-0678,IC,person683@northstar-clinical.example.com,CC-1123,CA
NST-PER-0684,Northstar IC 684,IC Security,NST-PER-0679,IC,person684@northstar-clinical.example.com,CC-1124,US
NST-PER-0685,Northstar IC 685,IC Finance,NST-PER-0680,IC,person685@northstar-clinical.example.com,CC-1125,DE
NST-PER-0686,Northstar IC 686,IC ERP,NST-PER-0681,IC,person686@northstar-clinical.example.com,CC-1126,IE
NST-PER-0687,Northstar IC 687,IC Quality,NST-PER-0682,IC,person687@northstar-clinical.example.com,CC-1127,MX
NST-PER-0688,Northstar IC 688,IC Manufacturing,NST-PER-0683,IC,person688@northstar-clinical.example.com,CC-1128,CN
NST-PER-0689,Northstar IC 689,IC HIS,NST-PER-0684,IC,person689@northstar-clinical.example.com,CC-1129,JP
NST-PER-0690,Northstar IC 690,IC Product,NST-PER-0685,IC,person690@northstar-clinical.example.com,CC-1130,SG
NST-PER-0691,Northstar IC 691,IC Security,NST-PER-0686,IC,person691@northstar-clinical.example.com,CC-1131,BR
NST-PER-0692,Northstar IC 692,IC Finance,NST-PER-0687,IC,person692@northstar-clinical.example.com,CC-1132,FR
NST-PER-0693,Northstar IC 693,IC ERP,NST-PER-0688,IC,person693@northstar-clinical.example.com,CC-1133,GB
NST-PER-0694,Northstar IC 694,IC Quality,NST-PER-0689,IC,person694@northstar-clinical.example.com,CC-1134,IN
NST-PER-0695,Northstar IC 695,IC Manufacturing,NST-PER-0690,IC,person695@northstar-clinical.example.com,CC-1135,CA
NST-PER-0696,Northstar IC 696,IC HIS,NST-PER-0691,IC,person696@northstar-clinical.example.com,CC-1136,US
NST-PER-0697,Northstar IC 697,IC Product,NST-PER-0692,IC,person697@northstar-clinical.example.com,CC-1137,DE
NST-PER-0698,Northstar IC 698,IC Security,NST-PER-0693,IC,person698@northstar-clinical.example.com,CC-1138,IE
NST-PER-0699,Northstar IC 699,IC Finance,NST-PER-0694,IC,person699@northstar-clinical.example.com,CC-1139,MX
NST-PER-0700,Northstar IC 700,IC ERP,NST-PER-0695,IC,person700@northstar-clinical.example.com,CC-1140,CN
NST-PER-0701,Northstar IC 701,IC Quality,NST-PER-0696,IC,person701@northstar-clinical.example.com,CC-1141,JP
NST-PER-0702,Northstar IC 702,IC Manufacturing,NST-PER-0697,IC,person702@northstar-clinical.example.com,CC-1142,SG
NST-PER-0703,Northstar IC 703,IC HIS,NST-PER-0698,IC,person703@northstar-clinical.example.com,CC-1143,BR
NST-PER-0704,Northstar IC 704,IC Product,NST-PER-0699,IC,person704@northstar-clinical.example.com,CC-1144,FR
NST-PER-0705,Northstar IC 705,IC Security,NST-PER-0700,IC,person705@northstar-clinical.example.com,CC-1145,GB
NST-PER-0706,Northstar IC 706,IC Finance,NST-PER-0701,IC,person706@northstar-clinical.example.com,CC-1146,IN
NST-PER-0707,Northstar IC 707,IC ERP,NST-PER-0702,IC,person707@northstar-clinical.example.com,CC-1147,CA
NST-PER-0708,Northstar IC 708,IC Quality,NST-PER-0703,IC,person708@northstar-clinical.example.com,CC-1148,US
NST-PER-0709,Northstar IC 709,IC Manufacturing,NST-PER-0704,IC,person709@northstar-clinical.example.com,CC-1149,DE
NST-PER-0710,Northstar IC 710,IC HIS,NST-PER-0705,IC,person710@northstar-clinical.example.com,CC-1150,IE
NST-PER-0711,Northstar IC 711,IC Product,NST-PER-0706,IC,person711@northstar-clinical.example.com,CC-1151,MX
NST-PER-0712,Northstar IC 712,IC Security,NST-PER-0707,IC,person712@northstar-clinical.example.com,CC-1152,CN
NST-PER-0713,Northstar IC 713,IC Finance,NST-PER-0708,IC,person713@northstar-clinical.example.com,CC-1153,JP
NST-PER-0714,Northstar IC 714,IC ERP,NST-PER-0709,IC,person714@northstar-clinical.example.com,CC-1154,SG
NST-PER-0715,Northstar IC 715,IC Quality,NST-PER-0710,IC,person715@northstar-clinical.example.com,CC-1155,BR
NST-PER-0716,Northstar IC 716,IC Manufacturing,NST-PER-0711,IC,person716@northstar-clinical.example.com,CC-1156,FR
NST-PER-0717,Northstar IC 717,IC HIS,NST-PER-0712,IC,person717@northstar-clinical.example.com,CC-1157,GB
NST-PER-0718,Northstar IC 718,IC Product,NST-PER-0713,IC,person718@northstar-clinical.example.com,CC-1158,IN
NST-PER-0719,Northstar IC 719,IC Security,NST-PER-0714,IC,person719@northstar-clinical.example.com,CC-1159,CA
NST-PER-0720,Northstar IC 720,IC Finance,NST-PER-0715,IC,person720@northstar-clinical.example.com,CC-1160,US
NST-PER-0721,Northstar IC 721,IC ERP,NST-PER-0716,IC,person721@northstar-clinical.example.com,CC-1161,DE
NST-PER-0722,Northstar IC 722,IC Quality,NST-PER-0717,IC,person722@northstar-clinical.example.com,CC-1162,IE
NST-PER-0723,Northstar IC 723,IC Manufacturing,NST-PER-0718,IC,person723@northstar-clinical.example.com,CC-1163,MX
NST-PER-0724,Northstar IC 724,IC HIS,NST-PER-0719,IC,person724@northstar-clinical.example.com,CC-1164,CN
NST-PER-0725,Northstar IC 725,IC Product,NST-PER-0720,IC,person725@northstar-clinical.example.com,CC-1165,JP
NST-PER-0726,Northstar IC 726,IC Security,NST-PER-0721,IC,person726@northstar-clinical.example.com,CC-1166,SG
NST-PER-0727,Northstar IC 727,IC Finance,NST-PER-0722,IC,person727@northstar-clinical.example.com,CC-1167,BR
NST-PER-0728,Northstar IC 728,IC ERP,NST-PER-0723,IC,person728@northstar-clinical.example.com,CC-1168,FR
NST-PER-0729,Northstar IC 729,IC Quality,NST-PER-0724,IC,person729@northstar-clinical.example.com,CC-1169,GB
NST-PER-0730,Northstar IC 730,IC Manufacturing,NST-PER-0725,IC,person730@northstar-clinical.example.com,CC-1170,IN
NST-PER-0731,Northstar IC 731,IC HIS,NST-PER-0726,IC,person731@northstar-clinical.example.com,CC-1171,CA
NST-PER-0732,Northstar IC 732,IC Product,NST-PER-0727,IC,person732@northstar-clinical.example.com,CC-1172,US
NST-PER-0733,Northstar IC 733,IC Security,NST-PER-0728,IC,person733@northstar-clinical.example.com,CC-1173,DE
NST-PER-0734,Northstar IC 734,IC Finance,NST-PER-0729,IC,person734@northstar-clinical.example.com,CC-1174,IE
NST-PER-0735,Northstar IC 735,IC ERP,NST-PER-0730,IC,person735@northstar-clinical.example.com,CC-1175,MX
NST-PER-0736,Northstar IC 736,IC Quality,NST-PER-0731,IC,person736@northstar-clinical.example.com,CC-1176,CN
NST-PER-0737,Northstar IC 737,IC Manufacturing,NST-PER-0732,IC,person737@northstar-clinical.example.com,CC-1177,JP
NST-PER-0738,Northstar IC 738,IC HIS,NST-PER-0733,IC,person738@northstar-clinical.example.com,CC-1178,SG
NST-PER-0739,Northstar IC 739,IC Product,NST-PER-0734,IC,person739@northstar-clinical.example.com,CC-1179,BR
NST-PER-0740,Northstar IC 740,IC Security,NST-PER-0735,IC,person740@northstar-clinical.example.com,CC-1180,FR
NST-PER-0741,Northstar IC 741,IC Finance,NST-PER-0736,IC,person741@northstar-clinical.example.com,CC-1181,GB
NST-PER-0742,Northstar IC 742,IC ERP,NST-PER-0737,IC,person742@northstar-clinical.example.com,CC-1182,IN
NST-PER-0743,Northstar IC 743,IC Quality,NST-PER-0738,IC,person743@northstar-clinical.example.com,CC-1183,CA
NST-PER-0744,Northstar IC 744,IC Manufacturing,NST-PER-0739,IC,person744@northstar-clinical.example.com,CC-1184,US
NST-PER-0745,Northstar IC 745,IC HIS,NST-PER-0740,IC,person745@northstar-clinical.example.com,CC-1185,DE
NST-PER-0746,Northstar IC 746,IC Product,NST-PER-0741,IC,person746@northstar-clinical.example.com,CC-1186,IE
NST-PER-0747,Northstar IC 747,IC Security,NST-PER-0742,IC,person747@northstar-clinical.example.com,CC-1187,MX
NST-PER-0748,Northstar IC 748,IC Finance,NST-PER-0743,IC,person748@northstar-clinical.example.com,CC-1188,CN
NST-PER-0749,Northstar IC 749,IC ERP,NST-PER-0744,IC,person749@northstar-clinical.example.com,CC-1189,JP
NST-PER-0750,Northstar IC 750,IC Quality,NST-PER-0745,IC,person750@northstar-clinical.example.com,CC-1190,SG
NST-PER-0751,Northstar IC 751,IC Manufacturing,NST-PER-0746,IC,person751@northstar-clinical.example.com,CC-1191,BR
NST-PER-0752,Northstar IC 752,IC HIS,NST-PER-0747,IC,person752@northstar-clinical.example.com,CC-1192,FR
NST-PER-0753,Northstar IC 753,IC Product,NST-PER-0748,IC,person753@northstar-clinical.example.com,CC-1193,GB
NST-PER-0754,Northstar IC 754,IC Security,NST-PER-0749,IC,person754@northstar-clinical.example.com,CC-1194,IN
NST-PER-0755,Northstar IC 755,IC Finance,NST-PER-0750,IC,person755@northstar-clinical.example.com,CC-1195,CA
NST-PER-0756,Northstar IC 756,IC ERP,NST-PER-0751,IC,person756@northstar-clinical.example.com,CC-1196,US
NST-PER-0757,Northstar IC 757,IC Quality,NST-PER-0752,IC,person757@northstar-clinical.example.com,CC-1197,DE
NST-PER-0758,Northstar IC 758,IC Manufacturing,NST-PER-0753,IC,person758@northstar-clinical.example.com,CC-1198,IE
NST-PER-0759,Northstar IC 759,IC HIS,NST-PER-0754,IC,person759@northstar-clinical.example.com,CC-1199,MX
NST-PER-0760,Northstar IC 760,IC Product,NST-PER-0755,IC,person760@northstar-clinical.example.com,CC-1200,CN
NST-PER-0761,Northstar IC 761,IC Security,NST-PER-0756,IC,person761@northstar-clinical.example.com,CC-1201,JP
NST-PER-0762,Northstar IC 762,IC Finance,NST-PER-0757,IC,person762@northstar-clinical.example.com,CC-1202,SG
NST-PER-0763,Northstar IC 763,IC ERP,NST-PER-0758,IC,person763@northstar-clinical.example.com,CC-1203,BR
NST-PER-0764,Northstar IC 764,IC Quality,NST-PER-0759,IC,person764@northstar-clinical.example.com,CC-1204,FR
NST-PER-0765,Northstar IC 765,IC Manufacturing,NST-PER-0760,IC,person765@northstar-clinical.example.com,CC-1205,GB
NST-PER-0766,Northstar IC 766,IC HIS,NST-PER-0761,IC,person766@northstar-clinical.example.com,CC-1206,IN
NST-PER-0767,Northstar IC 767,IC Product,NST-PER-0762,IC,person767@northstar-clinical.example.com,CC-1207,CA
NST-PER-0768,Northstar IC 768,IC Security,NST-PER-0763,IC,person768@northstar-clinical.example.com,CC-1208,US
NST-PER-0769,Northstar IC 769,IC Finance,NST-PER-0764,IC,person769@northstar-clinical.example.com,CC-1209,DE
NST-PER-0770,Northstar IC 770,IC ERP,NST-PER-0765,IC,person770@northstar-clinical.example.com,CC-1210,IE
NST-PER-0771,Northstar IC 771,IC Quality,NST-PER-0766,IC,person771@northstar-clinical.example.com,CC-1211,MX
NST-PER-0772,Northstar IC 772,IC Manufacturing,NST-PER-0767,IC,person772@northstar-clinical.example.com,CC-1212,CN
NST-PER-0773,Northstar IC 773,IC HIS,NST-PER-0768,IC,person773@northstar-clinical.example.com,CC-1213,JP
NST-PER-0774,Northstar IC 774,IC Product,NST-PER-0769,IC,person774@northstar-clinical.example.com,CC-1214,SG
NST-PER-0775,Northstar IC 775,IC Security,NST-PER-0770,IC,person775@northstar-clinical.example.com,CC-1215,BR
NST-PER-0776,Northstar IC 776,IC Finance,NST-PER-0771,IC,person776@northstar-clinical.example.com,CC-1216,FR
NST-PER-0777,Northstar IC 777,IC ERP,NST-PER-0772,IC,person777@northstar-clinical.example.com,CC-1217,GB
NST-PER-0778,Northstar IC 778,IC Quality,NST-PER-0773,IC,person778@northstar-clinical.example.com,CC-1218,IN
NST-PER-0779,Northstar IC 779,IC Manufacturing,NST-PER-0774,IC,person779@northstar-clinical.example.com,CC-1219,CA
NST-PER-0780,Northstar IC 780,IC HIS,NST-PER-0775,IC,person780@northstar-clinical.example.com,CC-1220,US
NST-PER-0781,Northstar IC 781,IC Product,NST-PER-0776,IC,person781@northstar-clinical.example.com,CC-1221,DE
NST-PER-0782,Northstar IC 782,IC Security,NST-PER-0777,IC,person782@northstar-clinical.example.com,CC-1222,IE
NST-PER-0783,Northstar IC 783,IC Finance,NST-PER-0778,IC,person783@northstar-clinical.example.com,CC-1223,MX
NST-PER-0784,Northstar IC 784,IC ERP,NST-PER-0779,IC,person784@northstar-clinical.example.com,CC-1224,CN
NST-PER-0785,Northstar IC 785,IC Quality,NST-PER-0780,IC,person785@northstar-clinical.example.com,CC-1225,JP
NST-PER-0786,Northstar IC 786,IC Manufacturing,NST-PER-0781,IC,person786@northstar-clinical.example.com,CC-1226,SG
NST-PER-0787,Northstar IC 787,IC HIS,NST-PER-0782,IC,person787@northstar-clinical.example.com,CC-1227,BR
NST-PER-0788,Northstar IC 788,IC Product,NST-PER-0783,IC,person788@northstar-clinical.example.com,CC-1228,FR
NST-PER-0789,Northstar IC 789,IC Security,NST-PER-0784,IC,person789@northstar-clinical.example.com,CC-1229,GB
NST-PER-0790,Northstar IC 790,IC Finance,NST-PER-0785,IC,person790@northstar-clinical.example.com,CC-1230,IN
NST-PER-0791,Northstar IC 791,IC ERP,NST-PER-0786,IC,person791@northstar-clinical.example.com,CC-1231,CA
NST-PER-0792,Northstar IC 792,IC Quality,NST-PER-0787,IC,person792@northstar-clinical.example.com,CC-1232,US
NST-PER-0793,Northstar IC 793,IC Manufacturing,NST-PER-0788,IC,person793@northstar-clinical.example.com,CC-1233,DE
NST-PER-0794,Northstar IC 794,IC HIS,NST-PER-0789,IC,person794@northstar-clinical.example.com,CC-1234,IE
NST-PER-0795,Northstar IC 795,IC Product,NST-PER-0790,IC,person795@northstar-clinical.example.com,CC-1235,MX
NST-PER-0796,Northstar IC 796,IC Security,NST-PER-0791,IC,person796@northstar-clinical.example.com,CC-1236,CN
NST-PER-0797,Northstar IC 797,IC Finance,NST-PER-0792,IC,person797@northstar-clinical.example.com,CC-1237,JP
NST-PER-0798,Northstar IC 798,IC ERP,NST-PER-0793,IC,person798@northstar-clinical.example.com,CC-1238,SG
NST-PER-0799,Northstar IC 799,IC Quality,NST-PER-0794,IC,person799@northstar-clinical.example.com,CC-1239,BR
NST-PER-0800,Northstar IC 800,IC Manufacturing,NST-PER-0795,IC,person800@northstar-clinical.example.com,CC-1240,FR
NST-PER-0801,Northstar IC 801,IC HIS,NST-PER-0796,IC,person801@northstar-clinical.example.com,CC-1241,GB
NST-PER-0802,Northstar IC 802,IC Product,NST-PER-0797,IC,person802@northstar-clinical.example.com,CC-1242,IN
NST-PER-0803,Northstar IC 803,IC Security,NST-PER-0798,IC,person803@northstar-clinical.example.com,CC-1243,CA
NST-PER-0804,Northstar IC 804,IC Finance,NST-PER-0799,IC,person804@northstar-clinical.example.com,CC-1244,US
NST-PER-0805,Northstar IC 805,IC ERP,NST-PER-0800,IC,person805@northstar-clinical.example.com,CC-1245,DE
NST-PER-0806,Northstar IC 806,IC Quality,NST-PER-0801,IC,person806@northstar-clinical.example.com,CC-1246,IE
NST-PER-0807,Northstar IC 807,IC Manufacturing,NST-PER-0802,IC,person807@northstar-clinical.example.com,CC-1247,MX
NST-PER-0808,Northstar IC 808,IC HIS,NST-PER-0803,IC,person808@northstar-clinical.example.com,CC-1248,CN
NST-PER-0809,Northstar IC 809,IC Product,NST-PER-0804,IC,person809@northstar-clinical.example.com,CC-1249,JP
NST-PER-0810,Northstar IC 810,IC Security,NST-PER-0805,IC,person810@northstar-clinical.example.com,CC-1250,SG
NST-PER-0811,Northstar IC 811,IC Finance,NST-PER-0806,IC,person811@northstar-clinical.example.com,CC-1251,BR
NST-PER-0812,Northstar IC 812,IC ERP,NST-PER-0807,IC,person812@northstar-clinical.example.com,CC-1252,FR
NST-PER-0813,Northstar IC 813,IC Quality,NST-PER-0808,IC,person813@northstar-clinical.example.com,CC-1253,GB
NST-PER-0814,Northstar IC 814,IC Manufacturing,NST-PER-0809,IC,person814@northstar-clinical.example.com,CC-1254,IN
NST-PER-0815,Northstar IC 815,IC HIS,NST-PER-0810,IC,person815@northstar-clinical.example.com,CC-1255,CA
NST-PER-0816,Northstar IC 816,IC Product,NST-PER-0811,IC,person816@northstar-clinical.example.com,CC-1256,US
NST-PER-0817,Northstar IC 817,IC Security,NST-PER-0812,IC,person817@northstar-clinical.example.com,CC-1257,DE
NST-PER-0818,Northstar IC 818,IC Finance,NST-PER-0813,IC,person818@northstar-clinical.example.com,CC-1258,IE
NST-PER-0819,Northstar IC 819,IC ERP,NST-PER-0814,IC,person819@northstar-clinical.example.com,CC-1259,MX
NST-PER-0820,Northstar IC 820,IC Quality,NST-PER-0815,IC,person820@northstar-clinical.example.com,CC-1260,CN
NST-PER-0821,Northstar IC 821,IC Manufacturing,NST-PER-0816,IC,person821@northstar-clinical.example.com,CC-1261,JP
NST-PER-0822,Northstar IC 822,IC HIS,NST-PER-0817,IC,person822@northstar-clinical.example.com,CC-1262,SG
NST-PER-0823,Northstar IC 823,IC Product,NST-PER-0818,IC,person823@northstar-clinical.example.com,CC-1263,BR
NST-PER-0824,Northstar IC 824,IC Security,NST-PER-0819,IC,person824@northstar-clinical.example.com,CC-1264,FR
NST-PER-0825,Northstar IC 825,IC Finance,NST-PER-0820,IC,person825@northstar-clinical.example.com,CC-1265,GB
NST-PER-0826,Northstar IC 826,IC ERP,NST-PER-0821,IC,person826@northstar-clinical.example.com,CC-1266,IN
NST-PER-0827,Northstar IC 827,IC Quality,NST-PER-0822,IC,person827@northstar-clinical.example.com,CC-1267,CA
NST-PER-0828,Northstar IC 828,IC Manufacturing,NST-PER-0823,IC,person828@northstar-clinical.example.com,CC-1268,US
NST-PER-0829,Northstar IC 829,IC HIS,NST-PER-0824,IC,person829@northstar-clinical.example.com,CC-1269,DE
NST-PER-0830,Northstar IC 830,IC Product,NST-PER-0825,IC,person830@northstar-clinical.example.com,CC-1270,IE
NST-PER-0831,Northstar IC 831,IC Security,NST-PER-0826,IC,person831@northstar-clinical.example.com,CC-1271,MX
NST-PER-0832,Northstar IC 832,IC Finance,NST-PER-0827,IC,person832@northstar-clinical.example.com,CC-1272,CN
NST-PER-0833,Northstar IC 833,IC ERP,NST-PER-0828,IC,person833@northstar-clinical.example.com,CC-1273,JP
NST-PER-0834,Northstar IC 834,IC Quality,NST-PER-0829,IC,person834@northstar-clinical.example.com,CC-1274,SG
NST-PER-0835,Northstar IC 835,IC Manufacturing,NST-PER-0830,IC,person835@northstar-clinical.example.com,CC-1275,BR
NST-PER-0836,Northstar IC 836,IC HIS,NST-PER-0831,IC,person836@northstar-clinical.example.com,CC-1276,FR
NST-PER-0837,Northstar IC 837,IC Product,NST-PER-0832,IC,person837@northstar-clinical.example.com,CC-1277,GB
NST-PER-0838,Northstar IC 838,IC Security,NST-PER-0833,IC,person838@northstar-clinical.example.com,CC-1278,IN
NST-PER-0839,Northstar IC 839,IC Finance,NST-PER-0834,IC,person839@northstar-clinical.example.com,CC-1279,CA
NST-PER-0840,Northstar IC 840,IC ERP,NST-PER-0835,IC,person840@northstar-clinical.example.com,CC-1000,US
NST-PER-0841,Northstar IC 841,IC Quality,NST-PER-0836,IC,person841@northstar-clinical.example.com,CC-1001,DE
NST-PER-0842,Northstar IC 842,IC Manufacturing,NST-PER-0837,IC,person842@northstar-clinical.example.com,CC-1002,IE
NST-PER-0843,Northstar IC 843,IC HIS,NST-PER-0838,IC,person843@northstar-clinical.example.com,CC-1003,MX
NST-PER-0844,Northstar IC 844,IC Product,NST-PER-0839,IC,person844@northstar-clinical.example.com,CC-1004,CN
NST-PER-0845,Northstar IC 845,IC Security,NST-PER-0840,IC,person845@northstar-clinical.example.com,CC-1005,JP
NST-PER-0846,Northstar IC 846,IC Finance,NST-PER-0841,IC,person846@northstar-clinical.example.com,CC-1006,SG
NST-PER-0847,Northstar IC 847,IC ERP,NST-PER-0842,IC,person847@northstar-clinical.example.com,CC-1007,BR
NST-PER-0848,Northstar IC 848,IC Quality,NST-PER-0843,IC,person848@northstar-clinical.example.com,CC-1008,FR
NST-PER-0849,Northstar IC 849,IC Manufacturing,NST-PER-0844,IC,person849@northstar-clinical.example.com,CC-1009,GB
NST-PER-0850,Northstar IC 850,IC HIS,NST-PER-0845,IC,person850@northstar-clinical.example.com,CC-1010,IN
NST-PER-0851,Northstar IC 851,IC Product,NST-PER-0846,IC,person851@northstar-clinical.example.com,CC-1011,CA
NST-PER-0852,Northstar IC 852,IC Security,NST-PER-0847,IC,person852@northstar-clinical.example.com,CC-1012,US
NST-PER-0853,Northstar IC 853,IC Finance,NST-PER-0848,IC,person853@northstar-clinical.example.com,CC-1013,DE
NST-PER-0854,Northstar IC 854,IC ERP,NST-PER-0849,IC,person854@northstar-clinical.example.com,CC-1014,IE
NST-PER-0855,Northstar IC 855,IC Quality,NST-PER-0850,IC,person855@northstar-clinical.example.com,CC-1015,MX
NST-PER-0856,Northstar IC 856,IC Manufacturing,NST-PER-0851,IC,person856@northstar-clinical.example.com,CC-1016,CN
NST-PER-0857,Northstar IC 857,IC HIS,NST-PER-0852,IC,person857@northstar-clinical.example.com,CC-1017,JP
NST-PER-0858,Northstar IC 858,IC Product,NST-PER-0853,IC,person858@northstar-clinical.example.com,CC-1018,SG
NST-PER-0859,Northstar IC 859,IC Security,NST-PER-0854,IC,person859@northstar-clinical.example.com,CC-1019,BR
NST-PER-0860,Northstar IC 860,IC Finance,NST-PER-0855,IC,person860@northstar-clinical.example.com,CC-1020,FR
NST-PER-0861,Northstar IC 861,IC ERP,NST-PER-0856,IC,person861@northstar-clinical.example.com,CC-1021,GB
NST-PER-0862,Northstar IC 862,IC Quality,NST-PER-0857,IC,person862@northstar-clinical.example.com,CC-1022,IN
NST-PER-0863,Northstar IC 863,IC Manufacturing,NST-PER-0858,IC,person863@northstar-clinical.example.com,CC-1023,CA
NST-PER-0864,Northstar IC 864,IC HIS,NST-PER-0859,IC,person864@northstar-clinical.example.com,CC-1024,US
NST-PER-0865,Northstar IC 865,IC Product,NST-PER-0860,IC,person865@northstar-clinical.example.com,CC-1025,DE
NST-PER-0866,Northstar IC 866,IC Security,NST-PER-0861,IC,person866@northstar-clinical.example.com,CC-1026,IE
NST-PER-0867,Northstar IC 867,IC Finance,NST-PER-0862,IC,person867@northstar-clinical.example.com,CC-1027,MX
NST-PER-0868,Northstar IC 868,IC ERP,NST-PER-0863,IC,person868@northstar-clinical.example.com,CC-1028,CN
NST-PER-0869,Northstar IC 869,IC Quality,NST-PER-0864,IC,person869@northstar-clinical.example.com,CC-1029,JP
NST-PER-0870,Northstar IC 870,IC Manufacturing,NST-PER-0865,IC,person870@northstar-clinical.example.com,CC-1030,SG
NST-PER-0871,Northstar IC 871,IC HIS,NST-PER-0866,IC,person871@northstar-clinical.example.com,CC-1031,BR
NST-PER-0872,Northstar IC 872,IC Product,NST-PER-0867,IC,person872@northstar-clinical.example.com,CC-1032,FR
NST-PER-0873,Northstar IC 873,IC Security,NST-PER-0868,IC,person873@northstar-clinical.example.com,CC-1033,GB
NST-PER-0874,Northstar IC 874,IC Finance,NST-PER-0869,IC,person874@northstar-clinical.example.com,CC-1034,IN
NST-PER-0875,Northstar IC 875,IC ERP,NST-PER-0870,IC,person875@northstar-clinical.example.com,CC-1035,CA
NST-PER-0876,Northstar IC 876,IC Quality,NST-PER-0871,IC,person876@northstar-clinical.example.com,CC-1036,US
NST-PER-0877,Northstar IC 877,IC Manufacturing,NST-PER-0872,IC,person877@northstar-clinical.example.com,CC-1037,DE
NST-PER-0878,Northstar IC 878,IC HIS,NST-PER-0873,IC,person878@northstar-clinical.example.com,CC-1038,IE
NST-PER-0879,Northstar IC 879,IC Product,NST-PER-0874,IC,person879@northstar-clinical.example.com,CC-1039,MX
NST-PER-0880,Northstar IC 880,IC Security,NST-PER-0875,IC,person880@northstar-clinical.example.com,CC-1040,CN
NST-PER-0881,Northstar IC 881,IC Finance,NST-PER-0876,IC,person881@northstar-clinical.example.com,CC-1041,JP
NST-PER-0882,Northstar IC 882,IC ERP,NST-PER-0877,IC,person882@northstar-clinical.example.com,CC-1042,SG
NST-PER-0883,Northstar IC 883,IC Quality,NST-PER-0878,IC,person883@northstar-clinical.example.com,CC-1043,BR
NST-PER-0884,Northstar IC 884,IC Manufacturing,NST-PER-0879,IC,person884@northstar-clinical.example.com,CC-1044,FR
NST-PER-0885,Northstar IC 885,IC HIS,NST-PER-0880,IC,person885@northstar-clinical.example.com,CC-1045,GB
NST-PER-0886,Northstar IC 886,IC Product,NST-PER-0881,IC,person886@northstar-clinical.example.com,CC-1046,IN
NST-PER-0887,Northstar IC 887,IC Security,NST-PER-0882,IC,person887@northstar-clinical.example.com,CC-1047,CA
NST-PER-0888,Northstar IC 888,IC Finance,NST-PER-0883,IC,person888@northstar-clinical.example.com,CC-1048,US
NST-PER-0889,Northstar IC 889,IC ERP,NST-PER-0884,IC,person889@northstar-clinical.example.com,CC-1049,DE
NST-PER-0890,Northstar IC 890,IC Quality,NST-PER-0885,IC,person890@northstar-clinical.example.com,CC-1050,IE
NST-PER-0891,Northstar IC 891,IC Manufacturing,NST-PER-0886,IC,person891@northstar-clinical.example.com,CC-1051,MX
NST-PER-0892,Northstar IC 892,IC HIS,NST-PER-0887,IC,person892@northstar-clinical.example.com,CC-1052,CN
NST-PER-0893,Northstar IC 893,IC Product,NST-PER-0888,IC,person893@northstar-clinical.example.com,CC-1053,JP
NST-PER-0894,Northstar IC 894,IC Security,NST-PER-0889,IC,person894@northstar-clinical.example.com,CC-1054,SG
NST-PER-0895,Northstar IC 895,IC Finance,NST-PER-0890,IC,person895@northstar-clinical.example.com,CC-1055,BR
NST-PER-0896,Northstar IC 896,IC ERP,NST-PER-0891,IC,person896@northstar-clinical.example.com,CC-1056,FR
NST-PER-0897,Northstar IC 897,IC Quality,NST-PER-0892,IC,person897@northstar-clinical.example.com,CC-1057,GB
NST-PER-0898,Northstar IC 898,IC Manufacturing,NST-PER-0893,IC,person898@northstar-clinical.example.com,CC-1058,IN
NST-PER-0899,Northstar IC 899,IC HIS,NST-PER-0894,IC,person899@northstar-clinical.example.com,CC-1059,CA
NST-PER-0900,Northstar IC 900,IC Product,NST-PER-0895,IC,person900@northstar-clinical.example.com,CC-1060,US
NST-PER-0901,Northstar IC 901,IC Security,NST-PER-0896,IC,person901@northstar-clinical.example.com,CC-1061,DE
NST-PER-0902,Northstar IC 902,IC Finance,NST-PER-0897,IC,person902@northstar-clinical.example.com,CC-1062,IE
NST-PER-0903,Northstar IC 903,IC ERP,NST-PER-0898,IC,person903@northstar-clinical.example.com,CC-1063,MX
NST-PER-0904,Northstar IC 904,IC Quality,NST-PER-0899,IC,person904@northstar-clinical.example.com,CC-1064,CN
NST-PER-0905,Northstar IC 905,IC Manufacturing,NST-PER-0900,IC,person905@northstar-clinical.example.com,CC-1065,JP
NST-PER-0906,Northstar IC 906,IC HIS,NST-PER-0901,IC,person906@northstar-clinical.example.com,CC-1066,SG
NST-PER-0907,Northstar IC 907,IC Product,NST-PER-0902,IC,person907@northstar-clinical.example.com,CC-1067,BR
NST-PER-0908,Northstar IC 908,IC Security,NST-PER-0903,IC,person908@northstar-clinical.example.com,CC-1068,FR
NST-PER-0909,Northstar IC 909,IC Finance,NST-PER-0904,IC,person909@northstar-clinical.example.com,CC-1069,GB
NST-PER-0910,Northstar IC 910,IC ERP,NST-PER-0905,IC,person910@northstar-clinical.example.com,CC-1070,IN
NST-PER-0911,Northstar IC 911,IC Quality,NST-PER-0906,IC,person911@northstar-clinical.example.com,CC-1071,CA
NST-PER-0912,Northstar IC 912,IC Manufacturing,NST-PER-0907,IC,person912@northstar-clinical.example.com,CC-1072,US
NST-PER-0913,Northstar IC 913,IC HIS,NST-PER-0908,IC,person913@northstar-clinical.example.com,CC-1073,DE
NST-PER-0914,Northstar IC 914,IC Product,NST-PER-0909,IC,person914@northstar-clinical.example.com,CC-1074,IE
NST-PER-0915,Northstar IC 915,IC Security,NST-PER-0910,IC,person915@northstar-clinical.example.com,CC-1075,MX
NST-PER-0916,Northstar IC 916,IC Finance,NST-PER-0911,IC,person916@northstar-clinical.example.com,CC-1076,CN
NST-PER-0917,Northstar IC 917,IC ERP,NST-PER-0912,IC,person917@northstar-clinical.example.com,CC-1077,JP
NST-PER-0918,Northstar IC 918,IC Quality,NST-PER-0913,IC,person918@northstar-clinical.example.com,CC-1078,SG
NST-PER-0919,Northstar IC 919,IC Manufacturing,NST-PER-0914,IC,person919@northstar-clinical.example.com,CC-1079,BR
NST-PER-0920,Northstar IC 920,IC HIS,NST-PER-0915,IC,person920@northstar-clinical.example.com,CC-1080,FR
NST-PER-0921,Northstar IC 921,IC Product,NST-PER-0916,IC,person921@northstar-clinical.example.com,CC-1081,GB
NST-PER-0922,Northstar IC 922,IC Security,NST-PER-0917,IC,person922@northstar-clinical.example.com,CC-1082,IN
NST-PER-0923,Northstar IC 923,IC Finance,NST-PER-0918,IC,person923@northstar-clinical.example.com,CC-1083,CA
NST-PER-0924,Northstar IC 924,IC ERP,NST-PER-0919,IC,person924@northstar-clinical.example.com,CC-1084,US
NST-PER-0925,Northstar IC 925,IC Quality,NST-PER-0920,IC,person925@northstar-clinical.example.com,CC-1085,DE
NST-PER-0926,Northstar IC 926,IC Manufacturing,NST-PER-0921,IC,person926@northstar-clinical.example.com,CC-1086,IE
NST-PER-0927,Northstar IC 927,IC HIS,NST-PER-0922,IC,person927@northstar-clinical.example.com,CC-1087,MX
NST-PER-0928,Northstar IC 928,IC Product,NST-PER-0923,IC,person928@northstar-clinical.example.com,CC-1088,CN
NST-PER-0929,Northstar IC 929,IC Security,NST-PER-0924,IC,person929@northstar-clinical.example.com,CC-1089,JP
NST-PER-0930,Northstar IC 930,IC Finance,NST-PER-0925,IC,person930@northstar-clinical.example.com,CC-1090,SG
NST-PER-0931,Northstar IC 931,IC ERP,NST-PER-0926,IC,person931@northstar-clinical.example.com,CC-1091,BR
NST-PER-0932,Northstar IC 932,IC Quality,NST-PER-0927,IC,person932@northstar-clinical.example.com,CC-1092,FR
NST-PER-0933,Northstar IC 933,IC Manufacturing,NST-PER-0928,IC,person933@northstar-clinical.example.com,CC-1093,GB
NST-PER-0934,Northstar IC 934,IC HIS,NST-PER-0929,IC,person934@northstar-clinical.example.com,CC-1094,IN
NST-PER-0935,Northstar IC 935,IC Product,NST-PER-0930,IC,person935@northstar-clinical.example.com,CC-1095,CA
NST-PER-0936,Northstar IC 936,IC Security,NST-PER-0931,IC,person936@northstar-clinical.example.com,CC-1096,US
NST-PER-0937,Northstar IC 937,IC Finance,NST-PER-0932,IC,person937@northstar-clinical.example.com,CC-1097,DE
NST-PER-0938,Northstar IC 938,IC ERP,NST-PER-0933,IC,person938@northstar-clinical.example.com,CC-1098,IE
NST-PER-0939,Northstar IC 939,IC Quality,NST-PER-0934,IC,person939@northstar-clinical.example.com,CC-1099,MX
NST-PER-0940,Northstar IC 940,IC Manufacturing,NST-PER-0935,IC,person940@northstar-clinical.example.com,CC-1100,CN
NST-PER-0941,Northstar IC 941,IC HIS,NST-PER-0936,IC,person941@northstar-clinical.example.com,CC-1101,JP
NST-PER-0942,Northstar IC 942,IC Product,NST-PER-0937,IC,person942@northstar-clinical.example.com,CC-1102,SG
NST-PER-0943,Northstar IC 943,IC Security,NST-PER-0938,IC,person943@northstar-clinical.example.com,CC-1103,BR
NST-PER-0944,Northstar IC 944,IC Finance,NST-PER-0939,IC,person944@northstar-clinical.example.com,CC-1104,FR
NST-PER-0945,Northstar IC 945,IC ERP,NST-PER-0940,IC,person945@northstar-clinical.example.com,CC-1105,GB
NST-PER-0946,Northstar IC 946,IC Quality,NST-PER-0941,IC,person946@northstar-clinical.example.com,CC-1106,IN
NST-PER-0947,Northstar IC 947,IC Manufacturing,NST-PER-0942,IC,person947@northstar-clinical.example.com,CC-1107,CA
NST-PER-0948,Northstar IC 948,IC HIS,NST-PER-0943,IC,person948@northstar-clinical.example.com,CC-1108,US
NST-PER-0949,Northstar IC 949,IC Product,NST-PER-0944,IC,person949@northstar-clinical.example.com,CC-1109,DE
NST-PER-0950,Northstar IC 950,IC Security,NST-PER-0945,IC,person950@northstar-clinical.example.com,CC-1110,IE
NST-PER-0951,Northstar IC 951,IC Finance,NST-PER-0946,IC,person951@northstar-clinical.example.com,CC-1111,MX
NST-PER-0952,Northstar IC 952,IC ERP,NST-PER-0947,IC,person952@northstar-clinical.example.com,CC-1112,CN
NST-PER-0953,Northstar IC 953,IC Quality,NST-PER-0948,IC,person953@northstar-clinical.example.com,CC-1113,JP
NST-PER-0954,Northstar IC 954,IC Manufacturing,NST-PER-0949,IC,person954@northstar-clinical.example.com,CC-1114,SG
NST-PER-0955,Northstar IC 955,IC HIS,NST-PER-0950,IC,person955@northstar-clinical.example.com,CC-1115,BR
NST-PER-0956,Northstar IC 956,IC Product,NST-PER-0951,IC,person956@northstar-clinical.example.com,CC-1116,FR
NST-PER-0957,Northstar IC 957,IC Security,NST-PER-0952,IC,person957@northstar-clinical.example.com,CC-1117,GB
NST-PER-0958,Northstar IC 958,IC Finance,NST-PER-0953,IC,person958@northstar-clinical.example.com,CC-1118,IN
NST-PER-0959,Northstar IC 959,IC ERP,NST-PER-0954,IC,person959@northstar-clinical.example.com,CC-1119,CA
NST-PER-0960,Northstar IC 960,IC Quality,NST-PER-0955,IC,person960@northstar-clinical.example.com,CC-1120,US
NST-PER-0961,Northstar IC 961,IC Manufacturing,NST-PER-0956,IC,person961@northstar-clinical.example.com,CC-1121,DE
NST-PER-0962,Northstar IC 962,IC HIS,NST-PER-0957,IC,person962@northstar-clinical.example.com,CC-1122,IE
NST-PER-0963,Northstar IC 963,IC Product,NST-PER-0958,IC,person963@northstar-clinical.example.com,CC-1123,MX
NST-PER-0964,Northstar IC 964,IC Security,NST-PER-0959,IC,person964@northstar-clinical.example.com,CC-1124,CN
NST-PER-0965,Northstar IC 965,IC Finance,NST-PER-0960,IC,person965@northstar-clinical.example.com,CC-1125,JP
NST-PER-0966,Northstar IC 966,IC ERP,NST-PER-0961,IC,person966@northstar-clinical.example.com,CC-1126,SG
NST-PER-0967,Northstar IC 967,IC Quality,NST-PER-0962,IC,person967@northstar-clinical.example.com,CC-1127,BR
NST-PER-0968,Northstar IC 968,IC Manufacturing,NST-PER-0963,IC,person968@northstar-clinical.example.com,CC-1128,FR
NST-PER-0969,Northstar IC 969,IC HIS,NST-PER-0964,IC,person969@northstar-clinical.example.com,CC-1129,GB
NST-PER-0970,Northstar IC 970,IC Product,NST-PER-0965,IC,person970@northstar-clinical.example.com,CC-1130,IN
NST-PER-0971,Northstar IC 971,IC Security,NST-PER-0966,IC,person971@northstar-clinical.example.com,CC-1131,CA
NST-PER-0972,Northstar IC 972,IC Finance,NST-PER-0967,IC,person972@northstar-clinical.example.com,CC-1132,US
NST-PER-0973,Northstar IC 973,IC ERP,NST-PER-0968,IC,person973@northstar-clinical.example.com,CC-1133,DE
NST-PER-0974,Northstar IC 974,IC Quality,NST-PER-0969,IC,person974@northstar-clinical.example.com,CC-1134,IE
NST-PER-0975,Northstar IC 975,IC Manufacturing,NST-PER-0970,IC,person975@northstar-clinical.example.com,CC-1135,MX
NST-PER-0976,Northstar IC 976,IC HIS,NST-PER-0971,IC,person976@northstar-clinical.example.com,CC-1136,CN
NST-PER-0977,Northstar IC 977,IC Product,NST-PER-0972,IC,person977@northstar-clinical.example.com,CC-1137,JP
NST-PER-0978,Northstar IC 978,IC Security,NST-PER-0973,IC,person978@northstar-clinical.example.com,CC-1138,SG
NST-PER-0979,Northstar IC 979,IC Finance,NST-PER-0974,IC,person979@northstar-clinical.example.com,CC-1139,BR
NST-PER-0980,Northstar IC 980,IC ERP,NST-PER-0975,IC,person980@northstar-clinical.example.com,CC-1140,FR
NST-PER-0981,Northstar IC 981,IC Quality,NST-PER-0976,IC,person981@northstar-clinical.example.com,CC-1141,GB
NST-PER-0982,Northstar IC 982,IC Manufacturing,NST-PER-0977,IC,person982@northstar-clinical.example.com,CC-1142,IN
NST-PER-0983,Northstar IC 983,IC HIS,NST-PER-0978,IC,person983@northstar-clinical.example.com,CC-1143,CA
NST-PER-0984,Northstar IC 984,IC Product,NST-PER-0979,IC,person984@northstar-clinical.example.com,CC-1144,US
NST-PER-0985,Northstar IC 985,IC Security,NST-PER-0980,IC,person985@northstar-clinical.example.com,CC-1145,DE
NST-PER-0986,Northstar IC 986,IC Finance,NST-PER-0981,IC,person986@northstar-clinical.example.com,CC-1146,IE
NST-PER-0987,Northstar IC 987,IC ERP,NST-PER-0982,IC,person987@northstar-clinical.example.com,CC-1147,MX
NST-PER-0988,Northstar IC 988,IC Quality,NST-PER-0983,IC,person988@northstar-clinical.example.com,CC-1148,CN
NST-PER-0989,Northstar IC 989,IC Manufacturing,NST-PER-0984,IC,person989@northstar-clinical.example.com,CC-1149,JP
NST-PER-0990,Northstar IC 990,IC HIS,NST-PER-0985,IC,person990@northstar-clinical.example.com,CC-1150,SG
NST-PER-0991,Northstar IC 991,IC Product,NST-PER-0986,IC,person991@northstar-clinical.example.com,CC-1151,BR
NST-PER-0992,Northstar IC 992,IC Security,NST-PER-0987,IC,person992@northstar-clinical.example.com,CC-1152,FR
NST-PER-0993,Northstar IC 993,IC Finance,NST-PER-0988,IC,person993@northstar-clinical.example.com,CC-1153,GB
NST-PER-0994,Northstar IC 994,IC ERP,NST-PER-0989,IC,person994@northstar-clinical.example.com,CC-1154,IN
NST-PER-0995,Northstar IC 995,IC Quality,NST-PER-0990,IC,person995@northstar-clinical.example.com,CC-1155,CA
NST-PER-0996,Northstar IC 996,IC Manufacturing,NST-PER-0991,IC,person996@northstar-clinical.example.com,CC-1156,US
NST-PER-0997,Northstar IC 997,IC HIS,NST-PER-0992,IC,person997@northstar-clinical.example.com,CC-1157,DE
NST-PER-0998,Northstar IC 998,IC Product,NST-PER-0993,IC,person998@northstar-clinical.example.com,CC-1158,IE
NST-PER-0999,Northstar IC 999,IC Security,NST-PER-0994,IC,person999@northstar-clinical.example.com,CC-1159,MX
NST-PER-1000,Northstar IC 1000,IC Finance,NST-PER-0995,IC,person1000@northstar-clinical.example.com,CC-1160,CN
NST-PER-1001,Northstar IC 1001,IC ERP,NST-PER-0996,IC,person1001@northstar-clinical.example.com,CC-1161,JP
NST-PER-1002,Northstar IC 1002,IC Quality,NST-PER-0997,IC,person1002@northstar-clinical.example.com,CC-1162,SG
NST-PER-1003,Northstar IC 1003,IC Manufacturing,NST-PER-0998,IC,person1003@northstar-clinical.example.com,CC-1163,BR
NST-PER-1004,Northstar IC 1004,IC HIS,NST-PER-0999,IC,person1004@northstar-clinical.example.com,CC-1164,FR
NST-PER-1005,Northstar IC 1005,IC Product,NST-PER-1000,IC,person1005@northstar-clinical.example.com,CC-1165,GB
NST-PER-1006,Northstar IC 1006,IC Security,NST-PER-1001,IC,person1006@northstar-clinical.example.com,CC-1166,IN
NST-PER-1007,Northstar IC 1007,IC Finance,NST-PER-1002,IC,person1007@northstar-clinical.example.com,CC-1167,CA
NST-PER-1008,Northstar IC 1008,IC ERP,NST-PER-1003,IC,person1008@northstar-clinical.example.com,CC-1168,US
NST-PER-1009,Northstar IC 1009,IC Quality,NST-PER-1004,IC,person1009@northstar-clinical.example.com,CC-1169,DE
NST-PER-1010,Northstar IC 1010,IC Manufacturing,NST-PER-1005,IC,person1010@northstar-clinical.example.com,CC-1170,IE
NST-PER-1011,Northstar IC 1011,IC HIS,NST-PER-1006,IC,person1011@northstar-clinical.example.com,CC-1171,MX
NST-PER-1012,Northstar IC 1012,IC Product,NST-PER-1007,IC,person1012@northstar-clinical.example.com,CC-1172,CN
NST-PER-1013,Northstar IC 1013,IC Security,NST-PER-1008,IC,person1013@northstar-clinical.example.com,CC-1173,JP
NST-PER-1014,Northstar IC 1014,IC Finance,NST-PER-1009,IC,person1014@northstar-clinical.example.com,CC-1174,SG
NST-PER-1015,Northstar IC 1015,IC ERP,NST-PER-1010,IC,person1015@northstar-clinical.example.com,CC-1175,BR
NST-PER-1016,Northstar IC 1016,IC Quality,NST-PER-1011,IC,person1016@northstar-clinical.example.com,CC-1176,FR
NST-PER-1017,Northstar IC 1017,IC Manufacturing,NST-PER-1012,IC,person1017@northstar-clinical.example.com,CC-1177,GB
NST-PER-1018,Northstar IC 1018,IC HIS,NST-PER-1013,IC,person1018@northstar-clinical.example.com,CC-1178,IN
NST-PER-1019,Northstar IC 1019,IC Product,NST-PER-1014,IC,person1019@northstar-clinical.example.com,CC-1179,CA
NST-PER-1020,Northstar IC 1020,IC Security,NST-PER-1015,IC,person1020@northstar-clinical.example.com,CC-1180,US
NST-PER-1021,Northstar IC 1021,IC Finance,NST-PER-1016,IC,person1021@northstar-clinical.example.com,CC-1181,DE
NST-PER-1022,Northstar IC 1022,IC ERP,NST-PER-1017,IC,person1022@northstar-clinical.example.com,CC-1182,IE
NST-PER-1023,Northstar IC 1023,IC Quality,NST-PER-1018,IC,person1023@northstar-clinical.example.com,CC-1183,MX
NST-PER-1024,Northstar IC 1024,IC Manufacturing,NST-PER-1019,IC,person1024@northstar-clinical.example.com,CC-1184,CN
NST-PER-1025,Northstar IC 1025,IC HIS,NST-PER-1020,IC,person1025@northstar-clinical.example.com,CC-1185,JP
NST-PER-1026,Northstar IC 1026,IC Product,NST-PER-1021,IC,person1026@northstar-clinical.example.com,CC-1186,SG
NST-PER-1027,Northstar IC 1027,IC Security,NST-PER-1022,IC,person1027@northstar-clinical.example.com,CC-1187,BR
NST-PER-1028,Northstar IC 1028,IC Finance,NST-PER-1023,IC,person1028@northstar-clinical.example.com,CC-1188,FR
NST-PER-1029,Northstar IC 1029,IC ERP,NST-PER-1024,IC,person1029@northstar-clinical.example.com,CC-1189,GB
NST-PER-1030,Northstar IC 1030,IC Quality,NST-PER-1025,IC,person1030@northstar-clinical.example.com,CC-1190,IN
NST-PER-1031,Northstar IC 1031,IC Manufacturing,NST-PER-1026,IC,person1031@northstar-clinical.example.com,CC-1191,CA
NST-PER-1032,Northstar IC 1032,IC HIS,NST-PER-1027,IC,person1032@northstar-clinical.example.com,CC-1192,US
NST-PER-1033,Northstar IC 1033,IC Product,NST-PER-1028,IC,person1033@northstar-clinical.example.com,CC-1193,DE
NST-PER-1034,Northstar IC 1034,IC Security,NST-PER-1029,IC,person1034@northstar-clinical.example.com,CC-1194,IE
NST-PER-1035,Northstar IC 1035,IC Finance,NST-PER-1030,IC,person1035@northstar-clinical.example.com,CC-1195,MX
NST-PER-1036,Northstar IC 1036,IC ERP,NST-PER-1031,IC,person1036@northstar-clinical.example.com,CC-1196,CN
NST-PER-1037,Northstar IC 1037,IC Quality,NST-PER-1032,IC,person1037@northstar-clinical.example.com,CC-1197,JP
NST-PER-1038,Northstar IC 1038,IC Manufacturing,NST-PER-1033,IC,person1038@northstar-clinical.example.com,CC-1198,SG
NST-PER-1039,Northstar IC 1039,IC HIS,NST-PER-1034,IC,person1039@northstar-clinical.example.com,CC-1199,BR
NST-PER-1040,Northstar IC 1040,IC Product,NST-PER-1035,IC,person1040@northstar-clinical.example.com,CC-1200,FR
NST-PER-1041,Northstar IC 1041,IC Security,NST-PER-1036,IC,person1041@northstar-clinical.example.com,CC-1201,GB
NST-PER-1042,Northstar IC 1042,IC Finance,NST-PER-1037,IC,person1042@northstar-clinical.example.com,CC-1202,IN
NST-PER-1043,Northstar IC 1043,IC ERP,NST-PER-1038,IC,person1043@northstar-clinical.example.com,CC-1203,CA
NST-PER-1044,Northstar IC 1044,IC Quality,NST-PER-1039,IC,person1044@northstar-clinical.example.com,CC-1204,US
NST-PER-1045,Northstar IC 1045,IC Manufacturing,NST-PER-1040,IC,person1045@northstar-clinical.example.com,CC-1205,DE
NST-PER-1046,Northstar IC 1046,IC HIS,NST-PER-1041,IC,person1046@northstar-clinical.example.com,CC-1206,IE
NST-PER-1047,Northstar IC 1047,IC Product,NST-PER-1042,IC,person1047@northstar-clinical.example.com,CC-1207,MX
NST-PER-1048,Northstar IC 1048,IC Security,NST-PER-1043,IC,person1048@northstar-clinical.example.com,CC-1208,CN
NST-PER-1049,Northstar IC 1049,IC Finance,NST-PER-1044,IC,person1049@northstar-clinical.example.com,CC-1209,JP
NST-PER-1050,Northstar IC 1050,IC ERP,NST-PER-1045,IC,person1050@northstar-clinical.example.com,CC-1210,SG
NST-PER-1051,Northstar IC 1051,IC Quality,NST-PER-1046,IC,person1051@northstar-clinical.example.com,CC-1211,BR
NST-PER-1052,Northstar IC 1052,IC Manufacturing,NST-PER-1047,IC,person1052@northstar-clinical.example.com,CC-1212,FR
NST-PER-1053,Northstar IC 1053,IC HIS,NST-PER-1048,IC,person1053@northstar-clinical.example.com,CC-1213,GB
NST-PER-1054,Northstar IC 1054,IC Product,NST-PER-1049,IC,person1054@northstar-clinical.example.com,CC-1214,IN
NST-PER-1055,Northstar IC 1055,IC Security,NST-PER-1050,IC,person1055@northstar-clinical.example.com,CC-1215,CA
NST-PER-1056,Northstar IC 1056,IC Finance,NST-PER-1051,IC,person1056@northstar-clinical.example.com,CC-1216,US
NST-PER-1057,Northstar IC 1057,IC ERP,NST-PER-1052,IC,person1057@northstar-clinical.example.com,CC-1217,DE
NST-PER-1058,Northstar IC 1058,IC Quality,NST-PER-1053,IC,person1058@northstar-clinical.example.com,CC-1218,IE
NST-PER-1059,Northstar IC 1059,IC Manufacturing,NST-PER-1054,IC,person1059@northstar-clinical.example.com,CC-1219,MX
NST-PER-1060,Northstar IC 1060,IC HIS,NST-PER-1055,IC,person1060@northstar-clinical.example.com,CC-1220,CN
NST-PER-1061,Northstar IC 1061,IC Product,NST-PER-1056,IC,person1061@northstar-clinical.example.com,CC-1221,JP
NST-PER-1062,Northstar IC 1062,IC Security,NST-PER-1057,IC,person1062@northstar-clinical.example.com,CC-1222,SG
NST-PER-1063,Northstar IC 1063,IC Finance,NST-PER-1058,IC,person1063@northstar-clinical.example.com,CC-1223,BR
NST-PER-1064,Northstar IC 1064,IC ERP,NST-PER-1059,IC,person1064@northstar-clinical.example.com,CC-1224,FR
NST-PER-1065,Northstar IC 1065,IC Quality,NST-PER-1060,IC,person1065@northstar-clinical.example.com,CC-1225,GB
NST-PER-1066,Northstar IC 1066,IC Manufacturing,NST-PER-1061,IC,person1066@northstar-clinical.example.com,CC-1226,IN
NST-PER-1067,Northstar IC 1067,IC HIS,NST-PER-1062,IC,person1067@northstar-clinical.example.com,CC-1227,CA
NST-PER-1068,Northstar IC 1068,IC Product,NST-PER-1063,IC,person1068@northstar-clinical.example.com,CC-1228,US
NST-PER-1069,Northstar IC 1069,IC Security,NST-PER-1064,IC,person1069@northstar-clinical.example.com,CC-1229,DE
NST-PER-1070,Northstar IC 1070,IC Finance,NST-PER-1065,IC,person1070@northstar-clinical.example.com,CC-1230,IE
NST-PER-1071,Northstar IC 1071,IC ERP,NST-PER-1066,IC,person1071@northstar-clinical.example.com,CC-1231,MX
NST-PER-1072,Northstar IC 1072,IC Quality,NST-PER-1067,IC,person1072@northstar-clinical.example.com,CC-1232,CN
NST-PER-1073,Northstar IC 1073,IC Manufacturing,NST-PER-1068,IC,person1073@northstar-clinical.example.com,CC-1233,JP
NST-PER-1074,Northstar IC 1074,IC HIS,NST-PER-1069,IC,person1074@northstar-clinical.example.com,CC-1234,SG
NST-PER-1075,Northstar IC 1075,IC Product,NST-PER-1070,IC,person1075@northstar-clinical.example.com,CC-1235,BR
NST-PER-1076,Northstar IC 1076,IC Security,NST-PER-1071,IC,person1076@northstar-clinical.example.com,CC-1236,FR
NST-PER-1077,Northstar IC 1077,IC Finance,NST-PER-1072,IC,person1077@northstar-clinical.example.com,CC-1237,GB
NST-PER-1078,Northstar IC 1078,IC ERP,NST-PER-1073,IC,person1078@northstar-clinical.example.com,CC-1238,IN
NST-PER-1079,Northstar IC 1079,IC Quality,NST-PER-1074,IC,person1079@northstar-clinical.example.com,CC-1239,CA
NST-PER-1080,Northstar IC 1080,IC Manufacturing,NST-PER-1075,IC,person1080@northstar-clinical.example.com,CC-1240,US
NST-PER-1081,Northstar IC 1081,IC HIS,NST-PER-1076,IC,person1081@northstar-clinical.example.com,CC-1241,DE
NST-PER-1082,Northstar IC 1082,IC Product,NST-PER-1077,IC,person1082@northstar-clinical.example.com,CC-1242,IE
NST-PER-1083,Northstar IC 1083,IC Security,NST-PER-1078,IC,person1083@northstar-clinical.example.com,CC-1243,MX
NST-PER-1084,Northstar IC 1084,IC Finance,NST-PER-1079,IC,person1084@northstar-clinical.example.com,CC-1244,CN
NST-PER-1085,Northstar IC 1085,IC ERP,NST-PER-1080,IC,person1085@northstar-clinical.example.com,CC-1245,JP
NST-PER-1086,Northstar IC 1086,IC Quality,NST-PER-1081,IC,person1086@northstar-clinical.example.com,CC-1246,SG
NST-PER-1087,Northstar IC 1087,IC Manufacturing,NST-PER-1082,IC,person1087@northstar-clinical.example.com,CC-1247,BR
NST-PER-1088,Northstar IC 1088,IC HIS,NST-PER-1083,IC,person1088@northstar-clinical.example.com,CC-1248,FR
NST-PER-1089,Northstar IC 1089,IC Product,NST-PER-1084,IC,person1089@northstar-clinical.example.com,CC-1249,GB
NST-PER-1090,Northstar IC 1090,IC Security,NST-PER-1085,IC,person1090@northstar-clinical.example.com,CC-1250,IN
NST-PER-1091,Northstar IC 1091,IC Finance,NST-PER-1086,IC,person1091@northstar-clinical.example.com,CC-1251,CA
NST-PER-1092,Northstar IC 1092,IC ERP,NST-PER-1087,IC,person1092@northstar-clinical.example.com,CC-1252,US
NST-PER-1093,Northstar IC 1093,IC Quality,NST-PER-1088,IC,person1093@northstar-clinical.example.com,CC-1253,DE
NST-PER-1094,Northstar IC 1094,IC Manufacturing,NST-PER-1089,IC,person1094@northstar-clinical.example.com,CC-1254,IE
NST-PER-1095,Northstar IC 1095,IC HIS,NST-PER-1090,IC,person1095@northstar-clinical.example.com,CC-1255,MX
NST-PER-1096,Northstar IC 1096,IC Product,NST-PER-1091,IC,person1096@northstar-clinical.example.com,CC-1256,CN
NST-PER-1097,Northstar IC 1097,IC Security,NST-PER-1092,IC,person1097@northstar-clinical.example.com,CC-1257,JP
NST-PER-1098,Northstar IC 1098,IC Finance,NST-PER-1093,IC,person1098@northstar-clinical.example.com,CC-1258,SG
NST-PER-1099,Northstar IC 1099,IC ERP,NST-PER-1094,IC,person1099@northstar-clinical.example.com,CC-1259,BR
NST-PER-1100,Northstar IC 1100,IC Quality,NST-PER-1095,IC,person1100@northstar-clinical.example.com,CC-1260,FR
NST-PER-1101,Northstar IC 1101,IC Manufacturing,NST-PER-1096,IC,person1101@northstar-clinical.example.com,CC-1261,GB
NST-PER-1102,Northstar IC 1102,IC HIS,NST-PER-1097,IC,person1102@northstar-clinical.example.com,CC-1262,IN
NST-PER-1103,Northstar IC 1103,IC Product,NST-PER-1098,IC,person1103@northstar-clinical.example.com,CC-1263,CA
NST-PER-1104,Northstar IC 1104,IC Security,NST-PER-1099,IC,person1104@northstar-clinical.example.com,CC-1264,US
NST-PER-1105,Northstar IC 1105,IC Finance,NST-PER-1100,IC,person1105@northstar-clinical.example.com,CC-1265,DE
NST-PER-1106,Northstar IC 1106,IC ERP,NST-PER-1101,IC,person1106@northstar-clinical.example.com,CC-1266,IE
NST-PER-1107,Northstar IC 1107,IC Quality,NST-PER-1102,IC,person1107@northstar-clinical.example.com,CC-1267,MX
NST-PER-1108,Northstar IC 1108,IC Manufacturing,NST-PER-1103,IC,person1108@northstar-clinical.example.com,CC-1268,CN
NST-PER-1109,Northstar IC 1109,IC HIS,NST-PER-1104,IC,person1109@northstar-clinical.example.com,CC-1269,JP
NST-PER-1110,Northstar IC 1110,IC Product,NST-PER-1105,IC,person1110@northstar-clinical.example.com,CC-1270,SG
NST-PER-1111,Northstar IC 1111,IC Security,NST-PER-1106,IC,person1111@northstar-clinical.example.com,CC-1271,BR
NST-PER-1112,Northstar IC 1112,IC Finance,NST-PER-1107,IC,person1112@northstar-clinical.example.com,CC-1272,FR
NST-PER-1113,Northstar IC 1113,IC ERP,NST-PER-1108,IC,person1113@northstar-clinical.example.com,CC-1273,GB
NST-PER-1114,Northstar IC 1114,IC Quality,NST-PER-1109,IC,person1114@northstar-clinical.example.com,CC-1274,IN
NST-PER-1115,Northstar IC 1115,IC Manufacturing,NST-PER-1110,IC,person1115@northstar-clinical.example.com,CC-1275,CA
NST-PER-1116,Northstar IC 1116,IC HIS,NST-PER-1111,IC,person1116@northstar-clinical.example.com,CC-1276,US
NST-PER-1117,Northstar IC 1117,IC Product,NST-PER-1112,IC,person1117@northstar-clinical.example.com,CC-1277,DE
NST-PER-1118,Northstar IC 1118,IC Security,NST-PER-1113,IC,person1118@northstar-clinical.example.com,CC-1278,IE
NST-PER-1119,Northstar IC 1119,IC Finance,NST-PER-1114,IC,person1119@northstar-clinical.example.com,CC-1279,MX
NST-PER-1120,Northstar IC 1120,IC ERP,NST-PER-1115,IC,person1120@northstar-clinical.example.com,CC-1000,CN
NST-PER-1121,Northstar IC 1121,IC Quality,NST-PER-1116,IC,person1121@northstar-clinical.example.com,CC-1001,JP
NST-PER-1122,Northstar IC 1122,IC Manufacturing,NST-PER-1117,IC,person1122@northstar-clinical.example.com,CC-1002,SG
NST-PER-1123,Northstar IC 1123,IC HIS,NST-PER-1118,IC,person1123@northstar-clinical.example.com,CC-1003,BR
NST-PER-1124,Northstar IC 1124,IC Product,NST-PER-1119,IC,person1124@northstar-clinical.example.com,CC-1004,FR
NST-PER-1125,Northstar IC 1125,IC Security,NST-PER-1120,IC,person1125@northstar-clinical.example.com,CC-1005,GB
NST-PER-1126,Northstar IC 1126,IC Finance,NST-PER-1121,IC,person1126@northstar-clinical.example.com,CC-1006,IN
NST-PER-1127,Northstar IC 1127,IC ERP,NST-PER-1122,IC,person1127@northstar-clinical.example.com,CC-1007,CA
NST-PER-1128,Northstar IC 1128,IC Quality,NST-PER-1123,IC,person1128@northstar-clinical.example.com,CC-1008,US
NST-PER-1129,Northstar IC 1129,IC Manufacturing,NST-PER-1124,IC,person1129@northstar-clinical.example.com,CC-1009,DE
NST-PER-1130,Northstar IC 1130,IC HIS,NST-PER-1125,IC,person1130@northstar-clinical.example.com,CC-1010,IE
NST-PER-1131,Northstar IC 1131,IC Product,NST-PER-1126,IC,person1131@northstar-clinical.example.com,CC-1011,MX
NST-PER-1132,Northstar IC 1132,IC Security,NST-PER-1127,IC,person1132@northstar-clinical.example.com,CC-1012,CN
NST-PER-1133,Northstar IC 1133,IC Finance,NST-PER-1128,IC,person1133@northstar-clinical.example.com,CC-1013,JP
NST-PER-1134,Northstar IC 1134,IC ERP,NST-PER-1129,IC,person1134@northstar-clinical.example.com,CC-1014,SG
NST-PER-1135,Northstar IC 1135,IC Quality,NST-PER-1130,IC,person1135@northstar-clinical.example.com,CC-1015,BR
NST-PER-1136,Northstar IC 1136,IC Manufacturing,NST-PER-1131,IC,person1136@northstar-clinical.example.com,CC-1016,FR
NST-PER-1137,Northstar IC 1137,IC HIS,NST-PER-1132,IC,person1137@northstar-clinical.example.com,CC-1017,GB
NST-PER-1138,Northstar IC 1138,IC Product,NST-PER-1133,IC,person1138@northstar-clinical.example.com,CC-1018,IN
NST-PER-1139,Northstar IC 1139,IC Security,NST-PER-1134,IC,person1139@northstar-clinical.example.com,CC-1019,CA
NST-PER-1140,Northstar IC 1140,IC Finance,NST-PER-1135,IC,person1140@northstar-clinical.example.com,CC-1020,US
NST-PER-1141,Northstar IC 1141,IC ERP,NST-PER-1136,IC,person1141@northstar-clinical.example.com,CC-1021,DE
NST-PER-1142,Northstar IC 1142,IC Quality,NST-PER-1137,IC,person1142@northstar-clinical.example.com,CC-1022,IE
NST-PER-1143,Northstar IC 1143,IC Manufacturing,NST-PER-1138,IC,person1143@northstar-clinical.example.com,CC-1023,MX
NST-PER-1144,Northstar IC 1144,IC HIS,NST-PER-1139,IC,person1144@northstar-clinical.example.com,CC-1024,CN
NST-PER-1145,Northstar IC 1145,IC Product,NST-PER-1140,IC,person1145@northstar-clinical.example.com,CC-1025,JP
NST-PER-1146,Northstar IC 1146,IC Security,NST-PER-1141,IC,person1146@northstar-clinical.example.com,CC-1026,SG
NST-PER-1147,Northstar IC 1147,IC Finance,NST-PER-1142,IC,person1147@northstar-clinical.example.com,CC-1027,BR
NST-PER-1148,Northstar IC 1148,IC ERP,NST-PER-1143,IC,person1148@northstar-clinical.example.com,CC-1028,FR
NST-PER-1149,Northstar IC 1149,IC Quality,NST-PER-1144,IC,person1149@northstar-clinical.example.com,CC-1029,GB
NST-PER-1150,Northstar IC 1150,IC Manufacturing,NST-PER-1145,IC,person1150@northstar-clinical.example.com,CC-1030,IN
NST-PER-1151,Northstar IC 1151,IC HIS,NST-PER-1146,IC,person1151@northstar-clinical.example.com,CC-1031,CA
NST-PER-1152,Northstar IC 1152,IC Product,NST-PER-1147,IC,person1152@northstar-clinical.example.com,CC-1032,US
NST-PER-1153,Northstar IC 1153,IC Security,NST-PER-1148,IC,person1153@northstar-clinical.example.com,CC-1033,DE
NST-PER-1154,Northstar IC 1154,IC Finance,NST-PER-1149,IC,person1154@northstar-clinical.example.com,CC-1034,IE
NST-PER-1155,Northstar IC 1155,IC ERP,NST-PER-1150,IC,person1155@northstar-clinical.example.com,CC-1035,MX
NST-PER-1156,Northstar IC 1156,IC Quality,NST-PER-1151,IC,person1156@northstar-clinical.example.com,CC-1036,CN
NST-PER-1157,Northstar IC 1157,IC Manufacturing,NST-PER-1152,IC,person1157@northstar-clinical.example.com,CC-1037,JP
NST-PER-1158,Northstar IC 1158,IC HIS,NST-PER-1153,IC,person1158@northstar-clinical.example.com,CC-1038,SG
NST-PER-1159,Northstar IC 1159,IC Product,NST-PER-1154,IC,person1159@northstar-clinical.example.com,CC-1039,BR
NST-PER-1160,Northstar IC 1160,IC Security,NST-PER-1155,IC,person1160@northstar-clinical.example.com,CC-1040,FR
NST-PER-1161,Northstar IC 1161,IC Finance,NST-PER-1156,IC,person1161@northstar-clinical.example.com,CC-1041,GB
NST-PER-1162,Northstar IC 1162,IC ERP,NST-PER-1157,IC,person1162@northstar-clinical.example.com,CC-1042,IN
NST-PER-1163,Northstar IC 1163,IC Quality,NST-PER-1158,IC,person1163@northstar-clinical.example.com,CC-1043,CA
NST-PER-1164,Northstar IC 1164,IC Manufacturing,NST-PER-1159,IC,person1164@northstar-clinical.example.com,CC-1044,US
NST-PER-1165,Northstar IC 1165,IC HIS,NST-PER-1160,IC,person1165@northstar-clinical.example.com,CC-1045,DE
NST-PER-1166,Northstar IC 1166,IC Product,NST-PER-1161,IC,person1166@northstar-clinical.example.com,CC-1046,IE
NST-PER-1167,Northstar IC 1167,IC Security,NST-PER-1162,IC,person1167@northstar-clinical.example.com,CC-1047,MX
NST-PER-1168,Northstar IC 1168,IC Finance,NST-PER-1163,IC,person1168@northstar-clinical.example.com,CC-1048,CN
NST-PER-1169,Northstar IC 1169,IC ERP,NST-PER-1164,IC,person1169@northstar-clinical.example.com,CC-1049,JP
NST-PER-1170,Northstar IC 1170,IC Quality,NST-PER-1165,IC,person1170@northstar-clinical.example.com,CC-1050,SG
NST-PER-1171,Northstar IC 1171,IC Manufacturing,NST-PER-1166,IC,person1171@northstar-clinical.example.com,CC-1051,BR
NST-PER-1172,Northstar IC 1172,IC HIS,NST-PER-1167,IC,person1172@northstar-clinical.example.com,CC-1052,FR
NST-PER-1173,Northstar IC 1173,IC Product,NST-PER-1168,IC,person1173@northstar-clinical.example.com,CC-1053,GB
NST-PER-1174,Northstar IC 1174,IC Security,NST-PER-1169,IC,person1174@northstar-clinical.example.com,CC-1054,IN
NST-PER-1175,Northstar IC 1175,IC Finance,NST-PER-1170,IC,person1175@northstar-clinical.example.com,CC-1055,CA
NST-PER-1176,Northstar IC 1176,IC ERP,NST-PER-1171,IC,person1176@northstar-clinical.example.com,CC-1056,US
NST-PER-1177,Northstar IC 1177,IC Quality,NST-PER-1172,IC,person1177@northstar-clinical.example.com,CC-1057,DE
NST-PER-1178,Northstar IC 1178,IC Manufacturing,NST-PER-1173,IC,person1178@northstar-clinical.example.com,CC-1058,IE
NST-PER-1179,Northstar IC 1179,IC HIS,NST-PER-1174,IC,person1179@northstar-clinical.example.com,CC-1059,MX
NST-PER-1180,Northstar IC 1180,IC Product,NST-PER-1175,IC,person1180@northstar-clinical.example.com,CC-1060,CN
NST-PER-1181,Northstar IC 1181,IC Security,NST-PER-1176,IC,person1181@northstar-clinical.example.com,CC-1061,JP
NST-PER-1182,Northstar IC 1182,IC Finance,NST-PER-1177,IC,person1182@northstar-clinical.example.com,CC-1062,SG
NST-PER-1183,Northstar IC 1183,IC ERP,NST-PER-1178,IC,person1183@northstar-clinical.example.com,CC-1063,BR
NST-PER-1184,Northstar IC 1184,IC Quality,NST-PER-1179,IC,person1184@northstar-clinical.example.com,CC-1064,FR
NST-PER-1185,Northstar IC 1185,IC Manufacturing,NST-PER-1180,IC,person1185@northstar-clinical.example.com,CC-1065,GB
NST-PER-1186,Northstar IC 1186,IC HIS,NST-PER-1181,IC,person1186@northstar-clinical.example.com,CC-1066,IN
NST-PER-1187,Northstar IC 1187,IC Product,NST-PER-1182,IC,person1187@northstar-clinical.example.com,CC-1067,CA
NST-PER-1188,Northstar IC 1188,IC Security,NST-PER-1183,IC,person1188@northstar-clinical.example.com,CC-1068,US
NST-PER-1189,Northstar IC 1189,IC Finance,NST-PER-1184,IC,person1189@northstar-clinical.example.com,CC-1069,DE
NST-PER-1190,Northstar IC 1190,IC ERP,NST-PER-1185,IC,person1190@northstar-clinical.example.com,CC-1070,IE
NST-PER-1191,Northstar IC 1191,IC Quality,NST-PER-1186,IC,person1191@northstar-clinical.example.com,CC-1071,MX
NST-PER-1192,Northstar IC 1192,IC Manufacturing,NST-PER-1187,IC,person1192@northstar-clinical.example.com,CC-1072,CN
NST-PER-1193,Northstar IC 1193,IC HIS,NST-PER-1188,IC,person1193@northstar-clinical.example.com,CC-1073,JP
NST-PER-1194,Northstar IC 1194,IC Product,NST-PER-1189,IC,person1194@northstar-clinical.example.com,CC-1074,SG
NST-PER-1195,Northstar IC 1195,IC Security,NST-PER-1190,IC,person1195@northstar-clinical.example.com,CC-1075,BR
NST-PER-1196,Northstar IC 1196,IC Finance,NST-PER-1191,IC,person1196@northstar-clinical.example.com,CC-1076,FR
NST-PER-1197,Northstar IC 1197,IC ERP,NST-PER-1192,IC,person1197@northstar-clinical.example.com,CC-1077,GB
NST-PER-1198,Northstar IC 1198,IC Quality,NST-PER-1193,IC,person1198@northstar-clinical.example.com,CC-1078,IN
NST-PER-1199,Northstar IC 1199,IC Manufacturing,NST-PER-1194,IC,person1199@northstar-clinical.example.com,CC-1079,CA
NST-PER-1200,Northstar IC 1200,IC HIS,NST-PER-1195,IC,person1200@northstar-clinical.example.com,CC-1080,US
NST-PER-1201,Northstar IC 1201,IC Product,NST-PER-1196,IC,person1201@northstar-clinical.example.com,CC-1081,DE
NST-PER-1202,Northstar IC 1202,IC Security,NST-PER-1197,IC,person1202@northstar-clinical.example.com,CC-1082,IE
NST-PER-1203,Northstar IC 1203,IC Finance,NST-PER-1198,IC,person1203@northstar-clinical.example.com,CC-1083,MX
NST-PER-1204,Northstar IC 1204,IC ERP,NST-PER-1199,IC,person1204@northstar-clinical.example.com,CC-1084,CN
NST-PER-1205,Northstar IC 1205,IC Quality,NST-PER-1200,IC,person1205@northstar-clinical.example.com,CC-1085,JP
NST-PER-1206,Northstar IC 1206,IC Manufacturing,NST-PER-1201,IC,person1206@northstar-clinical.example.com,CC-1086,SG
NST-PER-1207,Northstar IC 1207,IC HIS,NST-PER-1202,IC,person1207@northstar-clinical.example.com,CC-1087,BR
NST-PER-1208,Northstar IC 1208,IC Product,NST-PER-1203,IC,person1208@northstar-clinical.example.com,CC-1088,FR
NST-PER-1209,Northstar IC 1209,IC Security,NST-PER-1204,IC,person1209@northstar-clinical.example.com,CC-1089,GB
NST-PER-1210,Northstar IC 1210,IC Finance,NST-PER-1205,IC,person1210@northstar-clinical.example.com,CC-1090,IN
NST-PER-1211,Northstar IC 1211,IC ERP,NST-PER-1206,IC,person1211@northstar-clinical.example.com,CC-1091,CA
NST-PER-1212,Northstar IC 1212,IC Quality,NST-PER-1207,IC,person1212@northstar-clinical.example.com,CC-1092,US
NST-PER-1213,Northstar IC 1213,IC Manufacturing,NST-PER-1208,IC,person1213@northstar-clinical.example.com,CC-1093,DE
NST-PER-1214,Northstar IC 1214,IC HIS,NST-PER-1209,IC,person1214@northstar-clinical.example.com,CC-1094,IE
NST-PER-1215,Northstar IC 1215,IC Product,NST-PER-1210,IC,person1215@northstar-clinical.example.com,CC-1095,MX
NST-PER-1216,Northstar IC 1216,IC Security,NST-PER-1211,IC,person1216@northstar-clinical.example.com,CC-1096,CN
NST-PER-1217,Northstar IC 1217,IC Finance,NST-PER-1212,IC,person1217@northstar-clinical.example.com,CC-1097,JP
NST-PER-1218,Northstar IC 1218,IC ERP,NST-PER-1213,IC,person1218@northstar-clinical.example.com,CC-1098,SG
NST-PER-1219,Northstar IC 1219,IC Quality,NST-PER-1214,IC,person1219@northstar-clinical.example.com,CC-1099,BR
NST-PER-1220,Northstar IC 1220,IC Manufacturing,NST-PER-1215,IC,person1220@northstar-clinical.example.com,CC-1100,FR
NST-PER-1221,Northstar IC 1221,IC HIS,NST-PER-1216,IC,person1221@northstar-clinical.example.com,CC-1101,GB
NST-PER-1222,Northstar IC 1222,IC Product,NST-PER-1217,IC,person1222@northstar-clinical.example.com,CC-1102,IN
NST-PER-1223,Northstar IC 1223,IC Security,NST-PER-1218,IC,person1223@northstar-clinical.example.com,CC-1103,CA
NST-PER-1224,Northstar IC 1224,IC Finance,NST-PER-1219,IC,person1224@northstar-clinical.example.com,CC-1104,US
NST-PER-1225,Northstar IC 1225,IC ERP,NST-PER-1220,IC,person1225@northstar-clinical.example.com,CC-1105,DE
NST-PER-1226,Northstar IC 1226,IC Quality,NST-PER-1221,IC,person1226@northstar-clinical.example.com,CC-1106,IE
NST-PER-1227,Northstar IC 1227,IC Manufacturing,NST-PER-1222,IC,person1227@northstar-clinical.example.com,CC-1107,MX
NST-PER-1228,Northstar IC 1228,IC HIS,NST-PER-1223,IC,person1228@northstar-clinical.example.com,CC-1108,CN
NST-PER-1229,Northstar IC 1229,IC Product,NST-PER-1224,IC,person1229@northstar-clinical.example.com,CC-1109,JP
NST-PER-1230,Northstar IC 1230,IC Security,NST-PER-1225,IC,person1230@northstar-clinical.example.com,CC-1110,SG
NST-PER-1231,Northstar IC 1231,IC Finance,NST-PER-1226,IC,person1231@northstar-clinical.example.com,CC-1111,BR
NST-PER-1232,Northstar IC 1232,IC ERP,NST-PER-1227,IC,person1232@northstar-clinical.example.com,CC-1112,FR
NST-PER-1233,Northstar IC 1233,IC Quality,NST-PER-1228,IC,person1233@northstar-clinical.example.com,CC-1113,GB
NST-PER-1234,Northstar IC 1234,IC Manufacturing,NST-PER-1229,IC,person1234@northstar-clinical.example.com,CC-1114,IN
NST-PER-1235,Northstar IC 1235,IC HIS,NST-PER-1230,IC,person1235@northstar-clinical.example.com,CC-1115,CA
NST-PER-1236,Northstar IC 1236,IC Product,NST-PER-1231,IC,person1236@northstar-clinical.example.com,CC-1116,US
NST-PER-1237,Northstar IC 1237,IC Security,NST-PER-1232,IC,person1237@northstar-clinical.example.com,CC-1117,DE
NST-PER-1238,Northstar IC 1238,IC Finance,NST-PER-1233,IC,person1238@northstar-clinical.example.com,CC-1118,IE
NST-PER-1239,Northstar IC 1239,IC ERP,NST-PER-1234,IC,person1239@northstar-clinical.example.com,CC-1119,MX
NST-PER-1240,Northstar IC 1240,IC Quality,NST-PER-1235,IC,person1240@northstar-clinical.example.com,CC-1120,CN
NST-PER-1241,Northstar IC 1241,IC Manufacturing,NST-PER-1236,IC,person1241@northstar-clinical.example.com,CC-1121,JP
NST-PER-1242,Northstar IC 1242,IC HIS,NST-PER-1237,IC,person1242@northstar-clinical.example.com,CC-1122,SG
NST-PER-1243,Northstar IC 1243,IC Product,NST-PER-1238,IC,person1243@northstar-clinical.example.com,CC-1123,BR
NST-PER-1244,Northstar IC 1244,IC Security,NST-PER-1239,IC,person1244@northstar-clinical.example.com,CC-1124,FR
NST-PER-1245,Northstar IC 1245,IC Finance,NST-PER-1240,IC,person1245@northstar-clinical.example.com,CC-1125,GB
NST-PER-1246,Northstar IC 1246,IC ERP,NST-PER-1241,IC,person1246@northstar-clinical.example.com,CC-1126,IN
NST-PER-1247,Northstar IC 1247,IC Quality,NST-PER-1242,IC,person1247@northstar-clinical.example.com,CC-1127,CA
NST-PER-1248,Northstar IC 1248,IC Manufacturing,NST-PER-1243,IC,person1248@northstar-clinical.example.com,CC-1128,US
NST-PER-1249,Northstar IC 1249,IC HIS,NST-PER-1244,IC,person1249@northstar-clinical.example.com,CC-1129,DE
NST-PER-1250,Northstar IC 1250,IC Product,NST-PER-1245,IC,person1250@northstar-clinical.example.com,CC-1130,IE
NST-PER-1251,Northstar IC 1251,IC Security,NST-PER-1246,IC,person1251@northstar-clinical.example.com,CC-1131,MX
NST-PER-1252,Northstar IC 1252,IC Finance,NST-PER-1247,IC,person1252@northstar-clinical.example.com,CC-1132,CN
NST-PER-1253,Northstar IC 1253,IC ERP,NST-PER-1248,IC,person1253@northstar-clinical.example.com,CC-1133,JP
NST-PER-1254,Northstar IC 1254,IC Quality,NST-PER-1249,IC,person1254@northstar-clinical.example.com,CC-1134,SG
NST-PER-1255,Northstar IC 1255,IC Manufacturing,NST-PER-1250,IC,person1255@northstar-clinical.example.com,CC-1135,BR
NST-PER-1256,Northstar IC 1256,IC HIS,NST-PER-1251,IC,person1256@northstar-clinical.example.com,CC-1136,FR
NST-PER-1257,Northstar IC 1257,IC Product,NST-PER-1252,IC,person1257@northstar-clinical.example.com,CC-1137,GB
NST-PER-1258,Northstar IC 1258,IC Security,NST-PER-1253,IC,person1258@northstar-clinical.example.com,CC-1138,IN
NST-PER-1259,Northstar IC 1259,IC Finance,NST-PER-1254,IC,person1259@northstar-clinical.example.com,CC-1139,CA
NST-PER-1260,Northstar IC 1260,IC ERP,NST-PER-1255,IC,person1260@northstar-clinical.example.com,CC-1140,US
NST-PER-1261,Northstar IC 1261,IC Quality,NST-PER-1256,IC,person1261@northstar-clinical.example.com,CC-1141,DE
NST-PER-1262,Northstar IC 1262,IC Manufacturing,NST-PER-1257,IC,person1262@northstar-clinical.example.com,CC-1142,IE
NST-PER-1263,Northstar IC 1263,IC HIS,NST-PER-1258,IC,person1263@northstar-clinical.example.com,CC-1143,MX
NST-PER-1264,Northstar IC 1264,IC Product,NST-PER-1259,IC,person1264@northstar-clinical.example.com,CC-1144,CN
NST-PER-1265,Northstar IC 1265,IC Security,NST-PER-1260,IC,person1265@northstar-clinical.example.com,CC-1145,JP
NST-PER-1266,Northstar IC 1266,IC Finance,NST-PER-1261,IC,person1266@northstar-clinical.example.com,CC-1146,SG
NST-PER-1267,Northstar IC 1267,IC ERP,NST-PER-1262,IC,person1267@northstar-clinical.example.com,CC-1147,BR
NST-PER-1268,Northstar IC 1268,IC Quality,NST-PER-1263,IC,person1268@northstar-clinical.example.com,CC-1148,FR
NST-PER-1269,Northstar IC 1269,IC Manufacturing,NST-PER-1264,IC,person1269@northstar-clinical.example.com,CC-1149,GB
NST-PER-1270,Northstar IC 1270,IC HIS,NST-PER-1265,IC,person1270@northstar-clinical.example.com,CC-1150,IN
NST-PER-1271,Northstar IC 1271,IC Product,NST-PER-1266,IC,person1271@northstar-clinical.example.com,CC-1151,CA
NST-PER-1272,Northstar IC 1272,IC Security,NST-PER-1267,IC,person1272@northstar-clinical.example.com,CC-1152,US
NST-PER-1273,Northstar IC 1273,IC Finance,NST-PER-1268,IC,person1273@northstar-clinical.example.com,CC-1153,DE
NST-PER-1274,Northstar IC 1274,IC ERP,NST-PER-1269,IC,person1274@northstar-clinical.example.com,CC-1154,IE
NST-PER-1275,Northstar IC 1275,IC Quality,NST-PER-1270,IC,person1275@northstar-clinical.example.com,CC-1155,MX
NST-PER-1276,Northstar IC 1276,IC Manufacturing,NST-PER-1271,IC,person1276@northstar-clinical.example.com,CC-1156,CN
NST-PER-1277,Northstar IC 1277,IC HIS,NST-PER-1272,IC,person1277@northstar-clinical.example.com,CC-1157,JP
NST-PER-1278,Northstar IC 1278,IC Product,NST-PER-1273,IC,person1278@northstar-clinical.example.com,CC-1158,SG
NST-PER-1279,Northstar IC 1279,IC Security,NST-PER-1274,IC,person1279@northstar-clinical.example.com,CC-1159,BR
NST-PER-1280,Northstar IC 1280,IC Finance,NST-PER-1275,IC,person1280@northstar-clinical.example.com,CC-1160,FR
NST-PER-1281,Northstar IC 1281,IC ERP,NST-PER-1276,IC,person1281@northstar-clinical.example.com,CC-1161,GB
NST-PER-1282,Northstar IC 1282,IC Quality,NST-PER-1277,IC,person1282@northstar-clinical.example.com,CC-1162,IN
NST-PER-1283,Northstar IC 1283,IC Manufacturing,NST-PER-1278,IC,person1283@northstar-clinical.example.com,CC-1163,CA
NST-PER-1284,Northstar IC 1284,IC HIS,NST-PER-1279,IC,person1284@northstar-clinical.example.com,CC-1164,US
NST-PER-1285,Northstar IC 1285,IC Product,NST-PER-1280,IC,person1285@northstar-clinical.example.com,CC-1165,DE
NST-PER-1286,Northstar IC 1286,IC Security,NST-PER-1281,IC,person1286@northstar-clinical.example.com,CC-1166,IE
NST-PER-1287,Northstar IC 1287,IC Finance,NST-PER-1282,IC,person1287@northstar-clinical.example.com,CC-1167,MX
NST-PER-1288,Northstar IC 1288,IC ERP,NST-PER-1283,IC,person1288@northstar-clinical.example.com,CC-1168,CN
NST-PER-1289,Northstar IC 1289,IC Quality,NST-PER-1284,IC,person1289@northstar-clinical.example.com,CC-1169,JP
NST-PER-1290,Northstar IC 1290,IC Manufacturing,NST-PER-1285,IC,person1290@northstar-clinical.example.com,CC-1170,SG
NST-PER-1291,Northstar IC 1291,IC HIS,NST-PER-1286,IC,person1291@northstar-clinical.example.com,CC-1171,BR
NST-PER-1292,Northstar IC 1292,IC Product,NST-PER-1287,IC,person1292@northstar-clinical.example.com,CC-1172,FR
NST-PER-1293,Northstar IC 1293,IC Security,NST-PER-1288,IC,person1293@northstar-clinical.example.com,CC-1173,GB
NST-PER-1294,Northstar IC 1294,IC Finance,NST-PER-1289,IC,person1294@northstar-clinical.example.com,CC-1174,IN
NST-PER-1295,Northstar IC 1295,IC ERP,NST-PER-1290,IC,person1295@northstar-clinical.example.com,CC-1175,CA
NST-PER-1296,Northstar IC 1296,IC Quality,NST-PER-1291,IC,person1296@northstar-clinical.example.com,CC-1176,US
NST-PER-1297,Northstar IC 1297,IC Manufacturing,NST-PER-1292,IC,person1297@northstar-clinical.example.com,CC-1177,DE
NST-PER-1298,Northstar IC 1298,IC HIS,NST-PER-1293,IC,person1298@northstar-clinical.example.com,CC-1178,IE
NST-PER-1299,Northstar IC 1299,IC Product,NST-PER-1294,IC,person1299@northstar-clinical.example.com,CC-1179,MX
NST-PER-1300,Northstar IC 1300,IC Security,NST-PER-1295,IC,person1300@northstar-clinical.example.com,CC-1180,CN
NST-PER-1301,Northstar IC 1301,IC Finance,NST-PER-1296,IC,person1301@northstar-clinical.example.com,CC-1181,JP
NST-PER-1302,Northstar IC 1302,IC ERP,NST-PER-1297,IC,person1302@northstar-clinical.example.com,CC-1182,SG
NST-PER-1303,Northstar IC 1303,IC Quality,NST-PER-1298,IC,person1303@northstar-clinical.example.com,CC-1183,BR
NST-PER-1304,Northstar IC 1304,IC Manufacturing,NST-PER-1299,IC,person1304@northstar-clinical.example.com,CC-1184,FR
NST-PER-1305,Northstar IC 1305,IC HIS,NST-PER-1300,IC,person1305@northstar-clinical.example.com,CC-1185,GB
NST-PER-1306,Northstar IC 1306,IC Product,NST-PER-1301,IC,person1306@northstar-clinical.example.com,CC-1186,IN
NST-PER-1307,Northstar IC 1307,IC Security,NST-PER-1302,IC,person1307@northstar-clinical.example.com,CC-1187,CA
NST-PER-1308,Northstar IC 1308,IC Finance,NST-PER-1303,IC,person1308@northstar-clinical.example.com,CC-1188,US
NST-PER-1309,Northstar IC 1309,IC ERP,NST-PER-1304,IC,person1309@northstar-clinical.example.com,CC-1189,DE
NST-PER-1310,Northstar IC 1310,IC Quality,NST-PER-1305,IC,person1310@northstar-clinical.example.com,CC-1190,IE
NST-PER-1311,Northstar IC 1311,IC Manufacturing,NST-PER-1306,IC,person1311@northstar-clinical.example.com,CC-1191,MX
NST-PER-1312,Northstar IC 1312,IC HIS,NST-PER-1307,IC,person1312@northstar-clinical.example.com,CC-1192,CN
NST-PER-1313,Northstar IC 1313,IC Product,NST-PER-1308,IC,person1313@northstar-clinical.example.com,CC-1193,JP
NST-PER-1314,Northstar IC 1314,IC Security,NST-PER-1309,IC,person1314@northstar-clinical.example.com,CC-1194,SG
NST-PER-1315,Northstar IC 1315,IC Finance,NST-PER-1310,IC,person1315@northstar-clinical.example.com,CC-1195,BR
NST-PER-1316,Northstar IC 1316,IC ERP,NST-PER-1311,IC,person1316@northstar-clinical.example.com,CC-1196,FR
NST-PER-1317,Northstar IC 1317,IC Quality,NST-PER-1312,IC,person1317@northstar-clinical.example.com,CC-1197,GB
NST-PER-1318,Northstar IC 1318,IC Manufacturing,NST-PER-1313,IC,person1318@northstar-clinical.example.com,CC-1198,IN
NST-PER-1319,Northstar IC 1319,IC HIS,NST-PER-1314,IC,person1319@northstar-clinical.example.com,CC-1199,CA
NST-PER-1320,Northstar IC 1320,IC Product,NST-PER-1315,IC,person1320@northstar-clinical.example.com,CC-1200,US
NST-PER-1321,Northstar IC 1321,IC Security,NST-PER-1316,IC,person1321@northstar-clinical.example.com,CC-1201,DE
NST-PER-1322,Northstar IC 1322,IC Finance,NST-PER-1317,IC,person1322@northstar-clinical.example.com,CC-1202,IE
NST-PER-1323,Northstar IC 1323,IC ERP,NST-PER-1318,IC,person1323@northstar-clinical.example.com,CC-1203,MX
NST-PER-1324,Northstar IC 1324,IC Quality,NST-PER-1319,IC,person1324@northstar-clinical.example.com,CC-1204,CN
NST-PER-1325,Northstar IC 1325,IC Manufacturing,NST-PER-1320,IC,person1325@northstar-clinical.example.com,CC-1205,JP
NST-PER-1326,Northstar IC 1326,IC HIS,NST-PER-1321,IC,person1326@northstar-clinical.example.com,CC-1206,SG
NST-PER-1327,Northstar IC 1327,IC Product,NST-PER-1322,IC,person1327@northstar-clinical.example.com,CC-1207,BR
NST-PER-1328,Northstar IC 1328,IC Security,NST-PER-1323,IC,person1328@northstar-clinical.example.com,CC-1208,FR
NST-PER-1329,Northstar IC 1329,IC Finance,NST-PER-1324,IC,person1329@northstar-clinical.example.com,CC-1209,GB
NST-PER-1330,Northstar IC 1330,IC ERP,NST-PER-1325,IC,person1330@northstar-clinical.example.com,CC-1210,IN
NST-PER-1331,Northstar IC 1331,IC Quality,NST-PER-1326,IC,person1331@northstar-clinical.example.com,CC-1211,CA
NST-PER-1332,Northstar IC 1332,IC Manufacturing,NST-PER-1327,IC,person1332@northstar-clinical.example.com,CC-1212,US
NST-PER-1333,Northstar IC 1333,IC HIS,NST-PER-1328,IC,person1333@northstar-clinical.example.com,CC-1213,DE
NST-PER-1334,Northstar IC 1334,IC Product,NST-PER-1329,IC,person1334@northstar-clinical.example.com,CC-1214,IE
NST-PER-1335,Northstar IC 1335,IC Security,NST-PER-1330,IC,person1335@northstar-clinical.example.com,CC-1215,MX
NST-PER-1336,Northstar IC 1336,IC Finance,NST-PER-1331,IC,person1336@northstar-clinical.example.com,CC-1216,CN
NST-PER-1337,Northstar IC 1337,IC ERP,NST-PER-1332,IC,person1337@northstar-clinical.example.com,CC-1217,JP
NST-PER-1338,Northstar IC 1338,IC Quality,NST-PER-1333,IC,person1338@northstar-clinical.example.com,CC-1218,SG
NST-PER-1339,Northstar IC 1339,IC Manufacturing,NST-PER-1334,IC,person1339@northstar-clinical.example.com,CC-1219,BR
NST-PER-1340,Northstar IC 1340,IC HIS,NST-PER-1335,IC,person1340@northstar-clinical.example.com,CC-1220,FR
NST-PER-1341,Northstar IC 1341,IC Product,NST-PER-1336,IC,person1341@northstar-clinical.example.com,CC-1221,GB
NST-PER-1342,Northstar IC 1342,IC Security,NST-PER-1337,IC,person1342@northstar-clinical.example.com,CC-1222,IN
NST-PER-1343,Northstar IC 1343,IC Finance,NST-PER-1338,IC,person1343@northstar-clinical.example.com,CC-1223,CA
NST-PER-1344,Northstar IC 1344,IC ERP,NST-PER-1339,IC,person1344@northstar-clinical.example.com,CC-1224,US
NST-PER-1345,Northstar IC 1345,IC Quality,NST-PER-1340,IC,person1345@northstar-clinical.example.com,CC-1225,DE
NST-PER-1346,Northstar IC 1346,IC Manufacturing,NST-PER-1341,IC,person1346@northstar-clinical.example.com,CC-1226,IE
NST-PER-1347,Northstar IC 1347,IC HIS,NST-PER-1342,IC,person1347@northstar-clinical.example.com,CC-1227,MX
NST-PER-1348,Northstar IC 1348,IC Product,NST-PER-1343,IC,person1348@northstar-clinical.example.com,CC-1228,CN
NST-PER-1349,Northstar IC 1349,IC Security,NST-PER-1344,IC,person1349@northstar-clinical.example.com,CC-1229,JP
NST-PER-1350,Northstar IC 1350,IC Finance,NST-PER-1345,IC,person1350@northstar-clinical.example.com,CC-1230,SG
NST-PER-1351,Northstar IC 1351,IC ERP,NST-PER-1346,IC,person1351@northstar-clinical.example.com,CC-1231,BR
NST-PER-1352,Northstar IC 1352,IC Quality,NST-PER-1347,IC,person1352@northstar-clinical.example.com,CC-1232,FR
NST-PER-1353,Northstar IC 1353,IC Manufacturing,NST-PER-1348,IC,person1353@northstar-clinical.example.com,CC-1233,GB
NST-PER-1354,Northstar IC 1354,IC HIS,NST-PER-1349,IC,person1354@northstar-clinical.example.com,CC-1234,IN
NST-PER-1355,Northstar IC 1355,IC Product,NST-PER-1350,IC,person1355@northstar-clinical.example.com,CC-1235,CA
NST-PER-1356,Northstar IC 1356,IC Security,NST-PER-1351,IC,person1356@northstar-clinical.example.com,CC-1236,US
NST-PER-1357,Northstar IC 1357,IC Finance,NST-PER-1352,IC,person1357@northstar-clinical.example.com,CC-1237,DE
NST-PER-1358,Northstar IC 1358,IC ERP,NST-PER-1353,IC,person1358@northstar-clinical.example.com,CC-1238,IE
NST-PER-1359,Northstar IC 1359,IC Quality,NST-PER-1354,IC,person1359@northstar-clinical.example.com,CC-1239,MX
NST-PER-1360,Northstar IC 1360,IC Manufacturing,NST-PER-1355,IC,person1360@northstar-clinical.example.com,CC-1240,CN
NST-PER-1361,Northstar IC 1361,IC HIS,NST-PER-1356,IC,person1361@northstar-clinical.example.com,CC-1241,JP
NST-PER-1362,Northstar IC 1362,IC Product,NST-PER-1357,IC,person1362@northstar-clinical.example.com,CC-1242,SG
NST-PER-1363,Northstar IC 1363,IC Security,NST-PER-1358,IC,person1363@northstar-clinical.example.com,CC-1243,BR
NST-PER-1364,Northstar IC 1364,IC Finance,NST-PER-1359,IC,person1364@northstar-clinical.example.com,CC-1244,FR
NST-PER-1365,Northstar IC 1365,IC ERP,NST-PER-1360,IC,person1365@northstar-clinical.example.com,CC-1245,GB
NST-PER-1366,Northstar IC 1366,IC Quality,NST-PER-1361,IC,person1366@northstar-clinical.example.com,CC-1246,IN
NST-PER-1367,Northstar IC 1367,IC Manufacturing,NST-PER-1362,IC,person1367@northstar-clinical.example.com,CC-1247,CA
NST-PER-1368,Northstar IC 1368,IC HIS,NST-PER-1363,IC,person1368@northstar-clinical.example.com,CC-1248,US
NST-PER-1369,Northstar IC 1369,IC Product,NST-PER-1364,IC,person1369@northstar-clinical.example.com,CC-1249,DE
NST-PER-1370,Northstar IC 1370,IC Security,NST-PER-1365,IC,person1370@northstar-clinical.example.com,CC-1250,IE
NST-PER-1371,Northstar IC 1371,IC Finance,NST-PER-1366,IC,person1371@northstar-clinical.example.com,CC-1251,MX
NST-PER-1372,Northstar IC 1372,IC ERP,NST-PER-1367,IC,person1372@northstar-clinical.example.com,CC-1252,CN
NST-PER-1373,Northstar IC 1373,IC Quality,NST-PER-1368,IC,person1373@northstar-clinical.example.com,CC-1253,JP
NST-PER-1374,Northstar IC 1374,IC Manufacturing,NST-PER-1369,IC,person1374@northstar-clinical.example.com,CC-1254,SG
NST-PER-1375,Northstar IC 1375,IC HIS,NST-PER-1370,IC,person1375@northstar-clinical.example.com,CC-1255,BR
NST-PER-1376,Northstar IC 1376,IC Product,NST-PER-1371,IC,person1376@northstar-clinical.example.com,CC-1256,FR
NST-PER-1377,Northstar IC 1377,IC Security,NST-PER-1372,IC,person1377@northstar-clinical.example.com,CC-1257,GB
NST-PER-1378,Northstar IC 1378,IC Finance,NST-PER-1373,IC,person1378@northstar-clinical.example.com,CC-1258,IN
NST-PER-1379,Northstar IC 1379,IC ERP,NST-PER-1374,IC,person1379@northstar-clinical.example.com,CC-1259,CA
NST-PER-1380,Northstar IC 1380,IC Quality,NST-PER-1375,IC,person1380@northstar-clinical.example.com,CC-1260,US
NST-PER-1381,Northstar IC 1381,IC Manufacturing,NST-PER-1376,IC,person1381@northstar-clinical.example.com,CC-1261,DE
NST-PER-1382,Northstar IC 1382,IC HIS,NST-PER-1377,IC,person1382@northstar-clinical.example.com,CC-1262,IE
NST-PER-1383,Northstar IC 1383,IC Product,NST-PER-1378,IC,person1383@northstar-clinical.example.com,CC-1263,MX
NST-PER-1384,Northstar IC 1384,IC Security,NST-PER-1379,IC,person1384@northstar-clinical.example.com,CC-1264,CN
NST-PER-1385,Northstar IC 1385,IC Finance,NST-PER-1380,IC,person1385@northstar-clinical.example.com,CC-1265,JP
NST-PER-1386,Northstar IC 1386,IC ERP,NST-PER-1381,IC,person1386@northstar-clinical.example.com,CC-1266,SG
NST-PER-1387,Northstar IC 1387,IC Quality,NST-PER-1382,IC,person1387@northstar-clinical.example.com,CC-1267,BR
NST-PER-1388,Northstar IC 1388,IC Manufacturing,NST-PER-1383,IC,person1388@northstar-clinical.example.com,CC-1268,FR
NST-PER-1389,Northstar IC 1389,IC HIS,NST-PER-1384,IC,person1389@northstar-clinical.example.com,CC-1269,GB
NST-PER-1390,Northstar IC 1390,IC Product,NST-PER-1385,IC,person1390@northstar-clinical.example.com,CC-1270,IN
NST-PER-1391,Northstar IC 1391,IC Security,NST-PER-1386,IC,person1391@northstar-clinical.example.com,CC-1271,CA
NST-PER-1392,Northstar IC 1392,IC Finance,NST-PER-1387,IC,person1392@northstar-clinical.example.com,CC-1272,US
NST-PER-1393,Northstar IC 1393,IC ERP,NST-PER-1388,IC,person1393@northstar-clinical.example.com,CC-1273,DE
NST-PER-1394,Northstar IC 1394,IC Quality,NST-PER-1389,IC,person1394@northstar-clinical.example.com,CC-1274,IE
NST-PER-1395,Northstar IC 1395,IC Manufacturing,NST-PER-1390,IC,person1395@northstar-clinical.example.com,CC-1275,MX
NST-PER-1396,Northstar IC 1396,IC HIS,NST-PER-1391,IC,person1396@northstar-clinical.example.com,CC-1276,CN
NST-PER-1397,Northstar IC 1397,IC Product,NST-PER-1392,IC,person1397@northstar-clinical.example.com,CC-1277,JP
NST-PER-1398,Northstar IC 1398,IC Security,NST-PER-1393,IC,person1398@northstar-clinical.example.com,CC-1278,SG
NST-PER-1399,Northstar IC 1399,IC Finance,NST-PER-1394,IC,person1399@northstar-clinical.example.com,CC-1279,BR
NST-PER-1400,Northstar IC 1400,IC ERP,NST-PER-1395,IC,person1400@northstar-clinical.example.com,CC-1000,FR
NST-PER-1401,Northstar IC 1401,IC Quality,NST-PER-1396,IC,person1401@northstar-clinical.example.com,CC-1001,GB
NST-PER-1402,Northstar IC 1402,IC Manufacturing,NST-PER-1397,IC,person1402@northstar-clinical.example.com,CC-1002,IN
NST-PER-1403,Northstar IC 1403,IC HIS,NST-PER-1398,IC,person1403@northstar-clinical.example.com,CC-1003,CA
NST-PER-1404,Northstar IC 1404,IC Product,NST-PER-1399,IC,person1404@northstar-clinical.example.com,CC-1004,US
NST-PER-1405,Northstar IC 1405,IC Security,NST-PER-1400,IC,person1405@northstar-clinical.example.com,CC-1005,DE
NST-PER-1406,Northstar IC 1406,IC Finance,NST-PER-1401,IC,person1406@northstar-clinical.example.com,CC-1006,IE
NST-PER-1407,Northstar IC 1407,IC ERP,NST-PER-1402,IC,person1407@northstar-clinical.example.com,CC-1007,MX
NST-PER-1408,Northstar IC 1408,IC Quality,NST-PER-1403,IC,person1408@northstar-clinical.example.com,CC-1008,CN
NST-PER-1409,Northstar IC 1409,IC Manufacturing,NST-PER-1404,IC,person1409@northstar-clinical.example.com,CC-1009,JP
NST-PER-1410,Northstar IC 1410,IC HIS,NST-PER-1405,IC,person1410@northstar-clinical.example.com,CC-1010,SG
NST-PER-1411,Northstar IC 1411,IC Product,NST-PER-1406,IC,person1411@northstar-clinical.example.com,CC-1011,BR
NST-PER-1412,Northstar IC 1412,IC Security,NST-PER-1407,IC,person1412@northstar-clinical.example.com,CC-1012,FR
NST-PER-1413,Northstar IC 1413,IC Finance,NST-PER-1408,IC,person1413@northstar-clinical.example.com,CC-1013,GB
NST-PER-1414,Northstar IC 1414,IC ERP,NST-PER-1409,IC,person1414@northstar-clinical.example.com,CC-1014,IN
NST-PER-1415,Northstar IC 1415,IC Quality,NST-PER-1410,IC,person1415@northstar-clinical.example.com,CC-1015,CA
NST-PER-1416,Northstar IC 1416,IC Manufacturing,NST-PER-1411,IC,person1416@northstar-clinical.example.com,CC-1016,US
NST-PER-1417,Northstar IC 1417,IC HIS,NST-PER-1412,IC,person1417@northstar-clinical.example.com,CC-1017,DE
NST-PER-1418,Northstar IC 1418,IC Product,NST-PER-1413,IC,person1418@northstar-clinical.example.com,CC-1018,IE
NST-PER-1419,Northstar IC 1419,IC Security,NST-PER-1414,IC,person1419@northstar-clinical.example.com,CC-1019,MX
NST-PER-1420,Northstar IC 1420,IC Finance,NST-PER-1415,IC,person1420@northstar-clinical.example.com,CC-1020,CN
NST-PER-1421,Northstar IC 1421,IC ERP,NST-PER-1416,IC,person1421@northstar-clinical.example.com,CC-1021,JP
NST-PER-1422,Northstar IC 1422,IC Quality,NST-PER-1417,IC,person1422@northstar-clinical.example.com,CC-1022,SG
NST-PER-1423,Northstar IC 1423,IC Manufacturing,NST-PER-1418,IC,person1423@northstar-clinical.example.com,CC-1023,BR
NST-PER-1424,Northstar IC 1424,IC HIS,NST-PER-1419,IC,person1424@northstar-clinical.example.com,CC-1024,FR
NST-PER-1425,Northstar IC 1425,IC Product,NST-PER-1420,IC,person1425@northstar-clinical.example.com,CC-1025,GB
NST-PER-1426,Northstar IC 1426,IC Security,NST-PER-1421,IC,person1426@northstar-clinical.example.com,CC-1026,IN
NST-PER-1427,Northstar IC 1427,IC Finance,NST-PER-1422,IC,person1427@northstar-clinical.example.com,CC-1027,CA
NST-PER-1428,Northstar IC 1428,IC ERP,NST-PER-1423,IC,person1428@northstar-clinical.example.com,CC-1028,US
NST-PER-1429,Northstar IC 1429,IC Quality,NST-PER-1424,IC,person1429@northstar-clinical.example.com,CC-1029,DE
NST-PER-1430,Northstar IC 1430,IC Manufacturing,NST-PER-1425,IC,person1430@northstar-clinical.example.com,CC-1030,IE
NST-PER-1431,Northstar IC 1431,IC HIS,NST-PER-1426,IC,person1431@northstar-clinical.example.com,CC-1031,MX
NST-PER-1432,Northstar IC 1432,IC Product,NST-PER-1427,IC,person1432@northstar-clinical.example.com,CC-1032,CN
NST-PER-1433,Northstar IC 1433,IC Security,NST-PER-1428,IC,person1433@northstar-clinical.example.com,CC-1033,JP
NST-PER-1434,Northstar IC 1434,IC Finance,NST-PER-1429,IC,person1434@northstar-clinical.example.com,CC-1034,SG
NST-PER-1435,Northstar IC 1435,IC ERP,NST-PER-1430,IC,person1435@northstar-clinical.example.com,CC-1035,BR
NST-PER-1436,Northstar IC 1436,IC Quality,NST-PER-1431,IC,person1436@northstar-clinical.example.com,CC-1036,FR
NST-PER-1437,Northstar IC 1437,IC Manufacturing,NST-PER-1432,IC,person1437@northstar-clinical.example.com,CC-1037,GB
NST-PER-1438,Northstar IC 1438,IC HIS,NST-PER-1433,IC,person1438@northstar-clinical.example.com,CC-1038,IN
NST-PER-1439,Northstar IC 1439,IC Product,NST-PER-1434,IC,person1439@northstar-clinical.example.com,CC-1039,CA
NST-PER-1440,Northstar IC 1440,IC Security,NST-PER-1435,IC,person1440@northstar-clinical.example.com,CC-1040,US
NST-PER-1441,Northstar IC 1441,IC Finance,NST-PER-1436,IC,person1441@northstar-clinical.example.com,CC-1041,DE
NST-PER-1442,Northstar IC 1442,IC ERP,NST-PER-1437,IC,person1442@northstar-clinical.example.com,CC-1042,IE
NST-PER-1443,Northstar IC 1443,IC Quality,NST-PER-1438,IC,person1443@northstar-clinical.example.com,CC-1043,MX
NST-PER-1444,Northstar IC 1444,IC Manufacturing,NST-PER-1439,IC,person1444@northstar-clinical.example.com,CC-1044,CN
NST-PER-1445,Northstar IC 1445,IC HIS,NST-PER-1440,IC,person1445@northstar-clinical.example.com,CC-1045,JP
NST-PER-1446,Northstar IC 1446,IC Product,NST-PER-1441,IC,person1446@northstar-clinical.example.com,CC-1046,SG
NST-PER-1447,Northstar IC 1447,IC Security,NST-PER-1442,IC,person1447@northstar-clinical.example.com,CC-1047,BR
NST-PER-1448,Northstar IC 1448,IC Finance,NST-PER-1443,IC,person1448@northstar-clinical.example.com,CC-1048,FR
NST-PER-1449,Northstar IC 1449,IC ERP,NST-PER-1444,IC,person1449@northstar-clinical.example.com,CC-1049,GB
NST-PER-1450,Northstar IC 1450,IC Quality,NST-PER-1445,IC,person1450@northstar-clinical.example.com,CC-1050,IN
NST-PER-1451,Northstar IC 1451,IC Manufacturing,NST-PER-1446,IC,person1451@northstar-clinical.example.com,CC-1051,CA
NST-PER-1452,Northstar IC 1452,IC HIS,NST-PER-1447,IC,person1452@northstar-clinical.example.com,CC-1052,US
NST-PER-1453,Northstar IC 1453,IC Product,NST-PER-1448,IC,person1453@northstar-clinical.example.com,CC-1053,DE
NST-PER-1454,Northstar IC 1454,IC Security,NST-PER-1449,IC,person1454@northstar-clinical.example.com,CC-1054,IE
NST-PER-1455,Northstar IC 1455,IC Finance,NST-PER-1450,IC,person1455@northstar-clinical.example.com,CC-1055,MX
NST-PER-1456,Northstar IC 1456,IC ERP,NST-PER-1451,IC,person1456@northstar-clinical.example.com,CC-1056,CN
NST-PER-1457,Northstar IC 1457,IC Quality,NST-PER-1452,IC,person1457@northstar-clinical.example.com,CC-1057,JP
NST-PER-1458,Northstar IC 1458,IC Manufacturing,NST-PER-1453,IC,person1458@northstar-clinical.example.com,CC-1058,SG
NST-PER-1459,Northstar IC 1459,IC HIS,NST-PER-1454,IC,person1459@northstar-clinical.example.com,CC-1059,BR
NST-PER-1460,Northstar IC 1460,IC Product,NST-PER-1455,IC,person1460@northstar-clinical.example.com,CC-1060,FR
NST-PER-1461,Northstar IC 1461,IC Security,NST-PER-1456,IC,person1461@northstar-clinical.example.com,CC-1061,GB
NST-PER-1462,Northstar IC 1462,IC Finance,NST-PER-1457,IC,person1462@northstar-clinical.example.com,CC-1062,IN
NST-PER-1463,Northstar IC 1463,IC ERP,NST-PER-1458,IC,person1463@northstar-clinical.example.com,CC-1063,CA
NST-PER-1464,Northstar IC 1464,IC Quality,NST-PER-1459,IC,person1464@northstar-clinical.example.com,CC-1064,US
NST-PER-1465,Northstar IC 1465,IC Manufacturing,NST-PER-1460,IC,person1465@northstar-clinical.example.com,CC-1065,DE
NST-PER-1466,Northstar IC 1466,IC HIS,NST-PER-1461,IC,person1466@northstar-clinical.example.com,CC-1066,IE
NST-PER-1467,Northstar IC 1467,IC Product,NST-PER-1462,IC,person1467@northstar-clinical.example.com,CC-1067,MX
NST-PER-1468,Northstar IC 1468,IC Security,NST-PER-1463,IC,person1468@northstar-clinical.example.com,CC-1068,CN
NST-PER-1469,Northstar IC 1469,IC Finance,NST-PER-1464,IC,person1469@northstar-clinical.example.com,CC-1069,JP
NST-PER-1470,Northstar IC 1470,IC ERP,NST-PER-1465,IC,person1470@northstar-clinical.example.com,CC-1070,SG
NST-PER-1471,Northstar IC 1471,IC Quality,NST-PER-1466,IC,person1471@northstar-clinical.example.com,CC-1071,BR
NST-PER-1472,Northstar IC 1472,IC Manufacturing,NST-PER-1467,IC,person1472@northstar-clinical.example.com,CC-1072,FR
NST-PER-1473,Northstar IC 1473,IC HIS,NST-PER-1468,IC,person1473@northstar-clinical.example.com,CC-1073,GB
NST-PER-1474,Northstar IC 1474,IC Product,NST-PER-1469,IC,person1474@northstar-clinical.example.com,CC-1074,IN
NST-PER-1475,Northstar IC 1475,IC Security,NST-PER-1470,IC,person1475@northstar-clinical.example.com,CC-1075,CA
NST-PER-1476,Northstar IC 1476,IC Finance,NST-PER-1471,IC,person1476@northstar-clinical.example.com,CC-1076,US
NST-PER-1477,Northstar IC 1477,IC ERP,NST-PER-1472,IC,person1477@northstar-clinical.example.com,CC-1077,DE
NST-PER-1478,Northstar IC 1478,IC Quality,NST-PER-1473,IC,person1478@northstar-clinical.example.com,CC-1078,IE
NST-PER-1479,Northstar IC 1479,IC Manufacturing,NST-PER-1474,IC,person1479@northstar-clinical.example.com,CC-1079,MX
NST-PER-1480,Northstar IC 1480,IC HIS,NST-PER-1475,IC,person1480@northstar-clinical.example.com,CC-1080,CN
NST-PER-1481,Northstar IC 1481,IC Product,NST-PER-1476,IC,person1481@northstar-clinical.example.com,CC-1081,JP
NST-PER-1482,Northstar IC 1482,IC Security,NST-PER-1477,IC,person1482@northstar-clinical.example.com,CC-1082,SG
NST-PER-1483,Northstar IC 1483,IC Finance,NST-PER-1478,IC,person1483@northstar-clinical.example.com,CC-1083,BR
NST-PER-1484,Northstar IC 1484,IC ERP,NST-PER-1479,IC,person1484@northstar-clinical.example.com,CC-1084,FR
NST-PER-1485,Northstar IC 1485,IC Quality,NST-PER-1480,IC,person1485@northstar-clinical.example.com,CC-1085,GB
NST-PER-1486,Northstar IC 1486,IC Manufacturing,NST-PER-1481,IC,person1486@northstar-clinical.example.com,CC-1086,IN
NST-PER-1487,Northstar IC 1487,IC HIS,NST-PER-1482,IC,person1487@northstar-clinical.example.com,CC-1087,CA
NST-PER-1488,Northstar IC 1488,IC Product,NST-PER-1483,IC,person1488@northstar-clinical.example.com,CC-1088,US
NST-PER-1489,Northstar IC 1489,IC Security,NST-PER-1484,IC,person1489@northstar-clinical.example.com,CC-1089,DE
NST-PER-1490,Northstar IC 1490,IC Finance,NST-PER-1485,IC,person1490@northstar-clinical.example.com,CC-1090,IE
NST-PER-1491,Northstar IC 1491,IC ERP,NST-PER-1486,IC,person1491@northstar-clinical.example.com,CC-1091,MX
NST-PER-1492,Northstar IC 1492,IC Quality,NST-PER-1487,IC,person1492@northstar-clinical.example.com,CC-1092,CN
NST-PER-1493,Northstar IC 1493,IC Manufacturing,NST-PER-1488,IC,person1493@northstar-clinical.example.com,CC-1093,JP
NST-PER-1494,Northstar IC 1494,IC HIS,NST-PER-1489,IC,person1494@northstar-clinical.example.com,CC-1094,SG
NST-PER-1495,Northstar IC 1495,IC Product,NST-PER-1490,IC,person1495@northstar-clinical.example.com,CC-1095,BR
NST-PER-1496,Northstar IC 1496,IC Security,NST-PER-1491,IC,person1496@northstar-clinical.example.com,CC-1096,FR
NST-PER-1497,Northstar IC 1497,IC Finance,NST-PER-1492,IC,person1497@northstar-clinical.example.com,CC-1097,GB
NST-PER-1498,Northstar IC 1498,IC ERP,NST-PER-1493,IC,person1498@northstar-clinical.example.com,CC-1098,IN
NST-PER-1499,Northstar IC 1499,IC Quality,NST-PER-1494,IC,person1499@northstar-clinical.example.com,CC-1099,CA
NST-PER-1500,Northstar IC 1500,IC Manufacturing,NST-PER-1495,IC,person1500@northstar-clinical.example.com,CC-1100,US
NST-PER-1501,Northstar IC 1501,IC HIS,NST-PER-1496,IC,person1501@northstar-clinical.example.com,CC-1101,DE
NST-PER-1502,Northstar IC 1502,IC Product,NST-PER-1497,IC,person1502@northstar-clinical.example.com,CC-1102,IE
NST-PER-1503,Northstar IC 1503,IC Security,NST-PER-1498,IC,person1503@northstar-clinical.example.com,CC-1103,MX
NST-PER-1504,Northstar IC 1504,IC Finance,NST-PER-1499,IC,person1504@northstar-clinical.example.com,CC-1104,CN
NST-PER-1505,Northstar IC 1505,IC ERP,NST-PER-1500,IC,person1505@northstar-clinical.example.com,CC-1105,JP
NST-PER-1506,Northstar IC 1506,IC Quality,NST-PER-1501,IC,person1506@northstar-clinical.example.com,CC-1106,SG
NST-PER-1507,Northstar IC 1507,IC Manufacturing,NST-PER-1502,IC,person1507@northstar-clinical.example.com,CC-1107,BR
NST-PER-1508,Northstar IC 1508,IC HIS,NST-PER-1503,IC,person1508@northstar-clinical.example.com,CC-1108,FR
NST-PER-1509,Northstar IC 1509,IC Product,NST-PER-1504,IC,person1509@northstar-clinical.example.com,CC-1109,GB
NST-PER-1510,Northstar IC 1510,IC Security,NST-PER-1505,IC,person1510@northstar-clinical.example.com,CC-1110,IN
NST-PER-1511,Northstar IC 1511,IC Finance,NST-PER-1506,IC,person1511@northstar-clinical.example.com,CC-1111,CA
NST-PER-1512,Northstar IC 1512,IC ERP,NST-PER-1507,IC,person1512@northstar-clinical.example.com,CC-1112,US
NST-PER-1513,Northstar IC 1513,IC Quality,NST-PER-1508,IC,person1513@northstar-clinical.example.com,CC-1113,DE
NST-PER-1514,Northstar IC 1514,IC Manufacturing,NST-PER-1509,IC,person1514@northstar-clinical.example.com,CC-1114,IE
NST-PER-1515,Northstar IC 1515,IC HIS,NST-PER-1510,IC,person1515@northstar-clinical.example.com,CC-1115,MX
NST-PER-1516,Northstar IC 1516,IC Product,NST-PER-1511,IC,person1516@northstar-clinical.example.com,CC-1116,CN
NST-PER-1517,Northstar IC 1517,IC Security,NST-PER-1512,IC,person1517@northstar-clinical.example.com,CC-1117,JP
NST-PER-1518,Northstar IC 1518,IC Finance,NST-PER-1513,IC,person1518@northstar-clinical.example.com,CC-1118,SG
NST-PER-1519,Northstar IC 1519,IC ERP,NST-PER-1514,IC,person1519@northstar-clinical.example.com,CC-1119,BR
NST-PER-1520,Northstar IC 1520,IC Quality,NST-PER-1515,IC,person1520@northstar-clinical.example.com,CC-1120,FR
NST-PER-1521,Northstar IC 1521,IC Manufacturing,NST-PER-1516,IC,person1521@northstar-clinical.example.com,CC-1121,GB
NST-PER-1522,Northstar IC 1522,IC HIS,NST-PER-1517,IC,person1522@northstar-clinical.example.com,CC-1122,IN
NST-PER-1523,Northstar IC 1523,IC Product,NST-PER-1518,IC,person1523@northstar-clinical.example.com,CC-1123,CA
NST-PER-1524,Northstar IC 1524,IC Security,NST-PER-1519,IC,person1524@northstar-clinical.example.com,CC-1124,US
NST-PER-1525,Northstar IC 1525,IC Finance,NST-PER-1520,IC,person1525@northstar-clinical.example.com,CC-1125,DE
NST-PER-1526,Northstar IC 1526,IC ERP,NST-PER-1521,IC,person1526@northstar-clinical.example.com,CC-1126,IE
NST-PER-1527,Northstar IC 1527,IC Quality,NST-PER-1522,IC,person1527@northstar-clinical.example.com,CC-1127,MX
NST-PER-1528,Northstar IC 1528,IC Manufacturing,NST-PER-1523,IC,person1528@northstar-clinical.example.com,CC-1128,CN
NST-PER-1529,Northstar IC 1529,IC HIS,NST-PER-1524,IC,person1529@northstar-clinical.example.com,CC-1129,JP
NST-PER-1530,Northstar IC 1530,IC Product,NST-PER-1525,IC,person1530@northstar-clinical.example.com,CC-1130,SG
NST-PER-1531,Northstar IC 1531,IC Security,NST-PER-1526,IC,person1531@northstar-clinical.example.com,CC-1131,BR
NST-PER-1532,Northstar IC 1532,IC Finance,NST-PER-1527,IC,person1532@northstar-clinical.example.com,CC-1132,FR
NST-PER-1533,Northstar IC 1533,IC ERP,NST-PER-1528,IC,person1533@northstar-clinical.example.com,CC-1133,GB
NST-PER-1534,Northstar IC 1534,IC Quality,NST-PER-1529,IC,person1534@northstar-clinical.example.com,CC-1134,IN
NST-PER-1535,Northstar IC 1535,IC Manufacturing,NST-PER-1530,IC,person1535@northstar-clinical.example.com,CC-1135,CA
NST-PER-1536,Northstar IC 1536,IC HIS,NST-PER-1531,IC,person1536@northstar-clinical.example.com,CC-1136,US
NST-PER-1537,Northstar IC 1537,IC Product,NST-PER-1532,IC,person1537@northstar-clinical.example.com,CC-1137,DE
NST-PER-1538,Northstar IC 1538,IC Security,NST-PER-1533,IC,person1538@northstar-clinical.example.com,CC-1138,IE
NST-PER-1539,Northstar IC 1539,IC Finance,NST-PER-1534,IC,person1539@northstar-clinical.example.com,CC-1139,MX
NST-PER-1540,Northstar IC 1540,IC ERP,NST-PER-1535,IC,person1540@northstar-clinical.example.com,CC-1140,CN
NST-PER-1541,Northstar IC 1541,IC Quality,NST-PER-1536,IC,person1541@northstar-clinical.example.com,CC-1141,JP
NST-PER-1542,Northstar IC 1542,IC Manufacturing,NST-PER-1537,IC,person1542@northstar-clinical.example.com,CC-1142,SG
NST-PER-1543,Northstar IC 1543,IC HIS,NST-PER-1538,IC,person1543@northstar-clinical.example.com,CC-1143,BR
NST-PER-1544,Northstar IC 1544,IC Product,NST-PER-1539,IC,person1544@northstar-clinical.example.com,CC-1144,FR
NST-PER-1545,Northstar IC 1545,IC Security,NST-PER-1540,IC,person1545@northstar-clinical.example.com,CC-1145,GB
NST-PER-1546,Northstar IC 1546,IC Finance,NST-PER-1541,IC,person1546@northstar-clinical.example.com,CC-1146,IN
NST-PER-1547,Northstar IC 1547,IC ERP,NST-PER-1542,IC,person1547@northstar-clinical.example.com,CC-1147,CA
NST-PER-1548,Northstar IC 1548,IC Quality,NST-PER-1543,IC,person1548@northstar-clinical.example.com,CC-1148,US
NST-PER-1549,Northstar IC 1549,IC Manufacturing,NST-PER-1544,IC,person1549@northstar-clinical.example.com,CC-1149,DE
NST-PER-1550,Northstar IC 1550,IC HIS,NST-PER-1545,IC,person1550@northstar-clinical.example.com,CC-1150,IE
NST-PER-1551,Northstar IC 1551,IC Product,NST-PER-1546,IC,person1551@northstar-clinical.example.com,CC-1151,MX
NST-PER-1552,Northstar IC 1552,IC Security,NST-PER-1547,IC,person1552@northstar-clinical.example.com,CC-1152,CN
NST-PER-1553,Northstar IC 1553,IC Finance,NST-PER-1548,IC,person1553@northstar-clinical.example.com,CC-1153,JP
NST-PER-1554,Northstar IC 1554,IC ERP,NST-PER-1549,IC,person1554@northstar-clinical.example.com,CC-1154,SG
NST-PER-1555,Northstar IC 1555,IC Quality,NST-PER-1550,IC,person1555@northstar-clinical.example.com,CC-1155,BR
NST-PER-1556,Northstar IC 1556,IC Manufacturing,NST-PER-1551,IC,person1556@northstar-clinical.example.com,CC-1156,FR
NST-PER-1557,Northstar IC 1557,IC HIS,NST-PER-1552,IC,person1557@northstar-clinical.example.com,CC-1157,GB
NST-PER-1558,Northstar IC 1558,IC Product,NST-PER-1553,IC,person1558@northstar-clinical.example.com,CC-1158,IN
NST-PER-1559,Northstar IC 1559,IC Security,NST-PER-1554,IC,person1559@northstar-clinical.example.com,CC-1159,CA
NST-PER-1560,Northstar IC 1560,IC Finance,NST-PER-1555,IC,person1560@northstar-clinical.example.com,CC-1160,US
NST-PER-1561,Northstar IC 1561,IC ERP,NST-PER-1556,IC,person1561@northstar-clinical.example.com,CC-1161,DE
NST-PER-1562,Northstar IC 1562,IC Quality,NST-PER-1557,IC,person1562@northstar-clinical.example.com,CC-1162,IE
NST-PER-1563,Northstar IC 1563,IC Manufacturing,NST-PER-1558,IC,person1563@northstar-clinical.example.com,CC-1163,MX
NST-PER-1564,Northstar IC 1564,IC HIS,NST-PER-1559,IC,person1564@northstar-clinical.example.com,CC-1164,CN
NST-PER-1565,Northstar IC 1565,IC Product,NST-PER-1560,IC,person1565@northstar-clinical.example.com,CC-1165,JP
NST-PER-1566,Northstar IC 1566,IC Security,NST-PER-1561,IC,person1566@northstar-clinical.example.com,CC-1166,SG
NST-PER-1567,Northstar IC 1567,IC Finance,NST-PER-1562,IC,person1567@northstar-clinical.example.com,CC-1167,BR
NST-PER-1568,Northstar IC 1568,IC ERP,NST-PER-1563,IC,person1568@northstar-clinical.example.com,CC-1168,FR
NST-PER-1569,Northstar IC 1569,IC Quality,NST-PER-1564,IC,person1569@northstar-clinical.example.com,CC-1169,GB
NST-PER-1570,Northstar IC 1570,IC Manufacturing,NST-PER-1565,IC,person1570@northstar-clinical.example.com,CC-1170,IN
NST-PER-1571,Northstar IC 1571,IC HIS,NST-PER-1566,IC,person1571@northstar-clinical.example.com,CC-1171,CA
NST-PER-1572,Northstar IC 1572,IC Product,NST-PER-1567,IC,person1572@northstar-clinical.example.com,CC-1172,US
NST-PER-1573,Northstar IC 1573,IC Security,NST-PER-1568,IC,person1573@northstar-clinical.example.com,CC-1173,DE
NST-PER-1574,Northstar IC 1574,IC Finance,NST-PER-1569,IC,person1574@northstar-clinical.example.com,CC-1174,IE
NST-PER-1575,Northstar IC 1575,IC ERP,NST-PER-1570,IC,person1575@northstar-clinical.example.com,CC-1175,MX
NST-PER-1576,Northstar IC 1576,IC Quality,NST-PER-1571,IC,person1576@northstar-clinical.example.com,CC-1176,CN
NST-PER-1577,Northstar IC 1577,IC Manufacturing,NST-PER-1572,IC,person1577@northstar-clinical.example.com,CC-1177,JP
NST-PER-1578,Northstar IC 1578,IC HIS,NST-PER-1573,IC,person1578@northstar-clinical.example.com,CC-1178,SG
NST-PER-1579,Northstar IC 1579,IC Product,NST-PER-1574,IC,person1579@northstar-clinical.example.com,CC-1179,BR
NST-PER-1580,Northstar IC 1580,IC Security,NST-PER-1575,IC,person1580@northstar-clinical.example.com,CC-1180,FR
NST-PER-1581,Northstar IC 1581,IC Finance,NST-PER-1576,IC,person1581@northstar-clinical.example.com,CC-1181,GB
NST-PER-1582,Northstar IC 1582,IC ERP,NST-PER-1577,IC,person1582@northstar-clinical.example.com,CC-1182,IN
NST-PER-1583,Northstar IC 1583,IC Quality,NST-PER-1578,IC,person1583@northstar-clinical.example.com,CC-1183,CA
NST-PER-1584,Northstar IC 1584,IC Manufacturing,NST-PER-1579,IC,person1584@northstar-clinical.example.com,CC-1184,US
NST-PER-1585,Northstar IC 1585,IC HIS,NST-PER-1580,IC,person1585@northstar-clinical.example.com,CC-1185,DE
NST-PER-1586,Northstar IC 1586,IC Product,NST-PER-1581,IC,person1586@northstar-clinical.example.com,CC-1186,IE
NST-PER-1587,Northstar IC 1587,IC Security,NST-PER-1582,IC,person1587@northstar-clinical.example.com,CC-1187,MX
NST-PER-1588,Northstar IC 1588,IC Finance,NST-PER-1583,IC,person1588@northstar-clinical.example.com,CC-1188,CN
NST-PER-1589,Northstar IC 1589,IC ERP,NST-PER-1584,IC,person1589@northstar-clinical.example.com,CC-1189,JP
NST-PER-1590,Northstar IC 1590,IC Quality,NST-PER-1585,IC,person1590@northstar-clinical.example.com,CC-1190,SG
NST-PER-1591,Northstar IC 1591,IC Manufacturing,NST-PER-1586,IC,person1591@northstar-clinical.example.com,CC-1191,BR
NST-PER-1592,Northstar IC 1592,IC HIS,NST-PER-1587,IC,person1592@northstar-clinical.example.com,CC-1192,FR
NST-PER-1593,Northstar IC 1593,IC Product,NST-PER-1588,IC,person1593@northstar-clinical.example.com,CC-1193,GB
NST-PER-1594,Northstar IC 1594,IC Security,NST-PER-1589,IC,person1594@northstar-clinical.example.com,CC-1194,IN
NST-PER-1595,Northstar IC 1595,IC Finance,NST-PER-1590,IC,person1595@northstar-clinical.example.com,CC-1195,CA
NST-PER-1596,Northstar IC 1596,IC ERP,NST-PER-1591,IC,person1596@northstar-clinical.example.com,CC-1196,US
NST-PER-1597,Northstar IC 1597,IC Quality,NST-PER-1592,IC,person1597@northstar-clinical.example.com,CC-1197,DE
NST-PER-1598,Northstar IC 1598,IC Manufacturing,NST-PER-1593,IC,person1598@northstar-clinical.example.com,CC-1198,IE
NST-PER-1599,Northstar IC 1599,IC HIS,NST-PER-1594,IC,person1599@northstar-clinical.example.com,CC-1199,MX
NST-PER-1600,Northstar IC 1600,IC Product,NST-PER-1595,IC,person1600@northstar-clinical.example.com,CC-1200,CN
NST-PER-1601,Northstar IC 1601,IC Security,NST-PER-1596,IC,person1601@northstar-clinical.example.com,CC-1201,JP
NST-PER-1602,Northstar IC 1602,IC Finance,NST-PER-1597,IC,person1602@northstar-clinical.example.com,CC-1202,SG
NST-PER-1603,Northstar IC 1603,IC ERP,NST-PER-1598,IC,person1603@northstar-clinical.example.com,CC-1203,BR
NST-PER-1604,Northstar IC 1604,IC Quality,NST-PER-1599,IC,person1604@northstar-clinical.example.com,CC-1204,FR
NST-PER-1605,Northstar IC 1605,IC Manufacturing,NST-PER-1600,IC,person1605@northstar-clinical.example.com,CC-1205,GB
NST-PER-1606,Northstar IC 1606,IC HIS,NST-PER-1601,IC,person1606@northstar-clinical.example.com,CC-1206,IN
NST-PER-1607,Northstar IC 1607,IC Product,NST-PER-1602,IC,person1607@northstar-clinical.example.com,CC-1207,CA
NST-PER-1608,Northstar IC 1608,IC Security,NST-PER-1603,IC,person1608@northstar-clinical.example.com,CC-1208,US
NST-PER-1609,Northstar IC 1609,IC Finance,NST-PER-1604,IC,person1609@northstar-clinical.example.com,CC-1209,DE
NST-PER-1610,Northstar IC 1610,IC ERP,NST-PER-1605,IC,person1610@northstar-clinical.example.com,CC-1210,IE
NST-PER-1611,Northstar IC 1611,IC Quality,NST-PER-1606,IC,person1611@northstar-clinical.example.com,CC-1211,MX
NST-PER-1612,Northstar IC 1612,IC Manufacturing,NST-PER-1607,IC,person1612@northstar-clinical.example.com,CC-1212,CN
NST-PER-1613,Northstar IC 1613,IC HIS,NST-PER-1608,IC,person1613@northstar-clinical.example.com,CC-1213,JP
NST-PER-1614,Northstar IC 1614,IC Product,NST-PER-1609,IC,person1614@northstar-clinical.example.com,CC-1214,SG
NST-PER-1615,Northstar IC 1615,IC Security,NST-PER-1610,IC,person1615@northstar-clinical.example.com,CC-1215,BR
NST-PER-1616,Northstar IC 1616,IC Finance,NST-PER-1611,IC,person1616@northstar-clinical.example.com,CC-1216,FR
NST-PER-1617,Northstar IC 1617,IC ERP,NST-PER-1612,IC,person1617@northstar-clinical.example.com,CC-1217,GB
NST-PER-1618,Northstar IC 1618,IC Quality,NST-PER-1613,IC,person1618@northstar-clinical.example.com,CC-1218,IN
NST-PER-1619,Northstar IC 1619,IC Manufacturing,NST-PER-1614,IC,person1619@northstar-clinical.example.com,CC-1219,CA
NST-PER-1620,Northstar IC 1620,IC HIS,NST-PER-1615,IC,person1620@northstar-clinical.example.com,CC-1220,US
NST-PER-1621,Northstar IC 1621,IC Product,NST-PER-1616,IC,person1621@northstar-clinical.example.com,CC-1221,DE
NST-PER-1622,Northstar IC 1622,IC Security,NST-PER-1617,IC,person1622@northstar-clinical.example.com,CC-1222,IE
NST-PER-1623,Northstar IC 1623,IC Finance,NST-PER-1618,IC,person1623@northstar-clinical.example.com,CC-1223,MX
NST-PER-1624,Northstar IC 1624,IC ERP,NST-PER-1619,IC,person1624@northstar-clinical.example.com,CC-1224,CN
NST-PER-1625,Northstar IC 1625,IC Quality,NST-PER-1620,IC,person1625@northstar-clinical.example.com,CC-1225,JP
NST-PER-1626,Northstar IC 1626,IC Manufacturing,NST-PER-1621,IC,person1626@northstar-clinical.example.com,CC-1226,SG
NST-PER-1627,Northstar IC 1627,IC HIS,NST-PER-1622,IC,person1627@northstar-clinical.example.com,CC-1227,BR
NST-PER-1628,Northstar IC 1628,IC Product,NST-PER-1623,IC,person1628@northstar-clinical.example.com,CC-1228,FR
NST-PER-1629,Northstar IC 1629,IC Security,NST-PER-1624,IC,person1629@northstar-clinical.example.com,CC-1229,GB
NST-PER-1630,Northstar IC 1630,IC Finance,NST-PER-1625,IC,person1630@northstar-clinical.example.com,CC-1230,IN
NST-PER-1631,Northstar IC 1631,IC ERP,NST-PER-1626,IC,person1631@northstar-clinical.example.com,CC-1231,CA
NST-PER-1632,Northstar IC 1632,IC Quality,NST-PER-1627,IC,person1632@northstar-clinical.example.com,CC-1232,US
NST-PER-1633,Northstar IC 1633,IC Manufacturing,NST-PER-1628,IC,person1633@northstar-clinical.example.com,CC-1233,DE
NST-PER-1634,Northstar IC 1634,IC HIS,NST-PER-1629,IC,person1634@northstar-clinical.example.com,CC-1234,IE
NST-PER-1635,Northstar IC 1635,IC Product,NST-PER-1630,IC,person1635@northstar-clinical.example.com,CC-1235,MX
NST-PER-1636,Northstar IC 1636,IC Security,NST-PER-1631,IC,person1636@northstar-clinical.example.com,CC-1236,CN
NST-PER-1637,Northstar IC 1637,IC Finance,NST-PER-1632,IC,person1637@northstar-clinical.example.com,CC-1237,JP
NST-PER-1638,Northstar IC 1638,IC ERP,NST-PER-1633,IC,person1638@northstar-clinical.example.com,CC-1238,SG
NST-PER-1639,Northstar IC 1639,IC Quality,NST-PER-1634,IC,person1639@northstar-clinical.example.com,CC-1239,BR
NST-PER-1640,Northstar IC 1640,IC Manufacturing,NST-PER-1635,IC,person1640@northstar-clinical.example.com,CC-1240,FR
NST-PER-1641,Northstar IC 1641,IC HIS,NST-PER-1636,IC,person1641@northstar-clinical.example.com,CC-1241,GB
NST-PER-1642,Northstar IC 1642,IC Product,NST-PER-1637,IC,person1642@northstar-clinical.example.com,CC-1242,IN
NST-PER-1643,Northstar IC 1643,IC Security,NST-PER-1638,IC,person1643@northstar-clinical.example.com,CC-1243,CA
NST-PER-1644,Northstar IC 1644,IC Finance,NST-PER-1639,IC,person1644@northstar-clinical.example.com,CC-1244,US
NST-PER-1645,Northstar IC 1645,IC ERP,NST-PER-1640,IC,person1645@northstar-clinical.example.com,CC-1245,DE
NST-PER-1646,Northstar IC 1646,IC Quality,NST-PER-1641,IC,person1646@northstar-clinical.example.com,CC-1246,IE
NST-PER-1647,Northstar IC 1647,IC Manufacturing,NST-PER-1642,IC,person1647@northstar-clinical.example.com,CC-1247,MX
NST-PER-1648,Northstar IC 1648,IC HIS,NST-PER-1643,IC,person1648@northstar-clinical.example.com,CC-1248,CN
NST-PER-1649,Northstar IC 1649,IC Product,NST-PER-1644,IC,person1649@northstar-clinical.example.com,CC-1249,JP
NST-PER-1650,Northstar IC 1650,IC Security,NST-PER-1645,IC,person1650@northstar-clinical.example.com,CC-1250,SG
NST-PER-1651,Northstar IC 1651,IC Finance,NST-PER-1646,IC,person1651@northstar-clinical.example.com,CC-1251,BR
NST-PER-1652,Northstar IC 1652,IC ERP,NST-PER-1647,IC,person1652@northstar-clinical.example.com,CC-1252,FR
NST-PER-1653,Northstar IC 1653,IC Quality,NST-PER-1648,IC,person1653@northstar-clinical.example.com,CC-1253,GB
NST-PER-1654,Northstar IC 1654,IC Manufacturing,NST-PER-1649,IC,person1654@northstar-clinical.example.com,CC-1254,IN
NST-PER-1655,Northstar IC 1655,IC HIS,NST-PER-1650,IC,person1655@northstar-clinical.example.com,CC-1255,CA
NST-PER-1656,Northstar IC 1656,IC Product,NST-PER-1651,IC,person1656@northstar-clinical.example.com,CC-1256,US
NST-PER-1657,Northstar IC 1657,IC Security,NST-PER-1652,IC,person1657@northstar-clinical.example.com,CC-1257,DE
NST-PER-1658,Northstar IC 1658,IC Finance,NST-PER-1653,IC,person1658@northstar-clinical.example.com,CC-1258,IE
NST-PER-1659,Northstar IC 1659,IC ERP,NST-PER-1654,IC,person1659@northstar-clinical.example.com,CC-1259,MX
NST-PER-1660,Northstar IC 1660,IC Quality,NST-PER-1655,IC,person1660@northstar-clinical.example.com,CC-1260,CN
NST-PER-1661,Northstar IC 1661,IC Manufacturing,NST-PER-1656,IC,person1661@northstar-clinical.example.com,CC-1261,JP
NST-PER-1662,Northstar IC 1662,IC HIS,NST-PER-1657,IC,person1662@northstar-clinical.example.com,CC-1262,SG
NST-PER-1663,Northstar IC 1663,IC Product,NST-PER-1658,IC,person1663@northstar-clinical.example.com,CC-1263,BR
NST-PER-1664,Northstar IC 1664,IC Security,NST-PER-1659,IC,person1664@northstar-clinical.example.com,CC-1264,FR
NST-PER-1665,Northstar IC 1665,IC Finance,NST-PER-1660,IC,person1665@northstar-clinical.example.com,CC-1265,GB
NST-PER-1666,Northstar IC 1666,IC ERP,NST-PER-1661,IC,person1666@northstar-clinical.example.com,CC-1266,IN
NST-PER-1667,Northstar IC 1667,IC Quality,NST-PER-1662,IC,person1667@northstar-clinical.example.com,CC-1267,CA
NST-PER-1668,Northstar IC 1668,IC Manufacturing,NST-PER-1663,IC,person1668@northstar-clinical.example.com,CC-1268,US
NST-PER-1669,Northstar IC 1669,IC HIS,NST-PER-1664,IC,person1669@northstar-clinical.example.com,CC-1269,DE
NST-PER-1670,Northstar IC 1670,IC Product,NST-PER-1665,IC,person1670@northstar-clinical.example.com,CC-1270,IE
NST-PER-1671,Northstar IC 1671,IC Security,NST-PER-1666,IC,person1671@northstar-clinical.example.com,CC-1271,MX
NST-PER-1672,Northstar IC 1672,IC Finance,NST-PER-1667,IC,person1672@northstar-clinical.example.com,CC-1272,CN
NST-PER-1673,Northstar IC 1673,IC ERP,NST-PER-1668,IC,person1673@northstar-clinical.example.com,CC-1273,JP
NST-PER-1674,Northstar IC 1674,IC Quality,NST-PER-1669,IC,person1674@northstar-clinical.example.com,CC-1274,SG
NST-PER-1675,Northstar IC 1675,IC Manufacturing,NST-PER-1670,IC,person1675@northstar-clinical.example.com,CC-1275,BR
NST-PER-1676,Northstar IC 1676,IC HIS,NST-PER-1671,IC,person1676@northstar-clinical.example.com,CC-1276,FR
NST-PER-1677,Northstar IC 1677,IC Product,NST-PER-1672,IC,person1677@northstar-clinical.example.com,CC-1277,GB
NST-PER-1678,Northstar IC 1678,IC Security,NST-PER-1673,IC,person1678@northstar-clinical.example.com,CC-1278,IN
NST-PER-1679,Northstar IC 1679,IC Finance,NST-PER-1674,IC,person1679@northstar-clinical.example.com,CC-1279,CA
NST-PER-1680,Northstar IC 1680,IC ERP,NST-PER-1675,IC,person1680@northstar-clinical.example.com,CC-1000,US
NST-PER-1681,Northstar IC 1681,IC Quality,NST-PER-1676,IC,person1681@northstar-clinical.example.com,CC-1001,DE
NST-PER-1682,Northstar IC 1682,IC Manufacturing,NST-PER-1677,IC,person1682@northstar-clinical.example.com,CC-1002,IE
NST-PER-1683,Northstar IC 1683,IC HIS,NST-PER-1678,IC,person1683@northstar-clinical.example.com,CC-1003,MX
NST-PER-1684,Northstar IC 1684,IC Product,NST-PER-1679,IC,person1684@northstar-clinical.example.com,CC-1004,CN
NST-PER-1685,Northstar IC 1685,IC Security,NST-PER-1680,IC,person1685@northstar-clinical.example.com,CC-1005,JP
NST-PER-1686,Northstar IC 1686,IC Finance,NST-PER-1681,IC,person1686@northstar-clinical.example.com,CC-1006,SG
NST-PER-1687,Northstar IC 1687,IC ERP,NST-PER-1682,IC,person1687@northstar-clinical.example.com,CC-1007,BR
NST-PER-1688,Northstar IC 1688,IC Quality,NST-PER-1683,IC,person1688@northstar-clinical.example.com,CC-1008,FR
NST-PER-1689,Northstar IC 1689,IC Manufacturing,NST-PER-1684,IC,person1689@northstar-clinical.example.com,CC-1009,GB
NST-PER-1690,Northstar IC 1690,IC HIS,NST-PER-1685,IC,person1690@northstar-clinical.example.com,CC-1010,IN
NST-PER-1691,Northstar IC 1691,IC Product,NST-PER-1686,IC,person1691@northstar-clinical.example.com,CC-1011,CA
NST-PER-1692,Northstar IC 1692,IC Security,NST-PER-1687,IC,person1692@northstar-clinical.example.com,CC-1012,US
NST-PER-1693,Northstar IC 1693,IC Finance,NST-PER-1688,IC,person1693@northstar-clinical.example.com,CC-1013,DE
NST-PER-1694,Northstar IC 1694,IC ERP,NST-PER-1689,IC,person1694@northstar-clinical.example.com,CC-1014,IE
NST-PER-1695,Northstar IC 1695,IC Quality,NST-PER-1690,IC,person1695@northstar-clinical.example.com,CC-1015,MX
NST-PER-1696,Northstar IC 1696,IC Manufacturing,NST-PER-1691,IC,person1696@northstar-clinical.example.com,CC-1016,CN
NST-PER-1697,Northstar IC 1697,IC HIS,NST-PER-1692,IC,person1697@northstar-clinical.example.com,CC-1017,JP
NST-PER-1698,Northstar IC 1698,IC Product,NST-PER-1693,IC,person1698@northstar-clinical.example.com,CC-1018,SG
NST-PER-1699,Northstar IC 1699,IC Security,NST-PER-1694,IC,person1699@northstar-clinical.example.com,CC-1019,BR
NST-PER-1700,Northstar IC 1700,IC Finance,NST-PER-1695,IC,person1700@northstar-clinical.example.com,CC-1020,FR
NST-PER-1701,Northstar IC 1701,IC ERP,NST-PER-1696,IC,person1701@northstar-clinical.example.com,CC-1021,GB
NST-PER-1702,Northstar IC 1702,IC Quality,NST-PER-1697,IC,person1702@northstar-clinical.example.com,CC-1022,IN
NST-PER-1703,Northstar IC 1703,IC Manufacturing,NST-PER-1698,IC,person1703@northstar-clinical.example.com,CC-1023,CA
NST-PER-1704,Northstar IC 1704,IC HIS,NST-PER-1699,IC,person1704@northstar-clinical.example.com,CC-1024,US
NST-PER-1705,Northstar IC 1705,IC Product,NST-PER-1700,IC,person1705@northstar-clinical.example.com,CC-1025,DE
NST-PER-1706,Northstar IC 1706,IC Security,NST-PER-1701,IC,person1706@northstar-clinical.example.com,CC-1026,IE
NST-PER-1707,Northstar IC 1707,IC Finance,NST-PER-1702,IC,person1707@northstar-clinical.example.com,CC-1027,MX
NST-PER-1708,Northstar IC 1708,IC ERP,NST-PER-1703,IC,person1708@northstar-clinical.example.com,CC-1028,CN
NST-PER-1709,Northstar IC 1709,IC Quality,NST-PER-1704,IC,person1709@northstar-clinical.example.com,CC-1029,JP
NST-PER-1710,Northstar IC 1710,IC Manufacturing,NST-PER-1705,IC,person1710@northstar-clinical.example.com,CC-1030,SG
NST-PER-1711,Northstar IC 1711,IC HIS,NST-PER-1706,IC,person1711@northstar-clinical.example.com,CC-1031,BR
NST-PER-1712,Northstar IC 1712,IC Product,NST-PER-1707,IC,person1712@northstar-clinical.example.com,CC-1032,FR
NST-PER-1713,Northstar IC 1713,IC Security,NST-PER-1708,IC,person1713@northstar-clinical.example.com,CC-1033,GB
NST-PER-1714,Northstar IC 1714,IC Finance,NST-PER-1709,IC,person1714@northstar-clinical.example.com,CC-1034,IN
NST-PER-1715,Northstar IC 1715,IC ERP,NST-PER-1710,IC,person1715@northstar-clinical.example.com,CC-1035,CA
NST-PER-1716,Northstar IC 1716,IC Quality,NST-PER-1711,IC,person1716@northstar-clinical.example.com,CC-1036,US
NST-PER-1717,Northstar IC 1717,IC Manufacturing,NST-PER-1712,IC,person1717@northstar-clinical.example.com,CC-1037,DE
NST-PER-1718,Northstar IC 1718,IC HIS,NST-PER-1713,IC,person1718@northstar-clinical.example.com,CC-1038,IE
NST-PER-1719,Northstar IC 1719,IC Product,NST-PER-1714,IC,person1719@northstar-clinical.example.com,CC-1039,MX
NST-PER-1720,Northstar IC 1720,IC Security,NST-PER-1715,IC,person1720@northstar-clinical.example.com,CC-1040,CN
NST-PER-1721,Northstar IC 1721,IC Finance,NST-PER-1716,IC,person1721@northstar-clinical.example.com,CC-1041,JP
NST-PER-1722,Northstar IC 1722,IC ERP,NST-PER-1717,IC,person1722@northstar-clinical.example.com,CC-1042,SG
NST-PER-1723,Northstar IC 1723,IC Quality,NST-PER-1718,IC,person1723@northstar-clinical.example.com,CC-1043,BR
NST-PER-1724,Northstar IC 1724,IC Manufacturing,NST-PER-1719,IC,person1724@northstar-clinical.example.com,CC-1044,FR
NST-PER-1725,Northstar IC 1725,IC HIS,NST-PER-1720,IC,person1725@northstar-clinical.example.com,CC-1045,GB
NST-PER-1726,Northstar IC 1726,IC Product,NST-PER-1721,IC,person1726@northstar-clinical.example.com,CC-1046,IN
NST-PER-1727,Northstar IC 1727,IC Security,NST-PER-1722,IC,person1727@northstar-clinical.example.com,CC-1047,CA
NST-PER-1728,Northstar IC 1728,IC Finance,NST-PER-1723,IC,person1728@northstar-clinical.example.com,CC-1048,US
NST-PER-1729,Northstar IC 1729,IC ERP,NST-PER-1724,IC,person1729@northstar-clinical.example.com,CC-1049,DE
NST-PER-1730,Northstar IC 1730,IC Quality,NST-PER-1725,IC,person1730@northstar-clinical.example.com,CC-1050,IE
NST-PER-1731,Northstar IC 1731,IC Manufacturing,NST-PER-1726,IC,person1731@northstar-clinical.example.com,CC-1051,MX
NST-PER-1732,Northstar IC 1732,IC HIS,NST-PER-1727,IC,person1732@northstar-clinical.example.com,CC-1052,CN
NST-PER-1733,Northstar IC 1733,IC Product,NST-PER-1728,IC,person1733@northstar-clinical.example.com,CC-1053,JP
NST-PER-1734,Northstar IC 1734,IC Security,NST-PER-1729,IC,person1734@northstar-clinical.example.com,CC-1054,SG
NST-PER-1735,Northstar IC 1735,IC Finance,NST-PER-1730,IC,person1735@northstar-clinical.example.com,CC-1055,BR
NST-PER-1736,Northstar IC 1736,IC ERP,NST-PER-1731,IC,person1736@northstar-clinical.example.com,CC-1056,FR
NST-PER-1737,Northstar IC 1737,IC Quality,NST-PER-1732,IC,person1737@northstar-clinical.example.com,CC-1057,GB
NST-PER-1738,Northstar IC 1738,IC Manufacturing,NST-PER-1733,IC,person1738@northstar-clinical.example.com,CC-1058,IN
NST-PER-1739,Northstar IC 1739,IC HIS,NST-PER-1734,IC,person1739@northstar-clinical.example.com,CC-1059,CA
NST-PER-1740,Northstar IC 1740,IC Product,NST-PER-1735,IC,person1740@northstar-clinical.example.com,CC-1060,US
NST-PER-1741,Northstar IC 1741,IC Security,NST-PER-1736,IC,person1741@northstar-clinical.example.com,CC-1061,DE
NST-PER-1742,Northstar IC 1742,IC Finance,NST-PER-1737,IC,person1742@northstar-clinical.example.com,CC-1062,IE
NST-PER-1743,Northstar IC 1743,IC ERP,NST-PER-1738,IC,person1743@northstar-clinical.example.com,CC-1063,MX
NST-PER-1744,Northstar IC 1744,IC Quality,NST-PER-1739,IC,person1744@northstar-clinical.example.com,CC-1064,CN
NST-PER-1745,Northstar IC 1745,IC Manufacturing,NST-PER-1740,IC,person1745@northstar-clinical.example.com,CC-1065,JP
NST-PER-1746,Northstar IC 1746,IC HIS,NST-PER-1741,IC,person1746@northstar-clinical.example.com,CC-1066,SG
NST-PER-1747,Northstar IC 1747,IC Product,NST-PER-1742,IC,person1747@northstar-clinical.example.com,CC-1067,BR
NST-PER-1748,Northstar IC 1748,IC Security,NST-PER-1743,IC,person1748@northstar-clinical.example.com,CC-1068,FR
NST-PER-1749,Northstar IC 1749,IC Finance,NST-PER-1744,IC,person1749@northstar-clinical.example.com,CC-1069,GB
NST-PER-1750,Northstar IC 1750,IC ERP,NST-PER-1745,IC,person1750@northstar-clinical.example.com,CC-1070,IN
NST-PER-1751,Northstar IC 1751,IC Quality,NST-PER-1746,IC,person1751@northstar-clinical.example.com,CC-1071,CA
NST-PER-1752,Northstar IC 1752,IC Manufacturing,NST-PER-1747,IC,person1752@northstar-clinical.example.com,CC-1072,US
NST-PER-1753,Northstar IC 1753,IC HIS,NST-PER-1748,IC,person1753@northstar-clinical.example.com,CC-1073,DE
NST-PER-1754,Northstar IC 1754,IC Product,NST-PER-1749,IC,person1754@northstar-clinical.example.com,CC-1074,IE
NST-PER-1755,Northstar IC 1755,IC Security,NST-PER-1750,IC,person1755@northstar-clinical.example.com,CC-1075,MX
NST-PER-1756,Northstar IC 1756,IC Finance,NST-PER-1751,IC,person1756@northstar-clinical.example.com,CC-1076,CN
NST-PER-1757,Northstar IC 1757,IC ERP,NST-PER-1752,IC,person1757@northstar-clinical.example.com,CC-1077,JP
NST-PER-1758,Northstar IC 1758,IC Quality,NST-PER-1753,IC,person1758@northstar-clinical.example.com,CC-1078,SG
NST-PER-1759,Northstar IC 1759,IC Manufacturing,NST-PER-1754,IC,person1759@northstar-clinical.example.com,CC-1079,BR
NST-PER-1760,Northstar IC 1760,IC HIS,NST-PER-1755,IC,person1760@northstar-clinical.example.com,CC-1080,FR
NST-PER-1761,Northstar IC 1761,IC Product,NST-PER-1756,IC,person1761@northstar-clinical.example.com,CC-1081,GB
NST-PER-1762,Northstar IC 1762,IC Security,NST-PER-1757,IC,person1762@northstar-clinical.example.com,CC-1082,IN
NST-PER-1763,Northstar IC 1763,IC Finance,NST-PER-1758,IC,person1763@northstar-clinical.example.com,CC-1083,CA
NST-PER-1764,Northstar IC 1764,IC ERP,NST-PER-1759,IC,person1764@northstar-clinical.example.com,CC-1084,US
NST-PER-1765,Northstar IC 1765,IC Quality,NST-PER-1760,IC,person1765@northstar-clinical.example.com,CC-1085,DE
NST-PER-1766,Northstar IC 1766,IC Manufacturing,NST-PER-1761,IC,person1766@northstar-clinical.example.com,CC-1086,IE
NST-PER-1767,Northstar IC 1767,IC HIS,NST-PER-1762,IC,person1767@northstar-clinical.example.com,CC-1087,MX
NST-PER-1768,Northstar IC 1768,IC Product,NST-PER-1763,IC,person1768@northstar-clinical.example.com,CC-1088,CN
NST-PER-1769,Northstar IC 1769,IC Security,NST-PER-1764,IC,person1769@northstar-clinical.example.com,CC-1089,JP
NST-PER-1770,Northstar IC 1770,IC Finance,NST-PER-1765,IC,person1770@northstar-clinical.example.com,CC-1090,SG
NST-PER-1771,Northstar IC 1771,IC ERP,NST-PER-1766,IC,person1771@northstar-clinical.example.com,CC-1091,BR
NST-PER-1772,Northstar IC 1772,IC Quality,NST-PER-1767,IC,person1772@northstar-clinical.example.com,CC-1092,FR
NST-PER-1773,Northstar IC 1773,IC Manufacturing,NST-PER-1768,IC,person1773@northstar-clinical.example.com,CC-1093,GB
NST-PER-1774,Northstar IC 1774,IC HIS,NST-PER-1769,IC,person1774@northstar-clinical.example.com,CC-1094,IN
NST-PER-1775,Northstar IC 1775,IC Product,NST-PER-1770,IC,person1775@northstar-clinical.example.com,CC-1095,CA
NST-PER-1776,Northstar IC 1776,IC Security,NST-PER-1771,IC,person1776@northstar-clinical.example.com,CC-1096,US
NST-PER-1777,Northstar IC 1777,IC Finance,NST-PER-1772,IC,person1777@northstar-clinical.example.com,CC-1097,DE
NST-PER-1778,Northstar IC 1778,IC ERP,NST-PER-1773,IC,person1778@northstar-clinical.example.com,CC-1098,IE
NST-PER-1779,Northstar IC 1779,IC Quality,NST-PER-1774,IC,person1779@northstar-clinical.example.com,CC-1099,MX
NST-PER-1780,Northstar IC 1780,IC Manufacturing,NST-PER-1775,IC,person1780@northstar-clinical.example.com,CC-1100,CN
NST-PER-1781,Northstar IC 1781,IC HIS,NST-PER-1776,IC,person1781@northstar-clinical.example.com,CC-1101,JP
NST-PER-1782,Northstar IC 1782,IC Product,NST-PER-1777,IC,person1782@northstar-clinical.example.com,CC-1102,SG
NST-PER-1783,Northstar IC 1783,IC Security,NST-PER-1778,IC,person1783@northstar-clinical.example.com,CC-1103,BR
NST-PER-1784,Northstar IC 1784,IC Finance,NST-PER-1779,IC,person1784@northstar-clinical.example.com,CC-1104,FR
NST-PER-1785,Northstar IC 1785,IC ERP,NST-PER-1780,IC,person1785@northstar-clinical.example.com,CC-1105,GB
NST-PER-1786,Northstar IC 1786,IC Quality,NST-PER-1781,IC,person1786@northstar-clinical.example.com,CC-1106,IN
NST-PER-1787,Northstar IC 1787,IC Manufacturing,NST-PER-1782,IC,person1787@northstar-clinical.example.com,CC-1107,CA
NST-PER-1788,Northstar IC 1788,IC HIS,NST-PER-1783,IC,person1788@northstar-clinical.example.com,CC-1108,US
NST-PER-1789,Northstar IC 1789,IC Product,NST-PER-1784,IC,person1789@northstar-clinical.example.com,CC-1109,DE
NST-PER-1790,Northstar IC 1790,IC Security,NST-PER-1785,IC,person1790@northstar-clinical.example.com,CC-1110,IE
NST-PER-1791,Northstar IC 1791,IC Finance,NST-PER-1786,IC,person1791@northstar-clinical.example.com,CC-1111,MX
NST-PER-1792,Northstar IC 1792,IC ERP,NST-PER-1787,IC,person1792@northstar-clinical.example.com,CC-1112,CN
NST-PER-1793,Northstar IC 1793,IC Quality,NST-PER-1788,IC,person1793@northstar-clinical.example.com,CC-1113,JP
NST-PER-1794,Northstar IC 1794,IC Manufacturing,NST-PER-1789,IC,person1794@northstar-clinical.example.com,CC-1114,SG
NST-PER-1795,Northstar IC 1795,IC HIS,NST-PER-1790,IC,person1795@northstar-clinical.example.com,CC-1115,BR
NST-PER-1796,Northstar IC 1796,IC Product,NST-PER-1791,IC,person1796@northstar-clinical.example.com,CC-1116,FR
NST-PER-1797,Northstar IC 1797,IC Security,NST-PER-1792,IC,person1797@northstar-clinical.example.com,CC-1117,GB
NST-PER-1798,Northstar IC 1798,IC Finance,NST-PER-1793,IC,person1798@northstar-clinical.example.com,CC-1118,IN
NST-PER-1799,Northstar IC 1799,IC ERP,NST-PER-1794,IC,person1799@northstar-clinical.example.com,CC-1119,CA
NST-PER-1800,Northstar IC 1800,IC Quality,NST-PER-1795,IC,person1800@northstar-clinical.example.com,CC-1120,US
NST-PER-1801,Northstar IC 1801,IC Manufacturing,NST-PER-1796,IC,person1801@northstar-clinical.example.com,CC-1121,DE
NST-PER-1802,Northstar IC 1802,IC HIS,NST-PER-1797,IC,person1802@northstar-clinical.example.com,CC-1122,IE
NST-PER-1803,Northstar IC 1803,IC Product,NST-PER-1798,IC,person1803@northstar-clinical.example.com,CC-1123,MX
NST-PER-1804,Northstar IC 1804,IC Security,NST-PER-1799,IC,person1804@northstar-clinical.example.com,CC-1124,CN
NST-PER-1805,Northstar IC 1805,IC Finance,NST-PER-1800,IC,person1805@northstar-clinical.example.com,CC-1125,JP
NST-PER-1806,Northstar IC 1806,IC ERP,NST-PER-1801,IC,person1806@northstar-clinical.example.com,CC-1126,SG
NST-PER-1807,Northstar IC 1807,IC Quality,NST-PER-1802,IC,person1807@northstar-clinical.example.com,CC-1127,BR
NST-PER-1808,Northstar IC 1808,IC Manufacturing,NST-PER-1803,IC,person1808@northstar-clinical.example.com,CC-1128,FR
NST-PER-1809,Northstar IC 1809,IC HIS,NST-PER-1804,IC,person1809@northstar-clinical.example.com,CC-1129,GB
NST-PER-1810,Northstar IC 1810,IC Product,NST-PER-1805,IC,person1810@northstar-clinical.example.com,CC-1130,IN
NST-PER-1811,Northstar IC 1811,IC Security,NST-PER-1806,IC,person1811@northstar-clinical.example.com,CC-1131,CA
NST-PER-1812,Northstar IC 1812,IC Finance,NST-PER-1807,IC,person1812@northstar-clinical.example.com,CC-1132,US
NST-PER-1813,Northstar IC 1813,IC ERP,NST-PER-1808,IC,person1813@northstar-clinical.example.com,CC-1133,DE
NST-PER-1814,Northstar IC 1814,IC Quality,NST-PER-1809,IC,person1814@northstar-clinical.example.com,CC-1134,IE
NST-PER-1815,Northstar IC 1815,IC Manufacturing,NST-PER-1810,IC,person1815@northstar-clinical.example.com,CC-1135,MX
NST-PER-1816,Northstar IC 1816,IC HIS,NST-PER-1811,IC,person1816@northstar-clinical.example.com,CC-1136,CN
NST-PER-1817,Northstar IC 1817,IC Product,NST-PER-1812,IC,person1817@northstar-clinical.example.com,CC-1137,JP
NST-PER-1818,Northstar IC 1818,IC Security,NST-PER-1813,IC,person1818@northstar-clinical.example.com,CC-1138,SG
NST-PER-1819,Northstar IC 1819,IC Finance,NST-PER-1814,IC,person1819@northstar-clinical.example.com,CC-1139,BR
NST-PER-1820,Northstar IC 1820,IC ERP,NST-PER-1815,IC,person1820@northstar-clinical.example.com,CC-1140,FR
NST-PER-1821,Northstar IC 1821,IC Quality,NST-PER-1816,IC,person1821@northstar-clinical.example.com,CC-1141,GB
NST-PER-1822,Northstar IC 1822,IC Manufacturing,NST-PER-1817,IC,person1822@northstar-clinical.example.com,CC-1142,IN
NST-PER-1823,Northstar IC 1823,IC HIS,NST-PER-1818,IC,person1823@northstar-clinical.example.com,CC-1143,CA
NST-PER-1824,Northstar IC 1824,IC Product,NST-PER-1819,IC,person1824@northstar-clinical.example.com,CC-1144,US
NST-PER-1825,Northstar IC 1825,IC Security,NST-PER-1820,IC,person1825@northstar-clinical.example.com,CC-1145,DE
NST-PER-1826,Northstar IC 1826,IC Finance,NST-PER-1821,IC,person1826@northstar-clinical.example.com,CC-1146,IE
NST-PER-1827,Northstar IC 1827,IC ERP,NST-PER-1822,IC,person1827@northstar-clinical.example.com,CC-1147,MX
NST-PER-1828,Northstar IC 1828,IC Quality,NST-PER-1823,IC,person1828@northstar-clinical.example.com,CC-1148,CN
NST-PER-1829,Northstar IC 1829,IC Manufacturing,NST-PER-1824,IC,person1829@northstar-clinical.example.com,CC-1149,JP
NST-PER-1830,Northstar IC 1830,IC HIS,NST-PER-1825,IC,person1830@northstar-clinical.example.com,CC-1150,SG
NST-PER-1831,Northstar IC 1831,IC Product,NST-PER-1826,IC,person1831@northstar-clinical.example.com,CC-1151,BR
NST-PER-1832,Northstar IC 1832,IC Security,NST-PER-1827,IC,person1832@northstar-clinical.example.com,CC-1152,FR
NST-PER-1833,Northstar IC 1833,IC Finance,NST-PER-1828,IC,person1833@northstar-clinical.example.com,CC-1153,GB
NST-PER-1834,Northstar IC 1834,IC ERP,NST-PER-1829,IC,person1834@northstar-clinical.example.com,CC-1154,IN
NST-PER-1835,Northstar IC 1835,IC Quality,NST-PER-1830,IC,person1835@northstar-clinical.example.com,CC-1155,CA
NST-PER-1836,Northstar IC 1836,IC Manufacturing,NST-PER-1831,IC,person1836@northstar-clinical.example.com,CC-1156,US
NST-PER-1837,Northstar IC 1837,IC HIS,NST-PER-1832,IC,person1837@northstar-clinical.example.com,CC-1157,DE
NST-PER-1838,Northstar IC 1838,IC Product,NST-PER-1833,IC,person1838@northstar-clinical.example.com,CC-1158,IE
NST-PER-1839,Northstar IC 1839,IC Security,NST-PER-1834,IC,person1839@northstar-clinical.example.com,CC-1159,MX
NST-PER-1840,Northstar IC 1840,IC Finance,NST-PER-1835,IC,person1840@northstar-clinical.example.com,CC-1160,CN
NST-PER-1841,Northstar IC 1841,IC ERP,NST-PER-1836,IC,person1841@northstar-clinical.example.com,CC-1161,JP
NST-PER-1842,Northstar IC 1842,IC Quality,NST-PER-1837,IC,person1842@northstar-clinical.example.com,CC-1162,SG
NST-PER-1843,Northstar IC 1843,IC Manufacturing,NST-PER-1838,IC,person1843@northstar-clinical.example.com,CC-1163,BR
NST-PER-1844,Northstar IC 1844,IC HIS,NST-PER-1839,IC,person1844@northstar-clinical.example.com,CC-1164,FR
NST-PER-1845,Northstar IC 1845,IC Product,NST-PER-1840,IC,person1845@northstar-clinical.example.com,CC-1165,GB
NST-PER-1846,Northstar IC 1846,IC Security,NST-PER-1841,IC,person1846@northstar-clinical.example.com,CC-1166,IN
NST-PER-1847,Northstar IC 1847,IC Finance,NST-PER-1842,IC,person1847@northstar-clinical.example.com,CC-1167,CA
NST-PER-1848,Northstar IC 1848,IC ERP,NST-PER-1843,IC,person1848@northstar-clinical.example.com,CC-1168,US
NST-PER-1849,Northstar IC 1849,IC Quality,NST-PER-1844,IC,person1849@northstar-clinical.example.com,CC-1169,DE
NST-PER-1850,Northstar IC 1850,IC Manufacturing,NST-PER-1845,IC,person1850@northstar-clinical.example.com,CC-1170,IE
NST-PER-1851,Northstar IC 1851,IC HIS,NST-PER-1846,IC,person1851@northstar-clinical.example.com,CC-1171,MX
NST-PER-1852,Northstar IC 1852,IC Product,NST-PER-1847,IC,person1852@northstar-clinical.example.com,CC-1172,CN
NST-PER-1853,Northstar IC 1853,IC Security,NST-PER-1848,IC,person1853@northstar-clinical.example.com,CC-1173,JP
NST-PER-1854,Northstar IC 1854,IC Finance,NST-PER-1849,IC,person1854@northstar-clinical.example.com,CC-1174,SG
NST-PER-1855,Northstar IC 1855,IC ERP,NST-PER-1850,IC,person1855@northstar-clinical.example.com,CC-1175,BR
NST-PER-1856,Northstar IC 1856,IC Quality,NST-PER-1851,IC,person1856@northstar-clinical.example.com,CC-1176,FR
NST-PER-1857,Northstar IC 1857,IC Manufacturing,NST-PER-1852,IC,person1857@northstar-clinical.example.com,CC-1177,GB
NST-PER-1858,Northstar IC 1858,IC HIS,NST-PER-1853,IC,person1858@northstar-clinical.example.com,CC-1178,IN
NST-PER-1859,Northstar IC 1859,IC Product,NST-PER-1854,IC,person1859@northstar-clinical.example.com,CC-1179,CA
NST-PER-1860,Northstar IC 1860,IC Security,NST-PER-1855,IC,person1860@northstar-clinical.example.com,CC-1180,US
NST-PER-1861,Northstar IC 1861,IC Finance,NST-PER-1856,IC,person1861@northstar-clinical.example.com,CC-1181,DE
NST-PER-1862,Northstar IC 1862,IC ERP,NST-PER-1857,IC,person1862@northstar-clinical.example.com,CC-1182,IE
NST-PER-1863,Northstar IC 1863,IC Quality,NST-PER-1858,IC,person1863@northstar-clinical.example.com,CC-1183,MX
NST-PER-1864,Northstar IC 1864,IC Manufacturing,NST-PER-1859,IC,person1864@northstar-clinical.example.com,CC-1184,CN
NST-PER-1865,Northstar IC 1865,IC HIS,NST-PER-1860,IC,person1865@northstar-clinical.example.com,CC-1185,JP
NST-PER-1866,Northstar IC 1866,IC Product,NST-PER-1861,IC,person1866@northstar-clinical.example.com,CC-1186,SG
NST-PER-1867,Northstar IC 1867,IC Security,NST-PER-1862,IC,person1867@northstar-clinical.example.com,CC-1187,BR
NST-PER-1868,Northstar IC 1868,IC Finance,NST-PER-1863,IC,person1868@northstar-clinical.example.com,CC-1188,FR
NST-PER-1869,Northstar IC 1869,IC ERP,NST-PER-1864,IC,person1869@northstar-clinical.example.com,CC-1189,GB
NST-PER-1870,Northstar IC 1870,IC Quality,NST-PER-1865,IC,person1870@northstar-clinical.example.com,CC-1190,IN
NST-PER-1871,Northstar IC 1871,IC Manufacturing,NST-PER-1866,IC,person1871@northstar-clinical.example.com,CC-1191,CA
NST-PER-1872,Northstar IC 1872,IC HIS,NST-PER-1867,IC,person1872@northstar-clinical.example.com,CC-1192,US
NST-PER-1873,Northstar IC 1873,IC Product,NST-PER-1868,IC,person1873@northstar-clinical.example.com,CC-1193,DE
NST-PER-1874,Northstar IC 1874,IC Security,NST-PER-1869,IC,person1874@northstar-clinical.example.com,CC-1194,IE
NST-PER-1875,Northstar IC 1875,IC Finance,NST-PER-1870,IC,person1875@northstar-clinical.example.com,CC-1195,MX
NST-PER-1876,Northstar IC 1876,IC ERP,NST-PER-1871,IC,person1876@northstar-clinical.example.com,CC-1196,CN
NST-PER-1877,Northstar IC 1877,IC Quality,NST-PER-1872,IC,person1877@northstar-clinical.example.com,CC-1197,JP
NST-PER-1878,Northstar IC 1878,IC Manufacturing,NST-PER-1873,IC,person1878@northstar-clinical.example.com,CC-1198,SG
NST-PER-1879,Northstar IC 1879,IC HIS,NST-PER-1874,IC,person1879@northstar-clinical.example.com,CC-1199,BR
NST-PER-1880,Northstar IC 1880,IC Product,NST-PER-1875,IC,person1880@northstar-clinical.example.com,CC-1200,FR
NST-PER-1881,Northstar IC 1881,IC Security,NST-PER-1876,IC,person1881@northstar-clinical.example.com,CC-1201,GB
NST-PER-1882,Northstar IC 1882,IC Finance,NST-PER-1877,IC,person1882@northstar-clinical.example.com,CC-1202,IN
NST-PER-1883,Northstar IC 1883,IC ERP,NST-PER-1878,IC,person1883@northstar-clinical.example.com,CC-1203,CA
NST-PER-1884,Northstar IC 1884,IC Quality,NST-PER-1879,IC,person1884@northstar-clinical.example.com,CC-1204,US
NST-PER-1885,Northstar IC 1885,IC Manufacturing,NST-PER-1880,IC,person1885@northstar-clinical.example.com,CC-1205,DE
NST-PER-1886,Northstar IC 1886,IC HIS,NST-PER-1881,IC,person1886@northstar-clinical.example.com,CC-1206,IE
NST-PER-1887,Northstar IC 1887,IC Product,NST-PER-1882,IC,person1887@northstar-clinical.example.com,CC-1207,MX
NST-PER-1888,Northstar IC 1888,IC Security,NST-PER-1883,IC,person1888@northstar-clinical.example.com,CC-1208,CN
NST-PER-1889,Northstar IC 1889,IC Finance,NST-PER-1884,IC,person1889@northstar-clinical.example.com,CC-1209,JP
NST-PER-1890,Northstar IC 1890,IC ERP,NST-PER-1885,IC,person1890@northstar-clinical.example.com,CC-1210,SG
NST-PER-1891,Northstar IC 1891,IC Quality,NST-PER-1886,IC,person1891@northstar-clinical.example.com,CC-1211,BR
NST-PER-1892,Northstar IC 1892,IC Manufacturing,NST-PER-1887,IC,person1892@northstar-clinical.example.com,CC-1212,FR
NST-PER-1893,Northstar IC 1893,IC HIS,NST-PER-1888,IC,person1893@northstar-clinical.example.com,CC-1213,GB
NST-PER-1894,Northstar IC 1894,IC Product,NST-PER-1889,IC,person1894@northstar-clinical.example.com,CC-1214,IN
NST-PER-1895,Northstar IC 1895,IC Security,NST-PER-1890,IC,person1895@northstar-clinical.example.com,CC-1215,CA
NST-PER-1896,Northstar IC 1896,IC Finance,NST-PER-1891,IC,person1896@northstar-clinical.example.com,CC-1216,US
NST-PER-1897,Northstar IC 1897,IC ERP,NST-PER-1892,IC,person1897@northstar-clinical.example.com,CC-1217,DE
NST-PER-1898,Northstar IC 1898,IC Quality,NST-PER-1893,IC,person1898@northstar-clinical.example.com,CC-1218,IE
NST-PER-1899,Northstar IC 1899,IC Manufacturing,NST-PER-1894,IC,person1899@northstar-clinical.example.com,CC-1219,MX
NST-PER-1900,Northstar IC 1900,IC HIS,NST-PER-1895,IC,person1900@northstar-clinical.example.com,CC-1220,CN
NST-PER-1901,Northstar IC 1901,IC Product,NST-PER-1896,IC,person1901@northstar-clinical.example.com,CC-1221,JP
NST-PER-1902,Northstar IC 1902,IC Security,NST-PER-1897,IC,person1902@northstar-clinical.example.com,CC-1222,SG
NST-PER-1903,Northstar IC 1903,IC Finance,NST-PER-1898,IC,person1903@northstar-clinical.example.com,CC-1223,BR
NST-PER-1904,Northstar IC 1904,IC ERP,NST-PER-1899,IC,person1904@northstar-clinical.example.com,CC-1224,FR
NST-PER-1905,Northstar IC 1905,IC Quality,NST-PER-1900,IC,person1905@northstar-clinical.example.com,CC-1225,GB
NST-PER-1906,Northstar IC 1906,IC Manufacturing,NST-PER-1901,IC,person1906@northstar-clinical.example.com,CC-1226,IN
NST-PER-1907,Northstar IC 1907,IC HIS,NST-PER-1902,IC,person1907@northstar-clinical.example.com,CC-1227,CA
NST-PER-1908,Northstar IC 1908,IC Product,NST-PER-1903,IC,person1908@northstar-clinical.example.com,CC-1228,US
NST-PER-1909,Northstar IC 1909,IC Security,NST-PER-1904,IC,person1909@northstar-clinical.example.com,CC-1229,DE
NST-PER-1910,Northstar IC 1910,IC Finance,NST-PER-1905,IC,person1910@northstar-clinical.example.com,CC-1230,IE
NST-PER-1911,Northstar IC 1911,IC ERP,NST-PER-1906,IC,person1911@northstar-clinical.example.com,CC-1231,MX
NST-PER-1912,Northstar IC 1912,IC Quality,NST-PER-1907,IC,person1912@northstar-clinical.example.com,CC-1232,CN
NST-PER-1913,Northstar IC 1913,IC Manufacturing,NST-PER-1908,IC,person1913@northstar-clinical.example.com,CC-1233,JP
NST-PER-1914,Northstar IC 1914,IC HIS,NST-PER-1909,IC,person1914@northstar-clinical.example.com,CC-1234,SG
NST-PER-1915,Northstar IC 1915,IC Product,NST-PER-1910,IC,person1915@northstar-clinical.example.com,CC-1235,BR
NST-PER-1916,Northstar IC 1916,IC Security,NST-PER-1911,IC,person1916@northstar-clinical.example.com,CC-1236,FR
NST-PER-1917,Northstar IC 1917,IC Finance,NST-PER-1912,IC,person1917@northstar-clinical.example.com,CC-1237,GB
NST-PER-1918,Northstar IC 1918,IC ERP,NST-PER-1913,IC,person1918@northstar-clinical.example.com,CC-1238,IN
NST-PER-1919,Northstar IC 1919,IC Quality,NST-PER-1914,IC,person1919@northstar-clinical.example.com,CC-1239,CA
NST-PER-1920,Northstar IC 1920,IC Manufacturing,NST-PER-1915,IC,person1920@northstar-clinical.example.com,CC-1240,US
NST-PER-1921,Northstar IC 1921,IC HIS,NST-PER-1916,IC,person1921@northstar-clinical.example.com,CC-1241,DE
NST-PER-1922,Northstar IC 1922,IC Product,NST-PER-1917,IC,person1922@northstar-clinical.example.com,CC-1242,IE
NST-PER-1923,Northstar IC 1923,IC Security,NST-PER-1918,IC,person1923@northstar-clinical.example.com,CC-1243,MX
NST-PER-1924,Northstar IC 1924,IC Finance,NST-PER-1919,IC,person1924@northstar-clinical.example.com,CC-1244,CN
NST-PER-1925,Northstar IC 1925,IC ERP,NST-PER-1920,IC,person1925@northstar-clinical.example.com,CC-1245,JP
NST-PER-1926,Northstar IC 1926,IC Quality,NST-PER-1921,IC,person1926@northstar-clinical.example.com,CC-1246,SG
NST-PER-1927,Northstar IC 1927,IC Manufacturing,NST-PER-1922,IC,person1927@northstar-clinical.example.com,CC-1247,BR
NST-PER-1928,Northstar IC 1928,IC HIS,NST-PER-1923,IC,person1928@northstar-clinical.example.com,CC-1248,FR
NST-PER-1929,Northstar IC 1929,IC Product,NST-PER-1924,IC,person1929@northstar-clinical.example.com,CC-1249,GB
NST-PER-1930,Northstar IC 1930,IC Security,NST-PER-1925,IC,person1930@northstar-clinical.example.com,CC-1250,IN
NST-PER-1931,Northstar IC 1931,IC Finance,NST-PER-1926,IC,person1931@northstar-clinical.example.com,CC-1251,CA
NST-PER-1932,Northstar IC 1932,IC ERP,NST-PER-1927,IC,person1932@northstar-clinical.example.com,CC-1252,US
NST-PER-1933,Northstar IC 1933,IC Quality,NST-PER-1928,IC,person1933@northstar-clinical.example.com,CC-1253,DE
NST-PER-1934,Northstar IC 1934,IC Manufacturing,NST-PER-1929,IC,person1934@northstar-clinical.example.com,CC-1254,IE
NST-PER-1935,Northstar IC 1935,IC HIS,NST-PER-1930,IC,person1935@northstar-clinical.example.com,CC-1255,MX
NST-PER-1936,Northstar IC 1936,IC Product,NST-PER-1931,IC,person1936@northstar-clinical.example.com,CC-1256,CN
NST-PER-1937,Northstar IC 1937,IC Security,NST-PER-1932,IC,person1937@northstar-clinical.example.com,CC-1257,JP
NST-PER-1938,Northstar IC 1938,IC Finance,NST-PER-1933,IC,person1938@northstar-clinical.example.com,CC-1258,SG
NST-PER-1939,Northstar IC 1939,IC ERP,NST-PER-1934,IC,person1939@northstar-clinical.example.com,CC-1259,BR
NST-PER-1940,Northstar IC 1940,IC Quality,NST-PER-1935,IC,person1940@northstar-clinical.example.com,CC-1260,FR
NST-PER-1941,Northstar IC 1941,IC Manufacturing,NST-PER-1936,IC,person1941@northstar-clinical.example.com,CC-1261,GB
NST-PER-1942,Northstar IC 1942,IC HIS,NST-PER-1937,IC,person1942@northstar-clinical.example.com,CC-1262,IN
NST-PER-1943,Northstar IC 1943,IC Product,NST-PER-1938,IC,person1943@northstar-clinical.example.com,CC-1263,CA
NST-PER-1944,Northstar IC 1944,IC Security,NST-PER-1939,IC,person1944@northstar-clinical.example.com,CC-1264,US
NST-PER-1945,Northstar IC 1945,IC Finance,NST-PER-1940,IC,person1945@northstar-clinical.example.com,CC-1265,DE
NST-PER-1946,Northstar IC 1946,IC ERP,NST-PER-1941,IC,person1946@northstar-clinical.example.com,CC-1266,IE
NST-PER-1947,Northstar IC 1947,IC Quality,NST-PER-1942,IC,person1947@northstar-clinical.example.com,CC-1267,MX
NST-PER-1948,Northstar IC 1948,IC Manufacturing,NST-PER-1943,IC,person1948@northstar-clinical.example.com,CC-1268,CN
NST-PER-1949,Northstar IC 1949,IC HIS,NST-PER-1944,IC,person1949@northstar-clinical.example.com,CC-1269,JP
NST-PER-1950,Northstar IC 1950,IC Product,NST-PER-1945,IC,person1950@northstar-clinical.example.com,CC-1270,SG
NST-PER-1951,Northstar IC 1951,IC Security,NST-PER-1946,IC,person1951@northstar-clinical.example.com,CC-1271,BR
NST-PER-1952,Northstar IC 1952,IC Finance,NST-PER-1947,IC,person1952@northstar-clinical.example.com,CC-1272,FR
NST-PER-1953,Northstar IC 1953,IC ERP,NST-PER-1948,IC,person1953@northstar-clinical.example.com,CC-1273,GB
NST-PER-1954,Northstar IC 1954,IC Quality,NST-PER-1949,IC,person1954@northstar-clinical.example.com,CC-1274,IN
NST-PER-1955,Northstar IC 1955,IC Manufacturing,NST-PER-1950,IC,person1955@northstar-clinical.example.com,CC-1275,CA
NST-PER-1956,Northstar IC 1956,IC HIS,NST-PER-1951,IC,person1956@northstar-clinical.example.com,CC-1276,US
NST-PER-1957,Northstar IC 1957,IC Product,NST-PER-1952,IC,person1957@northstar-clinical.example.com,CC-1277,DE
NST-PER-1958,Northstar IC 1958,IC Security,NST-PER-1953,IC,person1958@northstar-clinical.example.com,CC-1278,IE
NST-PER-1959,Northstar IC 1959,IC Finance,NST-PER-1954,IC,person1959@northstar-clinical.example.com,CC-1279,MX
NST-PER-1960,Northstar IC 1960,IC ERP,NST-PER-1955,IC,person1960@northstar-clinical.example.com,CC-1000,CN
NST-PER-1961,Northstar IC 1961,IC Quality,NST-PER-1956,IC,person1961@northstar-clinical.example.com,CC-1001,JP
NST-PER-1962,Northstar IC 1962,IC Manufacturing,NST-PER-1957,IC,person1962@northstar-clinical.example.com,CC-1002,SG
NST-PER-1963,Northstar IC 1963,IC HIS,NST-PER-1958,IC,person1963@northstar-clinical.example.com,CC-1003,BR
NST-PER-1964,Northstar IC 1964,IC Product,NST-PER-1959,IC,person1964@northstar-clinical.example.com,CC-1004,FR
NST-PER-1965,Northstar IC 1965,IC Security,NST-PER-1960,IC,person1965@northstar-clinical.example.com,CC-1005,GB
NST-PER-1966,Northstar IC 1966,IC Finance,NST-PER-1961,IC,person1966@northstar-clinical.example.com,CC-1006,IN
NST-PER-1967,Northstar IC 1967,IC ERP,NST-PER-1962,IC,person1967@northstar-clinical.example.com,CC-1007,CA
NST-PER-1968,Northstar IC 1968,IC Quality,NST-PER-1963,IC,person1968@northstar-clinical.example.com,CC-1008,US
NST-PER-1969,Northstar IC 1969,IC Manufacturing,NST-PER-1964,IC,person1969@northstar-clinical.example.com,CC-1009,DE
NST-PER-1970,Northstar IC 1970,IC HIS,NST-PER-1965,IC,person1970@northstar-clinical.example.com,CC-1010,IE
NST-PER-1971,Northstar IC 1971,IC Product,NST-PER-1966,IC,person1971@northstar-clinical.example.com,CC-1011,MX
NST-PER-1972,Northstar IC 1972,IC Security,NST-PER-1967,IC,person1972@northstar-clinical.example.com,CC-1012,CN
NST-PER-1973,Northstar IC 1973,IC Finance,NST-PER-1968,IC,person1973@northstar-clinical.example.com,CC-1013,JP
NST-PER-1974,Northstar IC 1974,IC ERP,NST-PER-1969,IC,person1974@northstar-clinical.example.com,CC-1014,SG
NST-PER-1975,Northstar IC 1975,IC Quality,NST-PER-1970,IC,person1975@northstar-clinical.example.com,CC-1015,BR
NST-PER-1976,Northstar IC 1976,IC Manufacturing,NST-PER-1971,IC,person1976@northstar-clinical.example.com,CC-1016,FR
NST-PER-1977,Northstar IC 1977,IC HIS,NST-PER-1972,IC,person1977@northstar-clinical.example.com,CC-1017,GB
NST-PER-1978,Northstar IC 1978,IC Product,NST-PER-1973,IC,person1978@northstar-clinical.example.com,CC-1018,IN
NST-PER-1979,Northstar IC 1979,IC Security,NST-PER-1974,IC,person1979@northstar-clinical.example.com,CC-1019,CA
NST-PER-1980,Northstar IC 1980,IC Finance,NST-PER-1975,IC,person1980@northstar-clinical.example.com,CC-1020,US
NST-PER-1981,Northstar IC 1981,IC ERP,NST-PER-1976,IC,person1981@northstar-clinical.example.com,CC-1021,DE
NST-PER-1982,Northstar IC 1982,IC Quality,NST-PER-1977,IC,person1982@northstar-clinical.example.com,CC-1022,IE
NST-PER-1983,Northstar IC 1983,IC Manufacturing,NST-PER-1978,IC,person1983@northstar-clinical.example.com,CC-1023,MX
NST-PER-1984,Northstar IC 1984,IC HIS,NST-PER-1979,IC,person1984@northstar-clinical.example.com,CC-1024,CN
NST-PER-1985,Northstar IC 1985,IC Product,NST-PER-1980,IC,person1985@northstar-clinical.example.com,CC-1025,JP
NST-PER-1986,Northstar IC 1986,IC Security,NST-PER-1981,IC,person1986@northstar-clinical.example.com,CC-1026,SG
NST-PER-1987,Northstar IC 1987,IC Finance,NST-PER-1982,IC,person1987@northstar-clinical.example.com,CC-1027,BR
NST-PER-1988,Northstar IC 1988,IC ERP,NST-PER-1983,IC,person1988@northstar-clinical.example.com,CC-1028,FR
NST-PER-1989,Northstar IC 1989,IC Quality,NST-PER-1984,IC,person1989@northstar-clinical.example.com,CC-1029,GB
NST-PER-1990,Northstar IC 1990,IC Manufacturing,NST-PER-1985,IC,person1990@northstar-clinical.example.com,CC-1030,IN
NST-PER-1991,Northstar IC 1991,IC HIS,NST-PER-1986,IC,person1991@northstar-clinical.example.com,CC-1031,CA
NST-PER-1992,Northstar IC 1992,IC Product,NST-PER-1987,IC,person1992@northstar-clinical.example.com,CC-1032,US
NST-PER-1993,Northstar IC 1993,IC Security,NST-PER-1988,IC,person1993@northstar-clinical.example.com,CC-1033,DE
NST-PER-1994,Northstar IC 1994,IC Finance,NST-PER-1989,IC,person1994@northstar-clinical.example.com,CC-1034,IE
NST-PER-1995,Northstar IC 1995,IC ERP,NST-PER-1990,IC,person1995@northstar-clinical.example.com,CC-1035,MX
NST-PER-1996,Northstar IC 1996,IC Quality,NST-PER-1991,IC,person1996@northstar-clinical.example.com,CC-1036,CN
NST-PER-1997,Northstar IC 1997,IC Manufacturing,NST-PER-1992,IC,person1997@northstar-clinical.example.com,CC-1037,JP
NST-PER-1998,Northstar IC 1998,IC HIS,NST-PER-1993,IC,person1998@northstar-clinical.example.com,CC-1038,SG
NST-PER-1999,Northstar IC 1999,IC Product,NST-PER-1994,IC,person1999@northstar-clinical.example.com,CC-1039,BR
NST-PER-2000,Northstar IC 2000,IC Security,NST-PER-1995,IC,person2000@northstar-clinical.example.com,CC-1040,FR
NST-PER-2001,Northstar IC 2001,IC Finance,NST-PER-1996,IC,person2001@northstar-clinical.example.com,CC-1041,GB
NST-PER-2002,Northstar IC 2002,IC ERP,NST-PER-1997,IC,person2002@northstar-clinical.example.com,CC-1042,IN
NST-PER-2003,Northstar IC 2003,IC Quality,NST-PER-1998,IC,person2003@northstar-clinical.example.com,CC-1043,CA
NST-PER-2004,Northstar IC 2004,IC Manufacturing,NST-PER-1999,IC,person2004@northstar-clinical.example.com,CC-1044,US
NST-PER-2005,Northstar IC 2005,IC HIS,NST-PER-2000,IC,person2005@northstar-clinical.example.com,CC-1045,DE
NST-PER-2006,Northstar IC 2006,IC Product,NST-PER-2001,IC,person2006@northstar-clinical.example.com,CC-1046,IE
NST-PER-2007,Northstar IC 2007,IC Security,NST-PER-2002,IC,person2007@northstar-clinical.example.com,CC-1047,MX
NST-PER-2008,Northstar IC 2008,IC Finance,NST-PER-2003,IC,person2008@northstar-clinical.example.com,CC-1048,CN
NST-PER-2009,Northstar IC 2009,IC ERP,NST-PER-2004,IC,person2009@northstar-clinical.example.com,CC-1049,JP
NST-PER-2010,Northstar IC 2010,IC Quality,NST-PER-2005,IC,person2010@northstar-clinical.example.com,CC-1050,SG
NST-PER-2011,Northstar IC 2011,IC Manufacturing,NST-PER-2006,IC,person2011@northstar-clinical.example.com,CC-1051,BR
NST-PER-2012,Northstar IC 2012,IC HIS,NST-PER-2007,IC,person2012@northstar-clinical.example.com,CC-1052,FR
NST-PER-2013,Northstar IC 2013,IC Product,NST-PER-2008,IC,person2013@northstar-clinical.example.com,CC-1053,GB
NST-PER-2014,Northstar IC 2014,IC Security,NST-PER-2009,IC,person2014@northstar-clinical.example.com,CC-1054,IN
NST-PER-2015,Northstar IC 2015,IC Finance,NST-PER-2010,IC,person2015@northstar-clinical.example.com,CC-1055,CA
NST-PER-2016,Northstar IC 2016,IC ERP,NST-PER-2011,IC,person2016@northstar-clinical.example.com,CC-1056,US
NST-PER-2017,Northstar IC 2017,IC Quality,NST-PER-2012,IC,person2017@northstar-clinical.example.com,CC-1057,DE
NST-PER-2018,Northstar IC 2018,IC Manufacturing,NST-PER-2013,IC,person2018@northstar-clinical.example.com,CC-1058,IE
NST-PER-2019,Northstar IC 2019,IC HIS,NST-PER-2014,IC,person2019@northstar-clinical.example.com,CC-1059,MX
NST-PER-2020,Northstar IC 2020,IC Product,NST-PER-2015,IC,person2020@northstar-clinical.example.com,CC-1060,CN
NST-PER-2021,Northstar IC 2021,IC Security,NST-PER-2016,IC,person2021@northstar-clinical.example.com,CC-1061,JP
NST-PER-2022,Northstar IC 2022,IC Finance,NST-PER-2017,IC,person2022@northstar-clinical.example.com,CC-1062,SG
NST-PER-2023,Northstar IC 2023,IC ERP,NST-PER-2018,IC,person2023@northstar-clinical.example.com,CC-1063,BR
NST-PER-2024,Northstar IC 2024,IC Quality,NST-PER-2019,IC,person2024@northstar-clinical.example.com,CC-1064,FR
NST-PER-2025,Northstar IC 2025,IC Manufacturing,NST-PER-2020,IC,person2025@northstar-clinical.example.com,CC-1065,GB
NST-PER-2026,Northstar IC 2026,IC HIS,NST-PER-2021,IC,person2026@northstar-clinical.example.com,CC-1066,IN
NST-PER-2027,Northstar IC 2027,IC Product,NST-PER-2022,IC,person2027@northstar-clinical.example.com,CC-1067,CA
NST-PER-2028,Northstar IC 2028,IC Security,NST-PER-2023,IC,person2028@northstar-clinical.example.com,CC-1068,US
NST-PER-2029,Northstar IC 2029,IC Finance,NST-PER-2024,IC,person2029@northstar-clinical.example.com,CC-1069,DE
NST-PER-2030,Northstar IC 2030,IC ERP,NST-PER-2025,IC,person2030@northstar-clinical.example.com,CC-1070,IE
NST-PER-2031,Northstar IC 2031,IC Quality,NST-PER-2026,IC,person2031@northstar-clinical.example.com,CC-1071,MX
NST-PER-2032,Northstar IC 2032,IC Manufacturing,NST-PER-2027,IC,person2032@northstar-clinical.example.com,CC-1072,CN
NST-PER-2033,Northstar IC 2033,IC HIS,NST-PER-2028,IC,person2033@northstar-clinical.example.com,CC-1073,JP
NST-PER-2034,Northstar IC 2034,IC Product,NST-PER-2029,IC,person2034@northstar-clinical.example.com,CC-1074,SG
NST-PER-2035,Northstar IC 2035,IC Security,NST-PER-2030,IC,person2035@northstar-clinical.example.com,CC-1075,BR
NST-PER-2036,Northstar IC 2036,IC Finance,NST-PER-2031,IC,person2036@northstar-clinical.example.com,CC-1076,FR
NST-PER-2037,Northstar IC 2037,IC ERP,NST-PER-2032,IC,person2037@northstar-clinical.example.com,CC-1077,GB
NST-PER-2038,Northstar IC 2038,IC Quality,NST-PER-2033,IC,person2038@northstar-clinical.example.com,CC-1078,IN
NST-PER-2039,Northstar IC 2039,IC Manufacturing,NST-PER-2034,IC,person2039@northstar-clinical.example.com,CC-1079,CA
NST-PER-2040,Northstar IC 2040,IC HIS,NST-PER-2035,IC,person2040@northstar-clinical.example.com,CC-1080,US
NST-PER-2041,Northstar IC 2041,IC Product,NST-PER-2036,IC,person2041@northstar-clinical.example.com,CC-1081,DE
NST-PER-2042,Northstar IC 2042,IC Security,NST-PER-2037,IC,person2042@northstar-clinical.example.com,CC-1082,IE
NST-PER-2043,Northstar IC 2043,IC Finance,NST-PER-2038,IC,person2043@northstar-clinical.example.com,CC-1083,MX
NST-PER-2044,Northstar IC 2044,IC ERP,NST-PER-2039,IC,person2044@northstar-clinical.example.com,CC-1084,CN
NST-PER-2045,Northstar IC 2045,IC Quality,NST-PER-2040,IC,person2045@northstar-clinical.example.com,CC-1085,JP
NST-PER-2046,Northstar IC 2046,IC Manufacturing,NST-PER-2041,IC,person2046@northstar-clinical.example.com,CC-1086,SG
NST-PER-2047,Northstar IC 2047,IC HIS,NST-PER-2042,IC,person2047@northstar-clinical.example.com,CC-1087,BR
NST-PER-2048,Northstar IC 2048,IC Product,NST-PER-2043,IC,person2048@northstar-clinical.example.com,CC-1088,FR
NST-PER-2049,Northstar IC 2049,IC Security,NST-PER-2044,IC,person2049@northstar-clinical.example.com,CC-1089,GB
NST-PER-2050,Northstar IC 2050,IC Finance,NST-PER-2045,IC,person2050@northstar-clinical.example.com,CC-1090,IN
NST-PER-2051,Northstar IC 2051,IC ERP,NST-PER-2046,IC,person2051@northstar-clinical.example.com,CC-1091,CA
NST-PER-2052,Northstar IC 2052,IC Quality,NST-PER-2047,IC,person2052@northstar-clinical.example.com,CC-1092,US
NST-PER-2053,Northstar IC 2053,IC Manufacturing,NST-PER-2048,IC,person2053@northstar-clinical.example.com,CC-1093,DE
NST-PER-2054,Northstar IC 2054,IC HIS,NST-PER-2049,IC,person2054@northstar-clinical.example.com,CC-1094,IE
NST-PER-2055,Northstar IC 2055,IC Product,NST-PER-2050,IC,person2055@northstar-clinical.example.com,CC-1095,MX
NST-PER-2056,Northstar IC 2056,IC Security,NST-PER-2051,IC,person2056@northstar-clinical.example.com,CC-1096,CN
NST-PER-2057,Northstar IC 2057,IC Finance,NST-PER-2052,IC,person2057@northstar-clinical.example.com,CC-1097,JP
NST-PER-2058,Northstar IC 2058,IC ERP,NST-PER-2053,IC,person2058@northstar-clinical.example.com,CC-1098,SG
NST-PER-2059,Northstar IC 2059,IC Quality,NST-PER-2054,IC,person2059@northstar-clinical.example.com,CC-1099,BR
NST-PER-2060,Northstar IC 2060,IC Manufacturing,NST-PER-2055,IC,person2060@northstar-clinical.example.com,CC-1100,FR
NST-PER-2061,Northstar IC 2061,IC HIS,NST-PER-2056,IC,person2061@northstar-clinical.example.com,CC-1101,GB
NST-PER-2062,Northstar IC 2062,IC Product,NST-PER-2057,IC,person2062@northstar-clinical.example.com,CC-1102,IN
NST-PER-2063,Northstar IC 2063,IC Security,NST-PER-2058,IC,person2063@northstar-clinical.example.com,CC-1103,CA
NST-PER-2064,Northstar IC 2064,IC Finance,NST-PER-2059,IC,person2064@northstar-clinical.example.com,CC-1104,US
NST-PER-2065,Northstar IC 2065,IC ERP,NST-PER-2060,IC,person2065@northstar-clinical.example.com,CC-1105,DE
NST-PER-2066,Northstar IC 2066,IC Quality,NST-PER-2061,IC,person2066@northstar-clinical.example.com,CC-1106,IE
NST-PER-2067,Northstar IC 2067,IC Manufacturing,NST-PER-2062,IC,person2067@northstar-clinical.example.com,CC-1107,MX
NST-PER-2068,Northstar IC 2068,IC HIS,NST-PER-2063,IC,person2068@northstar-clinical.example.com,CC-1108,CN
NST-PER-2069,Northstar IC 2069,IC Product,NST-PER-2064,IC,person2069@northstar-clinical.example.com,CC-1109,JP
NST-PER-2070,Northstar IC 2070,IC Security,NST-PER-2065,IC,person2070@northstar-clinical.example.com,CC-1110,SG
NST-PER-2071,Northstar IC 2071,IC Finance,NST-PER-2066,IC,person2071@northstar-clinical.example.com,CC-1111,BR
NST-PER-2072,Northstar IC 2072,IC ERP,NST-PER-2067,IC,person2072@northstar-clinical.example.com,CC-1112,FR
NST-PER-2073,Northstar IC 2073,IC Quality,NST-PER-2068,IC,person2073@northstar-clinical.example.com,CC-1113,GB
NST-PER-2074,Northstar IC 2074,IC Manufacturing,NST-PER-2069,IC,person2074@northstar-clinical.example.com,CC-1114,IN
NST-PER-2075,Northstar IC 2075,IC HIS,NST-PER-2070,IC,person2075@northstar-clinical.example.com,CC-1115,CA
NST-PER-2076,Northstar IC 2076,IC Product,NST-PER-2071,IC,person2076@northstar-clinical.example.com,CC-1116,US
NST-PER-2077,Northstar IC 2077,IC Security,NST-PER-2072,IC,person2077@northstar-clinical.example.com,CC-1117,DE
NST-PER-2078,Northstar IC 2078,IC Finance,NST-PER-2073,IC,person2078@northstar-clinical.example.com,CC-1118,IE
NST-PER-2079,Northstar IC 2079,IC ERP,NST-PER-2074,IC,person2079@northstar-clinical.example.com,CC-1119,MX
NST-PER-2080,Northstar IC 2080,IC Quality,NST-PER-2075,IC,person2080@northstar-clinical.example.com,CC-1120,CN
NST-PER-2081,Northstar IC 2081,IC Manufacturing,NST-PER-2076,IC,person2081@northstar-clinical.example.com,CC-1121,JP
NST-PER-2082,Northstar IC 2082,IC HIS,NST-PER-2077,IC,person2082@northstar-clinical.example.com,CC-1122,SG
NST-PER-2083,Northstar IC 2083,IC Product,NST-PER-2078,IC,person2083@northstar-clinical.example.com,CC-1123,BR
NST-PER-2084,Northstar IC 2084,IC Security,NST-PER-2079,IC,person2084@northstar-clinical.example.com,CC-1124,FR
NST-PER-2085,Northstar IC 2085,IC Finance,NST-PER-2080,IC,person2085@northstar-clinical.example.com,CC-1125,GB
NST-PER-2086,Northstar IC 2086,IC ERP,NST-PER-2081,IC,person2086@northstar-clinical.example.com,CC-1126,IN
NST-PER-2087,Northstar IC 2087,IC Quality,NST-PER-2082,IC,person2087@northstar-clinical.example.com,CC-1127,CA
NST-PER-2088,Northstar IC 2088,IC Manufacturing,NST-PER-2083,IC,person2088@northstar-clinical.example.com,CC-1128,US
NST-PER-2089,Northstar IC 2089,IC HIS,NST-PER-2084,IC,person2089@northstar-clinical.example.com,CC-1129,DE
NST-PER-2090,Northstar IC 2090,IC Product,NST-PER-2085,IC,person2090@northstar-clinical.example.com,CC-1130,IE
NST-PER-2091,Northstar IC 2091,IC Security,NST-PER-2086,IC,person2091@northstar-clinical.example.com,CC-1131,MX
NST-PER-2092,Northstar IC 2092,IC Finance,NST-PER-2087,IC,person2092@northstar-clinical.example.com,CC-1132,CN
NST-PER-2093,Northstar IC 2093,IC ERP,NST-PER-2088,IC,person2093@northstar-clinical.example.com,CC-1133,JP
NST-PER-2094,Northstar IC 2094,IC Quality,NST-PER-2089,IC,person2094@northstar-clinical.example.com,CC-1134,SG
NST-PER-2095,Northstar IC 2095,IC Manufacturing,NST-PER-2090,IC,person2095@northstar-clinical.example.com,CC-1135,BR
NST-PER-2096,Northstar IC 2096,IC HIS,NST-PER-2091,IC,person2096@northstar-clinical.example.com,CC-1136,FR
NST-PER-2097,Northstar IC 2097,IC Product,NST-PER-2092,IC,person2097@northstar-clinical.example.com,CC-1137,GB
NST-PER-2098,Northstar IC 2098,IC Security,NST-PER-2093,IC,person2098@northstar-clinical.example.com,CC-1138,IN
NST-PER-2099,Northstar IC 2099,IC Finance,NST-PER-2094,IC,person2099@northstar-clinical.example.com,CC-1139,CA
NST-PER-2100,Northstar IC 2100,IC ERP,NST-PER-2095,IC,person2100@northstar-clinical.example.com,CC-1140,US
NST-PER-2101,Northstar IC 2101,IC Quality,NST-PER-2096,IC,person2101@northstar-clinical.example.com,CC-1141,DE
NST-PER-2102,Northstar IC 2102,IC Manufacturing,NST-PER-2097,IC,person2102@northstar-clinical.example.com,CC-1142,IE
NST-PER-2103,Northstar IC 2103,IC HIS,NST-PER-2098,IC,person2103@northstar-clinical.example.com,CC-1143,MX
NST-PER-2104,Northstar IC 2104,IC Product,NST-PER-2099,IC,person2104@northstar-clinical.example.com,CC-1144,CN
NST-PER-2105,Northstar IC 2105,IC Security,NST-PER-2100,IC,person2105@northstar-clinical.example.com,CC-1145,JP
NST-PER-2106,Northstar IC 2106,IC Finance,NST-PER-2101,IC,person2106@northstar-clinical.example.com,CC-1146,SG
NST-PER-2107,Northstar IC 2107,IC ERP,NST-PER-2102,IC,person2107@northstar-clinical.example.com,CC-1147,BR
NST-PER-2108,Northstar IC 2108,IC Quality,NST-PER-2103,IC,person2108@northstar-clinical.example.com,CC-1148,FR
NST-PER-2109,Northstar IC 2109,IC Manufacturing,NST-PER-2104,IC,person2109@northstar-clinical.example.com,CC-1149,GB
NST-PER-2110,Northstar IC 2110,IC HIS,NST-PER-2105,IC,person2110@northstar-clinical.example.com,CC-1150,IN
NST-PER-2111,Northstar IC 2111,IC Product,NST-PER-2106,IC,person2111@northstar-clinical.example.com,CC-1151,CA
NST-PER-2112,Northstar IC 2112,IC Security,NST-PER-2107,IC,person2112@northstar-clinical.example.com,CC-1152,US
NST-PER-2113,Northstar IC 2113,IC Finance,NST-PER-2108,IC,person2113@northstar-clinical.example.com,CC-1153,DE
NST-PER-2114,Northstar IC 2114,IC ERP,NST-PER-2109,IC,person2114@northstar-clinical.example.com,CC-1154,IE
NST-PER-2115,Northstar IC 2115,IC Quality,NST-PER-2110,IC,person2115@northstar-clinical.example.com,CC-1155,MX
NST-PER-2116,Northstar IC 2116,IC Manufacturing,NST-PER-2111,IC,person2116@northstar-clinical.example.com,CC-1156,CN
NST-PER-2117,Northstar IC 2117,IC HIS,NST-PER-2112,IC,person2117@northstar-clinical.example.com,CC-1157,JP
NST-PER-2118,Northstar IC 2118,IC Product,NST-PER-2113,IC,person2118@northstar-clinical.example.com,CC-1158,SG
NST-PER-2119,Northstar IC 2119,IC Security,NST-PER-2114,IC,person2119@northstar-clinical.example.com,CC-1159,BR
NST-PER-2120,Northstar IC 2120,IC Finance,NST-PER-2115,IC,person2120@northstar-clinical.example.com,CC-1160,FR
NST-PER-2121,Northstar IC 2121,IC ERP,NST-PER-2116,IC,person2121@northstar-clinical.example.com,CC-1161,GB
NST-PER-2122,Northstar IC 2122,IC Quality,NST-PER-2117,IC,person2122@northstar-clinical.example.com,CC-1162,IN
NST-PER-2123,Northstar IC 2123,IC Manufacturing,NST-PER-2118,IC,person2123@northstar-clinical.example.com,CC-1163,CA
NST-PER-2124,Northstar IC 2124,IC HIS,NST-PER-2119,IC,person2124@northstar-clinical.example.com,CC-1164,US
NST-PER-2125,Northstar IC 2125,IC Product,NST-PER-2120,IC,person2125@northstar-clinical.example.com,CC-1165,DE
NST-PER-2126,Northstar IC 2126,IC Security,NST-PER-2121,IC,person2126@northstar-clinical.example.com,CC-1166,IE
NST-PER-2127,Northstar IC 2127,IC Finance,NST-PER-2122,IC,person2127@northstar-clinical.example.com,CC-1167,MX
NST-PER-2128,Northstar IC 2128,IC ERP,NST-PER-2123,IC,person2128@northstar-clinical.example.com,CC-1168,CN
NST-PER-2129,Northstar IC 2129,IC Quality,NST-PER-2124,IC,person2129@northstar-clinical.example.com,CC-1169,JP
NST-PER-2130,Northstar IC 2130,IC Manufacturing,NST-PER-2125,IC,person2130@northstar-clinical.example.com,CC-1170,SG
NST-PER-2131,Northstar IC 2131,IC HIS,NST-PER-2126,IC,person2131@northstar-clinical.example.com,CC-1171,BR
NST-PER-2132,Northstar IC 2132,IC Product,NST-PER-2127,IC,person2132@northstar-clinical.example.com,CC-1172,FR
NST-PER-2133,Northstar IC 2133,IC Security,NST-PER-2128,IC,person2133@northstar-clinical.example.com,CC-1173,GB
NST-PER-2134,Northstar IC 2134,IC Finance,NST-PER-2129,IC,person2134@northstar-clinical.example.com,CC-1174,IN
NST-PER-2135,Northstar IC 2135,IC ERP,NST-PER-2130,IC,person2135@northstar-clinical.example.com,CC-1175,CA
NST-PER-2136,Northstar IC 2136,IC Quality,NST-PER-2131,IC,person2136@northstar-clinical.example.com,CC-1176,US
NST-PER-2137,Northstar IC 2137,IC Manufacturing,NST-PER-2132,IC,person2137@northstar-clinical.example.com,CC-1177,DE
NST-PER-2138,Northstar IC 2138,IC HIS,NST-PER-2133,IC,person2138@northstar-clinical.example.com,CC-1178,IE
NST-PER-2139,Northstar IC 2139,IC Product,NST-PER-2134,IC,person2139@northstar-clinical.example.com,CC-1179,MX
NST-PER-2140,Northstar IC 2140,IC Security,NST-PER-2135,IC,person2140@northstar-clinical.example.com,CC-1180,CN
NST-PER-2141,Northstar IC 2141,IC Finance,NST-PER-2136,IC,person2141@northstar-clinical.example.com,CC-1181,JP
NST-PER-2142,Northstar IC 2142,IC ERP,NST-PER-2137,IC,person2142@northstar-clinical.example.com,CC-1182,SG
NST-PER-2143,Northstar IC 2143,IC Quality,NST-PER-2138,IC,person2143@northstar-clinical.example.com,CC-1183,BR
NST-PER-2144,Northstar IC 2144,IC Manufacturing,NST-PER-2139,IC,person2144@northstar-clinical.example.com,CC-1184,FR
NST-PER-2145,Northstar IC 2145,IC HIS,NST-PER-2140,IC,person2145@northstar-clinical.example.com,CC-1185,GB
NST-PER-2146,Northstar IC 2146,IC Product,NST-PER-2141,IC,person2146@northstar-clinical.example.com,CC-1186,IN
NST-PER-2147,Northstar IC 2147,IC Security,NST-PER-2142,IC,person2147@northstar-clinical.example.com,CC-1187,CA
NST-PER-2148,Northstar IC 2148,IC Finance,NST-PER-2143,IC,person2148@northstar-clinical.example.com,CC-1188,US
NST-PER-2149,Northstar IC 2149,IC ERP,NST-PER-2144,IC,person2149@northstar-clinical.example.com,CC-1189,DE
NST-PER-2150,Northstar IC 2150,IC Quality,NST-PER-2145,IC,person2150@northstar-clinical.example.com,CC-1190,IE
NST-PER-2151,Northstar IC 2151,IC Manufacturing,NST-PER-2146,IC,person2151@northstar-clinical.example.com,CC-1191,MX
NST-PER-2152,Northstar IC 2152,IC HIS,NST-PER-2147,IC,person2152@northstar-clinical.example.com,CC-1192,CN
NST-PER-2153,Northstar IC 2153,IC Product,NST-PER-2148,IC,person2153@northstar-clinical.example.com,CC-1193,JP
NST-PER-2154,Northstar IC 2154,IC Security,NST-PER-2149,IC,person2154@northstar-clinical.example.com,CC-1194,SG
NST-PER-2155,Northstar IC 2155,IC Finance,NST-PER-2150,IC,person2155@northstar-clinical.example.com,CC-1195,BR
NST-PER-2156,Northstar IC 2156,IC ERP,NST-PER-2151,IC,person2156@northstar-clinical.example.com,CC-1196,FR
NST-PER-2157,Northstar IC 2157,IC Quality,NST-PER-2152,IC,person2157@northstar-clinical.example.com,CC-1197,GB
NST-PER-2158,Northstar IC 2158,IC Manufacturing,NST-PER-2153,IC,person2158@northstar-clinical.example.com,CC-1198,IN
NST-PER-2159,Northstar IC 2159,IC HIS,NST-PER-2154,IC,person2159@northstar-clinical.example.com,CC-1199,CA
NST-PER-2160,Northstar IC 2160,IC Product,NST-PER-2155,IC,person2160@northstar-clinical.example.com,CC-1200,US
NST-PER-2161,Northstar IC 2161,IC Security,NST-PER-2156,IC,person2161@northstar-clinical.example.com,CC-1201,DE
NST-PER-2162,Northstar IC 2162,IC Finance,NST-PER-2157,IC,person2162@northstar-clinical.example.com,CC-1202,IE
NST-PER-2163,Northstar IC 2163,IC ERP,NST-PER-2158,IC,person2163@northstar-clinical.example.com,CC-1203,MX
NST-PER-2164,Northstar IC 2164,IC Quality,NST-PER-2159,IC,person2164@northstar-clinical.example.com,CC-1204,CN
NST-PER-2165,Northstar IC 2165,IC Manufacturing,NST-PER-2160,IC,person2165@northstar-clinical.example.com,CC-1205,JP
NST-PER-2166,Northstar IC 2166,IC HIS,NST-PER-2161,IC,person2166@northstar-clinical.example.com,CC-1206,SG
NST-PER-2167,Northstar IC 2167,IC Product,NST-PER-2162,IC,person2167@northstar-clinical.example.com,CC-1207,BR
NST-PER-2168,Northstar IC 2168,IC Security,NST-PER-2163,IC,person2168@northstar-clinical.example.com,CC-1208,FR
NST-PER-2169,Northstar IC 2169,IC Finance,NST-PER-2164,IC,person2169@northstar-clinical.example.com,CC-1209,GB
NST-PER-2170,Northstar IC 2170,IC ERP,NST-PER-2165,IC,person2170@northstar-clinical.example.com,CC-1210,IN
NST-PER-2171,Northstar IC 2171,IC Quality,NST-PER-2166,IC,person2171@northstar-clinical.example.com,CC-1211,CA
NST-PER-2172,Northstar IC 2172,IC Manufacturing,NST-PER-2167,IC,person2172@northstar-clinical.example.com,CC-1212,US
NST-PER-2173,Northstar IC 2173,IC HIS,NST-PER-2168,IC,person2173@northstar-clinical.example.com,CC-1213,DE
NST-PER-2174,Northstar IC 2174,IC Product,NST-PER-2169,IC,person2174@northstar-clinical.example.com,CC-1214,IE
NST-PER-2175,Northstar IC 2175,IC Security,NST-PER-2170,IC,person2175@northstar-clinical.example.com,CC-1215,MX
NST-PER-2176,Northstar IC 2176,IC Finance,NST-PER-2171,IC,person2176@northstar-clinical.example.com,CC-1216,CN
NST-PER-2177,Northstar IC 2177,IC ERP,NST-PER-2172,IC,person2177@northstar-clinical.example.com,CC-1217,JP
NST-PER-2178,Northstar IC 2178,IC Quality,NST-PER-2173,IC,person2178@northstar-clinical.example.com,CC-1218,SG
NST-PER-2179,Northstar IC 2179,IC Manufacturing,NST-PER-2174,IC,person2179@northstar-clinical.example.com,CC-1219,BR
NST-PER-2180,Northstar IC 2180,IC HIS,NST-PER-2175,IC,person2180@northstar-clinical.example.com,CC-1220,FR
NST-PER-2181,Northstar IC 2181,IC Product,NST-PER-2176,IC,person2181@northstar-clinical.example.com,CC-1221,GB
NST-PER-2182,Northstar IC 2182,IC Security,NST-PER-2177,IC,person2182@northstar-clinical.example.com,CC-1222,IN
NST-PER-2183,Northstar IC 2183,IC Finance,NST-PER-2178,IC,person2183@northstar-clinical.example.com,CC-1223,CA
NST-PER-2184,Northstar IC 2184,IC ERP,NST-PER-2179,IC,person2184@northstar-clinical.example.com,CC-1224,US
NST-PER-2185,Northstar IC 2185,IC Quality,NST-PER-2180,IC,person2185@northstar-clinical.example.com,CC-1225,DE
NST-PER-2186,Northstar IC 2186,IC Manufacturing,NST-PER-2181,IC,person2186@northstar-clinical.example.com,CC-1226,IE
NST-PER-2187,Northstar IC 2187,IC HIS,NST-PER-2182,IC,person2187@northstar-clinical.example.com,CC-1227,MX
NST-PER-2188,Northstar IC 2188,IC Product,NST-PER-2183,IC,person2188@northstar-clinical.example.com,CC-1228,CN
NST-PER-2189,Northstar IC 2189,IC Security,NST-PER-2184,IC,person2189@northstar-clinical.example.com,CC-1229,JP
NST-PER-2190,Northstar IC 2190,IC Finance,NST-PER-2185,IC,person2190@northstar-clinical.example.com,CC-1230,SG
NST-PER-2191,Northstar IC 2191,IC ERP,NST-PER-2186,IC,person2191@northstar-clinical.example.com,CC-1231,BR
NST-PER-2192,Northstar IC 2192,IC Quality,NST-PER-2187,IC,person2192@northstar-clinical.example.com,CC-1232,FR
NST-PER-2193,Northstar IC 2193,IC Manufacturing,NST-PER-2188,IC,person2193@northstar-clinical.example.com,CC-1233,GB
NST-PER-2194,Northstar IC 2194,IC HIS,NST-PER-2189,IC,person2194@northstar-clinical.example.com,CC-1234,IN
NST-PER-2195,Northstar IC 2195,IC Product,NST-PER-2190,IC,person2195@northstar-clinical.example.com,CC-1235,CA
NST-PER-2196,Northstar IC 2196,IC Security,NST-PER-2191,IC,person2196@northstar-clinical.example.com,CC-1236,US
NST-PER-2197,Northstar IC 2197,IC Finance,NST-PER-2192,IC,person2197@northstar-clinical.example.com,CC-1237,DE
NST-PER-2198,Northstar IC 2198,IC ERP,NST-PER-2193,IC,person2198@northstar-clinical.example.com,CC-1238,IE
NST-PER-2199,Northstar IC 2199,IC Quality,NST-PER-2194,IC,person2199@northstar-clinical.example.com,CC-1239,MX
NST-PER-2200,Northstar IC 2200,IC Manufacturing,NST-PER-2195,IC,person2200@northstar-clinical.example.com,CC-1240,CN
NST-PER-2201,Northstar IC 2201,IC HIS,NST-PER-2196,IC,person2201@northstar-clinical.example.com,CC-1241,JP
NST-PER-2202,Northstar IC 2202,IC Product,NST-PER-2197,IC,person2202@northstar-clinical.example.com,CC-1242,SG
NST-PER-2203,Northstar IC 2203,IC Security,NST-PER-2198,IC,person2203@northstar-clinical.example.com,CC-1243,BR
NST-PER-2204,Northstar IC 2204,IC Finance,NST-PER-2199,IC,person2204@northstar-clinical.example.com,CC-1244,FR
NST-PER-2205,Northstar IC 2205,IC ERP,NST-PER-2200,IC,person2205@northstar-clinical.example.com,CC-1245,GB
NST-PER-2206,Northstar IC 2206,IC Quality,NST-PER-2201,IC,person2206@northstar-clinical.example.com,CC-1246,IN
NST-PER-2207,Northstar IC 2207,IC Manufacturing,NST-PER-2202,IC,person2207@northstar-clinical.example.com,CC-1247,CA
NST-PER-2208,Northstar IC 2208,IC HIS,NST-PER-2203,IC,person2208@northstar-clinical.example.com,CC-1248,US
NST-PER-2209,Northstar IC 2209,IC Product,NST-PER-2204,IC,person2209@northstar-clinical.example.com,CC-1249,DE
NST-PER-2210,Northstar IC 2210,IC Security,NST-PER-2205,IC,person2210@northstar-clinical.example.com,CC-1250,IE
NST-PER-2211,Northstar IC 2211,IC Finance,NST-PER-2206,IC,person2211@northstar-clinical.example.com,CC-1251,MX
NST-PER-2212,Northstar IC 2212,IC ERP,NST-PER-2207,IC,person2212@northstar-clinical.example.com,CC-1252,CN
NST-PER-2213,Northstar IC 2213,IC Quality,NST-PER-2208,IC,person2213@northstar-clinical.example.com,CC-1253,JP
NST-PER-2214,Northstar IC 2214,IC Manufacturing,NST-PER-2209,IC,person2214@northstar-clinical.example.com,CC-1254,SG
NST-PER-2215,Northstar IC 2215,IC HIS,NST-PER-2210,IC,person2215@northstar-clinical.example.com,CC-1255,BR
NST-PER-2216,Northstar IC 2216,IC Product,NST-PER-2211,IC,person2216@northstar-clinical.example.com,CC-1256,FR
NST-PER-2217,Northstar IC 2217,IC Security,NST-PER-2212,IC,person2217@northstar-clinical.example.com,CC-1257,GB
NST-PER-2218,Northstar IC 2218,IC Finance,NST-PER-2213,IC,person2218@northstar-clinical.example.com,CC-1258,IN
NST-PER-2219,Northstar IC 2219,IC ERP,NST-PER-2214,IC,person2219@northstar-clinical.example.com,CC-1259,CA
NST-PER-2220,Northstar IC 2220,IC Quality,NST-PER-2215,IC,person2220@northstar-clinical.example.com,CC-1260,US
NST-PER-2221,Northstar IC 2221,IC Manufacturing,NST-PER-2216,IC,person2221@northstar-clinical.example.com,CC-1261,DE
NST-PER-2222,Northstar IC 2222,IC HIS,NST-PER-2217,IC,person2222@northstar-clinical.example.com,CC-1262,IE
NST-PER-2223,Northstar IC 2223,IC Product,NST-PER-2218,IC,person2223@northstar-clinical.example.com,CC-1263,MX
NST-PER-2224,Northstar IC 2224,IC Security,NST-PER-2219,IC,person2224@northstar-clinical.example.com,CC-1264,CN
NST-PER-2225,Northstar IC 2225,IC Finance,NST-PER-2220,IC,person2225@northstar-clinical.example.com,CC-1265,JP
NST-PER-2226,Northstar IC 2226,IC ERP,NST-PER-2221,IC,person2226@northstar-clinical.example.com,CC-1266,SG
NST-PER-2227,Northstar IC 2227,IC Quality,NST-PER-2222,IC,person2227@northstar-clinical.example.com,CC-1267,BR
NST-PER-2228,Northstar IC 2228,IC Manufacturing,NST-PER-2223,IC,person2228@northstar-clinical.example.com,CC-1268,FR
NST-PER-2229,Northstar IC 2229,IC HIS,NST-PER-2224,IC,person2229@northstar-clinical.example.com,CC-1269,GB
NST-PER-2230,Northstar IC 2230,IC Product,NST-PER-2225,IC,person2230@northstar-clinical.example.com,CC-1270,IN
NST-PER-2231,Northstar IC 2231,IC Security,NST-PER-2226,IC,person2231@northstar-clinical.example.com,CC-1271,CA
NST-PER-2232,Northstar IC 2232,IC Finance,NST-PER-2227,IC,person2232@northstar-clinical.example.com,CC-1272,US
NST-PER-2233,Northstar IC 2233,IC ERP,NST-PER-2228,IC,person2233@northstar-clinical.example.com,CC-1273,DE
NST-PER-2234,Northstar IC 2234,IC Quality,NST-PER-2229,IC,person2234@northstar-clinical.example.com,CC-1274,IE
NST-PER-2235,Northstar IC 2235,IC Manufacturing,NST-PER-2230,IC,person2235@northstar-clinical.example.com,CC-1275,MX
NST-PER-2236,Northstar IC 2236,IC HIS,NST-PER-2231,IC,person2236@northstar-clinical.example.com,CC-1276,CN
NST-PER-2237,Northstar IC 2237,IC Product,NST-PER-2232,IC,person2237@northstar-clinical.example.com,CC-1277,JP
NST-PER-2238,Northstar IC 2238,IC Security,NST-PER-2233,IC,person2238@northstar-clinical.example.com,CC-1278,SG
NST-PER-2239,Northstar IC 2239,IC Finance,NST-PER-2234,IC,person2239@northstar-clinical.example.com,CC-1279,BR
NST-PER-2240,Northstar IC 2240,IC ERP,NST-PER-2235,IC,person2240@northstar-clinical.example.com,CC-1000,FR
NST-PER-2241,Northstar IC 2241,IC Quality,NST-PER-2236,IC,person2241@northstar-clinical.example.com,CC-1001,GB
NST-PER-2242,Northstar IC 2242,IC Manufacturing,NST-PER-2237,IC,person2242@northstar-clinical.example.com,CC-1002,IN
NST-PER-2243,Northstar IC 2243,IC HIS,NST-PER-2238,IC,person2243@northstar-clinical.example.com,CC-1003,CA
NST-PER-2244,Northstar IC 2244,IC Product,NST-PER-2239,IC,person2244@northstar-clinical.example.com,CC-1004,US
NST-PER-2245,Northstar IC 2245,IC Security,NST-PER-2240,IC,person2245@northstar-clinical.example.com,CC-1005,DE
NST-PER-2246,Northstar IC 2246,IC Finance,NST-PER-2241,IC,person2246@northstar-clinical.example.com,CC-1006,IE
NST-PER-2247,Northstar IC 2247,IC ERP,NST-PER-2242,IC,person2247@northstar-clinical.example.com,CC-1007,MX
NST-PER-2248,Northstar IC 2248,IC Quality,NST-PER-2243,IC,person2248@northstar-clinical.example.com,CC-1008,CN
NST-PER-2249,Northstar IC 2249,IC Manufacturing,NST-PER-2244,IC,person2249@northstar-clinical.example.com,CC-1009,JP
NST-PER-2250,Northstar IC 2250,IC HIS,NST-PER-2245,IC,person2250@northstar-clinical.example.com,CC-1010,SG
NST-PER-2251,Northstar IC 2251,IC Product,NST-PER-2246,IC,person2251@northstar-clinical.example.com,CC-1011,BR
NST-PER-2252,Northstar IC 2252,IC Security,NST-PER-2247,IC,person2252@northstar-clinical.example.com,CC-1012,FR
NST-PER-2253,Northstar IC 2253,IC Finance,NST-PER-2248,IC,person2253@northstar-clinical.example.com,CC-1013,GB
NST-PER-2254,Northstar IC 2254,IC ERP,NST-PER-2249,IC,person2254@northstar-clinical.example.com,CC-1014,IN
NST-PER-2255,Northstar IC 2255,IC Quality,NST-PER-2250,IC,person2255@northstar-clinical.example.com,CC-1015,CA
NST-PER-2256,Northstar IC 2256,IC Manufacturing,NST-PER-2251,IC,person2256@northstar-clinical.example.com,CC-1016,US
NST-PER-2257,Northstar IC 2257,IC HIS,NST-PER-2252,IC,person2257@northstar-clinical.example.com,CC-1017,DE
NST-PER-2258,Northstar IC 2258,IC Product,NST-PER-2253,IC,person2258@northstar-clinical.example.com,CC-1018,IE
NST-PER-2259,Northstar IC 2259,IC Security,NST-PER-2254,IC,person2259@northstar-clinical.example.com,CC-1019,MX
NST-PER-2260,Northstar IC 2260,IC Finance,NST-PER-2255,IC,person2260@northstar-clinical.example.com,CC-1020,CN
NST-PER-2261,Northstar IC 2261,IC ERP,NST-PER-2256,IC,person2261@northstar-clinical.example.com,CC-1021,JP
NST-PER-2262,Northstar IC 2262,IC Quality,NST-PER-2257,IC,person2262@northstar-clinical.example.com,CC-1022,SG
NST-PER-2263,Northstar IC 2263,IC Manufacturing,NST-PER-2258,IC,person2263@northstar-clinical.example.com,CC-1023,BR
NST-PER-2264,Northstar IC 2264,IC HIS,NST-PER-2259,IC,person2264@northstar-clinical.example.com,CC-1024,FR
NST-PER-2265,Northstar IC 2265,IC Product,NST-PER-2260,IC,person2265@northstar-clinical.example.com,CC-1025,GB
NST-PER-2266,Northstar IC 2266,IC Security,NST-PER-2261,IC,person2266@northstar-clinical.example.com,CC-1026,IN
NST-PER-2267,Northstar IC 2267,IC Finance,NST-PER-2262,IC,person2267@northstar-clinical.example.com,CC-1027,CA
NST-PER-2268,Northstar IC 2268,IC ERP,NST-PER-2263,IC,person2268@northstar-clinical.example.com,CC-1028,US
NST-PER-2269,Northstar IC 2269,IC Quality,NST-PER-2264,IC,person2269@northstar-clinical.example.com,CC-1029,DE
NST-PER-2270,Northstar IC 2270,IC Manufacturing,NST-PER-2265,IC,person2270@northstar-clinical.example.com,CC-1030,IE
NST-PER-2271,Northstar IC 2271,IC HIS,NST-PER-2266,IC,person2271@northstar-clinical.example.com,CC-1031,MX
NST-PER-2272,Northstar IC 2272,IC Product,NST-PER-2267,IC,person2272@northstar-clinical.example.com,CC-1032,CN
NST-PER-2273,Northstar IC 2273,IC Security,NST-PER-2268,IC,person2273@northstar-clinical.example.com,CC-1033,JP
NST-PER-2274,Northstar IC 2274,IC Finance,NST-PER-2269,IC,person2274@northstar-clinical.example.com,CC-1034,SG
NST-PER-2275,Northstar IC 2275,IC ERP,NST-PER-2270,IC,person2275@northstar-clinical.example.com,CC-1035,BR
NST-PER-2276,Northstar IC 2276,IC Quality,NST-PER-2271,IC,person2276@northstar-clinical.example.com,CC-1036,FR
NST-PER-2277,Northstar IC 2277,IC Manufacturing,NST-PER-2272,IC,person2277@northstar-clinical.example.com,CC-1037,GB
NST-PER-2278,Northstar IC 2278,IC HIS,NST-PER-2273,IC,person2278@northstar-clinical.example.com,CC-1038,IN
NST-PER-2279,Northstar IC 2279,IC Product,NST-PER-2274,IC,person2279@northstar-clinical.example.com,CC-1039,CA
NST-PER-2280,Northstar IC 2280,IC Security,NST-PER-2275,IC,person2280@northstar-clinical.example.com,CC-1040,US
NST-PER-2281,Northstar IC 2281,IC Finance,NST-PER-2276,IC,person2281@northstar-clinical.example.com,CC-1041,DE
NST-PER-2282,Northstar IC 2282,IC ERP,NST-PER-2277,IC,person2282@northstar-clinical.example.com,CC-1042,IE
NST-PER-2283,Northstar IC 2283,IC Quality,NST-PER-2278,IC,person2283@northstar-clinical.example.com,CC-1043,MX
NST-PER-2284,Northstar IC 2284,IC Manufacturing,NST-PER-2279,IC,person2284@northstar-clinical.example.com,CC-1044,CN
NST-PER-2285,Northstar IC 2285,IC HIS,NST-PER-2280,IC,person2285@northstar-clinical.example.com,CC-1045,JP
NST-PER-2286,Northstar IC 2286,IC Product,NST-PER-2281,IC,person2286@northstar-clinical.example.com,CC-1046,SG
NST-PER-2287,Northstar IC 2287,IC Security,NST-PER-2282,IC,person2287@northstar-clinical.example.com,CC-1047,BR
NST-PER-2288,Northstar IC 2288,IC Finance,NST-PER-2283,IC,person2288@northstar-clinical.example.com,CC-1048,FR
NST-PER-2289,Northstar IC 2289,IC ERP,NST-PER-2284,IC,person2289@northstar-clinical.example.com,CC-1049,GB
NST-PER-2290,Northstar IC 2290,IC Quality,NST-PER-2285,IC,person2290@northstar-clinical.example.com,CC-1050,IN
NST-PER-2291,Northstar IC 2291,IC Manufacturing,NST-PER-2286,IC,person2291@northstar-clinical.example.com,CC-1051,CA
NST-PER-2292,Northstar IC 2292,IC HIS,NST-PER-2287,IC,person2292@northstar-clinical.example.com,CC-1052,US
NST-PER-2293,Northstar IC 2293,IC Product,NST-PER-2288,IC,person2293@northstar-clinical.example.com,CC-1053,DE
NST-PER-2294,Northstar IC 2294,IC Security,NST-PER-2289,IC,person2294@northstar-clinical.example.com,CC-1054,IE
NST-PER-2295,Northstar IC 2295,IC Finance,NST-PER-2290,IC,person2295@northstar-clinical.example.com,CC-1055,MX
NST-PER-2296,Northstar IC 2296,IC ERP,NST-PER-2291,IC,person2296@northstar-clinical.example.com,CC-1056,CN
NST-PER-2297,Northstar IC 2297,IC Quality,NST-PER-2292,IC,person2297@northstar-clinical.example.com,CC-1057,JP
NST-PER-2298,Northstar IC 2298,IC Manufacturing,NST-PER-2293,IC,person2298@northstar-clinical.example.com,CC-1058,SG
NST-PER-2299,Northstar IC 2299,IC HIS,NST-PER-2294,IC,person2299@northstar-clinical.example.com,CC-1059,BR
NST-PER-2300,Northstar IC 2300,IC Product,NST-PER-2295,IC,person2300@northstar-clinical.example.com,CC-1060,FR
NST-PER-2301,Northstar IC 2301,IC Security,NST-PER-2296,IC,person2301@northstar-clinical.example.com,CC-1061,GB
NST-PER-2302,Northstar IC 2302,IC Finance,NST-PER-2297,IC,person2302@northstar-clinical.example.com,CC-1062,IN
NST-PER-2303,Northstar IC 2303,IC ERP,NST-PER-2298,IC,person2303@northstar-clinical.example.com,CC-1063,CA
NST-PER-2304,Northstar IC 2304,IC Quality,NST-PER-2299,IC,person2304@northstar-clinical.example.com,CC-1064,US
NST-PER-2305,Northstar IC 2305,IC Manufacturing,NST-PER-2300,IC,person2305@northstar-clinical.example.com,CC-1065,DE
NST-PER-2306,Northstar IC 2306,IC HIS,NST-PER-2301,IC,person2306@northstar-clinical.example.com,CC-1066,IE
NST-PER-2307,Northstar IC 2307,IC Product,NST-PER-2302,IC,person2307@northstar-clinical.example.com,CC-1067,MX
NST-PER-2308,Northstar IC 2308,IC Security,NST-PER-2303,IC,person2308@northstar-clinical.example.com,CC-1068,CN
NST-PER-2309,Northstar IC 2309,IC Finance,NST-PER-2304,IC,person2309@northstar-clinical.example.com,CC-1069,JP
NST-PER-2310,Northstar IC 2310,IC ERP,NST-PER-2305,IC,person2310@northstar-clinical.example.com,CC-1070,SG
NST-PER-2311,Northstar IC 2311,IC Quality,NST-PER-2306,IC,person2311@northstar-clinical.example.com,CC-1071,BR
NST-PER-2312,Northstar IC 2312,IC Manufacturing,NST-PER-2307,IC,person2312@northstar-clinical.example.com,CC-1072,FR
NST-PER-2313,Northstar IC 2313,IC HIS,NST-PER-2308,IC,person2313@northstar-clinical.example.com,CC-1073,GB
NST-PER-2314,Northstar IC 2314,IC Product,NST-PER-2309,IC,person2314@northstar-clinical.example.com,CC-1074,IN
NST-PER-2315,Northstar IC 2315,IC Security,NST-PER-2310,IC,person2315@northstar-clinical.example.com,CC-1075,CA
NST-PER-2316,Northstar IC 2316,IC Finance,NST-PER-2311,IC,person2316@northstar-clinical.example.com,CC-1076,US
NST-PER-2317,Northstar IC 2317,IC ERP,NST-PER-2312,IC,person2317@northstar-clinical.example.com,CC-1077,DE
NST-PER-2318,Northstar IC 2318,IC Quality,NST-PER-2313,IC,person2318@northstar-clinical.example.com,CC-1078,IE
NST-PER-2319,Northstar IC 2319,IC Manufacturing,NST-PER-2314,IC,person2319@northstar-clinical.example.com,CC-1079,MX
NST-PER-2320,Northstar IC 2320,IC HIS,NST-PER-2315,IC,person2320@northstar-clinical.example.com,CC-1080,CN
NST-PER-2321,Northstar IC 2321,IC Product,NST-PER-2316,IC,person2321@northstar-clinical.example.com,CC-1081,JP
NST-PER-2322,Northstar IC 2322,IC Security,NST-PER-2317,IC,person2322@northstar-clinical.example.com,CC-1082,SG
NST-PER-2323,Northstar IC 2323,IC Finance,NST-PER-2318,IC,person2323@northstar-clinical.example.com,CC-1083,BR
NST-PER-2324,Northstar IC 2324,IC ERP,NST-PER-2319,IC,person2324@northstar-clinical.example.com,CC-1084,FR
NST-PER-2325,Northstar IC 2325,IC Quality,NST-PER-2320,IC,person2325@northstar-clinical.example.com,CC-1085,GB
NST-PER-2326,Northstar IC 2326,IC Manufacturing,NST-PER-2321,IC,person2326@northstar-clinical.example.com,CC-1086,IN
NST-PER-2327,Northstar IC 2327,IC HIS,NST-PER-2322,IC,person2327@northstar-clinical.example.com,CC-1087,CA
NST-PER-2328,Northstar IC 2328,IC Product,NST-PER-2323,IC,person2328@northstar-clinical.example.com,CC-1088,US
NST-PER-2329,Northstar IC 2329,IC Security,NST-PER-2324,IC,person2329@northstar-clinical.example.com,CC-1089,DE
NST-PER-2330,Northstar IC 2330,IC Finance,NST-PER-2325,IC,person2330@northstar-clinical.example.com,CC-1090,IE
NST-PER-2331,Northstar IC 2331,IC ERP,NST-PER-2326,IC,person2331@northstar-clinical.example.com,CC-1091,MX
NST-PER-2332,Northstar IC 2332,IC Quality,NST-PER-2327,IC,person2332@northstar-clinical.example.com,CC-1092,CN
NST-PER-2333,Northstar IC 2333,IC Manufacturing,NST-PER-2328,IC,person2333@northstar-clinical.example.com,CC-1093,JP
NST-PER-2334,Northstar IC 2334,IC HIS,NST-PER-2329,IC,person2334@northstar-clinical.example.com,CC-1094,SG
NST-PER-2335,Northstar IC 2335,IC Product,NST-PER-2330,IC,person2335@northstar-clinical.example.com,CC-1095,BR
NST-PER-2336,Northstar IC 2336,IC Security,NST-PER-2331,IC,person2336@northstar-clinical.example.com,CC-1096,FR
NST-PER-2337,Northstar IC 2337,IC Finance,NST-PER-2332,IC,person2337@northstar-clinical.example.com,CC-1097,GB
NST-PER-2338,Northstar IC 2338,IC ERP,NST-PER-2333,IC,person2338@northstar-clinical.example.com,CC-1098,IN
NST-PER-2339,Northstar IC 2339,IC Quality,NST-PER-2334,IC,person2339@northstar-clinical.example.com,CC-1099,CA
NST-PER-2340,Northstar IC 2340,IC Manufacturing,NST-PER-2335,IC,person2340@northstar-clinical.example.com,CC-1100,US
NST-PER-2341,Northstar IC 2341,IC HIS,NST-PER-2336,IC,person2341@northstar-clinical.example.com,CC-1101,DE
NST-PER-2342,Northstar IC 2342,IC Product,NST-PER-2337,IC,person2342@northstar-clinical.example.com,CC-1102,IE
NST-PER-2343,Northstar IC 2343,IC Security,NST-PER-2338,IC,person2343@northstar-clinical.example.com,CC-1103,MX
NST-PER-2344,Northstar IC 2344,IC Finance,NST-PER-2339,IC,person2344@northstar-clinical.example.com,CC-1104,CN
NST-PER-2345,Northstar IC 2345,IC ERP,NST-PER-2340,IC,person2345@northstar-clinical.example.com,CC-1105,JP
NST-PER-2346,Northstar IC 2346,IC Quality,NST-PER-2341,IC,person2346@northstar-clinical.example.com,CC-1106,SG
NST-PER-2347,Northstar IC 2347,IC Manufacturing,NST-PER-2342,IC,person2347@northstar-clinical.example.com,CC-1107,BR
NST-PER-2348,Northstar IC 2348,IC HIS,NST-PER-2343,IC,person2348@northstar-clinical.example.com,CC-1108,FR
NST-PER-2349,Northstar IC 2349,IC Product,NST-PER-2344,IC,person2349@northstar-clinical.example.com,CC-1109,GB
NST-PER-2350,Northstar IC 2350,IC Security,NST-PER-2345,IC,person2350@northstar-clinical.example.com,CC-1110,IN
NST-PER-2351,Northstar IC 2351,IC Finance,NST-PER-2346,IC,person2351@northstar-clinical.example.com,CC-1111,CA
NST-PER-2352,Northstar IC 2352,IC ERP,NST-PER-2347,IC,person2352@northstar-clinical.example.com,CC-1112,US
NST-PER-2353,Northstar IC 2353,IC Quality,NST-PER-2348,IC,person2353@northstar-clinical.example.com,CC-1113,DE
NST-PER-2354,Northstar IC 2354,IC Manufacturing,NST-PER-2349,IC,person2354@northstar-clinical.example.com,CC-1114,IE
NST-PER-2355,Northstar IC 2355,IC HIS,NST-PER-2350,IC,person2355@northstar-clinical.example.com,CC-1115,MX
NST-PER-2356,Northstar IC 2356,IC Product,NST-PER-2351,IC,person2356@northstar-clinical.example.com,CC-1116,CN
NST-PER-2357,Northstar IC 2357,IC Security,NST-PER-2352,IC,person2357@northstar-clinical.example.com,CC-1117,JP
NST-PER-2358,Northstar IC 2358,IC Finance,NST-PER-2353,IC,person2358@northstar-clinical.example.com,CC-1118,SG
NST-PER-2359,Northstar IC 2359,IC ERP,NST-PER-2354,IC,person2359@northstar-clinical.example.com,CC-1119,BR
NST-PER-2360,Northstar IC 2360,IC Quality,NST-PER-2355,IC,person2360@northstar-clinical.example.com,CC-1120,FR
NST-PER-2361,Northstar IC 2361,IC Manufacturing,NST-PER-2356,IC,person2361@northstar-clinical.example.com,CC-1121,GB
NST-PER-2362,Northstar IC 2362,IC HIS,NST-PER-2357,IC,person2362@northstar-clinical.example.com,CC-1122,IN
NST-PER-2363,Northstar IC 2363,IC Product,NST-PER-2358,IC,person2363@northstar-clinical.example.com,CC-1123,CA
NST-PER-2364,Northstar IC 2364,IC Security,NST-PER-2359,IC,person2364@northstar-clinical.example.com,CC-1124,US
NST-PER-2365,Northstar IC 2365,IC Finance,NST-PER-2360,IC,person2365@northstar-clinical.example.com,CC-1125,DE
NST-PER-2366,Northstar IC 2366,IC ERP,NST-PER-2361,IC,person2366@northstar-clinical.example.com,CC-1126,IE
NST-PER-2367,Northstar IC 2367,IC Quality,NST-PER-2362,IC,person2367@northstar-clinical.example.com,CC-1127,MX
NST-PER-2368,Northstar IC 2368,IC Manufacturing,NST-PER-2363,IC,person2368@northstar-clinical.example.com,CC-1128,CN
NST-PER-2369,Northstar IC 2369,IC HIS,NST-PER-2364,IC,person2369@northstar-clinical.example.com,CC-1129,JP
NST-PER-2370,Northstar IC 2370,IC Product,NST-PER-2365,IC,person2370@northstar-clinical.example.com,CC-1130,SG
NST-PER-2371,Northstar IC 2371,IC Security,NST-PER-2366,IC,person2371@northstar-clinical.example.com,CC-1131,BR
NST-PER-2372,Northstar IC 2372,IC Finance,NST-PER-2367,IC,person2372@northstar-clinical.example.com,CC-1132,FR
NST-PER-2373,Northstar IC 2373,IC ERP,NST-PER-2368,IC,person2373@northstar-clinical.example.com,CC-1133,GB
NST-PER-2374,Northstar IC 2374,IC Quality,NST-PER-2369,IC,person2374@northstar-clinical.example.com,CC-1134,IN
NST-PER-2375,Northstar IC 2375,IC Manufacturing,NST-PER-2370,IC,person2375@northstar-clinical.example.com,CC-1135,CA
NST-PER-2376,Northstar IC 2376,IC HIS,NST-PER-2371,IC,person2376@northstar-clinical.example.com,CC-1136,US
NST-PER-2377,Northstar IC 2377,IC Product,NST-PER-2372,IC,person2377@northstar-clinical.example.com,CC-1137,DE
NST-PER-2378,Northstar IC 2378,IC Security,NST-PER-2373,IC,person2378@northstar-clinical.example.com,CC-1138,IE
NST-PER-2379,Northstar IC 2379,IC Finance,NST-PER-2374,IC,person2379@northstar-clinical.example.com,CC-1139,MX
NST-PER-2380,Northstar IC 2380,IC ERP,NST-PER-2375,IC,person2380@northstar-clinical.example.com,CC-1140,CN
NST-PER-2381,Northstar IC 2381,IC Quality,NST-PER-2376,IC,person2381@northstar-clinical.example.com,CC-1141,JP
NST-PER-2382,Northstar IC 2382,IC Manufacturing,NST-PER-2377,IC,person2382@northstar-clinical.example.com,CC-1142,SG
NST-PER-2383,Northstar IC 2383,IC HIS,NST-PER-2378,IC,person2383@northstar-clinical.example.com,CC-1143,BR
NST-PER-2384,Northstar IC 2384,IC Product,NST-PER-2379,IC,person2384@northstar-clinical.example.com,CC-1144,FR
NST-PER-2385,Northstar IC 2385,IC Security,NST-PER-2380,IC,person2385@northstar-clinical.example.com,CC-1145,GB
NST-PER-2386,Northstar IC 2386,IC Finance,NST-PER-2381,IC,person2386@northstar-clinical.example.com,CC-1146,IN
NST-PER-2387,Northstar IC 2387,IC ERP,NST-PER-2382,IC,person2387@northstar-clinical.example.com,CC-1147,CA
NST-PER-2388,Northstar IC 2388,IC Quality,NST-PER-2383,IC,person2388@northstar-clinical.example.com,CC-1148,US
NST-PER-2389,Northstar IC 2389,IC Manufacturing,NST-PER-2384,IC,person2389@northstar-clinical.example.com,CC-1149,DE
NST-PER-2390,Northstar IC 2390,IC HIS,NST-PER-2385,IC,person2390@northstar-clinical.example.com,CC-1150,IE
NST-PER-2391,Northstar IC 2391,IC Product,NST-PER-2386,IC,person2391@northstar-clinical.example.com,CC-1151,MX
NST-PER-2392,Northstar IC 2392,IC Security,NST-PER-2387,IC,person2392@northstar-clinical.example.com,CC-1152,CN
NST-PER-2393,Northstar IC 2393,IC Finance,NST-PER-2388,IC,person2393@northstar-clinical.example.com,CC-1153,JP
NST-PER-2394,Northstar IC 2394,IC ERP,NST-PER-2389,IC,person2394@northstar-clinical.example.com,CC-1154,SG
NST-PER-2395,Northstar IC 2395,IC Quality,NST-PER-2390,IC,person2395@northstar-clinical.example.com,CC-1155,BR
NST-PER-2396,Northstar IC 2396,IC Manufacturing,NST-PER-2391,IC,person2396@northstar-clinical.example.com,CC-1156,FR
NST-PER-2397,Northstar IC 2397,IC HIS,NST-PER-2392,IC,person2397@northstar-clinical.example.com,CC-1157,GB
NST-PER-2398,Northstar IC 2398,IC Product,NST-PER-2393,IC,person2398@northstar-clinical.example.com,CC-1158,IN
NST-PER-2399,Northstar IC 2399,IC Security,NST-PER-2394,IC,person2399@northstar-clinical.example.com,CC-1159,CA
NST-PER-2400,Northstar IC 2400,IC Finance,NST-PER-2395,IC,person2400@northstar-clinical.example.com,CC-1160,US
NST-PER-2401,Northstar IC 2401,IC ERP,NST-PER-2396,IC,person2401@northstar-clinical.example.com,CC-1161,DE
NST-PER-2402,Northstar IC 2402,IC Quality,NST-PER-2397,IC,person2402@northstar-clinical.example.com,CC-1162,IE
NST-PER-2403,Northstar IC 2403,IC Manufacturing,NST-PER-2398,IC,person2403@northstar-clinical.example.com,CC-1163,MX
NST-PER-2404,Northstar IC 2404,IC HIS,NST-PER-2399,IC,person2404@northstar-clinical.example.com,CC-1164,CN
NST-PER-2405,Northstar IC 2405,IC Product,NST-PER-2400,IC,person2405@northstar-clinical.example.com,CC-1165,JP
NST-PER-2406,Northstar IC 2406,IC Security,NST-PER-2401,IC,person2406@northstar-clinical.example.com,CC-1166,SG
NST-PER-2407,Northstar IC 2407,IC Finance,NST-PER-2402,IC,person2407@northstar-clinical.example.com,CC-1167,BR
NST-PER-2408,Northstar IC 2408,IC ERP,NST-PER-2403,IC,person2408@northstar-clinical.example.com,CC-1168,FR
NST-PER-2409,Northstar IC 2409,IC Quality,NST-PER-2404,IC,person2409@northstar-clinical.example.com,CC-1169,GB
NST-PER-2410,Northstar IC 2410,IC Manufacturing,NST-PER-2405,IC,person2410@northstar-clinical.example.com,CC-1170,IN
NST-PER-2411,Northstar IC 2411,IC HIS,NST-PER-2406,IC,person2411@northstar-clinical.example.com,CC-1171,CA
NST-PER-2412,Northstar IC 2412,IC Product,NST-PER-2407,IC,person2412@northstar-clinical.example.com,CC-1172,US
NST-PER-2413,Northstar IC 2413,IC Security,NST-PER-2408,IC,person2413@northstar-clinical.example.com,CC-1173,DE
NST-PER-2414,Northstar IC 2414,IC Finance,NST-PER-2409,IC,person2414@northstar-clinical.example.com,CC-1174,IE
NST-PER-2415,Northstar IC 2415,IC ERP,NST-PER-2410,IC,person2415@northstar-clinical.example.com,CC-1175,MX
NST-PER-2416,Northstar IC 2416,IC Quality,NST-PER-2411,IC,person2416@northstar-clinical.example.com,CC-1176,CN
NST-PER-2417,Northstar IC 2417,IC Manufacturing,NST-PER-2412,IC,person2417@northstar-clinical.example.com,CC-1177,JP
NST-PER-2418,Northstar IC 2418,IC HIS,NST-PER-2413,IC,person2418@northstar-clinical.example.com,CC-1178,SG
NST-PER-2419,Northstar IC 2419,IC Product,NST-PER-2414,IC,person2419@northstar-clinical.example.com,CC-1179,BR
NST-PER-2420,Northstar IC 2420,IC Security,NST-PER-2415,IC,person2420@northstar-clinical.example.com,CC-1180,FR
NST-PER-2421,Northstar IC 2421,IC Finance,NST-PER-2416,IC,person2421@northstar-clinical.example.com,CC-1181,GB
NST-PER-2422,Northstar IC 2422,IC ERP,NST-PER-2417,IC,person2422@northstar-clinical.example.com,CC-1182,IN
NST-PER-2423,Northstar IC 2423,IC Quality,NST-PER-2418,IC,person2423@northstar-clinical.example.com,CC-1183,CA
NST-PER-2424,Northstar IC 2424,IC Manufacturing,NST-PER-2419,IC,person2424@northstar-clinical.example.com,CC-1184,US
NST-PER-2425,Northstar IC 2425,IC HIS,NST-PER-2420,IC,person2425@northstar-clinical.example.com,CC-1185,DE
NST-PER-2426,Northstar IC 2426,IC Product,NST-PER-2421,IC,person2426@northstar-clinical.example.com,CC-1186,IE
NST-PER-2427,Northstar IC 2427,IC Security,NST-PER-2422,IC,person2427@northstar-clinical.example.com,CC-1187,MX
NST-PER-2428,Northstar IC 2428,IC Finance,NST-PER-2423,IC,person2428@northstar-clinical.example.com,CC-1188,CN
NST-PER-2429,Northstar IC 2429,IC ERP,NST-PER-2424,IC,person2429@northstar-clinical.example.com,CC-1189,JP
NST-PER-2430,Northstar IC 2430,IC Quality,NST-PER-2425,IC,person2430@northstar-clinical.example.com,CC-1190,SG
NST-PER-2431,Northstar IC 2431,IC Manufacturing,NST-PER-2426,IC,person2431@northstar-clinical.example.com,CC-1191,BR
NST-PER-2432,Northstar IC 2432,IC HIS,NST-PER-2427,IC,person2432@northstar-clinical.example.com,CC-1192,FR
NST-PER-2433,Northstar IC 2433,IC Product,NST-PER-2428,IC,person2433@northstar-clinical.example.com,CC-1193,GB
NST-PER-2434,Northstar IC 2434,IC Security,NST-PER-2429,IC,person2434@northstar-clinical.example.com,CC-1194,IN
NST-PER-2435,Northstar IC 2435,IC Finance,NST-PER-2430,IC,person2435@northstar-clinical.example.com,CC-1195,CA
NST-PER-2436,Northstar IC 2436,IC ERP,NST-PER-2431,IC,person2436@northstar-clinical.example.com,CC-1196,US
NST-PER-2437,Northstar IC 2437,IC Quality,NST-PER-2432,IC,person2437@northstar-clinical.example.com,CC-1197,DE
NST-PER-2438,Northstar IC 2438,IC Manufacturing,NST-PER-2433,IC,person2438@northstar-clinical.example.com,CC-1198,IE
NST-PER-2439,Northstar IC 2439,IC HIS,NST-PER-2434,IC,person2439@northstar-clinical.example.com,CC-1199,MX
NST-PER-2440,Northstar IC 2440,IC Product,NST-PER-2435,IC,person2440@northstar-clinical.example.com,CC-1200,CN
NST-PER-2441,Northstar IC 2441,IC Security,NST-PER-2436,IC,person2441@northstar-clinical.example.com,CC-1201,JP
NST-PER-2442,Northstar IC 2442,IC Finance,NST-PER-2437,IC,person2442@northstar-clinical.example.com,CC-1202,SG
NST-PER-2443,Northstar IC 2443,IC ERP,NST-PER-2438,IC,person2443@northstar-clinical.example.com,CC-1203,BR
NST-PER-2444,Northstar IC 2444,IC Quality,NST-PER-2439,IC,person2444@northstar-clinical.example.com,CC-1204,FR
NST-PER-2445,Northstar IC 2445,IC Manufacturing,NST-PER-2440,IC,person2445@northstar-clinical.example.com,CC-1205,GB
NST-PER-2446,Northstar IC 2446,IC HIS,NST-PER-2441,IC,person2446@northstar-clinical.example.com,CC-1206,IN
NST-PER-2447,Northstar IC 2447,IC Product,NST-PER-2442,IC,person2447@northstar-clinical.example.com,CC-1207,CA
NST-PER-2448,Northstar IC 2448,IC Security,NST-PER-2443,IC,person2448@northstar-clinical.example.com,CC-1208,US
NST-PER-2449,Northstar IC 2449,IC Finance,NST-PER-2444,IC,person2449@northstar-clinical.example.com,CC-1209,DE
NST-PER-2450,Northstar IC 2450,IC ERP,NST-PER-2445,IC,person2450@northstar-clinical.example.com,CC-1210,IE
NST-PER-2451,Northstar IC 2451,IC Quality,NST-PER-2446,IC,person2451@northstar-clinical.example.com,CC-1211,MX
NST-PER-2452,Northstar IC 2452,IC Manufacturing,NST-PER-2447,IC,person2452@northstar-clinical.example.com,CC-1212,CN
NST-PER-2453,Northstar IC 2453,IC HIS,NST-PER-2448,IC,person2453@northstar-clinical.example.com,CC-1213,JP
NST-PER-2454,Northstar IC 2454,IC Product,NST-PER-2449,IC,person2454@northstar-clinical.example.com,CC-1214,SG
NST-PER-2455,Northstar IC 2455,IC Security,NST-PER-2450,IC,person2455@northstar-clinical.example.com,CC-1215,BR
NST-PER-2456,Northstar IC 2456,IC Finance,NST-PER-2451,IC,person2456@northstar-clinical.example.com,CC-1216,FR
NST-PER-2457,Northstar IC 2457,IC ERP,NST-PER-2452,IC,person2457@northstar-clinical.example.com,CC-1217,GB
NST-PER-2458,Northstar IC 2458,IC Quality,NST-PER-2453,IC,person2458@northstar-clinical.example.com,CC-1218,IN
NST-PER-2459,Northstar IC 2459,IC Manufacturing,NST-PER-2454,IC,person2459@northstar-clinical.example.com,CC-1219,CA
NST-PER-2460,Northstar IC 2460,IC HIS,NST-PER-2455,IC,person2460@northstar-clinical.example.com,CC-1220,US
NST-PER-2461,Northstar IC 2461,IC Product,NST-PER-2456,IC,person2461@northstar-clinical.example.com,CC-1221,DE
NST-PER-2462,Northstar IC 2462,IC Security,NST-PER-2457,IC,person2462@northstar-clinical.example.com,CC-1222,IE
NST-PER-2463,Northstar IC 2463,IC Finance,NST-PER-2458,IC,person2463@northstar-clinical.example.com,CC-1223,MX
NST-PER-2464,Northstar IC 2464,IC ERP,NST-PER-2459,IC,person2464@northstar-clinical.example.com,CC-1224,CN
NST-PER-2465,Northstar IC 2465,IC Quality,NST-PER-2460,IC,person2465@northstar-clinical.example.com,CC-1225,JP
NST-PER-2466,Northstar IC 2466,IC Manufacturing,NST-PER-2461,IC,person2466@northstar-clinical.example.com,CC-1226,SG
NST-PER-2467,Northstar IC 2467,IC HIS,NST-PER-2462,IC,person2467@northstar-clinical.example.com,CC-1227,BR
NST-PER-2468,Northstar IC 2468,IC Product,NST-PER-2463,IC,person2468@northstar-clinical.example.com,CC-1228,FR
NST-PER-2469,Northstar IC 2469,IC Security,NST-PER-2464,IC,person2469@northstar-clinical.example.com,CC-1229,GB
NST-PER-2470,Northstar IC 2470,IC Finance,NST-PER-2465,IC,person2470@northstar-clinical.example.com,CC-1230,IN
NST-PER-2471,Northstar IC 2471,IC ERP,NST-PER-2466,IC,person2471@northstar-clinical.example.com,CC-1231,CA
NST-PER-2472,Northstar IC 2472,IC Quality,NST-PER-2467,IC,person2472@northstar-clinical.example.com,CC-1232,US
NST-PER-2473,Northstar IC 2473,IC Manufacturing,NST-PER-2468,IC,person2473@northstar-clinical.example.com,CC-1233,DE
NST-PER-2474,Northstar IC 2474,IC HIS,NST-PER-2469,IC,person2474@northstar-clinical.example.com,CC-1234,IE
NST-PER-2475,Northstar IC 2475,IC Product,NST-PER-2470,IC,person2475@northstar-clinical.example.com,CC-1235,MX
NST-PER-2476,Northstar IC 2476,IC Security,NST-PER-2471,IC,person2476@northstar-clinical.example.com,CC-1236,CN
NST-PER-2477,Northstar IC 2477,IC Finance,NST-PER-2472,IC,person2477@northstar-clinical.example.com,CC-1237,JP
NST-PER-2478,Northstar IC 2478,IC ERP,NST-PER-2473,IC,person2478@northstar-clinical.example.com,CC-1238,SG
NST-PER-2479,Northstar IC 2479,IC Quality,NST-PER-2474,IC,person2479@northstar-clinical.example.com,CC-1239,BR
NST-PER-2480,Northstar IC 2480,IC Manufacturing,NST-PER-2475,IC,person2480@northstar-clinical.example.com,CC-1240,FR
NST-PER-2481,Northstar IC 2481,IC HIS,NST-PER-2476,IC,person2481@northstar-clinical.example.com,CC-1241,GB
NST-PER-2482,Northstar IC 2482,IC Product,NST-PER-2477,IC,person2482@northstar-clinical.example.com,CC-1242,IN
NST-PER-2483,Northstar IC 2483,IC Security,NST-PER-2478,IC,person2483@northstar-clinical.example.com,CC-1243,CA
NST-PER-2484,Northstar IC 2484,IC Finance,NST-PER-2479,IC,person2484@northstar-clinical.example.com,CC-1244,US
NST-PER-2485,Northstar IC 2485,IC ERP,NST-PER-2480,IC,person2485@northstar-clinical.example.com,CC-1245,DE
NST-PER-2486,Northstar IC 2486,IC Quality,NST-PER-2481,IC,person2486@northstar-clinical.example.com,CC-1246,IE
NST-PER-2487,Northstar IC 2487,IC Manufacturing,NST-PER-2482,IC,person2487@northstar-clinical.example.com,CC-1247,MX
NST-PER-2488,Northstar IC 2488,IC HIS,NST-PER-2483,IC,person2488@northstar-clinical.example.com,CC-1248,CN
NST-PER-2489,Northstar IC 2489,IC Product,NST-PER-2484,IC,person2489@northstar-clinical.example.com,CC-1249,JP
NST-PER-2490,Northstar IC 2490,IC Security,NST-PER-2485,IC,person2490@northstar-clinical.example.com,CC-1250,SG
NST-PER-2491,Northstar IC 2491,IC Finance,NST-PER-2486,IC,person2491@northstar-clinical.example.com,CC-1251,BR
NST-PER-2492,Northstar IC 2492,IC ERP,NST-PER-2487,IC,person2492@northstar-clinical.example.com,CC-1252,FR
NST-PER-2493,Northstar IC 2493,IC Quality,NST-PER-2488,IC,person2493@northstar-clinical.example.com,CC-1253,GB
NST-PER-2494,Northstar IC 2494,IC Manufacturing,NST-PER-2489,IC,person2494@northstar-clinical.example.com,CC-1254,IN
NST-PER-2495,Northstar IC 2495,IC HIS,NST-PER-2490,IC,person2495@northstar-clinical.example.com,CC-1255,CA
NST-PER-2496,Northstar IC 2496,IC Product,NST-PER-2491,IC,person2496@northstar-clinical.example.com,CC-1256,US
NST-PER-2497,Northstar IC 2497,IC Security,NST-PER-2492,IC,person2497@northstar-clinical.example.com,CC-1257,DE
NST-PER-2498,Northstar IC 2498,IC Finance,NST-PER-2493,IC,person2498@northstar-clinical.example.com,CC-1258,IE
NST-PER-2499,Northstar IC 2499,IC ERP,NST-PER-2494,IC,person2499@northstar-clinical.example.com,CC-1259,MX
NST-PER-2500,Northstar IC 2500,IC Quality,NST-PER-2495,IC,person2500@northstar-clinical.example.com,CC-1260,CN
NST-PER-2501,Northstar IC 2501,IC Manufacturing,NST-PER-2496,IC,person2501@northstar-clinical.example.com,CC-1261,JP
NST-PER-2502,Northstar IC 2502,IC HIS,NST-PER-2497,IC,person2502@northstar-clinical.example.com,CC-1262,SG
NST-PER-2503,Northstar IC 2503,IC Product,NST-PER-2498,IC,person2503@northstar-clinical.example.com,CC-1263,BR
NST-PER-2504,Northstar IC 2504,IC Security,NST-PER-2499,IC,person2504@northstar-clinical.example.com,CC-1264,FR
NST-PER-2505,Northstar IC 2505,IC Finance,NST-PER-2500,IC,person2505@northstar-clinical.example.com,CC-1265,GB
NST-PER-2506,Northstar IC 2506,IC ERP,NST-PER-2501,IC,person2506@northstar-clinical.example.com,CC-1266,IN
NST-PER-2507,Northstar IC 2507,IC Quality,NST-PER-2502,IC,person2507@northstar-clinical.example.com,CC-1267,CA
NST-PER-2508,Northstar IC 2508,IC Manufacturing,NST-PER-2503,IC,person2508@northstar-clinical.example.com,CC-1268,US
NST-PER-2509,Northstar IC 2509,IC HIS,NST-PER-2504,IC,person2509@northstar-clinical.example.com,CC-1269,DE
NST-PER-2510,Northstar IC 2510,IC Product,NST-PER-2505,IC,person2510@northstar-clinical.example.com,CC-1270,IE
NST-PER-2511,Northstar IC 2511,IC Security,NST-PER-2506,IC,person2511@northstar-clinical.example.com,CC-1271,MX
NST-PER-2512,Northstar IC 2512,IC Finance,NST-PER-2507,IC,person2512@northstar-clinical.example.com,CC-1272,CN
NST-PER-2513,Northstar IC 2513,IC ERP,NST-PER-2508,IC,person2513@northstar-clinical.example.com,CC-1273,JP
NST-PER-2514,Northstar IC 2514,IC Quality,NST-PER-2509,IC,person2514@northstar-clinical.example.com,CC-1274,SG
NST-PER-2515,Northstar IC 2515,IC Manufacturing,NST-PER-2510,IC,person2515@northstar-clinical.example.com,CC-1275,BR
NST-PER-2516,Northstar IC 2516,IC HIS,NST-PER-2511,IC,person2516@northstar-clinical.example.com,CC-1276,FR
NST-PER-2517,Northstar IC 2517,IC Product,NST-PER-2512,IC,person2517@northstar-clinical.example.com,CC-1277,GB
NST-PER-2518,Northstar IC 2518,IC Security,NST-PER-2513,IC,person2518@northstar-clinical.example.com,CC-1278,IN
NST-PER-2519,Northstar IC 2519,IC Finance,NST-PER-2514,IC,person2519@northstar-clinical.example.com,CC-1279,CA
NST-PER-2520,Northstar IC 2520,IC ERP,NST-PER-2515,IC,person2520@northstar-clinical.example.com,CC-1000,US
NST-PER-2521,Northstar IC 2521,IC Quality,NST-PER-2516,IC,person2521@northstar-clinical.example.com,CC-1001,DE
NST-PER-2522,Northstar IC 2522,IC Manufacturing,NST-PER-2517,IC,person2522@northstar-clinical.example.com,CC-1002,IE
NST-PER-2523,Northstar IC 2523,IC HIS,NST-PER-2518,IC,person2523@northstar-clinical.example.com,CC-1003,MX
NST-PER-2524,Northstar IC 2524,IC Product,NST-PER-2519,IC,person2524@northstar-clinical.example.com,CC-1004,CN
NST-PER-2525,Northstar IC 2525,IC Security,NST-PER-2520,IC,person2525@northstar-clinical.example.com,CC-1005,JP
NST-PER-2526,Northstar IC 2526,IC Finance,NST-PER-2521,IC,person2526@northstar-clinical.example.com,CC-1006,SG
NST-PER-2527,Northstar IC 2527,IC ERP,NST-PER-2522,IC,person2527@northstar-clinical.example.com,CC-1007,BR
NST-PER-2528,Northstar IC 2528,IC Quality,NST-PER-2523,IC,person2528@northstar-clinical.example.com,CC-1008,FR
NST-PER-2529,Northstar IC 2529,IC Manufacturing,NST-PER-2524,IC,person2529@northstar-clinical.example.com,CC-1009,GB
NST-PER-2530,Northstar IC 2530,IC HIS,NST-PER-2525,IC,person2530@northstar-clinical.example.com,CC-1010,IN
NST-PER-2531,Northstar IC 2531,IC Product,NST-PER-2526,IC,person2531@northstar-clinical.example.com,CC-1011,CA
NST-PER-2532,Northstar IC 2532,IC Security,NST-PER-2527,IC,person2532@northstar-clinical.example.com,CC-1012,US
NST-PER-2533,Northstar IC 2533,IC Finance,NST-PER-2528,IC,person2533@northstar-clinical.example.com,CC-1013,DE
NST-PER-2534,Northstar IC 2534,IC ERP,NST-PER-2529,IC,person2534@northstar-clinical.example.com,CC-1014,IE
NST-PER-2535,Northstar IC 2535,IC Quality,NST-PER-2530,IC,person2535@northstar-clinical.example.com,CC-1015,MX
NST-PER-2536,Northstar IC 2536,IC Manufacturing,NST-PER-2531,IC,person2536@northstar-clinical.example.com,CC-1016,CN
NST-PER-2537,Northstar IC 2537,IC HIS,NST-PER-2532,IC,person2537@northstar-clinical.example.com,CC-1017,JP
NST-PER-2538,Northstar IC 2538,IC Product,NST-PER-2533,IC,person2538@northstar-clinical.example.com,CC-1018,SG
NST-PER-2539,Northstar IC 2539,IC Security,NST-PER-2534,IC,person2539@northstar-clinical.example.com,CC-1019,BR
NST-PER-2540,Northstar IC 2540,IC Finance,NST-PER-2535,IC,person2540@northstar-clinical.example.com,CC-1020,FR
NST-PER-2541,Northstar IC 2541,IC ERP,NST-PER-2536,IC,person2541@northstar-clinical.example.com,CC-1021,GB
NST-PER-2542,Northstar IC 2542,IC Quality,NST-PER-2537,IC,person2542@northstar-clinical.example.com,CC-1022,IN
NST-PER-2543,Northstar IC 2543,IC Manufacturing,NST-PER-2538,IC,person2543@northstar-clinical.example.com,CC-1023,CA
NST-PER-2544,Northstar IC 2544,IC HIS,NST-PER-2539,IC,person2544@northstar-clinical.example.com,CC-1024,US
NST-PER-2545,Northstar IC 2545,IC Product,NST-PER-2540,IC,person2545@northstar-clinical.example.com,CC-1025,DE
NST-PER-2546,Northstar IC 2546,IC Security,NST-PER-2541,IC,person2546@northstar-clinical.example.com,CC-1026,IE
NST-PER-2547,Northstar IC 2547,IC Finance,NST-PER-2542,IC,person2547@northstar-clinical.example.com,CC-1027,MX
NST-PER-2548,Northstar IC 2548,IC ERP,NST-PER-2543,IC,person2548@northstar-clinical.example.com,CC-1028,CN
NST-PER-2549,Northstar IC 2549,IC Quality,NST-PER-2544,IC,person2549@northstar-clinical.example.com,CC-1029,JP
NST-PER-2550,Northstar IC 2550,IC Manufacturing,NST-PER-2545,IC,person2550@northstar-clinical.example.com,CC-1030,SG
NST-PER-2551,Northstar IC 2551,IC HIS,NST-PER-2546,IC,person2551@northstar-clinical.example.com,CC-1031,BR
NST-PER-2552,Northstar IC 2552,IC Product,NST-PER-2547,IC,person2552@northstar-clinical.example.com,CC-1032,FR
NST-PER-2553,Northstar IC 2553,IC Security,NST-PER-2548,IC,person2553@northstar-clinical.example.com,CC-1033,GB
NST-PER-2554,Northstar IC 2554,IC Finance,NST-PER-2549,IC,person2554@northstar-clinical.example.com,CC-1034,IN
NST-PER-2555,Northstar IC 2555,IC ERP,NST-PER-2550,IC,person2555@northstar-clinical.example.com,CC-1035,CA
NST-PER-2556,Northstar IC 2556,IC Quality,NST-PER-2551,IC,person2556@northstar-clinical.example.com,CC-1036,US
NST-PER-2557,Northstar IC 2557,IC Manufacturing,NST-PER-2552,IC,person2557@northstar-clinical.example.com,CC-1037,DE
NST-PER-2558,Northstar IC 2558,IC HIS,NST-PER-2553,IC,person2558@northstar-clinical.example.com,CC-1038,IE
NST-PER-2559,Northstar IC 2559,IC Product,NST-PER-2554,IC,person2559@northstar-clinical.example.com,CC-1039,MX
NST-PER-2560,Northstar IC 2560,IC Security,NST-PER-2555,IC,person2560@northstar-clinical.example.com,CC-1040,CN
NST-PER-2561,Northstar IC 2561,IC Finance,NST-PER-2556,IC,person2561@northstar-clinical.example.com,CC-1041,JP
NST-PER-2562,Northstar IC 2562,IC ERP,NST-PER-2557,IC,person2562@northstar-clinical.example.com,CC-1042,SG
NST-PER-2563,Northstar IC 2563,IC Quality,NST-PER-2558,IC,person2563@northstar-clinical.example.com,CC-1043,BR
NST-PER-2564,Northstar IC 2564,IC Manufacturing,NST-PER-2559,IC,person2564@northstar-clinical.example.com,CC-1044,FR
NST-PER-2565,Northstar IC 2565,IC HIS,NST-PER-2560,IC,person2565@northstar-clinical.example.com,CC-1045,GB
NST-PER-2566,Northstar IC 2566,IC Product,NST-PER-2561,IC,person2566@northstar-clinical.example.com,CC-1046,IN
NST-PER-2567,Northstar IC 2567,IC Security,NST-PER-2562,IC,person2567@northstar-clinical.example.com,CC-1047,CA
NST-PER-2568,Northstar IC 2568,IC Finance,NST-PER-2563,IC,person2568@northstar-clinical.example.com,CC-1048,US
NST-PER-2569,Northstar IC 2569,IC ERP,NST-PER-2564,IC,person2569@northstar-clinical.example.com,CC-1049,DE
NST-PER-2570,Northstar IC 2570,IC Quality,NST-PER-2565,IC,person2570@northstar-clinical.example.com,CC-1050,IE
NST-PER-2571,Northstar IC 2571,IC Manufacturing,NST-PER-2566,IC,person2571@northstar-clinical.example.com,CC-1051,MX
NST-PER-2572,Northstar IC 2572,IC HIS,NST-PER-2567,IC,person2572@northstar-clinical.example.com,CC-1052,CN
NST-PER-2573,Northstar IC 2573,IC Product,NST-PER-2568,IC,person2573@northstar-clinical.example.com,CC-1053,JP
NST-PER-2574,Northstar IC 2574,IC Security,NST-PER-2569,IC,person2574@northstar-clinical.example.com,CC-1054,SG
NST-PER-2575,Northstar IC 2575,IC Finance,NST-PER-2570,IC,person2575@northstar-clinical.example.com,CC-1055,BR
NST-PER-2576,Northstar IC 2576,IC ERP,NST-PER-2571,IC,person2576@northstar-clinical.example.com,CC-1056,FR
NST-PER-2577,Northstar IC 2577,IC Quality,NST-PER-2572,IC,person2577@northstar-clinical.example.com,CC-1057,GB
NST-PER-2578,Northstar IC 2578,IC Manufacturing,NST-PER-2573,IC,person2578@northstar-clinical.example.com,CC-1058,IN
NST-PER-2579,Northstar IC 2579,IC HIS,NST-PER-2574,IC,person2579@northstar-clinical.example.com,CC-1059,CA
NST-PER-2580,Northstar IC 2580,IC Product,NST-PER-2575,IC,person2580@northstar-clinical.example.com,CC-1060,US
NST-PER-2581,Northstar IC 2581,IC Security,NST-PER-2576,IC,person2581@northstar-clinical.example.com,CC-1061,DE
NST-PER-2582,Northstar IC 2582,IC Finance,NST-PER-2577,IC,person2582@northstar-clinical.example.com,CC-1062,IE
NST-PER-2583,Northstar IC 2583,IC ERP,NST-PER-2578,IC,person2583@northstar-clinical.example.com,CC-1063,MX
NST-PER-2584,Northstar IC 2584,IC Quality,NST-PER-2579,IC,person2584@northstar-clinical.example.com,CC-1064,CN
NST-PER-2585,Northstar IC 2585,IC Manufacturing,NST-PER-2580,IC,person2585@northstar-clinical.example.com,CC-1065,JP
NST-PER-2586,Northstar IC 2586,IC HIS,NST-PER-2581,IC,person2586@northstar-clinical.example.com,CC-1066,SG
NST-PER-2587,Northstar IC 2587,IC Product,NST-PER-2582,IC,person2587@northstar-clinical.example.com,CC-1067,BR
NST-PER-2588,Northstar IC 2588,IC Security,NST-PER-2583,IC,person2588@northstar-clinical.example.com,CC-1068,FR
NST-PER-2589,Northstar IC 2589,IC Finance,NST-PER-2584,IC,person2589@northstar-clinical.example.com,CC-1069,GB
NST-PER-2590,Northstar IC 2590,IC ERP,NST-PER-2585,IC,person2590@northstar-clinical.example.com,CC-1070,IN
NST-PER-2591,Northstar IC 2591,IC Quality,NST-PER-2586,IC,person2591@northstar-clinical.example.com,CC-1071,CA
NST-PER-2592,Northstar IC 2592,IC Manufacturing,NST-PER-2587,IC,person2592@northstar-clinical.example.com,CC-1072,US
NST-PER-2593,Northstar IC 2593,IC HIS,NST-PER-2588,IC,person2593@northstar-clinical.example.com,CC-1073,DE
NST-PER-2594,Northstar IC 2594,IC Product,NST-PER-2589,IC,person2594@northstar-clinical.example.com,CC-1074,IE
NST-PER-2595,Northstar IC 2595,IC Security,NST-PER-2590,IC,person2595@northstar-clinical.example.com,CC-1075,MX
NST-PER-2596,Northstar IC 2596,IC Finance,NST-PER-2591,IC,person2596@northstar-clinical.example.com,CC-1076,CN
NST-PER-2597,Northstar IC 2597,IC ERP,NST-PER-2592,IC,person2597@northstar-clinical.example.com,CC-1077,JP
NST-PER-2598,Northstar IC 2598,IC Quality,NST-PER-2593,IC,person2598@northstar-clinical.example.com,CC-1078,SG
NST-PER-2599,Northstar IC 2599,IC Manufacturing,NST-PER-2594,IC,person2599@northstar-clinical.example.com,CC-1079,BR
NST-PER-2600,Northstar IC 2600,IC HIS,NST-PER-2595,IC,person2600@northstar-clinical.example.com,CC-1080,FR
NST-PER-2601,Northstar IC 2601,IC Product,NST-PER-2596,IC,person2601@northstar-clinical.example.com,CC-1081,GB
NST-PER-2602,Northstar IC 2602,IC Security,NST-PER-2597,IC,person2602@northstar-clinical.example.com,CC-1082,IN
NST-PER-2603,Northstar IC 2603,IC Finance,NST-PER-2598,IC,person2603@northstar-clinical.example.com,CC-1083,CA
NST-PER-2604,Northstar IC 2604,IC ERP,NST-PER-2599,IC,person2604@northstar-clinical.example.com,CC-1084,US
NST-PER-2605,Northstar IC 2605,IC Quality,NST-PER-2600,IC,person2605@northstar-clinical.example.com,CC-1085,DE
NST-PER-2606,Northstar IC 2606,IC Manufacturing,NST-PER-2601,IC,person2606@northstar-clinical.example.com,CC-1086,IE
NST-PER-2607,Northstar IC 2607,IC HIS,NST-PER-2602,IC,person2607@northstar-clinical.example.com,CC-1087,MX
NST-PER-2608,Northstar IC 2608,IC Product,NST-PER-2603,IC,person2608@northstar-clinical.example.com,CC-1088,CN
NST-PER-2609,Northstar IC 2609,IC Security,NST-PER-2604,IC,person2609@northstar-clinical.example.com,CC-1089,JP
NST-PER-2610,Northstar IC 2610,IC Finance,NST-PER-2605,IC,person2610@northstar-clinical.example.com,CC-1090,SG
NST-PER-2611,Northstar IC 2611,IC ERP,NST-PER-2606,IC,person2611@northstar-clinical.example.com,CC-1091,BR
NST-PER-2612,Northstar IC 2612,IC Quality,NST-PER-2607,IC,person2612@northstar-clinical.example.com,CC-1092,FR
NST-PER-2613,Northstar IC 2613,IC Manufacturing,NST-PER-2608,IC,person2613@northstar-clinical.example.com,CC-1093,GB
NST-PER-2614,Northstar IC 2614,IC HIS,NST-PER-2609,IC,person2614@northstar-clinical.example.com,CC-1094,IN
NST-PER-2615,Northstar IC 2615,IC Product,NST-PER-2610,IC,person2615@northstar-clinical.example.com,CC-1095,CA
NST-PER-2616,Northstar IC 2616,IC Security,NST-PER-2611,IC,person2616@northstar-clinical.example.com,CC-1096,US
NST-PER-2617,Northstar IC 2617,IC Finance,NST-PER-2612,IC,person2617@northstar-clinical.example.com,CC-1097,DE
NST-PER-2618,Northstar IC 2618,IC ERP,NST-PER-2613,IC,person2618@northstar-clinical.example.com,CC-1098,IE
NST-PER-2619,Northstar IC 2619,IC Quality,NST-PER-2614,IC,person2619@northstar-clinical.example.com,CC-1099,MX
NST-PER-2620,Northstar IC 2620,IC Manufacturing,NST-PER-2615,IC,person2620@northstar-clinical.example.com,CC-1100,CN
NST-PER-2621,Northstar IC 2621,IC HIS,NST-PER-2616,IC,person2621@northstar-clinical.example.com,CC-1101,JP
NST-PER-2622,Northstar IC 2622,IC Product,NST-PER-2617,IC,person2622@northstar-clinical.example.com,CC-1102,SG
NST-PER-2623,Northstar IC 2623,IC Security,NST-PER-2618,IC,person2623@northstar-clinical.example.com,CC-1103,BR
NST-PER-2624,Northstar IC 2624,IC Finance,NST-PER-2619,IC,person2624@northstar-clinical.example.com,CC-1104,FR
NST-PER-2625,Northstar IC 2625,IC ERP,NST-PER-2620,IC,person2625@northstar-clinical.example.com,CC-1105,GB
NST-PER-2626,Northstar IC 2626,IC Quality,NST-PER-2621,IC,person2626@northstar-clinical.example.com,CC-1106,IN
NST-PER-2627,Northstar IC 2627,IC Manufacturing,NST-PER-2622,IC,person2627@northstar-clinical.example.com,CC-1107,CA
NST-PER-2628,Northstar IC 2628,IC HIS,NST-PER-2623,IC,person2628@northstar-clinical.example.com,CC-1108,US
NST-PER-2629,Northstar IC 2629,IC Product,NST-PER-2624,IC,person2629@northstar-clinical.example.com,CC-1109,DE
NST-PER-2630,Northstar IC 2630,IC Security,NST-PER-2625,IC,person2630@northstar-clinical.example.com,CC-1110,IE
NST-PER-2631,Northstar IC 2631,IC Finance,NST-PER-2626,IC,person2631@northstar-clinical.example.com,CC-1111,MX
NST-PER-2632,Northstar IC 2632,IC ERP,NST-PER-2627,IC,person2632@northstar-clinical.example.com,CC-1112,CN
NST-PER-2633,Northstar IC 2633,IC Quality,NST-PER-2628,IC,person2633@northstar-clinical.example.com,CC-1113,JP
NST-PER-2634,Northstar IC 2634,IC Manufacturing,NST-PER-2629,IC,person2634@northstar-clinical.example.com,CC-1114,SG
NST-PER-2635,Northstar IC 2635,IC HIS,NST-PER-2630,IC,person2635@northstar-clinical.example.com,CC-1115,BR
NST-PER-2636,Northstar IC 2636,IC Product,NST-PER-2631,IC,person2636@northstar-clinical.example.com,CC-1116,FR
NST-PER-2637,Northstar IC 2637,IC Security,NST-PER-2632,IC,person2637@northstar-clinical.example.com,CC-1117,GB
NST-PER-2638,Northstar IC 2638,IC Finance,NST-PER-2633,IC,person2638@northstar-clinical.example.com,CC-1118,IN
NST-PER-2639,Northstar IC 2639,IC ERP,NST-PER-2634,IC,person2639@northstar-clinical.example.com,CC-1119,CA
NST-PER-2640,Northstar IC 2640,IC Quality,NST-PER-2635,IC,person2640@northstar-clinical.example.com,CC-1120,US
NST-PER-2641,Northstar IC 2641,IC Manufacturing,NST-PER-2636,IC,person2641@northstar-clinical.example.com,CC-1121,DE
NST-PER-2642,Northstar IC 2642,IC HIS,NST-PER-2637,IC,person2642@northstar-clinical.example.com,CC-1122,IE
NST-PER-2643,Northstar IC 2643,IC Product,NST-PER-2638,IC,person2643@northstar-clinical.example.com,CC-1123,MX
NST-PER-2644,Northstar IC 2644,IC Security,NST-PER-2639,IC,person2644@northstar-clinical.example.com,CC-1124,CN
NST-PER-2645,Northstar IC 2645,IC Finance,NST-PER-2640,IC,person2645@northstar-clinical.example.com,CC-1125,JP
NST-PER-2646,Northstar IC 2646,IC ERP,NST-PER-2641,IC,person2646@northstar-clinical.example.com,CC-1126,SG
NST-PER-2647,Northstar IC 2647,IC Quality,NST-PER-2642,IC,person2647@northstar-clinical.example.com,CC-1127,BR
NST-PER-2648,Northstar IC 2648,IC Manufacturing,NST-PER-2643,IC,person2648@northstar-clinical.example.com,CC-1128,FR
NST-PER-2649,Northstar IC 2649,IC HIS,NST-PER-2644,IC,person2649@northstar-clinical.example.com,CC-1129,GB
NST-PER-2650,Northstar IC 2650,IC Product,NST-PER-2645,IC,person2650@northstar-clinical.example.com,CC-1130,IN
NST-PER-2651,Northstar IC 2651,IC Security,NST-PER-2646,IC,person2651@northstar-clinical.example.com,CC-1131,CA
NST-PER-2652,Northstar IC 2652,IC Finance,NST-PER-2647,IC,person2652@northstar-clinical.example.com,CC-1132,US
NST-PER-2653,Northstar IC 2653,IC ERP,NST-PER-2648,IC,person2653@northstar-clinical.example.com,CC-1133,DE
NST-PER-2654,Northstar IC 2654,IC Quality,NST-PER-2649,IC,person2654@northstar-clinical.example.com,CC-1134,IE
NST-PER-2655,Northstar IC 2655,IC Manufacturing,NST-PER-2650,IC,person2655@northstar-clinical.example.com,CC-1135,MX
NST-PER-2656,Northstar IC 2656,IC HIS,NST-PER-2651,IC,person2656@northstar-clinical.example.com,CC-1136,CN
NST-PER-2657,Northstar IC 2657,IC Product,NST-PER-2652,IC,person2657@northstar-clinical.example.com,CC-1137,JP
NST-PER-2658,Northstar IC 2658,IC Security,NST-PER-2653,IC,person2658@northstar-clinical.example.com,CC-1138,SG
NST-PER-2659,Northstar IC 2659,IC Finance,NST-PER-2654,IC,person2659@northstar-clinical.example.com,CC-1139,BR
NST-PER-2660,Northstar IC 2660,IC ERP,NST-PER-2655,IC,person2660@northstar-clinical.example.com,CC-1140,FR
NST-PER-2661,Northstar IC 2661,IC Quality,NST-PER-2656,IC,person2661@northstar-clinical.example.com,CC-1141,GB
NST-PER-2662,Northstar IC 2662,IC Manufacturing,NST-PER-2657,IC,person2662@northstar-clinical.example.com,CC-1142,IN
NST-PER-2663,Northstar IC 2663,IC HIS,NST-PER-2658,IC,person2663@northstar-clinical.example.com,CC-1143,CA
NST-PER-2664,Northstar IC 2664,IC Product,NST-PER-2659,IC,person2664@northstar-clinical.example.com,CC-1144,US
NST-PER-2665,Northstar IC 2665,IC Security,NST-PER-2660,IC,person2665@northstar-clinical.example.com,CC-1145,DE
NST-PER-2666,Northstar IC 2666,IC Finance,NST-PER-2661,IC,person2666@northstar-clinical.example.com,CC-1146,IE
NST-PER-2667,Northstar IC 2667,IC ERP,NST-PER-2662,IC,person2667@northstar-clinical.example.com,CC-1147,MX
NST-PER-2668,Northstar IC 2668,IC Quality,NST-PER-2663,IC,person2668@northstar-clinical.example.com,CC-1148,CN
NST-PER-2669,Northstar IC 2669,IC Manufacturing,NST-PER-2664,IC,person2669@northstar-clinical.example.com,CC-1149,JP
NST-PER-2670,Northstar IC 2670,IC HIS,NST-PER-2665,IC,person2670@northstar-clinical.example.com,CC-1150,SG
NST-PER-2671,Northstar IC 2671,IC Product,NST-PER-2666,IC,person2671@northstar-clinical.example.com,CC-1151,BR
NST-PER-2672,Northstar IC 2672,IC Security,NST-PER-2667,IC,person2672@northstar-clinical.example.com,CC-1152,FR
NST-PER-2673,Northstar IC 2673,IC Finance,NST-PER-2668,IC,person2673@northstar-clinical.example.com,CC-1153,GB
NST-PER-2674,Northstar IC 2674,IC ERP,NST-PER-2669,IC,person2674@northstar-clinical.example.com,CC-1154,IN
NST-PER-2675,Northstar IC 2675,IC Quality,NST-PER-2670,IC,person2675@northstar-clinical.example.com,CC-1155,CA
NST-PER-2676,Northstar IC 2676,IC Manufacturing,NST-PER-2671,IC,person2676@northstar-clinical.example.com,CC-1156,US
NST-PER-2677,Northstar IC 2677,IC HIS,NST-PER-2672,IC,person2677@northstar-clinical.example.com,CC-1157,DE
NST-PER-2678,Northstar IC 2678,IC Product,NST-PER-2673,IC,person2678@northstar-clinical.example.com,CC-1158,IE
NST-PER-2679,Northstar IC 2679,IC Security,NST-PER-2674,IC,person2679@northstar-clinical.example.com,CC-1159,MX
NST-PER-2680,Northstar IC 2680,IC Finance,NST-PER-2675,IC,person2680@northstar-clinical.example.com,CC-1160,CN
NST-PER-2681,Northstar IC 2681,IC ERP,NST-PER-2676,IC,person2681@northstar-clinical.example.com,CC-1161,JP
NST-PER-2682,Northstar IC 2682,IC Quality,NST-PER-2677,IC,person2682@northstar-clinical.example.com,CC-1162,SG
NST-PER-2683,Northstar IC 2683,IC Manufacturing,NST-PER-2678,IC,person2683@northstar-clinical.example.com,CC-1163,BR
NST-PER-2684,Northstar IC 2684,IC HIS,NST-PER-2679,IC,person2684@northstar-clinical.example.com,CC-1164,FR
NST-PER-2685,Northstar IC 2685,IC Product,NST-PER-2680,IC,person2685@northstar-clinical.example.com,CC-1165,GB
NST-PER-2686,Northstar IC 2686,IC Security,NST-PER-2681,IC,person2686@northstar-clinical.example.com,CC-1166,IN
NST-PER-2687,Northstar IC 2687,IC Finance,NST-PER-2682,IC,person2687@northstar-clinical.example.com,CC-1167,CA
NST-PER-2688,Northstar IC 2688,IC ERP,NST-PER-2683,IC,person2688@northstar-clinical.example.com,CC-1168,US
NST-PER-2689,Northstar IC 2689,IC Quality,NST-PER-2684,IC,person2689@northstar-clinical.example.com,CC-1169,DE
NST-PER-2690,Northstar IC 2690,IC Manufacturing,NST-PER-2685,IC,person2690@northstar-clinical.example.com,CC-1170,IE
NST-PER-2691,Northstar IC 2691,IC HIS,NST-PER-2686,IC,person2691@northstar-clinical.example.com,CC-1171,MX
NST-PER-2692,Northstar IC 2692,IC Product,NST-PER-2687,IC,person2692@northstar-clinical.example.com,CC-1172,CN
NST-PER-2693,Northstar IC 2693,IC Security,NST-PER-2688,IC,person2693@northstar-clinical.example.com,CC-1173,JP
NST-PER-2694,Northstar IC 2694,IC Finance,NST-PER-2689,IC,person2694@northstar-clinical.example.com,CC-1174,SG
NST-PER-2695,Northstar IC 2695,IC ERP,NST-PER-2690,IC,person2695@northstar-clinical.example.com,CC-1175,BR
NST-PER-2696,Northstar IC 2696,IC Quality,NST-PER-2691,IC,person2696@northstar-clinical.example.com,CC-1176,FR
NST-PER-2697,Northstar IC 2697,IC Manufacturing,NST-PER-2692,IC,person2697@northstar-clinical.example.com,CC-1177,GB
NST-PER-2698,Northstar IC 2698,IC HIS,NST-PER-2693,IC,person2698@northstar-clinical.example.com,CC-1178,IN
NST-PER-2699,Northstar IC 2699,IC Product,NST-PER-2694,IC,person2699@northstar-clinical.example.com,CC-1179,CA
NST-PER-2700,Northstar IC 2700,IC Security,NST-PER-2695,IC,person2700@northstar-clinical.example.com,CC-1180,US
NST-PER-2701,Northstar IC 2701,IC Finance,NST-PER-2696,IC,person2701@northstar-clinical.example.com,CC-1181,DE
NST-PER-2702,Northstar IC 2702,IC ERP,NST-PER-2697,IC,person2702@northstar-clinical.example.com,CC-1182,IE
NST-PER-2703,Northstar IC 2703,IC Quality,NST-PER-2698,IC,person2703@northstar-clinical.example.com,CC-1183,MX
NST-PER-2704,Northstar IC 2704,IC Manufacturing,NST-PER-2699,IC,person2704@northstar-clinical.example.com,CC-1184,CN
NST-PER-2705,Northstar IC 2705,IC HIS,NST-PER-2700,IC,person2705@northstar-clinical.example.com,CC-1185,JP
NST-PER-2706,Northstar IC 2706,IC Product,NST-PER-2701,IC,person2706@northstar-clinical.example.com,CC-1186,SG
NST-PER-2707,Northstar IC 2707,IC Security,NST-PER-2702,IC,person2707@northstar-clinical.example.com,CC-1187,BR
NST-PER-2708,Northstar IC 2708,IC Finance,NST-PER-2703,IC,person2708@northstar-clinical.example.com,CC-1188,FR
NST-PER-2709,Northstar IC 2709,IC ERP,NST-PER-2704,IC,person2709@northstar-clinical.example.com,CC-1189,GB
NST-PER-2710,Northstar IC 2710,IC Quality,NST-PER-2705,IC,person2710@northstar-clinical.example.com,CC-1190,IN
NST-PER-2711,Northstar IC 2711,IC Manufacturing,NST-PER-2706,IC,person2711@northstar-clinical.example.com,CC-1191,CA
NST-PER-2712,Northstar IC 2712,IC HIS,NST-PER-2707,IC,person2712@northstar-clinical.example.com,CC-1192,US
NST-PER-2713,Northstar IC 2713,IC Product,NST-PER-2708,IC,person2713@northstar-clinical.example.com,CC-1193,DE
NST-PER-2714,Northstar IC 2714,IC Security,NST-PER-2709,IC,person2714@northstar-clinical.example.com,CC-1194,IE
NST-PER-2715,Northstar IC 2715,IC Finance,NST-PER-2710,IC,person2715@northstar-clinical.example.com,CC-1195,MX
NST-PER-2716,Northstar IC 2716,IC ERP,NST-PER-2711,IC,person2716@northstar-clinical.example.com,CC-1196,CN
NST-PER-2717,Northstar IC 2717,IC Quality,NST-PER-2712,IC,person2717@northstar-clinical.example.com,CC-1197,JP
NST-PER-2718,Northstar IC 2718,IC Manufacturing,NST-PER-2713,IC,person2718@northstar-clinical.example.com,CC-1198,SG
NST-PER-2719,Northstar IC 2719,IC HIS,NST-PER-2714,IC,person2719@northstar-clinical.example.com,CC-1199,BR
NST-PER-2720,Northstar IC 2720,IC Product,NST-PER-2715,IC,person2720@northstar-clinical.example.com,CC-1200,FR
NST-PER-2721,Northstar IC 2721,IC Security,NST-PER-2716,IC,person2721@northstar-clinical.example.com,CC-1201,GB
NST-PER-2722,Northstar IC 2722,IC Finance,NST-PER-2717,IC,person2722@northstar-clinical.example.com,CC-1202,IN
NST-PER-2723,Northstar IC 2723,IC ERP,NST-PER-2718,IC,person2723@northstar-clinical.example.com,CC-1203,CA
NST-PER-2724,Northstar IC 2724,IC Quality,NST-PER-2719,IC,person2724@northstar-clinical.example.com,CC-1204,US
NST-PER-2725,Northstar IC 2725,IC Manufacturing,NST-PER-2720,IC,person2725@northstar-clinical.example.com,CC-1205,DE
NST-PER-2726,Northstar IC 2726,IC HIS,NST-PER-2721,IC,person2726@northstar-clinical.example.com,CC-1206,IE
NST-PER-2727,Northstar IC 2727,IC Product,NST-PER-2722,IC,person2727@northstar-clinical.example.com,CC-1207,MX
NST-PER-2728,Northstar IC 2728,IC Security,NST-PER-2723,IC,person2728@northstar-clinical.example.com,CC-1208,CN
NST-PER-2729,Northstar IC 2729,IC Finance,NST-PER-2724,IC,person2729@northstar-clinical.example.com,CC-1209,JP
NST-PER-2730,Northstar IC 2730,IC ERP,NST-PER-2725,IC,person2730@northstar-clinical.example.com,CC-1210,SG
NST-PER-2731,Northstar IC 2731,IC Quality,NST-PER-2726,IC,person2731@northstar-clinical.example.com,CC-1211,BR
NST-PER-2732,Northstar IC 2732,IC Manufacturing,NST-PER-2727,IC,person2732@northstar-clinical.example.com,CC-1212,FR
NST-PER-2733,Northstar IC 2733,IC HIS,NST-PER-2728,IC,person2733@northstar-clinical.example.com,CC-1213,GB
NST-PER-2734,Northstar IC 2734,IC Product,NST-PER-2729,IC,person2734@northstar-clinical.example.com,CC-1214,IN
NST-PER-2735,Northstar IC 2735,IC Security,NST-PER-2730,IC,person2735@northstar-clinical.example.com,CC-1215,CA
NST-PER-2736,Northstar IC 2736,IC Finance,NST-PER-2731,IC,person2736@northstar-clinical.example.com,CC-1216,US
NST-PER-2737,Northstar IC 2737,IC ERP,NST-PER-2732,IC,person2737@northstar-clinical.example.com,CC-1217,DE
NST-PER-2738,Northstar IC 2738,IC Quality,NST-PER-2733,IC,person2738@northstar-clinical.example.com,CC-1218,IE
NST-PER-2739,Northstar IC 2739,IC Manufacturing,NST-PER-2734,IC,person2739@northstar-clinical.example.com,CC-1219,MX
NST-PER-2740,Northstar IC 2740,IC HIS,NST-PER-2735,IC,person2740@northstar-clinical.example.com,CC-1220,CN
NST-PER-2741,Northstar IC 2741,IC Product,NST-PER-2736,IC,person2741@northstar-clinical.example.com,CC-1221,JP
NST-PER-2742,Northstar IC 2742,IC Security,NST-PER-2737,IC,person2742@northstar-clinical.example.com,CC-1222,SG
NST-PER-2743,Northstar IC 2743,IC Finance,NST-PER-2738,IC,person2743@northstar-clinical.example.com,CC-1223,BR
NST-PER-2744,Northstar IC 2744,IC ERP,NST-PER-2739,IC,person2744@northstar-clinical.example.com,CC-1224,FR
NST-PER-2745,Northstar IC 2745,IC Quality,NST-PER-2740,IC,person2745@northstar-clinical.example.com,CC-1225,GB
NST-PER-2746,Northstar IC 2746,IC Manufacturing,NST-PER-2741,IC,person2746@northstar-clinical.example.com,CC-1226,IN
NST-PER-2747,Northstar IC 2747,IC HIS,NST-PER-2742,IC,person2747@northstar-clinical.example.com,CC-1227,CA
NST-PER-2748,Northstar IC 2748,IC Product,NST-PER-2743,IC,person2748@northstar-clinical.example.com,CC-1228,US
NST-PER-2749,Northstar IC 2749,IC Security,NST-PER-2744,IC,person2749@northstar-clinical.example.com,CC-1229,DE
NST-PER-2750,Northstar IC 2750,IC Finance,NST-PER-2745,IC,person2750@northstar-clinical.example.com,CC-1230,IE
NST-PER-2751,Northstar IC 2751,IC ERP,NST-PER-2746,IC,person2751@northstar-clinical.example.com,CC-1231,MX
NST-PER-2752,Northstar IC 2752,IC Quality,NST-PER-2747,IC,person2752@northstar-clinical.example.com,CC-1232,CN
NST-PER-2753,Northstar IC 2753,IC Manufacturing,NST-PER-2748,IC,person2753@northstar-clinical.example.com,CC-1233,JP
NST-PER-2754,Northstar IC 2754,IC HIS,NST-PER-2749,IC,person2754@northstar-clinical.example.com,CC-1234,SG
NST-PER-2755,Northstar IC 2755,IC Product,NST-PER-2750,IC,person2755@northstar-clinical.example.com,CC-1235,BR
NST-PER-2756,Northstar IC 2756,IC Security,NST-PER-2751,IC,person2756@northstar-clinical.example.com,CC-1236,FR
NST-PER-2757,Northstar IC 2757,IC Finance,NST-PER-2752,IC,person2757@northstar-clinical.example.com,CC-1237,GB
NST-PER-2758,Northstar IC 2758,IC ERP,NST-PER-2753,IC,person2758@northstar-clinical.example.com,CC-1238,IN
NST-PER-2759,Northstar IC 2759,IC Quality,NST-PER-2754,IC,person2759@northstar-clinical.example.com,CC-1239,CA
NST-PER-2760,Northstar IC 2760,IC Manufacturing,NST-PER-2755,IC,person2760@northstar-clinical.example.com,CC-1240,US
NST-PER-2761,Northstar IC 2761,IC HIS,NST-PER-2756,IC,person2761@northstar-clinical.example.com,CC-1241,DE
NST-PER-2762,Northstar IC 2762,IC Product,NST-PER-2757,IC,person2762@northstar-clinical.example.com,CC-1242,IE
NST-PER-2763,Northstar IC 2763,IC Security,NST-PER-2758,IC,person2763@northstar-clinical.example.com,CC-1243,MX
NST-PER-2764,Northstar IC 2764,IC Finance,NST-PER-2759,IC,person2764@northstar-clinical.example.com,CC-1244,CN
NST-PER-2765,Northstar IC 2765,IC ERP,NST-PER-2760,IC,person2765@northstar-clinical.example.com,CC-1245,JP
NST-PER-2766,Northstar IC 2766,IC Quality,NST-PER-2761,IC,person2766@northstar-clinical.example.com,CC-1246,SG
NST-PER-2767,Northstar IC 2767,IC Manufacturing,NST-PER-2762,IC,person2767@northstar-clinical.example.com,CC-1247,BR
NST-PER-2768,Northstar IC 2768,IC HIS,NST-PER-2763,IC,person2768@northstar-clinical.example.com,CC-1248,FR
NST-PER-2769,Northstar IC 2769,IC Product,NST-PER-2764,IC,person2769@northstar-clinical.example.com,CC-1249,GB
NST-PER-2770,Northstar IC 2770,IC Security,NST-PER-2765,IC,person2770@northstar-clinical.example.com,CC-1250,IN
NST-PER-2771,Northstar IC 2771,IC Finance,NST-PER-2766,IC,person2771@northstar-clinical.example.com,CC-1251,CA
NST-PER-2772,Northstar IC 2772,IC ERP,NST-PER-2767,IC,person2772@northstar-clinical.example.com,CC-1252,US
NST-PER-2773,Northstar IC 2773,IC Quality,NST-PER-2768,IC,person2773@northstar-clinical.example.com,CC-1253,DE
NST-PER-2774,Northstar IC 2774,IC Manufacturing,NST-PER-2769,IC,person2774@northstar-clinical.example.com,CC-1254,IE
NST-PER-2775,Northstar IC 2775,IC HIS,NST-PER-2770,IC,person2775@northstar-clinical.example.com,CC-1255,MX
NST-PER-2776,Northstar IC 2776,IC Product,NST-PER-2771,IC,person2776@northstar-clinical.example.com,CC-1256,CN
NST-PER-2777,Northstar IC 2777,IC Security,NST-PER-2772,IC,person2777@northstar-clinical.example.com,CC-1257,JP
NST-PER-2778,Northstar IC 2778,IC Finance,NST-PER-2773,IC,person2778@northstar-clinical.example.com,CC-1258,SG
NST-PER-2779,Northstar IC 2779,IC ERP,NST-PER-2774,IC,person2779@northstar-clinical.example.com,CC-1259,BR
NST-PER-2780,Northstar IC 2780,IC Quality,NST-PER-2775,IC,person2780@northstar-clinical.example.com,CC-1260,FR
NST-PER-2781,Northstar IC 2781,IC Manufacturing,NST-PER-2776,IC,person2781@northstar-clinical.example.com,CC-1261,GB
NST-PER-2782,Northstar IC 2782,IC HIS,NST-PER-2777,IC,person2782@northstar-clinical.example.com,CC-1262,IN
NST-PER-2783,Northstar IC 2783,IC Product,NST-PER-2778,IC,person2783@northstar-clinical.example.com,CC-1263,CA
NST-PER-2784,Northstar IC 2784,IC Security,NST-PER-2779,IC,person2784@northstar-clinical.example.com,CC-1264,US
NST-PER-2785,Northstar IC 2785,IC Finance,NST-PER-2780,IC,person2785@northstar-clinical.example.com,CC-1265,DE
NST-PER-2786,Northstar IC 2786,IC ERP,NST-PER-2781,IC,person2786@northstar-clinical.example.com,CC-1266,IE
NST-PER-2787,Northstar IC 2787,IC Quality,NST-PER-2782,IC,person2787@northstar-clinical.example.com,CC-1267,MX
NST-PER-2788,Northstar IC 2788,IC Manufacturing,NST-PER-2783,IC,person2788@northstar-clinical.example.com,CC-1268,CN
NST-PER-2789,Northstar IC 2789,IC HIS,NST-PER-2784,IC,person2789@northstar-clinical.example.com,CC-1269,JP
NST-PER-2790,Northstar IC 2790,IC Product,NST-PER-2785,IC,person2790@northstar-clinical.example.com,CC-1270,SG
NST-PER-2791,Northstar IC 2791,IC Security,NST-PER-2786,IC,person2791@northstar-clinical.example.com,CC-1271,BR
NST-PER-2792,Northstar IC 2792,IC Finance,NST-PER-2787,IC,person2792@northstar-clinical.example.com,CC-1272,FR
NST-PER-2793,Northstar IC 2793,IC ERP,NST-PER-2788,IC,person2793@northstar-clinical.example.com,CC-1273,GB
NST-PER-2794,Northstar IC 2794,IC Quality,NST-PER-2789,IC,person2794@northstar-clinical.example.com,CC-1274,IN
NST-PER-2795,Northstar IC 2795,IC Manufacturing,NST-PER-2790,IC,person2795@northstar-clinical.example.com,CC-1275,CA
NST-PER-2796,Northstar IC 2796,IC HIS,NST-PER-2791,IC,person2796@northstar-clinical.example.com,CC-1276,US
NST-PER-2797,Northstar IC 2797,IC Product,NST-PER-2792,IC,person2797@northstar-clinical.example.com,CC-1277,DE
NST-PER-2798,Northstar IC 2798,IC Security,NST-PER-2793,IC,person2798@northstar-clinical.example.com,CC-1278,IE
NST-PER-2799,Northstar IC 2799,IC Finance,NST-PER-2794,IC,person2799@northstar-clinical.example.com,CC-1279,MX
NST-PER-2800,Northstar IC 2800,IC ERP,NST-PER-2795,IC,person2800@northstar-clinical.example.com,CC-1000,CN
NST-PER-2801,Northstar IC 2801,IC Quality,NST-PER-2796,IC,person2801@northstar-clinical.example.com,CC-1001,JP
NST-PER-2802,Northstar IC 2802,IC Manufacturing,NST-PER-2797,IC,person2802@northstar-clinical.example.com,CC-1002,SG
NST-PER-2803,Northstar IC 2803,IC HIS,NST-PER-2798,IC,person2803@northstar-clinical.example.com,CC-1003,BR
NST-PER-2804,Northstar IC 2804,IC Product,NST-PER-2799,IC,person2804@northstar-clinical.example.com,CC-1004,FR
NST-PER-2805,Northstar IC 2805,IC Security,NST-PER-2800,IC,person2805@northstar-clinical.example.com,CC-1005,GB
NST-PER-2806,Northstar IC 2806,IC Finance,NST-PER-2801,IC,person2806@northstar-clinical.example.com,CC-1006,IN
NST-PER-2807,Northstar IC 2807,IC ERP,NST-PER-2802,IC,person2807@northstar-clinical.example.com,CC-1007,CA
NST-PER-2808,Northstar IC 2808,IC Quality,NST-PER-2803,IC,person2808@northstar-clinical.example.com,CC-1008,US
NST-PER-2809,Northstar IC 2809,IC Manufacturing,NST-PER-2804,IC,person2809@northstar-clinical.example.com,CC-1009,DE
NST-PER-2810,Northstar IC 2810,IC HIS,NST-PER-2805,IC,person2810@northstar-clinical.example.com,CC-1010,IE
NST-PER-2811,Northstar IC 2811,IC Product,NST-PER-2806,IC,person2811@northstar-clinical.example.com,CC-1011,MX
NST-PER-2812,Northstar IC 2812,IC Security,NST-PER-2807,IC,person2812@northstar-clinical.example.com,CC-1012,CN
NST-PER-2813,Northstar IC 2813,IC Finance,NST-PER-2808,IC,person2813@northstar-clinical.example.com,CC-1013,JP
NST-PER-2814,Northstar IC 2814,IC ERP,NST-PER-2809,IC,person2814@northstar-clinical.example.com,CC-1014,SG
NST-PER-2815,Northstar IC 2815,IC Quality,NST-PER-2810,IC,person2815@northstar-clinical.example.com,CC-1015,BR
NST-PER-2816,Northstar IC 2816,IC Manufacturing,NST-PER-2811,IC,person2816@northstar-clinical.example.com,CC-1016,FR
NST-PER-2817,Northstar IC 2817,IC HIS,NST-PER-2812,IC,person2817@northstar-clinical.example.com,CC-1017,GB
NST-PER-2818,Northstar IC 2818,IC Product,NST-PER-2813,IC,person2818@northstar-clinical.example.com,CC-1018,IN
NST-PER-2819,Northstar IC 2819,IC Security,NST-PER-2814,IC,person2819@northstar-clinical.example.com,CC-1019,CA
NST-PER-2820,Northstar IC 2820,IC Finance,NST-PER-2815,IC,person2820@northstar-clinical.example.com,CC-1020,US
NST-PER-2821,Northstar IC 2821,IC ERP,NST-PER-2816,IC,person2821@northstar-clinical.example.com,CC-1021,DE
NST-PER-2822,Northstar IC 2822,IC Quality,NST-PER-2817,IC,person2822@northstar-clinical.example.com,CC-1022,IE
NST-PER-2823,Northstar IC 2823,IC Manufacturing,NST-PER-2818,IC,person2823@northstar-clinical.example.com,CC-1023,MX
NST-PER-2824,Northstar IC 2824,IC HIS,NST-PER-2819,IC,person2824@northstar-clinical.example.com,CC-1024,CN
NST-PER-2825,Northstar IC 2825,IC Product,NST-PER-2820,IC,person2825@northstar-clinical.example.com,CC-1025,JP
NST-PER-2826,Northstar IC 2826,IC Security,NST-PER-2821,IC,person2826@northstar-clinical.example.com,CC-1026,SG
NST-PER-2827,Northstar IC 2827,IC Finance,NST-PER-2822,IC,person2827@northstar-clinical.example.com,CC-1027,BR
NST-PER-2828,Northstar IC 2828,IC ERP,NST-PER-2823,IC,person2828@northstar-clinical.example.com,CC-1028,FR
NST-PER-2829,Northstar IC 2829,IC Quality,NST-PER-2824,IC,person2829@northstar-clinical.example.com,CC-1029,GB
NST-PER-2830,Northstar IC 2830,IC Manufacturing,NST-PER-2825,IC,person2830@northstar-clinical.example.com,CC-1030,IN
NST-PER-2831,Northstar IC 2831,IC HIS,NST-PER-2826,IC,person2831@northstar-clinical.example.com,CC-1031,CA
NST-PER-2832,Northstar IC 2832,IC Product,NST-PER-2827,IC,person2832@northstar-clinical.example.com,CC-1032,US
NST-PER-2833,Northstar IC 2833,IC Security,NST-PER-2828,IC,person2833@northstar-clinical.example.com,CC-1033,DE
NST-PER-2834,Northstar IC 2834,IC Finance,NST-PER-2829,IC,person2834@northstar-clinical.example.com,CC-1034,IE
NST-PER-2835,Northstar IC 2835,IC ERP,NST-PER-2830,IC,person2835@northstar-clinical.example.com,CC-1035,MX
NST-PER-2836,Northstar IC 2836,IC Quality,NST-PER-2831,IC,person2836@northstar-clinical.example.com,CC-1036,CN
NST-PER-2837,Northstar IC 2837,IC Manufacturing,NST-PER-2832,IC,person2837@northstar-clinical.example.com,CC-1037,JP
NST-PER-2838,Northstar IC 2838,IC HIS,NST-PER-2833,IC,person2838@northstar-clinical.example.com,CC-1038,SG
NST-PER-2839,Northstar IC 2839,IC Product,NST-PER-2834,IC,person2839@northstar-clinical.example.com,CC-1039,BR
NST-PER-2840,Northstar IC 2840,IC Security,NST-PER-2835,IC,person2840@northstar-clinical.example.com,CC-1040,FR
NST-PER-2841,Northstar IC 2841,IC Finance,NST-PER-2836,IC,person2841@northstar-clinical.example.com,CC-1041,GB
NST-PER-2842,Northstar IC 2842,IC ERP,NST-PER-2837,IC,person2842@northstar-clinical.example.com,CC-1042,IN
NST-PER-2843,Northstar IC 2843,IC Quality,NST-PER-2838,IC,person2843@northstar-clinical.example.com,CC-1043,CA
NST-PER-2844,Northstar IC 2844,IC Manufacturing,NST-PER-2839,IC,person2844@northstar-clinical.example.com,CC-1044,US
NST-PER-2845,Northstar IC 2845,IC HIS,NST-PER-2840,IC,person2845@northstar-clinical.example.com,CC-1045,DE
NST-PER-2846,Northstar IC 2846,IC Product,NST-PER-2841,IC,person2846@northstar-clinical.example.com,CC-1046,IE
NST-PER-2847,Northstar IC 2847,IC Security,NST-PER-2842,IC,person2847@northstar-clinical.example.com,CC-1047,MX
NST-PER-2848,Northstar IC 2848,IC Finance,NST-PER-2843,IC,person2848@northstar-clinical.example.com,CC-1048,CN
NST-PER-2849,Northstar IC 2849,IC ERP,NST-PER-2844,IC,person2849@northstar-clinical.example.com,CC-1049,JP
NST-PER-2850,Northstar IC 2850,IC Quality,NST-PER-2845,IC,person2850@northstar-clinical.example.com,CC-1050,SG
NST-PER-2851,Northstar IC 2851,IC Manufacturing,NST-PER-2846,IC,person2851@northstar-clinical.example.com,CC-1051,BR
NST-PER-2852,Northstar IC 2852,IC HIS,NST-PER-2847,IC,person2852@northstar-clinical.example.com,CC-1052,FR
NST-PER-2853,Northstar IC 2853,IC Product,NST-PER-2848,IC,person2853@northstar-clinical.example.com,CC-1053,GB
NST-PER-2854,Northstar IC 2854,IC Security,NST-PER-2849,IC,person2854@northstar-clinical.example.com,CC-1054,IN
NST-PER-2855,Northstar IC 2855,IC Finance,NST-PER-2850,IC,person2855@northstar-clinical.example.com,CC-1055,CA
NST-PER-2856,Northstar IC 2856,IC ERP,NST-PER-2851,IC,person2856@northstar-clinical.example.com,CC-1056,US
NST-PER-2857,Northstar IC 2857,IC Quality,NST-PER-2852,IC,person2857@northstar-clinical.example.com,CC-1057,DE
NST-PER-2858,Northstar IC 2858,IC Manufacturing,NST-PER-2853,IC,person2858@northstar-clinical.example.com,CC-1058,IE
NST-PER-2859,Northstar IC 2859,IC HIS,NST-PER-2854,IC,person2859@northstar-clinical.example.com,CC-1059,MX
NST-PER-2860,Northstar IC 2860,IC Product,NST-PER-2855,IC,person2860@northstar-clinical.example.com,CC-1060,CN
NST-PER-2861,Northstar IC 2861,IC Security,NST-PER-2856,IC,person2861@northstar-clinical.example.com,CC-1061,JP
NST-PER-2862,Northstar IC 2862,IC Finance,NST-PER-2857,IC,person2862@northstar-clinical.example.com,CC-1062,SG
NST-PER-2863,Northstar IC 2863,IC ERP,NST-PER-2858,IC,person2863@northstar-clinical.example.com,CC-1063,BR
NST-PER-2864,Northstar IC 2864,IC Quality,NST-PER-2859,IC,person2864@northstar-clinical.example.com,CC-1064,FR
NST-PER-2865,Northstar IC 2865,IC Manufacturing,NST-PER-2860,IC,person2865@northstar-clinical.example.com,CC-1065,GB
NST-PER-2866,Northstar IC 2866,IC HIS,NST-PER-2861,IC,person2866@northstar-clinical.example.com,CC-1066,IN
NST-PER-2867,Northstar IC 2867,IC Product,NST-PER-2862,IC,person2867@northstar-clinical.example.com,CC-1067,CA
NST-PER-2868,Northstar IC 2868,IC Security,NST-PER-2863,IC,person2868@northstar-clinical.example.com,CC-1068,US
NST-PER-2869,Northstar IC 2869,IC Finance,NST-PER-2864,IC,person2869@northstar-clinical.example.com,CC-1069,DE
NST-PER-2870,Northstar IC 2870,IC ERP,NST-PER-2865,IC,person2870@northstar-clinical.example.com,CC-1070,IE
NST-PER-2871,Northstar IC 2871,IC Quality,NST-PER-2866,IC,person2871@northstar-clinical.example.com,CC-1071,MX
NST-PER-2872,Northstar IC 2872,IC Manufacturing,NST-PER-2867,IC,person2872@northstar-clinical.example.com,CC-1072,CN
NST-PER-2873,Northstar IC 2873,IC HIS,NST-PER-2868,IC,person2873@northstar-clinical.example.com,CC-1073,JP
NST-PER-2874,Northstar IC 2874,IC Product,NST-PER-2869,IC,person2874@northstar-clinical.example.com,CC-1074,SG
NST-PER-2875,Northstar IC 2875,IC Security,NST-PER-2870,IC,person2875@northstar-clinical.example.com,CC-1075,BR
NST-PER-2876,Northstar IC 2876,IC Finance,NST-PER-2871,IC,person2876@northstar-clinical.example.com,CC-1076,FR
NST-PER-2877,Northstar IC 2877,IC ERP,NST-PER-2872,IC,person2877@northstar-clinical.example.com,CC-1077,GB
NST-PER-2878,Northstar IC 2878,IC Quality,NST-PER-2873,IC,person2878@northstar-clinical.example.com,CC-1078,IN
NST-PER-2879,Northstar IC 2879,IC Manufacturing,NST-PER-2874,IC,person2879@northstar-clinical.example.com,CC-1079,CA
NST-PER-2880,Northstar IC 2880,IC HIS,NST-PER-2875,IC,person2880@northstar-clinical.example.com,CC-1080,US
NST-PER-2881,Northstar IC 2881,IC Product,NST-PER-2876,IC,person2881@northstar-clinical.example.com,CC-1081,DE
NST-PER-2882,Northstar IC 2882,IC Security,NST-PER-2877,IC,person2882@northstar-clinical.example.com,CC-1082,IE
NST-PER-2883,Northstar IC 2883,IC Finance,NST-PER-2878,IC,person2883@northstar-clinical.example.com,CC-1083,MX
NST-PER-2884,Northstar IC 2884,IC ERP,NST-PER-2879,IC,person2884@northstar-clinical.example.com,CC-1084,CN
NST-PER-2885,Northstar IC 2885,IC Quality,NST-PER-2880,IC,person2885@northstar-clinical.example.com,CC-1085,JP
NST-PER-2886,Northstar IC 2886,IC Manufacturing,NST-PER-2881,IC,person2886@northstar-clinical.example.com,CC-1086,SG
NST-PER-2887,Northstar IC 2887,IC HIS,NST-PER-2882,IC,person2887@northstar-clinical.example.com,CC-1087,BR
NST-PER-2888,Northstar IC 2888,IC Product,NST-PER-2883,IC,person2888@northstar-clinical.example.com,CC-1088,FR
NST-PER-2889,Northstar IC 2889,IC Security,NST-PER-2884,IC,person2889@northstar-clinical.example.com,CC-1089,GB
NST-PER-2890,Northstar IC 2890,IC Finance,NST-PER-2885,IC,person2890@northstar-clinical.example.com,CC-1090,IN
NST-PER-2891,Northstar IC 2891,IC ERP,NST-PER-2886,IC,person2891@northstar-clinical.example.com,CC-1091,CA
NST-PER-2892,Northstar IC 2892,IC Quality,NST-PER-2887,IC,person2892@northstar-clinical.example.com,CC-1092,US
NST-PER-2893,Northstar IC 2893,IC Manufacturing,NST-PER-2888,IC,person2893@northstar-clinical.example.com,CC-1093,DE
NST-PER-2894,Northstar IC 2894,IC HIS,NST-PER-2889,IC,person2894@northstar-clinical.example.com,CC-1094,IE
NST-PER-2895,Northstar IC 2895,IC Product,NST-PER-2890,IC,person2895@northstar-clinical.example.com,CC-1095,MX
NST-PER-2896,Northstar IC 2896,IC Security,NST-PER-2891,IC,person2896@northstar-clinical.example.com,CC-1096,CN
NST-PER-2897,Northstar IC 2897,IC Finance,NST-PER-2892,IC,person2897@northstar-clinical.example.com,CC-1097,JP
NST-PER-2898,Northstar IC 2898,IC ERP,NST-PER-2893,IC,person2898@northstar-clinical.example.com,CC-1098,SG
NST-PER-2899,Northstar IC 2899,IC Quality,NST-PER-2894,IC,person2899@northstar-clinical.example.com,CC-1099,BR
NST-PER-2900,Northstar IC 2900,IC Manufacturing,NST-PER-2895,IC,person2900@northstar-clinical.example.com,CC-1100,FR
NST-PER-2901,Northstar IC 2901,IC HIS,NST-PER-2896,IC,person2901@northstar-clinical.example.com,CC-1101,GB
NST-PER-2902,Northstar IC 2902,IC Product,NST-PER-2897,IC,person2902@northstar-clinical.example.com,CC-1102,IN
NST-PER-2903,Northstar IC 2903,IC Security,NST-PER-2898,IC,person2903@northstar-clinical.example.com,CC-1103,CA
NST-PER-2904,Northstar IC 2904,IC Finance,NST-PER-2899,IC,person2904@northstar-clinical.example.com,CC-1104,US
NST-PER-2905,Northstar IC 2905,IC ERP,NST-PER-2900,IC,person2905@northstar-clinical.example.com,CC-1105,DE
NST-PER-2906,Northstar IC 2906,IC Quality,NST-PER-2901,IC,person2906@northstar-clinical.example.com,CC-1106,IE
NST-PER-2907,Northstar IC 2907,IC Manufacturing,NST-PER-2902,IC,person2907@northstar-clinical.example.com,CC-1107,MX
NST-PER-2908,Northstar IC 2908,IC HIS,NST-PER-2903,IC,person2908@northstar-clinical.example.com,CC-1108,CN
NST-PER-2909,Northstar IC 2909,IC Product,NST-PER-2904,IC,person2909@northstar-clinical.example.com,CC-1109,JP
NST-PER-2910,Northstar IC 2910,IC Security,NST-PER-2905,IC,person2910@northstar-clinical.example.com,CC-1110,SG
NST-PER-2911,Northstar IC 2911,IC Finance,NST-PER-2906,IC,person2911@northstar-clinical.example.com,CC-1111,BR
NST-PER-2912,Northstar IC 2912,IC ERP,NST-PER-2907,IC,person2912@northstar-clinical.example.com,CC-1112,FR
NST-PER-2913,Northstar IC 2913,IC Quality,NST-PER-2908,IC,person2913@northstar-clinical.example.com,CC-1113,GB
NST-PER-2914,Northstar IC 2914,IC Manufacturing,NST-PER-2909,IC,person2914@northstar-clinical.example.com,CC-1114,IN
NST-PER-2915,Northstar IC 2915,IC HIS,NST-PER-2910,IC,person2915@northstar-clinical.example.com,CC-1115,CA
NST-PER-2916,Northstar IC 2916,IC Product,NST-PER-2911,IC,person2916@northstar-clinical.example.com,CC-1116,US
NST-PER-2917,Northstar IC 2917,IC Security,NST-PER-2912,IC,person2917@northstar-clinical.example.com,CC-1117,DE
NST-PER-2918,Northstar IC 2918,IC Finance,NST-PER-2913,IC,person2918@northstar-clinical.example.com,CC-1118,IE
NST-PER-2919,Northstar IC 2919,IC ERP,NST-PER-2914,IC,person2919@northstar-clinical.example.com,CC-1119,MX
NST-PER-2920,Northstar IC 2920,IC Quality,NST-PER-2915,IC,person2920@northstar-clinical.example.com,CC-1120,CN
NST-PER-2921,Northstar IC 2921,IC Manufacturing,NST-PER-2916,IC,person2921@northstar-clinical.example.com,CC-1121,JP
NST-PER-2922,Northstar IC 2922,IC HIS,NST-PER-2917,IC,person2922@northstar-clinical.example.com,CC-1122,SG
NST-PER-2923,Northstar IC 2923,IC Product,NST-PER-2918,IC,person2923@northstar-clinical.example.com,CC-1123,BR
NST-PER-2924,Northstar IC 2924,IC Security,NST-PER-2919,IC,person2924@northstar-clinical.example.com,CC-1124,FR
NST-PER-2925,Northstar IC 2925,IC Finance,NST-PER-2920,IC,person2925@northstar-clinical.example.com,CC-1125,GB
NST-PER-2926,Northstar IC 2926,IC ERP,NST-PER-2921,IC,person2926@northstar-clinical.example.com,CC-1126,IN
NST-PER-2927,Northstar IC 2927,IC Quality,NST-PER-2922,IC,person2927@northstar-clinical.example.com,CC-1127,CA
NST-PER-2928,Northstar IC 2928,IC Manufacturing,NST-PER-2923,IC,person2928@northstar-clinical.example.com,CC-1128,US
NST-PER-2929,Northstar IC 2929,IC HIS,NST-PER-2924,IC,person2929@northstar-clinical.example.com,CC-1129,DE
NST-PER-2930,Northstar IC 2930,IC Product,NST-PER-2925,IC,person2930@northstar-clinical.example.com,CC-1130,IE
NST-PER-2931,Northstar IC 2931,IC Security,NST-PER-2926,IC,person2931@northstar-clinical.example.com,CC-1131,MX
NST-PER-2932,Northstar IC 2932,IC Finance,NST-PER-2927,IC,person2932@northstar-clinical.example.com,CC-1132,CN
NST-PER-2933,Northstar IC 2933,IC ERP,NST-PER-2928,IC,person2933@northstar-clinical.example.com,CC-1133,JP
NST-PER-2934,Northstar IC 2934,IC Quality,NST-PER-2929,IC,person2934@northstar-clinical.example.com,CC-1134,SG
NST-PER-2935,Northstar IC 2935,IC Manufacturing,NST-PER-2930,IC,person2935@northstar-clinical.example.com,CC-1135,BR
NST-PER-2936,Northstar IC 2936,IC HIS,NST-PER-2931,IC,person2936@northstar-clinical.example.com,CC-1136,FR
NST-PER-2937,Northstar IC 2937,IC Product,NST-PER-2932,IC,person2937@northstar-clinical.example.com,CC-1137,GB
NST-PER-2938,Northstar IC 2938,IC Security,NST-PER-2933,IC,person2938@northstar-clinical.example.com,CC-1138,IN
NST-PER-2939,Northstar IC 2939,IC Finance,NST-PER-2934,IC,person2939@northstar-clinical.example.com,CC-1139,CA
NST-PER-2940,Northstar IC 2940,IC ERP,NST-PER-2935,IC,person2940@northstar-clinical.example.com,CC-1140,US
NST-PER-2941,Northstar IC 2941,IC Quality,NST-PER-2936,IC,person2941@northstar-clinical.example.com,CC-1141,DE
NST-PER-2942,Northstar IC 2942,IC Manufacturing,NST-PER-2937,IC,person2942@northstar-clinical.example.com,CC-1142,IE
NST-PER-2943,Northstar IC 2943,IC HIS,NST-PER-2938,IC,person2943@northstar-clinical.example.com,CC-1143,MX
NST-PER-2944,Northstar IC 2944,IC Product,NST-PER-2939,IC,person2944@northstar-clinical.example.com,CC-1144,CN
NST-PER-2945,Northstar IC 2945,IC Security,NST-PER-2940,IC,person2945@northstar-clinical.example.com,CC-1145,JP
NST-PER-2946,Northstar IC 2946,IC Finance,NST-PER-2941,IC,person2946@northstar-clinical.example.com,CC-1146,SG
NST-PER-2947,Northstar IC 2947,IC ERP,NST-PER-2942,IC,person2947@northstar-clinical.example.com,CC-1147,BR
NST-PER-2948,Northstar IC 2948,IC Quality,NST-PER-2943,IC,person2948@northstar-clinical.example.com,CC-1148,FR
NST-PER-2949,Northstar IC 2949,IC Manufacturing,NST-PER-2944,IC,person2949@northstar-clinical.example.com,CC-1149,GB
NST-PER-2950,Northstar IC 2950,IC HIS,NST-PER-2945,IC,person2950@northstar-clinical.example.com,CC-1150,IN
NST-PER-2951,Northstar IC 2951,IC Product,NST-PER-2946,IC,person2951@northstar-clinical.example.com,CC-1151,CA
NST-PER-2952,Northstar IC 2952,IC Security,NST-PER-2947,IC,person2952@northstar-clinical.example.com,CC-1152,US
NST-PER-2953,Northstar IC 2953,IC Finance,NST-PER-2948,IC,person2953@northstar-clinical.example.com,CC-1153,DE
NST-PER-2954,Northstar IC 2954,IC ERP,NST-PER-2949,IC,person2954@northstar-clinical.example.com,CC-1154,IE
NST-PER-2955,Northstar IC 2955,IC Quality,NST-PER-2950,IC,person2955@northstar-clinical.example.com,CC-1155,MX
NST-PER-2956,Northstar IC 2956,IC Manufacturing,NST-PER-2951,IC,person2956@northstar-clinical.example.com,CC-1156,CN
NST-PER-2957,Northstar IC 2957,IC HIS,NST-PER-2952,IC,person2957@northstar-clinical.example.com,CC-1157,JP
NST-PER-2958,Northstar IC 2958,IC Product,NST-PER-2953,IC,person2958@northstar-clinical.example.com,CC-1158,SG
NST-PER-2959,Northstar IC 2959,IC Security,NST-PER-2954,IC,person2959@northstar-clinical.example.com,CC-1159,BR
NST-PER-2960,Northstar IC 2960,IC Finance,NST-PER-2955,IC,person2960@northstar-clinical.example.com,CC-1160,FR
NST-PER-2961,Northstar IC 2961,IC ERP,NST-PER-2956,IC,person2961@northstar-clinical.example.com,CC-1161,GB
NST-PER-2962,Northstar IC 2962,IC Quality,NST-PER-2957,IC,person2962@northstar-clinical.example.com,CC-1162,IN
NST-PER-2963,Northstar IC 2963,IC Manufacturing,NST-PER-2958,IC,person2963@northstar-clinical.example.com,CC-1163,CA
NST-PER-2964,Northstar IC 2964,IC HIS,NST-PER-2959,IC,person2964@northstar-clinical.example.com,CC-1164,US
NST-PER-2965,Northstar IC 2965,IC Product,NST-PER-2960,IC,person2965@northstar-clinical.example.com,CC-1165,DE
NST-PER-2966,Northstar IC 2966,IC Security,NST-PER-2961,IC,person2966@northstar-clinical.example.com,CC-1166,IE
NST-PER-2967,Northstar IC 2967,IC Finance,NST-PER-2962,IC,person2967@northstar-clinical.example.com,CC-1167,MX
NST-PER-2968,Northstar IC 2968,IC ERP,NST-PER-2963,IC,person2968@northstar-clinical.example.com,CC-1168,CN
NST-PER-2969,Northstar IC 2969,IC Quality,NST-PER-2964,IC,person2969@northstar-clinical.example.com,CC-1169,JP
NST-PER-2970,Northstar IC 2970,IC Manufacturing,NST-PER-2965,IC,person2970@northstar-clinical.example.com,CC-1170,SG
NST-PER-2971,Northstar IC 2971,IC HIS,NST-PER-2966,IC,person2971@northstar-clinical.example.com,CC-1171,BR
NST-PER-2972,Northstar IC 2972,IC Product,NST-PER-2967,IC,person2972@northstar-clinical.example.com,CC-1172,FR
NST-PER-2973,Northstar IC 2973,IC Security,NST-PER-2968,IC,person2973@northstar-clinical.example.com,CC-1173,GB
NST-PER-2974,Northstar IC 2974,IC Finance,NST-PER-2969,IC,person2974@northstar-clinical.example.com,CC-1174,IN
NST-PER-2975,Northstar IC 2975,IC ERP,NST-PER-2970,IC,person2975@northstar-clinical.example.com,CC-1175,CA
NST-PER-2976,Northstar IC 2976,IC Quality,NST-PER-2971,IC,person2976@northstar-clinical.example.com,CC-1176,US
NST-PER-2977,Northstar IC 2977,IC Manufacturing,NST-PER-2972,IC,person2977@northstar-clinical.example.com,CC-1177,DE
NST-PER-2978,Northstar IC 2978,IC HIS,NST-PER-2973,IC,person2978@northstar-clinical.example.com,CC-1178,IE
NST-PER-2979,Northstar IC 2979,IC Product,NST-PER-2974,IC,person2979@northstar-clinical.example.com,CC-1179,MX
NST-PER-2980,Northstar IC 2980,IC Security,NST-PER-2975,IC,person2980@northstar-clinical.example.com,CC-1180,CN
NST-PER-2981,Northstar IC 2981,IC Finance,NST-PER-2976,IC,person2981@northstar-clinical.example.com,CC-1181,JP
NST-PER-2982,Northstar IC 2982,IC ERP,NST-PER-2977,IC,person2982@northstar-clinical.example.com,CC-1182,SG
NST-PER-2983,Northstar IC 2983,IC Quality,NST-PER-2978,IC,person2983@northstar-clinical.example.com,CC-1183,BR
NST-PER-2984,Northstar IC 2984,IC Manufacturing,NST-PER-2979,IC,person2984@northstar-clinical.example.com,CC-1184,FR
NST-PER-2985,Northstar IC 2985,IC HIS,NST-PER-2980,IC,person2985@northstar-clinical.example.com,CC-1185,GB
NST-PER-2986,Northstar IC 2986,IC Product,NST-PER-2981,IC,person2986@northstar-clinical.example.com,CC-1186,IN
NST-PER-2987,Northstar IC 2987,IC Security,NST-PER-2982,IC,person2987@northstar-clinical.example.com,CC-1187,CA
NST-PER-2988,Northstar IC 2988,IC Finance,NST-PER-2983,IC,person2988@northstar-clinical.example.com,CC-1188,US
NST-PER-2989,Northstar IC 2989,IC ERP,NST-PER-2984,IC,person2989@northstar-clinical.example.com,CC-1189,DE
NST-PER-2990,Northstar IC 2990,IC Quality,NST-PER-2985,IC,person2990@northstar-clinical.example.com,CC-1190,IE
NST-PER-2991,Northstar IC 2991,IC Manufacturing,NST-PER-2986,IC,person2991@northstar-clinical.example.com,CC-1191,MX
NST-PER-2992,Northstar IC 2992,IC HIS,NST-PER-2987,IC,person2992@northstar-clinical.example.com,CC-1192,CN
NST-PER-2993,Northstar IC 2993,IC Product,NST-PER-2988,IC,person2993@northstar-clinical.example.com,CC-1193,JP
NST-PER-2994,Northstar IC 2994,IC Security,NST-PER-2989,IC,person2994@northstar-clinical.example.com,CC-1194,SG
NST-PER-2995,Northstar IC 2995,IC Finance,NST-PER-2990,IC,person2995@northstar-clinical.example.com,CC-1195,BR
NST-PER-2996,Northstar IC 2996,IC ERP,NST-PER-2991,IC,person2996@northstar-clinical.example.com,CC-1196,FR
NST-PER-2997,Northstar IC 2997,IC Quality,NST-PER-2992,IC,person2997@northstar-clinical.example.com,CC-1197,GB
NST-PER-2998,Northstar IC 2998,IC Manufacturing,NST-PER-2993,IC,person2998@northstar-clinical.example.com,CC-1198,IN
NST-PER-2999,Northstar IC 2999,IC HIS,NST-PER-2994,IC,person2999@northstar-clinical.example.com,CC-1199,CA
NST-PER-3000,Northstar IC 3000,IC Product,NST-PER-2995,IC,person3000@northstar-clinical.example.com,CC-1200,US
NST-PER-3001,Northstar IC 3001,IC Security,NST-PER-2996,IC,person3001@northstar-clinical.example.com,CC-1201,DE
NST-PER-3002,Northstar IC 3002,IC Finance,NST-PER-2997,IC,person3002@northstar-clinical.example.com,CC-1202,IE
NST-PER-3003,Northstar IC 3003,IC ERP,NST-PER-2998,IC,person3003@northstar-clinical.example.com,CC-1203,MX
NST-PER-3004,Northstar IC 3004,IC Quality,NST-PER-2999,IC,person3004@northstar-clinical.example.com,CC-1204,CN
NST-PER-3005,Northstar IC 3005,IC Manufacturing,NST-PER-3000,IC,person3005@northstar-clinical.example.com,CC-1205,JP
NST-PER-3006,Northstar IC 3006,IC HIS,NST-PER-3001,IC,person3006@northstar-clinical.example.com,CC-1206,SG
NST-PER-3007,Northstar IC 3007,IC Product,NST-PER-3002,IC,person3007@northstar-clinical.example.com,CC-1207,BR
NST-PER-3008,Northstar IC 3008,IC Security,NST-PER-3003,IC,person3008@northstar-clinical.example.com,CC-1208,FR
NST-PER-3009,Northstar IC 3009,IC Finance,NST-PER-3004,IC,person3009@northstar-clinical.example.com,CC-1209,GB
NST-PER-3010,Northstar IC 3010,IC ERP,NST-PER-3005,IC,person3010@northstar-clinical.example.com,CC-1210,IN
NST-PER-3011,Northstar IC 3011,IC Quality,NST-PER-3006,IC,person3011@northstar-clinical.example.com,CC-1211,CA
NST-PER-3012,Northstar IC 3012,IC Manufacturing,NST-PER-3007,IC,person3012@northstar-clinical.example.com,CC-1212,US
NST-PER-3013,Northstar IC 3013,IC HIS,NST-PER-3008,IC,person3013@northstar-clinical.example.com,CC-1213,DE
NST-PER-3014,Northstar IC 3014,IC Product,NST-PER-3009,IC,person3014@northstar-clinical.example.com,CC-1214,IE
NST-PER-3015,Northstar IC 3015,IC Security,NST-PER-3010,IC,person3015@northstar-clinical.example.com,CC-1215,MX
NST-PER-3016,Northstar IC 3016,IC Finance,NST-PER-3011,IC,person3016@northstar-clinical.example.com,CC-1216,CN
NST-PER-3017,Northstar IC 3017,IC ERP,NST-PER-3012,IC,person3017@northstar-clinical.example.com,CC-1217,JP
NST-PER-3018,Northstar IC 3018,IC Quality,NST-PER-3013,IC,person3018@northstar-clinical.example.com,CC-1218,SG
NST-PER-3019,Northstar IC 3019,IC Manufacturing,NST-PER-3014,IC,person3019@northstar-clinical.example.com,CC-1219,BR
NST-PER-3020,Northstar IC 3020,IC HIS,NST-PER-3015,IC,person3020@northstar-clinical.example.com,CC-1220,FR
NST-PER-3021,Northstar IC 3021,IC Product,NST-PER-3016,IC,person3021@northstar-clinical.example.com,CC-1221,GB
NST-PER-3022,Northstar IC 3022,IC Security,NST-PER-3017,IC,person3022@northstar-clinical.example.com,CC-1222,IN
NST-PER-3023,Northstar IC 3023,IC Finance,NST-PER-3018,IC,person3023@northstar-clinical.example.com,CC-1223,CA
NST-PER-3024,Northstar IC 3024,IC ERP,NST-PER-3019,IC,person3024@northstar-clinical.example.com,CC-1224,US
NST-PER-3025,Northstar IC 3025,IC Quality,NST-PER-3020,IC,person3025@northstar-clinical.example.com,CC-1225,DE
NST-PER-3026,Northstar IC 3026,IC Manufacturing,NST-PER-3021,IC,person3026@northstar-clinical.example.com,CC-1226,IE
NST-PER-3027,Northstar IC 3027,IC HIS,NST-PER-3022,IC,person3027@northstar-clinical.example.com,CC-1227,MX
NST-PER-3028,Northstar IC 3028,IC Product,NST-PER-3023,IC,person3028@northstar-clinical.example.com,CC-1228,CN
NST-PER-3029,Northstar IC 3029,IC Security,NST-PER-3024,IC,person3029@northstar-clinical.example.com,CC-1229,JP
NST-PER-3030,Northstar IC 3030,IC Finance,NST-PER-3025,IC,person3030@northstar-clinical.example.com,CC-1230,SG
NST-PER-3031,Northstar IC 3031,IC ERP,NST-PER-3026,IC,person3031@northstar-clinical.example.com,CC-1231,BR
NST-PER-3032,Northstar IC 3032,IC Quality,NST-PER-3027,IC,person3032@northstar-clinical.example.com,CC-1232,FR
NST-PER-3033,Northstar IC 3033,IC Manufacturing,NST-PER-3028,IC,person3033@northstar-clinical.example.com,CC-1233,GB
NST-PER-3034,Northstar IC 3034,IC HIS,NST-PER-3029,IC,person3034@northstar-clinical.example.com,CC-1234,IN
NST-PER-3035,Northstar IC 3035,IC Product,NST-PER-3030,IC,person3035@northstar-clinical.example.com,CC-1235,CA
NST-PER-3036,Northstar IC 3036,IC Security,NST-PER-3031,IC,person3036@northstar-clinical.example.com,CC-1236,US
NST-PER-3037,Northstar IC 3037,IC Finance,NST-PER-3032,IC,person3037@northstar-clinical.example.com,CC-1237,DE
NST-PER-3038,Northstar IC 3038,IC ERP,NST-PER-3033,IC,person3038@northstar-clinical.example.com,CC-1238,IE
NST-PER-3039,Northstar IC 3039,IC Quality,NST-PER-3034,IC,person3039@northstar-clinical.example.com,CC-1239,MX
NST-PER-3040,Northstar IC 3040,IC Manufacturing,NST-PER-3035,IC,person3040@northstar-clinical.example.com,CC-1240,CN
NST-PER-3041,Northstar IC 3041,IC HIS,NST-PER-3036,IC,person3041@northstar-clinical.example.com,CC-1241,JP
NST-PER-3042,Northstar IC 3042,IC Product,NST-PER-3037,IC,person3042@northstar-clinical.example.com,CC-1242,SG
NST-PER-3043,Northstar IC 3043,IC Security,NST-PER-3038,IC,person3043@northstar-clinical.example.com,CC-1243,BR
NST-PER-3044,Northstar IC 3044,IC Finance,NST-PER-3039,IC,person3044@northstar-clinical.example.com,CC-1244,FR
NST-PER-3045,Northstar IC 3045,IC ERP,NST-PER-3040,IC,person3045@northstar-clinical.example.com,CC-1245,GB
NST-PER-3046,Northstar IC 3046,IC Quality,NST-PER-3041,IC,person3046@northstar-clinical.example.com,CC-1246,IN
NST-PER-3047,Northstar IC 3047,IC Manufacturing,NST-PER-3042,IC,person3047@northstar-clinical.example.com,CC-1247,CA
NST-PER-3048,Northstar IC 3048,IC HIS,NST-PER-3043,IC,person3048@northstar-clinical.example.com,CC-1248,US
NST-PER-3049,Northstar IC 3049,IC Product,NST-PER-3044,IC,person3049@northstar-clinical.example.com,CC-1249,DE
NST-PER-3050,Northstar IC 3050,IC Security,NST-PER-3045,IC,person3050@northstar-clinical.example.com,CC-1250,IE
NST-PER-3051,Northstar IC 3051,IC Finance,NST-PER-3046,IC,person3051@northstar-clinical.example.com,CC-1251,MX
NST-PER-3052,Northstar IC 3052,IC ERP,NST-PER-3047,IC,person3052@northstar-clinical.example.com,CC-1252,CN
NST-PER-3053,Northstar IC 3053,IC Quality,NST-PER-3048,IC,person3053@northstar-clinical.example.com,CC-1253,JP
NST-PER-3054,Northstar IC 3054,IC Manufacturing,NST-PER-3049,IC,person3054@northstar-clinical.example.com,CC-1254,SG
NST-PER-3055,Northstar IC 3055,IC HIS,NST-PER-3050,IC,person3055@northstar-clinical.example.com,CC-1255,BR
NST-PER-3056,Northstar IC 3056,IC Product,NST-PER-3051,IC,person3056@northstar-clinical.example.com,CC-1256,FR
NST-PER-3057,Northstar IC 3057,IC Security,NST-PER-3052,IC,person3057@northstar-clinical.example.com,CC-1257,GB
NST-PER-3058,Northstar IC 3058,IC Finance,NST-PER-3053,IC,person3058@northstar-clinical.example.com,CC-1258,IN
NST-PER-3059,Northstar IC 3059,IC ERP,NST-PER-3054,IC,person3059@northstar-clinical.example.com,CC-1259,CA
NST-PER-3060,Northstar IC 3060,IC Quality,NST-PER-3055,IC,person3060@northstar-clinical.example.com,CC-1260,US
NST-PER-3061,Northstar IC 3061,IC Manufacturing,NST-PER-3056,IC,person3061@northstar-clinical.example.com,CC-1261,DE
NST-PER-3062,Northstar IC 3062,IC HIS,NST-PER-3057,IC,person3062@northstar-clinical.example.com,CC-1262,IE
NST-PER-3063,Northstar IC 3063,IC Product,NST-PER-3058,IC,person3063@northstar-clinical.example.com,CC-1263,MX
NST-PER-3064,Northstar IC 3064,IC Security,NST-PER-3059,IC,person3064@northstar-clinical.example.com,CC-1264,CN
NST-PER-3065,Northstar IC 3065,IC Finance,NST-PER-3060,IC,person3065@northstar-clinical.example.com,CC-1265,JP
NST-PER-3066,Northstar IC 3066,IC ERP,NST-PER-3061,IC,person3066@northstar-clinical.example.com,CC-1266,SG
NST-PER-3067,Northstar IC 3067,IC Quality,NST-PER-3062,IC,person3067@northstar-clinical.example.com,CC-1267,BR
NST-PER-3068,Northstar IC 3068,IC Manufacturing,NST-PER-3063,IC,person3068@northstar-clinical.example.com,CC-1268,FR
NST-PER-3069,Northstar IC 3069,IC HIS,NST-PER-3064,IC,person3069@northstar-clinical.example.com,CC-1269,GB
NST-PER-3070,Northstar IC 3070,IC Product,NST-PER-3065,IC,person3070@northstar-clinical.example.com,CC-1270,IN
NST-PER-3071,Northstar IC 3071,IC Security,NST-PER-3066,IC,person3071@northstar-clinical.example.com,CC-1271,CA
NST-PER-3072,Northstar IC 3072,IC Finance,NST-PER-3067,IC,person3072@northstar-clinical.example.com,CC-1272,US
NST-PER-3073,Northstar IC 3073,IC ERP,NST-PER-3068,IC,person3073@northstar-clinical.example.com,CC-1273,DE
NST-PER-3074,Northstar IC 3074,IC Quality,NST-PER-3069,IC,person3074@northstar-clinical.example.com,CC-1274,IE
NST-PER-3075,Northstar IC 3075,IC Manufacturing,NST-PER-3070,IC,person3075@northstar-clinical.example.com,CC-1275,MX
NST-PER-3076,Northstar IC 3076,IC HIS,NST-PER-3071,IC,person3076@northstar-clinical.example.com,CC-1276,CN
NST-PER-3077,Northstar IC 3077,IC Product,NST-PER-3072,IC,person3077@northstar-clinical.example.com,CC-1277,JP
NST-PER-3078,Northstar IC 3078,IC Security,NST-PER-3073,IC,person3078@northstar-clinical.example.com,CC-1278,SG
NST-PER-3079,Northstar IC 3079,IC Finance,NST-PER-3074,IC,person3079@northstar-clinical.example.com,CC-1279,BR
NST-PER-3080,Northstar IC 3080,IC ERP,NST-PER-3075,IC,person3080@northstar-clinical.example.com,CC-1000,FR
NST-PER-3081,Northstar IC 3081,IC Quality,NST-PER-3076,IC,person3081@northstar-clinical.example.com,CC-1001,GB
NST-PER-3082,Northstar IC 3082,IC Manufacturing,NST-PER-3077,IC,person3082@northstar-clinical.example.com,CC-1002,IN
NST-PER-3083,Northstar IC 3083,IC HIS,NST-PER-3078,IC,person3083@northstar-clinical.example.com,CC-1003,CA
NST-PER-3084,Northstar IC 3084,IC Product,NST-PER-3079,IC,person3084@northstar-clinical.example.com,CC-1004,US
NST-PER-3085,Northstar IC 3085,IC Security,NST-PER-3080,IC,person3085@northstar-clinical.example.com,CC-1005,DE
NST-PER-3086,Northstar IC 3086,IC Finance,NST-PER-3081,IC,person3086@northstar-clinical.example.com,CC-1006,IE
NST-PER-3087,Northstar IC 3087,IC ERP,NST-PER-3082,IC,person3087@northstar-clinical.example.com,CC-1007,MX
NST-PER-3088,Northstar IC 3088,IC Quality,NST-PER-3083,IC,person3088@northstar-clinical.example.com,CC-1008,CN
NST-PER-3089,Northstar IC 3089,IC Manufacturing,NST-PER-3084,IC,person3089@northstar-clinical.example.com,CC-1009,JP
NST-PER-3090,Northstar IC 3090,IC HIS,NST-PER-3085,IC,person3090@northstar-clinical.example.com,CC-1010,SG
NST-PER-3091,Northstar IC 3091,IC Product,NST-PER-3086,IC,person3091@northstar-clinical.example.com,CC-1011,BR
NST-PER-3092,Northstar IC 3092,IC Security,NST-PER-3087,IC,person3092@northstar-clinical.example.com,CC-1012,FR
NST-PER-3093,Northstar IC 3093,IC Finance,NST-PER-3088,IC,person3093@northstar-clinical.example.com,CC-1013,GB
NST-PER-3094,Northstar IC 3094,IC ERP,NST-PER-3089,IC,person3094@northstar-clinical.example.com,CC-1014,IN
NST-PER-3095,Northstar IC 3095,IC Quality,NST-PER-3090,IC,person3095@northstar-clinical.example.com,CC-1015,CA
NST-PER-3096,Northstar IC 3096,IC Manufacturing,NST-PER-3091,IC,person3096@northstar-clinical.example.com,CC-1016,US
NST-PER-3097,Northstar IC 3097,IC HIS,NST-PER-3092,IC,person3097@northstar-clinical.example.com,CC-1017,DE
NST-PER-3098,Northstar IC 3098,IC Product,NST-PER-3093,IC,person3098@northstar-clinical.example.com,CC-1018,IE
NST-PER-3099,Northstar IC 3099,IC Security,NST-PER-3094,IC,person3099@northstar-clinical.example.com,CC-1019,MX
NST-PER-3100,Northstar IC 3100,IC Finance,NST-PER-3095,IC,person3100@northstar-clinical.example.com,CC-1020,CN
NST-PER-3101,Northstar IC 3101,IC ERP,NST-PER-3096,IC,person3101@northstar-clinical.example.com,CC-1021,JP
NST-PER-3102,Northstar IC 3102,IC Quality,NST-PER-3097,IC,person3102@northstar-clinical.example.com,CC-1022,SG
NST-PER-3103,Northstar IC 3103,IC Manufacturing,NST-PER-3098,IC,person3103@northstar-clinical.example.com,CC-1023,BR
NST-PER-3104,Northstar IC 3104,IC HIS,NST-PER-3099,IC,person3104@northstar-clinical.example.com,CC-1024,FR
NST-PER-3105,Northstar IC 3105,IC Product,NST-PER-3100,IC,person3105@northstar-clinical.example.com,CC-1025,GB
NST-PER-3106,Northstar IC 3106,IC Security,NST-PER-3101,IC,person3106@northstar-clinical.example.com,CC-1026,IN
NST-PER-3107,Northstar IC 3107,IC Finance,NST-PER-3102,IC,person3107@northstar-clinical.example.com,CC-1027,CA
NST-PER-3108,Northstar IC 3108,IC ERP,NST-PER-3103,IC,person3108@northstar-clinical.example.com,CC-1028,US
NST-PER-3109,Northstar IC 3109,IC Quality,NST-PER-3104,IC,person3109@northstar-clinical.example.com,CC-1029,DE
NST-PER-3110,Northstar IC 3110,IC Manufacturing,NST-PER-3105,IC,person3110@northstar-clinical.example.com,CC-1030,IE
NST-PER-3111,Northstar IC 3111,IC HIS,NST-PER-3106,IC,person3111@northstar-clinical.example.com,CC-1031,MX
NST-PER-3112,Northstar IC 3112,IC Product,NST-PER-3107,IC,person3112@northstar-clinical.example.com,CC-1032,CN
NST-PER-3113,Northstar IC 3113,IC Security,NST-PER-3108,IC,person3113@northstar-clinical.example.com,CC-1033,JP
NST-PER-3114,Northstar IC 3114,IC Finance,NST-PER-3109,IC,person3114@northstar-clinical.example.com,CC-1034,SG
NST-PER-3115,Northstar IC 3115,IC ERP,NST-PER-3110,IC,person3115@northstar-clinical.example.com,CC-1035,BR
NST-PER-3116,Northstar IC 3116,IC Quality,NST-PER-3111,IC,person3116@northstar-clinical.example.com,CC-1036,FR
NST-PER-3117,Northstar IC 3117,IC Manufacturing,NST-PER-3112,IC,person3117@northstar-clinical.example.com,CC-1037,GB
NST-PER-3118,Northstar IC 3118,IC HIS,NST-PER-3113,IC,person3118@northstar-clinical.example.com,CC-1038,IN
NST-PER-3119,Northstar IC 3119,IC Product,NST-PER-3114,IC,person3119@northstar-clinical.example.com,CC-1039,CA
NST-PER-3120,Northstar IC 3120,IC Security,NST-PER-3115,IC,person3120@northstar-clinical.example.com,CC-1040,US
NST-PER-3121,Northstar IC 3121,IC Finance,NST-PER-3116,IC,person3121@northstar-clinical.example.com,CC-1041,DE
NST-PER-3122,Northstar IC 3122,IC ERP,NST-PER-3117,IC,person3122@northstar-clinical.example.com,CC-1042,IE
NST-PER-3123,Northstar IC 3123,IC Quality,NST-PER-3118,IC,person3123@northstar-clinical.example.com,CC-1043,MX
NST-PER-3124,Northstar IC 3124,IC Manufacturing,NST-PER-3119,IC,person3124@northstar-clinical.example.com,CC-1044,CN
NST-PER-3125,Northstar IC 3125,IC HIS,NST-PER-3120,IC,person3125@northstar-clinical.example.com,CC-1045,JP
NST-PER-3126,Northstar IC 3126,IC Product,NST-PER-3121,IC,person3126@northstar-clinical.example.com,CC-1046,SG
NST-PER-3127,Northstar IC 3127,IC Security,NST-PER-3122,IC,person3127@northstar-clinical.example.com,CC-1047,BR
NST-PER-3128,Northstar IC 3128,IC Finance,NST-PER-3123,IC,person3128@northstar-clinical.example.com,CC-1048,FR
NST-PER-3129,Northstar IC 3129,IC ERP,NST-PER-3124,IC,person3129@northstar-clinical.example.com,CC-1049,GB
NST-PER-3130,Northstar IC 3130,IC Quality,NST-PER-3125,IC,person3130@northstar-clinical.example.com,CC-1050,IN
NST-PER-3131,Northstar IC 3131,IC Manufacturing,NST-PER-3126,IC,person3131@northstar-clinical.example.com,CC-1051,CA
NST-PER-3132,Northstar IC 3132,IC HIS,NST-PER-3127,IC,person3132@northstar-clinical.example.com,CC-1052,US
NST-PER-3133,Northstar IC 3133,IC Product,NST-PER-3128,IC,person3133@northstar-clinical.example.com,CC-1053,DE
NST-PER-3134,Northstar IC 3134,IC Security,NST-PER-3129,IC,person3134@northstar-clinical.example.com,CC-1054,IE
NST-PER-3135,Northstar IC 3135,IC Finance,NST-PER-3130,IC,person3135@northstar-clinical.example.com,CC-1055,MX
NST-PER-3136,Northstar IC 3136,IC ERP,NST-PER-3131,IC,person3136@northstar-clinical.example.com,CC-1056,CN
NST-PER-3137,Northstar IC 3137,IC Quality,NST-PER-3132,IC,person3137@northstar-clinical.example.com,CC-1057,JP
NST-PER-3138,Northstar IC 3138,IC Manufacturing,NST-PER-3133,IC,person3138@northstar-clinical.example.com,CC-1058,SG
NST-PER-3139,Northstar IC 3139,IC HIS,NST-PER-3134,IC,person3139@northstar-clinical.example.com,CC-1059,BR
NST-PER-3140,Northstar IC 3140,IC Product,NST-PER-3135,IC,person3140@northstar-clinical.example.com,CC-1060,FR
NST-PER-3141,Northstar IC 3141,IC Security,NST-PER-3136,IC,person3141@northstar-clinical.example.com,CC-1061,GB
NST-PER-3142,Northstar IC 3142,IC Finance,NST-PER-3137,IC,person3142@northstar-clinical.example.com,CC-1062,IN
NST-PER-3143,Northstar IC 3143,IC ERP,NST-PER-3138,IC,person3143@northstar-clinical.example.com,CC-1063,CA
NST-PER-3144,Northstar IC 3144,IC Quality,NST-PER-3139,IC,person3144@northstar-clinical.example.com,CC-1064,US
NST-PER-3145,Northstar IC 3145,IC Manufacturing,NST-PER-3140,IC,person3145@northstar-clinical.example.com,CC-1065,DE
NST-PER-3146,Northstar IC 3146,IC HIS,NST-PER-3141,IC,person3146@northstar-clinical.example.com,CC-1066,IE
NST-PER-3147,Northstar IC 3147,IC Product,NST-PER-3142,IC,person3147@northstar-clinical.example.com,CC-1067,MX
NST-PER-3148,Northstar IC 3148,IC Security,NST-PER-3143,IC,person3148@northstar-clinical.example.com,CC-1068,CN
NST-PER-3149,Northstar IC 3149,IC Finance,NST-PER-3144,IC,person3149@northstar-clinical.example.com,CC-1069,JP
NST-PER-3150,Northstar IC 3150,IC ERP,NST-PER-3145,IC,person3150@northstar-clinical.example.com,CC-1070,SG
NST-PER-3151,Northstar IC 3151,IC Quality,NST-PER-3146,IC,person3151@northstar-clinical.example.com,CC-1071,BR
NST-PER-3152,Northstar IC 3152,IC Manufacturing,NST-PER-3147,IC,person3152@northstar-clinical.example.com,CC-1072,FR
NST-PER-3153,Northstar IC 3153,IC HIS,NST-PER-3148,IC,person3153@northstar-clinical.example.com,CC-1073,GB
NST-PER-3154,Northstar IC 3154,IC Product,NST-PER-3149,IC,person3154@northstar-clinical.example.com,CC-1074,IN
NST-PER-3155,Northstar IC 3155,IC Security,NST-PER-3150,IC,person3155@northstar-clinical.example.com,CC-1075,CA
NST-PER-3156,Northstar IC 3156,IC Finance,NST-PER-3151,IC,person3156@northstar-clinical.example.com,CC-1076,US
NST-PER-3157,Northstar IC 3157,IC ERP,NST-PER-3152,IC,person3157@northstar-clinical.example.com,CC-1077,DE
NST-PER-3158,Northstar IC 3158,IC Quality,NST-PER-3153,IC,person3158@northstar-clinical.example.com,CC-1078,IE
NST-PER-3159,Northstar IC 3159,IC Manufacturing,NST-PER-3154,IC,person3159@northstar-clinical.example.com,CC-1079,MX
NST-PER-3160,Northstar IC 3160,IC HIS,NST-PER-3155,IC,person3160@northstar-clinical.example.com,CC-1080,CN
NST-PER-3161,Northstar IC 3161,IC Product,NST-PER-3156,IC,person3161@northstar-clinical.example.com,CC-1081,JP
NST-PER-3162,Northstar IC 3162,IC Security,NST-PER-3157,IC,person3162@northstar-clinical.example.com,CC-1082,SG
NST-PER-3163,Northstar IC 3163,IC Finance,NST-PER-3158,IC,person3163@northstar-clinical.example.com,CC-1083,BR
NST-PER-3164,Northstar IC 3164,IC ERP,NST-PER-3159,IC,person3164@northstar-clinical.example.com,CC-1084,FR
NST-PER-3165,Northstar IC 3165,IC Quality,NST-PER-3160,IC,person3165@northstar-clinical.example.com,CC-1085,GB
NST-PER-3166,Northstar IC 3166,IC Manufacturing,NST-PER-3161,IC,person3166@northstar-clinical.example.com,CC-1086,IN
NST-PER-3167,Northstar IC 3167,IC HIS,NST-PER-3162,IC,person3167@northstar-clinical.example.com,CC-1087,CA
NST-PER-3168,Northstar IC 3168,IC Product,NST-PER-3163,IC,person3168@northstar-clinical.example.com,CC-1088,US
NST-PER-3169,Northstar IC 3169,IC Security,NST-PER-3164,IC,person3169@northstar-clinical.example.com,CC-1089,DE
NST-PER-3170,Northstar IC 3170,IC Finance,NST-PER-3165,IC,person3170@northstar-clinical.example.com,CC-1090,IE
NST-PER-3171,Northstar IC 3171,IC ERP,NST-PER-3166,IC,person3171@northstar-clinical.example.com,CC-1091,MX
NST-PER-3172,Northstar IC 3172,IC Quality,NST-PER-3167,IC,person3172@northstar-clinical.example.com,CC-1092,CN
NST-PER-3173,Northstar IC 3173,IC Manufacturing,NST-PER-3168,IC,person3173@northstar-clinical.example.com,CC-1093,JP
NST-PER-3174,Northstar IC 3174,IC HIS,NST-PER-3169,IC,person3174@northstar-clinical.example.com,CC-1094,SG
NST-PER-3175,Northstar IC 3175,IC Product,NST-PER-3170,IC,person3175@northstar-clinical.example.com,CC-1095,BR
NST-PER-3176,Northstar IC 3176,IC Security,NST-PER-3171,IC,person3176@northstar-clinical.example.com,CC-1096,FR
NST-PER-3177,Northstar IC 3177,IC Finance,NST-PER-3172,IC,person3177@northstar-clinical.example.com,CC-1097,GB
NST-PER-3178,Northstar IC 3178,IC ERP,NST-PER-3173,IC,person3178@northstar-clinical.example.com,CC-1098,IN
NST-PER-3179,Northstar IC 3179,IC Quality,NST-PER-3174,IC,person3179@northstar-clinical.example.com,CC-1099,CA
NST-PER-3180,Northstar IC 3180,IC Manufacturing,NST-PER-3175,IC,person3180@northstar-clinical.example.com,CC-1100,US
NST-PER-3181,Northstar IC 3181,IC HIS,NST-PER-3176,IC,person3181@northstar-clinical.example.com,CC-1101,DE
NST-PER-3182,Northstar IC 3182,IC Product,NST-PER-3177,IC,person3182@northstar-clinical.example.com,CC-1102,IE
NST-PER-3183,Northstar IC 3183,IC Security,NST-PER-3178,IC,person3183@northstar-clinical.example.com,CC-1103,MX
NST-PER-3184,Northstar IC 3184,IC Finance,NST-PER-3179,IC,person3184@northstar-clinical.example.com,CC-1104,CN
NST-PER-3185,Northstar IC 3185,IC ERP,NST-PER-3180,IC,person3185@northstar-clinical.example.com,CC-1105,JP
NST-PER-3186,Northstar IC 3186,IC Quality,NST-PER-3181,IC,person3186@northstar-clinical.example.com,CC-1106,SG
NST-PER-3187,Northstar IC 3187,IC Manufacturing,NST-PER-3182,IC,person3187@northstar-clinical.example.com,CC-1107,BR
NST-PER-3188,Northstar IC 3188,IC HIS,NST-PER-3183,IC,person3188@northstar-clinical.example.com,CC-1108,FR
NST-PER-3189,Northstar IC 3189,IC Product,NST-PER-3184,IC,person3189@northstar-clinical.example.com,CC-1109,GB
NST-PER-3190,Northstar IC 3190,IC Security,NST-PER-3185,IC,person3190@northstar-clinical.example.com,CC-1110,IN
NST-PER-3191,Northstar IC 3191,IC Finance,NST-PER-3186,IC,person3191@northstar-clinical.example.com,CC-1111,CA
NST-PER-3192,Northstar IC 3192,IC ERP,NST-PER-3187,IC,person3192@northstar-clinical.example.com,CC-1112,US
NST-PER-3193,Northstar IC 3193,IC Quality,NST-PER-3188,IC,person3193@northstar-clinical.example.com,CC-1113,DE
NST-PER-3194,Northstar IC 3194,IC Manufacturing,NST-PER-3189,IC,person3194@northstar-clinical.example.com,CC-1114,IE
NST-PER-3195,Northstar IC 3195,IC HIS,NST-PER-3190,IC,person3195@northstar-clinical.example.com,CC-1115,MX
NST-PER-3196,Northstar IC 3196,IC Product,NST-PER-3191,IC,person3196@northstar-clinical.example.com,CC-1116,CN
NST-PER-3197,Northstar IC 3197,IC Security,NST-PER-3192,IC,person3197@northstar-clinical.example.com,CC-1117,JP
NST-PER-3198,Northstar IC 3198,IC Finance,NST-PER-3193,IC,person3198@northstar-clinical.example.com,CC-1118,SG
NST-PER-3199,Northstar IC 3199,IC ERP,NST-PER-3194,IC,person3199@northstar-clinical.example.com,CC-1119,BR
NST-PER-3200,Northstar IC 3200,IC Quality,NST-PER-3195,IC,person3200@northstar-clinical.example.com,CC-1120,FR
NST-PER-3201,Northstar IC 3201,IC Manufacturing,NST-PER-3196,IC,person3201@northstar-clinical.example.com,CC-1121,GB
NST-PER-3202,Northstar IC 3202,IC HIS,NST-PER-3197,IC,person3202@northstar-clinical.example.com,CC-1122,IN
NST-PER-3203,Northstar IC 3203,IC Product,NST-PER-3198,IC,person3203@northstar-clinical.example.com,CC-1123,CA
NST-PER-3204,Northstar IC 3204,IC Security,NST-PER-3199,IC,person3204@northstar-clinical.example.com,CC-1124,US
NST-PER-3205,Northstar IC 3205,IC Finance,NST-PER-3200,IC,person3205@northstar-clinical.example.com,CC-1125,DE
NST-PER-3206,Northstar IC 3206,IC ERP,NST-PER-3201,IC,person3206@northstar-clinical.example.com,CC-1126,IE
NST-PER-3207,Northstar IC 3207,IC Quality,NST-PER-3202,IC,person3207@northstar-clinical.example.com,CC-1127,MX
NST-PER-3208,Northstar IC 3208,IC Manufacturing,NST-PER-3203,IC,person3208@northstar-clinical.example.com,CC-1128,CN
NST-PER-3209,Northstar IC 3209,IC HIS,NST-PER-3204,IC,person3209@northstar-clinical.example.com,CC-1129,JP
NST-PER-3210,Northstar IC 3210,IC Product,NST-PER-3205,IC,person3210@northstar-clinical.example.com,CC-1130,SG
NST-PER-3211,Northstar IC 3211,IC Security,NST-PER-3206,IC,person3211@northstar-clinical.example.com,CC-1131,BR
NST-PER-3212,Northstar IC 3212,IC Finance,NST-PER-3207,IC,person3212@northstar-clinical.example.com,CC-1132,FR
NST-PER-3213,Northstar IC 3213,IC ERP,NST-PER-3208,IC,person3213@northstar-clinical.example.com,CC-1133,GB
NST-PER-3214,Northstar IC 3214,IC Quality,NST-PER-3209,IC,person3214@northstar-clinical.example.com,CC-1134,IN
NST-PER-3215,Northstar IC 3215,IC Manufacturing,NST-PER-3210,IC,person3215@northstar-clinical.example.com,CC-1135,CA
NST-PER-3216,Northstar IC 3216,IC HIS,NST-PER-3211,IC,person3216@northstar-clinical.example.com,CC-1136,US
NST-PER-3217,Northstar IC 3217,IC Product,NST-PER-3212,IC,person3217@northstar-clinical.example.com,CC-1137,DE
NST-PER-3218,Northstar IC 3218,IC Security,NST-PER-3213,IC,person3218@northstar-clinical.example.com,CC-1138,IE
NST-PER-3219,Northstar IC 3219,IC Finance,NST-PER-3214,IC,person3219@northstar-clinical.example.com,CC-1139,MX
NST-PER-3220,Northstar IC 3220,IC ERP,NST-PER-3215,IC,person3220@northstar-clinical.example.com,CC-1140,CN
NST-PER-3221,Northstar IC 3221,IC Quality,NST-PER-3216,IC,person3221@northstar-clinical.example.com,CC-1141,JP
NST-PER-3222,Northstar IC 3222,IC Manufacturing,NST-PER-3217,IC,person3222@northstar-clinical.example.com,CC-1142,SG
NST-PER-3223,Northstar IC 3223,IC HIS,NST-PER-3218,IC,person3223@northstar-clinical.example.com,CC-1143,BR
NST-PER-3224,Northstar IC 3224,IC Product,NST-PER-3219,IC,person3224@northstar-clinical.example.com,CC-1144,FR
NST-PER-3225,Northstar IC 3225,IC Security,NST-PER-3220,IC,person3225@northstar-clinical.example.com,CC-1145,GB
NST-PER-3226,Northstar IC 3226,IC Finance,NST-PER-3221,IC,person3226@northstar-clinical.example.com,CC-1146,IN
NST-PER-3227,Northstar IC 3227,IC ERP,NST-PER-3222,IC,person3227@northstar-clinical.example.com,CC-1147,CA
NST-PER-3228,Northstar IC 3228,IC Quality,NST-PER-3223,IC,person3228@northstar-clinical.example.com,CC-1148,US
NST-PER-3229,Northstar IC 3229,IC Manufacturing,NST-PER-3224,IC,person3229@northstar-clinical.example.com,CC-1149,DE
NST-PER-3230,Northstar IC 3230,IC HIS,NST-PER-3225,IC,person3230@northstar-clinical.example.com,CC-1150,IE
NST-PER-3231,Northstar IC 3231,IC Product,NST-PER-3226,IC,person3231@northstar-clinical.example.com,CC-1151,MX
NST-PER-3232,Northstar IC 3232,IC Security,NST-PER-3227,IC,person3232@northstar-clinical.example.com,CC-1152,CN
NST-PER-3233,Northstar IC 3233,IC Finance,NST-PER-3228,IC,person3233@northstar-clinical.example.com,CC-1153,JP
NST-PER-3234,Northstar IC 3234,IC ERP,NST-PER-3229,IC,person3234@northstar-clinical.example.com,CC-1154,SG
NST-PER-3235,Northstar IC 3235,IC Quality,NST-PER-3230,IC,person3235@northstar-clinical.example.com,CC-1155,BR
NST-PER-3236,Northstar IC 3236,IC Manufacturing,NST-PER-3231,IC,person3236@northstar-clinical.example.com,CC-1156,FR
NST-PER-3237,Northstar IC 3237,IC HIS,NST-PER-3232,IC,person3237@northstar-clinical.example.com,CC-1157,GB
NST-PER-3238,Northstar IC 3238,IC Product,NST-PER-3233,IC,person3238@northstar-clinical.example.com,CC-1158,IN
NST-PER-3239,Northstar IC 3239,IC Security,NST-PER-3234,IC,person3239@northstar-clinical.example.com,CC-1159,CA
NST-PER-3240,Northstar IC 3240,IC Finance,NST-PER-3235,IC,person3240@northstar-clinical.example.com,CC-1160,US
NST-PER-3241,Northstar IC 3241,IC ERP,NST-PER-3236,IC,person3241@northstar-clinical.example.com,CC-1161,DE
NST-PER-3242,Northstar IC 3242,IC Quality,NST-PER-3237,IC,person3242@northstar-clinical.example.com,CC-1162,IE
NST-PER-3243,Northstar IC 3243,IC Manufacturing,NST-PER-3238,IC,person3243@northstar-clinical.example.com,CC-1163,MX
NST-PER-3244,Northstar IC 3244,IC HIS,NST-PER-3239,IC,person3244@northstar-clinical.example.com,CC-1164,CN
NST-PER-3245,Northstar IC 3245,IC Product,NST-PER-3240,IC,person3245@northstar-clinical.example.com,CC-1165,JP
NST-PER-3246,Northstar IC 3246,IC Security,NST-PER-3241,IC,person3246@northstar-clinical.example.com,CC-1166,SG
NST-PER-3247,Northstar IC 3247,IC Finance,NST-PER-3242,IC,person3247@northstar-clinical.example.com,CC-1167,BR
NST-PER-3248,Northstar IC 3248,IC ERP,NST-PER-3243,IC,person3248@northstar-clinical.example.com,CC-1168,FR
NST-PER-3249,Northstar IC 3249,IC Quality,NST-PER-3244,IC,person3249@northstar-clinical.example.com,CC-1169,GB
NST-PER-3250,Northstar IC 3250,IC Manufacturing,NST-PER-3245,IC,person3250@northstar-clinical.example.com,CC-1170,IN
NST-PER-3251,Northstar IC 3251,IC HIS,NST-PER-3246,IC,person3251@northstar-clinical.example.com,CC-1171,CA
NST-PER-3252,Northstar IC 3252,IC Product,NST-PER-3247,IC,person3252@northstar-clinical.example.com,CC-1172,US
NST-PER-3253,Northstar IC 3253,IC Security,NST-PER-3248,IC,person3253@northstar-clinical.example.com,CC-1173,DE
NST-PER-3254,Northstar IC 3254,IC Finance,NST-PER-3249,IC,person3254@northstar-clinical.example.com,CC-1174,IE
NST-PER-3255,Northstar IC 3255,IC ERP,NST-PER-3250,IC,person3255@northstar-clinical.example.com,CC-1175,MX
NST-PER-3256,Northstar IC 3256,IC Quality,NST-PER-3251,IC,person3256@northstar-clinical.example.com,CC-1176,CN
NST-PER-3257,Northstar IC 3257,IC Manufacturing,NST-PER-3252,IC,person3257@northstar-clinical.example.com,CC-1177,JP
NST-PER-3258,Northstar IC 3258,IC HIS,NST-PER-3253,IC,person3258@northstar-clinical.example.com,CC-1178,SG
NST-PER-3259,Northstar IC 3259,IC Product,NST-PER-3254,IC,person3259@northstar-clinical.example.com,CC-1179,BR
NST-PER-3260,Northstar IC 3260,IC Security,NST-PER-3255,IC,person3260@northstar-clinical.example.com,CC-1180,FR
NST-PER-3261,Northstar IC 3261,IC Finance,NST-PER-3256,IC,person3261@northstar-clinical.example.com,CC-1181,GB
NST-PER-3262,Northstar IC 3262,IC ERP,NST-PER-3257,IC,person3262@northstar-clinical.example.com,CC-1182,IN
NST-PER-3263,Northstar IC 3263,IC Quality,NST-PER-3258,IC,person3263@northstar-clinical.example.com,CC-1183,CA
NST-PER-3264,Northstar IC 3264,IC Manufacturing,NST-PER-3259,IC,person3264@northstar-clinical.example.com,CC-1184,US
NST-PER-3265,Northstar IC 3265,IC HIS,NST-PER-3260,IC,person3265@northstar-clinical.example.com,CC-1185,DE
NST-PER-3266,Northstar IC 3266,IC Product,NST-PER-3261,IC,person3266@northstar-clinical.example.com,CC-1186,IE
NST-PER-3267,Northstar IC 3267,IC Security,NST-PER-3262,IC,person3267@northstar-clinical.example.com,CC-1187,MX
NST-PER-3268,Northstar IC 3268,IC Finance,NST-PER-3263,IC,person3268@northstar-clinical.example.com,CC-1188,CN
NST-PER-3269,Northstar IC 3269,IC ERP,NST-PER-3264,IC,person3269@northstar-clinical.example.com,CC-1189,JP
NST-PER-3270,Northstar IC 3270,IC Quality,NST-PER-3265,IC,person3270@northstar-clinical.example.com,CC-1190,SG
NST-PER-3271,Northstar IC 3271,IC Manufacturing,NST-PER-3266,IC,person3271@northstar-clinical.example.com,CC-1191,BR
NST-PER-3272,Northstar IC 3272,IC HIS,NST-PER-3267,IC,person3272@northstar-clinical.example.com,CC-1192,FR
NST-PER-3273,Northstar IC 3273,IC Product,NST-PER-3268,IC,person3273@northstar-clinical.example.com,CC-1193,GB
NST-PER-3274,Northstar IC 3274,IC Security,NST-PER-3269,IC,person3274@northstar-clinical.example.com,CC-1194,IN
NST-PER-3275,Northstar IC 3275,IC Finance,NST-PER-3270,IC,person3275@northstar-clinical.example.com,CC-1195,CA
NST-PER-3276,Northstar IC 3276,IC ERP,NST-PER-3271,IC,person3276@northstar-clinical.example.com,CC-1196,US
NST-PER-3277,Northstar IC 3277,IC Quality,NST-PER-3272,IC,person3277@northstar-clinical.example.com,CC-1197,DE
NST-PER-3278,Northstar IC 3278,IC Manufacturing,NST-PER-3273,IC,person3278@northstar-clinical.example.com,CC-1198,IE
NST-PER-3279,Northstar IC 3279,IC HIS,NST-PER-3274,IC,person3279@northstar-clinical.example.com,CC-1199,MX
NST-PER-3280,Northstar IC 3280,IC Product,NST-PER-3275,IC,person3280@northstar-clinical.example.com,CC-1200,CN
NST-PER-3281,Northstar IC 3281,IC Security,NST-PER-3276,IC,person3281@northstar-clinical.example.com,CC-1201,JP
NST-PER-3282,Northstar IC 3282,IC Finance,NST-PER-3277,IC,person3282@northstar-clinical.example.com,CC-1202,SG
NST-PER-3283,Northstar IC 3283,IC ERP,NST-PER-3278,IC,person3283@northstar-clinical.example.com,CC-1203,BR
NST-PER-3284,Northstar IC 3284,IC Quality,NST-PER-3279,IC,person3284@northstar-clinical.example.com,CC-1204,FR
NST-PER-3285,Northstar IC 3285,IC Manufacturing,NST-PER-3280,IC,person3285@northstar-clinical.example.com,CC-1205,GB
NST-PER-3286,Northstar IC 3286,IC HIS,NST-PER-3281,IC,person3286@northstar-clinical.example.com,CC-1206,IN
NST-PER-3287,Northstar IC 3287,IC Product,NST-PER-3282,IC,person3287@northstar-clinical.example.com,CC-1207,CA
NST-PER-3288,Northstar IC 3288,IC Security,NST-PER-3283,IC,person3288@northstar-clinical.example.com,CC-1208,US
NST-PER-3289,Northstar IC 3289,IC Finance,NST-PER-3284,IC,person3289@northstar-clinical.example.com,CC-1209,DE
NST-PER-3290,Northstar IC 3290,IC ERP,NST-PER-3285,IC,person3290@northstar-clinical.example.com,CC-1210,IE
NST-PER-3291,Northstar IC 3291,IC Quality,NST-PER-3286,IC,person3291@northstar-clinical.example.com,CC-1211,MX
NST-PER-3292,Northstar IC 3292,IC Manufacturing,NST-PER-3287,IC,person3292@northstar-clinical.example.com,CC-1212,CN
NST-PER-3293,Northstar IC 3293,IC HIS,NST-PER-3288,IC,person3293@northstar-clinical.example.com,CC-1213,JP
NST-PER-3294,Northstar IC 3294,IC Product,NST-PER-3289,IC,person3294@northstar-clinical.example.com,CC-1214,SG
NST-PER-3295,Northstar IC 3295,IC Security,NST-PER-3290,IC,person3295@northstar-clinical.example.com,CC-1215,BR
NST-PER-3296,Northstar IC 3296,IC Finance,NST-PER-3291,IC,person3296@northstar-clinical.example.com,CC-1216,FR
NST-PER-3297,Northstar IC 3297,IC ERP,NST-PER-3292,IC,person3297@northstar-clinical.example.com,CC-1217,GB
NST-PER-3298,Northstar IC 3298,IC Quality,NST-PER-3293,IC,person3298@northstar-clinical.example.com,CC-1218,IN
NST-PER-3299,Northstar IC 3299,IC Manufacturing,NST-PER-3294,IC,person3299@northstar-clinical.example.com,CC-1219,CA
NST-PER-3300,Northstar IC 3300,IC HIS,NST-PER-3295,IC,person3300@northstar-clinical.example.com,CC-1220,US
NST-PER-3301,Northstar IC 3301,IC Product,NST-PER-3296,IC,person3301@northstar-clinical.example.com,CC-1221,DE
NST-PER-3302,Northstar IC 3302,IC Security,NST-PER-3297,IC,person3302@northstar-clinical.example.com,CC-1222,IE
NST-PER-3303,Northstar IC 3303,IC Finance,NST-PER-3298,IC,person3303@northstar-clinical.example.com,CC-1223,MX
NST-PER-3304,Northstar IC 3304,IC ERP,NST-PER-3299,IC,person3304@northstar-clinical.example.com,CC-1224,CN
NST-PER-3305,Northstar IC 3305,IC Quality,NST-PER-3300,IC,person3305@northstar-clinical.example.com,CC-1225,JP
NST-PER-3306,Northstar IC 3306,IC Manufacturing,NST-PER-3301,IC,person3306@northstar-clinical.example.com,CC-1226,SG
NST-PER-3307,Northstar IC 3307,IC HIS,NST-PER-3302,IC,person3307@northstar-clinical.example.com,CC-1227,BR
NST-PER-3308,Northstar IC 3308,IC Product,NST-PER-3303,IC,person3308@northstar-clinical.example.com,CC-1228,FR
NST-PER-3309,Northstar IC 3309,IC Security,NST-PER-3304,IC,person3309@northstar-clinical.example.com,CC-1229,GB
NST-PER-3310,Northstar IC 3310,IC Finance,NST-PER-3305,IC,person3310@northstar-clinical.example.com,CC-1230,IN
NST-PER-3311,Northstar IC 3311,IC ERP,NST-PER-3306,IC,person3311@northstar-clinical.example.com,CC-1231,CA
NST-PER-3312,Northstar IC 3312,IC Quality,NST-PER-3307,IC,person3312@northstar-clinical.example.com,CC-1232,US
NST-PER-3313,Northstar IC 3313,IC Manufacturing,NST-PER-3308,IC,person3313@northstar-clinical.example.com,CC-1233,DE
NST-PER-3314,Northstar IC 3314,IC HIS,NST-PER-3309,IC,person3314@northstar-clinical.example.com,CC-1234,IE
NST-PER-3315,Northstar IC 3315,IC Product,NST-PER-3310,IC,person3315@northstar-clinical.example.com,CC-1235,MX
NST-PER-3316,Northstar IC 3316,IC Security,NST-PER-3311,IC,person3316@northstar-clinical.example.com,CC-1236,CN
NST-PER-3317,Northstar IC 3317,IC Finance,NST-PER-3312,IC,person3317@northstar-clinical.example.com,CC-1237,JP
NST-PER-3318,Northstar IC 3318,IC ERP,NST-PER-3313,IC,person3318@northstar-clinical.example.com,CC-1238,SG
NST-PER-3319,Northstar IC 3319,IC Quality,NST-PER-3314,IC,person3319@northstar-clinical.example.com,CC-1239,BR
NST-PER-3320,Northstar IC 3320,IC Manufacturing,NST-PER-3315,IC,person3320@northstar-clinical.example.com,CC-1240,FR
NST-PER-3321,Northstar IC 3321,IC HIS,NST-PER-3316,IC,person3321@northstar-clinical.example.com,CC-1241,GB
NST-PER-3322,Northstar IC 3322,IC Product,NST-PER-3317,IC,person3322@northstar-clinical.example.com,CC-1242,IN
NST-PER-3323,Northstar IC 3323,IC Security,NST-PER-3318,IC,person3323@northstar-clinical.example.com,CC-1243,CA
NST-PER-3324,Northstar IC 3324,IC Finance,NST-PER-3319,IC,person3324@northstar-clinical.example.com,CC-1244,US
NST-PER-3325,Northstar IC 3325,IC ERP,NST-PER-3320,IC,person3325@northstar-clinical.example.com,CC-1245,DE
NST-PER-3326,Northstar IC 3326,IC Quality,NST-PER-3321,IC,person3326@northstar-clinical.example.com,CC-1246,IE
NST-PER-3327,Northstar IC 3327,IC Manufacturing,NST-PER-3322,IC,person3327@northstar-clinical.example.com,CC-1247,MX
NST-PER-3328,Northstar IC 3328,IC HIS,NST-PER-3323,IC,person3328@northstar-clinical.example.com,CC-1248,CN
NST-PER-3329,Northstar IC 3329,IC Product,NST-PER-3324,IC,person3329@northstar-clinical.example.com,CC-1249,JP
NST-PER-3330,Northstar IC 3330,IC Security,NST-PER-3325,IC,person3330@northstar-clinical.example.com,CC-1250,SG
NST-PER-3331,Northstar IC 3331,IC Finance,NST-PER-3326,IC,person3331@northstar-clinical.example.com,CC-1251,BR
NST-PER-3332,Northstar IC 3332,IC ERP,NST-PER-3327,IC,person3332@northstar-clinical.example.com,CC-1252,FR
NST-PER-3333,Northstar IC 3333,IC Quality,NST-PER-3328,IC,person3333@northstar-clinical.example.com,CC-1253,GB
NST-PER-3334,Northstar IC 3334,IC Manufacturing,NST-PER-3329,IC,person3334@northstar-clinical.example.com,CC-1254,IN
NST-PER-3335,Northstar IC 3335,IC HIS,NST-PER-3330,IC,person3335@northstar-clinical.example.com,CC-1255,CA
NST-PER-3336,Northstar IC 3336,IC Product,NST-PER-3331,IC,person3336@northstar-clinical.example.com,CC-1256,US
NST-PER-3337,Northstar IC 3337,IC Security,NST-PER-3332,IC,person3337@northstar-clinical.example.com,CC-1257,DE
NST-PER-3338,Northstar IC 3338,IC Finance,NST-PER-3333,IC,person3338@northstar-clinical.example.com,CC-1258,IE
NST-PER-3339,Northstar IC 3339,IC ERP,NST-PER-3334,IC,person3339@northstar-clinical.example.com,CC-1259,MX
NST-PER-3340,Northstar IC 3340,IC Quality,NST-PER-3335,IC,person3340@northstar-clinical.example.com,CC-1260,CN
NST-PER-3341,Northstar IC 3341,IC Manufacturing,NST-PER-3336,IC,person3341@northstar-clinical.example.com,CC-1261,JP
NST-PER-3342,Northstar IC 3342,IC HIS,NST-PER-3337,IC,person3342@northstar-clinical.example.com,CC-1262,SG
NST-PER-3343,Northstar IC 3343,IC Product,NST-PER-3338,IC,person3343@northstar-clinical.example.com,CC-1263,BR
NST-PER-3344,Northstar IC 3344,IC Security,NST-PER-3339,IC,person3344@northstar-clinical.example.com,CC-1264,FR
NST-PER-3345,Northstar IC 3345,IC Finance,NST-PER-3340,IC,person3345@northstar-clinical.example.com,CC-1265,GB
NST-PER-3346,Northstar IC 3346,IC ERP,NST-PER-3341,IC,person3346@northstar-clinical.example.com,CC-1266,IN
NST-PER-3347,Northstar IC 3347,IC Quality,NST-PER-3342,IC,person3347@northstar-clinical.example.com,CC-1267,CA
NST-PER-3348,Northstar IC 3348,IC Manufacturing,NST-PER-3343,IC,person3348@northstar-clinical.example.com,CC-1268,US
NST-PER-3349,Northstar IC 3349,IC HIS,NST-PER-3344,IC,person3349@northstar-clinical.example.com,CC-1269,DE
NST-PER-3350,Northstar IC 3350,IC Product,NST-PER-3345,IC,person3350@northstar-clinical.example.com,CC-1270,IE
NST-PER-3351,Northstar IC 3351,IC Security,NST-PER-3346,IC,person3351@northstar-clinical.example.com,CC-1271,MX
NST-PER-3352,Northstar IC 3352,IC Finance,NST-PER-3347,IC,person3352@northstar-clinical.example.com,CC-1272,CN
NST-PER-3353,Northstar IC 3353,IC ERP,NST-PER-3348,IC,person3353@northstar-clinical.example.com,CC-1273,JP
NST-PER-3354,Northstar IC 3354,IC Quality,NST-PER-3349,IC,person3354@northstar-clinical.example.com,CC-1274,SG
NST-PER-3355,Northstar IC 3355,IC Manufacturing,NST-PER-3350,IC,person3355@northstar-clinical.example.com,CC-1275,BR
NST-PER-3356,Northstar IC 3356,IC HIS,NST-PER-3351,IC,person3356@northstar-clinical.example.com,CC-1276,FR
NST-PER-3357,Northstar IC 3357,IC Product,NST-PER-3352,IC,person3357@northstar-clinical.example.com,CC-1277,GB
NST-PER-3358,Northstar IC 3358,IC Security,NST-PER-3353,IC,person3358@northstar-clinical.example.com,CC-1278,IN
NST-PER-3359,Northstar IC 3359,IC Finance,NST-PER-3354,IC,person3359@northstar-clinical.example.com,CC-1279,CA
NST-PER-3360,Northstar IC 3360,IC ERP,NST-PER-3355,IC,person3360@northstar-clinical.example.com,CC-1000,US
NST-PER-3361,Northstar IC 3361,IC Quality,NST-PER-3356,IC,person3361@northstar-clinical.example.com,CC-1001,DE
NST-PER-3362,Northstar IC 3362,IC Manufacturing,NST-PER-3357,IC,person3362@northstar-clinical.example.com,CC-1002,IE
NST-PER-3363,Northstar IC 3363,IC HIS,NST-PER-3358,IC,person3363@northstar-clinical.example.com,CC-1003,MX
NST-PER-3364,Northstar IC 3364,IC Product,NST-PER-3359,IC,person3364@northstar-clinical.example.com,CC-1004,CN
NST-PER-3365,Northstar IC 3365,IC Security,NST-PER-3360,IC,person3365@northstar-clinical.example.com,CC-1005,JP
NST-PER-3366,Northstar IC 3366,IC Finance,NST-PER-3361,IC,person3366@northstar-clinical.example.com,CC-1006,SG
NST-PER-3367,Northstar IC 3367,IC ERP,NST-PER-3362,IC,person3367@northstar-clinical.example.com,CC-1007,BR
NST-PER-3368,Northstar IC 3368,IC Quality,NST-PER-3363,IC,person3368@northstar-clinical.example.com,CC-1008,FR
NST-PER-3369,Northstar IC 3369,IC Manufacturing,NST-PER-3364,IC,person3369@northstar-clinical.example.com,CC-1009,GB
NST-PER-3370,Northstar IC 3370,IC HIS,NST-PER-3365,IC,person3370@northstar-clinical.example.com,CC-1010,IN
NST-PER-3371,Northstar IC 3371,IC Product,NST-PER-3366,IC,person3371@northstar-clinical.example.com,CC-1011,CA
NST-PER-3372,Northstar IC 3372,IC Security,NST-PER-3367,IC,person3372@northstar-clinical.example.com,CC-1012,US
NST-PER-3373,Northstar IC 3373,IC Finance,NST-PER-3368,IC,person3373@northstar-clinical.example.com,CC-1013,DE
NST-PER-3374,Northstar IC 3374,IC ERP,NST-PER-3369,IC,person3374@northstar-clinical.example.com,CC-1014,IE
NST-PER-3375,Northstar IC 3375,IC Quality,NST-PER-3370,IC,person3375@northstar-clinical.example.com,CC-1015,MX
NST-PER-3376,Northstar IC 3376,IC Manufacturing,NST-PER-3371,IC,person3376@northstar-clinical.example.com,CC-1016,CN
NST-PER-3377,Northstar IC 3377,IC HIS,NST-PER-3372,IC,person3377@northstar-clinical.example.com,CC-1017,JP
NST-PER-3378,Northstar IC 3378,IC Product,NST-PER-3373,IC,person3378@northstar-clinical.example.com,CC-1018,SG
NST-PER-3379,Northstar IC 3379,IC Security,NST-PER-3374,IC,person3379@northstar-clinical.example.com,CC-1019,BR
NST-PER-3380,Northstar IC 3380,IC Finance,NST-PER-3375,IC,person3380@northstar-clinical.example.com,CC-1020,FR
NST-PER-3381,Northstar IC 3381,IC ERP,NST-PER-3376,IC,person3381@northstar-clinical.example.com,CC-1021,GB
NST-PER-3382,Northstar IC 3382,IC Quality,NST-PER-3377,IC,person3382@northstar-clinical.example.com,CC-1022,IN
NST-PER-3383,Northstar IC 3383,IC Manufacturing,NST-PER-3378,IC,person3383@northstar-clinical.example.com,CC-1023,CA
NST-PER-3384,Northstar IC 3384,IC HIS,NST-PER-3379,IC,person3384@northstar-clinical.example.com,CC-1024,US
NST-PER-3385,Northstar IC 3385,IC Product,NST-PER-3380,IC,person3385@northstar-clinical.example.com,CC-1025,DE
NST-PER-3386,Northstar IC 3386,IC Security,NST-PER-3381,IC,person3386@northstar-clinical.example.com,CC-1026,IE
NST-PER-3387,Northstar IC 3387,IC Finance,NST-PER-3382,IC,person3387@northstar-clinical.example.com,CC-1027,MX
NST-PER-3388,Northstar IC 3388,IC ERP,NST-PER-3383,IC,person3388@northstar-clinical.example.com,CC-1028,CN
NST-PER-3389,Northstar IC 3389,IC Quality,NST-PER-3384,IC,person3389@northstar-clinical.example.com,CC-1029,JP
NST-PER-3390,Northstar IC 3390,IC Manufacturing,NST-PER-3385,IC,person3390@northstar-clinical.example.com,CC-1030,SG
NST-PER-3391,Northstar IC 3391,IC HIS,NST-PER-3386,IC,person3391@northstar-clinical.example.com,CC-1031,BR
NST-PER-3392,Northstar IC 3392,IC Product,NST-PER-3387,IC,person3392@northstar-clinical.example.com,CC-1032,FR
NST-PER-3393,Northstar IC 3393,IC Security,NST-PER-3388,IC,person3393@northstar-clinical.example.com,CC-1033,GB
NST-PER-3394,Northstar IC 3394,IC Finance,NST-PER-3389,IC,person3394@northstar-clinical.example.com,CC-1034,IN
NST-PER-3395,Northstar IC 3395,IC ERP,NST-PER-3390,IC,person3395@northstar-clinical.example.com,CC-1035,CA
NST-PER-3396,Northstar IC 3396,IC Quality,NST-PER-3391,IC,person3396@northstar-clinical.example.com,CC-1036,US
NST-PER-3397,Northstar IC 3397,IC Manufacturing,NST-PER-3392,IC,person3397@northstar-clinical.example.com,CC-1037,DE
NST-PER-3398,Northstar IC 3398,IC HIS,NST-PER-3393,IC,person3398@northstar-clinical.example.com,CC-1038,IE
NST-PER-3399,Northstar IC 3399,IC Product,NST-PER-3394,IC,person3399@northstar-clinical.example.com,CC-1039,MX
NST-PER-3400,Northstar IC 3400,IC Security,NST-PER-3395,IC,person3400@northstar-clinical.example.com,CC-1040,CN
