tenant_key,program_name,business_sponsor,technology_owner,objective,scope,status,phase,target_outcomes,dependencies,risks,budget_usd,expected_value_usd,source_file,source_date,confidence,known_gaps,record_id,evidence_id,source_row_id,dimension_key,dimension_name,active_candidate_status,candidate_contract_version,load_run_id,generated_at,generation_method,source_basis,truth_statement
first-capital-financial,Digital Banking Modernization,Chief procurement officer,enterprise architecture,"Advance Payments Platform Resilience with governed evidence, safe controls, and candidate-only read models.",retail banking; card processing platform; InsightLake Analytics,approved,mobilize,planning outcomes only; realized value requires finance validation,card processing platform; InsightLake Analytics; retail banking evidence,data retention; no active promotion without review,28750000,0,datasets/tenant-inputs/candidates/first-capital-financial/rich-synthetic-2026-07-v3/09_programs_initiatives.csv,2026-07-17,high,data retention evidence requires owner validation; source is synthetic and candidate-only,FCF-09-00001,FCF-EVID-05401,FCF-09_PROGRAMS_INITIATIVES-SRC-00001,09_programs_initiatives,Programs & Initiatives,candidate,first-capital-financial-rich-standard-candidate-20260717,FCF-CANDIDATE-LOAD-20260717,2026-07-17T00:00:00.000Z,deterministic synthetic enterprise context generator,synthetic financial-services enterprise context generation,"This is planning-grade synthetic enterprise context. It is not real client production data, not PHI/PII/payment-card data, and not a claim of realized financial value."
first-capital-financial,Payments Platform Resilience,Chief people officer,platform engineering,"Advance Fraud and Financial Crimes Transformation with governed evidence, safe controls, and candidate-only read models.",commercial banking; payments hub; Servica Contact Cloud,approved,design,planning outcomes only; realized value requires finance validation,payments hub; Servica Contact Cloud; commercial banking evidence,access controls; no active promotion without review,28750000,0,datasets/tenant-inputs/candidates/first-capital-financial/rich-synthetic-2026-07-v3/09_programs_initiatives.csv,2026-07-17,medium,access controls evidence requires owner validation; source is synthetic and candidate-only,FCF-09-00002,FCF-EVID-05402,FCF-09_PROGRAMS_INITIATIVES-SRC-00002,09_programs_initiatives,Programs & Initiatives,candidate,first-capital-financial-rich-standard-candidate-20260717,FCF-CANDIDATE-LOAD-20260717,2026-07-17T00:00:00.000Z,deterministic synthetic enterprise context generator,synthetic financial-services enterprise context generation,"This is planning-grade synthetic enterprise context. It is not real client production data, not PHI/PII/payment-card data, and not a claim of realized financial value."
first-capital-financial,Fraud and Financial Crimes Transformation,Transformation office lead,application owner,"Advance Core Banking Simplification with governed evidence, safe controls, and candidate-only read models.",wealth advisory; ACH and wire operations; FraudShield Controls,approved,build,planning outcomes only; realized value requires finance validation,ACH and wire operations; FraudShield Controls; wealth advisory evidence,audit logging; no active promotion without review,28750000,0,datasets/tenant-inputs/candidates/first-capital-financial/rich-synthetic-2026-07-v3/09_programs_initiatives.csv,2026-07-17,medium,audit logging evidence requires owner validation; source is synthetic and candidate-only,FCF-09-00003,FCF-EVID-05403,FCF-09_PROGRAMS_INITIATIVES-SRC-00003,09_programs_initiatives,Programs & Initiatives,candidate,first-capital-financial-rich-standard-candidate-20260717,FCF-CANDIDATE-LOAD-20260717,2026-07-17T00:00:00.000Z,deterministic synthetic enterprise context generator,synthetic financial-services enterprise context generation,"This is planning-grade synthetic enterprise context. It is not real client production data, not PHI/PII/payment-card data, and not a claim of realized financial value."
first-capital-financial,Core Banking Simplification,Experience leader,data engineering,"Advance Data Governance and Lakehouse Foundation with governed evidence, safe controls, and candidate-only read models.",mortgage lending; fraud detection platform; ComplyCase Risk Systems,evidence gate,validate,planning outcomes only; realized value requires finance validation,fraud detection platform; ComplyCase Risk Systems; mortgage lending evidence,customer consent; no active promotion without review,28750000,0,datasets/tenant-inputs/candidates/first-capital-financial/rich-synthetic-2026-07-v3/09_programs_initiatives.csv,2026-07-17,high,customer consent evidence requires owner validation; source is synthetic and candidate-only,FCF-09-00004,FCF-EVID-05404,FCF-09_PROGRAMS_INITIATIVES-SRC-00004,09_programs_initiatives,Programs & Initiatives,candidate_review,first-capital-financial-rich-standard-candidate-20260717,FCF-CANDIDATE-LOAD-20260717,2026-07-17T00:00:00.000Z,deterministic synthetic enterprise context generator,synthetic financial-services enterprise context generation,"This is planning-grade synthetic enterprise context. It is not real client production data, not PHI/PII/payment-card data, and not a claim of realized financial value."
first-capital-financial,Data Governance and Lakehouse Foundation,Business unit president,IT service management,"Advance Regulatory Reporting Automation with governed evidence, safe controls, and candidate-only read models.",cards and payments; AML/KYC case management; CreditSignal Data Services,approved,control gate,planning outcomes only; realized value requires finance validation,AML/KYC case management; CreditSignal Data Services; cards and payments evidence,regulatory reporting accuracy; no active promotion without review,28750000,0,datasets/tenant-inputs/candidates/first-capital-financial/rich-synthetic-2026-07-v3/09_programs_initiatives.csv,2026-07-17,high,regulatory reporting accuracy evidence requires owner validation; source is synthetic and candidate-only,FCF-09-00005,FCF-EVID-05405,FCF-09_PROGRAMS_INITIATIVES-SRC-00005,09_programs_initiatives,Programs & Initiatives,candidate,first-capital-financial-rich-standard-candidate-20260717,FCF-CANDIDATE-LOAD-20260717,2026-07-17T00:00:00.000Z,deterministic synthetic enterprise context generator,synthetic financial-services enterprise context generation,"This is planning-grade synthetic enterprise context. It is not real client production data, not PHI/PII/payment-card data, and not a claim of realized financial value."
first-capital-financial,Regulatory Reporting Automation,Contact center leader,enterprise architecture,"Advance Contact Center Experience Transformation with governed evidence, safe controls, and candidate-only read models.",treasury services; CRM and banker desktop; RegOps Managed Services,approved,mobilize,planning outcomes only; realized value requires finance validation,CRM and banker desktop; RegOps Managed Services; treasury services evidence,operational resilience; no active promotion without review,28750000,0,datasets/tenant-inputs/candidates/first-capital-financial/rich-synthetic-2026-07-v3/09_programs_initiatives.csv,2026-07-17,medium,operational resilience evidence requires owner validation; source is synthetic and candidate-only,FCF-09-00006,FCF-EVID-05406,FCF-09_PROGRAMS_INITIATIVES-SRC-00006,09_programs_initiatives,Programs & Initiatives,candidate,first-capital-financial-rich-standard-candidate-20260717,FCF-CANDIDATE-LOAD-20260717,2026-07-17T00:00:00.000Z,deterministic synthetic enterprise context generator,synthetic financial-services enterprise context generation,"This is planning-grade synthetic enterprise context. It is not real client production data, not PHI/PII/payment-card data, and not a claim of realized financial value."
first-capital-financial,Contact Center Experience Transformation,Operations leader,platform engineering,"Advance Cloud Resilience and Zero Trust with governed evidence, safe controls, and candidate-only read models.",fraud operations; contact center platform; CyberGate Security,approved,design,planning outcomes only; realized value requires finance validation,contact center platform; CyberGate Security; fraud operations evidence,third-party risk; no active promotion without review,28750000,0,datasets/tenant-inputs/candidates/first-capital-financial/rich-synthetic-2026-07-v3/09_programs_initiatives.csv,2026-07-17,medium,third-party risk evidence requires owner validation; source is synthetic and candidate-only,FCF-09-00007,FCF-EVID-05407,FCF-09_PROGRAMS_INITIATIVES-SRC-00007,09_programs_initiatives,Programs & Initiatives,candidate,first-capital-financial-rich-standard-candidate-20260717,FCF-CANDIDATE-LOAD-20260717,2026-07-17T00:00:00.000Z,deterministic synthetic enterprise context generator,synthetic financial-services enterprise context generation,"This is planning-grade synthetic enterprise context. It is not real client production data, not PHI/PII/payment-card data, and not a claim of realized financial value."
first-capital-financial,Cloud Resilience and Zero Trust,Chief architect,application owner,"Advance Branch Workforce Productivity with governed evidence, safe controls, and candidate-only read models.",AML and KYC; mobile banking platform; LedgerWorks ERP,evidence gate,build,planning outcomes only; realized value requires finance validation,mobile banking platform; LedgerWorks ERP; AML and KYC evidence,cyber risk; no active promotion without review,28750000,0,datasets/tenant-inputs/candidates/first-capital-financial/rich-synthetic-2026-07-v3/09_programs_initiatives.csv,2026-07-17,high,cyber risk evidence requires owner validation; source is synthetic and candidate-only,FCF-09-00008,FCF-EVID-05408,FCF-09_PROGRAMS_INITIATIVES-SRC-00008,09_programs_initiatives,Programs & Initiatives,candidate_review,first-capital-financial-rich-standard-candidate-20260717,FCF-CANDIDATE-LOAD-20260717,2026-07-17T00:00:00.000Z,deterministic synthetic enterprise context generator,synthetic financial-services enterprise context generation,"This is planning-grade synthetic enterprise context. It is not real client production data, not PHI/PII/payment-card data, and not a claim of realized financial value."
first-capital-financial,Branch Workforce Productivity,Application owner,data engineering,"Advance Wealth Advisor Desktop Modernization with governed evidence, safe controls, and candidate-only read models.",risk and compliance; online banking platform; CoreBridge Banking Services,approved,validate,planning outcomes only; realized value requires finance validation,online banking platform; CoreBridge Banking Services; risk and compliance evidence,fraud loss; no active promotion without review,28750000,0,datasets/tenant-inputs/candidates/first-capital-financial/rich-synthetic-2026-07-v3/09_programs_initiatives.csv,2026-07-17,high,fraud loss evidence requires owner validation; source is synthetic and candidate-only,FCF-09-00009,FCF-EVID-05409,FCF-09_PROGRAMS_INITIATIVES-SRC-00009,09_programs_initiatives,Programs & Initiatives,candidate,first-capital-financial-rich-standard-candidate-20260717,FCF-CANDIDATE-LOAD-20260717,2026-07-17T00:00:00.000Z,deterministic synthetic enterprise context generator,synthetic financial-services enterprise context generation,"This is planning-grade synthetic enterprise context. It is not real client production data, not PHI/PII/payment-card data, and not a claim of realized financial value."
first-capital-financial,Wealth Advisor Desktop Modernization,ITSM leader,IT service management,"Advance Model Risk and AI Governance with governed evidence, safe controls, and candidate-only read models.",branch operations; cloud lakehouse foundation; CardRail Processing,approved,control gate,planning outcomes only; realized value requires finance validation,cloud lakehouse foundation; CardRail Processing; branch operations evidence,vendor concentration; no active promotion without review,28750000,0,datasets/tenant-inputs/candidates/first-capital-financial/rich-synthetic-2026-07-v3/09_programs_initiatives.csv,2026-07-17,medium,vendor concentration evidence requires owner validation; source is synthetic and candidate-only,FCF-09-00010,FCF-EVID-05410,FCF-09_PROGRAMS_INITIATIVES-SRC-00010,09_programs_initiatives,Programs & Initiatives,candidate,first-capital-financial-rich-standard-candidate-20260717,FCF-CANDIDATE-LOAD-20260717,2026-07-17T00:00:00.000Z,deterministic synthetic enterprise context generator,synthetic financial-services enterprise context generation,"This is planning-grade synthetic enterprise context. It is not real client production data, not PHI/PII/payment-card data, and not a claim of realized financial value."
first-capital-financial,Model Risk and AI Governance,CEO,enterprise architecture,"Advance Finance and GL Modernization with governed evidence, safe controls, and candidate-only read models.",contact center; enterprise risk platform; PayAxis Network Services,approved,mobilize,planning outcomes only; realized value requires finance validation,enterprise risk platform; PayAxis Network Services; contact center evidence,cloud exit and resilience; no active promotion without review,28750000,0,datasets/tenant-inputs/candidates/first-capital-financial/rich-synthetic-2026-07-v3/09_programs_initiatives.csv,2026-07-17,medium,cloud exit and resilience evidence requires owner validation; source is synthetic and candidate-only,FCF-09-00011,FCF-EVID-05411,FCF-09_PROGRAMS_INITIATIVES-SRC-00011,09_programs_initiatives,Programs & Initiatives,candidate,first-capital-financial-rich-standard-candidate-20260717,FCF-CANDIDATE-LOAD-20260717,2026-07-17T00:00:00.000Z,deterministic synthetic enterprise context generator,synthetic financial-services enterprise context generation,"This is planning-grade synthetic enterprise context. It is not real client production data, not PHI/PII/payment-card data, and not a claim of realized financial value."
first-capital-financial,Finance and GL Modernization,CFO,platform engineering,"Advance Digital Banking Modernization with governed evidence, safe controls, and candidate-only read models.",digital banking; general ledger and ERP; CloudNorth Data Platform,evidence gate,design,planning outcomes only; realized value requires finance validation,general ledger and ERP; CloudNorth Data Platform; digital banking evidence,model risk management; no active promotion without review,28750000,0,datasets/tenant-inputs/candidates/first-capital-financial/rich-synthetic-2026-07-v3/09_programs_initiatives.csv,2026-07-17,high,model risk management evidence requires owner validation; source is synthetic and candidate-only,FCF-09-00012,FCF-EVID-05412,FCF-09_PROGRAMS_INITIATIVES-SRC-00012,09_programs_initiatives,Programs & Initiatives,candidate_review,first-capital-financial-rich-standard-candidate-20260717,FCF-CANDIDATE-LOAD-20260717,2026-07-17T00:00:00.000Z,deterministic synthetic enterprise context generator,synthetic financial-services enterprise context generation,"This is planning-grade synthetic enterprise context. It is not real client production data, not PHI/PII/payment-card data, and not a claim of realized financial value."
first-capital-financial,Digital Banking Modernization,COO,application owner,"Advance Payments Platform Resilience with governed evidence, safe controls, and candidate-only read models.",finance and treasury; identity and access management; InsightLake Analytics,approved,build,planning outcomes only; realized value requires finance validation,identity and access management; InsightLake Analytics; finance and treasury evidence,fair lending and bias; no active promotion without review,28750000,0,datasets/tenant-inputs/candidates/first-capital-financial/rich-synthetic-2026-07-v3/09_programs_initiatives.csv,2026-07-17,high,fair lending and bias evidence requires owner validation; source is synthetic and candidate-only,FCF-09-00013,FCF-EVID-05413,FCF-09_PROGRAMS_INITIATIVES-SRC-00013,09_programs_initiatives,Programs & Initiatives,candidate,first-capital-financial-rich-standard-candidate-20260717,FCF-CANDIDATE-LOAD-20260717,2026-07-17T00:00:00.000Z,deterministic synthetic enterprise context generator,synthetic financial-services enterprise context generation,"This is planning-grade synthetic enterprise context. It is not real client production data, not PHI/PII/payment-card data, and not a claim of realized financial value."
first-capital-financial,Payments Platform Resilience,CIO,data engineering,"Advance Fraud and Financial Crimes Transformation with governed evidence, safe controls, and candidate-only read models.",HR and change; model risk management system; Servica Contact Cloud,approved,validate,planning outcomes only; realized value requires finance validation,model risk management system; Servica Contact Cloud; HR and change evidence,explainability; no active promotion without review,28750000,0,datasets/tenant-inputs/candidates/first-capital-financial/rich-synthetic-2026-07-v3/09_programs_initiatives.csv,2026-07-17,medium,explainability evidence requires owner validation; source is synthetic and candidate-only,FCF-09-00014,FCF-EVID-05414,FCF-09_PROGRAMS_INITIATIVES-SRC-00014,09_programs_initiatives,Programs & Initiatives,candidate,first-capital-financial-rich-standard-candidate-20260717,FCF-CANDIDATE-LOAD-20260717,2026-07-17T00:00:00.000Z,deterministic synthetic enterprise context generator,synthetic financial-services enterprise context generation,"This is planning-grade synthetic enterprise context. It is not real client production data, not PHI/PII/payment-card data, and not a claim of realized financial value."
first-capital-financial,Fraud and Financial Crimes Transformation,CTO,IT service management,"Advance Core Banking Simplification with governed evidence, safe controls, and candidate-only read models.",platform engineering; regulatory reporting platform; FraudShield Controls,approved,control gate,planning outcomes only; realized value requires finance validation,regulatory reporting platform; FraudShield Controls; platform engineering evidence,GLBA privacy; no active promotion without review,28750000,0,datasets/tenant-inputs/candidates/first-capital-financial/rich-synthetic-2026-07-v3/09_programs_initiatives.csv,2026-07-17,medium,GLBA privacy evidence requires owner validation; source is synthetic and candidate-only,FCF-09-00015,FCF-EVID-05415,FCF-09_PROGRAMS_INITIATIVES-SRC-00015,09_programs_initiatives,Programs & Initiatives,candidate,first-capital-financial-rich-standard-candidate-20260717,FCF-CANDIDATE-LOAD-20260717,2026-07-17T00:00:00.000Z,deterministic synthetic enterprise context generator,synthetic financial-services enterprise context generation,"This is planning-grade synthetic enterprise context. It is not real client production data, not PHI/PII/payment-card data, and not a claim of realized financial value."
first-capital-financial,Core Banking Simplification,CDAO,enterprise architecture,"Advance Data Governance and Lakehouse Foundation with governed evidence, safe controls, and candidate-only read models.",data and analytics; document management platform; ComplyCase Risk Systems,evidence gate,mobilize,planning outcomes only; realized value requires finance validation,document management platform; ComplyCase Risk Systems; data and analytics evidence,PCI DSS; no active promotion without review,28750000,0,datasets/tenant-inputs/candidates/first-capital-financial/rich-synthetic-2026-07-v3/09_programs_initiatives.csv,2026-07-17,high,PCI DSS evidence requires owner validation; source is synthetic and candidate-only,FCF-09-00016,FCF-EVID-05416,FCF-09_PROGRAMS_INITIATIVES-SRC-00016,09_programs_initiatives,Programs & Initiatives,candidate_review,first-capital-financial-rich-standard-candidate-20260717,FCF-CANDIDATE-LOAD-20260717,2026-07-17T00:00:00.000Z,deterministic synthetic enterprise context generator,synthetic financial-services enterprise context generation,"This is planning-grade synthetic enterprise context. It is not real client production data, not PHI/PII/payment-card data, and not a claim of realized financial value."
first-capital-financial,Data Governance and Lakehouse Foundation,CISO,platform engineering,"Advance Regulatory Reporting Automation with governed evidence, safe controls, and candidate-only read models.",regulatory reporting; core banking platform; CreditSignal Data Services,approved,design,planning outcomes only; realized value requires finance validation,core banking platform; CreditSignal Data Services; regulatory reporting evidence,data retention; no active promotion without review,28750000,0,datasets/tenant-inputs/candidates/first-capital-financial/rich-synthetic-2026-07-v3/09_programs_initiatives.csv,2026-07-17,high,data retention evidence requires owner validation; source is synthetic and candidate-only,FCF-09-00017,FCF-EVID-05417,FCF-09_PROGRAMS_INITIATIVES-SRC-00017,09_programs_initiatives,Programs & Initiatives,candidate,first-capital-financial-rich-standard-candidate-20260717,FCF-CANDIDATE-LOAD-20260717,2026-07-17T00:00:00.000Z,deterministic synthetic enterprise context generator,synthetic financial-services enterprise context generation,"This is planning-grade synthetic enterprise context. It is not real client production data, not PHI/PII/payment-card data, and not a claim of realized financial value."
first-capital-financial,Regulatory Reporting Automation,Chief compliance officer,application owner,"Advance Contact Center Experience Transformation with governed evidence, safe controls, and candidate-only read models.",vendor management; loan origination platform; RegOps Managed Services,approved,build,planning outcomes only; realized value requires finance validation,loan origination platform; RegOps Managed Services; vendor management evidence,access controls; no active promotion without review,28750000,0,datasets/tenant-inputs/candidates/first-capital-financial/rich-synthetic-2026-07-v3/09_programs_initiatives.csv,2026-07-17,medium,access controls evidence requires owner validation; source is synthetic and candidate-only,FCF-09-00018,FCF-EVID-05418,FCF-09_PROGRAMS_INITIATIVES-SRC-00018,09_programs_initiatives,Programs & Initiatives,candidate,first-capital-financial-rich-standard-candidate-20260717,FCF-CANDIDATE-LOAD-20260717,2026-07-17T00:00:00.000Z,deterministic synthetic enterprise context generator,synthetic financial-services enterprise context generation,"This is planning-grade synthetic enterprise context. It is not real client production data, not PHI/PII/payment-card data, and not a claim of realized financial value."
first-capital-financial,Contact Center Experience Transformation,Chief procurement officer,data engineering,"Advance Cloud Resilience and Zero Trust with governed evidence, safe controls, and candidate-only read models.",retail banking; card processing platform; CyberGate Security,approved,validate,planning outcomes only; realized value requires finance validation,card processing platform; CyberGate Security; retail banking evidence,audit logging; no active promotion without review,28750000,0,datasets/tenant-inputs/candidates/first-capital-financial/rich-synthetic-2026-07-v3/09_programs_initiatives.csv,2026-07-17,medium,audit logging evidence requires owner validation; source is synthetic and candidate-only,FCF-09-00019,FCF-EVID-05419,FCF-09_PROGRAMS_INITIATIVES-SRC-00019,09_programs_initiatives,Programs & Initiatives,candidate,first-capital-financial-rich-standard-candidate-20260717,FCF-CANDIDATE-LOAD-20260717,2026-07-17T00:00:00.000Z,deterministic synthetic enterprise context generator,synthetic financial-services enterprise context generation,"This is planning-grade synthetic enterprise context. It is not real client production data, not PHI/PII/payment-card data, and not a claim of realized financial value."
first-capital-financial,Cloud Resilience and Zero Trust,Chief people officer,IT service management,"Advance Branch Workforce Productivity with governed evidence, safe controls, and candidate-only read models.",commercial banking; payments hub; LedgerWorks ERP,evidence gate,control gate,planning outcomes only; realized value requires finance validation,payments hub; LedgerWorks ERP; commercial banking evidence,customer consent; no active promotion without review,28750000,0,datasets/tenant-inputs/candidates/first-capital-financial/rich-synthetic-2026-07-v3/09_programs_initiatives.csv,2026-07-17,high,customer consent evidence requires owner validation; source is synthetic and candidate-only,FCF-09-00020,FCF-EVID-05420,FCF-09_PROGRAMS_INITIATIVES-SRC-00020,09_programs_initiatives,Programs & Initiatives,candidate_review,first-capital-financial-rich-standard-candidate-20260717,FCF-CANDIDATE-LOAD-20260717,2026-07-17T00:00:00.000Z,deterministic synthetic enterprise context generator,synthetic financial-services enterprise context generation,"This is planning-grade synthetic enterprise context. It is not real client production data, not PHI/PII/payment-card data, and not a claim of realized financial value."
first-capital-financial,Branch Workforce Productivity,Transformation office lead,enterprise architecture,"Advance Wealth Advisor Desktop Modernization with governed evidence, safe controls, and candidate-only read models.",wealth advisory; ACH and wire operations; CoreBridge Banking Services,approved,mobilize,planning outcomes only; realized value requires finance validation,ACH and wire operations; CoreBridge Banking Services; wealth advisory evidence,regulatory reporting accuracy; no active promotion without review,28750000,0,datasets/tenant-inputs/candidates/first-capital-financial/rich-synthetic-2026-07-v3/09_programs_initiatives.csv,2026-07-17,high,regulatory reporting accuracy evidence requires owner validation; source is synthetic and candidate-only,FCF-09-00021,FCF-EVID-05421,FCF-09_PROGRAMS_INITIATIVES-SRC-00021,09_programs_initiatives,Programs & Initiatives,candidate,first-capital-financial-rich-standard-candidate-20260717,FCF-CANDIDATE-LOAD-20260717,2026-07-17T00:00:00.000Z,deterministic synthetic enterprise context generator,synthetic financial-services enterprise context generation,"This is planning-grade synthetic enterprise context. It is not real client production data, not PHI/PII/payment-card data, and not a claim of realized financial value."
first-capital-financial,Wealth Advisor Desktop Modernization,Experience leader,platform engineering,"Advance Model Risk and AI Governance with governed evidence, safe controls, and candidate-only read models.",mortgage lending; fraud detection platform; CardRail Processing,approved,design,planning outcomes only; realized value requires finance validation,fraud detection platform; CardRail Processing; mortgage lending evidence,operational resilience; no active promotion without review,28750000,0,datasets/tenant-inputs/candidates/first-capital-financial/rich-synthetic-2026-07-v3/09_programs_initiatives.csv,2026-07-17,medium,operational resilience evidence requires owner validation; source is synthetic and candidate-only,FCF-09-00022,FCF-EVID-05422,FCF-09_PROGRAMS_INITIATIVES-SRC-00022,09_programs_initiatives,Programs & Initiatives,candidate,first-capital-financial-rich-standard-candidate-20260717,FCF-CANDIDATE-LOAD-20260717,2026-07-17T00:00:00.000Z,deterministic synthetic enterprise context generator,synthetic financial-services enterprise context generation,"This is planning-grade synthetic enterprise context. It is not real client production data, not PHI/PII/payment-card data, and not a claim of realized financial value."
first-capital-financial,Model Risk and AI Governance,Business unit president,application owner,"Advance Finance and GL Modernization with governed evidence, safe controls, and candidate-only read models.",cards and payments; AML/KYC case management; PayAxis Network Services,approved,build,planning outcomes only; realized value requires finance validation,AML/KYC case management; PayAxis Network Services; cards and payments evidence,third-party risk; no active promotion without review,28750000,0,datasets/tenant-inputs/candidates/first-capital-financial/rich-synthetic-2026-07-v3/09_programs_initiatives.csv,2026-07-17,medium,third-party risk evidence requires owner validation; source is synthetic and candidate-only,FCF-09-00023,FCF-EVID-05423,FCF-09_PROGRAMS_INITIATIVES-SRC-00023,09_programs_initiatives,Programs & Initiatives,candidate,first-capital-financial-rich-standard-candidate-20260717,FCF-CANDIDATE-LOAD-20260717,2026-07-17T00:00:00.000Z,deterministic synthetic enterprise context generator,synthetic financial-services enterprise context generation,"This is planning-grade synthetic enterprise context. It is not real client production data, not PHI/PII/payment-card data, and not a claim of realized financial value."
first-capital-financial,Finance and GL Modernization,Contact center leader,data engineering,"Advance Digital Banking Modernization with governed evidence, safe controls, and candidate-only read models.",treasury services; CRM and banker desktop; CloudNorth Data Platform,evidence gate,validate,planning outcomes only; realized value requires finance validation,CRM and banker desktop; CloudNorth Data Platform; treasury services evidence,cyber risk; no active promotion without review,28750000,0,datasets/tenant-inputs/candidates/first-capital-financial/rich-synthetic-2026-07-v3/09_programs_initiatives.csv,2026-07-17,high,cyber risk evidence requires owner validation; source is synthetic and candidate-only,FCF-09-00024,FCF-EVID-05424,FCF-09_PROGRAMS_INITIATIVES-SRC-00024,09_programs_initiatives,Programs & Initiatives,candidate_review,first-capital-financial-rich-standard-candidate-20260717,FCF-CANDIDATE-LOAD-20260717,2026-07-17T00:00:00.000Z,deterministic synthetic enterprise context generator,synthetic financial-services enterprise context generation,"This is planning-grade synthetic enterprise context. It is not real client production data, not PHI/PII/payment-card data, and not a claim of realized financial value."
first-capital-financial,Digital Banking Modernization,Operations leader,IT service management,"Advance Payments Platform Resilience with governed evidence, safe controls, and candidate-only read models.",fraud operations; contact center platform; InsightLake Analytics,approved,control gate,planning outcomes only; realized value requires finance validation,contact center platform; InsightLake Analytics; fraud operations evidence,fraud loss; no active promotion without review,28750000,0,datasets/tenant-inputs/candidates/first-capital-financial/rich-synthetic-2026-07-v3/09_programs_initiatives.csv,2026-07-17,high,fraud loss evidence requires owner validation; source is synthetic and candidate-only,FCF-09-00025,FCF-EVID-05425,FCF-09_PROGRAMS_INITIATIVES-SRC-00025,09_programs_initiatives,Programs & Initiatives,candidate,first-capital-financial-rich-standard-candidate-20260717,FCF-CANDIDATE-LOAD-20260717,2026-07-17T00:00:00.000Z,deterministic synthetic enterprise context generator,synthetic financial-services enterprise context generation,"This is planning-grade synthetic enterprise context. It is not real client production data, not PHI/PII/payment-card data, and not a claim of realized financial value."
first-capital-financial,Payments Platform Resilience,Chief architect,enterprise architecture,"Advance Fraud and Financial Crimes Transformation with governed evidence, safe controls, and candidate-only read models.",AML and KYC; mobile banking platform; Servica Contact Cloud,approved,mobilize,planning outcomes only; realized value requires finance validation,mobile banking platform; Servica Contact Cloud; AML and KYC evidence,vendor concentration; no active promotion without review,28750000,0,datasets/tenant-inputs/candidates/first-capital-financial/rich-synthetic-2026-07-v3/09_programs_initiatives.csv,2026-07-17,medium,vendor concentration evidence requires owner validation; source is synthetic and candidate-only,FCF-09-00026,FCF-EVID-05426,FCF-09_PROGRAMS_INITIATIVES-SRC-00026,09_programs_initiatives,Programs & Initiatives,candidate,first-capital-financial-rich-standard-candidate-20260717,FCF-CANDIDATE-LOAD-20260717,2026-07-17T00:00:00.000Z,deterministic synthetic enterprise context generator,synthetic financial-services enterprise context generation,"This is planning-grade synthetic enterprise context. It is not real client production data, not PHI/PII/payment-card data, and not a claim of realized financial value."
first-capital-financial,Fraud and Financial Crimes Transformation,Application owner,platform engineering,"Advance Core Banking Simplification with governed evidence, safe controls, and candidate-only read models.",risk and compliance; online banking platform; FraudShield Controls,approved,design,planning outcomes only; realized value requires finance validation,online banking platform; FraudShield Controls; risk and compliance evidence,cloud exit and resilience; no active promotion without review,28750000,0,datasets/tenant-inputs/candidates/first-capital-financial/rich-synthetic-2026-07-v3/09_programs_initiatives.csv,2026-07-17,medium,cloud exit and resilience evidence requires owner validation; source is synthetic and candidate-only,FCF-09-00027,FCF-EVID-05427,FCF-09_PROGRAMS_INITIATIVES-SRC-00027,09_programs_initiatives,Programs & Initiatives,candidate,first-capital-financial-rich-standard-candidate-20260717,FCF-CANDIDATE-LOAD-20260717,2026-07-17T00:00:00.000Z,deterministic synthetic enterprise context generator,synthetic financial-services enterprise context generation,"This is planning-grade synthetic enterprise context. It is not real client production data, not PHI/PII/payment-card data, and not a claim of realized financial value."
first-capital-financial,Core Banking Simplification,ITSM leader,application owner,"Advance Data Governance and Lakehouse Foundation with governed evidence, safe controls, and candidate-only read models.",branch operations; cloud lakehouse foundation; ComplyCase Risk Systems,evidence gate,build,planning outcomes only; realized value requires finance validation,cloud lakehouse foundation; ComplyCase Risk Systems; branch operations evidence,model risk management; no active promotion without review,28750000,0,datasets/tenant-inputs/candidates/first-capital-financial/rich-synthetic-2026-07-v3/09_programs_initiatives.csv,2026-07-17,high,model risk management evidence requires owner validation; source is synthetic and candidate-only,FCF-09-00028,FCF-EVID-05428,FCF-09_PROGRAMS_INITIATIVES-SRC-00028,09_programs_initiatives,Programs & Initiatives,candidate_review,first-capital-financial-rich-standard-candidate-20260717,FCF-CANDIDATE-LOAD-20260717,2026-07-17T00:00:00.000Z,deterministic synthetic enterprise context generator,synthetic financial-services enterprise context generation,"This is planning-grade synthetic enterprise context. It is not real client production data, not PHI/PII/payment-card data, and not a claim of realized financial value."
first-capital-financial,Data Governance and Lakehouse Foundation,CEO,data engineering,"Advance Regulatory Reporting Automation with governed evidence, safe controls, and candidate-only read models.",contact center; enterprise risk platform; CreditSignal Data Services,approved,validate,planning outcomes only; realized value requires finance validation,enterprise risk platform; CreditSignal Data Services; contact center evidence,fair lending and bias; no active promotion without review,28750000,0,datasets/tenant-inputs/candidates/first-capital-financial/rich-synthetic-2026-07-v3/09_programs_initiatives.csv,2026-07-17,high,fair lending and bias evidence requires owner validation; source is synthetic and candidate-only,FCF-09-00029,FCF-EVID-05429,FCF-09_PROGRAMS_INITIATIVES-SRC-00029,09_programs_initiatives,Programs & Initiatives,candidate,first-capital-financial-rich-standard-candidate-20260717,FCF-CANDIDATE-LOAD-20260717,2026-07-17T00:00:00.000Z,deterministic synthetic enterprise context generator,synthetic financial-services enterprise context generation,"This is planning-grade synthetic enterprise context. It is not real client production data, not PHI/PII/payment-card data, and not a claim of realized financial value."
first-capital-financial,Regulatory Reporting Automation,CFO,IT service management,"Advance Contact Center Experience Transformation with governed evidence, safe controls, and candidate-only read models.",digital banking; general ledger and ERP; RegOps Managed Services,approved,control gate,planning outcomes only; realized value requires finance validation,general ledger and ERP; RegOps Managed Services; digital banking evidence,explainability; no active promotion without review,28750000,0,datasets/tenant-inputs/candidates/first-capital-financial/rich-synthetic-2026-07-v3/09_programs_initiatives.csv,2026-07-17,medium,explainability evidence requires owner validation; source is synthetic and candidate-only,FCF-09-00030,FCF-EVID-05430,FCF-09_PROGRAMS_INITIATIVES-SRC-00030,09_programs_initiatives,Programs & Initiatives,candidate,first-capital-financial-rich-standard-candidate-20260717,FCF-CANDIDATE-LOAD-20260717,2026-07-17T00:00:00.000Z,deterministic synthetic enterprise context generator,synthetic financial-services enterprise context generation,"This is planning-grade synthetic enterprise context. It is not real client production data, not PHI/PII/payment-card data, and not a claim of realized financial value."
first-capital-financial,Contact Center Experience Transformation,COO,enterprise architecture,"Advance Cloud Resilience and Zero Trust with governed evidence, safe controls, and candidate-only read models.",finance and treasury; identity and access management; CyberGate Security,approved,mobilize,planning outcomes only; realized value requires finance validation,identity and access management; CyberGate Security; finance and treasury evidence,GLBA privacy; no active promotion without review,28750000,0,datasets/tenant-inputs/candidates/first-capital-financial/rich-synthetic-2026-07-v3/09_programs_initiatives.csv,2026-07-17,medium,GLBA privacy evidence requires owner validation; source is synthetic and candidate-only,FCF-09-00031,FCF-EVID-05431,FCF-09_PROGRAMS_INITIATIVES-SRC-00031,09_programs_initiatives,Programs & Initiatives,candidate,first-capital-financial-rich-standard-candidate-20260717,FCF-CANDIDATE-LOAD-20260717,2026-07-17T00:00:00.000Z,deterministic synthetic enterprise context generator,synthetic financial-services enterprise context generation,"This is planning-grade synthetic enterprise context. It is not real client production data, not PHI/PII/payment-card data, and not a claim of realized financial value."
first-capital-financial,Cloud Resilience and Zero Trust,CIO,platform engineering,"Advance Branch Workforce Productivity with governed evidence, safe controls, and candidate-only read models.",HR and change; model risk management system; LedgerWorks ERP,evidence gate,design,planning outcomes only; realized value requires finance validation,model risk management system; LedgerWorks ERP; HR and change evidence,PCI DSS; no active promotion without review,28750000,0,datasets/tenant-inputs/candidates/first-capital-financial/rich-synthetic-2026-07-v3/09_programs_initiatives.csv,2026-07-17,high,PCI DSS evidence requires owner validation; source is synthetic and candidate-only,FCF-09-00032,FCF-EVID-05432,FCF-09_PROGRAMS_INITIATIVES-SRC-00032,09_programs_initiatives,Programs & Initiatives,candidate_review,first-capital-financial-rich-standard-candidate-20260717,FCF-CANDIDATE-LOAD-20260717,2026-07-17T00:00:00.000Z,deterministic synthetic enterprise context generator,synthetic financial-services enterprise context generation,"This is planning-grade synthetic enterprise context. It is not real client production data, not PHI/PII/payment-card data, and not a claim of realized financial value."
first-capital-financial,Branch Workforce Productivity,CTO,application owner,"Advance Wealth Advisor Desktop Modernization with governed evidence, safe controls, and candidate-only read models.",platform engineering; regulatory reporting platform; CoreBridge Banking Services,approved,build,planning outcomes only; realized value requires finance validation,regulatory reporting platform; CoreBridge Banking Services; platform engineering evidence,data retention; no active promotion without review,28750000,0,datasets/tenant-inputs/candidates/first-capital-financial/rich-synthetic-2026-07-v3/09_programs_initiatives.csv,2026-07-17,high,data retention evidence requires owner validation; source is synthetic and candidate-only,FCF-09-00033,FCF-EVID-05433,FCF-09_PROGRAMS_INITIATIVES-SRC-00033,09_programs_initiatives,Programs & Initiatives,candidate,first-capital-financial-rich-standard-candidate-20260717,FCF-CANDIDATE-LOAD-20260717,2026-07-17T00:00:00.000Z,deterministic synthetic enterprise context generator,synthetic financial-services enterprise context generation,"This is planning-grade synthetic enterprise context. It is not real client production data, not PHI/PII/payment-card data, and not a claim of realized financial value."
first-capital-financial,Wealth Advisor Desktop Modernization,CDAO,data engineering,"Advance Model Risk and AI Governance with governed evidence, safe controls, and candidate-only read models.",data and analytics; document management platform; CardRail Processing,approved,validate,planning outcomes only; realized value requires finance validation,document management platform; CardRail Processing; data and analytics evidence,access controls; no active promotion without review,28750000,0,datasets/tenant-inputs/candidates/first-capital-financial/rich-synthetic-2026-07-v3/09_programs_initiatives.csv,2026-07-17,medium,access controls evidence requires owner validation; source is synthetic and candidate-only,FCF-09-00034,FCF-EVID-05434,FCF-09_PROGRAMS_INITIATIVES-SRC-00034,09_programs_initiatives,Programs & Initiatives,candidate,first-capital-financial-rich-standard-candidate-20260717,FCF-CANDIDATE-LOAD-20260717,2026-07-17T00:00:00.000Z,deterministic synthetic enterprise context generator,synthetic financial-services enterprise context generation,"This is planning-grade synthetic enterprise context. It is not real client production data, not PHI/PII/payment-card data, and not a claim of realized financial value."
first-capital-financial,Model Risk and AI Governance,CISO,IT service management,"Advance Finance and GL Modernization with governed evidence, safe controls, and candidate-only read models.",regulatory reporting; core banking platform; PayAxis Network Services,approved,control gate,planning outcomes only; realized value requires finance validation,core banking platform; PayAxis Network Services; regulatory reporting evidence,audit logging; no active promotion without review,28750000,0,datasets/tenant-inputs/candidates/first-capital-financial/rich-synthetic-2026-07-v3/09_programs_initiatives.csv,2026-07-17,medium,audit logging evidence requires owner validation; source is synthetic and candidate-only,FCF-09-00035,FCF-EVID-05435,FCF-09_PROGRAMS_INITIATIVES-SRC-00035,09_programs_initiatives,Programs & Initiatives,candidate,first-capital-financial-rich-standard-candidate-20260717,FCF-CANDIDATE-LOAD-20260717,2026-07-17T00:00:00.000Z,deterministic synthetic enterprise context generator,synthetic financial-services enterprise context generation,"This is planning-grade synthetic enterprise context. It is not real client production data, not PHI/PII/payment-card data, and not a claim of realized financial value."
first-capital-financial,Finance and GL Modernization,Chief compliance officer,enterprise architecture,"Advance Digital Banking Modernization with governed evidence, safe controls, and candidate-only read models.",vendor management; loan origination platform; CloudNorth Data Platform,evidence gate,mobilize,planning outcomes only; realized value requires finance validation,loan origination platform; CloudNorth Data Platform; vendor management evidence,customer consent; no active promotion without review,28750000,0,datasets/tenant-inputs/candidates/first-capital-financial/rich-synthetic-2026-07-v3/09_programs_initiatives.csv,2026-07-17,high,customer consent evidence requires owner validation; source is synthetic and candidate-only,FCF-09-00036,FCF-EVID-05436,FCF-09_PROGRAMS_INITIATIVES-SRC-00036,09_programs_initiatives,Programs & Initiatives,candidate_review,first-capital-financial-rich-standard-candidate-20260717,FCF-CANDIDATE-LOAD-20260717,2026-07-17T00:00:00.000Z,deterministic synthetic enterprise context generator,synthetic financial-services enterprise context generation,"This is planning-grade synthetic enterprise context. It is not real client production data, not PHI/PII/payment-card data, and not a claim of realized financial value."
first-capital-financial,Digital Banking Modernization,Chief procurement officer,platform engineering,"Advance Payments Platform Resilience with governed evidence, safe controls, and candidate-only read models.",retail banking; card processing platform; InsightLake Analytics,approved,design,planning outcomes only; realized value requires finance validation,card processing platform; InsightLake Analytics; retail banking evidence,regulatory reporting accuracy; no active promotion without review,28750000,0,datasets/tenant-inputs/candidates/first-capital-financial/rich-synthetic-2026-07-v3/09_programs_initiatives.csv,2026-07-17,high,regulatory reporting accuracy evidence requires owner validation; source is synthetic and candidate-only,FCF-09-00037,FCF-EVID-05437,FCF-09_PROGRAMS_INITIATIVES-SRC-00037,09_programs_initiatives,Programs & Initiatives,candidate,first-capital-financial-rich-standard-candidate-20260717,FCF-CANDIDATE-LOAD-20260717,2026-07-17T00:00:00.000Z,deterministic synthetic enterprise context generator,synthetic financial-services enterprise context generation,"This is planning-grade synthetic enterprise context. It is not real client production data, not PHI/PII/payment-card data, and not a claim of realized financial value."
first-capital-financial,Payments Platform Resilience,Chief people officer,application owner,"Advance Fraud and Financial Crimes Transformation with governed evidence, safe controls, and candidate-only read models.",commercial banking; payments hub; Servica Contact Cloud,approved,build,planning outcomes only; realized value requires finance validation,payments hub; Servica Contact Cloud; commercial banking evidence,operational resilience; no active promotion without review,28750000,0,datasets/tenant-inputs/candidates/first-capital-financial/rich-synthetic-2026-07-v3/09_programs_initiatives.csv,2026-07-17,medium,operational resilience evidence requires owner validation; source is synthetic and candidate-only,FCF-09-00038,FCF-EVID-05438,FCF-09_PROGRAMS_INITIATIVES-SRC-00038,09_programs_initiatives,Programs & Initiatives,candidate,first-capital-financial-rich-standard-candidate-20260717,FCF-CANDIDATE-LOAD-20260717,2026-07-17T00:00:00.000Z,deterministic synthetic enterprise context generator,synthetic financial-services enterprise context generation,"This is planning-grade synthetic enterprise context. It is not real client production data, not PHI/PII/payment-card data, and not a claim of realized financial value."
first-capital-financial,Fraud and Financial Crimes Transformation,Transformation office lead,data engineering,"Advance Core Banking Simplification with governed evidence, safe controls, and candidate-only read models.",wealth advisory; ACH and wire operations; FraudShield Controls,approved,validate,planning outcomes only; realized value requires finance validation,ACH and wire operations; FraudShield Controls; wealth advisory evidence,third-party risk; no active promotion without review,28750000,0,datasets/tenant-inputs/candidates/first-capital-financial/rich-synthetic-2026-07-v3/09_programs_initiatives.csv,2026-07-17,medium,third-party risk evidence requires owner validation; source is synthetic and candidate-only,FCF-09-00039,FCF-EVID-05439,FCF-09_PROGRAMS_INITIATIVES-SRC-00039,09_programs_initiatives,Programs & Initiatives,candidate,first-capital-financial-rich-standard-candidate-20260717,FCF-CANDIDATE-LOAD-20260717,2026-07-17T00:00:00.000Z,deterministic synthetic enterprise context generator,synthetic financial-services enterprise context generation,"This is planning-grade synthetic enterprise context. It is not real client production data, not PHI/PII/payment-card data, and not a claim of realized financial value."
first-capital-financial,Core Banking Simplification,Experience leader,IT service management,"Advance Data Governance and Lakehouse Foundation with governed evidence, safe controls, and candidate-only read models.",mortgage lending; fraud detection platform; ComplyCase Risk Systems,evidence gate,control gate,planning outcomes only; realized value requires finance validation,fraud detection platform; ComplyCase Risk Systems; mortgage lending evidence,cyber risk; no active promotion without review,28750000,0,datasets/tenant-inputs/candidates/first-capital-financial/rich-synthetic-2026-07-v3/09_programs_initiatives.csv,2026-07-17,high,cyber risk evidence requires owner validation; source is synthetic and candidate-only,FCF-09-00040,FCF-EVID-05440,FCF-09_PROGRAMS_INITIATIVES-SRC-00040,09_programs_initiatives,Programs & Initiatives,candidate_review,first-capital-financial-rich-standard-candidate-20260717,FCF-CANDIDATE-LOAD-20260717,2026-07-17T00:00:00.000Z,deterministic synthetic enterprise context generator,synthetic financial-services enterprise context generation,"This is planning-grade synthetic enterprise context. It is not real client production data, not PHI/PII/payment-card data, and not a claim of realized financial value."
first-capital-financial,Data Governance and Lakehouse Foundation,Business unit president,enterprise architecture,"Advance Regulatory Reporting Automation with governed evidence, safe controls, and candidate-only read models.",cards and payments; AML/KYC case management; CreditSignal Data Services,approved,mobilize,planning outcomes only; realized value requires finance validation,AML/KYC case management; CreditSignal Data Services; cards and payments evidence,fraud loss; no active promotion without review,28750000,0,datasets/tenant-inputs/candidates/first-capital-financial/rich-synthetic-2026-07-v3/09_programs_initiatives.csv,2026-07-17,high,fraud loss evidence requires owner validation; source is synthetic and candidate-only,FCF-09-00041,FCF-EVID-05441,FCF-09_PROGRAMS_INITIATIVES-SRC-00041,09_programs_initiatives,Programs & Initiatives,candidate,first-capital-financial-rich-standard-candidate-20260717,FCF-CANDIDATE-LOAD-20260717,2026-07-17T00:00:00.000Z,deterministic synthetic enterprise context generator,synthetic financial-services enterprise context generation,"This is planning-grade synthetic enterprise context. It is not real client production data, not PHI/PII/payment-card data, and not a claim of realized financial value."
first-capital-financial,Regulatory Reporting Automation,Contact center leader,platform engineering,"Advance Contact Center Experience Transformation with governed evidence, safe controls, and candidate-only read models.",treasury services; CRM and banker desktop; RegOps Managed Services,approved,design,planning outcomes only; realized value requires finance validation,CRM and banker desktop; RegOps Managed Services; treasury services evidence,vendor concentration; no active promotion without review,28750000,0,datasets/tenant-inputs/candidates/first-capital-financial/rich-synthetic-2026-07-v3/09_programs_initiatives.csv,2026-07-17,medium,vendor concentration evidence requires owner validation; source is synthetic and candidate-only,FCF-09-00042,FCF-EVID-05442,FCF-09_PROGRAMS_INITIATIVES-SRC-00042,09_programs_initiatives,Programs & Initiatives,candidate,first-capital-financial-rich-standard-candidate-20260717,FCF-CANDIDATE-LOAD-20260717,2026-07-17T00:00:00.000Z,deterministic synthetic enterprise context generator,synthetic financial-services enterprise context generation,"This is planning-grade synthetic enterprise context. It is not real client production data, not PHI/PII/payment-card data, and not a claim of realized financial value."
first-capital-financial,Contact Center Experience Transformation,Operations leader,application owner,"Advance Cloud Resilience and Zero Trust with governed evidence, safe controls, and candidate-only read models.",fraud operations; contact center platform; CyberGate Security,approved,build,planning outcomes only; realized value requires finance validation,contact center platform; CyberGate Security; fraud operations evidence,cloud exit and resilience; no active promotion without review,28750000,0,datasets/tenant-inputs/candidates/first-capital-financial/rich-synthetic-2026-07-v3/09_programs_initiatives.csv,2026-07-17,medium,cloud exit and resilience evidence requires owner validation; source is synthetic and candidate-only,FCF-09-00043,FCF-EVID-05443,FCF-09_PROGRAMS_INITIATIVES-SRC-00043,09_programs_initiatives,Programs & Initiatives,candidate,first-capital-financial-rich-standard-candidate-20260717,FCF-CANDIDATE-LOAD-20260717,2026-07-17T00:00:00.000Z,deterministic synthetic enterprise context generator,synthetic financial-services enterprise context generation,"This is planning-grade synthetic enterprise context. It is not real client production data, not PHI/PII/payment-card data, and not a claim of realized financial value."
first-capital-financial,Cloud Resilience and Zero Trust,Chief architect,data engineering,"Advance Branch Workforce Productivity with governed evidence, safe controls, and candidate-only read models.",AML and KYC; mobile banking platform; LedgerWorks ERP,evidence gate,validate,planning outcomes only; realized value requires finance validation,mobile banking platform; LedgerWorks ERP; AML and KYC evidence,model risk management; no active promotion without review,28750000,0,datasets/tenant-inputs/candidates/first-capital-financial/rich-synthetic-2026-07-v3/09_programs_initiatives.csv,2026-07-17,high,model risk management evidence requires owner validation; source is synthetic and candidate-only,FCF-09-00044,FCF-EVID-05444,FCF-09_PROGRAMS_INITIATIVES-SRC-00044,09_programs_initiatives,Programs & Initiatives,candidate_review,first-capital-financial-rich-standard-candidate-20260717,FCF-CANDIDATE-LOAD-20260717,2026-07-17T00:00:00.000Z,deterministic synthetic enterprise context generator,synthetic financial-services enterprise context generation,"This is planning-grade synthetic enterprise context. It is not real client production data, not PHI/PII/payment-card data, and not a claim of realized financial value."
first-capital-financial,Branch Workforce Productivity,Application owner,IT service management,"Advance Wealth Advisor Desktop Modernization with governed evidence, safe controls, and candidate-only read models.",risk and compliance; online banking platform; CoreBridge Banking Services,approved,control gate,planning outcomes only; realized value requires finance validation,online banking platform; CoreBridge Banking Services; risk and compliance evidence,fair lending and bias; no active promotion without review,28750000,0,datasets/tenant-inputs/candidates/first-capital-financial/rich-synthetic-2026-07-v3/09_programs_initiatives.csv,2026-07-17,high,fair lending and bias evidence requires owner validation; source is synthetic and candidate-only,FCF-09-00045,FCF-EVID-05445,FCF-09_PROGRAMS_INITIATIVES-SRC-00045,09_programs_initiatives,Programs & Initiatives,candidate,first-capital-financial-rich-standard-candidate-20260717,FCF-CANDIDATE-LOAD-20260717,2026-07-17T00:00:00.000Z,deterministic synthetic enterprise context generator,synthetic financial-services enterprise context generation,"This is planning-grade synthetic enterprise context. It is not real client production data, not PHI/PII/payment-card data, and not a claim of realized financial value."
first-capital-financial,Wealth Advisor Desktop Modernization,ITSM leader,enterprise architecture,"Advance Model Risk and AI Governance with governed evidence, safe controls, and candidate-only read models.",branch operations; cloud lakehouse foundation; CardRail Processing,approved,mobilize,planning outcomes only; realized value requires finance validation,cloud lakehouse foundation; CardRail Processing; branch operations evidence,explainability; no active promotion without review,28750000,0,datasets/tenant-inputs/candidates/first-capital-financial/rich-synthetic-2026-07-v3/09_programs_initiatives.csv,2026-07-17,medium,explainability evidence requires owner validation; source is synthetic and candidate-only,FCF-09-00046,FCF-EVID-05446,FCF-09_PROGRAMS_INITIATIVES-SRC-00046,09_programs_initiatives,Programs & Initiatives,candidate,first-capital-financial-rich-standard-candidate-20260717,FCF-CANDIDATE-LOAD-20260717,2026-07-17T00:00:00.000Z,deterministic synthetic enterprise context generator,synthetic financial-services enterprise context generation,"This is planning-grade synthetic enterprise context. It is not real client production data, not PHI/PII/payment-card data, and not a claim of realized financial value."
first-capital-financial,Model Risk and AI Governance,CEO,platform engineering,"Advance Finance and GL Modernization with governed evidence, safe controls, and candidate-only read models.",contact center; enterprise risk platform; PayAxis Network Services,approved,design,planning outcomes only; realized value requires finance validation,enterprise risk platform; PayAxis Network Services; contact center evidence,GLBA privacy; no active promotion without review,28750000,0,datasets/tenant-inputs/candidates/first-capital-financial/rich-synthetic-2026-07-v3/09_programs_initiatives.csv,2026-07-17,medium,GLBA privacy evidence requires owner validation; source is synthetic and candidate-only,FCF-09-00047,FCF-EVID-05447,FCF-09_PROGRAMS_INITIATIVES-SRC-00047,09_programs_initiatives,Programs & Initiatives,candidate,first-capital-financial-rich-standard-candidate-20260717,FCF-CANDIDATE-LOAD-20260717,2026-07-17T00:00:00.000Z,deterministic synthetic enterprise context generator,synthetic financial-services enterprise context generation,"This is planning-grade synthetic enterprise context. It is not real client production data, not PHI/PII/payment-card data, and not a claim of realized financial value."
first-capital-financial,Finance and GL Modernization,CFO,application owner,"Advance Digital Banking Modernization with governed evidence, safe controls, and candidate-only read models.",digital banking; general ledger and ERP; CloudNorth Data Platform,evidence gate,build,planning outcomes only; realized value requires finance validation,general ledger and ERP; CloudNorth Data Platform; digital banking evidence,PCI DSS; no active promotion without review,28750000,0,datasets/tenant-inputs/candidates/first-capital-financial/rich-synthetic-2026-07-v3/09_programs_initiatives.csv,2026-07-17,high,PCI DSS evidence requires owner validation; source is synthetic and candidate-only,FCF-09-00048,FCF-EVID-05448,FCF-09_PROGRAMS_INITIATIVES-SRC-00048,09_programs_initiatives,Programs & Initiatives,candidate_review,first-capital-financial-rich-standard-candidate-20260717,FCF-CANDIDATE-LOAD-20260717,2026-07-17T00:00:00.000Z,deterministic synthetic enterprise context generator,synthetic financial-services enterprise context generation,"This is planning-grade synthetic enterprise context. It is not real client production data, not PHI/PII/payment-card data, and not a claim of realized financial value."
first-capital-financial,Digital Banking Modernization,COO,data engineering,"Advance Payments Platform Resilience with governed evidence, safe controls, and candidate-only read models.",finance and treasury; identity and access management; InsightLake Analytics,approved,validate,planning outcomes only; realized value requires finance validation,identity and access management; InsightLake Analytics; finance and treasury evidence,data retention; no active promotion without review,28750000,0,datasets/tenant-inputs/candidates/first-capital-financial/rich-synthetic-2026-07-v3/09_programs_initiatives.csv,2026-07-17,high,data retention evidence requires owner validation; source is synthetic and candidate-only,FCF-09-00049,FCF-EVID-05449,FCF-09_PROGRAMS_INITIATIVES-SRC-00049,09_programs_initiatives,Programs & Initiatives,candidate,first-capital-financial-rich-standard-candidate-20260717,FCF-CANDIDATE-LOAD-20260717,2026-07-17T00:00:00.000Z,deterministic synthetic enterprise context generator,synthetic financial-services enterprise context generation,"This is planning-grade synthetic enterprise context. It is not real client production data, not PHI/PII/payment-card data, and not a claim of realized financial value."
first-capital-financial,Payments Platform Resilience,CIO,IT service management,"Advance Fraud and Financial Crimes Transformation with governed evidence, safe controls, and candidate-only read models.",HR and change; model risk management system; Servica Contact Cloud,approved,control gate,planning outcomes only; realized value requires finance validation,model risk management system; Servica Contact Cloud; HR and change evidence,access controls; no active promotion without review,28750000,0,datasets/tenant-inputs/candidates/first-capital-financial/rich-synthetic-2026-07-v3/09_programs_initiatives.csv,2026-07-17,medium,access controls evidence requires owner validation; source is synthetic and candidate-only,FCF-09-00050,FCF-EVID-05450,FCF-09_PROGRAMS_INITIATIVES-SRC-00050,09_programs_initiatives,Programs & Initiatives,candidate,first-capital-financial-rich-standard-candidate-20260717,FCF-CANDIDATE-LOAD-20260717,2026-07-17T00:00:00.000Z,deterministic synthetic enterprise context generator,synthetic financial-services enterprise context generation,"This is planning-grade synthetic enterprise context. It is not real client production data, not PHI/PII/payment-card data, and not a claim of realized financial value."
first-capital-financial,Fraud and Financial Crimes Transformation,CTO,enterprise architecture,"Advance Core Banking Simplification with governed evidence, safe controls, and candidate-only read models.",platform engineering; regulatory reporting platform; FraudShield Controls,approved,mobilize,planning outcomes only; realized value requires finance validation,regulatory reporting platform; FraudShield Controls; platform engineering evidence,audit logging; no active promotion without review,28750000,0,datasets/tenant-inputs/candidates/first-capital-financial/rich-synthetic-2026-07-v3/09_programs_initiatives.csv,2026-07-17,medium,audit logging evidence requires owner validation; source is synthetic and candidate-only,FCF-09-00051,FCF-EVID-05451,FCF-09_PROGRAMS_INITIATIVES-SRC-00051,09_programs_initiatives,Programs & Initiatives,candidate,first-capital-financial-rich-standard-candidate-20260717,FCF-CANDIDATE-LOAD-20260717,2026-07-17T00:00:00.000Z,deterministic synthetic enterprise context generator,synthetic financial-services enterprise context generation,"This is planning-grade synthetic enterprise context. It is not real client production data, not PHI/PII/payment-card data, and not a claim of realized financial value."
first-capital-financial,Core Banking Simplification,CDAO,platform engineering,"Advance Data Governance and Lakehouse Foundation with governed evidence, safe controls, and candidate-only read models.",data and analytics; document management platform; ComplyCase Risk Systems,evidence gate,design,planning outcomes only; realized value requires finance validation,document management platform; ComplyCase Risk Systems; data and analytics evidence,customer consent; no active promotion without review,28750000,0,datasets/tenant-inputs/candidates/first-capital-financial/rich-synthetic-2026-07-v3/09_programs_initiatives.csv,2026-07-17,high,customer consent evidence requires owner validation; source is synthetic and candidate-only,FCF-09-00052,FCF-EVID-05452,FCF-09_PROGRAMS_INITIATIVES-SRC-00052,09_programs_initiatives,Programs & Initiatives,candidate_review,first-capital-financial-rich-standard-candidate-20260717,FCF-CANDIDATE-LOAD-20260717,2026-07-17T00:00:00.000Z,deterministic synthetic enterprise context generator,synthetic financial-services enterprise context generation,"This is planning-grade synthetic enterprise context. It is not real client production data, not PHI/PII/payment-card data, and not a claim of realized financial value."
first-capital-financial,Data Governance and Lakehouse Foundation,CISO,application owner,"Advance Regulatory Reporting Automation with governed evidence, safe controls, and candidate-only read models.",regulatory reporting; core banking platform; CreditSignal Data Services,approved,build,planning outcomes only; realized value requires finance validation,core banking platform; CreditSignal Data Services; regulatory reporting evidence,regulatory reporting accuracy; no active promotion without review,28750000,0,datasets/tenant-inputs/candidates/first-capital-financial/rich-synthetic-2026-07-v3/09_programs_initiatives.csv,2026-07-17,high,regulatory reporting accuracy evidence requires owner validation; source is synthetic and candidate-only,FCF-09-00053,FCF-EVID-05453,FCF-09_PROGRAMS_INITIATIVES-SRC-00053,09_programs_initiatives,Programs & Initiatives,candidate,first-capital-financial-rich-standard-candidate-20260717,FCF-CANDIDATE-LOAD-20260717,2026-07-17T00:00:00.000Z,deterministic synthetic enterprise context generator,synthetic financial-services enterprise context generation,"This is planning-grade synthetic enterprise context. It is not real client production data, not PHI/PII/payment-card data, and not a claim of realized financial value."
first-capital-financial,Regulatory Reporting Automation,Chief compliance officer,data engineering,"Advance Contact Center Experience Transformation with governed evidence, safe controls, and candidate-only read models.",vendor management; loan origination platform; RegOps Managed Services,approved,validate,planning outcomes only; realized value requires finance validation,loan origination platform; RegOps Managed Services; vendor management evidence,operational resilience; no active promotion without review,28750000,0,datasets/tenant-inputs/candidates/first-capital-financial/rich-synthetic-2026-07-v3/09_programs_initiatives.csv,2026-07-17,medium,operational resilience evidence requires owner validation; source is synthetic and candidate-only,FCF-09-00054,FCF-EVID-05454,FCF-09_PROGRAMS_INITIATIVES-SRC-00054,09_programs_initiatives,Programs & Initiatives,candidate,first-capital-financial-rich-standard-candidate-20260717,FCF-CANDIDATE-LOAD-20260717,2026-07-17T00:00:00.000Z,deterministic synthetic enterprise context generator,synthetic financial-services enterprise context generation,"This is planning-grade synthetic enterprise context. It is not real client production data, not PHI/PII/payment-card data, and not a claim of realized financial value."
first-capital-financial,Contact Center Experience Transformation,Chief procurement officer,IT service management,"Advance Cloud Resilience and Zero Trust with governed evidence, safe controls, and candidate-only read models.",retail banking; card processing platform; CyberGate Security,approved,control gate,planning outcomes only; realized value requires finance validation,card processing platform; CyberGate Security; retail banking evidence,third-party risk; no active promotion without review,28750000,0,datasets/tenant-inputs/candidates/first-capital-financial/rich-synthetic-2026-07-v3/09_programs_initiatives.csv,2026-07-17,medium,third-party risk evidence requires owner validation; source is synthetic and candidate-only,FCF-09-00055,FCF-EVID-05455,FCF-09_PROGRAMS_INITIATIVES-SRC-00055,09_programs_initiatives,Programs & Initiatives,candidate,first-capital-financial-rich-standard-candidate-20260717,FCF-CANDIDATE-LOAD-20260717,2026-07-17T00:00:00.000Z,deterministic synthetic enterprise context generator,synthetic financial-services enterprise context generation,"This is planning-grade synthetic enterprise context. It is not real client production data, not PHI/PII/payment-card data, and not a claim of realized financial value."
first-capital-financial,Cloud Resilience and Zero Trust,Chief people officer,enterprise architecture,"Advance Branch Workforce Productivity with governed evidence, safe controls, and candidate-only read models.",commercial banking; payments hub; LedgerWorks ERP,evidence gate,mobilize,planning outcomes only; realized value requires finance validation,payments hub; LedgerWorks ERP; commercial banking evidence,cyber risk; no active promotion without review,28750000,0,datasets/tenant-inputs/candidates/first-capital-financial/rich-synthetic-2026-07-v3/09_programs_initiatives.csv,2026-07-17,high,cyber risk evidence requires owner validation; source is synthetic and candidate-only,FCF-09-00056,FCF-EVID-05456,FCF-09_PROGRAMS_INITIATIVES-SRC-00056,09_programs_initiatives,Programs & Initiatives,candidate_review,first-capital-financial-rich-standard-candidate-20260717,FCF-CANDIDATE-LOAD-20260717,2026-07-17T00:00:00.000Z,deterministic synthetic enterprise context generator,synthetic financial-services enterprise context generation,"This is planning-grade synthetic enterprise context. It is not real client production data, not PHI/PII/payment-card data, and not a claim of realized financial value."
first-capital-financial,Branch Workforce Productivity,Transformation office lead,platform engineering,"Advance Wealth Advisor Desktop Modernization with governed evidence, safe controls, and candidate-only read models.",wealth advisory; ACH and wire operations; CoreBridge Banking Services,approved,design,planning outcomes only; realized value requires finance validation,ACH and wire operations; CoreBridge Banking Services; wealth advisory evidence,fraud loss; no active promotion without review,28750000,0,datasets/tenant-inputs/candidates/first-capital-financial/rich-synthetic-2026-07-v3/09_programs_initiatives.csv,2026-07-17,high,fraud loss evidence requires owner validation; source is synthetic and candidate-only,FCF-09-00057,FCF-EVID-05457,FCF-09_PROGRAMS_INITIATIVES-SRC-00057,09_programs_initiatives,Programs & Initiatives,candidate,first-capital-financial-rich-standard-candidate-20260717,FCF-CANDIDATE-LOAD-20260717,2026-07-17T00:00:00.000Z,deterministic synthetic enterprise context generator,synthetic financial-services enterprise context generation,"This is planning-grade synthetic enterprise context. It is not real client production data, not PHI/PII/payment-card data, and not a claim of realized financial value."
first-capital-financial,Wealth Advisor Desktop Modernization,Experience leader,application owner,"Advance Model Risk and AI Governance with governed evidence, safe controls, and candidate-only read models.",mortgage lending; fraud detection platform; CardRail Processing,approved,build,planning outcomes only; realized value requires finance validation,fraud detection platform; CardRail Processing; mortgage lending evidence,vendor concentration; no active promotion without review,28750000,0,datasets/tenant-inputs/candidates/first-capital-financial/rich-synthetic-2026-07-v3/09_programs_initiatives.csv,2026-07-17,medium,vendor concentration evidence requires owner validation; source is synthetic and candidate-only,FCF-09-00058,FCF-EVID-05458,FCF-09_PROGRAMS_INITIATIVES-SRC-00058,09_programs_initiatives,Programs & Initiatives,candidate,first-capital-financial-rich-standard-candidate-20260717,FCF-CANDIDATE-LOAD-20260717,2026-07-17T00:00:00.000Z,deterministic synthetic enterprise context generator,synthetic financial-services enterprise context generation,"This is planning-grade synthetic enterprise context. It is not real client production data, not PHI/PII/payment-card data, and not a claim of realized financial value."
first-capital-financial,Model Risk and AI Governance,Business unit president,data engineering,"Advance Finance and GL Modernization with governed evidence, safe controls, and candidate-only read models.",cards and payments; AML/KYC case management; PayAxis Network Services,approved,validate,planning outcomes only; realized value requires finance validation,AML/KYC case management; PayAxis Network Services; cards and payments evidence,cloud exit and resilience; no active promotion without review,28750000,0,datasets/tenant-inputs/candidates/first-capital-financial/rich-synthetic-2026-07-v3/09_programs_initiatives.csv,2026-07-17,medium,cloud exit and resilience evidence requires owner validation; source is synthetic and candidate-only,FCF-09-00059,FCF-EVID-05459,FCF-09_PROGRAMS_INITIATIVES-SRC-00059,09_programs_initiatives,Programs & Initiatives,candidate,first-capital-financial-rich-standard-candidate-20260717,FCF-CANDIDATE-LOAD-20260717,2026-07-17T00:00:00.000Z,deterministic synthetic enterprise context generator,synthetic financial-services enterprise context generation,"This is planning-grade synthetic enterprise context. It is not real client production data, not PHI/PII/payment-card data, and not a claim of realized financial value."
first-capital-financial,Finance and GL Modernization,Contact center leader,IT service management,"Advance Digital Banking Modernization with governed evidence, safe controls, and candidate-only read models.",treasury services; CRM and banker desktop; CloudNorth Data Platform,evidence gate,control gate,planning outcomes only; realized value requires finance validation,CRM and banker desktop; CloudNorth Data Platform; treasury services evidence,model risk management; no active promotion without review,28750000,0,datasets/tenant-inputs/candidates/first-capital-financial/rich-synthetic-2026-07-v3/09_programs_initiatives.csv,2026-07-17,high,model risk management evidence requires owner validation; source is synthetic and candidate-only,FCF-09-00060,FCF-EVID-05460,FCF-09_PROGRAMS_INITIATIVES-SRC-00060,09_programs_initiatives,Programs & Initiatives,candidate_review,first-capital-financial-rich-standard-candidate-20260717,FCF-CANDIDATE-LOAD-20260717,2026-07-17T00:00:00.000Z,deterministic synthetic enterprise context generator,synthetic financial-services enterprise context generation,"This is planning-grade synthetic enterprise context. It is not real client production data, not PHI/PII/payment-card data, and not a claim of realized financial value."
first-capital-financial,Digital Banking Modernization,Operations leader,enterprise architecture,"Advance Payments Platform Resilience with governed evidence, safe controls, and candidate-only read models.",fraud operations; contact center platform; InsightLake Analytics,approved,mobilize,planning outcomes only; realized value requires finance validation,contact center platform; InsightLake Analytics; fraud operations evidence,fair lending and bias; no active promotion without review,28750000,0,datasets/tenant-inputs/candidates/first-capital-financial/rich-synthetic-2026-07-v3/09_programs_initiatives.csv,2026-07-17,high,fair lending and bias evidence requires owner validation; source is synthetic and candidate-only,FCF-09-00061,FCF-EVID-05461,FCF-09_PROGRAMS_INITIATIVES-SRC-00061,09_programs_initiatives,Programs & Initiatives,candidate,first-capital-financial-rich-standard-candidate-20260717,FCF-CANDIDATE-LOAD-20260717,2026-07-17T00:00:00.000Z,deterministic synthetic enterprise context generator,synthetic financial-services enterprise context generation,"This is planning-grade synthetic enterprise context. It is not real client production data, not PHI/PII/payment-card data, and not a claim of realized financial value."
first-capital-financial,Payments Platform Resilience,Chief architect,platform engineering,"Advance Fraud and Financial Crimes Transformation with governed evidence, safe controls, and candidate-only read models.",AML and KYC; mobile banking platform; Servica Contact Cloud,approved,design,planning outcomes only; realized value requires finance validation,mobile banking platform; Servica Contact Cloud; AML and KYC evidence,explainability; no active promotion without review,28750000,0,datasets/tenant-inputs/candidates/first-capital-financial/rich-synthetic-2026-07-v3/09_programs_initiatives.csv,2026-07-17,medium,explainability evidence requires owner validation; source is synthetic and candidate-only,FCF-09-00062,FCF-EVID-05462,FCF-09_PROGRAMS_INITIATIVES-SRC-00062,09_programs_initiatives,Programs & Initiatives,candidate,first-capital-financial-rich-standard-candidate-20260717,FCF-CANDIDATE-LOAD-20260717,2026-07-17T00:00:00.000Z,deterministic synthetic enterprise context generator,synthetic financial-services enterprise context generation,"This is planning-grade synthetic enterprise context. It is not real client production data, not PHI/PII/payment-card data, and not a claim of realized financial value."
first-capital-financial,Fraud and Financial Crimes Transformation,Application owner,application owner,"Advance Core Banking Simplification with governed evidence, safe controls, and candidate-only read models.",risk and compliance; online banking platform; FraudShield Controls,approved,build,planning outcomes only; realized value requires finance validation,online banking platform; FraudShield Controls; risk and compliance evidence,GLBA privacy; no active promotion without review,28750000,0,datasets/tenant-inputs/candidates/first-capital-financial/rich-synthetic-2026-07-v3/09_programs_initiatives.csv,2026-07-17,medium,GLBA privacy evidence requires owner validation; source is synthetic and candidate-only,FCF-09-00063,FCF-EVID-05463,FCF-09_PROGRAMS_INITIATIVES-SRC-00063,09_programs_initiatives,Programs & Initiatives,candidate,first-capital-financial-rich-standard-candidate-20260717,FCF-CANDIDATE-LOAD-20260717,2026-07-17T00:00:00.000Z,deterministic synthetic enterprise context generator,synthetic financial-services enterprise context generation,"This is planning-grade synthetic enterprise context. It is not real client production data, not PHI/PII/payment-card data, and not a claim of realized financial value."
first-capital-financial,Core Banking Simplification,ITSM leader,data engineering,"Advance Data Governance and Lakehouse Foundation with governed evidence, safe controls, and candidate-only read models.",branch operations; cloud lakehouse foundation; ComplyCase Risk Systems,evidence gate,validate,planning outcomes only; realized value requires finance validation,cloud lakehouse foundation; ComplyCase Risk Systems; branch operations evidence,PCI DSS; no active promotion without review,28750000,0,datasets/tenant-inputs/candidates/first-capital-financial/rich-synthetic-2026-07-v3/09_programs_initiatives.csv,2026-07-17,high,PCI DSS evidence requires owner validation; source is synthetic and candidate-only,FCF-09-00064,FCF-EVID-05464,FCF-09_PROGRAMS_INITIATIVES-SRC-00064,09_programs_initiatives,Programs & Initiatives,candidate_review,first-capital-financial-rich-standard-candidate-20260717,FCF-CANDIDATE-LOAD-20260717,2026-07-17T00:00:00.000Z,deterministic synthetic enterprise context generator,synthetic financial-services enterprise context generation,"This is planning-grade synthetic enterprise context. It is not real client production data, not PHI/PII/payment-card data, and not a claim of realized financial value."
first-capital-financial,Data Governance and Lakehouse Foundation,CEO,IT service management,"Advance Regulatory Reporting Automation with governed evidence, safe controls, and candidate-only read models.",contact center; enterprise risk platform; CreditSignal Data Services,approved,control gate,planning outcomes only; realized value requires finance validation,enterprise risk platform; CreditSignal Data Services; contact center evidence,data retention; no active promotion without review,28750000,0,datasets/tenant-inputs/candidates/first-capital-financial/rich-synthetic-2026-07-v3/09_programs_initiatives.csv,2026-07-17,high,data retention evidence requires owner validation; source is synthetic and candidate-only,FCF-09-00065,FCF-EVID-05465,FCF-09_PROGRAMS_INITIATIVES-SRC-00065,09_programs_initiatives,Programs & Initiatives,candidate,first-capital-financial-rich-standard-candidate-20260717,FCF-CANDIDATE-LOAD-20260717,2026-07-17T00:00:00.000Z,deterministic synthetic enterprise context generator,synthetic financial-services enterprise context generation,"This is planning-grade synthetic enterprise context. It is not real client production data, not PHI/PII/payment-card data, and not a claim of realized financial value."
first-capital-financial,Regulatory Reporting Automation,CFO,enterprise architecture,"Advance Contact Center Experience Transformation with governed evidence, safe controls, and candidate-only read models.",digital banking; general ledger and ERP; RegOps Managed Services,approved,mobilize,planning outcomes only; realized value requires finance validation,general ledger and ERP; RegOps Managed Services; digital banking evidence,access controls; no active promotion without review,28750000,0,datasets/tenant-inputs/candidates/first-capital-financial/rich-synthetic-2026-07-v3/09_programs_initiatives.csv,2026-07-17,medium,access controls evidence requires owner validation; source is synthetic and candidate-only,FCF-09-00066,FCF-EVID-05466,FCF-09_PROGRAMS_INITIATIVES-SRC-00066,09_programs_initiatives,Programs & Initiatives,candidate,first-capital-financial-rich-standard-candidate-20260717,FCF-CANDIDATE-LOAD-20260717,2026-07-17T00:00:00.000Z,deterministic synthetic enterprise context generator,synthetic financial-services enterprise context generation,"This is planning-grade synthetic enterprise context. It is not real client production data, not PHI/PII/payment-card data, and not a claim of realized financial value."
first-capital-financial,Contact Center Experience Transformation,COO,platform engineering,"Advance Cloud Resilience and Zero Trust with governed evidence, safe controls, and candidate-only read models.",finance and treasury; identity and access management; CyberGate Security,approved,design,planning outcomes only; realized value requires finance validation,identity and access management; CyberGate Security; finance and treasury evidence,audit logging; no active promotion without review,28750000,0,datasets/tenant-inputs/candidates/first-capital-financial/rich-synthetic-2026-07-v3/09_programs_initiatives.csv,2026-07-17,medium,audit logging evidence requires owner validation; source is synthetic and candidate-only,FCF-09-00067,FCF-EVID-05467,FCF-09_PROGRAMS_INITIATIVES-SRC-00067,09_programs_initiatives,Programs & Initiatives,candidate,first-capital-financial-rich-standard-candidate-20260717,FCF-CANDIDATE-LOAD-20260717,2026-07-17T00:00:00.000Z,deterministic synthetic enterprise context generator,synthetic financial-services enterprise context generation,"This is planning-grade synthetic enterprise context. It is not real client production data, not PHI/PII/payment-card data, and not a claim of realized financial value."
first-capital-financial,Cloud Resilience and Zero Trust,CIO,application owner,"Advance Branch Workforce Productivity with governed evidence, safe controls, and candidate-only read models.",HR and change; model risk management system; LedgerWorks ERP,evidence gate,build,planning outcomes only; realized value requires finance validation,model risk management system; LedgerWorks ERP; HR and change evidence,customer consent; no active promotion without review,28750000,0,datasets/tenant-inputs/candidates/first-capital-financial/rich-synthetic-2026-07-v3/09_programs_initiatives.csv,2026-07-17,high,customer consent evidence requires owner validation; source is synthetic and candidate-only,FCF-09-00068,FCF-EVID-05468,FCF-09_PROGRAMS_INITIATIVES-SRC-00068,09_programs_initiatives,Programs & Initiatives,candidate_review,first-capital-financial-rich-standard-candidate-20260717,FCF-CANDIDATE-LOAD-20260717,2026-07-17T00:00:00.000Z,deterministic synthetic enterprise context generator,synthetic financial-services enterprise context generation,"This is planning-grade synthetic enterprise context. It is not real client production data, not PHI/PII/payment-card data, and not a claim of realized financial value."
first-capital-financial,Branch Workforce Productivity,CTO,data engineering,"Advance Wealth Advisor Desktop Modernization with governed evidence, safe controls, and candidate-only read models.",platform engineering; regulatory reporting platform; CoreBridge Banking Services,approved,validate,planning outcomes only; realized value requires finance validation,regulatory reporting platform; CoreBridge Banking Services; platform engineering evidence,regulatory reporting accuracy; no active promotion without review,28750000,0,datasets/tenant-inputs/candidates/first-capital-financial/rich-synthetic-2026-07-v3/09_programs_initiatives.csv,2026-07-17,high,regulatory reporting accuracy evidence requires owner validation; source is synthetic and candidate-only,FCF-09-00069,FCF-EVID-05469,FCF-09_PROGRAMS_INITIATIVES-SRC-00069,09_programs_initiatives,Programs & Initiatives,candidate,first-capital-financial-rich-standard-candidate-20260717,FCF-CANDIDATE-LOAD-20260717,2026-07-17T00:00:00.000Z,deterministic synthetic enterprise context generator,synthetic financial-services enterprise context generation,"This is planning-grade synthetic enterprise context. It is not real client production data, not PHI/PII/payment-card data, and not a claim of realized financial value."
first-capital-financial,Wealth Advisor Desktop Modernization,CDAO,IT service management,"Advance Model Risk and AI Governance with governed evidence, safe controls, and candidate-only read models.",data and analytics; document management platform; CardRail Processing,approved,control gate,planning outcomes only; realized value requires finance validation,document management platform; CardRail Processing; data and analytics evidence,operational resilience; no active promotion without review,28750000,0,datasets/tenant-inputs/candidates/first-capital-financial/rich-synthetic-2026-07-v3/09_programs_initiatives.csv,2026-07-17,medium,operational resilience evidence requires owner validation; source is synthetic and candidate-only,FCF-09-00070,FCF-EVID-05470,FCF-09_PROGRAMS_INITIATIVES-SRC-00070,09_programs_initiatives,Programs & Initiatives,candidate,first-capital-financial-rich-standard-candidate-20260717,FCF-CANDIDATE-LOAD-20260717,2026-07-17T00:00:00.000Z,deterministic synthetic enterprise context generator,synthetic financial-services enterprise context generation,"This is planning-grade synthetic enterprise context. It is not real client production data, not PHI/PII/payment-card data, and not a claim of realized financial value."
first-capital-financial,Model Risk and AI Governance,CISO,enterprise architecture,"Advance Finance and GL Modernization with governed evidence, safe controls, and candidate-only read models.",regulatory reporting; core banking platform; PayAxis Network Services,approved,mobilize,planning outcomes only; realized value requires finance validation,core banking platform; PayAxis Network Services; regulatory reporting evidence,third-party risk; no active promotion without review,28750000,0,datasets/tenant-inputs/candidates/first-capital-financial/rich-synthetic-2026-07-v3/09_programs_initiatives.csv,2026-07-17,medium,third-party risk evidence requires owner validation; source is synthetic and candidate-only,FCF-09-00071,FCF-EVID-05471,FCF-09_PROGRAMS_INITIATIVES-SRC-00071,09_programs_initiatives,Programs & Initiatives,candidate,first-capital-financial-rich-standard-candidate-20260717,FCF-CANDIDATE-LOAD-20260717,2026-07-17T00:00:00.000Z,deterministic synthetic enterprise context generator,synthetic financial-services enterprise context generation,"This is planning-grade synthetic enterprise context. It is not real client production data, not PHI/PII/payment-card data, and not a claim of realized financial value."
first-capital-financial,Finance and GL Modernization,Chief compliance officer,platform engineering,"Advance Digital Banking Modernization with governed evidence, safe controls, and candidate-only read models.",vendor management; loan origination platform; CloudNorth Data Platform,evidence gate,design,planning outcomes only; realized value requires finance validation,loan origination platform; CloudNorth Data Platform; vendor management evidence,cyber risk; no active promotion without review,28750000,0,datasets/tenant-inputs/candidates/first-capital-financial/rich-synthetic-2026-07-v3/09_programs_initiatives.csv,2026-07-17,high,cyber risk evidence requires owner validation; source is synthetic and candidate-only,FCF-09-00072,FCF-EVID-05472,FCF-09_PROGRAMS_INITIATIVES-SRC-00072,09_programs_initiatives,Programs & Initiatives,candidate_review,first-capital-financial-rich-standard-candidate-20260717,FCF-CANDIDATE-LOAD-20260717,2026-07-17T00:00:00.000Z,deterministic synthetic enterprise context generator,synthetic financial-services enterprise context generation,"This is planning-grade synthetic enterprise context. It is not real client production data, not PHI/PII/payment-card data, and not a claim of realized financial value."
first-capital-financial,Digital Banking Modernization,Chief procurement officer,application owner,"Advance Payments Platform Resilience with governed evidence, safe controls, and candidate-only read models.",retail banking; card processing platform; InsightLake Analytics,approved,build,planning outcomes only; realized value requires finance validation,card processing platform; InsightLake Analytics; retail banking evidence,fraud loss; no active promotion without review,28750000,0,datasets/tenant-inputs/candidates/first-capital-financial/rich-synthetic-2026-07-v3/09_programs_initiatives.csv,2026-07-17,high,fraud loss evidence requires owner validation; source is synthetic and candidate-only,FCF-09-00073,FCF-EVID-05473,FCF-09_PROGRAMS_INITIATIVES-SRC-00073,09_programs_initiatives,Programs & Initiatives,candidate,first-capital-financial-rich-standard-candidate-20260717,FCF-CANDIDATE-LOAD-20260717,2026-07-17T00:00:00.000Z,deterministic synthetic enterprise context generator,synthetic financial-services enterprise context generation,"This is planning-grade synthetic enterprise context. It is not real client production data, not PHI/PII/payment-card data, and not a claim of realized financial value."
first-capital-financial,Payments Platform Resilience,Chief people officer,data engineering,"Advance Fraud and Financial Crimes Transformation with governed evidence, safe controls, and candidate-only read models.",commercial banking; payments hub; Servica Contact Cloud,approved,validate,planning outcomes only; realized value requires finance validation,payments hub; Servica Contact Cloud; commercial banking evidence,vendor concentration; no active promotion without review,28750000,0,datasets/tenant-inputs/candidates/first-capital-financial/rich-synthetic-2026-07-v3/09_programs_initiatives.csv,2026-07-17,medium,vendor concentration evidence requires owner validation; source is synthetic and candidate-only,FCF-09-00074,FCF-EVID-05474,FCF-09_PROGRAMS_INITIATIVES-SRC-00074,09_programs_initiatives,Programs & Initiatives,candidate,first-capital-financial-rich-standard-candidate-20260717,FCF-CANDIDATE-LOAD-20260717,2026-07-17T00:00:00.000Z,deterministic synthetic enterprise context generator,synthetic financial-services enterprise context generation,"This is planning-grade synthetic enterprise context. It is not real client production data, not PHI/PII/payment-card data, and not a claim of realized financial value."
first-capital-financial,Fraud and Financial Crimes Transformation,Transformation office lead,IT service management,"Advance Core Banking Simplification with governed evidence, safe controls, and candidate-only read models.",wealth advisory; ACH and wire operations; FraudShield Controls,approved,control gate,planning outcomes only; realized value requires finance validation,ACH and wire operations; FraudShield Controls; wealth advisory evidence,cloud exit and resilience; no active promotion without review,28750000,0,datasets/tenant-inputs/candidates/first-capital-financial/rich-synthetic-2026-07-v3/09_programs_initiatives.csv,2026-07-17,medium,cloud exit and resilience evidence requires owner validation; source is synthetic and candidate-only,FCF-09-00075,FCF-EVID-05475,FCF-09_PROGRAMS_INITIATIVES-SRC-00075,09_programs_initiatives,Programs & Initiatives,candidate,first-capital-financial-rich-standard-candidate-20260717,FCF-CANDIDATE-LOAD-20260717,2026-07-17T00:00:00.000Z,deterministic synthetic enterprise context generator,synthetic financial-services enterprise context generation,"This is planning-grade synthetic enterprise context. It is not real client production data, not PHI/PII/payment-card data, and not a claim of realized financial value."
first-capital-financial,Core Banking Simplification,Experience leader,enterprise architecture,"Advance Data Governance and Lakehouse Foundation with governed evidence, safe controls, and candidate-only read models.",mortgage lending; fraud detection platform; ComplyCase Risk Systems,evidence gate,mobilize,planning outcomes only; realized value requires finance validation,fraud detection platform; ComplyCase Risk Systems; mortgage lending evidence,model risk management; no active promotion without review,28750000,0,datasets/tenant-inputs/candidates/first-capital-financial/rich-synthetic-2026-07-v3/09_programs_initiatives.csv,2026-07-17,high,model risk management evidence requires owner validation; source is synthetic and candidate-only,FCF-09-00076,FCF-EVID-05476,FCF-09_PROGRAMS_INITIATIVES-SRC-00076,09_programs_initiatives,Programs & Initiatives,candidate_review,first-capital-financial-rich-standard-candidate-20260717,FCF-CANDIDATE-LOAD-20260717,2026-07-17T00:00:00.000Z,deterministic synthetic enterprise context generator,synthetic financial-services enterprise context generation,"This is planning-grade synthetic enterprise context. It is not real client production data, not PHI/PII/payment-card data, and not a claim of realized financial value."
first-capital-financial,Data Governance and Lakehouse Foundation,Business unit president,platform engineering,"Advance Regulatory Reporting Automation with governed evidence, safe controls, and candidate-only read models.",cards and payments; AML/KYC case management; CreditSignal Data Services,approved,design,planning outcomes only; realized value requires finance validation,AML/KYC case management; CreditSignal Data Services; cards and payments evidence,fair lending and bias; no active promotion without review,28750000,0,datasets/tenant-inputs/candidates/first-capital-financial/rich-synthetic-2026-07-v3/09_programs_initiatives.csv,2026-07-17,high,fair lending and bias evidence requires owner validation; source is synthetic and candidate-only,FCF-09-00077,FCF-EVID-05477,FCF-09_PROGRAMS_INITIATIVES-SRC-00077,09_programs_initiatives,Programs & Initiatives,candidate,first-capital-financial-rich-standard-candidate-20260717,FCF-CANDIDATE-LOAD-20260717,2026-07-17T00:00:00.000Z,deterministic synthetic enterprise context generator,synthetic financial-services enterprise context generation,"This is planning-grade synthetic enterprise context. It is not real client production data, not PHI/PII/payment-card data, and not a claim of realized financial value."
first-capital-financial,Regulatory Reporting Automation,Contact center leader,application owner,"Advance Contact Center Experience Transformation with governed evidence, safe controls, and candidate-only read models.",treasury services; CRM and banker desktop; RegOps Managed Services,approved,build,planning outcomes only; realized value requires finance validation,CRM and banker desktop; RegOps Managed Services; treasury services evidence,explainability; no active promotion without review,28750000,0,datasets/tenant-inputs/candidates/first-capital-financial/rich-synthetic-2026-07-v3/09_programs_initiatives.csv,2026-07-17,medium,explainability evidence requires owner validation; source is synthetic and candidate-only,FCF-09-00078,FCF-EVID-05478,FCF-09_PROGRAMS_INITIATIVES-SRC-00078,09_programs_initiatives,Programs & Initiatives,candidate,first-capital-financial-rich-standard-candidate-20260717,FCF-CANDIDATE-LOAD-20260717,2026-07-17T00:00:00.000Z,deterministic synthetic enterprise context generator,synthetic financial-services enterprise context generation,"This is planning-grade synthetic enterprise context. It is not real client production data, not PHI/PII/payment-card data, and not a claim of realized financial value."
first-capital-financial,Contact Center Experience Transformation,Operations leader,data engineering,"Advance Cloud Resilience and Zero Trust with governed evidence, safe controls, and candidate-only read models.",fraud operations; contact center platform; CyberGate Security,approved,validate,planning outcomes only; realized value requires finance validation,contact center platform; CyberGate Security; fraud operations evidence,GLBA privacy; no active promotion without review,28750000,0,datasets/tenant-inputs/candidates/first-capital-financial/rich-synthetic-2026-07-v3/09_programs_initiatives.csv,2026-07-17,medium,GLBA privacy evidence requires owner validation; source is synthetic and candidate-only,FCF-09-00079,FCF-EVID-05479,FCF-09_PROGRAMS_INITIATIVES-SRC-00079,09_programs_initiatives,Programs & Initiatives,candidate,first-capital-financial-rich-standard-candidate-20260717,FCF-CANDIDATE-LOAD-20260717,2026-07-17T00:00:00.000Z,deterministic synthetic enterprise context generator,synthetic financial-services enterprise context generation,"This is planning-grade synthetic enterprise context. It is not real client production data, not PHI/PII/payment-card data, and not a claim of realized financial value."
first-capital-financial,Cloud Resilience and Zero Trust,Chief architect,IT service management,"Advance Branch Workforce Productivity with governed evidence, safe controls, and candidate-only read models.",AML and KYC; mobile banking platform; LedgerWorks ERP,evidence gate,control gate,planning outcomes only; realized value requires finance validation,mobile banking platform; LedgerWorks ERP; AML and KYC evidence,PCI DSS; no active promotion without review,28750000,0,datasets/tenant-inputs/candidates/first-capital-financial/rich-synthetic-2026-07-v3/09_programs_initiatives.csv,2026-07-17,high,PCI DSS evidence requires owner validation; source is synthetic and candidate-only,FCF-09-00080,FCF-EVID-05480,FCF-09_PROGRAMS_INITIATIVES-SRC-00080,09_programs_initiatives,Programs & Initiatives,candidate_review,first-capital-financial-rich-standard-candidate-20260717,FCF-CANDIDATE-LOAD-20260717,2026-07-17T00:00:00.000Z,deterministic synthetic enterprise context generator,synthetic financial-services enterprise context generation,"This is planning-grade synthetic enterprise context. It is not real client production data, not PHI/PII/payment-card data, and not a claim of realized financial value."
first-capital-financial,Branch Workforce Productivity,Application owner,enterprise architecture,"Advance Wealth Advisor Desktop Modernization with governed evidence, safe controls, and candidate-only read models.",risk and compliance; online banking platform; CoreBridge Banking Services,approved,mobilize,planning outcomes only; realized value requires finance validation,online banking platform; CoreBridge Banking Services; risk and compliance evidence,data retention; no active promotion without review,28750000,0,datasets/tenant-inputs/candidates/first-capital-financial/rich-synthetic-2026-07-v3/09_programs_initiatives.csv,2026-07-17,high,data retention evidence requires owner validation; source is synthetic and candidate-only,FCF-09-00081,FCF-EVID-05481,FCF-09_PROGRAMS_INITIATIVES-SRC-00081,09_programs_initiatives,Programs & Initiatives,candidate,first-capital-financial-rich-standard-candidate-20260717,FCF-CANDIDATE-LOAD-20260717,2026-07-17T00:00:00.000Z,deterministic synthetic enterprise context generator,synthetic financial-services enterprise context generation,"This is planning-grade synthetic enterprise context. It is not real client production data, not PHI/PII/payment-card data, and not a claim of realized financial value."
first-capital-financial,Wealth Advisor Desktop Modernization,ITSM leader,platform engineering,"Advance Model Risk and AI Governance with governed evidence, safe controls, and candidate-only read models.",branch operations; cloud lakehouse foundation; CardRail Processing,approved,design,planning outcomes only; realized value requires finance validation,cloud lakehouse foundation; CardRail Processing; branch operations evidence,access controls; no active promotion without review,28750000,0,datasets/tenant-inputs/candidates/first-capital-financial/rich-synthetic-2026-07-v3/09_programs_initiatives.csv,2026-07-17,medium,access controls evidence requires owner validation; source is synthetic and candidate-only,FCF-09-00082,FCF-EVID-05482,FCF-09_PROGRAMS_INITIATIVES-SRC-00082,09_programs_initiatives,Programs & Initiatives,candidate,first-capital-financial-rich-standard-candidate-20260717,FCF-CANDIDATE-LOAD-20260717,2026-07-17T00:00:00.000Z,deterministic synthetic enterprise context generator,synthetic financial-services enterprise context generation,"This is planning-grade synthetic enterprise context. It is not real client production data, not PHI/PII/payment-card data, and not a claim of realized financial value."
first-capital-financial,Model Risk and AI Governance,CEO,application owner,"Advance Finance and GL Modernization with governed evidence, safe controls, and candidate-only read models.",contact center; enterprise risk platform; PayAxis Network Services,approved,build,planning outcomes only; realized value requires finance validation,enterprise risk platform; PayAxis Network Services; contact center evidence,audit logging; no active promotion without review,28750000,0,datasets/tenant-inputs/candidates/first-capital-financial/rich-synthetic-2026-07-v3/09_programs_initiatives.csv,2026-07-17,medium,audit logging evidence requires owner validation; source is synthetic and candidate-only,FCF-09-00083,FCF-EVID-05483,FCF-09_PROGRAMS_INITIATIVES-SRC-00083,09_programs_initiatives,Programs & Initiatives,candidate,first-capital-financial-rich-standard-candidate-20260717,FCF-CANDIDATE-LOAD-20260717,2026-07-17T00:00:00.000Z,deterministic synthetic enterprise context generator,synthetic financial-services enterprise context generation,"This is planning-grade synthetic enterprise context. It is not real client production data, not PHI/PII/payment-card data, and not a claim of realized financial value."
first-capital-financial,Finance and GL Modernization,CFO,data engineering,"Advance Digital Banking Modernization with governed evidence, safe controls, and candidate-only read models.",digital banking; general ledger and ERP; CloudNorth Data Platform,evidence gate,validate,planning outcomes only; realized value requires finance validation,general ledger and ERP; CloudNorth Data Platform; digital banking evidence,customer consent; no active promotion without review,28750000,0,datasets/tenant-inputs/candidates/first-capital-financial/rich-synthetic-2026-07-v3/09_programs_initiatives.csv,2026-07-17,high,customer consent evidence requires owner validation; source is synthetic and candidate-only,FCF-09-00084,FCF-EVID-05484,FCF-09_PROGRAMS_INITIATIVES-SRC-00084,09_programs_initiatives,Programs & Initiatives,candidate_review,first-capital-financial-rich-standard-candidate-20260717,FCF-CANDIDATE-LOAD-20260717,2026-07-17T00:00:00.000Z,deterministic synthetic enterprise context generator,synthetic financial-services enterprise context generation,"This is planning-grade synthetic enterprise context. It is not real client production data, not PHI/PII/payment-card data, and not a claim of realized financial value."
first-capital-financial,Digital Banking Modernization,COO,IT service management,"Advance Payments Platform Resilience with governed evidence, safe controls, and candidate-only read models.",finance and treasury; identity and access management; InsightLake Analytics,approved,control gate,planning outcomes only; realized value requires finance validation,identity and access management; InsightLake Analytics; finance and treasury evidence,regulatory reporting accuracy; no active promotion without review,28750000,0,datasets/tenant-inputs/candidates/first-capital-financial/rich-synthetic-2026-07-v3/09_programs_initiatives.csv,2026-07-17,high,regulatory reporting accuracy evidence requires owner validation; source is synthetic and candidate-only,FCF-09-00085,FCF-EVID-05485,FCF-09_PROGRAMS_INITIATIVES-SRC-00085,09_programs_initiatives,Programs & Initiatives,candidate,first-capital-financial-rich-standard-candidate-20260717,FCF-CANDIDATE-LOAD-20260717,2026-07-17T00:00:00.000Z,deterministic synthetic enterprise context generator,synthetic financial-services enterprise context generation,"This is planning-grade synthetic enterprise context. It is not real client production data, not PHI/PII/payment-card data, and not a claim of realized financial value."
first-capital-financial,Payments Platform Resilience,CIO,enterprise architecture,"Advance Fraud and Financial Crimes Transformation with governed evidence, safe controls, and candidate-only read models.",HR and change; model risk management system; Servica Contact Cloud,approved,mobilize,planning outcomes only; realized value requires finance validation,model risk management system; Servica Contact Cloud; HR and change evidence,operational resilience; no active promotion without review,28750000,0,datasets/tenant-inputs/candidates/first-capital-financial/rich-synthetic-2026-07-v3/09_programs_initiatives.csv,2026-07-17,medium,operational resilience evidence requires owner validation; source is synthetic and candidate-only,FCF-09-00086,FCF-EVID-05486,FCF-09_PROGRAMS_INITIATIVES-SRC-00086,09_programs_initiatives,Programs & Initiatives,candidate,first-capital-financial-rich-standard-candidate-20260717,FCF-CANDIDATE-LOAD-20260717,2026-07-17T00:00:00.000Z,deterministic synthetic enterprise context generator,synthetic financial-services enterprise context generation,"This is planning-grade synthetic enterprise context. It is not real client production data, not PHI/PII/payment-card data, and not a claim of realized financial value."
first-capital-financial,Fraud and Financial Crimes Transformation,CTO,platform engineering,"Advance Core Banking Simplification with governed evidence, safe controls, and candidate-only read models.",platform engineering; regulatory reporting platform; FraudShield Controls,approved,design,planning outcomes only; realized value requires finance validation,regulatory reporting platform; FraudShield Controls; platform engineering evidence,third-party risk; no active promotion without review,28750000,0,datasets/tenant-inputs/candidates/first-capital-financial/rich-synthetic-2026-07-v3/09_programs_initiatives.csv,2026-07-17,medium,third-party risk evidence requires owner validation; source is synthetic and candidate-only,FCF-09-00087,FCF-EVID-05487,FCF-09_PROGRAMS_INITIATIVES-SRC-00087,09_programs_initiatives,Programs & Initiatives,candidate,first-capital-financial-rich-standard-candidate-20260717,FCF-CANDIDATE-LOAD-20260717,2026-07-17T00:00:00.000Z,deterministic synthetic enterprise context generator,synthetic financial-services enterprise context generation,"This is planning-grade synthetic enterprise context. It is not real client production data, not PHI/PII/payment-card data, and not a claim of realized financial value."
first-capital-financial,Core Banking Simplification,CDAO,application owner,"Advance Data Governance and Lakehouse Foundation with governed evidence, safe controls, and candidate-only read models.",data and analytics; document management platform; ComplyCase Risk Systems,evidence gate,build,planning outcomes only; realized value requires finance validation,document management platform; ComplyCase Risk Systems; data and analytics evidence,cyber risk; no active promotion without review,28750000,0,datasets/tenant-inputs/candidates/first-capital-financial/rich-synthetic-2026-07-v3/09_programs_initiatives.csv,2026-07-17,high,cyber risk evidence requires owner validation; source is synthetic and candidate-only,FCF-09-00088,FCF-EVID-05488,FCF-09_PROGRAMS_INITIATIVES-SRC-00088,09_programs_initiatives,Programs & Initiatives,candidate_review,first-capital-financial-rich-standard-candidate-20260717,FCF-CANDIDATE-LOAD-20260717,2026-07-17T00:00:00.000Z,deterministic synthetic enterprise context generator,synthetic financial-services enterprise context generation,"This is planning-grade synthetic enterprise context. It is not real client production data, not PHI/PII/payment-card data, and not a claim of realized financial value."
first-capital-financial,Data Governance and Lakehouse Foundation,CISO,data engineering,"Advance Regulatory Reporting Automation with governed evidence, safe controls, and candidate-only read models.",regulatory reporting; core banking platform; CreditSignal Data Services,approved,validate,planning outcomes only; realized value requires finance validation,core banking platform; CreditSignal Data Services; regulatory reporting evidence,fraud loss; no active promotion without review,28750000,0,datasets/tenant-inputs/candidates/first-capital-financial/rich-synthetic-2026-07-v3/09_programs_initiatives.csv,2026-07-17,high,fraud loss evidence requires owner validation; source is synthetic and candidate-only,FCF-09-00089,FCF-EVID-05489,FCF-09_PROGRAMS_INITIATIVES-SRC-00089,09_programs_initiatives,Programs & Initiatives,candidate,first-capital-financial-rich-standard-candidate-20260717,FCF-CANDIDATE-LOAD-20260717,2026-07-17T00:00:00.000Z,deterministic synthetic enterprise context generator,synthetic financial-services enterprise context generation,"This is planning-grade synthetic enterprise context. It is not real client production data, not PHI/PII/payment-card data, and not a claim of realized financial value."
first-capital-financial,Regulatory Reporting Automation,Chief compliance officer,IT service management,"Advance Contact Center Experience Transformation with governed evidence, safe controls, and candidate-only read models.",vendor management; loan origination platform; RegOps Managed Services,approved,control gate,planning outcomes only; realized value requires finance validation,loan origination platform; RegOps Managed Services; vendor management evidence,vendor concentration; no active promotion without review,28750000,0,datasets/tenant-inputs/candidates/first-capital-financial/rich-synthetic-2026-07-v3/09_programs_initiatives.csv,2026-07-17,medium,vendor concentration evidence requires owner validation; source is synthetic and candidate-only,FCF-09-00090,FCF-EVID-05490,FCF-09_PROGRAMS_INITIATIVES-SRC-00090,09_programs_initiatives,Programs & Initiatives,candidate,first-capital-financial-rich-standard-candidate-20260717,FCF-CANDIDATE-LOAD-20260717,2026-07-17T00:00:00.000Z,deterministic synthetic enterprise context generator,synthetic financial-services enterprise context generation,"This is planning-grade synthetic enterprise context. It is not real client production data, not PHI/PII/payment-card data, and not a claim of realized financial value."
first-capital-financial,Contact Center Experience Transformation,Chief procurement officer,enterprise architecture,"Advance Cloud Resilience and Zero Trust with governed evidence, safe controls, and candidate-only read models.",retail banking; card processing platform; CyberGate Security,approved,mobilize,planning outcomes only; realized value requires finance validation,card processing platform; CyberGate Security; retail banking evidence,cloud exit and resilience; no active promotion without review,28750000,0,datasets/tenant-inputs/candidates/first-capital-financial/rich-synthetic-2026-07-v3/09_programs_initiatives.csv,2026-07-17,medium,cloud exit and resilience evidence requires owner validation; source is synthetic and candidate-only,FCF-09-00091,FCF-EVID-05491,FCF-09_PROGRAMS_INITIATIVES-SRC-00091,09_programs_initiatives,Programs & Initiatives,candidate,first-capital-financial-rich-standard-candidate-20260717,FCF-CANDIDATE-LOAD-20260717,2026-07-17T00:00:00.000Z,deterministic synthetic enterprise context generator,synthetic financial-services enterprise context generation,"This is planning-grade synthetic enterprise context. It is not real client production data, not PHI/PII/payment-card data, and not a claim of realized financial value."
first-capital-financial,Cloud Resilience and Zero Trust,Chief people officer,platform engineering,"Advance Branch Workforce Productivity with governed evidence, safe controls, and candidate-only read models.",commercial banking; payments hub; LedgerWorks ERP,evidence gate,design,planning outcomes only; realized value requires finance validation,payments hub; LedgerWorks ERP; commercial banking evidence,model risk management; no active promotion without review,28750000,0,datasets/tenant-inputs/candidates/first-capital-financial/rich-synthetic-2026-07-v3/09_programs_initiatives.csv,2026-07-17,high,model risk management evidence requires owner validation; source is synthetic and candidate-only,FCF-09-00092,FCF-EVID-05492,FCF-09_PROGRAMS_INITIATIVES-SRC-00092,09_programs_initiatives,Programs & Initiatives,candidate_review,first-capital-financial-rich-standard-candidate-20260717,FCF-CANDIDATE-LOAD-20260717,2026-07-17T00:00:00.000Z,deterministic synthetic enterprise context generator,synthetic financial-services enterprise context generation,"This is planning-grade synthetic enterprise context. It is not real client production data, not PHI/PII/payment-card data, and not a claim of realized financial value."
first-capital-financial,Branch Workforce Productivity,Transformation office lead,application owner,"Advance Wealth Advisor Desktop Modernization with governed evidence, safe controls, and candidate-only read models.",wealth advisory; ACH and wire operations; CoreBridge Banking Services,approved,build,planning outcomes only; realized value requires finance validation,ACH and wire operations; CoreBridge Banking Services; wealth advisory evidence,fair lending and bias; no active promotion without review,28750000,0,datasets/tenant-inputs/candidates/first-capital-financial/rich-synthetic-2026-07-v3/09_programs_initiatives.csv,2026-07-17,high,fair lending and bias evidence requires owner validation; source is synthetic and candidate-only,FCF-09-00093,FCF-EVID-05493,FCF-09_PROGRAMS_INITIATIVES-SRC-00093,09_programs_initiatives,Programs & Initiatives,candidate,first-capital-financial-rich-standard-candidate-20260717,FCF-CANDIDATE-LOAD-20260717,2026-07-17T00:00:00.000Z,deterministic synthetic enterprise context generator,synthetic financial-services enterprise context generation,"This is planning-grade synthetic enterprise context. It is not real client production data, not PHI/PII/payment-card data, and not a claim of realized financial value."
first-capital-financial,Wealth Advisor Desktop Modernization,Experience leader,data engineering,"Advance Model Risk and AI Governance with governed evidence, safe controls, and candidate-only read models.",mortgage lending; fraud detection platform; CardRail Processing,approved,validate,planning outcomes only; realized value requires finance validation,fraud detection platform; CardRail Processing; mortgage lending evidence,explainability; no active promotion without review,28750000,0,datasets/tenant-inputs/candidates/first-capital-financial/rich-synthetic-2026-07-v3/09_programs_initiatives.csv,2026-07-17,medium,explainability evidence requires owner validation; source is synthetic and candidate-only,FCF-09-00094,FCF-EVID-05494,FCF-09_PROGRAMS_INITIATIVES-SRC-00094,09_programs_initiatives,Programs & Initiatives,candidate,first-capital-financial-rich-standard-candidate-20260717,FCF-CANDIDATE-LOAD-20260717,2026-07-17T00:00:00.000Z,deterministic synthetic enterprise context generator,synthetic financial-services enterprise context generation,"This is planning-grade synthetic enterprise context. It is not real client production data, not PHI/PII/payment-card data, and not a claim of realized financial value."
first-capital-financial,Model Risk and AI Governance,Business unit president,IT service management,"Advance Finance and GL Modernization with governed evidence, safe controls, and candidate-only read models.",cards and payments; AML/KYC case management; PayAxis Network Services,approved,control gate,planning outcomes only; realized value requires finance validation,AML/KYC case management; PayAxis Network Services; cards and payments evidence,GLBA privacy; no active promotion without review,28750000,0,datasets/tenant-inputs/candidates/first-capital-financial/rich-synthetic-2026-07-v3/09_programs_initiatives.csv,2026-07-17,medium,GLBA privacy evidence requires owner validation; source is synthetic and candidate-only,FCF-09-00095,FCF-EVID-05495,FCF-09_PROGRAMS_INITIATIVES-SRC-00095,09_programs_initiatives,Programs & Initiatives,candidate,first-capital-financial-rich-standard-candidate-20260717,FCF-CANDIDATE-LOAD-20260717,2026-07-17T00:00:00.000Z,deterministic synthetic enterprise context generator,synthetic financial-services enterprise context generation,"This is planning-grade synthetic enterprise context. It is not real client production data, not PHI/PII/payment-card data, and not a claim of realized financial value."
first-capital-financial,Finance and GL Modernization,Contact center leader,enterprise architecture,"Advance Digital Banking Modernization with governed evidence, safe controls, and candidate-only read models.",treasury services; CRM and banker desktop; CloudNorth Data Platform,evidence gate,mobilize,planning outcomes only; realized value requires finance validation,CRM and banker desktop; CloudNorth Data Platform; treasury services evidence,PCI DSS; no active promotion without review,28750000,0,datasets/tenant-inputs/candidates/first-capital-financial/rich-synthetic-2026-07-v3/09_programs_initiatives.csv,2026-07-17,high,PCI DSS evidence requires owner validation; source is synthetic and candidate-only,FCF-09-00096,FCF-EVID-05496,FCF-09_PROGRAMS_INITIATIVES-SRC-00096,09_programs_initiatives,Programs & Initiatives,candidate_review,first-capital-financial-rich-standard-candidate-20260717,FCF-CANDIDATE-LOAD-20260717,2026-07-17T00:00:00.000Z,deterministic synthetic enterprise context generator,synthetic financial-services enterprise context generation,"This is planning-grade synthetic enterprise context. It is not real client production data, not PHI/PII/payment-card data, and not a claim of realized financial value."
first-capital-financial,Digital Banking Modernization,Operations leader,platform engineering,"Advance Payments Platform Resilience with governed evidence, safe controls, and candidate-only read models.",fraud operations; contact center platform; InsightLake Analytics,approved,design,planning outcomes only; realized value requires finance validation,contact center platform; InsightLake Analytics; fraud operations evidence,data retention; no active promotion without review,28750000,0,datasets/tenant-inputs/candidates/first-capital-financial/rich-synthetic-2026-07-v3/09_programs_initiatives.csv,2026-07-17,high,data retention evidence requires owner validation; source is synthetic and candidate-only,FCF-09-00097,FCF-EVID-05497,FCF-09_PROGRAMS_INITIATIVES-SRC-00097,09_programs_initiatives,Programs & Initiatives,candidate,first-capital-financial-rich-standard-candidate-20260717,FCF-CANDIDATE-LOAD-20260717,2026-07-17T00:00:00.000Z,deterministic synthetic enterprise context generator,synthetic financial-services enterprise context generation,"This is planning-grade synthetic enterprise context. It is not real client production data, not PHI/PII/payment-card data, and not a claim of realized financial value."
first-capital-financial,Payments Platform Resilience,Chief architect,application owner,"Advance Fraud and Financial Crimes Transformation with governed evidence, safe controls, and candidate-only read models.",AML and KYC; mobile banking platform; Servica Contact Cloud,approved,build,planning outcomes only; realized value requires finance validation,mobile banking platform; Servica Contact Cloud; AML and KYC evidence,access controls; no active promotion without review,28750000,0,datasets/tenant-inputs/candidates/first-capital-financial/rich-synthetic-2026-07-v3/09_programs_initiatives.csv,2026-07-17,medium,access controls evidence requires owner validation; source is synthetic and candidate-only,FCF-09-00098,FCF-EVID-05498,FCF-09_PROGRAMS_INITIATIVES-SRC-00098,09_programs_initiatives,Programs & Initiatives,candidate,first-capital-financial-rich-standard-candidate-20260717,FCF-CANDIDATE-LOAD-20260717,2026-07-17T00:00:00.000Z,deterministic synthetic enterprise context generator,synthetic financial-services enterprise context generation,"This is planning-grade synthetic enterprise context. It is not real client production data, not PHI/PII/payment-card data, and not a claim of realized financial value."
first-capital-financial,Fraud and Financial Crimes Transformation,Application owner,data engineering,"Advance Core Banking Simplification with governed evidence, safe controls, and candidate-only read models.",risk and compliance; online banking platform; FraudShield Controls,approved,validate,planning outcomes only; realized value requires finance validation,online banking platform; FraudShield Controls; risk and compliance evidence,audit logging; no active promotion without review,28750000,0,datasets/tenant-inputs/candidates/first-capital-financial/rich-synthetic-2026-07-v3/09_programs_initiatives.csv,2026-07-17,medium,audit logging evidence requires owner validation; source is synthetic and candidate-only,FCF-09-00099,FCF-EVID-05499,FCF-09_PROGRAMS_INITIATIVES-SRC-00099,09_programs_initiatives,Programs & Initiatives,candidate,first-capital-financial-rich-standard-candidate-20260717,FCF-CANDIDATE-LOAD-20260717,2026-07-17T00:00:00.000Z,deterministic synthetic enterprise context generator,synthetic financial-services enterprise context generation,"This is planning-grade synthetic enterprise context. It is not real client production data, not PHI/PII/payment-card data, and not a claim of realized financial value."
first-capital-financial,Core Banking Simplification,ITSM leader,IT service management,"Advance Data Governance and Lakehouse Foundation with governed evidence, safe controls, and candidate-only read models.",branch operations; cloud lakehouse foundation; ComplyCase Risk Systems,evidence gate,control gate,planning outcomes only; realized value requires finance validation,cloud lakehouse foundation; ComplyCase Risk Systems; branch operations evidence,customer consent; no active promotion without review,28750000,0,datasets/tenant-inputs/candidates/first-capital-financial/rich-synthetic-2026-07-v3/09_programs_initiatives.csv,2026-07-17,high,customer consent evidence requires owner validation; source is synthetic and candidate-only,FCF-09-00100,FCF-EVID-05500,FCF-09_PROGRAMS_INITIATIVES-SRC-00100,09_programs_initiatives,Programs & Initiatives,candidate_review,first-capital-financial-rich-standard-candidate-20260717,FCF-CANDIDATE-LOAD-20260717,2026-07-17T00:00:00.000Z,deterministic synthetic enterprise context generator,synthetic financial-services enterprise context generation,"This is planning-grade synthetic enterprise context. It is not real client production data, not PHI/PII/payment-card data, and not a claim of realized financial value."
first-capital-financial,Data Governance and Lakehouse Foundation,CEO,enterprise architecture,"Advance Regulatory Reporting Automation with governed evidence, safe controls, and candidate-only read models.",contact center; enterprise risk platform; CreditSignal Data Services,approved,mobilize,planning outcomes only; realized value requires finance validation,enterprise risk platform; CreditSignal Data Services; contact center evidence,regulatory reporting accuracy; no active promotion without review,28750000,0,datasets/tenant-inputs/candidates/first-capital-financial/rich-synthetic-2026-07-v3/09_programs_initiatives.csv,2026-07-17,high,regulatory reporting accuracy evidence requires owner validation; source is synthetic and candidate-only,FCF-09-00101,FCF-EVID-05501,FCF-09_PROGRAMS_INITIATIVES-SRC-00101,09_programs_initiatives,Programs & Initiatives,candidate,first-capital-financial-rich-standard-candidate-20260717,FCF-CANDIDATE-LOAD-20260717,2026-07-17T00:00:00.000Z,deterministic synthetic enterprise context generator,synthetic financial-services enterprise context generation,"This is planning-grade synthetic enterprise context. It is not real client production data, not PHI/PII/payment-card data, and not a claim of realized financial value."
first-capital-financial,Regulatory Reporting Automation,CFO,platform engineering,"Advance Contact Center Experience Transformation with governed evidence, safe controls, and candidate-only read models.",digital banking; general ledger and ERP; RegOps Managed Services,approved,design,planning outcomes only; realized value requires finance validation,general ledger and ERP; RegOps Managed Services; digital banking evidence,operational resilience; no active promotion without review,28750000,0,datasets/tenant-inputs/candidates/first-capital-financial/rich-synthetic-2026-07-v3/09_programs_initiatives.csv,2026-07-17,medium,operational resilience evidence requires owner validation; source is synthetic and candidate-only,FCF-09-00102,FCF-EVID-05502,FCF-09_PROGRAMS_INITIATIVES-SRC-00102,09_programs_initiatives,Programs & Initiatives,candidate,first-capital-financial-rich-standard-candidate-20260717,FCF-CANDIDATE-LOAD-20260717,2026-07-17T00:00:00.000Z,deterministic synthetic enterprise context generator,synthetic financial-services enterprise context generation,"This is planning-grade synthetic enterprise context. It is not real client production data, not PHI/PII/payment-card data, and not a claim of realized financial value."
first-capital-financial,Contact Center Experience Transformation,COO,application owner,"Advance Cloud Resilience and Zero Trust with governed evidence, safe controls, and candidate-only read models.",finance and treasury; identity and access management; CyberGate Security,approved,build,planning outcomes only; realized value requires finance validation,identity and access management; CyberGate Security; finance and treasury evidence,third-party risk; no active promotion without review,28750000,0,datasets/tenant-inputs/candidates/first-capital-financial/rich-synthetic-2026-07-v3/09_programs_initiatives.csv,2026-07-17,medium,third-party risk evidence requires owner validation; source is synthetic and candidate-only,FCF-09-00103,FCF-EVID-05503,FCF-09_PROGRAMS_INITIATIVES-SRC-00103,09_programs_initiatives,Programs & Initiatives,candidate,first-capital-financial-rich-standard-candidate-20260717,FCF-CANDIDATE-LOAD-20260717,2026-07-17T00:00:00.000Z,deterministic synthetic enterprise context generator,synthetic financial-services enterprise context generation,"This is planning-grade synthetic enterprise context. It is not real client production data, not PHI/PII/payment-card data, and not a claim of realized financial value."
first-capital-financial,Cloud Resilience and Zero Trust,CIO,data engineering,"Advance Branch Workforce Productivity with governed evidence, safe controls, and candidate-only read models.",HR and change; model risk management system; LedgerWorks ERP,evidence gate,validate,planning outcomes only; realized value requires finance validation,model risk management system; LedgerWorks ERP; HR and change evidence,cyber risk; no active promotion without review,28750000,0,datasets/tenant-inputs/candidates/first-capital-financial/rich-synthetic-2026-07-v3/09_programs_initiatives.csv,2026-07-17,high,cyber risk evidence requires owner validation; source is synthetic and candidate-only,FCF-09-00104,FCF-EVID-05504,FCF-09_PROGRAMS_INITIATIVES-SRC-00104,09_programs_initiatives,Programs & Initiatives,candidate_review,first-capital-financial-rich-standard-candidate-20260717,FCF-CANDIDATE-LOAD-20260717,2026-07-17T00:00:00.000Z,deterministic synthetic enterprise context generator,synthetic financial-services enterprise context generation,"This is planning-grade synthetic enterprise context. It is not real client production data, not PHI/PII/payment-card data, and not a claim of realized financial value."
first-capital-financial,Branch Workforce Productivity,CTO,IT service management,"Advance Wealth Advisor Desktop Modernization with governed evidence, safe controls, and candidate-only read models.",platform engineering; regulatory reporting platform; CoreBridge Banking Services,approved,control gate,planning outcomes only; realized value requires finance validation,regulatory reporting platform; CoreBridge Banking Services; platform engineering evidence,fraud loss; no active promotion without review,28750000,0,datasets/tenant-inputs/candidates/first-capital-financial/rich-synthetic-2026-07-v3/09_programs_initiatives.csv,2026-07-17,high,fraud loss evidence requires owner validation; source is synthetic and candidate-only,FCF-09-00105,FCF-EVID-05505,FCF-09_PROGRAMS_INITIATIVES-SRC-00105,09_programs_initiatives,Programs & Initiatives,candidate,first-capital-financial-rich-standard-candidate-20260717,FCF-CANDIDATE-LOAD-20260717,2026-07-17T00:00:00.000Z,deterministic synthetic enterprise context generator,synthetic financial-services enterprise context generation,"This is planning-grade synthetic enterprise context. It is not real client production data, not PHI/PII/payment-card data, and not a claim of realized financial value."
first-capital-financial,Wealth Advisor Desktop Modernization,CDAO,enterprise architecture,"Advance Model Risk and AI Governance with governed evidence, safe controls, and candidate-only read models.",data and analytics; document management platform; CardRail Processing,approved,mobilize,planning outcomes only; realized value requires finance validation,document management platform; CardRail Processing; data and analytics evidence,vendor concentration; no active promotion without review,28750000,0,datasets/tenant-inputs/candidates/first-capital-financial/rich-synthetic-2026-07-v3/09_programs_initiatives.csv,2026-07-17,medium,vendor concentration evidence requires owner validation; source is synthetic and candidate-only,FCF-09-00106,FCF-EVID-05506,FCF-09_PROGRAMS_INITIATIVES-SRC-00106,09_programs_initiatives,Programs & Initiatives,candidate,first-capital-financial-rich-standard-candidate-20260717,FCF-CANDIDATE-LOAD-20260717,2026-07-17T00:00:00.000Z,deterministic synthetic enterprise context generator,synthetic financial-services enterprise context generation,"This is planning-grade synthetic enterprise context. It is not real client production data, not PHI/PII/payment-card data, and not a claim of realized financial value."
first-capital-financial,Model Risk and AI Governance,CISO,platform engineering,"Advance Finance and GL Modernization with governed evidence, safe controls, and candidate-only read models.",regulatory reporting; core banking platform; PayAxis Network Services,approved,design,planning outcomes only; realized value requires finance validation,core banking platform; PayAxis Network Services; regulatory reporting evidence,cloud exit and resilience; no active promotion without review,28750000,0,datasets/tenant-inputs/candidates/first-capital-financial/rich-synthetic-2026-07-v3/09_programs_initiatives.csv,2026-07-17,medium,cloud exit and resilience evidence requires owner validation; source is synthetic and candidate-only,FCF-09-00107,FCF-EVID-05507,FCF-09_PROGRAMS_INITIATIVES-SRC-00107,09_programs_initiatives,Programs & Initiatives,candidate,first-capital-financial-rich-standard-candidate-20260717,FCF-CANDIDATE-LOAD-20260717,2026-07-17T00:00:00.000Z,deterministic synthetic enterprise context generator,synthetic financial-services enterprise context generation,"This is planning-grade synthetic enterprise context. It is not real client production data, not PHI/PII/payment-card data, and not a claim of realized financial value."
first-capital-financial,Finance and GL Modernization,Chief compliance officer,application owner,"Advance Digital Banking Modernization with governed evidence, safe controls, and candidate-only read models.",vendor management; loan origination platform; CloudNorth Data Platform,evidence gate,build,planning outcomes only; realized value requires finance validation,loan origination platform; CloudNorth Data Platform; vendor management evidence,model risk management; no active promotion without review,28750000,0,datasets/tenant-inputs/candidates/first-capital-financial/rich-synthetic-2026-07-v3/09_programs_initiatives.csv,2026-07-17,high,model risk management evidence requires owner validation; source is synthetic and candidate-only,FCF-09-00108,FCF-EVID-05508,FCF-09_PROGRAMS_INITIATIVES-SRC-00108,09_programs_initiatives,Programs & Initiatives,candidate_review,first-capital-financial-rich-standard-candidate-20260717,FCF-CANDIDATE-LOAD-20260717,2026-07-17T00:00:00.000Z,deterministic synthetic enterprise context generator,synthetic financial-services enterprise context generation,"This is planning-grade synthetic enterprise context. It is not real client production data, not PHI/PII/payment-card data, and not a claim of realized financial value."
first-capital-financial,Digital Banking Modernization,Chief procurement officer,data engineering,"Advance Payments Platform Resilience with governed evidence, safe controls, and candidate-only read models.",retail banking; card processing platform; InsightLake Analytics,approved,validate,planning outcomes only; realized value requires finance validation,card processing platform; InsightLake Analytics; retail banking evidence,fair lending and bias; no active promotion without review,28750000,0,datasets/tenant-inputs/candidates/first-capital-financial/rich-synthetic-2026-07-v3/09_programs_initiatives.csv,2026-07-17,high,fair lending and bias evidence requires owner validation; source is synthetic and candidate-only,FCF-09-00109,FCF-EVID-05509,FCF-09_PROGRAMS_INITIATIVES-SRC-00109,09_programs_initiatives,Programs & Initiatives,candidate,first-capital-financial-rich-standard-candidate-20260717,FCF-CANDIDATE-LOAD-20260717,2026-07-17T00:00:00.000Z,deterministic synthetic enterprise context generator,synthetic financial-services enterprise context generation,"This is planning-grade synthetic enterprise context. It is not real client production data, not PHI/PII/payment-card data, and not a claim of realized financial value."
first-capital-financial,Payments Platform Resilience,Chief people officer,IT service management,"Advance Fraud and Financial Crimes Transformation with governed evidence, safe controls, and candidate-only read models.",commercial banking; payments hub; Servica Contact Cloud,approved,control gate,planning outcomes only; realized value requires finance validation,payments hub; Servica Contact Cloud; commercial banking evidence,explainability; no active promotion without review,28750000,0,datasets/tenant-inputs/candidates/first-capital-financial/rich-synthetic-2026-07-v3/09_programs_initiatives.csv,2026-07-17,medium,explainability evidence requires owner validation; source is synthetic and candidate-only,FCF-09-00110,FCF-EVID-05510,FCF-09_PROGRAMS_INITIATIVES-SRC-00110,09_programs_initiatives,Programs & Initiatives,candidate,first-capital-financial-rich-standard-candidate-20260717,FCF-CANDIDATE-LOAD-20260717,2026-07-17T00:00:00.000Z,deterministic synthetic enterprise context generator,synthetic financial-services enterprise context generation,"This is planning-grade synthetic enterprise context. It is not real client production data, not PHI/PII/payment-card data, and not a claim of realized financial value."
first-capital-financial,Fraud and Financial Crimes Transformation,Transformation office lead,enterprise architecture,"Advance Core Banking Simplification with governed evidence, safe controls, and candidate-only read models.",wealth advisory; ACH and wire operations; FraudShield Controls,approved,mobilize,planning outcomes only; realized value requires finance validation,ACH and wire operations; FraudShield Controls; wealth advisory evidence,GLBA privacy; no active promotion without review,28750000,0,datasets/tenant-inputs/candidates/first-capital-financial/rich-synthetic-2026-07-v3/09_programs_initiatives.csv,2026-07-17,medium,GLBA privacy evidence requires owner validation; source is synthetic and candidate-only,FCF-09-00111,FCF-EVID-05511,FCF-09_PROGRAMS_INITIATIVES-SRC-00111,09_programs_initiatives,Programs & Initiatives,candidate,first-capital-financial-rich-standard-candidate-20260717,FCF-CANDIDATE-LOAD-20260717,2026-07-17T00:00:00.000Z,deterministic synthetic enterprise context generator,synthetic financial-services enterprise context generation,"This is planning-grade synthetic enterprise context. It is not real client production data, not PHI/PII/payment-card data, and not a claim of realized financial value."
first-capital-financial,Core Banking Simplification,Experience leader,platform engineering,"Advance Data Governance and Lakehouse Foundation with governed evidence, safe controls, and candidate-only read models.",mortgage lending; fraud detection platform; ComplyCase Risk Systems,evidence gate,design,planning outcomes only; realized value requires finance validation,fraud detection platform; ComplyCase Risk Systems; mortgage lending evidence,PCI DSS; no active promotion without review,28750000,0,datasets/tenant-inputs/candidates/first-capital-financial/rich-synthetic-2026-07-v3/09_programs_initiatives.csv,2026-07-17,high,PCI DSS evidence requires owner validation; source is synthetic and candidate-only,FCF-09-00112,FCF-EVID-05512,FCF-09_PROGRAMS_INITIATIVES-SRC-00112,09_programs_initiatives,Programs & Initiatives,candidate_review,first-capital-financial-rich-standard-candidate-20260717,FCF-CANDIDATE-LOAD-20260717,2026-07-17T00:00:00.000Z,deterministic synthetic enterprise context generator,synthetic financial-services enterprise context generation,"This is planning-grade synthetic enterprise context. It is not real client production data, not PHI/PII/payment-card data, and not a claim of realized financial value."
first-capital-financial,Data Governance and Lakehouse Foundation,Business unit president,application owner,"Advance Regulatory Reporting Automation with governed evidence, safe controls, and candidate-only read models.",cards and payments; AML/KYC case management; CreditSignal Data Services,approved,build,planning outcomes only; realized value requires finance validation,AML/KYC case management; CreditSignal Data Services; cards and payments evidence,data retention; no active promotion without review,28750000,0,datasets/tenant-inputs/candidates/first-capital-financial/rich-synthetic-2026-07-v3/09_programs_initiatives.csv,2026-07-17,high,data retention evidence requires owner validation; source is synthetic and candidate-only,FCF-09-00113,FCF-EVID-05513,FCF-09_PROGRAMS_INITIATIVES-SRC-00113,09_programs_initiatives,Programs & Initiatives,candidate,first-capital-financial-rich-standard-candidate-20260717,FCF-CANDIDATE-LOAD-20260717,2026-07-17T00:00:00.000Z,deterministic synthetic enterprise context generator,synthetic financial-services enterprise context generation,"This is planning-grade synthetic enterprise context. It is not real client production data, not PHI/PII/payment-card data, and not a claim of realized financial value."
first-capital-financial,Regulatory Reporting Automation,Contact center leader,data engineering,"Advance Contact Center Experience Transformation with governed evidence, safe controls, and candidate-only read models.",treasury services; CRM and banker desktop; RegOps Managed Services,approved,validate,planning outcomes only; realized value requires finance validation,CRM and banker desktop; RegOps Managed Services; treasury services evidence,access controls; no active promotion without review,28750000,0,datasets/tenant-inputs/candidates/first-capital-financial/rich-synthetic-2026-07-v3/09_programs_initiatives.csv,2026-07-17,medium,access controls evidence requires owner validation; source is synthetic and candidate-only,FCF-09-00114,FCF-EVID-05514,FCF-09_PROGRAMS_INITIATIVES-SRC-00114,09_programs_initiatives,Programs & Initiatives,candidate,first-capital-financial-rich-standard-candidate-20260717,FCF-CANDIDATE-LOAD-20260717,2026-07-17T00:00:00.000Z,deterministic synthetic enterprise context generator,synthetic financial-services enterprise context generation,"This is planning-grade synthetic enterprise context. It is not real client production data, not PHI/PII/payment-card data, and not a claim of realized financial value."
first-capital-financial,Contact Center Experience Transformation,Operations leader,IT service management,"Advance Cloud Resilience and Zero Trust with governed evidence, safe controls, and candidate-only read models.",fraud operations; contact center platform; CyberGate Security,approved,control gate,planning outcomes only; realized value requires finance validation,contact center platform; CyberGate Security; fraud operations evidence,audit logging; no active promotion without review,28750000,0,datasets/tenant-inputs/candidates/first-capital-financial/rich-synthetic-2026-07-v3/09_programs_initiatives.csv,2026-07-17,medium,audit logging evidence requires owner validation; source is synthetic and candidate-only,FCF-09-00115,FCF-EVID-05515,FCF-09_PROGRAMS_INITIATIVES-SRC-00115,09_programs_initiatives,Programs & Initiatives,candidate,first-capital-financial-rich-standard-candidate-20260717,FCF-CANDIDATE-LOAD-20260717,2026-07-17T00:00:00.000Z,deterministic synthetic enterprise context generator,synthetic financial-services enterprise context generation,"This is planning-grade synthetic enterprise context. It is not real client production data, not PHI/PII/payment-card data, and not a claim of realized financial value."
first-capital-financial,Cloud Resilience and Zero Trust,Chief architect,enterprise architecture,"Advance Branch Workforce Productivity with governed evidence, safe controls, and candidate-only read models.",AML and KYC; mobile banking platform; LedgerWorks ERP,evidence gate,mobilize,planning outcomes only; realized value requires finance validation,mobile banking platform; LedgerWorks ERP; AML and KYC evidence,customer consent; no active promotion without review,28750000,0,datasets/tenant-inputs/candidates/first-capital-financial/rich-synthetic-2026-07-v3/09_programs_initiatives.csv,2026-07-17,high,customer consent evidence requires owner validation; source is synthetic and candidate-only,FCF-09-00116,FCF-EVID-05516,FCF-09_PROGRAMS_INITIATIVES-SRC-00116,09_programs_initiatives,Programs & Initiatives,candidate_review,first-capital-financial-rich-standard-candidate-20260717,FCF-CANDIDATE-LOAD-20260717,2026-07-17T00:00:00.000Z,deterministic synthetic enterprise context generator,synthetic financial-services enterprise context generation,"This is planning-grade synthetic enterprise context. It is not real client production data, not PHI/PII/payment-card data, and not a claim of realized financial value."
first-capital-financial,Branch Workforce Productivity,Application owner,platform engineering,"Advance Wealth Advisor Desktop Modernization with governed evidence, safe controls, and candidate-only read models.",risk and compliance; online banking platform; CoreBridge Banking Services,approved,design,planning outcomes only; realized value requires finance validation,online banking platform; CoreBridge Banking Services; risk and compliance evidence,regulatory reporting accuracy; no active promotion without review,28750000,0,datasets/tenant-inputs/candidates/first-capital-financial/rich-synthetic-2026-07-v3/09_programs_initiatives.csv,2026-07-17,high,regulatory reporting accuracy evidence requires owner validation; source is synthetic and candidate-only,FCF-09-00117,FCF-EVID-05517,FCF-09_PROGRAMS_INITIATIVES-SRC-00117,09_programs_initiatives,Programs & Initiatives,candidate,first-capital-financial-rich-standard-candidate-20260717,FCF-CANDIDATE-LOAD-20260717,2026-07-17T00:00:00.000Z,deterministic synthetic enterprise context generator,synthetic financial-services enterprise context generation,"This is planning-grade synthetic enterprise context. It is not real client production data, not PHI/PII/payment-card data, and not a claim of realized financial value."
first-capital-financial,Wealth Advisor Desktop Modernization,ITSM leader,application owner,"Advance Model Risk and AI Governance with governed evidence, safe controls, and candidate-only read models.",branch operations; cloud lakehouse foundation; CardRail Processing,approved,build,planning outcomes only; realized value requires finance validation,cloud lakehouse foundation; CardRail Processing; branch operations evidence,operational resilience; no active promotion without review,28750000,0,datasets/tenant-inputs/candidates/first-capital-financial/rich-synthetic-2026-07-v3/09_programs_initiatives.csv,2026-07-17,medium,operational resilience evidence requires owner validation; source is synthetic and candidate-only,FCF-09-00118,FCF-EVID-05518,FCF-09_PROGRAMS_INITIATIVES-SRC-00118,09_programs_initiatives,Programs & Initiatives,candidate,first-capital-financial-rich-standard-candidate-20260717,FCF-CANDIDATE-LOAD-20260717,2026-07-17T00:00:00.000Z,deterministic synthetic enterprise context generator,synthetic financial-services enterprise context generation,"This is planning-grade synthetic enterprise context. It is not real client production data, not PHI/PII/payment-card data, and not a claim of realized financial value."
first-capital-financial,Model Risk and AI Governance,CEO,data engineering,"Advance Finance and GL Modernization with governed evidence, safe controls, and candidate-only read models.",contact center; enterprise risk platform; PayAxis Network Services,approved,validate,planning outcomes only; realized value requires finance validation,enterprise risk platform; PayAxis Network Services; contact center evidence,third-party risk; no active promotion without review,28750000,0,datasets/tenant-inputs/candidates/first-capital-financial/rich-synthetic-2026-07-v3/09_programs_initiatives.csv,2026-07-17,medium,third-party risk evidence requires owner validation; source is synthetic and candidate-only,FCF-09-00119,FCF-EVID-05519,FCF-09_PROGRAMS_INITIATIVES-SRC-00119,09_programs_initiatives,Programs & Initiatives,candidate,first-capital-financial-rich-standard-candidate-20260717,FCF-CANDIDATE-LOAD-20260717,2026-07-17T00:00:00.000Z,deterministic synthetic enterprise context generator,synthetic financial-services enterprise context generation,"This is planning-grade synthetic enterprise context. It is not real client production data, not PHI/PII/payment-card data, and not a claim of realized financial value."
first-capital-financial,Finance and GL Modernization,CFO,IT service management,"Advance Digital Banking Modernization with governed evidence, safe controls, and candidate-only read models.",digital banking; general ledger and ERP; CloudNorth Data Platform,evidence gate,control gate,planning outcomes only; realized value requires finance validation,general ledger and ERP; CloudNorth Data Platform; digital banking evidence,cyber risk; no active promotion without review,28750000,0,datasets/tenant-inputs/candidates/first-capital-financial/rich-synthetic-2026-07-v3/09_programs_initiatives.csv,2026-07-17,high,cyber risk evidence requires owner validation; source is synthetic and candidate-only,FCF-09-00120,FCF-EVID-05520,FCF-09_PROGRAMS_INITIATIVES-SRC-00120,09_programs_initiatives,Programs & Initiatives,candidate_review,first-capital-financial-rich-standard-candidate-20260717,FCF-CANDIDATE-LOAD-20260717,2026-07-17T00:00:00.000Z,deterministic synthetic enterprise context generator,synthetic financial-services enterprise context generation,"This is planning-grade synthetic enterprise context. It is not real client production data, not PHI/PII/payment-card data, and not a claim of realized financial value."
first-capital-financial,Digital Banking Modernization,COO,enterprise architecture,"Advance Payments Platform Resilience with governed evidence, safe controls, and candidate-only read models.",finance and treasury; identity and access management; InsightLake Analytics,approved,mobilize,planning outcomes only; realized value requires finance validation,identity and access management; InsightLake Analytics; finance and treasury evidence,fraud loss; no active promotion without review,28750000,0,datasets/tenant-inputs/candidates/first-capital-financial/rich-synthetic-2026-07-v3/09_programs_initiatives.csv,2026-07-17,high,fraud loss evidence requires owner validation; source is synthetic and candidate-only,FCF-09-00121,FCF-EVID-05521,FCF-09_PROGRAMS_INITIATIVES-SRC-00121,09_programs_initiatives,Programs & Initiatives,candidate,first-capital-financial-rich-standard-candidate-20260717,FCF-CANDIDATE-LOAD-20260717,2026-07-17T00:00:00.000Z,deterministic synthetic enterprise context generator,synthetic financial-services enterprise context generation,"This is planning-grade synthetic enterprise context. It is not real client production data, not PHI/PII/payment-card data, and not a claim of realized financial value."
first-capital-financial,Payments Platform Resilience,CIO,platform engineering,"Advance Fraud and Financial Crimes Transformation with governed evidence, safe controls, and candidate-only read models.",HR and change; model risk management system; Servica Contact Cloud,approved,design,planning outcomes only; realized value requires finance validation,model risk management system; Servica Contact Cloud; HR and change evidence,vendor concentration; no active promotion without review,28750000,0,datasets/tenant-inputs/candidates/first-capital-financial/rich-synthetic-2026-07-v3/09_programs_initiatives.csv,2026-07-17,medium,vendor concentration evidence requires owner validation; source is synthetic and candidate-only,FCF-09-00122,FCF-EVID-05522,FCF-09_PROGRAMS_INITIATIVES-SRC-00122,09_programs_initiatives,Programs & Initiatives,candidate,first-capital-financial-rich-standard-candidate-20260717,FCF-CANDIDATE-LOAD-20260717,2026-07-17T00:00:00.000Z,deterministic synthetic enterprise context generator,synthetic financial-services enterprise context generation,"This is planning-grade synthetic enterprise context. It is not real client production data, not PHI/PII/payment-card data, and not a claim of realized financial value."
first-capital-financial,Fraud and Financial Crimes Transformation,CTO,application owner,"Advance Core Banking Simplification with governed evidence, safe controls, and candidate-only read models.",platform engineering; regulatory reporting platform; FraudShield Controls,approved,build,planning outcomes only; realized value requires finance validation,regulatory reporting platform; FraudShield Controls; platform engineering evidence,cloud exit and resilience; no active promotion without review,28750000,0,datasets/tenant-inputs/candidates/first-capital-financial/rich-synthetic-2026-07-v3/09_programs_initiatives.csv,2026-07-17,medium,cloud exit and resilience evidence requires owner validation; source is synthetic and candidate-only,FCF-09-00123,FCF-EVID-05523,FCF-09_PROGRAMS_INITIATIVES-SRC-00123,09_programs_initiatives,Programs & Initiatives,candidate,first-capital-financial-rich-standard-candidate-20260717,FCF-CANDIDATE-LOAD-20260717,2026-07-17T00:00:00.000Z,deterministic synthetic enterprise context generator,synthetic financial-services enterprise context generation,"This is planning-grade synthetic enterprise context. It is not real client production data, not PHI/PII/payment-card data, and not a claim of realized financial value."
first-capital-financial,Core Banking Simplification,CDAO,data engineering,"Advance Data Governance and Lakehouse Foundation with governed evidence, safe controls, and candidate-only read models.",data and analytics; document management platform; ComplyCase Risk Systems,evidence gate,validate,planning outcomes only; realized value requires finance validation,document management platform; ComplyCase Risk Systems; data and analytics evidence,model risk management; no active promotion without review,28750000,0,datasets/tenant-inputs/candidates/first-capital-financial/rich-synthetic-2026-07-v3/09_programs_initiatives.csv,2026-07-17,high,model risk management evidence requires owner validation; source is synthetic and candidate-only,FCF-09-00124,FCF-EVID-05524,FCF-09_PROGRAMS_INITIATIVES-SRC-00124,09_programs_initiatives,Programs & Initiatives,candidate_review,first-capital-financial-rich-standard-candidate-20260717,FCF-CANDIDATE-LOAD-20260717,2026-07-17T00:00:00.000Z,deterministic synthetic enterprise context generator,synthetic financial-services enterprise context generation,"This is planning-grade synthetic enterprise context. It is not real client production data, not PHI/PII/payment-card data, and not a claim of realized financial value."
first-capital-financial,Data Governance and Lakehouse Foundation,CISO,IT service management,"Advance Regulatory Reporting Automation with governed evidence, safe controls, and candidate-only read models.",regulatory reporting; core banking platform; CreditSignal Data Services,approved,control gate,planning outcomes only; realized value requires finance validation,core banking platform; CreditSignal Data Services; regulatory reporting evidence,fair lending and bias; no active promotion without review,28750000,0,datasets/tenant-inputs/candidates/first-capital-financial/rich-synthetic-2026-07-v3/09_programs_initiatives.csv,2026-07-17,high,fair lending and bias evidence requires owner validation; source is synthetic and candidate-only,FCF-09-00125,FCF-EVID-05525,FCF-09_PROGRAMS_INITIATIVES-SRC-00125,09_programs_initiatives,Programs & Initiatives,candidate,first-capital-financial-rich-standard-candidate-20260717,FCF-CANDIDATE-LOAD-20260717,2026-07-17T00:00:00.000Z,deterministic synthetic enterprise context generator,synthetic financial-services enterprise context generation,"This is planning-grade synthetic enterprise context. It is not real client production data, not PHI/PII/payment-card data, and not a claim of realized financial value."
first-capital-financial,Regulatory Reporting Automation,Chief compliance officer,enterprise architecture,"Advance Contact Center Experience Transformation with governed evidence, safe controls, and candidate-only read models.",vendor management; loan origination platform; RegOps Managed Services,approved,mobilize,planning outcomes only; realized value requires finance validation,loan origination platform; RegOps Managed Services; vendor management evidence,explainability; no active promotion without review,28750000,0,datasets/tenant-inputs/candidates/first-capital-financial/rich-synthetic-2026-07-v3/09_programs_initiatives.csv,2026-07-17,medium,explainability evidence requires owner validation; source is synthetic and candidate-only,FCF-09-00126,FCF-EVID-05526,FCF-09_PROGRAMS_INITIATIVES-SRC-00126,09_programs_initiatives,Programs & Initiatives,candidate,first-capital-financial-rich-standard-candidate-20260717,FCF-CANDIDATE-LOAD-20260717,2026-07-17T00:00:00.000Z,deterministic synthetic enterprise context generator,synthetic financial-services enterprise context generation,"This is planning-grade synthetic enterprise context. It is not real client production data, not PHI/PII/payment-card data, and not a claim of realized financial value."
first-capital-financial,Contact Center Experience Transformation,Chief procurement officer,platform engineering,"Advance Cloud Resilience and Zero Trust with governed evidence, safe controls, and candidate-only read models.",retail banking; card processing platform; CyberGate Security,approved,design,planning outcomes only; realized value requires finance validation,card processing platform; CyberGate Security; retail banking evidence,GLBA privacy; no active promotion without review,28750000,0,datasets/tenant-inputs/candidates/first-capital-financial/rich-synthetic-2026-07-v3/09_programs_initiatives.csv,2026-07-17,medium,GLBA privacy evidence requires owner validation; source is synthetic and candidate-only,FCF-09-00127,FCF-EVID-05527,FCF-09_PROGRAMS_INITIATIVES-SRC-00127,09_programs_initiatives,Programs & Initiatives,candidate,first-capital-financial-rich-standard-candidate-20260717,FCF-CANDIDATE-LOAD-20260717,2026-07-17T00:00:00.000Z,deterministic synthetic enterprise context generator,synthetic financial-services enterprise context generation,"This is planning-grade synthetic enterprise context. It is not real client production data, not PHI/PII/payment-card data, and not a claim of realized financial value."
first-capital-financial,Cloud Resilience and Zero Trust,Chief people officer,application owner,"Advance Branch Workforce Productivity with governed evidence, safe controls, and candidate-only read models.",commercial banking; payments hub; LedgerWorks ERP,evidence gate,build,planning outcomes only; realized value requires finance validation,payments hub; LedgerWorks ERP; commercial banking evidence,PCI DSS; no active promotion without review,28750000,0,datasets/tenant-inputs/candidates/first-capital-financial/rich-synthetic-2026-07-v3/09_programs_initiatives.csv,2026-07-17,high,PCI DSS evidence requires owner validation; source is synthetic and candidate-only,FCF-09-00128,FCF-EVID-05528,FCF-09_PROGRAMS_INITIATIVES-SRC-00128,09_programs_initiatives,Programs & Initiatives,candidate_review,first-capital-financial-rich-standard-candidate-20260717,FCF-CANDIDATE-LOAD-20260717,2026-07-17T00:00:00.000Z,deterministic synthetic enterprise context generator,synthetic financial-services enterprise context generation,"This is planning-grade synthetic enterprise context. It is not real client production data, not PHI/PII/payment-card data, and not a claim of realized financial value."
first-capital-financial,Branch Workforce Productivity,Transformation office lead,data engineering,"Advance Wealth Advisor Desktop Modernization with governed evidence, safe controls, and candidate-only read models.",wealth advisory; ACH and wire operations; CoreBridge Banking Services,approved,validate,planning outcomes only; realized value requires finance validation,ACH and wire operations; CoreBridge Banking Services; wealth advisory evidence,data retention; no active promotion without review,28750000,0,datasets/tenant-inputs/candidates/first-capital-financial/rich-synthetic-2026-07-v3/09_programs_initiatives.csv,2026-07-17,high,data retention evidence requires owner validation; source is synthetic and candidate-only,FCF-09-00129,FCF-EVID-05529,FCF-09_PROGRAMS_INITIATIVES-SRC-00129,09_programs_initiatives,Programs & Initiatives,candidate,first-capital-financial-rich-standard-candidate-20260717,FCF-CANDIDATE-LOAD-20260717,2026-07-17T00:00:00.000Z,deterministic synthetic enterprise context generator,synthetic financial-services enterprise context generation,"This is planning-grade synthetic enterprise context. It is not real client production data, not PHI/PII/payment-card data, and not a claim of realized financial value."
first-capital-financial,Wealth Advisor Desktop Modernization,Experience leader,IT service management,"Advance Model Risk and AI Governance with governed evidence, safe controls, and candidate-only read models.",mortgage lending; fraud detection platform; CardRail Processing,approved,control gate,planning outcomes only; realized value requires finance validation,fraud detection platform; CardRail Processing; mortgage lending evidence,access controls; no active promotion without review,28750000,0,datasets/tenant-inputs/candidates/first-capital-financial/rich-synthetic-2026-07-v3/09_programs_initiatives.csv,2026-07-17,medium,access controls evidence requires owner validation; source is synthetic and candidate-only,FCF-09-00130,FCF-EVID-05530,FCF-09_PROGRAMS_INITIATIVES-SRC-00130,09_programs_initiatives,Programs & Initiatives,candidate,first-capital-financial-rich-standard-candidate-20260717,FCF-CANDIDATE-LOAD-20260717,2026-07-17T00:00:00.000Z,deterministic synthetic enterprise context generator,synthetic financial-services enterprise context generation,"This is planning-grade synthetic enterprise context. It is not real client production data, not PHI/PII/payment-card data, and not a claim of realized financial value."
first-capital-financial,Model Risk and AI Governance,Business unit president,enterprise architecture,"Advance Finance and GL Modernization with governed evidence, safe controls, and candidate-only read models.",cards and payments; AML/KYC case management; PayAxis Network Services,approved,mobilize,planning outcomes only; realized value requires finance validation,AML/KYC case management; PayAxis Network Services; cards and payments evidence,audit logging; no active promotion without review,28750000,0,datasets/tenant-inputs/candidates/first-capital-financial/rich-synthetic-2026-07-v3/09_programs_initiatives.csv,2026-07-17,medium,audit logging evidence requires owner validation; source is synthetic and candidate-only,FCF-09-00131,FCF-EVID-05531,FCF-09_PROGRAMS_INITIATIVES-SRC-00131,09_programs_initiatives,Programs & Initiatives,candidate,first-capital-financial-rich-standard-candidate-20260717,FCF-CANDIDATE-LOAD-20260717,2026-07-17T00:00:00.000Z,deterministic synthetic enterprise context generator,synthetic financial-services enterprise context generation,"This is planning-grade synthetic enterprise context. It is not real client production data, not PHI/PII/payment-card data, and not a claim of realized financial value."
first-capital-financial,Finance and GL Modernization,Contact center leader,platform engineering,"Advance Digital Banking Modernization with governed evidence, safe controls, and candidate-only read models.",treasury services; CRM and banker desktop; CloudNorth Data Platform,evidence gate,design,planning outcomes only; realized value requires finance validation,CRM and banker desktop; CloudNorth Data Platform; treasury services evidence,customer consent; no active promotion without review,28750000,0,datasets/tenant-inputs/candidates/first-capital-financial/rich-synthetic-2026-07-v3/09_programs_initiatives.csv,2026-07-17,high,customer consent evidence requires owner validation; source is synthetic and candidate-only,FCF-09-00132,FCF-EVID-05532,FCF-09_PROGRAMS_INITIATIVES-SRC-00132,09_programs_initiatives,Programs & Initiatives,candidate_review,first-capital-financial-rich-standard-candidate-20260717,FCF-CANDIDATE-LOAD-20260717,2026-07-17T00:00:00.000Z,deterministic synthetic enterprise context generator,synthetic financial-services enterprise context generation,"This is planning-grade synthetic enterprise context. It is not real client production data, not PHI/PII/payment-card data, and not a claim of realized financial value."
first-capital-financial,Digital Banking Modernization,Operations leader,application owner,"Advance Payments Platform Resilience with governed evidence, safe controls, and candidate-only read models.",fraud operations; contact center platform; InsightLake Analytics,approved,build,planning outcomes only; realized value requires finance validation,contact center platform; InsightLake Analytics; fraud operations evidence,regulatory reporting accuracy; no active promotion without review,28750000,0,datasets/tenant-inputs/candidates/first-capital-financial/rich-synthetic-2026-07-v3/09_programs_initiatives.csv,2026-07-17,high,regulatory reporting accuracy evidence requires owner validation; source is synthetic and candidate-only,FCF-09-00133,FCF-EVID-05533,FCF-09_PROGRAMS_INITIATIVES-SRC-00133,09_programs_initiatives,Programs & Initiatives,candidate,first-capital-financial-rich-standard-candidate-20260717,FCF-CANDIDATE-LOAD-20260717,2026-07-17T00:00:00.000Z,deterministic synthetic enterprise context generator,synthetic financial-services enterprise context generation,"This is planning-grade synthetic enterprise context. It is not real client production data, not PHI/PII/payment-card data, and not a claim of realized financial value."
first-capital-financial,Payments Platform Resilience,Chief architect,data engineering,"Advance Fraud and Financial Crimes Transformation with governed evidence, safe controls, and candidate-only read models.",AML and KYC; mobile banking platform; Servica Contact Cloud,approved,validate,planning outcomes only; realized value requires finance validation,mobile banking platform; Servica Contact Cloud; AML and KYC evidence,operational resilience; no active promotion without review,28750000,0,datasets/tenant-inputs/candidates/first-capital-financial/rich-synthetic-2026-07-v3/09_programs_initiatives.csv,2026-07-17,medium,operational resilience evidence requires owner validation; source is synthetic and candidate-only,FCF-09-00134,FCF-EVID-05534,FCF-09_PROGRAMS_INITIATIVES-SRC-00134,09_programs_initiatives,Programs & Initiatives,candidate,first-capital-financial-rich-standard-candidate-20260717,FCF-CANDIDATE-LOAD-20260717,2026-07-17T00:00:00.000Z,deterministic synthetic enterprise context generator,synthetic financial-services enterprise context generation,"This is planning-grade synthetic enterprise context. It is not real client production data, not PHI/PII/payment-card data, and not a claim of realized financial value."
first-capital-financial,Fraud and Financial Crimes Transformation,Application owner,IT service management,"Advance Core Banking Simplification with governed evidence, safe controls, and candidate-only read models.",risk and compliance; online banking platform; FraudShield Controls,approved,control gate,planning outcomes only; realized value requires finance validation,online banking platform; FraudShield Controls; risk and compliance evidence,third-party risk; no active promotion without review,28750000,0,datasets/tenant-inputs/candidates/first-capital-financial/rich-synthetic-2026-07-v3/09_programs_initiatives.csv,2026-07-17,medium,third-party risk evidence requires owner validation; source is synthetic and candidate-only,FCF-09-00135,FCF-EVID-05535,FCF-09_PROGRAMS_INITIATIVES-SRC-00135,09_programs_initiatives,Programs & Initiatives,candidate,first-capital-financial-rich-standard-candidate-20260717,FCF-CANDIDATE-LOAD-20260717,2026-07-17T00:00:00.000Z,deterministic synthetic enterprise context generator,synthetic financial-services enterprise context generation,"This is planning-grade synthetic enterprise context. It is not real client production data, not PHI/PII/payment-card data, and not a claim of realized financial value."
first-capital-financial,Core Banking Simplification,ITSM leader,enterprise architecture,"Advance Data Governance and Lakehouse Foundation with governed evidence, safe controls, and candidate-only read models.",branch operations; cloud lakehouse foundation; ComplyCase Risk Systems,evidence gate,mobilize,planning outcomes only; realized value requires finance validation,cloud lakehouse foundation; ComplyCase Risk Systems; branch operations evidence,cyber risk; no active promotion without review,28750000,0,datasets/tenant-inputs/candidates/first-capital-financial/rich-synthetic-2026-07-v3/09_programs_initiatives.csv,2026-07-17,high,cyber risk evidence requires owner validation; source is synthetic and candidate-only,FCF-09-00136,FCF-EVID-05536,FCF-09_PROGRAMS_INITIATIVES-SRC-00136,09_programs_initiatives,Programs & Initiatives,candidate_review,first-capital-financial-rich-standard-candidate-20260717,FCF-CANDIDATE-LOAD-20260717,2026-07-17T00:00:00.000Z,deterministic synthetic enterprise context generator,synthetic financial-services enterprise context generation,"This is planning-grade synthetic enterprise context. It is not real client production data, not PHI/PII/payment-card data, and not a claim of realized financial value."
first-capital-financial,Data Governance and Lakehouse Foundation,CEO,platform engineering,"Advance Regulatory Reporting Automation with governed evidence, safe controls, and candidate-only read models.",contact center; enterprise risk platform; CreditSignal Data Services,approved,design,planning outcomes only; realized value requires finance validation,enterprise risk platform; CreditSignal Data Services; contact center evidence,fraud loss; no active promotion without review,28750000,0,datasets/tenant-inputs/candidates/first-capital-financial/rich-synthetic-2026-07-v3/09_programs_initiatives.csv,2026-07-17,high,fraud loss evidence requires owner validation; source is synthetic and candidate-only,FCF-09-00137,FCF-EVID-05537,FCF-09_PROGRAMS_INITIATIVES-SRC-00137,09_programs_initiatives,Programs & Initiatives,candidate,first-capital-financial-rich-standard-candidate-20260717,FCF-CANDIDATE-LOAD-20260717,2026-07-17T00:00:00.000Z,deterministic synthetic enterprise context generator,synthetic financial-services enterprise context generation,"This is planning-grade synthetic enterprise context. It is not real client production data, not PHI/PII/payment-card data, and not a claim of realized financial value."
first-capital-financial,Regulatory Reporting Automation,CFO,application owner,"Advance Contact Center Experience Transformation with governed evidence, safe controls, and candidate-only read models.",digital banking; general ledger and ERP; RegOps Managed Services,approved,build,planning outcomes only; realized value requires finance validation,general ledger and ERP; RegOps Managed Services; digital banking evidence,vendor concentration; no active promotion without review,28750000,0,datasets/tenant-inputs/candidates/first-capital-financial/rich-synthetic-2026-07-v3/09_programs_initiatives.csv,2026-07-17,medium,vendor concentration evidence requires owner validation; source is synthetic and candidate-only,FCF-09-00138,FCF-EVID-05538,FCF-09_PROGRAMS_INITIATIVES-SRC-00138,09_programs_initiatives,Programs & Initiatives,candidate,first-capital-financial-rich-standard-candidate-20260717,FCF-CANDIDATE-LOAD-20260717,2026-07-17T00:00:00.000Z,deterministic synthetic enterprise context generator,synthetic financial-services enterprise context generation,"This is planning-grade synthetic enterprise context. It is not real client production data, not PHI/PII/payment-card data, and not a claim of realized financial value."
first-capital-financial,Contact Center Experience Transformation,COO,data engineering,"Advance Cloud Resilience and Zero Trust with governed evidence, safe controls, and candidate-only read models.",finance and treasury; identity and access management; CyberGate Security,approved,validate,planning outcomes only; realized value requires finance validation,identity and access management; CyberGate Security; finance and treasury evidence,cloud exit and resilience; no active promotion without review,28750000,0,datasets/tenant-inputs/candidates/first-capital-financial/rich-synthetic-2026-07-v3/09_programs_initiatives.csv,2026-07-17,medium,cloud exit and resilience evidence requires owner validation; source is synthetic and candidate-only,FCF-09-00139,FCF-EVID-05539,FCF-09_PROGRAMS_INITIATIVES-SRC-00139,09_programs_initiatives,Programs & Initiatives,candidate,first-capital-financial-rich-standard-candidate-20260717,FCF-CANDIDATE-LOAD-20260717,2026-07-17T00:00:00.000Z,deterministic synthetic enterprise context generator,synthetic financial-services enterprise context generation,"This is planning-grade synthetic enterprise context. It is not real client production data, not PHI/PII/payment-card data, and not a claim of realized financial value."
first-capital-financial,Cloud Resilience and Zero Trust,CIO,IT service management,"Advance Branch Workforce Productivity with governed evidence, safe controls, and candidate-only read models.",HR and change; model risk management system; LedgerWorks ERP,evidence gate,control gate,planning outcomes only; realized value requires finance validation,model risk management system; LedgerWorks ERP; HR and change evidence,model risk management; no active promotion without review,28750000,0,datasets/tenant-inputs/candidates/first-capital-financial/rich-synthetic-2026-07-v3/09_programs_initiatives.csv,2026-07-17,high,model risk management evidence requires owner validation; source is synthetic and candidate-only,FCF-09-00140,FCF-EVID-05540,FCF-09_PROGRAMS_INITIATIVES-SRC-00140,09_programs_initiatives,Programs & Initiatives,candidate_review,first-capital-financial-rich-standard-candidate-20260717,FCF-CANDIDATE-LOAD-20260717,2026-07-17T00:00:00.000Z,deterministic synthetic enterprise context generator,synthetic financial-services enterprise context generation,"This is planning-grade synthetic enterprise context. It is not real client production data, not PHI/PII/payment-card data, and not a claim of realized financial value."
first-capital-financial,Branch Workforce Productivity,CTO,enterprise architecture,"Advance Wealth Advisor Desktop Modernization with governed evidence, safe controls, and candidate-only read models.",platform engineering; regulatory reporting platform; CoreBridge Banking Services,approved,mobilize,planning outcomes only; realized value requires finance validation,regulatory reporting platform; CoreBridge Banking Services; platform engineering evidence,fair lending and bias; no active promotion without review,28750000,0,datasets/tenant-inputs/candidates/first-capital-financial/rich-synthetic-2026-07-v3/09_programs_initiatives.csv,2026-07-17,high,fair lending and bias evidence requires owner validation; source is synthetic and candidate-only,FCF-09-00141,FCF-EVID-05541,FCF-09_PROGRAMS_INITIATIVES-SRC-00141,09_programs_initiatives,Programs & Initiatives,candidate,first-capital-financial-rich-standard-candidate-20260717,FCF-CANDIDATE-LOAD-20260717,2026-07-17T00:00:00.000Z,deterministic synthetic enterprise context generator,synthetic financial-services enterprise context generation,"This is planning-grade synthetic enterprise context. It is not real client production data, not PHI/PII/payment-card data, and not a claim of realized financial value."
first-capital-financial,Wealth Advisor Desktop Modernization,CDAO,platform engineering,"Advance Model Risk and AI Governance with governed evidence, safe controls, and candidate-only read models.",data and analytics; document management platform; CardRail Processing,approved,design,planning outcomes only; realized value requires finance validation,document management platform; CardRail Processing; data and analytics evidence,explainability; no active promotion without review,28750000,0,datasets/tenant-inputs/candidates/first-capital-financial/rich-synthetic-2026-07-v3/09_programs_initiatives.csv,2026-07-17,medium,explainability evidence requires owner validation; source is synthetic and candidate-only,FCF-09-00142,FCF-EVID-05542,FCF-09_PROGRAMS_INITIATIVES-SRC-00142,09_programs_initiatives,Programs & Initiatives,candidate,first-capital-financial-rich-standard-candidate-20260717,FCF-CANDIDATE-LOAD-20260717,2026-07-17T00:00:00.000Z,deterministic synthetic enterprise context generator,synthetic financial-services enterprise context generation,"This is planning-grade synthetic enterprise context. It is not real client production data, not PHI/PII/payment-card data, and not a claim of realized financial value."
first-capital-financial,Model Risk and AI Governance,CISO,application owner,"Advance Finance and GL Modernization with governed evidence, safe controls, and candidate-only read models.",regulatory reporting; core banking platform; PayAxis Network Services,approved,build,planning outcomes only; realized value requires finance validation,core banking platform; PayAxis Network Services; regulatory reporting evidence,GLBA privacy; no active promotion without review,28750000,0,datasets/tenant-inputs/candidates/first-capital-financial/rich-synthetic-2026-07-v3/09_programs_initiatives.csv,2026-07-17,medium,GLBA privacy evidence requires owner validation; source is synthetic and candidate-only,FCF-09-00143,FCF-EVID-05543,FCF-09_PROGRAMS_INITIATIVES-SRC-00143,09_programs_initiatives,Programs & Initiatives,candidate,first-capital-financial-rich-standard-candidate-20260717,FCF-CANDIDATE-LOAD-20260717,2026-07-17T00:00:00.000Z,deterministic synthetic enterprise context generator,synthetic financial-services enterprise context generation,"This is planning-grade synthetic enterprise context. It is not real client production data, not PHI/PII/payment-card data, and not a claim of realized financial value."
first-capital-financial,Finance and GL Modernization,Chief compliance officer,data engineering,"Advance Digital Banking Modernization with governed evidence, safe controls, and candidate-only read models.",vendor management; loan origination platform; CloudNorth Data Platform,evidence gate,validate,planning outcomes only; realized value requires finance validation,loan origination platform; CloudNorth Data Platform; vendor management evidence,PCI DSS; no active promotion without review,28750000,0,datasets/tenant-inputs/candidates/first-capital-financial/rich-synthetic-2026-07-v3/09_programs_initiatives.csv,2026-07-17,high,PCI DSS evidence requires owner validation; source is synthetic and candidate-only,FCF-09-00144,FCF-EVID-05544,FCF-09_PROGRAMS_INITIATIVES-SRC-00144,09_programs_initiatives,Programs & Initiatives,candidate_review,first-capital-financial-rich-standard-candidate-20260717,FCF-CANDIDATE-LOAD-20260717,2026-07-17T00:00:00.000Z,deterministic synthetic enterprise context generator,synthetic financial-services enterprise context generation,"This is planning-grade synthetic enterprise context. It is not real client production data, not PHI/PII/payment-card data, and not a claim of realized financial value."
first-capital-financial,Digital Banking Modernization,Chief procurement officer,IT service management,"Advance Payments Platform Resilience with governed evidence, safe controls, and candidate-only read models.",retail banking; card processing platform; InsightLake Analytics,approved,control gate,planning outcomes only; realized value requires finance validation,card processing platform; InsightLake Analytics; retail banking evidence,data retention; no active promotion without review,28750000,0,datasets/tenant-inputs/candidates/first-capital-financial/rich-synthetic-2026-07-v3/09_programs_initiatives.csv,2026-07-17,high,data retention evidence requires owner validation; source is synthetic and candidate-only,FCF-09-00145,FCF-EVID-05545,FCF-09_PROGRAMS_INITIATIVES-SRC-00145,09_programs_initiatives,Programs & Initiatives,candidate,first-capital-financial-rich-standard-candidate-20260717,FCF-CANDIDATE-LOAD-20260717,2026-07-17T00:00:00.000Z,deterministic synthetic enterprise context generator,synthetic financial-services enterprise context generation,"This is planning-grade synthetic enterprise context. It is not real client production data, not PHI/PII/payment-card data, and not a claim of realized financial value."
first-capital-financial,Payments Platform Resilience,Chief people officer,enterprise architecture,"Advance Fraud and Financial Crimes Transformation with governed evidence, safe controls, and candidate-only read models.",commercial banking; payments hub; Servica Contact Cloud,approved,mobilize,planning outcomes only; realized value requires finance validation,payments hub; Servica Contact Cloud; commercial banking evidence,access controls; no active promotion without review,28750000,0,datasets/tenant-inputs/candidates/first-capital-financial/rich-synthetic-2026-07-v3/09_programs_initiatives.csv,2026-07-17,medium,access controls evidence requires owner validation; source is synthetic and candidate-only,FCF-09-00146,FCF-EVID-05546,FCF-09_PROGRAMS_INITIATIVES-SRC-00146,09_programs_initiatives,Programs & Initiatives,candidate,first-capital-financial-rich-standard-candidate-20260717,FCF-CANDIDATE-LOAD-20260717,2026-07-17T00:00:00.000Z,deterministic synthetic enterprise context generator,synthetic financial-services enterprise context generation,"This is planning-grade synthetic enterprise context. It is not real client production data, not PHI/PII/payment-card data, and not a claim of realized financial value."
first-capital-financial,Fraud and Financial Crimes Transformation,Transformation office lead,platform engineering,"Advance Core Banking Simplification with governed evidence, safe controls, and candidate-only read models.",wealth advisory; ACH and wire operations; FraudShield Controls,approved,design,planning outcomes only; realized value requires finance validation,ACH and wire operations; FraudShield Controls; wealth advisory evidence,audit logging; no active promotion without review,28750000,0,datasets/tenant-inputs/candidates/first-capital-financial/rich-synthetic-2026-07-v3/09_programs_initiatives.csv,2026-07-17,medium,audit logging evidence requires owner validation; source is synthetic and candidate-only,FCF-09-00147,FCF-EVID-05547,FCF-09_PROGRAMS_INITIATIVES-SRC-00147,09_programs_initiatives,Programs & Initiatives,candidate,first-capital-financial-rich-standard-candidate-20260717,FCF-CANDIDATE-LOAD-20260717,2026-07-17T00:00:00.000Z,deterministic synthetic enterprise context generator,synthetic financial-services enterprise context generation,"This is planning-grade synthetic enterprise context. It is not real client production data, not PHI/PII/payment-card data, and not a claim of realized financial value."
first-capital-financial,Core Banking Simplification,Experience leader,application owner,"Advance Data Governance and Lakehouse Foundation with governed evidence, safe controls, and candidate-only read models.",mortgage lending; fraud detection platform; ComplyCase Risk Systems,evidence gate,build,planning outcomes only; realized value requires finance validation,fraud detection platform; ComplyCase Risk Systems; mortgage lending evidence,customer consent; no active promotion without review,28750000,0,datasets/tenant-inputs/candidates/first-capital-financial/rich-synthetic-2026-07-v3/09_programs_initiatives.csv,2026-07-17,high,customer consent evidence requires owner validation; source is synthetic and candidate-only,FCF-09-00148,FCF-EVID-05548,FCF-09_PROGRAMS_INITIATIVES-SRC-00148,09_programs_initiatives,Programs & Initiatives,candidate_review,first-capital-financial-rich-standard-candidate-20260717,FCF-CANDIDATE-LOAD-20260717,2026-07-17T00:00:00.000Z,deterministic synthetic enterprise context generator,synthetic financial-services enterprise context generation,"This is planning-grade synthetic enterprise context. It is not real client production data, not PHI/PII/payment-card data, and not a claim of realized financial value."
first-capital-financial,Data Governance and Lakehouse Foundation,Business unit president,data engineering,"Advance Regulatory Reporting Automation with governed evidence, safe controls, and candidate-only read models.",cards and payments; AML/KYC case management; CreditSignal Data Services,approved,validate,planning outcomes only; realized value requires finance validation,AML/KYC case management; CreditSignal Data Services; cards and payments evidence,regulatory reporting accuracy; no active promotion without review,28750000,0,datasets/tenant-inputs/candidates/first-capital-financial/rich-synthetic-2026-07-v3/09_programs_initiatives.csv,2026-07-17,high,regulatory reporting accuracy evidence requires owner validation; source is synthetic and candidate-only,FCF-09-00149,FCF-EVID-05549,FCF-09_PROGRAMS_INITIATIVES-SRC-00149,09_programs_initiatives,Programs & Initiatives,candidate,first-capital-financial-rich-standard-candidate-20260717,FCF-CANDIDATE-LOAD-20260717,2026-07-17T00:00:00.000Z,deterministic synthetic enterprise context generator,synthetic financial-services enterprise context generation,"This is planning-grade synthetic enterprise context. It is not real client production data, not PHI/PII/payment-card data, and not a claim of realized financial value."
first-capital-financial,Regulatory Reporting Automation,Contact center leader,IT service management,"Advance Contact Center Experience Transformation with governed evidence, safe controls, and candidate-only read models.",treasury services; CRM and banker desktop; RegOps Managed Services,approved,control gate,planning outcomes only; realized value requires finance validation,CRM and banker desktop; RegOps Managed Services; treasury services evidence,operational resilience; no active promotion without review,28750000,0,datasets/tenant-inputs/candidates/first-capital-financial/rich-synthetic-2026-07-v3/09_programs_initiatives.csv,2026-07-17,medium,operational resilience evidence requires owner validation; source is synthetic and candidate-only,FCF-09-00150,FCF-EVID-05550,FCF-09_PROGRAMS_INITIATIVES-SRC-00150,09_programs_initiatives,Programs & Initiatives,candidate,first-capital-financial-rich-standard-candidate-20260717,FCF-CANDIDATE-LOAD-20260717,2026-07-17T00:00:00.000Z,deterministic synthetic enterprise context generator,synthetic financial-services enterprise context generation,"This is planning-grade synthetic enterprise context. It is not real client production data, not PHI/PII/payment-card data, and not a claim of realized financial value."
first-capital-financial,Contact Center Experience Transformation,Operations leader,enterprise architecture,"Advance Cloud Resilience and Zero Trust with governed evidence, safe controls, and candidate-only read models.",fraud operations; contact center platform; CyberGate Security,approved,mobilize,planning outcomes only; realized value requires finance validation,contact center platform; CyberGate Security; fraud operations evidence,third-party risk; no active promotion without review,28750000,0,datasets/tenant-inputs/candidates/first-capital-financial/rich-synthetic-2026-07-v3/09_programs_initiatives.csv,2026-07-17,medium,third-party risk evidence requires owner validation; source is synthetic and candidate-only,FCF-09-00151,FCF-EVID-05551,FCF-09_PROGRAMS_INITIATIVES-SRC-00151,09_programs_initiatives,Programs & Initiatives,candidate,first-capital-financial-rich-standard-candidate-20260717,FCF-CANDIDATE-LOAD-20260717,2026-07-17T00:00:00.000Z,deterministic synthetic enterprise context generator,synthetic financial-services enterprise context generation,"This is planning-grade synthetic enterprise context. It is not real client production data, not PHI/PII/payment-card data, and not a claim of realized financial value."
first-capital-financial,Cloud Resilience and Zero Trust,Chief architect,platform engineering,"Advance Branch Workforce Productivity with governed evidence, safe controls, and candidate-only read models.",AML and KYC; mobile banking platform; LedgerWorks ERP,evidence gate,design,planning outcomes only; realized value requires finance validation,mobile banking platform; LedgerWorks ERP; AML and KYC evidence,cyber risk; no active promotion without review,28750000,0,datasets/tenant-inputs/candidates/first-capital-financial/rich-synthetic-2026-07-v3/09_programs_initiatives.csv,2026-07-17,high,cyber risk evidence requires owner validation; source is synthetic and candidate-only,FCF-09-00152,FCF-EVID-05552,FCF-09_PROGRAMS_INITIATIVES-SRC-00152,09_programs_initiatives,Programs & Initiatives,candidate_review,first-capital-financial-rich-standard-candidate-20260717,FCF-CANDIDATE-LOAD-20260717,2026-07-17T00:00:00.000Z,deterministic synthetic enterprise context generator,synthetic financial-services enterprise context generation,"This is planning-grade synthetic enterprise context. It is not real client production data, not PHI/PII/payment-card data, and not a claim of realized financial value."
first-capital-financial,Branch Workforce Productivity,Application owner,application owner,"Advance Wealth Advisor Desktop Modernization with governed evidence, safe controls, and candidate-only read models.",risk and compliance; online banking platform; CoreBridge Banking Services,approved,build,planning outcomes only; realized value requires finance validation,online banking platform; CoreBridge Banking Services; risk and compliance evidence,fraud loss; no active promotion without review,28750000,0,datasets/tenant-inputs/candidates/first-capital-financial/rich-synthetic-2026-07-v3/09_programs_initiatives.csv,2026-07-17,high,fraud loss evidence requires owner validation; source is synthetic and candidate-only,FCF-09-00153,FCF-EVID-05553,FCF-09_PROGRAMS_INITIATIVES-SRC-00153,09_programs_initiatives,Programs & Initiatives,candidate,first-capital-financial-rich-standard-candidate-20260717,FCF-CANDIDATE-LOAD-20260717,2026-07-17T00:00:00.000Z,deterministic synthetic enterprise context generator,synthetic financial-services enterprise context generation,"This is planning-grade synthetic enterprise context. It is not real client production data, not PHI/PII/payment-card data, and not a claim of realized financial value."
first-capital-financial,Wealth Advisor Desktop Modernization,ITSM leader,data engineering,"Advance Model Risk and AI Governance with governed evidence, safe controls, and candidate-only read models.",branch operations; cloud lakehouse foundation; CardRail Processing,approved,validate,planning outcomes only; realized value requires finance validation,cloud lakehouse foundation; CardRail Processing; branch operations evidence,vendor concentration; no active promotion without review,28750000,0,datasets/tenant-inputs/candidates/first-capital-financial/rich-synthetic-2026-07-v3/09_programs_initiatives.csv,2026-07-17,medium,vendor concentration evidence requires owner validation; source is synthetic and candidate-only,FCF-09-00154,FCF-EVID-05554,FCF-09_PROGRAMS_INITIATIVES-SRC-00154,09_programs_initiatives,Programs & Initiatives,candidate,first-capital-financial-rich-standard-candidate-20260717,FCF-CANDIDATE-LOAD-20260717,2026-07-17T00:00:00.000Z,deterministic synthetic enterprise context generator,synthetic financial-services enterprise context generation,"This is planning-grade synthetic enterprise context. It is not real client production data, not PHI/PII/payment-card data, and not a claim of realized financial value."
first-capital-financial,Model Risk and AI Governance,CEO,IT service management,"Advance Finance and GL Modernization with governed evidence, safe controls, and candidate-only read models.",contact center; enterprise risk platform; PayAxis Network Services,approved,control gate,planning outcomes only; realized value requires finance validation,enterprise risk platform; PayAxis Network Services; contact center evidence,cloud exit and resilience; no active promotion without review,28750000,0,datasets/tenant-inputs/candidates/first-capital-financial/rich-synthetic-2026-07-v3/09_programs_initiatives.csv,2026-07-17,medium,cloud exit and resilience evidence requires owner validation; source is synthetic and candidate-only,FCF-09-00155,FCF-EVID-05555,FCF-09_PROGRAMS_INITIATIVES-SRC-00155,09_programs_initiatives,Programs & Initiatives,candidate,first-capital-financial-rich-standard-candidate-20260717,FCF-CANDIDATE-LOAD-20260717,2026-07-17T00:00:00.000Z,deterministic synthetic enterprise context generator,synthetic financial-services enterprise context generation,"This is planning-grade synthetic enterprise context. It is not real client production data, not PHI/PII/payment-card data, and not a claim of realized financial value."
first-capital-financial,Finance and GL Modernization,CFO,enterprise architecture,"Advance Digital Banking Modernization with governed evidence, safe controls, and candidate-only read models.",digital banking; general ledger and ERP; CloudNorth Data Platform,evidence gate,mobilize,planning outcomes only; realized value requires finance validation,general ledger and ERP; CloudNorth Data Platform; digital banking evidence,model risk management; no active promotion without review,28750000,0,datasets/tenant-inputs/candidates/first-capital-financial/rich-synthetic-2026-07-v3/09_programs_initiatives.csv,2026-07-17,high,model risk management evidence requires owner validation; source is synthetic and candidate-only,FCF-09-00156,FCF-EVID-05556,FCF-09_PROGRAMS_INITIATIVES-SRC-00156,09_programs_initiatives,Programs & Initiatives,candidate_review,first-capital-financial-rich-standard-candidate-20260717,FCF-CANDIDATE-LOAD-20260717,2026-07-17T00:00:00.000Z,deterministic synthetic enterprise context generator,synthetic financial-services enterprise context generation,"This is planning-grade synthetic enterprise context. It is not real client production data, not PHI/PII/payment-card data, and not a claim of realized financial value."
first-capital-financial,Digital Banking Modernization,COO,platform engineering,"Advance Payments Platform Resilience with governed evidence, safe controls, and candidate-only read models.",finance and treasury; identity and access management; InsightLake Analytics,approved,design,planning outcomes only; realized value requires finance validation,identity and access management; InsightLake Analytics; finance and treasury evidence,fair lending and bias; no active promotion without review,28750000,0,datasets/tenant-inputs/candidates/first-capital-financial/rich-synthetic-2026-07-v3/09_programs_initiatives.csv,2026-07-17,high,fair lending and bias evidence requires owner validation; source is synthetic and candidate-only,FCF-09-00157,FCF-EVID-05557,FCF-09_PROGRAMS_INITIATIVES-SRC-00157,09_programs_initiatives,Programs & Initiatives,candidate,first-capital-financial-rich-standard-candidate-20260717,FCF-CANDIDATE-LOAD-20260717,2026-07-17T00:00:00.000Z,deterministic synthetic enterprise context generator,synthetic financial-services enterprise context generation,"This is planning-grade synthetic enterprise context. It is not real client production data, not PHI/PII/payment-card data, and not a claim of realized financial value."
first-capital-financial,Payments Platform Resilience,CIO,application owner,"Advance Fraud and Financial Crimes Transformation with governed evidence, safe controls, and candidate-only read models.",HR and change; model risk management system; Servica Contact Cloud,approved,build,planning outcomes only; realized value requires finance validation,model risk management system; Servica Contact Cloud; HR and change evidence,explainability; no active promotion without review,28750000,0,datasets/tenant-inputs/candidates/first-capital-financial/rich-synthetic-2026-07-v3/09_programs_initiatives.csv,2026-07-17,medium,explainability evidence requires owner validation; source is synthetic and candidate-only,FCF-09-00158,FCF-EVID-05558,FCF-09_PROGRAMS_INITIATIVES-SRC-00158,09_programs_initiatives,Programs & Initiatives,candidate,first-capital-financial-rich-standard-candidate-20260717,FCF-CANDIDATE-LOAD-20260717,2026-07-17T00:00:00.000Z,deterministic synthetic enterprise context generator,synthetic financial-services enterprise context generation,"This is planning-grade synthetic enterprise context. It is not real client production data, not PHI/PII/payment-card data, and not a claim of realized financial value."
first-capital-financial,Fraud and Financial Crimes Transformation,CTO,data engineering,"Advance Core Banking Simplification with governed evidence, safe controls, and candidate-only read models.",platform engineering; regulatory reporting platform; FraudShield Controls,approved,validate,planning outcomes only; realized value requires finance validation,regulatory reporting platform; FraudShield Controls; platform engineering evidence,GLBA privacy; no active promotion without review,28750000,0,datasets/tenant-inputs/candidates/first-capital-financial/rich-synthetic-2026-07-v3/09_programs_initiatives.csv,2026-07-17,medium,GLBA privacy evidence requires owner validation; source is synthetic and candidate-only,FCF-09-00159,FCF-EVID-05559,FCF-09_PROGRAMS_INITIATIVES-SRC-00159,09_programs_initiatives,Programs & Initiatives,candidate,first-capital-financial-rich-standard-candidate-20260717,FCF-CANDIDATE-LOAD-20260717,2026-07-17T00:00:00.000Z,deterministic synthetic enterprise context generator,synthetic financial-services enterprise context generation,"This is planning-grade synthetic enterprise context. It is not real client production data, not PHI/PII/payment-card data, and not a claim of realized financial value."
first-capital-financial,Core Banking Simplification,CDAO,IT service management,"Advance Data Governance and Lakehouse Foundation with governed evidence, safe controls, and candidate-only read models.",data and analytics; document management platform; ComplyCase Risk Systems,evidence gate,control gate,planning outcomes only; realized value requires finance validation,document management platform; ComplyCase Risk Systems; data and analytics evidence,PCI DSS; no active promotion without review,28750000,0,datasets/tenant-inputs/candidates/first-capital-financial/rich-synthetic-2026-07-v3/09_programs_initiatives.csv,2026-07-17,high,PCI DSS evidence requires owner validation; source is synthetic and candidate-only,FCF-09-00160,FCF-EVID-05560,FCF-09_PROGRAMS_INITIATIVES-SRC-00160,09_programs_initiatives,Programs & Initiatives,candidate_review,first-capital-financial-rich-standard-candidate-20260717,FCF-CANDIDATE-LOAD-20260717,2026-07-17T00:00:00.000Z,deterministic synthetic enterprise context generator,synthetic financial-services enterprise context generation,"This is planning-grade synthetic enterprise context. It is not real client production data, not PHI/PII/payment-card data, and not a claim of realized financial value."
first-capital-financial,Data Governance and Lakehouse Foundation,CISO,enterprise architecture,"Advance Regulatory Reporting Automation with governed evidence, safe controls, and candidate-only read models.",regulatory reporting; core banking platform; CreditSignal Data Services,approved,mobilize,planning outcomes only; realized value requires finance validation,core banking platform; CreditSignal Data Services; regulatory reporting evidence,data retention; no active promotion without review,28750000,0,datasets/tenant-inputs/candidates/first-capital-financial/rich-synthetic-2026-07-v3/09_programs_initiatives.csv,2026-07-17,high,data retention evidence requires owner validation; source is synthetic and candidate-only,FCF-09-00161,FCF-EVID-05561,FCF-09_PROGRAMS_INITIATIVES-SRC-00161,09_programs_initiatives,Programs & Initiatives,candidate,first-capital-financial-rich-standard-candidate-20260717,FCF-CANDIDATE-LOAD-20260717,2026-07-17T00:00:00.000Z,deterministic synthetic enterprise context generator,synthetic financial-services enterprise context generation,"This is planning-grade synthetic enterprise context. It is not real client production data, not PHI/PII/payment-card data, and not a claim of realized financial value."
first-capital-financial,Regulatory Reporting Automation,Chief compliance officer,platform engineering,"Advance Contact Center Experience Transformation with governed evidence, safe controls, and candidate-only read models.",vendor management; loan origination platform; RegOps Managed Services,approved,design,planning outcomes only; realized value requires finance validation,loan origination platform; RegOps Managed Services; vendor management evidence,access controls; no active promotion without review,28750000,0,datasets/tenant-inputs/candidates/first-capital-financial/rich-synthetic-2026-07-v3/09_programs_initiatives.csv,2026-07-17,medium,access controls evidence requires owner validation; source is synthetic and candidate-only,FCF-09-00162,FCF-EVID-05562,FCF-09_PROGRAMS_INITIATIVES-SRC-00162,09_programs_initiatives,Programs & Initiatives,candidate,first-capital-financial-rich-standard-candidate-20260717,FCF-CANDIDATE-LOAD-20260717,2026-07-17T00:00:00.000Z,deterministic synthetic enterprise context generator,synthetic financial-services enterprise context generation,"This is planning-grade synthetic enterprise context. It is not real client production data, not PHI/PII/payment-card data, and not a claim of realized financial value."
first-capital-financial,Contact Center Experience Transformation,Chief procurement officer,application owner,"Advance Cloud Resilience and Zero Trust with governed evidence, safe controls, and candidate-only read models.",retail banking; card processing platform; CyberGate Security,approved,build,planning outcomes only; realized value requires finance validation,card processing platform; CyberGate Security; retail banking evidence,audit logging; no active promotion without review,28750000,0,datasets/tenant-inputs/candidates/first-capital-financial/rich-synthetic-2026-07-v3/09_programs_initiatives.csv,2026-07-17,medium,audit logging evidence requires owner validation; source is synthetic and candidate-only,FCF-09-00163,FCF-EVID-05563,FCF-09_PROGRAMS_INITIATIVES-SRC-00163,09_programs_initiatives,Programs & Initiatives,candidate,first-capital-financial-rich-standard-candidate-20260717,FCF-CANDIDATE-LOAD-20260717,2026-07-17T00:00:00.000Z,deterministic synthetic enterprise context generator,synthetic financial-services enterprise context generation,"This is planning-grade synthetic enterprise context. It is not real client production data, not PHI/PII/payment-card data, and not a claim of realized financial value."
first-capital-financial,Cloud Resilience and Zero Trust,Chief people officer,data engineering,"Advance Branch Workforce Productivity with governed evidence, safe controls, and candidate-only read models.",commercial banking; payments hub; LedgerWorks ERP,evidence gate,validate,planning outcomes only; realized value requires finance validation,payments hub; LedgerWorks ERP; commercial banking evidence,customer consent; no active promotion without review,28750000,0,datasets/tenant-inputs/candidates/first-capital-financial/rich-synthetic-2026-07-v3/09_programs_initiatives.csv,2026-07-17,high,customer consent evidence requires owner validation; source is synthetic and candidate-only,FCF-09-00164,FCF-EVID-05564,FCF-09_PROGRAMS_INITIATIVES-SRC-00164,09_programs_initiatives,Programs & Initiatives,candidate_review,first-capital-financial-rich-standard-candidate-20260717,FCF-CANDIDATE-LOAD-20260717,2026-07-17T00:00:00.000Z,deterministic synthetic enterprise context generator,synthetic financial-services enterprise context generation,"This is planning-grade synthetic enterprise context. It is not real client production data, not PHI/PII/payment-card data, and not a claim of realized financial value."
first-capital-financial,Branch Workforce Productivity,Transformation office lead,IT service management,"Advance Wealth Advisor Desktop Modernization with governed evidence, safe controls, and candidate-only read models.",wealth advisory; ACH and wire operations; CoreBridge Banking Services,approved,control gate,planning outcomes only; realized value requires finance validation,ACH and wire operations; CoreBridge Banking Services; wealth advisory evidence,regulatory reporting accuracy; no active promotion without review,28750000,0,datasets/tenant-inputs/candidates/first-capital-financial/rich-synthetic-2026-07-v3/09_programs_initiatives.csv,2026-07-17,high,regulatory reporting accuracy evidence requires owner validation; source is synthetic and candidate-only,FCF-09-00165,FCF-EVID-05565,FCF-09_PROGRAMS_INITIATIVES-SRC-00165,09_programs_initiatives,Programs & Initiatives,candidate,first-capital-financial-rich-standard-candidate-20260717,FCF-CANDIDATE-LOAD-20260717,2026-07-17T00:00:00.000Z,deterministic synthetic enterprise context generator,synthetic financial-services enterprise context generation,"This is planning-grade synthetic enterprise context. It is not real client production data, not PHI/PII/payment-card data, and not a claim of realized financial value."
first-capital-financial,Wealth Advisor Desktop Modernization,Experience leader,enterprise architecture,"Advance Model Risk and AI Governance with governed evidence, safe controls, and candidate-only read models.",mortgage lending; fraud detection platform; CardRail Processing,approved,mobilize,planning outcomes only; realized value requires finance validation,fraud detection platform; CardRail Processing; mortgage lending evidence,operational resilience; no active promotion without review,28750000,0,datasets/tenant-inputs/candidates/first-capital-financial/rich-synthetic-2026-07-v3/09_programs_initiatives.csv,2026-07-17,medium,operational resilience evidence requires owner validation; source is synthetic and candidate-only,FCF-09-00166,FCF-EVID-05566,FCF-09_PROGRAMS_INITIATIVES-SRC-00166,09_programs_initiatives,Programs & Initiatives,candidate,first-capital-financial-rich-standard-candidate-20260717,FCF-CANDIDATE-LOAD-20260717,2026-07-17T00:00:00.000Z,deterministic synthetic enterprise context generator,synthetic financial-services enterprise context generation,"This is planning-grade synthetic enterprise context. It is not real client production data, not PHI/PII/payment-card data, and not a claim of realized financial value."
first-capital-financial,Model Risk and AI Governance,Business unit president,platform engineering,"Advance Finance and GL Modernization with governed evidence, safe controls, and candidate-only read models.",cards and payments; AML/KYC case management; PayAxis Network Services,approved,design,planning outcomes only; realized value requires finance validation,AML/KYC case management; PayAxis Network Services; cards and payments evidence,third-party risk; no active promotion without review,28750000,0,datasets/tenant-inputs/candidates/first-capital-financial/rich-synthetic-2026-07-v3/09_programs_initiatives.csv,2026-07-17,medium,third-party risk evidence requires owner validation; source is synthetic and candidate-only,FCF-09-00167,FCF-EVID-05567,FCF-09_PROGRAMS_INITIATIVES-SRC-00167,09_programs_initiatives,Programs & Initiatives,candidate,first-capital-financial-rich-standard-candidate-20260717,FCF-CANDIDATE-LOAD-20260717,2026-07-17T00:00:00.000Z,deterministic synthetic enterprise context generator,synthetic financial-services enterprise context generation,"This is planning-grade synthetic enterprise context. It is not real client production data, not PHI/PII/payment-card data, and not a claim of realized financial value."
first-capital-financial,Finance and GL Modernization,Contact center leader,application owner,"Advance Digital Banking Modernization with governed evidence, safe controls, and candidate-only read models.",treasury services; CRM and banker desktop; CloudNorth Data Platform,evidence gate,build,planning outcomes only; realized value requires finance validation,CRM and banker desktop; CloudNorth Data Platform; treasury services evidence,cyber risk; no active promotion without review,28750000,0,datasets/tenant-inputs/candidates/first-capital-financial/rich-synthetic-2026-07-v3/09_programs_initiatives.csv,2026-07-17,high,cyber risk evidence requires owner validation; source is synthetic and candidate-only,FCF-09-00168,FCF-EVID-05568,FCF-09_PROGRAMS_INITIATIVES-SRC-00168,09_programs_initiatives,Programs & Initiatives,candidate_review,first-capital-financial-rich-standard-candidate-20260717,FCF-CANDIDATE-LOAD-20260717,2026-07-17T00:00:00.000Z,deterministic synthetic enterprise context generator,synthetic financial-services enterprise context generation,"This is planning-grade synthetic enterprise context. It is not real client production data, not PHI/PII/payment-card data, and not a claim of realized financial value."
first-capital-financial,Digital Banking Modernization,Operations leader,data engineering,"Advance Payments Platform Resilience with governed evidence, safe controls, and candidate-only read models.",fraud operations; contact center platform; InsightLake Analytics,approved,validate,planning outcomes only; realized value requires finance validation,contact center platform; InsightLake Analytics; fraud operations evidence,fraud loss; no active promotion without review,28750000,0,datasets/tenant-inputs/candidates/first-capital-financial/rich-synthetic-2026-07-v3/09_programs_initiatives.csv,2026-07-17,high,fraud loss evidence requires owner validation; source is synthetic and candidate-only,FCF-09-00169,FCF-EVID-05569,FCF-09_PROGRAMS_INITIATIVES-SRC-00169,09_programs_initiatives,Programs & Initiatives,candidate,first-capital-financial-rich-standard-candidate-20260717,FCF-CANDIDATE-LOAD-20260717,2026-07-17T00:00:00.000Z,deterministic synthetic enterprise context generator,synthetic financial-services enterprise context generation,"This is planning-grade synthetic enterprise context. It is not real client production data, not PHI/PII/payment-card data, and not a claim of realized financial value."
first-capital-financial,Payments Platform Resilience,Chief architect,IT service management,"Advance Fraud and Financial Crimes Transformation with governed evidence, safe controls, and candidate-only read models.",AML and KYC; mobile banking platform; Servica Contact Cloud,approved,control gate,planning outcomes only; realized value requires finance validation,mobile banking platform; Servica Contact Cloud; AML and KYC evidence,vendor concentration; no active promotion without review,28750000,0,datasets/tenant-inputs/candidates/first-capital-financial/rich-synthetic-2026-07-v3/09_programs_initiatives.csv,2026-07-17,medium,vendor concentration evidence requires owner validation; source is synthetic and candidate-only,FCF-09-00170,FCF-EVID-05570,FCF-09_PROGRAMS_INITIATIVES-SRC-00170,09_programs_initiatives,Programs & Initiatives,candidate,first-capital-financial-rich-standard-candidate-20260717,FCF-CANDIDATE-LOAD-20260717,2026-07-17T00:00:00.000Z,deterministic synthetic enterprise context generator,synthetic financial-services enterprise context generation,"This is planning-grade synthetic enterprise context. It is not real client production data, not PHI/PII/payment-card data, and not a claim of realized financial value."
first-capital-financial,Fraud and Financial Crimes Transformation,Application owner,enterprise architecture,"Advance Core Banking Simplification with governed evidence, safe controls, and candidate-only read models.",risk and compliance; online banking platform; FraudShield Controls,approved,mobilize,planning outcomes only; realized value requires finance validation,online banking platform; FraudShield Controls; risk and compliance evidence,cloud exit and resilience; no active promotion without review,28750000,0,datasets/tenant-inputs/candidates/first-capital-financial/rich-synthetic-2026-07-v3/09_programs_initiatives.csv,2026-07-17,medium,cloud exit and resilience evidence requires owner validation; source is synthetic and candidate-only,FCF-09-00171,FCF-EVID-05571,FCF-09_PROGRAMS_INITIATIVES-SRC-00171,09_programs_initiatives,Programs & Initiatives,candidate,first-capital-financial-rich-standard-candidate-20260717,FCF-CANDIDATE-LOAD-20260717,2026-07-17T00:00:00.000Z,deterministic synthetic enterprise context generator,synthetic financial-services enterprise context generation,"This is planning-grade synthetic enterprise context. It is not real client production data, not PHI/PII/payment-card data, and not a claim of realized financial value."
first-capital-financial,Core Banking Simplification,ITSM leader,platform engineering,"Advance Data Governance and Lakehouse Foundation with governed evidence, safe controls, and candidate-only read models.",branch operations; cloud lakehouse foundation; ComplyCase Risk Systems,evidence gate,design,planning outcomes only; realized value requires finance validation,cloud lakehouse foundation; ComplyCase Risk Systems; branch operations evidence,model risk management; no active promotion without review,28750000,0,datasets/tenant-inputs/candidates/first-capital-financial/rich-synthetic-2026-07-v3/09_programs_initiatives.csv,2026-07-17,high,model risk management evidence requires owner validation; source is synthetic and candidate-only,FCF-09-00172,FCF-EVID-05572,FCF-09_PROGRAMS_INITIATIVES-SRC-00172,09_programs_initiatives,Programs & Initiatives,candidate_review,first-capital-financial-rich-standard-candidate-20260717,FCF-CANDIDATE-LOAD-20260717,2026-07-17T00:00:00.000Z,deterministic synthetic enterprise context generator,synthetic financial-services enterprise context generation,"This is planning-grade synthetic enterprise context. It is not real client production data, not PHI/PII/payment-card data, and not a claim of realized financial value."
first-capital-financial,Data Governance and Lakehouse Foundation,CEO,application owner,"Advance Regulatory Reporting Automation with governed evidence, safe controls, and candidate-only read models.",contact center; enterprise risk platform; CreditSignal Data Services,approved,build,planning outcomes only; realized value requires finance validation,enterprise risk platform; CreditSignal Data Services; contact center evidence,fair lending and bias; no active promotion without review,28750000,0,datasets/tenant-inputs/candidates/first-capital-financial/rich-synthetic-2026-07-v3/09_programs_initiatives.csv,2026-07-17,high,fair lending and bias evidence requires owner validation; source is synthetic and candidate-only,FCF-09-00173,FCF-EVID-05573,FCF-09_PROGRAMS_INITIATIVES-SRC-00173,09_programs_initiatives,Programs & Initiatives,candidate,first-capital-financial-rich-standard-candidate-20260717,FCF-CANDIDATE-LOAD-20260717,2026-07-17T00:00:00.000Z,deterministic synthetic enterprise context generator,synthetic financial-services enterprise context generation,"This is planning-grade synthetic enterprise context. It is not real client production data, not PHI/PII/payment-card data, and not a claim of realized financial value."
first-capital-financial,Regulatory Reporting Automation,CFO,data engineering,"Advance Contact Center Experience Transformation with governed evidence, safe controls, and candidate-only read models.",digital banking; general ledger and ERP; RegOps Managed Services,approved,validate,planning outcomes only; realized value requires finance validation,general ledger and ERP; RegOps Managed Services; digital banking evidence,explainability; no active promotion without review,28750000,0,datasets/tenant-inputs/candidates/first-capital-financial/rich-synthetic-2026-07-v3/09_programs_initiatives.csv,2026-07-17,medium,explainability evidence requires owner validation; source is synthetic and candidate-only,FCF-09-00174,FCF-EVID-05574,FCF-09_PROGRAMS_INITIATIVES-SRC-00174,09_programs_initiatives,Programs & Initiatives,candidate,first-capital-financial-rich-standard-candidate-20260717,FCF-CANDIDATE-LOAD-20260717,2026-07-17T00:00:00.000Z,deterministic synthetic enterprise context generator,synthetic financial-services enterprise context generation,"This is planning-grade synthetic enterprise context. It is not real client production data, not PHI/PII/payment-card data, and not a claim of realized financial value."
first-capital-financial,Contact Center Experience Transformation,COO,IT service management,"Advance Cloud Resilience and Zero Trust with governed evidence, safe controls, and candidate-only read models.",finance and treasury; identity and access management; CyberGate Security,approved,control gate,planning outcomes only; realized value requires finance validation,identity and access management; CyberGate Security; finance and treasury evidence,GLBA privacy; no active promotion without review,28750000,0,datasets/tenant-inputs/candidates/first-capital-financial/rich-synthetic-2026-07-v3/09_programs_initiatives.csv,2026-07-17,medium,GLBA privacy evidence requires owner validation; source is synthetic and candidate-only,FCF-09-00175,FCF-EVID-05575,FCF-09_PROGRAMS_INITIATIVES-SRC-00175,09_programs_initiatives,Programs & Initiatives,candidate,first-capital-financial-rich-standard-candidate-20260717,FCF-CANDIDATE-LOAD-20260717,2026-07-17T00:00:00.000Z,deterministic synthetic enterprise context generator,synthetic financial-services enterprise context generation,"This is planning-grade synthetic enterprise context. It is not real client production data, not PHI/PII/payment-card data, and not a claim of realized financial value."
first-capital-financial,Cloud Resilience and Zero Trust,CIO,enterprise architecture,"Advance Branch Workforce Productivity with governed evidence, safe controls, and candidate-only read models.",HR and change; model risk management system; LedgerWorks ERP,evidence gate,mobilize,planning outcomes only; realized value requires finance validation,model risk management system; LedgerWorks ERP; HR and change evidence,PCI DSS; no active promotion without review,28750000,0,datasets/tenant-inputs/candidates/first-capital-financial/rich-synthetic-2026-07-v3/09_programs_initiatives.csv,2026-07-17,high,PCI DSS evidence requires owner validation; source is synthetic and candidate-only,FCF-09-00176,FCF-EVID-05576,FCF-09_PROGRAMS_INITIATIVES-SRC-00176,09_programs_initiatives,Programs & Initiatives,candidate_review,first-capital-financial-rich-standard-candidate-20260717,FCF-CANDIDATE-LOAD-20260717,2026-07-17T00:00:00.000Z,deterministic synthetic enterprise context generator,synthetic financial-services enterprise context generation,"This is planning-grade synthetic enterprise context. It is not real client production data, not PHI/PII/payment-card data, and not a claim of realized financial value."
first-capital-financial,Branch Workforce Productivity,CTO,platform engineering,"Advance Wealth Advisor Desktop Modernization with governed evidence, safe controls, and candidate-only read models.",platform engineering; regulatory reporting platform; CoreBridge Banking Services,approved,design,planning outcomes only; realized value requires finance validation,regulatory reporting platform; CoreBridge Banking Services; platform engineering evidence,data retention; no active promotion without review,28750000,0,datasets/tenant-inputs/candidates/first-capital-financial/rich-synthetic-2026-07-v3/09_programs_initiatives.csv,2026-07-17,high,data retention evidence requires owner validation; source is synthetic and candidate-only,FCF-09-00177,FCF-EVID-05577,FCF-09_PROGRAMS_INITIATIVES-SRC-00177,09_programs_initiatives,Programs & Initiatives,candidate,first-capital-financial-rich-standard-candidate-20260717,FCF-CANDIDATE-LOAD-20260717,2026-07-17T00:00:00.000Z,deterministic synthetic enterprise context generator,synthetic financial-services enterprise context generation,"This is planning-grade synthetic enterprise context. It is not real client production data, not PHI/PII/payment-card data, and not a claim of realized financial value."
first-capital-financial,Wealth Advisor Desktop Modernization,CDAO,application owner,"Advance Model Risk and AI Governance with governed evidence, safe controls, and candidate-only read models.",data and analytics; document management platform; CardRail Processing,approved,build,planning outcomes only; realized value requires finance validation,document management platform; CardRail Processing; data and analytics evidence,access controls; no active promotion without review,28750000,0,datasets/tenant-inputs/candidates/first-capital-financial/rich-synthetic-2026-07-v3/09_programs_initiatives.csv,2026-07-17,medium,access controls evidence requires owner validation; source is synthetic and candidate-only,FCF-09-00178,FCF-EVID-05578,FCF-09_PROGRAMS_INITIATIVES-SRC-00178,09_programs_initiatives,Programs & Initiatives,candidate,first-capital-financial-rich-standard-candidate-20260717,FCF-CANDIDATE-LOAD-20260717,2026-07-17T00:00:00.000Z,deterministic synthetic enterprise context generator,synthetic financial-services enterprise context generation,"This is planning-grade synthetic enterprise context. It is not real client production data, not PHI/PII/payment-card data, and not a claim of realized financial value."
first-capital-financial,Model Risk and AI Governance,CISO,data engineering,"Advance Finance and GL Modernization with governed evidence, safe controls, and candidate-only read models.",regulatory reporting; core banking platform; PayAxis Network Services,approved,validate,planning outcomes only; realized value requires finance validation,core banking platform; PayAxis Network Services; regulatory reporting evidence,audit logging; no active promotion without review,28750000,0,datasets/tenant-inputs/candidates/first-capital-financial/rich-synthetic-2026-07-v3/09_programs_initiatives.csv,2026-07-17,medium,audit logging evidence requires owner validation; source is synthetic and candidate-only,FCF-09-00179,FCF-EVID-05579,FCF-09_PROGRAMS_INITIATIVES-SRC-00179,09_programs_initiatives,Programs & Initiatives,candidate,first-capital-financial-rich-standard-candidate-20260717,FCF-CANDIDATE-LOAD-20260717,2026-07-17T00:00:00.000Z,deterministic synthetic enterprise context generator,synthetic financial-services enterprise context generation,"This is planning-grade synthetic enterprise context. It is not real client production data, not PHI/PII/payment-card data, and not a claim of realized financial value."
first-capital-financial,Finance and GL Modernization,Chief compliance officer,IT service management,"Advance Digital Banking Modernization with governed evidence, safe controls, and candidate-only read models.",vendor management; loan origination platform; CloudNorth Data Platform,evidence gate,control gate,planning outcomes only; realized value requires finance validation,loan origination platform; CloudNorth Data Platform; vendor management evidence,customer consent; no active promotion without review,28750000,0,datasets/tenant-inputs/candidates/first-capital-financial/rich-synthetic-2026-07-v3/09_programs_initiatives.csv,2026-07-17,high,customer consent evidence requires owner validation; source is synthetic and candidate-only,FCF-09-00180,FCF-EVID-05580,FCF-09_PROGRAMS_INITIATIVES-SRC-00180,09_programs_initiatives,Programs & Initiatives,candidate_review,first-capital-financial-rich-standard-candidate-20260717,FCF-CANDIDATE-LOAD-20260717,2026-07-17T00:00:00.000Z,deterministic synthetic enterprise context generator,synthetic financial-services enterprise context generation,"This is planning-grade synthetic enterprise context. It is not real client production data, not PHI/PII/payment-card data, and not a claim of realized financial value."
first-capital-financial,Digital Banking Modernization,Chief procurement officer,enterprise architecture,"Advance Payments Platform Resilience with governed evidence, safe controls, and candidate-only read models.",retail banking; card processing platform; InsightLake Analytics,approved,mobilize,planning outcomes only; realized value requires finance validation,card processing platform; InsightLake Analytics; retail banking evidence,regulatory reporting accuracy; no active promotion without review,28750000,0,datasets/tenant-inputs/candidates/first-capital-financial/rich-synthetic-2026-07-v3/09_programs_initiatives.csv,2026-07-17,high,regulatory reporting accuracy evidence requires owner validation; source is synthetic and candidate-only,FCF-09-00181,FCF-EVID-05581,FCF-09_PROGRAMS_INITIATIVES-SRC-00181,09_programs_initiatives,Programs & Initiatives,candidate,first-capital-financial-rich-standard-candidate-20260717,FCF-CANDIDATE-LOAD-20260717,2026-07-17T00:00:00.000Z,deterministic synthetic enterprise context generator,synthetic financial-services enterprise context generation,"This is planning-grade synthetic enterprise context. It is not real client production data, not PHI/PII/payment-card data, and not a claim of realized financial value."
first-capital-financial,Payments Platform Resilience,Chief people officer,platform engineering,"Advance Fraud and Financial Crimes Transformation with governed evidence, safe controls, and candidate-only read models.",commercial banking; payments hub; Servica Contact Cloud,approved,design,planning outcomes only; realized value requires finance validation,payments hub; Servica Contact Cloud; commercial banking evidence,operational resilience; no active promotion without review,28750000,0,datasets/tenant-inputs/candidates/first-capital-financial/rich-synthetic-2026-07-v3/09_programs_initiatives.csv,2026-07-17,medium,operational resilience evidence requires owner validation; source is synthetic and candidate-only,FCF-09-00182,FCF-EVID-05582,FCF-09_PROGRAMS_INITIATIVES-SRC-00182,09_programs_initiatives,Programs & Initiatives,candidate,first-capital-financial-rich-standard-candidate-20260717,FCF-CANDIDATE-LOAD-20260717,2026-07-17T00:00:00.000Z,deterministic synthetic enterprise context generator,synthetic financial-services enterprise context generation,"This is planning-grade synthetic enterprise context. It is not real client production data, not PHI/PII/payment-card data, and not a claim of realized financial value."
first-capital-financial,Fraud and Financial Crimes Transformation,Transformation office lead,application owner,"Advance Core Banking Simplification with governed evidence, safe controls, and candidate-only read models.",wealth advisory; ACH and wire operations; FraudShield Controls,approved,build,planning outcomes only; realized value requires finance validation,ACH and wire operations; FraudShield Controls; wealth advisory evidence,third-party risk; no active promotion without review,28750000,0,datasets/tenant-inputs/candidates/first-capital-financial/rich-synthetic-2026-07-v3/09_programs_initiatives.csv,2026-07-17,medium,third-party risk evidence requires owner validation; source is synthetic and candidate-only,FCF-09-00183,FCF-EVID-05583,FCF-09_PROGRAMS_INITIATIVES-SRC-00183,09_programs_initiatives,Programs & Initiatives,candidate,first-capital-financial-rich-standard-candidate-20260717,FCF-CANDIDATE-LOAD-20260717,2026-07-17T00:00:00.000Z,deterministic synthetic enterprise context generator,synthetic financial-services enterprise context generation,"This is planning-grade synthetic enterprise context. It is not real client production data, not PHI/PII/payment-card data, and not a claim of realized financial value."
first-capital-financial,Core Banking Simplification,Experience leader,data engineering,"Advance Data Governance and Lakehouse Foundation with governed evidence, safe controls, and candidate-only read models.",mortgage lending; fraud detection platform; ComplyCase Risk Systems,evidence gate,validate,planning outcomes only; realized value requires finance validation,fraud detection platform; ComplyCase Risk Systems; mortgage lending evidence,cyber risk; no active promotion without review,28750000,0,datasets/tenant-inputs/candidates/first-capital-financial/rich-synthetic-2026-07-v3/09_programs_initiatives.csv,2026-07-17,high,cyber risk evidence requires owner validation; source is synthetic and candidate-only,FCF-09-00184,FCF-EVID-05584,FCF-09_PROGRAMS_INITIATIVES-SRC-00184,09_programs_initiatives,Programs & Initiatives,candidate_review,first-capital-financial-rich-standard-candidate-20260717,FCF-CANDIDATE-LOAD-20260717,2026-07-17T00:00:00.000Z,deterministic synthetic enterprise context generator,synthetic financial-services enterprise context generation,"This is planning-grade synthetic enterprise context. It is not real client production data, not PHI/PII/payment-card data, and not a claim of realized financial value."
first-capital-financial,Data Governance and Lakehouse Foundation,Business unit president,IT service management,"Advance Regulatory Reporting Automation with governed evidence, safe controls, and candidate-only read models.",cards and payments; AML/KYC case management; CreditSignal Data Services,approved,control gate,planning outcomes only; realized value requires finance validation,AML/KYC case management; CreditSignal Data Services; cards and payments evidence,fraud loss; no active promotion without review,28750000,0,datasets/tenant-inputs/candidates/first-capital-financial/rich-synthetic-2026-07-v3/09_programs_initiatives.csv,2026-07-17,high,fraud loss evidence requires owner validation; source is synthetic and candidate-only,FCF-09-00185,FCF-EVID-05585,FCF-09_PROGRAMS_INITIATIVES-SRC-00185,09_programs_initiatives,Programs & Initiatives,candidate,first-capital-financial-rich-standard-candidate-20260717,FCF-CANDIDATE-LOAD-20260717,2026-07-17T00:00:00.000Z,deterministic synthetic enterprise context generator,synthetic financial-services enterprise context generation,"This is planning-grade synthetic enterprise context. It is not real client production data, not PHI/PII/payment-card data, and not a claim of realized financial value."
first-capital-financial,Regulatory Reporting Automation,Contact center leader,enterprise architecture,"Advance Contact Center Experience Transformation with governed evidence, safe controls, and candidate-only read models.",treasury services; CRM and banker desktop; RegOps Managed Services,approved,mobilize,planning outcomes only; realized value requires finance validation,CRM and banker desktop; RegOps Managed Services; treasury services evidence,vendor concentration; no active promotion without review,28750000,0,datasets/tenant-inputs/candidates/first-capital-financial/rich-synthetic-2026-07-v3/09_programs_initiatives.csv,2026-07-17,medium,vendor concentration evidence requires owner validation; source is synthetic and candidate-only,FCF-09-00186,FCF-EVID-05586,FCF-09_PROGRAMS_INITIATIVES-SRC-00186,09_programs_initiatives,Programs & Initiatives,candidate,first-capital-financial-rich-standard-candidate-20260717,FCF-CANDIDATE-LOAD-20260717,2026-07-17T00:00:00.000Z,deterministic synthetic enterprise context generator,synthetic financial-services enterprise context generation,"This is planning-grade synthetic enterprise context. It is not real client production data, not PHI/PII/payment-card data, and not a claim of realized financial value."
first-capital-financial,Contact Center Experience Transformation,Operations leader,platform engineering,"Advance Cloud Resilience and Zero Trust with governed evidence, safe controls, and candidate-only read models.",fraud operations; contact center platform; CyberGate Security,approved,design,planning outcomes only; realized value requires finance validation,contact center platform; CyberGate Security; fraud operations evidence,cloud exit and resilience; no active promotion without review,28750000,0,datasets/tenant-inputs/candidates/first-capital-financial/rich-synthetic-2026-07-v3/09_programs_initiatives.csv,2026-07-17,medium,cloud exit and resilience evidence requires owner validation; source is synthetic and candidate-only,FCF-09-00187,FCF-EVID-05587,FCF-09_PROGRAMS_INITIATIVES-SRC-00187,09_programs_initiatives,Programs & Initiatives,candidate,first-capital-financial-rich-standard-candidate-20260717,FCF-CANDIDATE-LOAD-20260717,2026-07-17T00:00:00.000Z,deterministic synthetic enterprise context generator,synthetic financial-services enterprise context generation,"This is planning-grade synthetic enterprise context. It is not real client production data, not PHI/PII/payment-card data, and not a claim of realized financial value."
first-capital-financial,Cloud Resilience and Zero Trust,Chief architect,application owner,"Advance Branch Workforce Productivity with governed evidence, safe controls, and candidate-only read models.",AML and KYC; mobile banking platform; LedgerWorks ERP,evidence gate,build,planning outcomes only; realized value requires finance validation,mobile banking platform; LedgerWorks ERP; AML and KYC evidence,model risk management; no active promotion without review,28750000,0,datasets/tenant-inputs/candidates/first-capital-financial/rich-synthetic-2026-07-v3/09_programs_initiatives.csv,2026-07-17,high,model risk management evidence requires owner validation; source is synthetic and candidate-only,FCF-09-00188,FCF-EVID-05588,FCF-09_PROGRAMS_INITIATIVES-SRC-00188,09_programs_initiatives,Programs & Initiatives,candidate_review,first-capital-financial-rich-standard-candidate-20260717,FCF-CANDIDATE-LOAD-20260717,2026-07-17T00:00:00.000Z,deterministic synthetic enterprise context generator,synthetic financial-services enterprise context generation,"This is planning-grade synthetic enterprise context. It is not real client production data, not PHI/PII/payment-card data, and not a claim of realized financial value."
first-capital-financial,Branch Workforce Productivity,Application owner,data engineering,"Advance Wealth Advisor Desktop Modernization with governed evidence, safe controls, and candidate-only read models.",risk and compliance; online banking platform; CoreBridge Banking Services,approved,validate,planning outcomes only; realized value requires finance validation,online banking platform; CoreBridge Banking Services; risk and compliance evidence,fair lending and bias; no active promotion without review,28750000,0,datasets/tenant-inputs/candidates/first-capital-financial/rich-synthetic-2026-07-v3/09_programs_initiatives.csv,2026-07-17,high,fair lending and bias evidence requires owner validation; source is synthetic and candidate-only,FCF-09-00189,FCF-EVID-05589,FCF-09_PROGRAMS_INITIATIVES-SRC-00189,09_programs_initiatives,Programs & Initiatives,candidate,first-capital-financial-rich-standard-candidate-20260717,FCF-CANDIDATE-LOAD-20260717,2026-07-17T00:00:00.000Z,deterministic synthetic enterprise context generator,synthetic financial-services enterprise context generation,"This is planning-grade synthetic enterprise context. It is not real client production data, not PHI/PII/payment-card data, and not a claim of realized financial value."
first-capital-financial,Wealth Advisor Desktop Modernization,ITSM leader,IT service management,"Advance Model Risk and AI Governance with governed evidence, safe controls, and candidate-only read models.",branch operations; cloud lakehouse foundation; CardRail Processing,approved,control gate,planning outcomes only; realized value requires finance validation,cloud lakehouse foundation; CardRail Processing; branch operations evidence,explainability; no active promotion without review,28750000,0,datasets/tenant-inputs/candidates/first-capital-financial/rich-synthetic-2026-07-v3/09_programs_initiatives.csv,2026-07-17,medium,explainability evidence requires owner validation; source is synthetic and candidate-only,FCF-09-00190,FCF-EVID-05590,FCF-09_PROGRAMS_INITIATIVES-SRC-00190,09_programs_initiatives,Programs & Initiatives,candidate,first-capital-financial-rich-standard-candidate-20260717,FCF-CANDIDATE-LOAD-20260717,2026-07-17T00:00:00.000Z,deterministic synthetic enterprise context generator,synthetic financial-services enterprise context generation,"This is planning-grade synthetic enterprise context. It is not real client production data, not PHI/PII/payment-card data, and not a claim of realized financial value."
first-capital-financial,Model Risk and AI Governance,CEO,enterprise architecture,"Advance Finance and GL Modernization with governed evidence, safe controls, and candidate-only read models.",contact center; enterprise risk platform; PayAxis Network Services,approved,mobilize,planning outcomes only; realized value requires finance validation,enterprise risk platform; PayAxis Network Services; contact center evidence,GLBA privacy; no active promotion without review,28750000,0,datasets/tenant-inputs/candidates/first-capital-financial/rich-synthetic-2026-07-v3/09_programs_initiatives.csv,2026-07-17,medium,GLBA privacy evidence requires owner validation; source is synthetic and candidate-only,FCF-09-00191,FCF-EVID-05591,FCF-09_PROGRAMS_INITIATIVES-SRC-00191,09_programs_initiatives,Programs & Initiatives,candidate,first-capital-financial-rich-standard-candidate-20260717,FCF-CANDIDATE-LOAD-20260717,2026-07-17T00:00:00.000Z,deterministic synthetic enterprise context generator,synthetic financial-services enterprise context generation,"This is planning-grade synthetic enterprise context. It is not real client production data, not PHI/PII/payment-card data, and not a claim of realized financial value."
first-capital-financial,Finance and GL Modernization,CFO,platform engineering,"Advance Digital Banking Modernization with governed evidence, safe controls, and candidate-only read models.",digital banking; general ledger and ERP; CloudNorth Data Platform,evidence gate,design,planning outcomes only; realized value requires finance validation,general ledger and ERP; CloudNorth Data Platform; digital banking evidence,PCI DSS; no active promotion without review,28750000,0,datasets/tenant-inputs/candidates/first-capital-financial/rich-synthetic-2026-07-v3/09_programs_initiatives.csv,2026-07-17,high,PCI DSS evidence requires owner validation; source is synthetic and candidate-only,FCF-09-00192,FCF-EVID-05592,FCF-09_PROGRAMS_INITIATIVES-SRC-00192,09_programs_initiatives,Programs & Initiatives,candidate_review,first-capital-financial-rich-standard-candidate-20260717,FCF-CANDIDATE-LOAD-20260717,2026-07-17T00:00:00.000Z,deterministic synthetic enterprise context generator,synthetic financial-services enterprise context generation,"This is planning-grade synthetic enterprise context. It is not real client production data, not PHI/PII/payment-card data, and not a claim of realized financial value."
first-capital-financial,Digital Banking Modernization,COO,application owner,"Advance Payments Platform Resilience with governed evidence, safe controls, and candidate-only read models.",finance and treasury; identity and access management; InsightLake Analytics,approved,build,planning outcomes only; realized value requires finance validation,identity and access management; InsightLake Analytics; finance and treasury evidence,data retention; no active promotion without review,28750000,0,datasets/tenant-inputs/candidates/first-capital-financial/rich-synthetic-2026-07-v3/09_programs_initiatives.csv,2026-07-17,high,data retention evidence requires owner validation; source is synthetic and candidate-only,FCF-09-00193,FCF-EVID-05593,FCF-09_PROGRAMS_INITIATIVES-SRC-00193,09_programs_initiatives,Programs & Initiatives,candidate,first-capital-financial-rich-standard-candidate-20260717,FCF-CANDIDATE-LOAD-20260717,2026-07-17T00:00:00.000Z,deterministic synthetic enterprise context generator,synthetic financial-services enterprise context generation,"This is planning-grade synthetic enterprise context. It is not real client production data, not PHI/PII/payment-card data, and not a claim of realized financial value."
first-capital-financial,Payments Platform Resilience,CIO,data engineering,"Advance Fraud and Financial Crimes Transformation with governed evidence, safe controls, and candidate-only read models.",HR and change; model risk management system; Servica Contact Cloud,approved,validate,planning outcomes only; realized value requires finance validation,model risk management system; Servica Contact Cloud; HR and change evidence,access controls; no active promotion without review,28750000,0,datasets/tenant-inputs/candidates/first-capital-financial/rich-synthetic-2026-07-v3/09_programs_initiatives.csv,2026-07-17,medium,access controls evidence requires owner validation; source is synthetic and candidate-only,FCF-09-00194,FCF-EVID-05594,FCF-09_PROGRAMS_INITIATIVES-SRC-00194,09_programs_initiatives,Programs & Initiatives,candidate,first-capital-financial-rich-standard-candidate-20260717,FCF-CANDIDATE-LOAD-20260717,2026-07-17T00:00:00.000Z,deterministic synthetic enterprise context generator,synthetic financial-services enterprise context generation,"This is planning-grade synthetic enterprise context. It is not real client production data, not PHI/PII/payment-card data, and not a claim of realized financial value."
first-capital-financial,Fraud and Financial Crimes Transformation,CTO,IT service management,"Advance Core Banking Simplification with governed evidence, safe controls, and candidate-only read models.",platform engineering; regulatory reporting platform; FraudShield Controls,approved,control gate,planning outcomes only; realized value requires finance validation,regulatory reporting platform; FraudShield Controls; platform engineering evidence,audit logging; no active promotion without review,28750000,0,datasets/tenant-inputs/candidates/first-capital-financial/rich-synthetic-2026-07-v3/09_programs_initiatives.csv,2026-07-17,medium,audit logging evidence requires owner validation; source is synthetic and candidate-only,FCF-09-00195,FCF-EVID-05595,FCF-09_PROGRAMS_INITIATIVES-SRC-00195,09_programs_initiatives,Programs & Initiatives,candidate,first-capital-financial-rich-standard-candidate-20260717,FCF-CANDIDATE-LOAD-20260717,2026-07-17T00:00:00.000Z,deterministic synthetic enterprise context generator,synthetic financial-services enterprise context generation,"This is planning-grade synthetic enterprise context. It is not real client production data, not PHI/PII/payment-card data, and not a claim of realized financial value."
first-capital-financial,Core Banking Simplification,CDAO,enterprise architecture,"Advance Data Governance and Lakehouse Foundation with governed evidence, safe controls, and candidate-only read models.",data and analytics; document management platform; ComplyCase Risk Systems,evidence gate,mobilize,planning outcomes only; realized value requires finance validation,document management platform; ComplyCase Risk Systems; data and analytics evidence,customer consent; no active promotion without review,28750000,0,datasets/tenant-inputs/candidates/first-capital-financial/rich-synthetic-2026-07-v3/09_programs_initiatives.csv,2026-07-17,high,customer consent evidence requires owner validation; source is synthetic and candidate-only,FCF-09-00196,FCF-EVID-05596,FCF-09_PROGRAMS_INITIATIVES-SRC-00196,09_programs_initiatives,Programs & Initiatives,candidate_review,first-capital-financial-rich-standard-candidate-20260717,FCF-CANDIDATE-LOAD-20260717,2026-07-17T00:00:00.000Z,deterministic synthetic enterprise context generator,synthetic financial-services enterprise context generation,"This is planning-grade synthetic enterprise context. It is not real client production data, not PHI/PII/payment-card data, and not a claim of realized financial value."
first-capital-financial,Data Governance and Lakehouse Foundation,CISO,platform engineering,"Advance Regulatory Reporting Automation with governed evidence, safe controls, and candidate-only read models.",regulatory reporting; core banking platform; CreditSignal Data Services,approved,design,planning outcomes only; realized value requires finance validation,core banking platform; CreditSignal Data Services; regulatory reporting evidence,regulatory reporting accuracy; no active promotion without review,28750000,0,datasets/tenant-inputs/candidates/first-capital-financial/rich-synthetic-2026-07-v3/09_programs_initiatives.csv,2026-07-17,high,regulatory reporting accuracy evidence requires owner validation; source is synthetic and candidate-only,FCF-09-00197,FCF-EVID-05597,FCF-09_PROGRAMS_INITIATIVES-SRC-00197,09_programs_initiatives,Programs & Initiatives,candidate,first-capital-financial-rich-standard-candidate-20260717,FCF-CANDIDATE-LOAD-20260717,2026-07-17T00:00:00.000Z,deterministic synthetic enterprise context generator,synthetic financial-services enterprise context generation,"This is planning-grade synthetic enterprise context. It is not real client production data, not PHI/PII/payment-card data, and not a claim of realized financial value."
first-capital-financial,Regulatory Reporting Automation,Chief compliance officer,application owner,"Advance Contact Center Experience Transformation with governed evidence, safe controls, and candidate-only read models.",vendor management; loan origination platform; RegOps Managed Services,approved,build,planning outcomes only; realized value requires finance validation,loan origination platform; RegOps Managed Services; vendor management evidence,operational resilience; no active promotion without review,28750000,0,datasets/tenant-inputs/candidates/first-capital-financial/rich-synthetic-2026-07-v3/09_programs_initiatives.csv,2026-07-17,medium,operational resilience evidence requires owner validation; source is synthetic and candidate-only,FCF-09-00198,FCF-EVID-05598,FCF-09_PROGRAMS_INITIATIVES-SRC-00198,09_programs_initiatives,Programs & Initiatives,candidate,first-capital-financial-rich-standard-candidate-20260717,FCF-CANDIDATE-LOAD-20260717,2026-07-17T00:00:00.000Z,deterministic synthetic enterprise context generator,synthetic financial-services enterprise context generation,"This is planning-grade synthetic enterprise context. It is not real client production data, not PHI/PII/payment-card data, and not a claim of realized financial value."
first-capital-financial,Contact Center Experience Transformation,Chief procurement officer,data engineering,"Advance Cloud Resilience and Zero Trust with governed evidence, safe controls, and candidate-only read models.",retail banking; card processing platform; CyberGate Security,approved,validate,planning outcomes only; realized value requires finance validation,card processing platform; CyberGate Security; retail banking evidence,third-party risk; no active promotion without review,28750000,0,datasets/tenant-inputs/candidates/first-capital-financial/rich-synthetic-2026-07-v3/09_programs_initiatives.csv,2026-07-17,medium,third-party risk evidence requires owner validation; source is synthetic and candidate-only,FCF-09-00199,FCF-EVID-05599,FCF-09_PROGRAMS_INITIATIVES-SRC-00199,09_programs_initiatives,Programs & Initiatives,candidate,first-capital-financial-rich-standard-candidate-20260717,FCF-CANDIDATE-LOAD-20260717,2026-07-17T00:00:00.000Z,deterministic synthetic enterprise context generator,synthetic financial-services enterprise context generation,"This is planning-grade synthetic enterprise context. It is not real client production data, not PHI/PII/payment-card data, and not a claim of realized financial value."
first-capital-financial,Cloud Resilience and Zero Trust,Chief people officer,IT service management,"Advance Branch Workforce Productivity with governed evidence, safe controls, and candidate-only read models.",commercial banking; payments hub; LedgerWorks ERP,evidence gate,control gate,planning outcomes only; realized value requires finance validation,payments hub; LedgerWorks ERP; commercial banking evidence,cyber risk; no active promotion without review,28750000,0,datasets/tenant-inputs/candidates/first-capital-financial/rich-synthetic-2026-07-v3/09_programs_initiatives.csv,2026-07-17,high,cyber risk evidence requires owner validation; source is synthetic and candidate-only,FCF-09-00200,FCF-EVID-05600,FCF-09_PROGRAMS_INITIATIVES-SRC-00200,09_programs_initiatives,Programs & Initiatives,candidate_review,first-capital-financial-rich-standard-candidate-20260717,FCF-CANDIDATE-LOAD-20260717,2026-07-17T00:00:00.000Z,deterministic synthetic enterprise context generator,synthetic financial-services enterprise context generation,"This is planning-grade synthetic enterprise context. It is not real client production data, not PHI/PII/payment-card data, and not a claim of realized financial value."
first-capital-financial,Branch Workforce Productivity,Transformation office lead,enterprise architecture,"Advance Wealth Advisor Desktop Modernization with governed evidence, safe controls, and candidate-only read models.",wealth advisory; ACH and wire operations; CoreBridge Banking Services,approved,mobilize,planning outcomes only; realized value requires finance validation,ACH and wire operations; CoreBridge Banking Services; wealth advisory evidence,fraud loss; no active promotion without review,28750000,0,datasets/tenant-inputs/candidates/first-capital-financial/rich-synthetic-2026-07-v3/09_programs_initiatives.csv,2026-07-17,high,fraud loss evidence requires owner validation; source is synthetic and candidate-only,FCF-09-00201,FCF-EVID-05601,FCF-09_PROGRAMS_INITIATIVES-SRC-00201,09_programs_initiatives,Programs & Initiatives,candidate,first-capital-financial-rich-standard-candidate-20260717,FCF-CANDIDATE-LOAD-20260717,2026-07-17T00:00:00.000Z,deterministic synthetic enterprise context generator,synthetic financial-services enterprise context generation,"This is planning-grade synthetic enterprise context. It is not real client production data, not PHI/PII/payment-card data, and not a claim of realized financial value."
first-capital-financial,Wealth Advisor Desktop Modernization,Experience leader,platform engineering,"Advance Model Risk and AI Governance with governed evidence, safe controls, and candidate-only read models.",mortgage lending; fraud detection platform; CardRail Processing,approved,design,planning outcomes only; realized value requires finance validation,fraud detection platform; CardRail Processing; mortgage lending evidence,vendor concentration; no active promotion without review,28750000,0,datasets/tenant-inputs/candidates/first-capital-financial/rich-synthetic-2026-07-v3/09_programs_initiatives.csv,2026-07-17,medium,vendor concentration evidence requires owner validation; source is synthetic and candidate-only,FCF-09-00202,FCF-EVID-05602,FCF-09_PROGRAMS_INITIATIVES-SRC-00202,09_programs_initiatives,Programs & Initiatives,candidate,first-capital-financial-rich-standard-candidate-20260717,FCF-CANDIDATE-LOAD-20260717,2026-07-17T00:00:00.000Z,deterministic synthetic enterprise context generator,synthetic financial-services enterprise context generation,"This is planning-grade synthetic enterprise context. It is not real client production data, not PHI/PII/payment-card data, and not a claim of realized financial value."
first-capital-financial,Model Risk and AI Governance,Business unit president,application owner,"Advance Finance and GL Modernization with governed evidence, safe controls, and candidate-only read models.",cards and payments; AML/KYC case management; PayAxis Network Services,approved,build,planning outcomes only; realized value requires finance validation,AML/KYC case management; PayAxis Network Services; cards and payments evidence,cloud exit and resilience; no active promotion without review,28750000,0,datasets/tenant-inputs/candidates/first-capital-financial/rich-synthetic-2026-07-v3/09_programs_initiatives.csv,2026-07-17,medium,cloud exit and resilience evidence requires owner validation; source is synthetic and candidate-only,FCF-09-00203,FCF-EVID-05603,FCF-09_PROGRAMS_INITIATIVES-SRC-00203,09_programs_initiatives,Programs & Initiatives,candidate,first-capital-financial-rich-standard-candidate-20260717,FCF-CANDIDATE-LOAD-20260717,2026-07-17T00:00:00.000Z,deterministic synthetic enterprise context generator,synthetic financial-services enterprise context generation,"This is planning-grade synthetic enterprise context. It is not real client production data, not PHI/PII/payment-card data, and not a claim of realized financial value."
first-capital-financial,Finance and GL Modernization,Contact center leader,data engineering,"Advance Digital Banking Modernization with governed evidence, safe controls, and candidate-only read models.",treasury services; CRM and banker desktop; CloudNorth Data Platform,evidence gate,validate,planning outcomes only; realized value requires finance validation,CRM and banker desktop; CloudNorth Data Platform; treasury services evidence,model risk management; no active promotion without review,28750000,0,datasets/tenant-inputs/candidates/first-capital-financial/rich-synthetic-2026-07-v3/09_programs_initiatives.csv,2026-07-17,high,model risk management evidence requires owner validation; source is synthetic and candidate-only,FCF-09-00204,FCF-EVID-05604,FCF-09_PROGRAMS_INITIATIVES-SRC-00204,09_programs_initiatives,Programs & Initiatives,candidate_review,first-capital-financial-rich-standard-candidate-20260717,FCF-CANDIDATE-LOAD-20260717,2026-07-17T00:00:00.000Z,deterministic synthetic enterprise context generator,synthetic financial-services enterprise context generation,"This is planning-grade synthetic enterprise context. It is not real client production data, not PHI/PII/payment-card data, and not a claim of realized financial value."
first-capital-financial,Digital Banking Modernization,Operations leader,IT service management,"Advance Payments Platform Resilience with governed evidence, safe controls, and candidate-only read models.",fraud operations; contact center platform; InsightLake Analytics,approved,control gate,planning outcomes only; realized value requires finance validation,contact center platform; InsightLake Analytics; fraud operations evidence,fair lending and bias; no active promotion without review,28750000,0,datasets/tenant-inputs/candidates/first-capital-financial/rich-synthetic-2026-07-v3/09_programs_initiatives.csv,2026-07-17,high,fair lending and bias evidence requires owner validation; source is synthetic and candidate-only,FCF-09-00205,FCF-EVID-05605,FCF-09_PROGRAMS_INITIATIVES-SRC-00205,09_programs_initiatives,Programs & Initiatives,candidate,first-capital-financial-rich-standard-candidate-20260717,FCF-CANDIDATE-LOAD-20260717,2026-07-17T00:00:00.000Z,deterministic synthetic enterprise context generator,synthetic financial-services enterprise context generation,"This is planning-grade synthetic enterprise context. It is not real client production data, not PHI/PII/payment-card data, and not a claim of realized financial value."
first-capital-financial,Payments Platform Resilience,Chief architect,enterprise architecture,"Advance Fraud and Financial Crimes Transformation with governed evidence, safe controls, and candidate-only read models.",AML and KYC; mobile banking platform; Servica Contact Cloud,approved,mobilize,planning outcomes only; realized value requires finance validation,mobile banking platform; Servica Contact Cloud; AML and KYC evidence,explainability; no active promotion without review,28750000,0,datasets/tenant-inputs/candidates/first-capital-financial/rich-synthetic-2026-07-v3/09_programs_initiatives.csv,2026-07-17,medium,explainability evidence requires owner validation; source is synthetic and candidate-only,FCF-09-00206,FCF-EVID-05606,FCF-09_PROGRAMS_INITIATIVES-SRC-00206,09_programs_initiatives,Programs & Initiatives,candidate,first-capital-financial-rich-standard-candidate-20260717,FCF-CANDIDATE-LOAD-20260717,2026-07-17T00:00:00.000Z,deterministic synthetic enterprise context generator,synthetic financial-services enterprise context generation,"This is planning-grade synthetic enterprise context. It is not real client production data, not PHI/PII/payment-card data, and not a claim of realized financial value."
first-capital-financial,Fraud and Financial Crimes Transformation,Application owner,platform engineering,"Advance Core Banking Simplification with governed evidence, safe controls, and candidate-only read models.",risk and compliance; online banking platform; FraudShield Controls,approved,design,planning outcomes only; realized value requires finance validation,online banking platform; FraudShield Controls; risk and compliance evidence,GLBA privacy; no active promotion without review,28750000,0,datasets/tenant-inputs/candidates/first-capital-financial/rich-synthetic-2026-07-v3/09_programs_initiatives.csv,2026-07-17,medium,GLBA privacy evidence requires owner validation; source is synthetic and candidate-only,FCF-09-00207,FCF-EVID-05607,FCF-09_PROGRAMS_INITIATIVES-SRC-00207,09_programs_initiatives,Programs & Initiatives,candidate,first-capital-financial-rich-standard-candidate-20260717,FCF-CANDIDATE-LOAD-20260717,2026-07-17T00:00:00.000Z,deterministic synthetic enterprise context generator,synthetic financial-services enterprise context generation,"This is planning-grade synthetic enterprise context. It is not real client production data, not PHI/PII/payment-card data, and not a claim of realized financial value."
first-capital-financial,Core Banking Simplification,ITSM leader,application owner,"Advance Data Governance and Lakehouse Foundation with governed evidence, safe controls, and candidate-only read models.",branch operations; cloud lakehouse foundation; ComplyCase Risk Systems,evidence gate,build,planning outcomes only; realized value requires finance validation,cloud lakehouse foundation; ComplyCase Risk Systems; branch operations evidence,PCI DSS; no active promotion without review,28750000,0,datasets/tenant-inputs/candidates/first-capital-financial/rich-synthetic-2026-07-v3/09_programs_initiatives.csv,2026-07-17,high,PCI DSS evidence requires owner validation; source is synthetic and candidate-only,FCF-09-00208,FCF-EVID-05608,FCF-09_PROGRAMS_INITIATIVES-SRC-00208,09_programs_initiatives,Programs & Initiatives,candidate_review,first-capital-financial-rich-standard-candidate-20260717,FCF-CANDIDATE-LOAD-20260717,2026-07-17T00:00:00.000Z,deterministic synthetic enterprise context generator,synthetic financial-services enterprise context generation,"This is planning-grade synthetic enterprise context. It is not real client production data, not PHI/PII/payment-card data, and not a claim of realized financial value."
first-capital-financial,Data Governance and Lakehouse Foundation,CEO,data engineering,"Advance Regulatory Reporting Automation with governed evidence, safe controls, and candidate-only read models.",contact center; enterprise risk platform; CreditSignal Data Services,approved,validate,planning outcomes only; realized value requires finance validation,enterprise risk platform; CreditSignal Data Services; contact center evidence,data retention; no active promotion without review,28750000,0,datasets/tenant-inputs/candidates/first-capital-financial/rich-synthetic-2026-07-v3/09_programs_initiatives.csv,2026-07-17,high,data retention evidence requires owner validation; source is synthetic and candidate-only,FCF-09-00209,FCF-EVID-05609,FCF-09_PROGRAMS_INITIATIVES-SRC-00209,09_programs_initiatives,Programs & Initiatives,candidate,first-capital-financial-rich-standard-candidate-20260717,FCF-CANDIDATE-LOAD-20260717,2026-07-17T00:00:00.000Z,deterministic synthetic enterprise context generator,synthetic financial-services enterprise context generation,"This is planning-grade synthetic enterprise context. It is not real client production data, not PHI/PII/payment-card data, and not a claim of realized financial value."
first-capital-financial,Regulatory Reporting Automation,CFO,IT service management,"Advance Contact Center Experience Transformation with governed evidence, safe controls, and candidate-only read models.",digital banking; general ledger and ERP; RegOps Managed Services,approved,control gate,planning outcomes only; realized value requires finance validation,general ledger and ERP; RegOps Managed Services; digital banking evidence,access controls; no active promotion without review,28750000,0,datasets/tenant-inputs/candidates/first-capital-financial/rich-synthetic-2026-07-v3/09_programs_initiatives.csv,2026-07-17,medium,access controls evidence requires owner validation; source is synthetic and candidate-only,FCF-09-00210,FCF-EVID-05610,FCF-09_PROGRAMS_INITIATIVES-SRC-00210,09_programs_initiatives,Programs & Initiatives,candidate,first-capital-financial-rich-standard-candidate-20260717,FCF-CANDIDATE-LOAD-20260717,2026-07-17T00:00:00.000Z,deterministic synthetic enterprise context generator,synthetic financial-services enterprise context generation,"This is planning-grade synthetic enterprise context. It is not real client production data, not PHI/PII/payment-card data, and not a claim of realized financial value."
first-capital-financial,Contact Center Experience Transformation,COO,enterprise architecture,"Advance Cloud Resilience and Zero Trust with governed evidence, safe controls, and candidate-only read models.",finance and treasury; identity and access management; CyberGate Security,approved,mobilize,planning outcomes only; realized value requires finance validation,identity and access management; CyberGate Security; finance and treasury evidence,audit logging; no active promotion without review,28750000,0,datasets/tenant-inputs/candidates/first-capital-financial/rich-synthetic-2026-07-v3/09_programs_initiatives.csv,2026-07-17,medium,audit logging evidence requires owner validation; source is synthetic and candidate-only,FCF-09-00211,FCF-EVID-05611,FCF-09_PROGRAMS_INITIATIVES-SRC-00211,09_programs_initiatives,Programs & Initiatives,candidate,first-capital-financial-rich-standard-candidate-20260717,FCF-CANDIDATE-LOAD-20260717,2026-07-17T00:00:00.000Z,deterministic synthetic enterprise context generator,synthetic financial-services enterprise context generation,"This is planning-grade synthetic enterprise context. It is not real client production data, not PHI/PII/payment-card data, and not a claim of realized financial value."
first-capital-financial,Cloud Resilience and Zero Trust,CIO,platform engineering,"Advance Branch Workforce Productivity with governed evidence, safe controls, and candidate-only read models.",HR and change; model risk management system; LedgerWorks ERP,evidence gate,design,planning outcomes only; realized value requires finance validation,model risk management system; LedgerWorks ERP; HR and change evidence,customer consent; no active promotion without review,28750000,0,datasets/tenant-inputs/candidates/first-capital-financial/rich-synthetic-2026-07-v3/09_programs_initiatives.csv,2026-07-17,high,customer consent evidence requires owner validation; source is synthetic and candidate-only,FCF-09-00212,FCF-EVID-05612,FCF-09_PROGRAMS_INITIATIVES-SRC-00212,09_programs_initiatives,Programs & Initiatives,candidate_review,first-capital-financial-rich-standard-candidate-20260717,FCF-CANDIDATE-LOAD-20260717,2026-07-17T00:00:00.000Z,deterministic synthetic enterprise context generator,synthetic financial-services enterprise context generation,"This is planning-grade synthetic enterprise context. It is not real client production data, not PHI/PII/payment-card data, and not a claim of realized financial value."
first-capital-financial,Branch Workforce Productivity,CTO,application owner,"Advance Wealth Advisor Desktop Modernization with governed evidence, safe controls, and candidate-only read models.",platform engineering; regulatory reporting platform; CoreBridge Banking Services,approved,build,planning outcomes only; realized value requires finance validation,regulatory reporting platform; CoreBridge Banking Services; platform engineering evidence,regulatory reporting accuracy; no active promotion without review,28750000,0,datasets/tenant-inputs/candidates/first-capital-financial/rich-synthetic-2026-07-v3/09_programs_initiatives.csv,2026-07-17,high,regulatory reporting accuracy evidence requires owner validation; source is synthetic and candidate-only,FCF-09-00213,FCF-EVID-05613,FCF-09_PROGRAMS_INITIATIVES-SRC-00213,09_programs_initiatives,Programs & Initiatives,candidate,first-capital-financial-rich-standard-candidate-20260717,FCF-CANDIDATE-LOAD-20260717,2026-07-17T00:00:00.000Z,deterministic synthetic enterprise context generator,synthetic financial-services enterprise context generation,"This is planning-grade synthetic enterprise context. It is not real client production data, not PHI/PII/payment-card data, and not a claim of realized financial value."
first-capital-financial,Wealth Advisor Desktop Modernization,CDAO,data engineering,"Advance Model Risk and AI Governance with governed evidence, safe controls, and candidate-only read models.",data and analytics; document management platform; CardRail Processing,approved,validate,planning outcomes only; realized value requires finance validation,document management platform; CardRail Processing; data and analytics evidence,operational resilience; no active promotion without review,28750000,0,datasets/tenant-inputs/candidates/first-capital-financial/rich-synthetic-2026-07-v3/09_programs_initiatives.csv,2026-07-17,medium,operational resilience evidence requires owner validation; source is synthetic and candidate-only,FCF-09-00214,FCF-EVID-05614,FCF-09_PROGRAMS_INITIATIVES-SRC-00214,09_programs_initiatives,Programs & Initiatives,candidate,first-capital-financial-rich-standard-candidate-20260717,FCF-CANDIDATE-LOAD-20260717,2026-07-17T00:00:00.000Z,deterministic synthetic enterprise context generator,synthetic financial-services enterprise context generation,"This is planning-grade synthetic enterprise context. It is not real client production data, not PHI/PII/payment-card data, and not a claim of realized financial value."
first-capital-financial,Model Risk and AI Governance,CISO,IT service management,"Advance Finance and GL Modernization with governed evidence, safe controls, and candidate-only read models.",regulatory reporting; core banking platform; PayAxis Network Services,approved,control gate,planning outcomes only; realized value requires finance validation,core banking platform; PayAxis Network Services; regulatory reporting evidence,third-party risk; no active promotion without review,28750000,0,datasets/tenant-inputs/candidates/first-capital-financial/rich-synthetic-2026-07-v3/09_programs_initiatives.csv,2026-07-17,medium,third-party risk evidence requires owner validation; source is synthetic and candidate-only,FCF-09-00215,FCF-EVID-05615,FCF-09_PROGRAMS_INITIATIVES-SRC-00215,09_programs_initiatives,Programs & Initiatives,candidate,first-capital-financial-rich-standard-candidate-20260717,FCF-CANDIDATE-LOAD-20260717,2026-07-17T00:00:00.000Z,deterministic synthetic enterprise context generator,synthetic financial-services enterprise context generation,"This is planning-grade synthetic enterprise context. It is not real client production data, not PHI/PII/payment-card data, and not a claim of realized financial value."
first-capital-financial,Finance and GL Modernization,Chief compliance officer,enterprise architecture,"Advance Digital Banking Modernization with governed evidence, safe controls, and candidate-only read models.",vendor management; loan origination platform; CloudNorth Data Platform,evidence gate,mobilize,planning outcomes only; realized value requires finance validation,loan origination platform; CloudNorth Data Platform; vendor management evidence,cyber risk; no active promotion without review,28750000,0,datasets/tenant-inputs/candidates/first-capital-financial/rich-synthetic-2026-07-v3/09_programs_initiatives.csv,2026-07-17,high,cyber risk evidence requires owner validation; source is synthetic and candidate-only,FCF-09-00216,FCF-EVID-05616,FCF-09_PROGRAMS_INITIATIVES-SRC-00216,09_programs_initiatives,Programs & Initiatives,candidate_review,first-capital-financial-rich-standard-candidate-20260717,FCF-CANDIDATE-LOAD-20260717,2026-07-17T00:00:00.000Z,deterministic synthetic enterprise context generator,synthetic financial-services enterprise context generation,"This is planning-grade synthetic enterprise context. It is not real client production data, not PHI/PII/payment-card data, and not a claim of realized financial value."
first-capital-financial,Digital Banking Modernization,Chief procurement officer,platform engineering,"Advance Payments Platform Resilience with governed evidence, safe controls, and candidate-only read models.",retail banking; card processing platform; InsightLake Analytics,approved,design,planning outcomes only; realized value requires finance validation,card processing platform; InsightLake Analytics; retail banking evidence,fraud loss; no active promotion without review,28750000,0,datasets/tenant-inputs/candidates/first-capital-financial/rich-synthetic-2026-07-v3/09_programs_initiatives.csv,2026-07-17,high,fraud loss evidence requires owner validation; source is synthetic and candidate-only,FCF-09-00217,FCF-EVID-05617,FCF-09_PROGRAMS_INITIATIVES-SRC-00217,09_programs_initiatives,Programs & Initiatives,candidate,first-capital-financial-rich-standard-candidate-20260717,FCF-CANDIDATE-LOAD-20260717,2026-07-17T00:00:00.000Z,deterministic synthetic enterprise context generator,synthetic financial-services enterprise context generation,"This is planning-grade synthetic enterprise context. It is not real client production data, not PHI/PII/payment-card data, and not a claim of realized financial value."
first-capital-financial,Payments Platform Resilience,Chief people officer,application owner,"Advance Fraud and Financial Crimes Transformation with governed evidence, safe controls, and candidate-only read models.",commercial banking; payments hub; Servica Contact Cloud,approved,build,planning outcomes only; realized value requires finance validation,payments hub; Servica Contact Cloud; commercial banking evidence,vendor concentration; no active promotion without review,28750000,0,datasets/tenant-inputs/candidates/first-capital-financial/rich-synthetic-2026-07-v3/09_programs_initiatives.csv,2026-07-17,medium,vendor concentration evidence requires owner validation; source is synthetic and candidate-only,FCF-09-00218,FCF-EVID-05618,FCF-09_PROGRAMS_INITIATIVES-SRC-00218,09_programs_initiatives,Programs & Initiatives,candidate,first-capital-financial-rich-standard-candidate-20260717,FCF-CANDIDATE-LOAD-20260717,2026-07-17T00:00:00.000Z,deterministic synthetic enterprise context generator,synthetic financial-services enterprise context generation,"This is planning-grade synthetic enterprise context. It is not real client production data, not PHI/PII/payment-card data, and not a claim of realized financial value."
first-capital-financial,Fraud and Financial Crimes Transformation,Transformation office lead,data engineering,"Advance Core Banking Simplification with governed evidence, safe controls, and candidate-only read models.",wealth advisory; ACH and wire operations; FraudShield Controls,approved,validate,planning outcomes only; realized value requires finance validation,ACH and wire operations; FraudShield Controls; wealth advisory evidence,cloud exit and resilience; no active promotion without review,28750000,0,datasets/tenant-inputs/candidates/first-capital-financial/rich-synthetic-2026-07-v3/09_programs_initiatives.csv,2026-07-17,medium,cloud exit and resilience evidence requires owner validation; source is synthetic and candidate-only,FCF-09-00219,FCF-EVID-05619,FCF-09_PROGRAMS_INITIATIVES-SRC-00219,09_programs_initiatives,Programs & Initiatives,candidate,first-capital-financial-rich-standard-candidate-20260717,FCF-CANDIDATE-LOAD-20260717,2026-07-17T00:00:00.000Z,deterministic synthetic enterprise context generator,synthetic financial-services enterprise context generation,"This is planning-grade synthetic enterprise context. It is not real client production data, not PHI/PII/payment-card data, and not a claim of realized financial value."
first-capital-financial,Core Banking Simplification,Experience leader,IT service management,"Advance Data Governance and Lakehouse Foundation with governed evidence, safe controls, and candidate-only read models.",mortgage lending; fraud detection platform; ComplyCase Risk Systems,evidence gate,control gate,planning outcomes only; realized value requires finance validation,fraud detection platform; ComplyCase Risk Systems; mortgage lending evidence,model risk management; no active promotion without review,28750000,0,datasets/tenant-inputs/candidates/first-capital-financial/rich-synthetic-2026-07-v3/09_programs_initiatives.csv,2026-07-17,high,model risk management evidence requires owner validation; source is synthetic and candidate-only,FCF-09-00220,FCF-EVID-05620,FCF-09_PROGRAMS_INITIATIVES-SRC-00220,09_programs_initiatives,Programs & Initiatives,candidate_review,first-capital-financial-rich-standard-candidate-20260717,FCF-CANDIDATE-LOAD-20260717,2026-07-17T00:00:00.000Z,deterministic synthetic enterprise context generator,synthetic financial-services enterprise context generation,"This is planning-grade synthetic enterprise context. It is not real client production data, not PHI/PII/payment-card data, and not a claim of realized financial value."
first-capital-financial,Data Governance and Lakehouse Foundation,Business unit president,enterprise architecture,"Advance Regulatory Reporting Automation with governed evidence, safe controls, and candidate-only read models.",cards and payments; AML/KYC case management; CreditSignal Data Services,approved,mobilize,planning outcomes only; realized value requires finance validation,AML/KYC case management; CreditSignal Data Services; cards and payments evidence,fair lending and bias; no active promotion without review,28750000,0,datasets/tenant-inputs/candidates/first-capital-financial/rich-synthetic-2026-07-v3/09_programs_initiatives.csv,2026-07-17,high,fair lending and bias evidence requires owner validation; source is synthetic and candidate-only,FCF-09-00221,FCF-EVID-05621,FCF-09_PROGRAMS_INITIATIVES-SRC-00221,09_programs_initiatives,Programs & Initiatives,candidate,first-capital-financial-rich-standard-candidate-20260717,FCF-CANDIDATE-LOAD-20260717,2026-07-17T00:00:00.000Z,deterministic synthetic enterprise context generator,synthetic financial-services enterprise context generation,"This is planning-grade synthetic enterprise context. It is not real client production data, not PHI/PII/payment-card data, and not a claim of realized financial value."
first-capital-financial,Regulatory Reporting Automation,Contact center leader,platform engineering,"Advance Contact Center Experience Transformation with governed evidence, safe controls, and candidate-only read models.",treasury services; CRM and banker desktop; RegOps Managed Services,approved,design,planning outcomes only; realized value requires finance validation,CRM and banker desktop; RegOps Managed Services; treasury services evidence,explainability; no active promotion without review,28750000,0,datasets/tenant-inputs/candidates/first-capital-financial/rich-synthetic-2026-07-v3/09_programs_initiatives.csv,2026-07-17,medium,explainability evidence requires owner validation; source is synthetic and candidate-only,FCF-09-00222,FCF-EVID-05622,FCF-09_PROGRAMS_INITIATIVES-SRC-00222,09_programs_initiatives,Programs & Initiatives,candidate,first-capital-financial-rich-standard-candidate-20260717,FCF-CANDIDATE-LOAD-20260717,2026-07-17T00:00:00.000Z,deterministic synthetic enterprise context generator,synthetic financial-services enterprise context generation,"This is planning-grade synthetic enterprise context. It is not real client production data, not PHI/PII/payment-card data, and not a claim of realized financial value."
first-capital-financial,Contact Center Experience Transformation,Operations leader,application owner,"Advance Cloud Resilience and Zero Trust with governed evidence, safe controls, and candidate-only read models.",fraud operations; contact center platform; CyberGate Security,approved,build,planning outcomes only; realized value requires finance validation,contact center platform; CyberGate Security; fraud operations evidence,GLBA privacy; no active promotion without review,28750000,0,datasets/tenant-inputs/candidates/first-capital-financial/rich-synthetic-2026-07-v3/09_programs_initiatives.csv,2026-07-17,medium,GLBA privacy evidence requires owner validation; source is synthetic and candidate-only,FCF-09-00223,FCF-EVID-05623,FCF-09_PROGRAMS_INITIATIVES-SRC-00223,09_programs_initiatives,Programs & Initiatives,candidate,first-capital-financial-rich-standard-candidate-20260717,FCF-CANDIDATE-LOAD-20260717,2026-07-17T00:00:00.000Z,deterministic synthetic enterprise context generator,synthetic financial-services enterprise context generation,"This is planning-grade synthetic enterprise context. It is not real client production data, not PHI/PII/payment-card data, and not a claim of realized financial value."
first-capital-financial,Cloud Resilience and Zero Trust,Chief architect,data engineering,"Advance Branch Workforce Productivity with governed evidence, safe controls, and candidate-only read models.",AML and KYC; mobile banking platform; LedgerWorks ERP,evidence gate,validate,planning outcomes only; realized value requires finance validation,mobile banking platform; LedgerWorks ERP; AML and KYC evidence,PCI DSS; no active promotion without review,28750000,0,datasets/tenant-inputs/candidates/first-capital-financial/rich-synthetic-2026-07-v3/09_programs_initiatives.csv,2026-07-17,high,PCI DSS evidence requires owner validation; source is synthetic and candidate-only,FCF-09-00224,FCF-EVID-05624,FCF-09_PROGRAMS_INITIATIVES-SRC-00224,09_programs_initiatives,Programs & Initiatives,candidate_review,first-capital-financial-rich-standard-candidate-20260717,FCF-CANDIDATE-LOAD-20260717,2026-07-17T00:00:00.000Z,deterministic synthetic enterprise context generator,synthetic financial-services enterprise context generation,"This is planning-grade synthetic enterprise context. It is not real client production data, not PHI/PII/payment-card data, and not a claim of realized financial value."
first-capital-financial,Branch Workforce Productivity,Application owner,IT service management,"Advance Wealth Advisor Desktop Modernization with governed evidence, safe controls, and candidate-only read models.",risk and compliance; online banking platform; CoreBridge Banking Services,approved,control gate,planning outcomes only; realized value requires finance validation,online banking platform; CoreBridge Banking Services; risk and compliance evidence,data retention; no active promotion without review,28750000,0,datasets/tenant-inputs/candidates/first-capital-financial/rich-synthetic-2026-07-v3/09_programs_initiatives.csv,2026-07-17,high,data retention evidence requires owner validation; source is synthetic and candidate-only,FCF-09-00225,FCF-EVID-05625,FCF-09_PROGRAMS_INITIATIVES-SRC-00225,09_programs_initiatives,Programs & Initiatives,candidate,first-capital-financial-rich-standard-candidate-20260717,FCF-CANDIDATE-LOAD-20260717,2026-07-17T00:00:00.000Z,deterministic synthetic enterprise context generator,synthetic financial-services enterprise context generation,"This is planning-grade synthetic enterprise context. It is not real client production data, not PHI/PII/payment-card data, and not a claim of realized financial value."
first-capital-financial,Wealth Advisor Desktop Modernization,ITSM leader,enterprise architecture,"Advance Model Risk and AI Governance with governed evidence, safe controls, and candidate-only read models.",branch operations; cloud lakehouse foundation; CardRail Processing,approved,mobilize,planning outcomes only; realized value requires finance validation,cloud lakehouse foundation; CardRail Processing; branch operations evidence,access controls; no active promotion without review,28750000,0,datasets/tenant-inputs/candidates/first-capital-financial/rich-synthetic-2026-07-v3/09_programs_initiatives.csv,2026-07-17,medium,access controls evidence requires owner validation; source is synthetic and candidate-only,FCF-09-00226,FCF-EVID-05626,FCF-09_PROGRAMS_INITIATIVES-SRC-00226,09_programs_initiatives,Programs & Initiatives,candidate,first-capital-financial-rich-standard-candidate-20260717,FCF-CANDIDATE-LOAD-20260717,2026-07-17T00:00:00.000Z,deterministic synthetic enterprise context generator,synthetic financial-services enterprise context generation,"This is planning-grade synthetic enterprise context. It is not real client production data, not PHI/PII/payment-card data, and not a claim of realized financial value."
first-capital-financial,Model Risk and AI Governance,CEO,platform engineering,"Advance Finance and GL Modernization with governed evidence, safe controls, and candidate-only read models.",contact center; enterprise risk platform; PayAxis Network Services,approved,design,planning outcomes only; realized value requires finance validation,enterprise risk platform; PayAxis Network Services; contact center evidence,audit logging; no active promotion without review,28750000,0,datasets/tenant-inputs/candidates/first-capital-financial/rich-synthetic-2026-07-v3/09_programs_initiatives.csv,2026-07-17,medium,audit logging evidence requires owner validation; source is synthetic and candidate-only,FCF-09-00227,FCF-EVID-05627,FCF-09_PROGRAMS_INITIATIVES-SRC-00227,09_programs_initiatives,Programs & Initiatives,candidate,first-capital-financial-rich-standard-candidate-20260717,FCF-CANDIDATE-LOAD-20260717,2026-07-17T00:00:00.000Z,deterministic synthetic enterprise context generator,synthetic financial-services enterprise context generation,"This is planning-grade synthetic enterprise context. It is not real client production data, not PHI/PII/payment-card data, and not a claim of realized financial value."
first-capital-financial,Finance and GL Modernization,CFO,application owner,"Advance Digital Banking Modernization with governed evidence, safe controls, and candidate-only read models.",digital banking; general ledger and ERP; CloudNorth Data Platform,evidence gate,build,planning outcomes only; realized value requires finance validation,general ledger and ERP; CloudNorth Data Platform; digital banking evidence,customer consent; no active promotion without review,28750000,0,datasets/tenant-inputs/candidates/first-capital-financial/rich-synthetic-2026-07-v3/09_programs_initiatives.csv,2026-07-17,high,customer consent evidence requires owner validation; source is synthetic and candidate-only,FCF-09-00228,FCF-EVID-05628,FCF-09_PROGRAMS_INITIATIVES-SRC-00228,09_programs_initiatives,Programs & Initiatives,candidate_review,first-capital-financial-rich-standard-candidate-20260717,FCF-CANDIDATE-LOAD-20260717,2026-07-17T00:00:00.000Z,deterministic synthetic enterprise context generator,synthetic financial-services enterprise context generation,"This is planning-grade synthetic enterprise context. It is not real client production data, not PHI/PII/payment-card data, and not a claim of realized financial value."
first-capital-financial,Digital Banking Modernization,COO,data engineering,"Advance Payments Platform Resilience with governed evidence, safe controls, and candidate-only read models.",finance and treasury; identity and access management; InsightLake Analytics,approved,validate,planning outcomes only; realized value requires finance validation,identity and access management; InsightLake Analytics; finance and treasury evidence,regulatory reporting accuracy; no active promotion without review,28750000,0,datasets/tenant-inputs/candidates/first-capital-financial/rich-synthetic-2026-07-v3/09_programs_initiatives.csv,2026-07-17,high,regulatory reporting accuracy evidence requires owner validation; source is synthetic and candidate-only,FCF-09-00229,FCF-EVID-05629,FCF-09_PROGRAMS_INITIATIVES-SRC-00229,09_programs_initiatives,Programs & Initiatives,candidate,first-capital-financial-rich-standard-candidate-20260717,FCF-CANDIDATE-LOAD-20260717,2026-07-17T00:00:00.000Z,deterministic synthetic enterprise context generator,synthetic financial-services enterprise context generation,"This is planning-grade synthetic enterprise context. It is not real client production data, not PHI/PII/payment-card data, and not a claim of realized financial value."
first-capital-financial,Payments Platform Resilience,CIO,IT service management,"Advance Fraud and Financial Crimes Transformation with governed evidence, safe controls, and candidate-only read models.",HR and change; model risk management system; Servica Contact Cloud,approved,control gate,planning outcomes only; realized value requires finance validation,model risk management system; Servica Contact Cloud; HR and change evidence,operational resilience; no active promotion without review,28750000,0,datasets/tenant-inputs/candidates/first-capital-financial/rich-synthetic-2026-07-v3/09_programs_initiatives.csv,2026-07-17,medium,operational resilience evidence requires owner validation; source is synthetic and candidate-only,FCF-09-00230,FCF-EVID-05630,FCF-09_PROGRAMS_INITIATIVES-SRC-00230,09_programs_initiatives,Programs & Initiatives,candidate,first-capital-financial-rich-standard-candidate-20260717,FCF-CANDIDATE-LOAD-20260717,2026-07-17T00:00:00.000Z,deterministic synthetic enterprise context generator,synthetic financial-services enterprise context generation,"This is planning-grade synthetic enterprise context. It is not real client production data, not PHI/PII/payment-card data, and not a claim of realized financial value."
first-capital-financial,Fraud and Financial Crimes Transformation,CTO,enterprise architecture,"Advance Core Banking Simplification with governed evidence, safe controls, and candidate-only read models.",platform engineering; regulatory reporting platform; FraudShield Controls,approved,mobilize,planning outcomes only; realized value requires finance validation,regulatory reporting platform; FraudShield Controls; platform engineering evidence,third-party risk; no active promotion without review,28750000,0,datasets/tenant-inputs/candidates/first-capital-financial/rich-synthetic-2026-07-v3/09_programs_initiatives.csv,2026-07-17,medium,third-party risk evidence requires owner validation; source is synthetic and candidate-only,FCF-09-00231,FCF-EVID-05631,FCF-09_PROGRAMS_INITIATIVES-SRC-00231,09_programs_initiatives,Programs & Initiatives,candidate,first-capital-financial-rich-standard-candidate-20260717,FCF-CANDIDATE-LOAD-20260717,2026-07-17T00:00:00.000Z,deterministic synthetic enterprise context generator,synthetic financial-services enterprise context generation,"This is planning-grade synthetic enterprise context. It is not real client production data, not PHI/PII/payment-card data, and not a claim of realized financial value."
first-capital-financial,Core Banking Simplification,CDAO,platform engineering,"Advance Data Governance and Lakehouse Foundation with governed evidence, safe controls, and candidate-only read models.",data and analytics; document management platform; ComplyCase Risk Systems,evidence gate,design,planning outcomes only; realized value requires finance validation,document management platform; ComplyCase Risk Systems; data and analytics evidence,cyber risk; no active promotion without review,28750000,0,datasets/tenant-inputs/candidates/first-capital-financial/rich-synthetic-2026-07-v3/09_programs_initiatives.csv,2026-07-17,high,cyber risk evidence requires owner validation; source is synthetic and candidate-only,FCF-09-00232,FCF-EVID-05632,FCF-09_PROGRAMS_INITIATIVES-SRC-00232,09_programs_initiatives,Programs & Initiatives,candidate_review,first-capital-financial-rich-standard-candidate-20260717,FCF-CANDIDATE-LOAD-20260717,2026-07-17T00:00:00.000Z,deterministic synthetic enterprise context generator,synthetic financial-services enterprise context generation,"This is planning-grade synthetic enterprise context. It is not real client production data, not PHI/PII/payment-card data, and not a claim of realized financial value."
first-capital-financial,Data Governance and Lakehouse Foundation,CISO,application owner,"Advance Regulatory Reporting Automation with governed evidence, safe controls, and candidate-only read models.",regulatory reporting; core banking platform; CreditSignal Data Services,approved,build,planning outcomes only; realized value requires finance validation,core banking platform; CreditSignal Data Services; regulatory reporting evidence,fraud loss; no active promotion without review,28750000,0,datasets/tenant-inputs/candidates/first-capital-financial/rich-synthetic-2026-07-v3/09_programs_initiatives.csv,2026-07-17,high,fraud loss evidence requires owner validation; source is synthetic and candidate-only,FCF-09-00233,FCF-EVID-05633,FCF-09_PROGRAMS_INITIATIVES-SRC-00233,09_programs_initiatives,Programs & Initiatives,candidate,first-capital-financial-rich-standard-candidate-20260717,FCF-CANDIDATE-LOAD-20260717,2026-07-17T00:00:00.000Z,deterministic synthetic enterprise context generator,synthetic financial-services enterprise context generation,"This is planning-grade synthetic enterprise context. It is not real client production data, not PHI/PII/payment-card data, and not a claim of realized financial value."
first-capital-financial,Regulatory Reporting Automation,Chief compliance officer,data engineering,"Advance Contact Center Experience Transformation with governed evidence, safe controls, and candidate-only read models.",vendor management; loan origination platform; RegOps Managed Services,approved,validate,planning outcomes only; realized value requires finance validation,loan origination platform; RegOps Managed Services; vendor management evidence,vendor concentration; no active promotion without review,28750000,0,datasets/tenant-inputs/candidates/first-capital-financial/rich-synthetic-2026-07-v3/09_programs_initiatives.csv,2026-07-17,medium,vendor concentration evidence requires owner validation; source is synthetic and candidate-only,FCF-09-00234,FCF-EVID-05634,FCF-09_PROGRAMS_INITIATIVES-SRC-00234,09_programs_initiatives,Programs & Initiatives,candidate,first-capital-financial-rich-standard-candidate-20260717,FCF-CANDIDATE-LOAD-20260717,2026-07-17T00:00:00.000Z,deterministic synthetic enterprise context generator,synthetic financial-services enterprise context generation,"This is planning-grade synthetic enterprise context. It is not real client production data, not PHI/PII/payment-card data, and not a claim of realized financial value."
first-capital-financial,Contact Center Experience Transformation,Chief procurement officer,IT service management,"Advance Cloud Resilience and Zero Trust with governed evidence, safe controls, and candidate-only read models.",retail banking; card processing platform; CyberGate Security,approved,control gate,planning outcomes only; realized value requires finance validation,card processing platform; CyberGate Security; retail banking evidence,cloud exit and resilience; no active promotion without review,28750000,0,datasets/tenant-inputs/candidates/first-capital-financial/rich-synthetic-2026-07-v3/09_programs_initiatives.csv,2026-07-17,medium,cloud exit and resilience evidence requires owner validation; source is synthetic and candidate-only,FCF-09-00235,FCF-EVID-05635,FCF-09_PROGRAMS_INITIATIVES-SRC-00235,09_programs_initiatives,Programs & Initiatives,candidate,first-capital-financial-rich-standard-candidate-20260717,FCF-CANDIDATE-LOAD-20260717,2026-07-17T00:00:00.000Z,deterministic synthetic enterprise context generator,synthetic financial-services enterprise context generation,"This is planning-grade synthetic enterprise context. It is not real client production data, not PHI/PII/payment-card data, and not a claim of realized financial value."
first-capital-financial,Cloud Resilience and Zero Trust,Chief people officer,enterprise architecture,"Advance Branch Workforce Productivity with governed evidence, safe controls, and candidate-only read models.",commercial banking; payments hub; LedgerWorks ERP,evidence gate,mobilize,planning outcomes only; realized value requires finance validation,payments hub; LedgerWorks ERP; commercial banking evidence,model risk management; no active promotion without review,28750000,0,datasets/tenant-inputs/candidates/first-capital-financial/rich-synthetic-2026-07-v3/09_programs_initiatives.csv,2026-07-17,high,model risk management evidence requires owner validation; source is synthetic and candidate-only,FCF-09-00236,FCF-EVID-05636,FCF-09_PROGRAMS_INITIATIVES-SRC-00236,09_programs_initiatives,Programs & Initiatives,candidate_review,first-capital-financial-rich-standard-candidate-20260717,FCF-CANDIDATE-LOAD-20260717,2026-07-17T00:00:00.000Z,deterministic synthetic enterprise context generator,synthetic financial-services enterprise context generation,"This is planning-grade synthetic enterprise context. It is not real client production data, not PHI/PII/payment-card data, and not a claim of realized financial value."
first-capital-financial,Branch Workforce Productivity,Transformation office lead,platform engineering,"Advance Wealth Advisor Desktop Modernization with governed evidence, safe controls, and candidate-only read models.",wealth advisory; ACH and wire operations; CoreBridge Banking Services,approved,design,planning outcomes only; realized value requires finance validation,ACH and wire operations; CoreBridge Banking Services; wealth advisory evidence,fair lending and bias; no active promotion without review,28750000,0,datasets/tenant-inputs/candidates/first-capital-financial/rich-synthetic-2026-07-v3/09_programs_initiatives.csv,2026-07-17,high,fair lending and bias evidence requires owner validation; source is synthetic and candidate-only,FCF-09-00237,FCF-EVID-05637,FCF-09_PROGRAMS_INITIATIVES-SRC-00237,09_programs_initiatives,Programs & Initiatives,candidate,first-capital-financial-rich-standard-candidate-20260717,FCF-CANDIDATE-LOAD-20260717,2026-07-17T00:00:00.000Z,deterministic synthetic enterprise context generator,synthetic financial-services enterprise context generation,"This is planning-grade synthetic enterprise context. It is not real client production data, not PHI/PII/payment-card data, and not a claim of realized financial value."
first-capital-financial,Wealth Advisor Desktop Modernization,Experience leader,application owner,"Advance Model Risk and AI Governance with governed evidence, safe controls, and candidate-only read models.",mortgage lending; fraud detection platform; CardRail Processing,approved,build,planning outcomes only; realized value requires finance validation,fraud detection platform; CardRail Processing; mortgage lending evidence,explainability; no active promotion without review,28750000,0,datasets/tenant-inputs/candidates/first-capital-financial/rich-synthetic-2026-07-v3/09_programs_initiatives.csv,2026-07-17,medium,explainability evidence requires owner validation; source is synthetic and candidate-only,FCF-09-00238,FCF-EVID-05638,FCF-09_PROGRAMS_INITIATIVES-SRC-00238,09_programs_initiatives,Programs & Initiatives,candidate,first-capital-financial-rich-standard-candidate-20260717,FCF-CANDIDATE-LOAD-20260717,2026-07-17T00:00:00.000Z,deterministic synthetic enterprise context generator,synthetic financial-services enterprise context generation,"This is planning-grade synthetic enterprise context. It is not real client production data, not PHI/PII/payment-card data, and not a claim of realized financial value."
first-capital-financial,Model Risk and AI Governance,Business unit president,data engineering,"Advance Finance and GL Modernization with governed evidence, safe controls, and candidate-only read models.",cards and payments; AML/KYC case management; PayAxis Network Services,approved,validate,planning outcomes only; realized value requires finance validation,AML/KYC case management; PayAxis Network Services; cards and payments evidence,GLBA privacy; no active promotion without review,28750000,0,datasets/tenant-inputs/candidates/first-capital-financial/rich-synthetic-2026-07-v3/09_programs_initiatives.csv,2026-07-17,medium,GLBA privacy evidence requires owner validation; source is synthetic and candidate-only,FCF-09-00239,FCF-EVID-05639,FCF-09_PROGRAMS_INITIATIVES-SRC-00239,09_programs_initiatives,Programs & Initiatives,candidate,first-capital-financial-rich-standard-candidate-20260717,FCF-CANDIDATE-LOAD-20260717,2026-07-17T00:00:00.000Z,deterministic synthetic enterprise context generator,synthetic financial-services enterprise context generation,"This is planning-grade synthetic enterprise context. It is not real client production data, not PHI/PII/payment-card data, and not a claim of realized financial value."
first-capital-financial,Finance and GL Modernization,Contact center leader,IT service management,"Advance Digital Banking Modernization with governed evidence, safe controls, and candidate-only read models.",treasury services; CRM and banker desktop; CloudNorth Data Platform,evidence gate,control gate,planning outcomes only; realized value requires finance validation,CRM and banker desktop; CloudNorth Data Platform; treasury services evidence,PCI DSS; no active promotion without review,28750000,0,datasets/tenant-inputs/candidates/first-capital-financial/rich-synthetic-2026-07-v3/09_programs_initiatives.csv,2026-07-17,high,PCI DSS evidence requires owner validation; source is synthetic and candidate-only,FCF-09-00240,FCF-EVID-05640,FCF-09_PROGRAMS_INITIATIVES-SRC-00240,09_programs_initiatives,Programs & Initiatives,candidate_review,first-capital-financial-rich-standard-candidate-20260717,FCF-CANDIDATE-LOAD-20260717,2026-07-17T00:00:00.000Z,deterministic synthetic enterprise context generator,synthetic financial-services enterprise context generation,"This is planning-grade synthetic enterprise context. It is not real client production data, not PHI/PII/payment-card data, and not a claim of realized financial value."
first-capital-financial,Digital Banking Modernization,Operations leader,enterprise architecture,"Advance Payments Platform Resilience with governed evidence, safe controls, and candidate-only read models.",fraud operations; contact center platform; InsightLake Analytics,approved,mobilize,planning outcomes only; realized value requires finance validation,contact center platform; InsightLake Analytics; fraud operations evidence,data retention; no active promotion without review,28750000,0,datasets/tenant-inputs/candidates/first-capital-financial/rich-synthetic-2026-07-v3/09_programs_initiatives.csv,2026-07-17,high,data retention evidence requires owner validation; source is synthetic and candidate-only,FCF-09-00241,FCF-EVID-05641,FCF-09_PROGRAMS_INITIATIVES-SRC-00241,09_programs_initiatives,Programs & Initiatives,candidate,first-capital-financial-rich-standard-candidate-20260717,FCF-CANDIDATE-LOAD-20260717,2026-07-17T00:00:00.000Z,deterministic synthetic enterprise context generator,synthetic financial-services enterprise context generation,"This is planning-grade synthetic enterprise context. It is not real client production data, not PHI/PII/payment-card data, and not a claim of realized financial value."
first-capital-financial,Payments Platform Resilience,Chief architect,platform engineering,"Advance Fraud and Financial Crimes Transformation with governed evidence, safe controls, and candidate-only read models.",AML and KYC; mobile banking platform; Servica Contact Cloud,approved,design,planning outcomes only; realized value requires finance validation,mobile banking platform; Servica Contact Cloud; AML and KYC evidence,access controls; no active promotion without review,28750000,0,datasets/tenant-inputs/candidates/first-capital-financial/rich-synthetic-2026-07-v3/09_programs_initiatives.csv,2026-07-17,medium,access controls evidence requires owner validation; source is synthetic and candidate-only,FCF-09-00242,FCF-EVID-05642,FCF-09_PROGRAMS_INITIATIVES-SRC-00242,09_programs_initiatives,Programs & Initiatives,candidate,first-capital-financial-rich-standard-candidate-20260717,FCF-CANDIDATE-LOAD-20260717,2026-07-17T00:00:00.000Z,deterministic synthetic enterprise context generator,synthetic financial-services enterprise context generation,"This is planning-grade synthetic enterprise context. It is not real client production data, not PHI/PII/payment-card data, and not a claim of realized financial value."
first-capital-financial,Fraud and Financial Crimes Transformation,Application owner,application owner,"Advance Core Banking Simplification with governed evidence, safe controls, and candidate-only read models.",risk and compliance; online banking platform; FraudShield Controls,approved,build,planning outcomes only; realized value requires finance validation,online banking platform; FraudShield Controls; risk and compliance evidence,audit logging; no active promotion without review,28750000,0,datasets/tenant-inputs/candidates/first-capital-financial/rich-synthetic-2026-07-v3/09_programs_initiatives.csv,2026-07-17,medium,audit logging evidence requires owner validation; source is synthetic and candidate-only,FCF-09-00243,FCF-EVID-05643,FCF-09_PROGRAMS_INITIATIVES-SRC-00243,09_programs_initiatives,Programs & Initiatives,candidate,first-capital-financial-rich-standard-candidate-20260717,FCF-CANDIDATE-LOAD-20260717,2026-07-17T00:00:00.000Z,deterministic synthetic enterprise context generator,synthetic financial-services enterprise context generation,"This is planning-grade synthetic enterprise context. It is not real client production data, not PHI/PII/payment-card data, and not a claim of realized financial value."
first-capital-financial,Core Banking Simplification,ITSM leader,data engineering,"Advance Data Governance and Lakehouse Foundation with governed evidence, safe controls, and candidate-only read models.",branch operations; cloud lakehouse foundation; ComplyCase Risk Systems,evidence gate,validate,planning outcomes only; realized value requires finance validation,cloud lakehouse foundation; ComplyCase Risk Systems; branch operations evidence,customer consent; no active promotion without review,28750000,0,datasets/tenant-inputs/candidates/first-capital-financial/rich-synthetic-2026-07-v3/09_programs_initiatives.csv,2026-07-17,high,customer consent evidence requires owner validation; source is synthetic and candidate-only,FCF-09-00244,FCF-EVID-05644,FCF-09_PROGRAMS_INITIATIVES-SRC-00244,09_programs_initiatives,Programs & Initiatives,candidate_review,first-capital-financial-rich-standard-candidate-20260717,FCF-CANDIDATE-LOAD-20260717,2026-07-17T00:00:00.000Z,deterministic synthetic enterprise context generator,synthetic financial-services enterprise context generation,"This is planning-grade synthetic enterprise context. It is not real client production data, not PHI/PII/payment-card data, and not a claim of realized financial value."
first-capital-financial,Data Governance and Lakehouse Foundation,CEO,IT service management,"Advance Regulatory Reporting Automation with governed evidence, safe controls, and candidate-only read models.",contact center; enterprise risk platform; CreditSignal Data Services,approved,control gate,planning outcomes only; realized value requires finance validation,enterprise risk platform; CreditSignal Data Services; contact center evidence,regulatory reporting accuracy; no active promotion without review,28750000,0,datasets/tenant-inputs/candidates/first-capital-financial/rich-synthetic-2026-07-v3/09_programs_initiatives.csv,2026-07-17,high,regulatory reporting accuracy evidence requires owner validation; source is synthetic and candidate-only,FCF-09-00245,FCF-EVID-05645,FCF-09_PROGRAMS_INITIATIVES-SRC-00245,09_programs_initiatives,Programs & Initiatives,candidate,first-capital-financial-rich-standard-candidate-20260717,FCF-CANDIDATE-LOAD-20260717,2026-07-17T00:00:00.000Z,deterministic synthetic enterprise context generator,synthetic financial-services enterprise context generation,"This is planning-grade synthetic enterprise context. It is not real client production data, not PHI/PII/payment-card data, and not a claim of realized financial value."
first-capital-financial,Regulatory Reporting Automation,CFO,enterprise architecture,"Advance Contact Center Experience Transformation with governed evidence, safe controls, and candidate-only read models.",digital banking; general ledger and ERP; RegOps Managed Services,approved,mobilize,planning outcomes only; realized value requires finance validation,general ledger and ERP; RegOps Managed Services; digital banking evidence,operational resilience; no active promotion without review,28750000,0,datasets/tenant-inputs/candidates/first-capital-financial/rich-synthetic-2026-07-v3/09_programs_initiatives.csv,2026-07-17,medium,operational resilience evidence requires owner validation; source is synthetic and candidate-only,FCF-09-00246,FCF-EVID-05646,FCF-09_PROGRAMS_INITIATIVES-SRC-00246,09_programs_initiatives,Programs & Initiatives,candidate,first-capital-financial-rich-standard-candidate-20260717,FCF-CANDIDATE-LOAD-20260717,2026-07-17T00:00:00.000Z,deterministic synthetic enterprise context generator,synthetic financial-services enterprise context generation,"This is planning-grade synthetic enterprise context. It is not real client production data, not PHI/PII/payment-card data, and not a claim of realized financial value."
first-capital-financial,Contact Center Experience Transformation,COO,platform engineering,"Advance Cloud Resilience and Zero Trust with governed evidence, safe controls, and candidate-only read models.",finance and treasury; identity and access management; CyberGate Security,approved,design,planning outcomes only; realized value requires finance validation,identity and access management; CyberGate Security; finance and treasury evidence,third-party risk; no active promotion without review,28750000,0,datasets/tenant-inputs/candidates/first-capital-financial/rich-synthetic-2026-07-v3/09_programs_initiatives.csv,2026-07-17,medium,third-party risk evidence requires owner validation; source is synthetic and candidate-only,FCF-09-00247,FCF-EVID-05647,FCF-09_PROGRAMS_INITIATIVES-SRC-00247,09_programs_initiatives,Programs & Initiatives,candidate,first-capital-financial-rich-standard-candidate-20260717,FCF-CANDIDATE-LOAD-20260717,2026-07-17T00:00:00.000Z,deterministic synthetic enterprise context generator,synthetic financial-services enterprise context generation,"This is planning-grade synthetic enterprise context. It is not real client production data, not PHI/PII/payment-card data, and not a claim of realized financial value."
first-capital-financial,Cloud Resilience and Zero Trust,CIO,application owner,"Advance Branch Workforce Productivity with governed evidence, safe controls, and candidate-only read models.",HR and change; model risk management system; LedgerWorks ERP,evidence gate,build,planning outcomes only; realized value requires finance validation,model risk management system; LedgerWorks ERP; HR and change evidence,cyber risk; no active promotion without review,28750000,0,datasets/tenant-inputs/candidates/first-capital-financial/rich-synthetic-2026-07-v3/09_programs_initiatives.csv,2026-07-17,high,cyber risk evidence requires owner validation; source is synthetic and candidate-only,FCF-09-00248,FCF-EVID-05648,FCF-09_PROGRAMS_INITIATIVES-SRC-00248,09_programs_initiatives,Programs & Initiatives,candidate_review,first-capital-financial-rich-standard-candidate-20260717,FCF-CANDIDATE-LOAD-20260717,2026-07-17T00:00:00.000Z,deterministic synthetic enterprise context generator,synthetic financial-services enterprise context generation,"This is planning-grade synthetic enterprise context. It is not real client production data, not PHI/PII/payment-card data, and not a claim of realized financial value."
first-capital-financial,Branch Workforce Productivity,CTO,data engineering,"Advance Wealth Advisor Desktop Modernization with governed evidence, safe controls, and candidate-only read models.",platform engineering; regulatory reporting platform; CoreBridge Banking Services,approved,validate,planning outcomes only; realized value requires finance validation,regulatory reporting platform; CoreBridge Banking Services; platform engineering evidence,fraud loss; no active promotion without review,28750000,0,datasets/tenant-inputs/candidates/first-capital-financial/rich-synthetic-2026-07-v3/09_programs_initiatives.csv,2026-07-17,high,fraud loss evidence requires owner validation; source is synthetic and candidate-only,FCF-09-00249,FCF-EVID-05649,FCF-09_PROGRAMS_INITIATIVES-SRC-00249,09_programs_initiatives,Programs & Initiatives,candidate,first-capital-financial-rich-standard-candidate-20260717,FCF-CANDIDATE-LOAD-20260717,2026-07-17T00:00:00.000Z,deterministic synthetic enterprise context generator,synthetic financial-services enterprise context generation,"This is planning-grade synthetic enterprise context. It is not real client production data, not PHI/PII/payment-card data, and not a claim of realized financial value."
first-capital-financial,Wealth Advisor Desktop Modernization,CDAO,IT service management,"Advance Model Risk and AI Governance with governed evidence, safe controls, and candidate-only read models.",data and analytics; document management platform; CardRail Processing,approved,control gate,planning outcomes only; realized value requires finance validation,document management platform; CardRail Processing; data and analytics evidence,vendor concentration; no active promotion without review,28750000,0,datasets/tenant-inputs/candidates/first-capital-financial/rich-synthetic-2026-07-v3/09_programs_initiatives.csv,2026-07-17,medium,vendor concentration evidence requires owner validation; source is synthetic and candidate-only,FCF-09-00250,FCF-EVID-05650,FCF-09_PROGRAMS_INITIATIVES-SRC-00250,09_programs_initiatives,Programs & Initiatives,candidate,first-capital-financial-rich-standard-candidate-20260717,FCF-CANDIDATE-LOAD-20260717,2026-07-17T00:00:00.000Z,deterministic synthetic enterprise context generator,synthetic financial-services enterprise context generation,"This is planning-grade synthetic enterprise context. It is not real client production data, not PHI/PII/payment-card data, and not a claim of realized financial value."
first-capital-financial,Model Risk and AI Governance,CISO,enterprise architecture,"Advance Finance and GL Modernization with governed evidence, safe controls, and candidate-only read models.",regulatory reporting; core banking platform; PayAxis Network Services,approved,mobilize,planning outcomes only; realized value requires finance validation,core banking platform; PayAxis Network Services; regulatory reporting evidence,cloud exit and resilience; no active promotion without review,28750000,0,datasets/tenant-inputs/candidates/first-capital-financial/rich-synthetic-2026-07-v3/09_programs_initiatives.csv,2026-07-17,medium,cloud exit and resilience evidence requires owner validation; source is synthetic and candidate-only,FCF-09-00251,FCF-EVID-05651,FCF-09_PROGRAMS_INITIATIVES-SRC-00251,09_programs_initiatives,Programs & Initiatives,candidate,first-capital-financial-rich-standard-candidate-20260717,FCF-CANDIDATE-LOAD-20260717,2026-07-17T00:00:00.000Z,deterministic synthetic enterprise context generator,synthetic financial-services enterprise context generation,"This is planning-grade synthetic enterprise context. It is not real client production data, not PHI/PII/payment-card data, and not a claim of realized financial value."
first-capital-financial,Finance and GL Modernization,Chief compliance officer,platform engineering,"Advance Digital Banking Modernization with governed evidence, safe controls, and candidate-only read models.",vendor management; loan origination platform; CloudNorth Data Platform,evidence gate,design,planning outcomes only; realized value requires finance validation,loan origination platform; CloudNorth Data Platform; vendor management evidence,model risk management; no active promotion without review,28750000,0,datasets/tenant-inputs/candidates/first-capital-financial/rich-synthetic-2026-07-v3/09_programs_initiatives.csv,2026-07-17,high,model risk management evidence requires owner validation; source is synthetic and candidate-only,FCF-09-00252,FCF-EVID-05652,FCF-09_PROGRAMS_INITIATIVES-SRC-00252,09_programs_initiatives,Programs & Initiatives,candidate_review,first-capital-financial-rich-standard-candidate-20260717,FCF-CANDIDATE-LOAD-20260717,2026-07-17T00:00:00.000Z,deterministic synthetic enterprise context generator,synthetic financial-services enterprise context generation,"This is planning-grade synthetic enterprise context. It is not real client production data, not PHI/PII/payment-card data, and not a claim of realized financial value."
first-capital-financial,Digital Banking Modernization,Chief procurement officer,application owner,"Advance Payments Platform Resilience with governed evidence, safe controls, and candidate-only read models.",retail banking; card processing platform; InsightLake Analytics,approved,build,planning outcomes only; realized value requires finance validation,card processing platform; InsightLake Analytics; retail banking evidence,fair lending and bias; no active promotion without review,28750000,0,datasets/tenant-inputs/candidates/first-capital-financial/rich-synthetic-2026-07-v3/09_programs_initiatives.csv,2026-07-17,high,fair lending and bias evidence requires owner validation; source is synthetic and candidate-only,FCF-09-00253,FCF-EVID-05653,FCF-09_PROGRAMS_INITIATIVES-SRC-00253,09_programs_initiatives,Programs & Initiatives,candidate,first-capital-financial-rich-standard-candidate-20260717,FCF-CANDIDATE-LOAD-20260717,2026-07-17T00:00:00.000Z,deterministic synthetic enterprise context generator,synthetic financial-services enterprise context generation,"This is planning-grade synthetic enterprise context. It is not real client production data, not PHI/PII/payment-card data, and not a claim of realized financial value."
first-capital-financial,Payments Platform Resilience,Chief people officer,data engineering,"Advance Fraud and Financial Crimes Transformation with governed evidence, safe controls, and candidate-only read models.",commercial banking; payments hub; Servica Contact Cloud,approved,validate,planning outcomes only; realized value requires finance validation,payments hub; Servica Contact Cloud; commercial banking evidence,explainability; no active promotion without review,28750000,0,datasets/tenant-inputs/candidates/first-capital-financial/rich-synthetic-2026-07-v3/09_programs_initiatives.csv,2026-07-17,medium,explainability evidence requires owner validation; source is synthetic and candidate-only,FCF-09-00254,FCF-EVID-05654,FCF-09_PROGRAMS_INITIATIVES-SRC-00254,09_programs_initiatives,Programs & Initiatives,candidate,first-capital-financial-rich-standard-candidate-20260717,FCF-CANDIDATE-LOAD-20260717,2026-07-17T00:00:00.000Z,deterministic synthetic enterprise context generator,synthetic financial-services enterprise context generation,"This is planning-grade synthetic enterprise context. It is not real client production data, not PHI/PII/payment-card data, and not a claim of realized financial value."
first-capital-financial,Fraud and Financial Crimes Transformation,Transformation office lead,IT service management,"Advance Core Banking Simplification with governed evidence, safe controls, and candidate-only read models.",wealth advisory; ACH and wire operations; FraudShield Controls,approved,control gate,planning outcomes only; realized value requires finance validation,ACH and wire operations; FraudShield Controls; wealth advisory evidence,GLBA privacy; no active promotion without review,28750000,0,datasets/tenant-inputs/candidates/first-capital-financial/rich-synthetic-2026-07-v3/09_programs_initiatives.csv,2026-07-17,medium,GLBA privacy evidence requires owner validation; source is synthetic and candidate-only,FCF-09-00255,FCF-EVID-05655,FCF-09_PROGRAMS_INITIATIVES-SRC-00255,09_programs_initiatives,Programs & Initiatives,candidate,first-capital-financial-rich-standard-candidate-20260717,FCF-CANDIDATE-LOAD-20260717,2026-07-17T00:00:00.000Z,deterministic synthetic enterprise context generator,synthetic financial-services enterprise context generation,"This is planning-grade synthetic enterprise context. It is not real client production data, not PHI/PII/payment-card data, and not a claim of realized financial value."
first-capital-financial,Core Banking Simplification,Experience leader,enterprise architecture,"Advance Data Governance and Lakehouse Foundation with governed evidence, safe controls, and candidate-only read models.",mortgage lending; fraud detection platform; ComplyCase Risk Systems,evidence gate,mobilize,planning outcomes only; realized value requires finance validation,fraud detection platform; ComplyCase Risk Systems; mortgage lending evidence,PCI DSS; no active promotion without review,28750000,0,datasets/tenant-inputs/candidates/first-capital-financial/rich-synthetic-2026-07-v3/09_programs_initiatives.csv,2026-07-17,high,PCI DSS evidence requires owner validation; source is synthetic and candidate-only,FCF-09-00256,FCF-EVID-05656,FCF-09_PROGRAMS_INITIATIVES-SRC-00256,09_programs_initiatives,Programs & Initiatives,candidate_review,first-capital-financial-rich-standard-candidate-20260717,FCF-CANDIDATE-LOAD-20260717,2026-07-17T00:00:00.000Z,deterministic synthetic enterprise context generator,synthetic financial-services enterprise context generation,"This is planning-grade synthetic enterprise context. It is not real client production data, not PHI/PII/payment-card data, and not a claim of realized financial value."
first-capital-financial,Data Governance and Lakehouse Foundation,Business unit president,platform engineering,"Advance Regulatory Reporting Automation with governed evidence, safe controls, and candidate-only read models.",cards and payments; AML/KYC case management; CreditSignal Data Services,approved,design,planning outcomes only; realized value requires finance validation,AML/KYC case management; CreditSignal Data Services; cards and payments evidence,data retention; no active promotion without review,28750000,0,datasets/tenant-inputs/candidates/first-capital-financial/rich-synthetic-2026-07-v3/09_programs_initiatives.csv,2026-07-17,high,data retention evidence requires owner validation; source is synthetic and candidate-only,FCF-09-00257,FCF-EVID-05657,FCF-09_PROGRAMS_INITIATIVES-SRC-00257,09_programs_initiatives,Programs & Initiatives,candidate,first-capital-financial-rich-standard-candidate-20260717,FCF-CANDIDATE-LOAD-20260717,2026-07-17T00:00:00.000Z,deterministic synthetic enterprise context generator,synthetic financial-services enterprise context generation,"This is planning-grade synthetic enterprise context. It is not real client production data, not PHI/PII/payment-card data, and not a claim of realized financial value."
first-capital-financial,Regulatory Reporting Automation,Contact center leader,application owner,"Advance Contact Center Experience Transformation with governed evidence, safe controls, and candidate-only read models.",treasury services; CRM and banker desktop; RegOps Managed Services,approved,build,planning outcomes only; realized value requires finance validation,CRM and banker desktop; RegOps Managed Services; treasury services evidence,access controls; no active promotion without review,28750000,0,datasets/tenant-inputs/candidates/first-capital-financial/rich-synthetic-2026-07-v3/09_programs_initiatives.csv,2026-07-17,medium,access controls evidence requires owner validation; source is synthetic and candidate-only,FCF-09-00258,FCF-EVID-05658,FCF-09_PROGRAMS_INITIATIVES-SRC-00258,09_programs_initiatives,Programs & Initiatives,candidate,first-capital-financial-rich-standard-candidate-20260717,FCF-CANDIDATE-LOAD-20260717,2026-07-17T00:00:00.000Z,deterministic synthetic enterprise context generator,synthetic financial-services enterprise context generation,"This is planning-grade synthetic enterprise context. It is not real client production data, not PHI/PII/payment-card data, and not a claim of realized financial value."
first-capital-financial,Contact Center Experience Transformation,Operations leader,data engineering,"Advance Cloud Resilience and Zero Trust with governed evidence, safe controls, and candidate-only read models.",fraud operations; contact center platform; CyberGate Security,approved,validate,planning outcomes only; realized value requires finance validation,contact center platform; CyberGate Security; fraud operations evidence,audit logging; no active promotion without review,28750000,0,datasets/tenant-inputs/candidates/first-capital-financial/rich-synthetic-2026-07-v3/09_programs_initiatives.csv,2026-07-17,medium,audit logging evidence requires owner validation; source is synthetic and candidate-only,FCF-09-00259,FCF-EVID-05659,FCF-09_PROGRAMS_INITIATIVES-SRC-00259,09_programs_initiatives,Programs & Initiatives,candidate,first-capital-financial-rich-standard-candidate-20260717,FCF-CANDIDATE-LOAD-20260717,2026-07-17T00:00:00.000Z,deterministic synthetic enterprise context generator,synthetic financial-services enterprise context generation,"This is planning-grade synthetic enterprise context. It is not real client production data, not PHI/PII/payment-card data, and not a claim of realized financial value."
first-capital-financial,Cloud Resilience and Zero Trust,Chief architect,IT service management,"Advance Branch Workforce Productivity with governed evidence, safe controls, and candidate-only read models.",AML and KYC; mobile banking platform; LedgerWorks ERP,evidence gate,control gate,planning outcomes only; realized value requires finance validation,mobile banking platform; LedgerWorks ERP; AML and KYC evidence,customer consent; no active promotion without review,28750000,0,datasets/tenant-inputs/candidates/first-capital-financial/rich-synthetic-2026-07-v3/09_programs_initiatives.csv,2026-07-17,high,customer consent evidence requires owner validation; source is synthetic and candidate-only,FCF-09-00260,FCF-EVID-05660,FCF-09_PROGRAMS_INITIATIVES-SRC-00260,09_programs_initiatives,Programs & Initiatives,candidate_review,first-capital-financial-rich-standard-candidate-20260717,FCF-CANDIDATE-LOAD-20260717,2026-07-17T00:00:00.000Z,deterministic synthetic enterprise context generator,synthetic financial-services enterprise context generation,"This is planning-grade synthetic enterprise context. It is not real client production data, not PHI/PII/payment-card data, and not a claim of realized financial value."
first-capital-financial,Branch Workforce Productivity,Application owner,enterprise architecture,"Advance Wealth Advisor Desktop Modernization with governed evidence, safe controls, and candidate-only read models.",risk and compliance; online banking platform; CoreBridge Banking Services,approved,mobilize,planning outcomes only; realized value requires finance validation,online banking platform; CoreBridge Banking Services; risk and compliance evidence,regulatory reporting accuracy; no active promotion without review,28750000,0,datasets/tenant-inputs/candidates/first-capital-financial/rich-synthetic-2026-07-v3/09_programs_initiatives.csv,2026-07-17,high,regulatory reporting accuracy evidence requires owner validation; source is synthetic and candidate-only,FCF-09-00261,FCF-EVID-05661,FCF-09_PROGRAMS_INITIATIVES-SRC-00261,09_programs_initiatives,Programs & Initiatives,candidate,first-capital-financial-rich-standard-candidate-20260717,FCF-CANDIDATE-LOAD-20260717,2026-07-17T00:00:00.000Z,deterministic synthetic enterprise context generator,synthetic financial-services enterprise context generation,"This is planning-grade synthetic enterprise context. It is not real client production data, not PHI/PII/payment-card data, and not a claim of realized financial value."
first-capital-financial,Wealth Advisor Desktop Modernization,ITSM leader,platform engineering,"Advance Model Risk and AI Governance with governed evidence, safe controls, and candidate-only read models.",branch operations; cloud lakehouse foundation; CardRail Processing,approved,design,planning outcomes only; realized value requires finance validation,cloud lakehouse foundation; CardRail Processing; branch operations evidence,operational resilience; no active promotion without review,28750000,0,datasets/tenant-inputs/candidates/first-capital-financial/rich-synthetic-2026-07-v3/09_programs_initiatives.csv,2026-07-17,medium,operational resilience evidence requires owner validation; source is synthetic and candidate-only,FCF-09-00262,FCF-EVID-05662,FCF-09_PROGRAMS_INITIATIVES-SRC-00262,09_programs_initiatives,Programs & Initiatives,candidate,first-capital-financial-rich-standard-candidate-20260717,FCF-CANDIDATE-LOAD-20260717,2026-07-17T00:00:00.000Z,deterministic synthetic enterprise context generator,synthetic financial-services enterprise context generation,"This is planning-grade synthetic enterprise context. It is not real client production data, not PHI/PII/payment-card data, and not a claim of realized financial value."
first-capital-financial,Model Risk and AI Governance,CEO,application owner,"Advance Finance and GL Modernization with governed evidence, safe controls, and candidate-only read models.",contact center; enterprise risk platform; PayAxis Network Services,approved,build,planning outcomes only; realized value requires finance validation,enterprise risk platform; PayAxis Network Services; contact center evidence,third-party risk; no active promotion without review,28750000,0,datasets/tenant-inputs/candidates/first-capital-financial/rich-synthetic-2026-07-v3/09_programs_initiatives.csv,2026-07-17,medium,third-party risk evidence requires owner validation; source is synthetic and candidate-only,FCF-09-00263,FCF-EVID-05663,FCF-09_PROGRAMS_INITIATIVES-SRC-00263,09_programs_initiatives,Programs & Initiatives,candidate,first-capital-financial-rich-standard-candidate-20260717,FCF-CANDIDATE-LOAD-20260717,2026-07-17T00:00:00.000Z,deterministic synthetic enterprise context generator,synthetic financial-services enterprise context generation,"This is planning-grade synthetic enterprise context. It is not real client production data, not PHI/PII/payment-card data, and not a claim of realized financial value."
first-capital-financial,Finance and GL Modernization,CFO,data engineering,"Advance Digital Banking Modernization with governed evidence, safe controls, and candidate-only read models.",digital banking; general ledger and ERP; CloudNorth Data Platform,evidence gate,validate,planning outcomes only; realized value requires finance validation,general ledger and ERP; CloudNorth Data Platform; digital banking evidence,cyber risk; no active promotion without review,28750000,0,datasets/tenant-inputs/candidates/first-capital-financial/rich-synthetic-2026-07-v3/09_programs_initiatives.csv,2026-07-17,high,cyber risk evidence requires owner validation; source is synthetic and candidate-only,FCF-09-00264,FCF-EVID-05664,FCF-09_PROGRAMS_INITIATIVES-SRC-00264,09_programs_initiatives,Programs & Initiatives,candidate_review,first-capital-financial-rich-standard-candidate-20260717,FCF-CANDIDATE-LOAD-20260717,2026-07-17T00:00:00.000Z,deterministic synthetic enterprise context generator,synthetic financial-services enterprise context generation,"This is planning-grade synthetic enterprise context. It is not real client production data, not PHI/PII/payment-card data, and not a claim of realized financial value."
first-capital-financial,Digital Banking Modernization,COO,IT service management,"Advance Payments Platform Resilience with governed evidence, safe controls, and candidate-only read models.",finance and treasury; identity and access management; InsightLake Analytics,approved,control gate,planning outcomes only; realized value requires finance validation,identity and access management; InsightLake Analytics; finance and treasury evidence,fraud loss; no active promotion without review,28750000,0,datasets/tenant-inputs/candidates/first-capital-financial/rich-synthetic-2026-07-v3/09_programs_initiatives.csv,2026-07-17,high,fraud loss evidence requires owner validation; source is synthetic and candidate-only,FCF-09-00265,FCF-EVID-05665,FCF-09_PROGRAMS_INITIATIVES-SRC-00265,09_programs_initiatives,Programs & Initiatives,candidate,first-capital-financial-rich-standard-candidate-20260717,FCF-CANDIDATE-LOAD-20260717,2026-07-17T00:00:00.000Z,deterministic synthetic enterprise context generator,synthetic financial-services enterprise context generation,"This is planning-grade synthetic enterprise context. It is not real client production data, not PHI/PII/payment-card data, and not a claim of realized financial value."
first-capital-financial,Payments Platform Resilience,CIO,enterprise architecture,"Advance Fraud and Financial Crimes Transformation with governed evidence, safe controls, and candidate-only read models.",HR and change; model risk management system; Servica Contact Cloud,approved,mobilize,planning outcomes only; realized value requires finance validation,model risk management system; Servica Contact Cloud; HR and change evidence,vendor concentration; no active promotion without review,28750000,0,datasets/tenant-inputs/candidates/first-capital-financial/rich-synthetic-2026-07-v3/09_programs_initiatives.csv,2026-07-17,medium,vendor concentration evidence requires owner validation; source is synthetic and candidate-only,FCF-09-00266,FCF-EVID-05666,FCF-09_PROGRAMS_INITIATIVES-SRC-00266,09_programs_initiatives,Programs & Initiatives,candidate,first-capital-financial-rich-standard-candidate-20260717,FCF-CANDIDATE-LOAD-20260717,2026-07-17T00:00:00.000Z,deterministic synthetic enterprise context generator,synthetic financial-services enterprise context generation,"This is planning-grade synthetic enterprise context. It is not real client production data, not PHI/PII/payment-card data, and not a claim of realized financial value."
first-capital-financial,Fraud and Financial Crimes Transformation,CTO,platform engineering,"Advance Core Banking Simplification with governed evidence, safe controls, and candidate-only read models.",platform engineering; regulatory reporting platform; FraudShield Controls,approved,design,planning outcomes only; realized value requires finance validation,regulatory reporting platform; FraudShield Controls; platform engineering evidence,cloud exit and resilience; no active promotion without review,28750000,0,datasets/tenant-inputs/candidates/first-capital-financial/rich-synthetic-2026-07-v3/09_programs_initiatives.csv,2026-07-17,medium,cloud exit and resilience evidence requires owner validation; source is synthetic and candidate-only,FCF-09-00267,FCF-EVID-05667,FCF-09_PROGRAMS_INITIATIVES-SRC-00267,09_programs_initiatives,Programs & Initiatives,candidate,first-capital-financial-rich-standard-candidate-20260717,FCF-CANDIDATE-LOAD-20260717,2026-07-17T00:00:00.000Z,deterministic synthetic enterprise context generator,synthetic financial-services enterprise context generation,"This is planning-grade synthetic enterprise context. It is not real client production data, not PHI/PII/payment-card data, and not a claim of realized financial value."
first-capital-financial,Core Banking Simplification,CDAO,application owner,"Advance Data Governance and Lakehouse Foundation with governed evidence, safe controls, and candidate-only read models.",data and analytics; document management platform; ComplyCase Risk Systems,evidence gate,build,planning outcomes only; realized value requires finance validation,document management platform; ComplyCase Risk Systems; data and analytics evidence,model risk management; no active promotion without review,28750000,0,datasets/tenant-inputs/candidates/first-capital-financial/rich-synthetic-2026-07-v3/09_programs_initiatives.csv,2026-07-17,high,model risk management evidence requires owner validation; source is synthetic and candidate-only,FCF-09-00268,FCF-EVID-05668,FCF-09_PROGRAMS_INITIATIVES-SRC-00268,09_programs_initiatives,Programs & Initiatives,candidate_review,first-capital-financial-rich-standard-candidate-20260717,FCF-CANDIDATE-LOAD-20260717,2026-07-17T00:00:00.000Z,deterministic synthetic enterprise context generator,synthetic financial-services enterprise context generation,"This is planning-grade synthetic enterprise context. It is not real client production data, not PHI/PII/payment-card data, and not a claim of realized financial value."
first-capital-financial,Data Governance and Lakehouse Foundation,CISO,data engineering,"Advance Regulatory Reporting Automation with governed evidence, safe controls, and candidate-only read models.",regulatory reporting; core banking platform; CreditSignal Data Services,approved,validate,planning outcomes only; realized value requires finance validation,core banking platform; CreditSignal Data Services; regulatory reporting evidence,fair lending and bias; no active promotion without review,28750000,0,datasets/tenant-inputs/candidates/first-capital-financial/rich-synthetic-2026-07-v3/09_programs_initiatives.csv,2026-07-17,high,fair lending and bias evidence requires owner validation; source is synthetic and candidate-only,FCF-09-00269,FCF-EVID-05669,FCF-09_PROGRAMS_INITIATIVES-SRC-00269,09_programs_initiatives,Programs & Initiatives,candidate,first-capital-financial-rich-standard-candidate-20260717,FCF-CANDIDATE-LOAD-20260717,2026-07-17T00:00:00.000Z,deterministic synthetic enterprise context generator,synthetic financial-services enterprise context generation,"This is planning-grade synthetic enterprise context. It is not real client production data, not PHI/PII/payment-card data, and not a claim of realized financial value."
first-capital-financial,Regulatory Reporting Automation,Chief compliance officer,IT service management,"Advance Contact Center Experience Transformation with governed evidence, safe controls, and candidate-only read models.",vendor management; loan origination platform; RegOps Managed Services,approved,control gate,planning outcomes only; realized value requires finance validation,loan origination platform; RegOps Managed Services; vendor management evidence,explainability; no active promotion without review,28750000,0,datasets/tenant-inputs/candidates/first-capital-financial/rich-synthetic-2026-07-v3/09_programs_initiatives.csv,2026-07-17,medium,explainability evidence requires owner validation; source is synthetic and candidate-only,FCF-09-00270,FCF-EVID-05670,FCF-09_PROGRAMS_INITIATIVES-SRC-00270,09_programs_initiatives,Programs & Initiatives,candidate,first-capital-financial-rich-standard-candidate-20260717,FCF-CANDIDATE-LOAD-20260717,2026-07-17T00:00:00.000Z,deterministic synthetic enterprise context generator,synthetic financial-services enterprise context generation,"This is planning-grade synthetic enterprise context. It is not real client production data, not PHI/PII/payment-card data, and not a claim of realized financial value."
first-capital-financial,Contact Center Experience Transformation,Chief procurement officer,enterprise architecture,"Advance Cloud Resilience and Zero Trust with governed evidence, safe controls, and candidate-only read models.",retail banking; card processing platform; CyberGate Security,approved,mobilize,planning outcomes only; realized value requires finance validation,card processing platform; CyberGate Security; retail banking evidence,GLBA privacy; no active promotion without review,28750000,0,datasets/tenant-inputs/candidates/first-capital-financial/rich-synthetic-2026-07-v3/09_programs_initiatives.csv,2026-07-17,medium,GLBA privacy evidence requires owner validation; source is synthetic and candidate-only,FCF-09-00271,FCF-EVID-05671,FCF-09_PROGRAMS_INITIATIVES-SRC-00271,09_programs_initiatives,Programs & Initiatives,candidate,first-capital-financial-rich-standard-candidate-20260717,FCF-CANDIDATE-LOAD-20260717,2026-07-17T00:00:00.000Z,deterministic synthetic enterprise context generator,synthetic financial-services enterprise context generation,"This is planning-grade synthetic enterprise context. It is not real client production data, not PHI/PII/payment-card data, and not a claim of realized financial value."
first-capital-financial,Cloud Resilience and Zero Trust,Chief people officer,platform engineering,"Advance Branch Workforce Productivity with governed evidence, safe controls, and candidate-only read models.",commercial banking; payments hub; LedgerWorks ERP,evidence gate,design,planning outcomes only; realized value requires finance validation,payments hub; LedgerWorks ERP; commercial banking evidence,PCI DSS; no active promotion without review,28750000,0,datasets/tenant-inputs/candidates/first-capital-financial/rich-synthetic-2026-07-v3/09_programs_initiatives.csv,2026-07-17,high,PCI DSS evidence requires owner validation; source is synthetic and candidate-only,FCF-09-00272,FCF-EVID-05672,FCF-09_PROGRAMS_INITIATIVES-SRC-00272,09_programs_initiatives,Programs & Initiatives,candidate_review,first-capital-financial-rich-standard-candidate-20260717,FCF-CANDIDATE-LOAD-20260717,2026-07-17T00:00:00.000Z,deterministic synthetic enterprise context generator,synthetic financial-services enterprise context generation,"This is planning-grade synthetic enterprise context. It is not real client production data, not PHI/PII/payment-card data, and not a claim of realized financial value."
first-capital-financial,Branch Workforce Productivity,Transformation office lead,application owner,"Advance Wealth Advisor Desktop Modernization with governed evidence, safe controls, and candidate-only read models.",wealth advisory; ACH and wire operations; CoreBridge Banking Services,approved,build,planning outcomes only; realized value requires finance validation,ACH and wire operations; CoreBridge Banking Services; wealth advisory evidence,data retention; no active promotion without review,28750000,0,datasets/tenant-inputs/candidates/first-capital-financial/rich-synthetic-2026-07-v3/09_programs_initiatives.csv,2026-07-17,high,data retention evidence requires owner validation; source is synthetic and candidate-only,FCF-09-00273,FCF-EVID-05673,FCF-09_PROGRAMS_INITIATIVES-SRC-00273,09_programs_initiatives,Programs & Initiatives,candidate,first-capital-financial-rich-standard-candidate-20260717,FCF-CANDIDATE-LOAD-20260717,2026-07-17T00:00:00.000Z,deterministic synthetic enterprise context generator,synthetic financial-services enterprise context generation,"This is planning-grade synthetic enterprise context. It is not real client production data, not PHI/PII/payment-card data, and not a claim of realized financial value."
first-capital-financial,Wealth Advisor Desktop Modernization,Experience leader,data engineering,"Advance Model Risk and AI Governance with governed evidence, safe controls, and candidate-only read models.",mortgage lending; fraud detection platform; CardRail Processing,approved,validate,planning outcomes only; realized value requires finance validation,fraud detection platform; CardRail Processing; mortgage lending evidence,access controls; no active promotion without review,28750000,0,datasets/tenant-inputs/candidates/first-capital-financial/rich-synthetic-2026-07-v3/09_programs_initiatives.csv,2026-07-17,medium,access controls evidence requires owner validation; source is synthetic and candidate-only,FCF-09-00274,FCF-EVID-05674,FCF-09_PROGRAMS_INITIATIVES-SRC-00274,09_programs_initiatives,Programs & Initiatives,candidate,first-capital-financial-rich-standard-candidate-20260717,FCF-CANDIDATE-LOAD-20260717,2026-07-17T00:00:00.000Z,deterministic synthetic enterprise context generator,synthetic financial-services enterprise context generation,"This is planning-grade synthetic enterprise context. It is not real client production data, not PHI/PII/payment-card data, and not a claim of realized financial value."
first-capital-financial,Model Risk and AI Governance,Business unit president,IT service management,"Advance Finance and GL Modernization with governed evidence, safe controls, and candidate-only read models.",cards and payments; AML/KYC case management; PayAxis Network Services,approved,control gate,planning outcomes only; realized value requires finance validation,AML/KYC case management; PayAxis Network Services; cards and payments evidence,audit logging; no active promotion without review,28750000,0,datasets/tenant-inputs/candidates/first-capital-financial/rich-synthetic-2026-07-v3/09_programs_initiatives.csv,2026-07-17,medium,audit logging evidence requires owner validation; source is synthetic and candidate-only,FCF-09-00275,FCF-EVID-05675,FCF-09_PROGRAMS_INITIATIVES-SRC-00275,09_programs_initiatives,Programs & Initiatives,candidate,first-capital-financial-rich-standard-candidate-20260717,FCF-CANDIDATE-LOAD-20260717,2026-07-17T00:00:00.000Z,deterministic synthetic enterprise context generator,synthetic financial-services enterprise context generation,"This is planning-grade synthetic enterprise context. It is not real client production data, not PHI/PII/payment-card data, and not a claim of realized financial value."
first-capital-financial,Finance and GL Modernization,Contact center leader,enterprise architecture,"Advance Digital Banking Modernization with governed evidence, safe controls, and candidate-only read models.",treasury services; CRM and banker desktop; CloudNorth Data Platform,evidence gate,mobilize,planning outcomes only; realized value requires finance validation,CRM and banker desktop; CloudNorth Data Platform; treasury services evidence,customer consent; no active promotion without review,28750000,0,datasets/tenant-inputs/candidates/first-capital-financial/rich-synthetic-2026-07-v3/09_programs_initiatives.csv,2026-07-17,high,customer consent evidence requires owner validation; source is synthetic and candidate-only,FCF-09-00276,FCF-EVID-05676,FCF-09_PROGRAMS_INITIATIVES-SRC-00276,09_programs_initiatives,Programs & Initiatives,candidate_review,first-capital-financial-rich-standard-candidate-20260717,FCF-CANDIDATE-LOAD-20260717,2026-07-17T00:00:00.000Z,deterministic synthetic enterprise context generator,synthetic financial-services enterprise context generation,"This is planning-grade synthetic enterprise context. It is not real client production data, not PHI/PII/payment-card data, and not a claim of realized financial value."
first-capital-financial,Digital Banking Modernization,Operations leader,platform engineering,"Advance Payments Platform Resilience with governed evidence, safe controls, and candidate-only read models.",fraud operations; contact center platform; InsightLake Analytics,approved,design,planning outcomes only; realized value requires finance validation,contact center platform; InsightLake Analytics; fraud operations evidence,regulatory reporting accuracy; no active promotion without review,28750000,0,datasets/tenant-inputs/candidates/first-capital-financial/rich-synthetic-2026-07-v3/09_programs_initiatives.csv,2026-07-17,high,regulatory reporting accuracy evidence requires owner validation; source is synthetic and candidate-only,FCF-09-00277,FCF-EVID-05677,FCF-09_PROGRAMS_INITIATIVES-SRC-00277,09_programs_initiatives,Programs & Initiatives,candidate,first-capital-financial-rich-standard-candidate-20260717,FCF-CANDIDATE-LOAD-20260717,2026-07-17T00:00:00.000Z,deterministic synthetic enterprise context generator,synthetic financial-services enterprise context generation,"This is planning-grade synthetic enterprise context. It is not real client production data, not PHI/PII/payment-card data, and not a claim of realized financial value."
first-capital-financial,Payments Platform Resilience,Chief architect,application owner,"Advance Fraud and Financial Crimes Transformation with governed evidence, safe controls, and candidate-only read models.",AML and KYC; mobile banking platform; Servica Contact Cloud,approved,build,planning outcomes only; realized value requires finance validation,mobile banking platform; Servica Contact Cloud; AML and KYC evidence,operational resilience; no active promotion without review,28750000,0,datasets/tenant-inputs/candidates/first-capital-financial/rich-synthetic-2026-07-v3/09_programs_initiatives.csv,2026-07-17,medium,operational resilience evidence requires owner validation; source is synthetic and candidate-only,FCF-09-00278,FCF-EVID-05678,FCF-09_PROGRAMS_INITIATIVES-SRC-00278,09_programs_initiatives,Programs & Initiatives,candidate,first-capital-financial-rich-standard-candidate-20260717,FCF-CANDIDATE-LOAD-20260717,2026-07-17T00:00:00.000Z,deterministic synthetic enterprise context generator,synthetic financial-services enterprise context generation,"This is planning-grade synthetic enterprise context. It is not real client production data, not PHI/PII/payment-card data, and not a claim of realized financial value."
first-capital-financial,Fraud and Financial Crimes Transformation,Application owner,data engineering,"Advance Core Banking Simplification with governed evidence, safe controls, and candidate-only read models.",risk and compliance; online banking platform; FraudShield Controls,approved,validate,planning outcomes only; realized value requires finance validation,online banking platform; FraudShield Controls; risk and compliance evidence,third-party risk; no active promotion without review,28750000,0,datasets/tenant-inputs/candidates/first-capital-financial/rich-synthetic-2026-07-v3/09_programs_initiatives.csv,2026-07-17,medium,third-party risk evidence requires owner validation; source is synthetic and candidate-only,FCF-09-00279,FCF-EVID-05679,FCF-09_PROGRAMS_INITIATIVES-SRC-00279,09_programs_initiatives,Programs & Initiatives,candidate,first-capital-financial-rich-standard-candidate-20260717,FCF-CANDIDATE-LOAD-20260717,2026-07-17T00:00:00.000Z,deterministic synthetic enterprise context generator,synthetic financial-services enterprise context generation,"This is planning-grade synthetic enterprise context. It is not real client production data, not PHI/PII/payment-card data, and not a claim of realized financial value."
first-capital-financial,Core Banking Simplification,ITSM leader,IT service management,"Advance Data Governance and Lakehouse Foundation with governed evidence, safe controls, and candidate-only read models.",branch operations; cloud lakehouse foundation; ComplyCase Risk Systems,evidence gate,control gate,planning outcomes only; realized value requires finance validation,cloud lakehouse foundation; ComplyCase Risk Systems; branch operations evidence,cyber risk; no active promotion without review,28750000,0,datasets/tenant-inputs/candidates/first-capital-financial/rich-synthetic-2026-07-v3/09_programs_initiatives.csv,2026-07-17,high,cyber risk evidence requires owner validation; source is synthetic and candidate-only,FCF-09-00280,FCF-EVID-05680,FCF-09_PROGRAMS_INITIATIVES-SRC-00280,09_programs_initiatives,Programs & Initiatives,candidate_review,first-capital-financial-rich-standard-candidate-20260717,FCF-CANDIDATE-LOAD-20260717,2026-07-17T00:00:00.000Z,deterministic synthetic enterprise context generator,synthetic financial-services enterprise context generation,"This is planning-grade synthetic enterprise context. It is not real client production data, not PHI/PII/payment-card data, and not a claim of realized financial value."
first-capital-financial,Data Governance and Lakehouse Foundation,CEO,enterprise architecture,"Advance Regulatory Reporting Automation with governed evidence, safe controls, and candidate-only read models.",contact center; enterprise risk platform; CreditSignal Data Services,approved,mobilize,planning outcomes only; realized value requires finance validation,enterprise risk platform; CreditSignal Data Services; contact center evidence,fraud loss; no active promotion without review,28750000,0,datasets/tenant-inputs/candidates/first-capital-financial/rich-synthetic-2026-07-v3/09_programs_initiatives.csv,2026-07-17,high,fraud loss evidence requires owner validation; source is synthetic and candidate-only,FCF-09-00281,FCF-EVID-05681,FCF-09_PROGRAMS_INITIATIVES-SRC-00281,09_programs_initiatives,Programs & Initiatives,candidate,first-capital-financial-rich-standard-candidate-20260717,FCF-CANDIDATE-LOAD-20260717,2026-07-17T00:00:00.000Z,deterministic synthetic enterprise context generator,synthetic financial-services enterprise context generation,"This is planning-grade synthetic enterprise context. It is not real client production data, not PHI/PII/payment-card data, and not a claim of realized financial value."
first-capital-financial,Regulatory Reporting Automation,CFO,platform engineering,"Advance Contact Center Experience Transformation with governed evidence, safe controls, and candidate-only read models.",digital banking; general ledger and ERP; RegOps Managed Services,approved,design,planning outcomes only; realized value requires finance validation,general ledger and ERP; RegOps Managed Services; digital banking evidence,vendor concentration; no active promotion without review,28750000,0,datasets/tenant-inputs/candidates/first-capital-financial/rich-synthetic-2026-07-v3/09_programs_initiatives.csv,2026-07-17,medium,vendor concentration evidence requires owner validation; source is synthetic and candidate-only,FCF-09-00282,FCF-EVID-05682,FCF-09_PROGRAMS_INITIATIVES-SRC-00282,09_programs_initiatives,Programs & Initiatives,candidate,first-capital-financial-rich-standard-candidate-20260717,FCF-CANDIDATE-LOAD-20260717,2026-07-17T00:00:00.000Z,deterministic synthetic enterprise context generator,synthetic financial-services enterprise context generation,"This is planning-grade synthetic enterprise context. It is not real client production data, not PHI/PII/payment-card data, and not a claim of realized financial value."
first-capital-financial,Contact Center Experience Transformation,COO,application owner,"Advance Cloud Resilience and Zero Trust with governed evidence, safe controls, and candidate-only read models.",finance and treasury; identity and access management; CyberGate Security,approved,build,planning outcomes only; realized value requires finance validation,identity and access management; CyberGate Security; finance and treasury evidence,cloud exit and resilience; no active promotion without review,28750000,0,datasets/tenant-inputs/candidates/first-capital-financial/rich-synthetic-2026-07-v3/09_programs_initiatives.csv,2026-07-17,medium,cloud exit and resilience evidence requires owner validation; source is synthetic and candidate-only,FCF-09-00283,FCF-EVID-05683,FCF-09_PROGRAMS_INITIATIVES-SRC-00283,09_programs_initiatives,Programs & Initiatives,candidate,first-capital-financial-rich-standard-candidate-20260717,FCF-CANDIDATE-LOAD-20260717,2026-07-17T00:00:00.000Z,deterministic synthetic enterprise context generator,synthetic financial-services enterprise context generation,"This is planning-grade synthetic enterprise context. It is not real client production data, not PHI/PII/payment-card data, and not a claim of realized financial value."
first-capital-financial,Cloud Resilience and Zero Trust,CIO,data engineering,"Advance Branch Workforce Productivity with governed evidence, safe controls, and candidate-only read models.",HR and change; model risk management system; LedgerWorks ERP,evidence gate,validate,planning outcomes only; realized value requires finance validation,model risk management system; LedgerWorks ERP; HR and change evidence,model risk management; no active promotion without review,28750000,0,datasets/tenant-inputs/candidates/first-capital-financial/rich-synthetic-2026-07-v3/09_programs_initiatives.csv,2026-07-17,high,model risk management evidence requires owner validation; source is synthetic and candidate-only,FCF-09-00284,FCF-EVID-05684,FCF-09_PROGRAMS_INITIATIVES-SRC-00284,09_programs_initiatives,Programs & Initiatives,candidate_review,first-capital-financial-rich-standard-candidate-20260717,FCF-CANDIDATE-LOAD-20260717,2026-07-17T00:00:00.000Z,deterministic synthetic enterprise context generator,synthetic financial-services enterprise context generation,"This is planning-grade synthetic enterprise context. It is not real client production data, not PHI/PII/payment-card data, and not a claim of realized financial value."
first-capital-financial,Branch Workforce Productivity,CTO,IT service management,"Advance Wealth Advisor Desktop Modernization with governed evidence, safe controls, and candidate-only read models.",platform engineering; regulatory reporting platform; CoreBridge Banking Services,approved,control gate,planning outcomes only; realized value requires finance validation,regulatory reporting platform; CoreBridge Banking Services; platform engineering evidence,fair lending and bias; no active promotion without review,28750000,0,datasets/tenant-inputs/candidates/first-capital-financial/rich-synthetic-2026-07-v3/09_programs_initiatives.csv,2026-07-17,high,fair lending and bias evidence requires owner validation; source is synthetic and candidate-only,FCF-09-00285,FCF-EVID-05685,FCF-09_PROGRAMS_INITIATIVES-SRC-00285,09_programs_initiatives,Programs & Initiatives,candidate,first-capital-financial-rich-standard-candidate-20260717,FCF-CANDIDATE-LOAD-20260717,2026-07-17T00:00:00.000Z,deterministic synthetic enterprise context generator,synthetic financial-services enterprise context generation,"This is planning-grade synthetic enterprise context. It is not real client production data, not PHI/PII/payment-card data, and not a claim of realized financial value."
first-capital-financial,Wealth Advisor Desktop Modernization,CDAO,enterprise architecture,"Advance Model Risk and AI Governance with governed evidence, safe controls, and candidate-only read models.",data and analytics; document management platform; CardRail Processing,approved,mobilize,planning outcomes only; realized value requires finance validation,document management platform; CardRail Processing; data and analytics evidence,explainability; no active promotion without review,28750000,0,datasets/tenant-inputs/candidates/first-capital-financial/rich-synthetic-2026-07-v3/09_programs_initiatives.csv,2026-07-17,medium,explainability evidence requires owner validation; source is synthetic and candidate-only,FCF-09-00286,FCF-EVID-05686,FCF-09_PROGRAMS_INITIATIVES-SRC-00286,09_programs_initiatives,Programs & Initiatives,candidate,first-capital-financial-rich-standard-candidate-20260717,FCF-CANDIDATE-LOAD-20260717,2026-07-17T00:00:00.000Z,deterministic synthetic enterprise context generator,synthetic financial-services enterprise context generation,"This is planning-grade synthetic enterprise context. It is not real client production data, not PHI/PII/payment-card data, and not a claim of realized financial value."
first-capital-financial,Model Risk and AI Governance,CISO,platform engineering,"Advance Finance and GL Modernization with governed evidence, safe controls, and candidate-only read models.",regulatory reporting; core banking platform; PayAxis Network Services,approved,design,planning outcomes only; realized value requires finance validation,core banking platform; PayAxis Network Services; regulatory reporting evidence,GLBA privacy; no active promotion without review,28750000,0,datasets/tenant-inputs/candidates/first-capital-financial/rich-synthetic-2026-07-v3/09_programs_initiatives.csv,2026-07-17,medium,GLBA privacy evidence requires owner validation; source is synthetic and candidate-only,FCF-09-00287,FCF-EVID-05687,FCF-09_PROGRAMS_INITIATIVES-SRC-00287,09_programs_initiatives,Programs & Initiatives,candidate,first-capital-financial-rich-standard-candidate-20260717,FCF-CANDIDATE-LOAD-20260717,2026-07-17T00:00:00.000Z,deterministic synthetic enterprise context generator,synthetic financial-services enterprise context generation,"This is planning-grade synthetic enterprise context. It is not real client production data, not PHI/PII/payment-card data, and not a claim of realized financial value."
first-capital-financial,Finance and GL Modernization,Chief compliance officer,application owner,"Advance Digital Banking Modernization with governed evidence, safe controls, and candidate-only read models.",vendor management; loan origination platform; CloudNorth Data Platform,evidence gate,build,planning outcomes only; realized value requires finance validation,loan origination platform; CloudNorth Data Platform; vendor management evidence,PCI DSS; no active promotion without review,28750000,0,datasets/tenant-inputs/candidates/first-capital-financial/rich-synthetic-2026-07-v3/09_programs_initiatives.csv,2026-07-17,high,PCI DSS evidence requires owner validation; source is synthetic and candidate-only,FCF-09-00288,FCF-EVID-05688,FCF-09_PROGRAMS_INITIATIVES-SRC-00288,09_programs_initiatives,Programs & Initiatives,candidate_review,first-capital-financial-rich-standard-candidate-20260717,FCF-CANDIDATE-LOAD-20260717,2026-07-17T00:00:00.000Z,deterministic synthetic enterprise context generator,synthetic financial-services enterprise context generation,"This is planning-grade synthetic enterprise context. It is not real client production data, not PHI/PII/payment-card data, and not a claim of realized financial value."
first-capital-financial,Digital Banking Modernization,Chief procurement officer,data engineering,"Advance Payments Platform Resilience with governed evidence, safe controls, and candidate-only read models.",retail banking; card processing platform; InsightLake Analytics,approved,validate,planning outcomes only; realized value requires finance validation,card processing platform; InsightLake Analytics; retail banking evidence,data retention; no active promotion without review,28750000,0,datasets/tenant-inputs/candidates/first-capital-financial/rich-synthetic-2026-07-v3/09_programs_initiatives.csv,2026-07-17,high,data retention evidence requires owner validation; source is synthetic and candidate-only,FCF-09-00289,FCF-EVID-05689,FCF-09_PROGRAMS_INITIATIVES-SRC-00289,09_programs_initiatives,Programs & Initiatives,candidate,first-capital-financial-rich-standard-candidate-20260717,FCF-CANDIDATE-LOAD-20260717,2026-07-17T00:00:00.000Z,deterministic synthetic enterprise context generator,synthetic financial-services enterprise context generation,"This is planning-grade synthetic enterprise context. It is not real client production data, not PHI/PII/payment-card data, and not a claim of realized financial value."
first-capital-financial,Payments Platform Resilience,Chief people officer,IT service management,"Advance Fraud and Financial Crimes Transformation with governed evidence, safe controls, and candidate-only read models.",commercial banking; payments hub; Servica Contact Cloud,approved,control gate,planning outcomes only; realized value requires finance validation,payments hub; Servica Contact Cloud; commercial banking evidence,access controls; no active promotion without review,28750000,0,datasets/tenant-inputs/candidates/first-capital-financial/rich-synthetic-2026-07-v3/09_programs_initiatives.csv,2026-07-17,medium,access controls evidence requires owner validation; source is synthetic and candidate-only,FCF-09-00290,FCF-EVID-05690,FCF-09_PROGRAMS_INITIATIVES-SRC-00290,09_programs_initiatives,Programs & Initiatives,candidate,first-capital-financial-rich-standard-candidate-20260717,FCF-CANDIDATE-LOAD-20260717,2026-07-17T00:00:00.000Z,deterministic synthetic enterprise context generator,synthetic financial-services enterprise context generation,"This is planning-grade synthetic enterprise context. It is not real client production data, not PHI/PII/payment-card data, and not a claim of realized financial value."
first-capital-financial,Fraud and Financial Crimes Transformation,Transformation office lead,enterprise architecture,"Advance Core Banking Simplification with governed evidence, safe controls, and candidate-only read models.",wealth advisory; ACH and wire operations; FraudShield Controls,approved,mobilize,planning outcomes only; realized value requires finance validation,ACH and wire operations; FraudShield Controls; wealth advisory evidence,audit logging; no active promotion without review,28750000,0,datasets/tenant-inputs/candidates/first-capital-financial/rich-synthetic-2026-07-v3/09_programs_initiatives.csv,2026-07-17,medium,audit logging evidence requires owner validation; source is synthetic and candidate-only,FCF-09-00291,FCF-EVID-05691,FCF-09_PROGRAMS_INITIATIVES-SRC-00291,09_programs_initiatives,Programs & Initiatives,candidate,first-capital-financial-rich-standard-candidate-20260717,FCF-CANDIDATE-LOAD-20260717,2026-07-17T00:00:00.000Z,deterministic synthetic enterprise context generator,synthetic financial-services enterprise context generation,"This is planning-grade synthetic enterprise context. It is not real client production data, not PHI/PII/payment-card data, and not a claim of realized financial value."
first-capital-financial,Core Banking Simplification,Experience leader,platform engineering,"Advance Data Governance and Lakehouse Foundation with governed evidence, safe controls, and candidate-only read models.",mortgage lending; fraud detection platform; ComplyCase Risk Systems,evidence gate,design,planning outcomes only; realized value requires finance validation,fraud detection platform; ComplyCase Risk Systems; mortgage lending evidence,customer consent; no active promotion without review,28750000,0,datasets/tenant-inputs/candidates/first-capital-financial/rich-synthetic-2026-07-v3/09_programs_initiatives.csv,2026-07-17,high,customer consent evidence requires owner validation; source is synthetic and candidate-only,FCF-09-00292,FCF-EVID-05692,FCF-09_PROGRAMS_INITIATIVES-SRC-00292,09_programs_initiatives,Programs & Initiatives,candidate_review,first-capital-financial-rich-standard-candidate-20260717,FCF-CANDIDATE-LOAD-20260717,2026-07-17T00:00:00.000Z,deterministic synthetic enterprise context generator,synthetic financial-services enterprise context generation,"This is planning-grade synthetic enterprise context. It is not real client production data, not PHI/PII/payment-card data, and not a claim of realized financial value."
first-capital-financial,Data Governance and Lakehouse Foundation,Business unit president,application owner,"Advance Regulatory Reporting Automation with governed evidence, safe controls, and candidate-only read models.",cards and payments; AML/KYC case management; CreditSignal Data Services,approved,build,planning outcomes only; realized value requires finance validation,AML/KYC case management; CreditSignal Data Services; cards and payments evidence,regulatory reporting accuracy; no active promotion without review,28750000,0,datasets/tenant-inputs/candidates/first-capital-financial/rich-synthetic-2026-07-v3/09_programs_initiatives.csv,2026-07-17,high,regulatory reporting accuracy evidence requires owner validation; source is synthetic and candidate-only,FCF-09-00293,FCF-EVID-05693,FCF-09_PROGRAMS_INITIATIVES-SRC-00293,09_programs_initiatives,Programs & Initiatives,candidate,first-capital-financial-rich-standard-candidate-20260717,FCF-CANDIDATE-LOAD-20260717,2026-07-17T00:00:00.000Z,deterministic synthetic enterprise context generator,synthetic financial-services enterprise context generation,"This is planning-grade synthetic enterprise context. It is not real client production data, not PHI/PII/payment-card data, and not a claim of realized financial value."
first-capital-financial,Regulatory Reporting Automation,Contact center leader,data engineering,"Advance Contact Center Experience Transformation with governed evidence, safe controls, and candidate-only read models.",treasury services; CRM and banker desktop; RegOps Managed Services,approved,validate,planning outcomes only; realized value requires finance validation,CRM and banker desktop; RegOps Managed Services; treasury services evidence,operational resilience; no active promotion without review,28750000,0,datasets/tenant-inputs/candidates/first-capital-financial/rich-synthetic-2026-07-v3/09_programs_initiatives.csv,2026-07-17,medium,operational resilience evidence requires owner validation; source is synthetic and candidate-only,FCF-09-00294,FCF-EVID-05694,FCF-09_PROGRAMS_INITIATIVES-SRC-00294,09_programs_initiatives,Programs & Initiatives,candidate,first-capital-financial-rich-standard-candidate-20260717,FCF-CANDIDATE-LOAD-20260717,2026-07-17T00:00:00.000Z,deterministic synthetic enterprise context generator,synthetic financial-services enterprise context generation,"This is planning-grade synthetic enterprise context. It is not real client production data, not PHI/PII/payment-card data, and not a claim of realized financial value."
first-capital-financial,Contact Center Experience Transformation,Operations leader,IT service management,"Advance Cloud Resilience and Zero Trust with governed evidence, safe controls, and candidate-only read models.",fraud operations; contact center platform; CyberGate Security,approved,control gate,planning outcomes only; realized value requires finance validation,contact center platform; CyberGate Security; fraud operations evidence,third-party risk; no active promotion without review,28750000,0,datasets/tenant-inputs/candidates/first-capital-financial/rich-synthetic-2026-07-v3/09_programs_initiatives.csv,2026-07-17,medium,third-party risk evidence requires owner validation; source is synthetic and candidate-only,FCF-09-00295,FCF-EVID-05695,FCF-09_PROGRAMS_INITIATIVES-SRC-00295,09_programs_initiatives,Programs & Initiatives,candidate,first-capital-financial-rich-standard-candidate-20260717,FCF-CANDIDATE-LOAD-20260717,2026-07-17T00:00:00.000Z,deterministic synthetic enterprise context generator,synthetic financial-services enterprise context generation,"This is planning-grade synthetic enterprise context. It is not real client production data, not PHI/PII/payment-card data, and not a claim of realized financial value."
first-capital-financial,Cloud Resilience and Zero Trust,Chief architect,enterprise architecture,"Advance Branch Workforce Productivity with governed evidence, safe controls, and candidate-only read models.",AML and KYC; mobile banking platform; LedgerWorks ERP,evidence gate,mobilize,planning outcomes only; realized value requires finance validation,mobile banking platform; LedgerWorks ERP; AML and KYC evidence,cyber risk; no active promotion without review,28750000,0,datasets/tenant-inputs/candidates/first-capital-financial/rich-synthetic-2026-07-v3/09_programs_initiatives.csv,2026-07-17,high,cyber risk evidence requires owner validation; source is synthetic and candidate-only,FCF-09-00296,FCF-EVID-05696,FCF-09_PROGRAMS_INITIATIVES-SRC-00296,09_programs_initiatives,Programs & Initiatives,candidate_review,first-capital-financial-rich-standard-candidate-20260717,FCF-CANDIDATE-LOAD-20260717,2026-07-17T00:00:00.000Z,deterministic synthetic enterprise context generator,synthetic financial-services enterprise context generation,"This is planning-grade synthetic enterprise context. It is not real client production data, not PHI/PII/payment-card data, and not a claim of realized financial value."
first-capital-financial,Branch Workforce Productivity,Application owner,platform engineering,"Advance Wealth Advisor Desktop Modernization with governed evidence, safe controls, and candidate-only read models.",risk and compliance; online banking platform; CoreBridge Banking Services,approved,design,planning outcomes only; realized value requires finance validation,online banking platform; CoreBridge Banking Services; risk and compliance evidence,fraud loss; no active promotion without review,28750000,0,datasets/tenant-inputs/candidates/first-capital-financial/rich-synthetic-2026-07-v3/09_programs_initiatives.csv,2026-07-17,high,fraud loss evidence requires owner validation; source is synthetic and candidate-only,FCF-09-00297,FCF-EVID-05697,FCF-09_PROGRAMS_INITIATIVES-SRC-00297,09_programs_initiatives,Programs & Initiatives,candidate,first-capital-financial-rich-standard-candidate-20260717,FCF-CANDIDATE-LOAD-20260717,2026-07-17T00:00:00.000Z,deterministic synthetic enterprise context generator,synthetic financial-services enterprise context generation,"This is planning-grade synthetic enterprise context. It is not real client production data, not PHI/PII/payment-card data, and not a claim of realized financial value."
first-capital-financial,Wealth Advisor Desktop Modernization,ITSM leader,application owner,"Advance Model Risk and AI Governance with governed evidence, safe controls, and candidate-only read models.",branch operations; cloud lakehouse foundation; CardRail Processing,approved,build,planning outcomes only; realized value requires finance validation,cloud lakehouse foundation; CardRail Processing; branch operations evidence,vendor concentration; no active promotion without review,28750000,0,datasets/tenant-inputs/candidates/first-capital-financial/rich-synthetic-2026-07-v3/09_programs_initiatives.csv,2026-07-17,medium,vendor concentration evidence requires owner validation; source is synthetic and candidate-only,FCF-09-00298,FCF-EVID-05698,FCF-09_PROGRAMS_INITIATIVES-SRC-00298,09_programs_initiatives,Programs & Initiatives,candidate,first-capital-financial-rich-standard-candidate-20260717,FCF-CANDIDATE-LOAD-20260717,2026-07-17T00:00:00.000Z,deterministic synthetic enterprise context generator,synthetic financial-services enterprise context generation,"This is planning-grade synthetic enterprise context. It is not real client production data, not PHI/PII/payment-card data, and not a claim of realized financial value."
first-capital-financial,Model Risk and AI Governance,CEO,data engineering,"Advance Finance and GL Modernization with governed evidence, safe controls, and candidate-only read models.",contact center; enterprise risk platform; PayAxis Network Services,approved,validate,planning outcomes only; realized value requires finance validation,enterprise risk platform; PayAxis Network Services; contact center evidence,cloud exit and resilience; no active promotion without review,28750000,0,datasets/tenant-inputs/candidates/first-capital-financial/rich-synthetic-2026-07-v3/09_programs_initiatives.csv,2026-07-17,medium,cloud exit and resilience evidence requires owner validation; source is synthetic and candidate-only,FCF-09-00299,FCF-EVID-05699,FCF-09_PROGRAMS_INITIATIVES-SRC-00299,09_programs_initiatives,Programs & Initiatives,candidate,first-capital-financial-rich-standard-candidate-20260717,FCF-CANDIDATE-LOAD-20260717,2026-07-17T00:00:00.000Z,deterministic synthetic enterprise context generator,synthetic financial-services enterprise context generation,"This is planning-grade synthetic enterprise context. It is not real client production data, not PHI/PII/payment-card data, and not a claim of realized financial value."
first-capital-financial,Finance and GL Modernization,CFO,IT service management,"Advance Digital Banking Modernization with governed evidence, safe controls, and candidate-only read models.",digital banking; general ledger and ERP; CloudNorth Data Platform,evidence gate,control gate,planning outcomes only; realized value requires finance validation,general ledger and ERP; CloudNorth Data Platform; digital banking evidence,model risk management; no active promotion without review,28750000,0,datasets/tenant-inputs/candidates/first-capital-financial/rich-synthetic-2026-07-v3/09_programs_initiatives.csv,2026-07-17,high,model risk management evidence requires owner validation; source is synthetic and candidate-only,FCF-09-00300,FCF-EVID-05700,FCF-09_PROGRAMS_INITIATIVES-SRC-00300,09_programs_initiatives,Programs & Initiatives,candidate_review,first-capital-financial-rich-standard-candidate-20260717,FCF-CANDIDATE-LOAD-20260717,2026-07-17T00:00:00.000Z,deterministic synthetic enterprise context generator,synthetic financial-services enterprise context generation,"This is planning-grade synthetic enterprise context. It is not real client production data, not PHI/PII/payment-card data, and not a claim of realized financial value."
