tenant_key,lens_name,expert_role,questions_to_answer,required_inputs,decision_use,limitations,source_file,source_date,confidence,known_gaps,record_id,evidence_id,source_row_id,dimension_key,dimension_name,active_candidate_status,candidate_contract_version,load_run_id,generated_at,generation_method,source_basis,truth_statement
skyharbor-air,Expert Lenses flight operations executive lens 001,Transformation office lead,What evidence must close before Contact center agent assist or Passenger Service Modernization advances?,SHA-EVID-09601; source row; owner; baseline; control status,Boardroom planning for Expert Lenses; candidate preview only.,"No production data, no active promotion, no realized value claim.",datasets/tenant-inputs/candidates/skyharbor-air/rich-synthetic-2026-07-v3/16_expert_lenses.csv,2026-07-17,high,PCI evidence requires owner validation; source is synthetic and candidate-only,SHA-16-00001,SHA-EVID-09601,SHA-16_EXPERT_LENSES-SRC-00001,16_expert_lenses,Expert Lenses,candidate,skyharbor-air-rich-standard-candidate-20260717,SHA-CANDIDATE-LOAD-20260717,2026-07-17T00:00:00.000Z,deterministic synthetic enterprise context generator,synthetic airline enterprise context generation,"This is planning-grade synthetic enterprise context. It is not real client production data, not PHI/PII/payment-card data, and not a claim of realized financial value."
skyharbor-air,Expert Lenses operations control center executive lens 002,Experience leader,What evidence must close before Passenger rebooking personalization or Loyalty Platform Modernization advances?,SHA-EVID-09602; source row; owner; baseline; control status,Boardroom planning for Expert Lenses; candidate preview only.,"No production data, no active promotion, no realized value claim.",datasets/tenant-inputs/candidates/skyharbor-air/rich-synthetic-2026-07-v3/16_expert_lenses.csv,2026-07-17,medium,cyber risk evidence requires owner validation; source is synthetic and candidate-only,SHA-16-00002,SHA-EVID-09602,SHA-16_EXPERT_LENSES-SRC-00002,16_expert_lenses,Expert Lenses,candidate,skyharbor-air-rich-standard-candidate-20260717,SHA-CANDIDATE-LOAD-20260717,2026-07-17T00:00:00.000Z,deterministic synthetic enterprise context generator,synthetic airline enterprise context generation,"This is planning-grade synthetic enterprise context. It is not real client production data, not PHI/PII/payment-card data, and not a claim of realized financial value."
skyharbor-air,Expert Lenses airport operations executive lens 003,Business unit president,What evidence must close before Baggage recovery prediction or Crew Operations Optimization advances?,SHA-EVID-09603; source row; owner; baseline; control status,Boardroom planning for Expert Lenses; candidate preview only.,"No production data, no active promotion, no realized value claim.",datasets/tenant-inputs/candidates/skyharbor-air/rich-synthetic-2026-07-v3/16_expert_lenses.csv,2026-07-17,medium,identity and access evidence requires owner validation; source is synthetic and candidate-only,SHA-16-00003,SHA-EVID-09603,SHA-16_EXPERT_LENSES-SRC-00003,16_expert_lenses,Expert Lenses,candidate,skyharbor-air-rich-standard-candidate-20260717,SHA-CANDIDATE-LOAD-20260717,2026-07-17T00:00:00.000Z,deterministic synthetic enterprise context generator,synthetic airline enterprise context generation,"This is planning-grade synthetic enterprise context. It is not real client production data, not PHI/PII/payment-card data, and not a claim of realized financial value."
skyharbor-air,Expert Lenses customer service executive lens 004,Contact center leader,What evidence must close before Airport turnaround risk predictor or Maintenance Predictive Analytics Foundation advances?,SHA-EVID-09604; source row; owner; baseline; control status,Boardroom planning for Expert Lenses; candidate preview only.,"No production data, no active promotion, no realized value claim.",datasets/tenant-inputs/candidates/skyharbor-air/rich-synthetic-2026-07-v3/16_expert_lenses.csv,2026-07-17,high,vendor concentration evidence requires owner validation; source is synthetic and candidate-only,SHA-16-00004,SHA-EVID-09604,SHA-16_EXPERT_LENSES-SRC-00004,16_expert_lenses,Expert Lenses,candidate_review,skyharbor-air-rich-standard-candidate-20260717,SHA-CANDIDATE-LOAD-20260717,2026-07-17T00:00:00.000Z,deterministic synthetic enterprise context generator,synthetic airline enterprise context generation,"This is planning-grade synthetic enterprise context. It is not real client production data, not PHI/PII/payment-card data, and not a claim of realized financial value."
skyharbor-air,Expert Lenses loyalty executive lens 005,Operations leader,What evidence must close before Revenue management scenario assistant or Airport Turnaround Performance Program advances?,SHA-EVID-09605; source row; owner; baseline; control status,Boardroom planning for Expert Lenses; candidate preview only.,"No production data, no active promotion, no realized value claim.",datasets/tenant-inputs/candidates/skyharbor-air/rich-synthetic-2026-07-v3/16_expert_lenses.csv,2026-07-17,high,model explainability evidence requires owner validation; source is synthetic and candidate-only,SHA-16-00005,SHA-EVID-09605,SHA-16_EXPERT_LENSES-SRC-00005,16_expert_lenses,Expert Lenses,candidate,skyharbor-air-rich-standard-candidate-20260717,SHA-CANDIDATE-LOAD-20260717,2026-07-17T00:00:00.000Z,deterministic synthetic enterprise context generator,synthetic airline enterprise context generation,"This is planning-grade synthetic enterprise context. It is not real client production data, not PHI/PII/payment-card data, and not a claim of realized financial value."
skyharbor-air,Expert Lenses revenue management executive lens 006,Chief architect,What evidence must close before Loyalty next-best-action assistant or Data Platform and Lakehouse Foundation advances?,SHA-EVID-09606; source row; owner; baseline; control status,Boardroom planning for Expert Lenses; candidate preview only.,"No production data, no active promotion, no realized value claim.",datasets/tenant-inputs/candidates/skyharbor-air/rich-synthetic-2026-07-v3/16_expert_lenses.csv,2026-07-17,medium,human-in-the-loop operations evidence requires owner validation; source is synthetic and candidate-only,SHA-16-00006,SHA-EVID-09606,SHA-16_EXPERT_LENSES-SRC-00006,16_expert_lenses,Expert Lenses,candidate,skyharbor-air-rich-standard-candidate-20260717,SHA-CANDIDATE-LOAD-20260717,2026-07-17T00:00:00.000Z,deterministic synthetic enterprise context generator,synthetic airline enterprise context generation,"This is planning-grade synthetic enterprise context. It is not real client production data, not PHI/PII/payment-card data, and not a claim of realized financial value."
skyharbor-air,Expert Lenses network planning executive lens 007,Application owner,What evidence must close before Flight operations knowledge assistant or Contact Center Experience Transformation advances?,SHA-EVID-09607; source row; owner; baseline; control status,Boardroom planning for Expert Lenses; candidate preview only.,"No production data, no active promotion, no realized value claim.",datasets/tenant-inputs/candidates/skyharbor-air/rich-synthetic-2026-07-v3/16_expert_lenses.csv,2026-07-17,medium,incident response evidence requires owner validation; source is synthetic and candidate-only,SHA-16-00007,SHA-EVID-09607,SHA-16_EXPERT_LENSES-SRC-00007,16_expert_lenses,Expert Lenses,candidate,skyharbor-air-rich-standard-candidate-20260717,SHA-CANDIDATE-LOAD-20260717,2026-07-17T00:00:00.000Z,deterministic synthetic enterprise context generator,synthetic airline enterprise context generation,"This is planning-grade synthetic enterprise context. It is not real client production data, not PHI/PII/payment-card data, and not a claim of realized financial value."
skyharbor-air,Expert Lenses crew scheduling executive lens 008,ITSM leader,What evidence must close before IT incident and change-risk copilot or Revenue Management Modernization advances?,SHA-EVID-09608; source row; owner; baseline; control status,Boardroom planning for Expert Lenses; candidate preview only.,"No production data, no active promotion, no realized value claim.",datasets/tenant-inputs/candidates/skyharbor-air/rich-synthetic-2026-07-v3/16_expert_lenses.csv,2026-07-17,high,airport-local operating variation evidence requires owner validation; source is synthetic and candidate-only,SHA-16-00008,SHA-EVID-09608,SHA-16_EXPERT_LENSES-SRC-00008,16_expert_lenses,Expert Lenses,candidate_review,skyharbor-air-rich-standard-candidate-20260717,SHA-CANDIDATE-LOAD-20260717,2026-07-17T00:00:00.000Z,deterministic synthetic enterprise context generator,synthetic airline enterprise context generation,"This is planning-grade synthetic enterprise context. It is not real client production data, not PHI/PII/payment-card data, and not a claim of realized financial value."
skyharbor-air,Expert Lenses maintenance engineering executive lens 009,CEO,What evidence must close before Procurement and vendor contract intelligence or Cloud Resilience and Cyber Program advances?,SHA-EVID-09609; source row; owner; baseline; control status,Boardroom planning for Expert Lenses; candidate preview only.,"No production data, no active promotion, no realized value claim.",datasets/tenant-inputs/candidates/skyharbor-air/rich-synthetic-2026-07-v3/16_expert_lenses.csv,2026-07-17,high,reservation-system dependency evidence requires owner validation; source is synthetic and candidate-only,SHA-16-00009,SHA-EVID-09609,SHA-16_EXPERT_LENSES-SRC-00009,16_expert_lenses,Expert Lenses,candidate,skyharbor-air-rich-standard-candidate-20260717,SHA-CANDIDATE-LOAD-20260717,2026-07-17T00:00:00.000Z,deterministic synthetic enterprise context generator,synthetic airline enterprise context generation,"This is planning-grade synthetic enterprise context. It is not real client production data, not PHI/PII/payment-card data, and not a claim of realized financial value."
skyharbor-air,Expert Lenses cargo operations executive lens 010,CFO,What evidence must close before IROPS recovery copilot or Baggage Visibility and Recovery advances?,SHA-EVID-09610; source row; owner; baseline; control status,Boardroom planning for Expert Lenses; candidate preview only.,"No production data, no active promotion, no realized value claim.",datasets/tenant-inputs/candidates/skyharbor-air/rich-synthetic-2026-07-v3/16_expert_lenses.csv,2026-07-17,medium,cloud resilience evidence requires owner validation; source is synthetic and candidate-only,SHA-16-00010,SHA-EVID-09610,SHA-16_EXPERT_LENSES-SRC-00010,16_expert_lenses,Expert Lenses,candidate,skyharbor-air-rich-standard-candidate-20260717,SHA-CANDIDATE-LOAD-20260717,2026-07-17T00:00:00.000Z,deterministic synthetic enterprise context generator,synthetic airline enterprise context generation,"This is planning-grade synthetic enterprise context. It is not real client production data, not PHI/PII/payment-card data, and not a claim of realized financial value."
skyharbor-air,Expert Lenses digital ecommerce executive lens 011,COO,What evidence must close before Crew disruption assistant or Finance and Procurement Spend Transparency advances?,SHA-EVID-09611; source row; owner; baseline; control status,Boardroom planning for Expert Lenses; candidate preview only.,"No production data, no active promotion, no realized value claim.",datasets/tenant-inputs/candidates/skyharbor-air/rich-synthetic-2026-07-v3/16_expert_lenses.csv,2026-07-17,medium,safety criticality evidence requires owner validation; source is synthetic and candidate-only,SHA-16-00011,SHA-EVID-09611,SHA-16_EXPERT_LENSES-SRC-00011,16_expert_lenses,Expert Lenses,candidate,skyharbor-air-rich-standard-candidate-20260717,SHA-CANDIDATE-LOAD-20260717,2026-07-17T00:00:00.000Z,deterministic synthetic enterprise context generator,synthetic airline enterprise context generation,"This is planning-grade synthetic enterprise context. It is not real client production data, not PHI/PII/payment-card data, and not a claim of realized financial value."
skyharbor-air,Expert Lenses safety and security executive lens 012,CIO,What evidence must close before Maintenance troubleshooting assistant or IROPS Resilience and Recovery advances?,SHA-EVID-09612; source row; owner; baseline; control status,Boardroom planning for Expert Lenses; candidate preview only.,"No production data, no active promotion, no realized value claim.",datasets/tenant-inputs/candidates/skyharbor-air/rich-synthetic-2026-07-v3/16_expert_lenses.csv,2026-07-17,high,operational resilience evidence requires owner validation; source is synthetic and candidate-only,SHA-16-00012,SHA-EVID-09612,SHA-16_EXPERT_LENSES-SRC-00012,16_expert_lenses,Expert Lenses,candidate_review,skyharbor-air-rich-standard-candidate-20260717,SHA-CANDIDATE-LOAD-20260717,2026-07-17T00:00:00.000Z,deterministic synthetic enterprise context generator,synthetic airline enterprise context generation,"This is planning-grade synthetic enterprise context. It is not real client production data, not PHI/PII/payment-card data, and not a claim of realized financial value."
skyharbor-air,Expert Lenses finance executive lens 013,CTO,What evidence must close before Contact center agent assist or Passenger Service Modernization advances?,SHA-EVID-09613; source row; owner; baseline; control status,Boardroom planning for Expert Lenses; candidate preview only.,"No production data, no active promotion, no realized value claim.",datasets/tenant-inputs/candidates/skyharbor-air/rich-synthetic-2026-07-v3/16_expert_lenses.csv,2026-07-17,high,crew and legal constraints evidence requires owner validation; source is synthetic and candidate-only,SHA-16-00013,SHA-EVID-09613,SHA-16_EXPERT_LENSES-SRC-00013,16_expert_lenses,Expert Lenses,candidate,skyharbor-air-rich-standard-candidate-20260717,SHA-CANDIDATE-LOAD-20260717,2026-07-17T00:00:00.000Z,deterministic synthetic enterprise context generator,synthetic airline enterprise context generation,"This is planning-grade synthetic enterprise context. It is not real client production data, not PHI/PII/payment-card data, and not a claim of realized financial value."
skyharbor-air,Expert Lenses procurement executive lens 014,CDAO,What evidence must close before Passenger rebooking personalization or Loyalty Platform Modernization advances?,SHA-EVID-09614; source row; owner; baseline; control status,Boardroom planning for Expert Lenses; candidate preview only.,"No production data, no active promotion, no realized value claim.",datasets/tenant-inputs/candidates/skyharbor-air/rich-synthetic-2026-07-v3/16_expert_lenses.csv,2026-07-17,medium,DOT customer obligations evidence requires owner validation; source is synthetic and candidate-only,SHA-16-00014,SHA-EVID-09614,SHA-16_EXPERT_LENSES-SRC-00014,16_expert_lenses,Expert Lenses,candidate,skyharbor-air-rich-standard-candidate-20260717,SHA-CANDIDATE-LOAD-20260717,2026-07-17T00:00:00.000Z,deterministic synthetic enterprise context generator,synthetic airline enterprise context generation,"This is planning-grade synthetic enterprise context. It is not real client production data, not PHI/PII/payment-card data, and not a claim of realized financial value."
skyharbor-air,Expert Lenses HR and workforce executive lens 015,CISO,What evidence must close before Baggage recovery prediction or Crew Operations Optimization advances?,SHA-EVID-09615; source row; owner; baseline; control status,Boardroom planning for Expert Lenses; candidate preview only.,"No production data, no active promotion, no realized value claim.",datasets/tenant-inputs/candidates/skyharbor-air/rich-synthetic-2026-07-v3/16_expert_lenses.csv,2026-07-17,medium,data privacy evidence requires owner validation; source is synthetic and candidate-only,SHA-16-00015,SHA-EVID-09615,SHA-16_EXPERT_LENSES-SRC-00015,16_expert_lenses,Expert Lenses,candidate,skyharbor-air-rich-standard-candidate-20260717,SHA-CANDIDATE-LOAD-20260717,2026-07-17T00:00:00.000Z,deterministic synthetic enterprise context generator,synthetic airline enterprise context generation,"This is planning-grade synthetic enterprise context. It is not real client production data, not PHI/PII/payment-card data, and not a claim of realized financial value."
skyharbor-air,Expert Lenses data and analytics executive lens 016,Chief compliance officer,What evidence must close before Airport turnaround risk predictor or Maintenance Predictive Analytics Foundation advances?,SHA-EVID-09616; source row; owner; baseline; control status,Boardroom planning for Expert Lenses; candidate preview only.,"No production data, no active promotion, no realized value claim.",datasets/tenant-inputs/candidates/skyharbor-air/rich-synthetic-2026-07-v3/16_expert_lenses.csv,2026-07-17,high,PCI evidence requires owner validation; source is synthetic and candidate-only,SHA-16-00016,SHA-EVID-09616,SHA-16_EXPERT_LENSES-SRC-00016,16_expert_lenses,Expert Lenses,candidate_review,skyharbor-air-rich-standard-candidate-20260717,SHA-CANDIDATE-LOAD-20260717,2026-07-17T00:00:00.000Z,deterministic synthetic enterprise context generator,synthetic airline enterprise context generation,"This is planning-grade synthetic enterprise context. It is not real client production data, not PHI/PII/payment-card data, and not a claim of realized financial value."
skyharbor-air,Expert Lenses platform engineering executive lens 017,Chief procurement officer,What evidence must close before Revenue management scenario assistant or Airport Turnaround Performance Program advances?,SHA-EVID-09617; source row; owner; baseline; control status,Boardroom planning for Expert Lenses; candidate preview only.,"No production data, no active promotion, no realized value claim.",datasets/tenant-inputs/candidates/skyharbor-air/rich-synthetic-2026-07-v3/16_expert_lenses.csv,2026-07-17,high,cyber risk evidence requires owner validation; source is synthetic and candidate-only,SHA-16-00017,SHA-EVID-09617,SHA-16_EXPERT_LENSES-SRC-00017,16_expert_lenses,Expert Lenses,candidate,skyharbor-air-rich-standard-candidate-20260717,SHA-CANDIDATE-LOAD-20260717,2026-07-17T00:00:00.000Z,deterministic synthetic enterprise context generator,synthetic airline enterprise context generation,"This is planning-grade synthetic enterprise context. It is not real client production data, not PHI/PII/payment-card data, and not a claim of realized financial value."
skyharbor-air,Expert Lenses baggage operations executive lens 018,Chief people officer,What evidence must close before Loyalty next-best-action assistant or Data Platform and Lakehouse Foundation advances?,SHA-EVID-09618; source row; owner; baseline; control status,Boardroom planning for Expert Lenses; candidate preview only.,"No production data, no active promotion, no realized value claim.",datasets/tenant-inputs/candidates/skyharbor-air/rich-synthetic-2026-07-v3/16_expert_lenses.csv,2026-07-17,medium,identity and access evidence requires owner validation; source is synthetic and candidate-only,SHA-16-00018,SHA-EVID-09618,SHA-16_EXPERT_LENSES-SRC-00018,16_expert_lenses,Expert Lenses,candidate,skyharbor-air-rich-standard-candidate-20260717,SHA-CANDIDATE-LOAD-20260717,2026-07-17T00:00:00.000Z,deterministic synthetic enterprise context generator,synthetic airline enterprise context generation,"This is planning-grade synthetic enterprise context. It is not real client production data, not PHI/PII/payment-card data, and not a claim of realized financial value."
skyharbor-air,Expert Lenses flight operations executive lens 019,Transformation office lead,What evidence must close before Flight operations knowledge assistant or Contact Center Experience Transformation advances?,SHA-EVID-09619; source row; owner; baseline; control status,Boardroom planning for Expert Lenses; candidate preview only.,"No production data, no active promotion, no realized value claim.",datasets/tenant-inputs/candidates/skyharbor-air/rich-synthetic-2026-07-v3/16_expert_lenses.csv,2026-07-17,medium,vendor concentration evidence requires owner validation; source is synthetic and candidate-only,SHA-16-00019,SHA-EVID-09619,SHA-16_EXPERT_LENSES-SRC-00019,16_expert_lenses,Expert Lenses,candidate,skyharbor-air-rich-standard-candidate-20260717,SHA-CANDIDATE-LOAD-20260717,2026-07-17T00:00:00.000Z,deterministic synthetic enterprise context generator,synthetic airline enterprise context generation,"This is planning-grade synthetic enterprise context. It is not real client production data, not PHI/PII/payment-card data, and not a claim of realized financial value."
skyharbor-air,Expert Lenses operations control center executive lens 020,Experience leader,What evidence must close before IT incident and change-risk copilot or Revenue Management Modernization advances?,SHA-EVID-09620; source row; owner; baseline; control status,Boardroom planning for Expert Lenses; candidate preview only.,"No production data, no active promotion, no realized value claim.",datasets/tenant-inputs/candidates/skyharbor-air/rich-synthetic-2026-07-v3/16_expert_lenses.csv,2026-07-17,high,model explainability evidence requires owner validation; source is synthetic and candidate-only,SHA-16-00020,SHA-EVID-09620,SHA-16_EXPERT_LENSES-SRC-00020,16_expert_lenses,Expert Lenses,candidate_review,skyharbor-air-rich-standard-candidate-20260717,SHA-CANDIDATE-LOAD-20260717,2026-07-17T00:00:00.000Z,deterministic synthetic enterprise context generator,synthetic airline enterprise context generation,"This is planning-grade synthetic enterprise context. It is not real client production data, not PHI/PII/payment-card data, and not a claim of realized financial value."
skyharbor-air,Expert Lenses airport operations executive lens 021,Business unit president,What evidence must close before Procurement and vendor contract intelligence or Cloud Resilience and Cyber Program advances?,SHA-EVID-09621; source row; owner; baseline; control status,Boardroom planning for Expert Lenses; candidate preview only.,"No production data, no active promotion, no realized value claim.",datasets/tenant-inputs/candidates/skyharbor-air/rich-synthetic-2026-07-v3/16_expert_lenses.csv,2026-07-17,high,human-in-the-loop operations evidence requires owner validation; source is synthetic and candidate-only,SHA-16-00021,SHA-EVID-09621,SHA-16_EXPERT_LENSES-SRC-00021,16_expert_lenses,Expert Lenses,candidate,skyharbor-air-rich-standard-candidate-20260717,SHA-CANDIDATE-LOAD-20260717,2026-07-17T00:00:00.000Z,deterministic synthetic enterprise context generator,synthetic airline enterprise context generation,"This is planning-grade synthetic enterprise context. It is not real client production data, not PHI/PII/payment-card data, and not a claim of realized financial value."
skyharbor-air,Expert Lenses customer service executive lens 022,Contact center leader,What evidence must close before IROPS recovery copilot or Baggage Visibility and Recovery advances?,SHA-EVID-09622; source row; owner; baseline; control status,Boardroom planning for Expert Lenses; candidate preview only.,"No production data, no active promotion, no realized value claim.",datasets/tenant-inputs/candidates/skyharbor-air/rich-synthetic-2026-07-v3/16_expert_lenses.csv,2026-07-17,medium,incident response evidence requires owner validation; source is synthetic and candidate-only,SHA-16-00022,SHA-EVID-09622,SHA-16_EXPERT_LENSES-SRC-00022,16_expert_lenses,Expert Lenses,candidate,skyharbor-air-rich-standard-candidate-20260717,SHA-CANDIDATE-LOAD-20260717,2026-07-17T00:00:00.000Z,deterministic synthetic enterprise context generator,synthetic airline enterprise context generation,"This is planning-grade synthetic enterprise context. It is not real client production data, not PHI/PII/payment-card data, and not a claim of realized financial value."
skyharbor-air,Expert Lenses loyalty executive lens 023,Operations leader,What evidence must close before Crew disruption assistant or Finance and Procurement Spend Transparency advances?,SHA-EVID-09623; source row; owner; baseline; control status,Boardroom planning for Expert Lenses; candidate preview only.,"No production data, no active promotion, no realized value claim.",datasets/tenant-inputs/candidates/skyharbor-air/rich-synthetic-2026-07-v3/16_expert_lenses.csv,2026-07-17,medium,airport-local operating variation evidence requires owner validation; source is synthetic and candidate-only,SHA-16-00023,SHA-EVID-09623,SHA-16_EXPERT_LENSES-SRC-00023,16_expert_lenses,Expert Lenses,candidate,skyharbor-air-rich-standard-candidate-20260717,SHA-CANDIDATE-LOAD-20260717,2026-07-17T00:00:00.000Z,deterministic synthetic enterprise context generator,synthetic airline enterprise context generation,"This is planning-grade synthetic enterprise context. It is not real client production data, not PHI/PII/payment-card data, and not a claim of realized financial value."
skyharbor-air,Expert Lenses revenue management executive lens 024,Chief architect,What evidence must close before Maintenance troubleshooting assistant or IROPS Resilience and Recovery advances?,SHA-EVID-09624; source row; owner; baseline; control status,Boardroom planning for Expert Lenses; candidate preview only.,"No production data, no active promotion, no realized value claim.",datasets/tenant-inputs/candidates/skyharbor-air/rich-synthetic-2026-07-v3/16_expert_lenses.csv,2026-07-17,high,reservation-system dependency evidence requires owner validation; source is synthetic and candidate-only,SHA-16-00024,SHA-EVID-09624,SHA-16_EXPERT_LENSES-SRC-00024,16_expert_lenses,Expert Lenses,candidate_review,skyharbor-air-rich-standard-candidate-20260717,SHA-CANDIDATE-LOAD-20260717,2026-07-17T00:00:00.000Z,deterministic synthetic enterprise context generator,synthetic airline enterprise context generation,"This is planning-grade synthetic enterprise context. It is not real client production data, not PHI/PII/payment-card data, and not a claim of realized financial value."
skyharbor-air,Expert Lenses network planning executive lens 025,Application owner,What evidence must close before Contact center agent assist or Passenger Service Modernization advances?,SHA-EVID-09625; source row; owner; baseline; control status,Boardroom planning for Expert Lenses; candidate preview only.,"No production data, no active promotion, no realized value claim.",datasets/tenant-inputs/candidates/skyharbor-air/rich-synthetic-2026-07-v3/16_expert_lenses.csv,2026-07-17,high,cloud resilience evidence requires owner validation; source is synthetic and candidate-only,SHA-16-00025,SHA-EVID-09625,SHA-16_EXPERT_LENSES-SRC-00025,16_expert_lenses,Expert Lenses,candidate,skyharbor-air-rich-standard-candidate-20260717,SHA-CANDIDATE-LOAD-20260717,2026-07-17T00:00:00.000Z,deterministic synthetic enterprise context generator,synthetic airline enterprise context generation,"This is planning-grade synthetic enterprise context. It is not real client production data, not PHI/PII/payment-card data, and not a claim of realized financial value."
skyharbor-air,Expert Lenses crew scheduling executive lens 026,ITSM leader,What evidence must close before Passenger rebooking personalization or Loyalty Platform Modernization advances?,SHA-EVID-09626; source row; owner; baseline; control status,Boardroom planning for Expert Lenses; candidate preview only.,"No production data, no active promotion, no realized value claim.",datasets/tenant-inputs/candidates/skyharbor-air/rich-synthetic-2026-07-v3/16_expert_lenses.csv,2026-07-17,medium,safety criticality evidence requires owner validation; source is synthetic and candidate-only,SHA-16-00026,SHA-EVID-09626,SHA-16_EXPERT_LENSES-SRC-00026,16_expert_lenses,Expert Lenses,candidate,skyharbor-air-rich-standard-candidate-20260717,SHA-CANDIDATE-LOAD-20260717,2026-07-17T00:00:00.000Z,deterministic synthetic enterprise context generator,synthetic airline enterprise context generation,"This is planning-grade synthetic enterprise context. It is not real client production data, not PHI/PII/payment-card data, and not a claim of realized financial value."
skyharbor-air,Expert Lenses maintenance engineering executive lens 027,CEO,What evidence must close before Baggage recovery prediction or Crew Operations Optimization advances?,SHA-EVID-09627; source row; owner; baseline; control status,Boardroom planning for Expert Lenses; candidate preview only.,"No production data, no active promotion, no realized value claim.",datasets/tenant-inputs/candidates/skyharbor-air/rich-synthetic-2026-07-v3/16_expert_lenses.csv,2026-07-17,medium,operational resilience evidence requires owner validation; source is synthetic and candidate-only,SHA-16-00027,SHA-EVID-09627,SHA-16_EXPERT_LENSES-SRC-00027,16_expert_lenses,Expert Lenses,candidate,skyharbor-air-rich-standard-candidate-20260717,SHA-CANDIDATE-LOAD-20260717,2026-07-17T00:00:00.000Z,deterministic synthetic enterprise context generator,synthetic airline enterprise context generation,"This is planning-grade synthetic enterprise context. It is not real client production data, not PHI/PII/payment-card data, and not a claim of realized financial value."
skyharbor-air,Expert Lenses cargo operations executive lens 028,CFO,What evidence must close before Airport turnaround risk predictor or Maintenance Predictive Analytics Foundation advances?,SHA-EVID-09628; source row; owner; baseline; control status,Boardroom planning for Expert Lenses; candidate preview only.,"No production data, no active promotion, no realized value claim.",datasets/tenant-inputs/candidates/skyharbor-air/rich-synthetic-2026-07-v3/16_expert_lenses.csv,2026-07-17,high,crew and legal constraints evidence requires owner validation; source is synthetic and candidate-only,SHA-16-00028,SHA-EVID-09628,SHA-16_EXPERT_LENSES-SRC-00028,16_expert_lenses,Expert Lenses,candidate_review,skyharbor-air-rich-standard-candidate-20260717,SHA-CANDIDATE-LOAD-20260717,2026-07-17T00:00:00.000Z,deterministic synthetic enterprise context generator,synthetic airline enterprise context generation,"This is planning-grade synthetic enterprise context. It is not real client production data, not PHI/PII/payment-card data, and not a claim of realized financial value."
skyharbor-air,Expert Lenses digital ecommerce executive lens 029,COO,What evidence must close before Revenue management scenario assistant or Airport Turnaround Performance Program advances?,SHA-EVID-09629; source row; owner; baseline; control status,Boardroom planning for Expert Lenses; candidate preview only.,"No production data, no active promotion, no realized value claim.",datasets/tenant-inputs/candidates/skyharbor-air/rich-synthetic-2026-07-v3/16_expert_lenses.csv,2026-07-17,high,DOT customer obligations evidence requires owner validation; source is synthetic and candidate-only,SHA-16-00029,SHA-EVID-09629,SHA-16_EXPERT_LENSES-SRC-00029,16_expert_lenses,Expert Lenses,candidate,skyharbor-air-rich-standard-candidate-20260717,SHA-CANDIDATE-LOAD-20260717,2026-07-17T00:00:00.000Z,deterministic synthetic enterprise context generator,synthetic airline enterprise context generation,"This is planning-grade synthetic enterprise context. It is not real client production data, not PHI/PII/payment-card data, and not a claim of realized financial value."
skyharbor-air,Expert Lenses safety and security executive lens 030,CIO,What evidence must close before Loyalty next-best-action assistant or Data Platform and Lakehouse Foundation advances?,SHA-EVID-09630; source row; owner; baseline; control status,Boardroom planning for Expert Lenses; candidate preview only.,"No production data, no active promotion, no realized value claim.",datasets/tenant-inputs/candidates/skyharbor-air/rich-synthetic-2026-07-v3/16_expert_lenses.csv,2026-07-17,medium,data privacy evidence requires owner validation; source is synthetic and candidate-only,SHA-16-00030,SHA-EVID-09630,SHA-16_EXPERT_LENSES-SRC-00030,16_expert_lenses,Expert Lenses,candidate,skyharbor-air-rich-standard-candidate-20260717,SHA-CANDIDATE-LOAD-20260717,2026-07-17T00:00:00.000Z,deterministic synthetic enterprise context generator,synthetic airline enterprise context generation,"This is planning-grade synthetic enterprise context. It is not real client production data, not PHI/PII/payment-card data, and not a claim of realized financial value."
skyharbor-air,Expert Lenses finance executive lens 031,CTO,What evidence must close before Flight operations knowledge assistant or Contact Center Experience Transformation advances?,SHA-EVID-09631; source row; owner; baseline; control status,Boardroom planning for Expert Lenses; candidate preview only.,"No production data, no active promotion, no realized value claim.",datasets/tenant-inputs/candidates/skyharbor-air/rich-synthetic-2026-07-v3/16_expert_lenses.csv,2026-07-17,medium,PCI evidence requires owner validation; source is synthetic and candidate-only,SHA-16-00031,SHA-EVID-09631,SHA-16_EXPERT_LENSES-SRC-00031,16_expert_lenses,Expert Lenses,candidate,skyharbor-air-rich-standard-candidate-20260717,SHA-CANDIDATE-LOAD-20260717,2026-07-17T00:00:00.000Z,deterministic synthetic enterprise context generator,synthetic airline enterprise context generation,"This is planning-grade synthetic enterprise context. It is not real client production data, not PHI/PII/payment-card data, and not a claim of realized financial value."
skyharbor-air,Expert Lenses procurement executive lens 032,CDAO,What evidence must close before IT incident and change-risk copilot or Revenue Management Modernization advances?,SHA-EVID-09632; source row; owner; baseline; control status,Boardroom planning for Expert Lenses; candidate preview only.,"No production data, no active promotion, no realized value claim.",datasets/tenant-inputs/candidates/skyharbor-air/rich-synthetic-2026-07-v3/16_expert_lenses.csv,2026-07-17,high,cyber risk evidence requires owner validation; source is synthetic and candidate-only,SHA-16-00032,SHA-EVID-09632,SHA-16_EXPERT_LENSES-SRC-00032,16_expert_lenses,Expert Lenses,candidate_review,skyharbor-air-rich-standard-candidate-20260717,SHA-CANDIDATE-LOAD-20260717,2026-07-17T00:00:00.000Z,deterministic synthetic enterprise context generator,synthetic airline enterprise context generation,"This is planning-grade synthetic enterprise context. It is not real client production data, not PHI/PII/payment-card data, and not a claim of realized financial value."
skyharbor-air,Expert Lenses HR and workforce executive lens 033,CISO,What evidence must close before Procurement and vendor contract intelligence or Cloud Resilience and Cyber Program advances?,SHA-EVID-09633; source row; owner; baseline; control status,Boardroom planning for Expert Lenses; candidate preview only.,"No production data, no active promotion, no realized value claim.",datasets/tenant-inputs/candidates/skyharbor-air/rich-synthetic-2026-07-v3/16_expert_lenses.csv,2026-07-17,high,identity and access evidence requires owner validation; source is synthetic and candidate-only,SHA-16-00033,SHA-EVID-09633,SHA-16_EXPERT_LENSES-SRC-00033,16_expert_lenses,Expert Lenses,candidate,skyharbor-air-rich-standard-candidate-20260717,SHA-CANDIDATE-LOAD-20260717,2026-07-17T00:00:00.000Z,deterministic synthetic enterprise context generator,synthetic airline enterprise context generation,"This is planning-grade synthetic enterprise context. It is not real client production data, not PHI/PII/payment-card data, and not a claim of realized financial value."
skyharbor-air,Expert Lenses data and analytics executive lens 034,Chief compliance officer,What evidence must close before IROPS recovery copilot or Baggage Visibility and Recovery advances?,SHA-EVID-09634; source row; owner; baseline; control status,Boardroom planning for Expert Lenses; candidate preview only.,"No production data, no active promotion, no realized value claim.",datasets/tenant-inputs/candidates/skyharbor-air/rich-synthetic-2026-07-v3/16_expert_lenses.csv,2026-07-17,medium,vendor concentration evidence requires owner validation; source is synthetic and candidate-only,SHA-16-00034,SHA-EVID-09634,SHA-16_EXPERT_LENSES-SRC-00034,16_expert_lenses,Expert Lenses,candidate,skyharbor-air-rich-standard-candidate-20260717,SHA-CANDIDATE-LOAD-20260717,2026-07-17T00:00:00.000Z,deterministic synthetic enterprise context generator,synthetic airline enterprise context generation,"This is planning-grade synthetic enterprise context. It is not real client production data, not PHI/PII/payment-card data, and not a claim of realized financial value."
skyharbor-air,Expert Lenses platform engineering executive lens 035,Chief procurement officer,What evidence must close before Crew disruption assistant or Finance and Procurement Spend Transparency advances?,SHA-EVID-09635; source row; owner; baseline; control status,Boardroom planning for Expert Lenses; candidate preview only.,"No production data, no active promotion, no realized value claim.",datasets/tenant-inputs/candidates/skyharbor-air/rich-synthetic-2026-07-v3/16_expert_lenses.csv,2026-07-17,medium,model explainability evidence requires owner validation; source is synthetic and candidate-only,SHA-16-00035,SHA-EVID-09635,SHA-16_EXPERT_LENSES-SRC-00035,16_expert_lenses,Expert Lenses,candidate,skyharbor-air-rich-standard-candidate-20260717,SHA-CANDIDATE-LOAD-20260717,2026-07-17T00:00:00.000Z,deterministic synthetic enterprise context generator,synthetic airline enterprise context generation,"This is planning-grade synthetic enterprise context. It is not real client production data, not PHI/PII/payment-card data, and not a claim of realized financial value."
skyharbor-air,Expert Lenses baggage operations executive lens 036,Chief people officer,What evidence must close before Maintenance troubleshooting assistant or IROPS Resilience and Recovery advances?,SHA-EVID-09636; source row; owner; baseline; control status,Boardroom planning for Expert Lenses; candidate preview only.,"No production data, no active promotion, no realized value claim.",datasets/tenant-inputs/candidates/skyharbor-air/rich-synthetic-2026-07-v3/16_expert_lenses.csv,2026-07-17,high,human-in-the-loop operations evidence requires owner validation; source is synthetic and candidate-only,SHA-16-00036,SHA-EVID-09636,SHA-16_EXPERT_LENSES-SRC-00036,16_expert_lenses,Expert Lenses,candidate_review,skyharbor-air-rich-standard-candidate-20260717,SHA-CANDIDATE-LOAD-20260717,2026-07-17T00:00:00.000Z,deterministic synthetic enterprise context generator,synthetic airline enterprise context generation,"This is planning-grade synthetic enterprise context. It is not real client production data, not PHI/PII/payment-card data, and not a claim of realized financial value."
skyharbor-air,Expert Lenses flight operations executive lens 037,Transformation office lead,What evidence must close before Contact center agent assist or Passenger Service Modernization advances?,SHA-EVID-09637; source row; owner; baseline; control status,Boardroom planning for Expert Lenses; candidate preview only.,"No production data, no active promotion, no realized value claim.",datasets/tenant-inputs/candidates/skyharbor-air/rich-synthetic-2026-07-v3/16_expert_lenses.csv,2026-07-17,high,incident response evidence requires owner validation; source is synthetic and candidate-only,SHA-16-00037,SHA-EVID-09637,SHA-16_EXPERT_LENSES-SRC-00037,16_expert_lenses,Expert Lenses,candidate,skyharbor-air-rich-standard-candidate-20260717,SHA-CANDIDATE-LOAD-20260717,2026-07-17T00:00:00.000Z,deterministic synthetic enterprise context generator,synthetic airline enterprise context generation,"This is planning-grade synthetic enterprise context. It is not real client production data, not PHI/PII/payment-card data, and not a claim of realized financial value."
skyharbor-air,Expert Lenses operations control center executive lens 038,Experience leader,What evidence must close before Passenger rebooking personalization or Loyalty Platform Modernization advances?,SHA-EVID-09638; source row; owner; baseline; control status,Boardroom planning for Expert Lenses; candidate preview only.,"No production data, no active promotion, no realized value claim.",datasets/tenant-inputs/candidates/skyharbor-air/rich-synthetic-2026-07-v3/16_expert_lenses.csv,2026-07-17,medium,airport-local operating variation evidence requires owner validation; source is synthetic and candidate-only,SHA-16-00038,SHA-EVID-09638,SHA-16_EXPERT_LENSES-SRC-00038,16_expert_lenses,Expert Lenses,candidate,skyharbor-air-rich-standard-candidate-20260717,SHA-CANDIDATE-LOAD-20260717,2026-07-17T00:00:00.000Z,deterministic synthetic enterprise context generator,synthetic airline enterprise context generation,"This is planning-grade synthetic enterprise context. It is not real client production data, not PHI/PII/payment-card data, and not a claim of realized financial value."
skyharbor-air,Expert Lenses airport operations executive lens 039,Business unit president,What evidence must close before Baggage recovery prediction or Crew Operations Optimization advances?,SHA-EVID-09639; source row; owner; baseline; control status,Boardroom planning for Expert Lenses; candidate preview only.,"No production data, no active promotion, no realized value claim.",datasets/tenant-inputs/candidates/skyharbor-air/rich-synthetic-2026-07-v3/16_expert_lenses.csv,2026-07-17,medium,reservation-system dependency evidence requires owner validation; source is synthetic and candidate-only,SHA-16-00039,SHA-EVID-09639,SHA-16_EXPERT_LENSES-SRC-00039,16_expert_lenses,Expert Lenses,candidate,skyharbor-air-rich-standard-candidate-20260717,SHA-CANDIDATE-LOAD-20260717,2026-07-17T00:00:00.000Z,deterministic synthetic enterprise context generator,synthetic airline enterprise context generation,"This is planning-grade synthetic enterprise context. It is not real client production data, not PHI/PII/payment-card data, and not a claim of realized financial value."
skyharbor-air,Expert Lenses customer service executive lens 040,Contact center leader,What evidence must close before Airport turnaround risk predictor or Maintenance Predictive Analytics Foundation advances?,SHA-EVID-09640; source row; owner; baseline; control status,Boardroom planning for Expert Lenses; candidate preview only.,"No production data, no active promotion, no realized value claim.",datasets/tenant-inputs/candidates/skyharbor-air/rich-synthetic-2026-07-v3/16_expert_lenses.csv,2026-07-17,high,cloud resilience evidence requires owner validation; source is synthetic and candidate-only,SHA-16-00040,SHA-EVID-09640,SHA-16_EXPERT_LENSES-SRC-00040,16_expert_lenses,Expert Lenses,candidate_review,skyharbor-air-rich-standard-candidate-20260717,SHA-CANDIDATE-LOAD-20260717,2026-07-17T00:00:00.000Z,deterministic synthetic enterprise context generator,synthetic airline enterprise context generation,"This is planning-grade synthetic enterprise context. It is not real client production data, not PHI/PII/payment-card data, and not a claim of realized financial value."
skyharbor-air,Expert Lenses loyalty executive lens 041,Operations leader,What evidence must close before Revenue management scenario assistant or Airport Turnaround Performance Program advances?,SHA-EVID-09641; source row; owner; baseline; control status,Boardroom planning for Expert Lenses; candidate preview only.,"No production data, no active promotion, no realized value claim.",datasets/tenant-inputs/candidates/skyharbor-air/rich-synthetic-2026-07-v3/16_expert_lenses.csv,2026-07-17,high,safety criticality evidence requires owner validation; source is synthetic and candidate-only,SHA-16-00041,SHA-EVID-09641,SHA-16_EXPERT_LENSES-SRC-00041,16_expert_lenses,Expert Lenses,candidate,skyharbor-air-rich-standard-candidate-20260717,SHA-CANDIDATE-LOAD-20260717,2026-07-17T00:00:00.000Z,deterministic synthetic enterprise context generator,synthetic airline enterprise context generation,"This is planning-grade synthetic enterprise context. It is not real client production data, not PHI/PII/payment-card data, and not a claim of realized financial value."
skyharbor-air,Expert Lenses revenue management executive lens 042,Chief architect,What evidence must close before Loyalty next-best-action assistant or Data Platform and Lakehouse Foundation advances?,SHA-EVID-09642; source row; owner; baseline; control status,Boardroom planning for Expert Lenses; candidate preview only.,"No production data, no active promotion, no realized value claim.",datasets/tenant-inputs/candidates/skyharbor-air/rich-synthetic-2026-07-v3/16_expert_lenses.csv,2026-07-17,medium,operational resilience evidence requires owner validation; source is synthetic and candidate-only,SHA-16-00042,SHA-EVID-09642,SHA-16_EXPERT_LENSES-SRC-00042,16_expert_lenses,Expert Lenses,candidate,skyharbor-air-rich-standard-candidate-20260717,SHA-CANDIDATE-LOAD-20260717,2026-07-17T00:00:00.000Z,deterministic synthetic enterprise context generator,synthetic airline enterprise context generation,"This is planning-grade synthetic enterprise context. It is not real client production data, not PHI/PII/payment-card data, and not a claim of realized financial value."
skyharbor-air,Expert Lenses network planning executive lens 043,Application owner,What evidence must close before Flight operations knowledge assistant or Contact Center Experience Transformation advances?,SHA-EVID-09643; source row; owner; baseline; control status,Boardroom planning for Expert Lenses; candidate preview only.,"No production data, no active promotion, no realized value claim.",datasets/tenant-inputs/candidates/skyharbor-air/rich-synthetic-2026-07-v3/16_expert_lenses.csv,2026-07-17,medium,crew and legal constraints evidence requires owner validation; source is synthetic and candidate-only,SHA-16-00043,SHA-EVID-09643,SHA-16_EXPERT_LENSES-SRC-00043,16_expert_lenses,Expert Lenses,candidate,skyharbor-air-rich-standard-candidate-20260717,SHA-CANDIDATE-LOAD-20260717,2026-07-17T00:00:00.000Z,deterministic synthetic enterprise context generator,synthetic airline enterprise context generation,"This is planning-grade synthetic enterprise context. It is not real client production data, not PHI/PII/payment-card data, and not a claim of realized financial value."
skyharbor-air,Expert Lenses crew scheduling executive lens 044,ITSM leader,What evidence must close before IT incident and change-risk copilot or Revenue Management Modernization advances?,SHA-EVID-09644; source row; owner; baseline; control status,Boardroom planning for Expert Lenses; candidate preview only.,"No production data, no active promotion, no realized value claim.",datasets/tenant-inputs/candidates/skyharbor-air/rich-synthetic-2026-07-v3/16_expert_lenses.csv,2026-07-17,high,DOT customer obligations evidence requires owner validation; source is synthetic and candidate-only,SHA-16-00044,SHA-EVID-09644,SHA-16_EXPERT_LENSES-SRC-00044,16_expert_lenses,Expert Lenses,candidate_review,skyharbor-air-rich-standard-candidate-20260717,SHA-CANDIDATE-LOAD-20260717,2026-07-17T00:00:00.000Z,deterministic synthetic enterprise context generator,synthetic airline enterprise context generation,"This is planning-grade synthetic enterprise context. It is not real client production data, not PHI/PII/payment-card data, and not a claim of realized financial value."
skyharbor-air,Expert Lenses maintenance engineering executive lens 045,CEO,What evidence must close before Procurement and vendor contract intelligence or Cloud Resilience and Cyber Program advances?,SHA-EVID-09645; source row; owner; baseline; control status,Boardroom planning for Expert Lenses; candidate preview only.,"No production data, no active promotion, no realized value claim.",datasets/tenant-inputs/candidates/skyharbor-air/rich-synthetic-2026-07-v3/16_expert_lenses.csv,2026-07-17,high,data privacy evidence requires owner validation; source is synthetic and candidate-only,SHA-16-00045,SHA-EVID-09645,SHA-16_EXPERT_LENSES-SRC-00045,16_expert_lenses,Expert Lenses,candidate,skyharbor-air-rich-standard-candidate-20260717,SHA-CANDIDATE-LOAD-20260717,2026-07-17T00:00:00.000Z,deterministic synthetic enterprise context generator,synthetic airline enterprise context generation,"This is planning-grade synthetic enterprise context. It is not real client production data, not PHI/PII/payment-card data, and not a claim of realized financial value."
skyharbor-air,Expert Lenses cargo operations executive lens 046,CFO,What evidence must close before IROPS recovery copilot or Baggage Visibility and Recovery advances?,SHA-EVID-09646; source row; owner; baseline; control status,Boardroom planning for Expert Lenses; candidate preview only.,"No production data, no active promotion, no realized value claim.",datasets/tenant-inputs/candidates/skyharbor-air/rich-synthetic-2026-07-v3/16_expert_lenses.csv,2026-07-17,medium,PCI evidence requires owner validation; source is synthetic and candidate-only,SHA-16-00046,SHA-EVID-09646,SHA-16_EXPERT_LENSES-SRC-00046,16_expert_lenses,Expert Lenses,candidate,skyharbor-air-rich-standard-candidate-20260717,SHA-CANDIDATE-LOAD-20260717,2026-07-17T00:00:00.000Z,deterministic synthetic enterprise context generator,synthetic airline enterprise context generation,"This is planning-grade synthetic enterprise context. It is not real client production data, not PHI/PII/payment-card data, and not a claim of realized financial value."
skyharbor-air,Expert Lenses digital ecommerce executive lens 047,COO,What evidence must close before Crew disruption assistant or Finance and Procurement Spend Transparency advances?,SHA-EVID-09647; source row; owner; baseline; control status,Boardroom planning for Expert Lenses; candidate preview only.,"No production data, no active promotion, no realized value claim.",datasets/tenant-inputs/candidates/skyharbor-air/rich-synthetic-2026-07-v3/16_expert_lenses.csv,2026-07-17,medium,cyber risk evidence requires owner validation; source is synthetic and candidate-only,SHA-16-00047,SHA-EVID-09647,SHA-16_EXPERT_LENSES-SRC-00047,16_expert_lenses,Expert Lenses,candidate,skyharbor-air-rich-standard-candidate-20260717,SHA-CANDIDATE-LOAD-20260717,2026-07-17T00:00:00.000Z,deterministic synthetic enterprise context generator,synthetic airline enterprise context generation,"This is planning-grade synthetic enterprise context. It is not real client production data, not PHI/PII/payment-card data, and not a claim of realized financial value."
skyharbor-air,Expert Lenses safety and security executive lens 048,CIO,What evidence must close before Maintenance troubleshooting assistant or IROPS Resilience and Recovery advances?,SHA-EVID-09648; source row; owner; baseline; control status,Boardroom planning for Expert Lenses; candidate preview only.,"No production data, no active promotion, no realized value claim.",datasets/tenant-inputs/candidates/skyharbor-air/rich-synthetic-2026-07-v3/16_expert_lenses.csv,2026-07-17,high,identity and access evidence requires owner validation; source is synthetic and candidate-only,SHA-16-00048,SHA-EVID-09648,SHA-16_EXPERT_LENSES-SRC-00048,16_expert_lenses,Expert Lenses,candidate_review,skyharbor-air-rich-standard-candidate-20260717,SHA-CANDIDATE-LOAD-20260717,2026-07-17T00:00:00.000Z,deterministic synthetic enterprise context generator,synthetic airline enterprise context generation,"This is planning-grade synthetic enterprise context. It is not real client production data, not PHI/PII/payment-card data, and not a claim of realized financial value."
skyharbor-air,Expert Lenses finance executive lens 049,CTO,What evidence must close before Contact center agent assist or Passenger Service Modernization advances?,SHA-EVID-09649; source row; owner; baseline; control status,Boardroom planning for Expert Lenses; candidate preview only.,"No production data, no active promotion, no realized value claim.",datasets/tenant-inputs/candidates/skyharbor-air/rich-synthetic-2026-07-v3/16_expert_lenses.csv,2026-07-17,high,vendor concentration evidence requires owner validation; source is synthetic and candidate-only,SHA-16-00049,SHA-EVID-09649,SHA-16_EXPERT_LENSES-SRC-00049,16_expert_lenses,Expert Lenses,candidate,skyharbor-air-rich-standard-candidate-20260717,SHA-CANDIDATE-LOAD-20260717,2026-07-17T00:00:00.000Z,deterministic synthetic enterprise context generator,synthetic airline enterprise context generation,"This is planning-grade synthetic enterprise context. It is not real client production data, not PHI/PII/payment-card data, and not a claim of realized financial value."
skyharbor-air,Expert Lenses procurement executive lens 050,CDAO,What evidence must close before Passenger rebooking personalization or Loyalty Platform Modernization advances?,SHA-EVID-09650; source row; owner; baseline; control status,Boardroom planning for Expert Lenses; candidate preview only.,"No production data, no active promotion, no realized value claim.",datasets/tenant-inputs/candidates/skyharbor-air/rich-synthetic-2026-07-v3/16_expert_lenses.csv,2026-07-17,medium,model explainability evidence requires owner validation; source is synthetic and candidate-only,SHA-16-00050,SHA-EVID-09650,SHA-16_EXPERT_LENSES-SRC-00050,16_expert_lenses,Expert Lenses,candidate,skyharbor-air-rich-standard-candidate-20260717,SHA-CANDIDATE-LOAD-20260717,2026-07-17T00:00:00.000Z,deterministic synthetic enterprise context generator,synthetic airline enterprise context generation,"This is planning-grade synthetic enterprise context. It is not real client production data, not PHI/PII/payment-card data, and not a claim of realized financial value."
skyharbor-air,Expert Lenses HR and workforce executive lens 051,CISO,What evidence must close before Baggage recovery prediction or Crew Operations Optimization advances?,SHA-EVID-09651; source row; owner; baseline; control status,Boardroom planning for Expert Lenses; candidate preview only.,"No production data, no active promotion, no realized value claim.",datasets/tenant-inputs/candidates/skyharbor-air/rich-synthetic-2026-07-v3/16_expert_lenses.csv,2026-07-17,medium,human-in-the-loop operations evidence requires owner validation; source is synthetic and candidate-only,SHA-16-00051,SHA-EVID-09651,SHA-16_EXPERT_LENSES-SRC-00051,16_expert_lenses,Expert Lenses,candidate,skyharbor-air-rich-standard-candidate-20260717,SHA-CANDIDATE-LOAD-20260717,2026-07-17T00:00:00.000Z,deterministic synthetic enterprise context generator,synthetic airline enterprise context generation,"This is planning-grade synthetic enterprise context. It is not real client production data, not PHI/PII/payment-card data, and not a claim of realized financial value."
skyharbor-air,Expert Lenses data and analytics executive lens 052,Chief compliance officer,What evidence must close before Airport turnaround risk predictor or Maintenance Predictive Analytics Foundation advances?,SHA-EVID-09652; source row; owner; baseline; control status,Boardroom planning for Expert Lenses; candidate preview only.,"No production data, no active promotion, no realized value claim.",datasets/tenant-inputs/candidates/skyharbor-air/rich-synthetic-2026-07-v3/16_expert_lenses.csv,2026-07-17,high,incident response evidence requires owner validation; source is synthetic and candidate-only,SHA-16-00052,SHA-EVID-09652,SHA-16_EXPERT_LENSES-SRC-00052,16_expert_lenses,Expert Lenses,candidate_review,skyharbor-air-rich-standard-candidate-20260717,SHA-CANDIDATE-LOAD-20260717,2026-07-17T00:00:00.000Z,deterministic synthetic enterprise context generator,synthetic airline enterprise context generation,"This is planning-grade synthetic enterprise context. It is not real client production data, not PHI/PII/payment-card data, and not a claim of realized financial value."
skyharbor-air,Expert Lenses platform engineering executive lens 053,Chief procurement officer,What evidence must close before Revenue management scenario assistant or Airport Turnaround Performance Program advances?,SHA-EVID-09653; source row; owner; baseline; control status,Boardroom planning for Expert Lenses; candidate preview only.,"No production data, no active promotion, no realized value claim.",datasets/tenant-inputs/candidates/skyharbor-air/rich-synthetic-2026-07-v3/16_expert_lenses.csv,2026-07-17,high,airport-local operating variation evidence requires owner validation; source is synthetic and candidate-only,SHA-16-00053,SHA-EVID-09653,SHA-16_EXPERT_LENSES-SRC-00053,16_expert_lenses,Expert Lenses,candidate,skyharbor-air-rich-standard-candidate-20260717,SHA-CANDIDATE-LOAD-20260717,2026-07-17T00:00:00.000Z,deterministic synthetic enterprise context generator,synthetic airline enterprise context generation,"This is planning-grade synthetic enterprise context. It is not real client production data, not PHI/PII/payment-card data, and not a claim of realized financial value."
skyharbor-air,Expert Lenses baggage operations executive lens 054,Chief people officer,What evidence must close before Loyalty next-best-action assistant or Data Platform and Lakehouse Foundation advances?,SHA-EVID-09654; source row; owner; baseline; control status,Boardroom planning for Expert Lenses; candidate preview only.,"No production data, no active promotion, no realized value claim.",datasets/tenant-inputs/candidates/skyharbor-air/rich-synthetic-2026-07-v3/16_expert_lenses.csv,2026-07-17,medium,reservation-system dependency evidence requires owner validation; source is synthetic and candidate-only,SHA-16-00054,SHA-EVID-09654,SHA-16_EXPERT_LENSES-SRC-00054,16_expert_lenses,Expert Lenses,candidate,skyharbor-air-rich-standard-candidate-20260717,SHA-CANDIDATE-LOAD-20260717,2026-07-17T00:00:00.000Z,deterministic synthetic enterprise context generator,synthetic airline enterprise context generation,"This is planning-grade synthetic enterprise context. It is not real client production data, not PHI/PII/payment-card data, and not a claim of realized financial value."
skyharbor-air,Expert Lenses flight operations executive lens 055,Transformation office lead,What evidence must close before Flight operations knowledge assistant or Contact Center Experience Transformation advances?,SHA-EVID-09655; source row; owner; baseline; control status,Boardroom planning for Expert Lenses; candidate preview only.,"No production data, no active promotion, no realized value claim.",datasets/tenant-inputs/candidates/skyharbor-air/rich-synthetic-2026-07-v3/16_expert_lenses.csv,2026-07-17,medium,cloud resilience evidence requires owner validation; source is synthetic and candidate-only,SHA-16-00055,SHA-EVID-09655,SHA-16_EXPERT_LENSES-SRC-00055,16_expert_lenses,Expert Lenses,candidate,skyharbor-air-rich-standard-candidate-20260717,SHA-CANDIDATE-LOAD-20260717,2026-07-17T00:00:00.000Z,deterministic synthetic enterprise context generator,synthetic airline enterprise context generation,"This is planning-grade synthetic enterprise context. It is not real client production data, not PHI/PII/payment-card data, and not a claim of realized financial value."
skyharbor-air,Expert Lenses operations control center executive lens 056,Experience leader,What evidence must close before IT incident and change-risk copilot or Revenue Management Modernization advances?,SHA-EVID-09656; source row; owner; baseline; control status,Boardroom planning for Expert Lenses; candidate preview only.,"No production data, no active promotion, no realized value claim.",datasets/tenant-inputs/candidates/skyharbor-air/rich-synthetic-2026-07-v3/16_expert_lenses.csv,2026-07-17,high,safety criticality evidence requires owner validation; source is synthetic and candidate-only,SHA-16-00056,SHA-EVID-09656,SHA-16_EXPERT_LENSES-SRC-00056,16_expert_lenses,Expert Lenses,candidate_review,skyharbor-air-rich-standard-candidate-20260717,SHA-CANDIDATE-LOAD-20260717,2026-07-17T00:00:00.000Z,deterministic synthetic enterprise context generator,synthetic airline enterprise context generation,"This is planning-grade synthetic enterprise context. It is not real client production data, not PHI/PII/payment-card data, and not a claim of realized financial value."
skyharbor-air,Expert Lenses airport operations executive lens 057,Business unit president,What evidence must close before Procurement and vendor contract intelligence or Cloud Resilience and Cyber Program advances?,SHA-EVID-09657; source row; owner; baseline; control status,Boardroom planning for Expert Lenses; candidate preview only.,"No production data, no active promotion, no realized value claim.",datasets/tenant-inputs/candidates/skyharbor-air/rich-synthetic-2026-07-v3/16_expert_lenses.csv,2026-07-17,high,operational resilience evidence requires owner validation; source is synthetic and candidate-only,SHA-16-00057,SHA-EVID-09657,SHA-16_EXPERT_LENSES-SRC-00057,16_expert_lenses,Expert Lenses,candidate,skyharbor-air-rich-standard-candidate-20260717,SHA-CANDIDATE-LOAD-20260717,2026-07-17T00:00:00.000Z,deterministic synthetic enterprise context generator,synthetic airline enterprise context generation,"This is planning-grade synthetic enterprise context. It is not real client production data, not PHI/PII/payment-card data, and not a claim of realized financial value."
skyharbor-air,Expert Lenses customer service executive lens 058,Contact center leader,What evidence must close before IROPS recovery copilot or Baggage Visibility and Recovery advances?,SHA-EVID-09658; source row; owner; baseline; control status,Boardroom planning for Expert Lenses; candidate preview only.,"No production data, no active promotion, no realized value claim.",datasets/tenant-inputs/candidates/skyharbor-air/rich-synthetic-2026-07-v3/16_expert_lenses.csv,2026-07-17,medium,crew and legal constraints evidence requires owner validation; source is synthetic and candidate-only,SHA-16-00058,SHA-EVID-09658,SHA-16_EXPERT_LENSES-SRC-00058,16_expert_lenses,Expert Lenses,candidate,skyharbor-air-rich-standard-candidate-20260717,SHA-CANDIDATE-LOAD-20260717,2026-07-17T00:00:00.000Z,deterministic synthetic enterprise context generator,synthetic airline enterprise context generation,"This is planning-grade synthetic enterprise context. It is not real client production data, not PHI/PII/payment-card data, and not a claim of realized financial value."
skyharbor-air,Expert Lenses loyalty executive lens 059,Operations leader,What evidence must close before Crew disruption assistant or Finance and Procurement Spend Transparency advances?,SHA-EVID-09659; source row; owner; baseline; control status,Boardroom planning for Expert Lenses; candidate preview only.,"No production data, no active promotion, no realized value claim.",datasets/tenant-inputs/candidates/skyharbor-air/rich-synthetic-2026-07-v3/16_expert_lenses.csv,2026-07-17,medium,DOT customer obligations evidence requires owner validation; source is synthetic and candidate-only,SHA-16-00059,SHA-EVID-09659,SHA-16_EXPERT_LENSES-SRC-00059,16_expert_lenses,Expert Lenses,candidate,skyharbor-air-rich-standard-candidate-20260717,SHA-CANDIDATE-LOAD-20260717,2026-07-17T00:00:00.000Z,deterministic synthetic enterprise context generator,synthetic airline enterprise context generation,"This is planning-grade synthetic enterprise context. It is not real client production data, not PHI/PII/payment-card data, and not a claim of realized financial value."
skyharbor-air,Expert Lenses revenue management executive lens 060,Chief architect,What evidence must close before Maintenance troubleshooting assistant or IROPS Resilience and Recovery advances?,SHA-EVID-09660; source row; owner; baseline; control status,Boardroom planning for Expert Lenses; candidate preview only.,"No production data, no active promotion, no realized value claim.",datasets/tenant-inputs/candidates/skyharbor-air/rich-synthetic-2026-07-v3/16_expert_lenses.csv,2026-07-17,high,data privacy evidence requires owner validation; source is synthetic and candidate-only,SHA-16-00060,SHA-EVID-09660,SHA-16_EXPERT_LENSES-SRC-00060,16_expert_lenses,Expert Lenses,candidate_review,skyharbor-air-rich-standard-candidate-20260717,SHA-CANDIDATE-LOAD-20260717,2026-07-17T00:00:00.000Z,deterministic synthetic enterprise context generator,synthetic airline enterprise context generation,"This is planning-grade synthetic enterprise context. It is not real client production data, not PHI/PII/payment-card data, and not a claim of realized financial value."
skyharbor-air,Expert Lenses network planning executive lens 061,Application owner,What evidence must close before Contact center agent assist or Passenger Service Modernization advances?,SHA-EVID-09661; source row; owner; baseline; control status,Boardroom planning for Expert Lenses; candidate preview only.,"No production data, no active promotion, no realized value claim.",datasets/tenant-inputs/candidates/skyharbor-air/rich-synthetic-2026-07-v3/16_expert_lenses.csv,2026-07-17,high,PCI evidence requires owner validation; source is synthetic and candidate-only,SHA-16-00061,SHA-EVID-09661,SHA-16_EXPERT_LENSES-SRC-00061,16_expert_lenses,Expert Lenses,candidate,skyharbor-air-rich-standard-candidate-20260717,SHA-CANDIDATE-LOAD-20260717,2026-07-17T00:00:00.000Z,deterministic synthetic enterprise context generator,synthetic airline enterprise context generation,"This is planning-grade synthetic enterprise context. It is not real client production data, not PHI/PII/payment-card data, and not a claim of realized financial value."
skyharbor-air,Expert Lenses crew scheduling executive lens 062,ITSM leader,What evidence must close before Passenger rebooking personalization or Loyalty Platform Modernization advances?,SHA-EVID-09662; source row; owner; baseline; control status,Boardroom planning for Expert Lenses; candidate preview only.,"No production data, no active promotion, no realized value claim.",datasets/tenant-inputs/candidates/skyharbor-air/rich-synthetic-2026-07-v3/16_expert_lenses.csv,2026-07-17,medium,cyber risk evidence requires owner validation; source is synthetic and candidate-only,SHA-16-00062,SHA-EVID-09662,SHA-16_EXPERT_LENSES-SRC-00062,16_expert_lenses,Expert Lenses,candidate,skyharbor-air-rich-standard-candidate-20260717,SHA-CANDIDATE-LOAD-20260717,2026-07-17T00:00:00.000Z,deterministic synthetic enterprise context generator,synthetic airline enterprise context generation,"This is planning-grade synthetic enterprise context. It is not real client production data, not PHI/PII/payment-card data, and not a claim of realized financial value."
skyharbor-air,Expert Lenses maintenance engineering executive lens 063,CEO,What evidence must close before Baggage recovery prediction or Crew Operations Optimization advances?,SHA-EVID-09663; source row; owner; baseline; control status,Boardroom planning for Expert Lenses; candidate preview only.,"No production data, no active promotion, no realized value claim.",datasets/tenant-inputs/candidates/skyharbor-air/rich-synthetic-2026-07-v3/16_expert_lenses.csv,2026-07-17,medium,identity and access evidence requires owner validation; source is synthetic and candidate-only,SHA-16-00063,SHA-EVID-09663,SHA-16_EXPERT_LENSES-SRC-00063,16_expert_lenses,Expert Lenses,candidate,skyharbor-air-rich-standard-candidate-20260717,SHA-CANDIDATE-LOAD-20260717,2026-07-17T00:00:00.000Z,deterministic synthetic enterprise context generator,synthetic airline enterprise context generation,"This is planning-grade synthetic enterprise context. It is not real client production data, not PHI/PII/payment-card data, and not a claim of realized financial value."
skyharbor-air,Expert Lenses cargo operations executive lens 064,CFO,What evidence must close before Airport turnaround risk predictor or Maintenance Predictive Analytics Foundation advances?,SHA-EVID-09664; source row; owner; baseline; control status,Boardroom planning for Expert Lenses; candidate preview only.,"No production data, no active promotion, no realized value claim.",datasets/tenant-inputs/candidates/skyharbor-air/rich-synthetic-2026-07-v3/16_expert_lenses.csv,2026-07-17,high,vendor concentration evidence requires owner validation; source is synthetic and candidate-only,SHA-16-00064,SHA-EVID-09664,SHA-16_EXPERT_LENSES-SRC-00064,16_expert_lenses,Expert Lenses,candidate_review,skyharbor-air-rich-standard-candidate-20260717,SHA-CANDIDATE-LOAD-20260717,2026-07-17T00:00:00.000Z,deterministic synthetic enterprise context generator,synthetic airline enterprise context generation,"This is planning-grade synthetic enterprise context. It is not real client production data, not PHI/PII/payment-card data, and not a claim of realized financial value."
skyharbor-air,Expert Lenses digital ecommerce executive lens 065,COO,What evidence must close before Revenue management scenario assistant or Airport Turnaround Performance Program advances?,SHA-EVID-09665; source row; owner; baseline; control status,Boardroom planning for Expert Lenses; candidate preview only.,"No production data, no active promotion, no realized value claim.",datasets/tenant-inputs/candidates/skyharbor-air/rich-synthetic-2026-07-v3/16_expert_lenses.csv,2026-07-17,high,model explainability evidence requires owner validation; source is synthetic and candidate-only,SHA-16-00065,SHA-EVID-09665,SHA-16_EXPERT_LENSES-SRC-00065,16_expert_lenses,Expert Lenses,candidate,skyharbor-air-rich-standard-candidate-20260717,SHA-CANDIDATE-LOAD-20260717,2026-07-17T00:00:00.000Z,deterministic synthetic enterprise context generator,synthetic airline enterprise context generation,"This is planning-grade synthetic enterprise context. It is not real client production data, not PHI/PII/payment-card data, and not a claim of realized financial value."
skyharbor-air,Expert Lenses safety and security executive lens 066,CIO,What evidence must close before Loyalty next-best-action assistant or Data Platform and Lakehouse Foundation advances?,SHA-EVID-09666; source row; owner; baseline; control status,Boardroom planning for Expert Lenses; candidate preview only.,"No production data, no active promotion, no realized value claim.",datasets/tenant-inputs/candidates/skyharbor-air/rich-synthetic-2026-07-v3/16_expert_lenses.csv,2026-07-17,medium,human-in-the-loop operations evidence requires owner validation; source is synthetic and candidate-only,SHA-16-00066,SHA-EVID-09666,SHA-16_EXPERT_LENSES-SRC-00066,16_expert_lenses,Expert Lenses,candidate,skyharbor-air-rich-standard-candidate-20260717,SHA-CANDIDATE-LOAD-20260717,2026-07-17T00:00:00.000Z,deterministic synthetic enterprise context generator,synthetic airline enterprise context generation,"This is planning-grade synthetic enterprise context. It is not real client production data, not PHI/PII/payment-card data, and not a claim of realized financial value."
skyharbor-air,Expert Lenses finance executive lens 067,CTO,What evidence must close before Flight operations knowledge assistant or Contact Center Experience Transformation advances?,SHA-EVID-09667; source row; owner; baseline; control status,Boardroom planning for Expert Lenses; candidate preview only.,"No production data, no active promotion, no realized value claim.",datasets/tenant-inputs/candidates/skyharbor-air/rich-synthetic-2026-07-v3/16_expert_lenses.csv,2026-07-17,medium,incident response evidence requires owner validation; source is synthetic and candidate-only,SHA-16-00067,SHA-EVID-09667,SHA-16_EXPERT_LENSES-SRC-00067,16_expert_lenses,Expert Lenses,candidate,skyharbor-air-rich-standard-candidate-20260717,SHA-CANDIDATE-LOAD-20260717,2026-07-17T00:00:00.000Z,deterministic synthetic enterprise context generator,synthetic airline enterprise context generation,"This is planning-grade synthetic enterprise context. It is not real client production data, not PHI/PII/payment-card data, and not a claim of realized financial value."
skyharbor-air,Expert Lenses procurement executive lens 068,CDAO,What evidence must close before IT incident and change-risk copilot or Revenue Management Modernization advances?,SHA-EVID-09668; source row; owner; baseline; control status,Boardroom planning for Expert Lenses; candidate preview only.,"No production data, no active promotion, no realized value claim.",datasets/tenant-inputs/candidates/skyharbor-air/rich-synthetic-2026-07-v3/16_expert_lenses.csv,2026-07-17,high,airport-local operating variation evidence requires owner validation; source is synthetic and candidate-only,SHA-16-00068,SHA-EVID-09668,SHA-16_EXPERT_LENSES-SRC-00068,16_expert_lenses,Expert Lenses,candidate_review,skyharbor-air-rich-standard-candidate-20260717,SHA-CANDIDATE-LOAD-20260717,2026-07-17T00:00:00.000Z,deterministic synthetic enterprise context generator,synthetic airline enterprise context generation,"This is planning-grade synthetic enterprise context. It is not real client production data, not PHI/PII/payment-card data, and not a claim of realized financial value."
skyharbor-air,Expert Lenses HR and workforce executive lens 069,CISO,What evidence must close before Procurement and vendor contract intelligence or Cloud Resilience and Cyber Program advances?,SHA-EVID-09669; source row; owner; baseline; control status,Boardroom planning for Expert Lenses; candidate preview only.,"No production data, no active promotion, no realized value claim.",datasets/tenant-inputs/candidates/skyharbor-air/rich-synthetic-2026-07-v3/16_expert_lenses.csv,2026-07-17,high,reservation-system dependency evidence requires owner validation; source is synthetic and candidate-only,SHA-16-00069,SHA-EVID-09669,SHA-16_EXPERT_LENSES-SRC-00069,16_expert_lenses,Expert Lenses,candidate,skyharbor-air-rich-standard-candidate-20260717,SHA-CANDIDATE-LOAD-20260717,2026-07-17T00:00:00.000Z,deterministic synthetic enterprise context generator,synthetic airline enterprise context generation,"This is planning-grade synthetic enterprise context. It is not real client production data, not PHI/PII/payment-card data, and not a claim of realized financial value."
skyharbor-air,Expert Lenses data and analytics executive lens 070,Chief compliance officer,What evidence must close before IROPS recovery copilot or Baggage Visibility and Recovery advances?,SHA-EVID-09670; source row; owner; baseline; control status,Boardroom planning for Expert Lenses; candidate preview only.,"No production data, no active promotion, no realized value claim.",datasets/tenant-inputs/candidates/skyharbor-air/rich-synthetic-2026-07-v3/16_expert_lenses.csv,2026-07-17,medium,cloud resilience evidence requires owner validation; source is synthetic and candidate-only,SHA-16-00070,SHA-EVID-09670,SHA-16_EXPERT_LENSES-SRC-00070,16_expert_lenses,Expert Lenses,candidate,skyharbor-air-rich-standard-candidate-20260717,SHA-CANDIDATE-LOAD-20260717,2026-07-17T00:00:00.000Z,deterministic synthetic enterprise context generator,synthetic airline enterprise context generation,"This is planning-grade synthetic enterprise context. It is not real client production data, not PHI/PII/payment-card data, and not a claim of realized financial value."
skyharbor-air,Expert Lenses platform engineering executive lens 071,Chief procurement officer,What evidence must close before Crew disruption assistant or Finance and Procurement Spend Transparency advances?,SHA-EVID-09671; source row; owner; baseline; control status,Boardroom planning for Expert Lenses; candidate preview only.,"No production data, no active promotion, no realized value claim.",datasets/tenant-inputs/candidates/skyharbor-air/rich-synthetic-2026-07-v3/16_expert_lenses.csv,2026-07-17,medium,safety criticality evidence requires owner validation; source is synthetic and candidate-only,SHA-16-00071,SHA-EVID-09671,SHA-16_EXPERT_LENSES-SRC-00071,16_expert_lenses,Expert Lenses,candidate,skyharbor-air-rich-standard-candidate-20260717,SHA-CANDIDATE-LOAD-20260717,2026-07-17T00:00:00.000Z,deterministic synthetic enterprise context generator,synthetic airline enterprise context generation,"This is planning-grade synthetic enterprise context. It is not real client production data, not PHI/PII/payment-card data, and not a claim of realized financial value."
skyharbor-air,Expert Lenses baggage operations executive lens 072,Chief people officer,What evidence must close before Maintenance troubleshooting assistant or IROPS Resilience and Recovery advances?,SHA-EVID-09672; source row; owner; baseline; control status,Boardroom planning for Expert Lenses; candidate preview only.,"No production data, no active promotion, no realized value claim.",datasets/tenant-inputs/candidates/skyharbor-air/rich-synthetic-2026-07-v3/16_expert_lenses.csv,2026-07-17,high,operational resilience evidence requires owner validation; source is synthetic and candidate-only,SHA-16-00072,SHA-EVID-09672,SHA-16_EXPERT_LENSES-SRC-00072,16_expert_lenses,Expert Lenses,candidate_review,skyharbor-air-rich-standard-candidate-20260717,SHA-CANDIDATE-LOAD-20260717,2026-07-17T00:00:00.000Z,deterministic synthetic enterprise context generator,synthetic airline enterprise context generation,"This is planning-grade synthetic enterprise context. It is not real client production data, not PHI/PII/payment-card data, and not a claim of realized financial value."
skyharbor-air,Expert Lenses flight operations executive lens 073,Transformation office lead,What evidence must close before Contact center agent assist or Passenger Service Modernization advances?,SHA-EVID-09673; source row; owner; baseline; control status,Boardroom planning for Expert Lenses; candidate preview only.,"No production data, no active promotion, no realized value claim.",datasets/tenant-inputs/candidates/skyharbor-air/rich-synthetic-2026-07-v3/16_expert_lenses.csv,2026-07-17,high,crew and legal constraints evidence requires owner validation; source is synthetic and candidate-only,SHA-16-00073,SHA-EVID-09673,SHA-16_EXPERT_LENSES-SRC-00073,16_expert_lenses,Expert Lenses,candidate,skyharbor-air-rich-standard-candidate-20260717,SHA-CANDIDATE-LOAD-20260717,2026-07-17T00:00:00.000Z,deterministic synthetic enterprise context generator,synthetic airline enterprise context generation,"This is planning-grade synthetic enterprise context. It is not real client production data, not PHI/PII/payment-card data, and not a claim of realized financial value."
skyharbor-air,Expert Lenses operations control center executive lens 074,Experience leader,What evidence must close before Passenger rebooking personalization or Loyalty Platform Modernization advances?,SHA-EVID-09674; source row; owner; baseline; control status,Boardroom planning for Expert Lenses; candidate preview only.,"No production data, no active promotion, no realized value claim.",datasets/tenant-inputs/candidates/skyharbor-air/rich-synthetic-2026-07-v3/16_expert_lenses.csv,2026-07-17,medium,DOT customer obligations evidence requires owner validation; source is synthetic and candidate-only,SHA-16-00074,SHA-EVID-09674,SHA-16_EXPERT_LENSES-SRC-00074,16_expert_lenses,Expert Lenses,candidate,skyharbor-air-rich-standard-candidate-20260717,SHA-CANDIDATE-LOAD-20260717,2026-07-17T00:00:00.000Z,deterministic synthetic enterprise context generator,synthetic airline enterprise context generation,"This is planning-grade synthetic enterprise context. It is not real client production data, not PHI/PII/payment-card data, and not a claim of realized financial value."
skyharbor-air,Expert Lenses airport operations executive lens 075,Business unit president,What evidence must close before Baggage recovery prediction or Crew Operations Optimization advances?,SHA-EVID-09675; source row; owner; baseline; control status,Boardroom planning for Expert Lenses; candidate preview only.,"No production data, no active promotion, no realized value claim.",datasets/tenant-inputs/candidates/skyharbor-air/rich-synthetic-2026-07-v3/16_expert_lenses.csv,2026-07-17,medium,data privacy evidence requires owner validation; source is synthetic and candidate-only,SHA-16-00075,SHA-EVID-09675,SHA-16_EXPERT_LENSES-SRC-00075,16_expert_lenses,Expert Lenses,candidate,skyharbor-air-rich-standard-candidate-20260717,SHA-CANDIDATE-LOAD-20260717,2026-07-17T00:00:00.000Z,deterministic synthetic enterprise context generator,synthetic airline enterprise context generation,"This is planning-grade synthetic enterprise context. It is not real client production data, not PHI/PII/payment-card data, and not a claim of realized financial value."
skyharbor-air,Expert Lenses customer service executive lens 076,Contact center leader,What evidence must close before Airport turnaround risk predictor or Maintenance Predictive Analytics Foundation advances?,SHA-EVID-09676; source row; owner; baseline; control status,Boardroom planning for Expert Lenses; candidate preview only.,"No production data, no active promotion, no realized value claim.",datasets/tenant-inputs/candidates/skyharbor-air/rich-synthetic-2026-07-v3/16_expert_lenses.csv,2026-07-17,high,PCI evidence requires owner validation; source is synthetic and candidate-only,SHA-16-00076,SHA-EVID-09676,SHA-16_EXPERT_LENSES-SRC-00076,16_expert_lenses,Expert Lenses,candidate_review,skyharbor-air-rich-standard-candidate-20260717,SHA-CANDIDATE-LOAD-20260717,2026-07-17T00:00:00.000Z,deterministic synthetic enterprise context generator,synthetic airline enterprise context generation,"This is planning-grade synthetic enterprise context. It is not real client production data, not PHI/PII/payment-card data, and not a claim of realized financial value."
skyharbor-air,Expert Lenses loyalty executive lens 077,Operations leader,What evidence must close before Revenue management scenario assistant or Airport Turnaround Performance Program advances?,SHA-EVID-09677; source row; owner; baseline; control status,Boardroom planning for Expert Lenses; candidate preview only.,"No production data, no active promotion, no realized value claim.",datasets/tenant-inputs/candidates/skyharbor-air/rich-synthetic-2026-07-v3/16_expert_lenses.csv,2026-07-17,high,cyber risk evidence requires owner validation; source is synthetic and candidate-only,SHA-16-00077,SHA-EVID-09677,SHA-16_EXPERT_LENSES-SRC-00077,16_expert_lenses,Expert Lenses,candidate,skyharbor-air-rich-standard-candidate-20260717,SHA-CANDIDATE-LOAD-20260717,2026-07-17T00:00:00.000Z,deterministic synthetic enterprise context generator,synthetic airline enterprise context generation,"This is planning-grade synthetic enterprise context. It is not real client production data, not PHI/PII/payment-card data, and not a claim of realized financial value."
skyharbor-air,Expert Lenses revenue management executive lens 078,Chief architect,What evidence must close before Loyalty next-best-action assistant or Data Platform and Lakehouse Foundation advances?,SHA-EVID-09678; source row; owner; baseline; control status,Boardroom planning for Expert Lenses; candidate preview only.,"No production data, no active promotion, no realized value claim.",datasets/tenant-inputs/candidates/skyharbor-air/rich-synthetic-2026-07-v3/16_expert_lenses.csv,2026-07-17,medium,identity and access evidence requires owner validation; source is synthetic and candidate-only,SHA-16-00078,SHA-EVID-09678,SHA-16_EXPERT_LENSES-SRC-00078,16_expert_lenses,Expert Lenses,candidate,skyharbor-air-rich-standard-candidate-20260717,SHA-CANDIDATE-LOAD-20260717,2026-07-17T00:00:00.000Z,deterministic synthetic enterprise context generator,synthetic airline enterprise context generation,"This is planning-grade synthetic enterprise context. It is not real client production data, not PHI/PII/payment-card data, and not a claim of realized financial value."
skyharbor-air,Expert Lenses network planning executive lens 079,Application owner,What evidence must close before Flight operations knowledge assistant or Contact Center Experience Transformation advances?,SHA-EVID-09679; source row; owner; baseline; control status,Boardroom planning for Expert Lenses; candidate preview only.,"No production data, no active promotion, no realized value claim.",datasets/tenant-inputs/candidates/skyharbor-air/rich-synthetic-2026-07-v3/16_expert_lenses.csv,2026-07-17,medium,vendor concentration evidence requires owner validation; source is synthetic and candidate-only,SHA-16-00079,SHA-EVID-09679,SHA-16_EXPERT_LENSES-SRC-00079,16_expert_lenses,Expert Lenses,candidate,skyharbor-air-rich-standard-candidate-20260717,SHA-CANDIDATE-LOAD-20260717,2026-07-17T00:00:00.000Z,deterministic synthetic enterprise context generator,synthetic airline enterprise context generation,"This is planning-grade synthetic enterprise context. It is not real client production data, not PHI/PII/payment-card data, and not a claim of realized financial value."
skyharbor-air,Expert Lenses crew scheduling executive lens 080,ITSM leader,What evidence must close before IT incident and change-risk copilot or Revenue Management Modernization advances?,SHA-EVID-09680; source row; owner; baseline; control status,Boardroom planning for Expert Lenses; candidate preview only.,"No production data, no active promotion, no realized value claim.",datasets/tenant-inputs/candidates/skyharbor-air/rich-synthetic-2026-07-v3/16_expert_lenses.csv,2026-07-17,high,model explainability evidence requires owner validation; source is synthetic and candidate-only,SHA-16-00080,SHA-EVID-09680,SHA-16_EXPERT_LENSES-SRC-00080,16_expert_lenses,Expert Lenses,candidate_review,skyharbor-air-rich-standard-candidate-20260717,SHA-CANDIDATE-LOAD-20260717,2026-07-17T00:00:00.000Z,deterministic synthetic enterprise context generator,synthetic airline enterprise context generation,"This is planning-grade synthetic enterprise context. It is not real client production data, not PHI/PII/payment-card data, and not a claim of realized financial value."
skyharbor-air,Expert Lenses maintenance engineering executive lens 081,CEO,What evidence must close before Procurement and vendor contract intelligence or Cloud Resilience and Cyber Program advances?,SHA-EVID-09681; source row; owner; baseline; control status,Boardroom planning for Expert Lenses; candidate preview only.,"No production data, no active promotion, no realized value claim.",datasets/tenant-inputs/candidates/skyharbor-air/rich-synthetic-2026-07-v3/16_expert_lenses.csv,2026-07-17,high,human-in-the-loop operations evidence requires owner validation; source is synthetic and candidate-only,SHA-16-00081,SHA-EVID-09681,SHA-16_EXPERT_LENSES-SRC-00081,16_expert_lenses,Expert Lenses,candidate,skyharbor-air-rich-standard-candidate-20260717,SHA-CANDIDATE-LOAD-20260717,2026-07-17T00:00:00.000Z,deterministic synthetic enterprise context generator,synthetic airline enterprise context generation,"This is planning-grade synthetic enterprise context. It is not real client production data, not PHI/PII/payment-card data, and not a claim of realized financial value."
skyharbor-air,Expert Lenses cargo operations executive lens 082,CFO,What evidence must close before IROPS recovery copilot or Baggage Visibility and Recovery advances?,SHA-EVID-09682; source row; owner; baseline; control status,Boardroom planning for Expert Lenses; candidate preview only.,"No production data, no active promotion, no realized value claim.",datasets/tenant-inputs/candidates/skyharbor-air/rich-synthetic-2026-07-v3/16_expert_lenses.csv,2026-07-17,medium,incident response evidence requires owner validation; source is synthetic and candidate-only,SHA-16-00082,SHA-EVID-09682,SHA-16_EXPERT_LENSES-SRC-00082,16_expert_lenses,Expert Lenses,candidate,skyharbor-air-rich-standard-candidate-20260717,SHA-CANDIDATE-LOAD-20260717,2026-07-17T00:00:00.000Z,deterministic synthetic enterprise context generator,synthetic airline enterprise context generation,"This is planning-grade synthetic enterprise context. It is not real client production data, not PHI/PII/payment-card data, and not a claim of realized financial value."
skyharbor-air,Expert Lenses digital ecommerce executive lens 083,COO,What evidence must close before Crew disruption assistant or Finance and Procurement Spend Transparency advances?,SHA-EVID-09683; source row; owner; baseline; control status,Boardroom planning for Expert Lenses; candidate preview only.,"No production data, no active promotion, no realized value claim.",datasets/tenant-inputs/candidates/skyharbor-air/rich-synthetic-2026-07-v3/16_expert_lenses.csv,2026-07-17,medium,airport-local operating variation evidence requires owner validation; source is synthetic and candidate-only,SHA-16-00083,SHA-EVID-09683,SHA-16_EXPERT_LENSES-SRC-00083,16_expert_lenses,Expert Lenses,candidate,skyharbor-air-rich-standard-candidate-20260717,SHA-CANDIDATE-LOAD-20260717,2026-07-17T00:00:00.000Z,deterministic synthetic enterprise context generator,synthetic airline enterprise context generation,"This is planning-grade synthetic enterprise context. It is not real client production data, not PHI/PII/payment-card data, and not a claim of realized financial value."
skyharbor-air,Expert Lenses safety and security executive lens 084,CIO,What evidence must close before Maintenance troubleshooting assistant or IROPS Resilience and Recovery advances?,SHA-EVID-09684; source row; owner; baseline; control status,Boardroom planning for Expert Lenses; candidate preview only.,"No production data, no active promotion, no realized value claim.",datasets/tenant-inputs/candidates/skyharbor-air/rich-synthetic-2026-07-v3/16_expert_lenses.csv,2026-07-17,high,reservation-system dependency evidence requires owner validation; source is synthetic and candidate-only,SHA-16-00084,SHA-EVID-09684,SHA-16_EXPERT_LENSES-SRC-00084,16_expert_lenses,Expert Lenses,candidate_review,skyharbor-air-rich-standard-candidate-20260717,SHA-CANDIDATE-LOAD-20260717,2026-07-17T00:00:00.000Z,deterministic synthetic enterprise context generator,synthetic airline enterprise context generation,"This is planning-grade synthetic enterprise context. It is not real client production data, not PHI/PII/payment-card data, and not a claim of realized financial value."
skyharbor-air,Expert Lenses finance executive lens 085,CTO,What evidence must close before Contact center agent assist or Passenger Service Modernization advances?,SHA-EVID-09685; source row; owner; baseline; control status,Boardroom planning for Expert Lenses; candidate preview only.,"No production data, no active promotion, no realized value claim.",datasets/tenant-inputs/candidates/skyharbor-air/rich-synthetic-2026-07-v3/16_expert_lenses.csv,2026-07-17,high,cloud resilience evidence requires owner validation; source is synthetic and candidate-only,SHA-16-00085,SHA-EVID-09685,SHA-16_EXPERT_LENSES-SRC-00085,16_expert_lenses,Expert Lenses,candidate,skyharbor-air-rich-standard-candidate-20260717,SHA-CANDIDATE-LOAD-20260717,2026-07-17T00:00:00.000Z,deterministic synthetic enterprise context generator,synthetic airline enterprise context generation,"This is planning-grade synthetic enterprise context. It is not real client production data, not PHI/PII/payment-card data, and not a claim of realized financial value."
skyharbor-air,Expert Lenses procurement executive lens 086,CDAO,What evidence must close before Passenger rebooking personalization or Loyalty Platform Modernization advances?,SHA-EVID-09686; source row; owner; baseline; control status,Boardroom planning for Expert Lenses; candidate preview only.,"No production data, no active promotion, no realized value claim.",datasets/tenant-inputs/candidates/skyharbor-air/rich-synthetic-2026-07-v3/16_expert_lenses.csv,2026-07-17,medium,safety criticality evidence requires owner validation; source is synthetic and candidate-only,SHA-16-00086,SHA-EVID-09686,SHA-16_EXPERT_LENSES-SRC-00086,16_expert_lenses,Expert Lenses,candidate,skyharbor-air-rich-standard-candidate-20260717,SHA-CANDIDATE-LOAD-20260717,2026-07-17T00:00:00.000Z,deterministic synthetic enterprise context generator,synthetic airline enterprise context generation,"This is planning-grade synthetic enterprise context. It is not real client production data, not PHI/PII/payment-card data, and not a claim of realized financial value."
skyharbor-air,Expert Lenses HR and workforce executive lens 087,CISO,What evidence must close before Baggage recovery prediction or Crew Operations Optimization advances?,SHA-EVID-09687; source row; owner; baseline; control status,Boardroom planning for Expert Lenses; candidate preview only.,"No production data, no active promotion, no realized value claim.",datasets/tenant-inputs/candidates/skyharbor-air/rich-synthetic-2026-07-v3/16_expert_lenses.csv,2026-07-17,medium,operational resilience evidence requires owner validation; source is synthetic and candidate-only,SHA-16-00087,SHA-EVID-09687,SHA-16_EXPERT_LENSES-SRC-00087,16_expert_lenses,Expert Lenses,candidate,skyharbor-air-rich-standard-candidate-20260717,SHA-CANDIDATE-LOAD-20260717,2026-07-17T00:00:00.000Z,deterministic synthetic enterprise context generator,synthetic airline enterprise context generation,"This is planning-grade synthetic enterprise context. It is not real client production data, not PHI/PII/payment-card data, and not a claim of realized financial value."
skyharbor-air,Expert Lenses data and analytics executive lens 088,Chief compliance officer,What evidence must close before Airport turnaround risk predictor or Maintenance Predictive Analytics Foundation advances?,SHA-EVID-09688; source row; owner; baseline; control status,Boardroom planning for Expert Lenses; candidate preview only.,"No production data, no active promotion, no realized value claim.",datasets/tenant-inputs/candidates/skyharbor-air/rich-synthetic-2026-07-v3/16_expert_lenses.csv,2026-07-17,high,crew and legal constraints evidence requires owner validation; source is synthetic and candidate-only,SHA-16-00088,SHA-EVID-09688,SHA-16_EXPERT_LENSES-SRC-00088,16_expert_lenses,Expert Lenses,candidate_review,skyharbor-air-rich-standard-candidate-20260717,SHA-CANDIDATE-LOAD-20260717,2026-07-17T00:00:00.000Z,deterministic synthetic enterprise context generator,synthetic airline enterprise context generation,"This is planning-grade synthetic enterprise context. It is not real client production data, not PHI/PII/payment-card data, and not a claim of realized financial value."
skyharbor-air,Expert Lenses platform engineering executive lens 089,Chief procurement officer,What evidence must close before Revenue management scenario assistant or Airport Turnaround Performance Program advances?,SHA-EVID-09689; source row; owner; baseline; control status,Boardroom planning for Expert Lenses; candidate preview only.,"No production data, no active promotion, no realized value claim.",datasets/tenant-inputs/candidates/skyharbor-air/rich-synthetic-2026-07-v3/16_expert_lenses.csv,2026-07-17,high,DOT customer obligations evidence requires owner validation; source is synthetic and candidate-only,SHA-16-00089,SHA-EVID-09689,SHA-16_EXPERT_LENSES-SRC-00089,16_expert_lenses,Expert Lenses,candidate,skyharbor-air-rich-standard-candidate-20260717,SHA-CANDIDATE-LOAD-20260717,2026-07-17T00:00:00.000Z,deterministic synthetic enterprise context generator,synthetic airline enterprise context generation,"This is planning-grade synthetic enterprise context. It is not real client production data, not PHI/PII/payment-card data, and not a claim of realized financial value."
skyharbor-air,Expert Lenses baggage operations executive lens 090,Chief people officer,What evidence must close before Loyalty next-best-action assistant or Data Platform and Lakehouse Foundation advances?,SHA-EVID-09690; source row; owner; baseline; control status,Boardroom planning for Expert Lenses; candidate preview only.,"No production data, no active promotion, no realized value claim.",datasets/tenant-inputs/candidates/skyharbor-air/rich-synthetic-2026-07-v3/16_expert_lenses.csv,2026-07-17,medium,data privacy evidence requires owner validation; source is synthetic and candidate-only,SHA-16-00090,SHA-EVID-09690,SHA-16_EXPERT_LENSES-SRC-00090,16_expert_lenses,Expert Lenses,candidate,skyharbor-air-rich-standard-candidate-20260717,SHA-CANDIDATE-LOAD-20260717,2026-07-17T00:00:00.000Z,deterministic synthetic enterprise context generator,synthetic airline enterprise context generation,"This is planning-grade synthetic enterprise context. It is not real client production data, not PHI/PII/payment-card data, and not a claim of realized financial value."
skyharbor-air,Expert Lenses flight operations executive lens 091,Transformation office lead,What evidence must close before Flight operations knowledge assistant or Contact Center Experience Transformation advances?,SHA-EVID-09691; source row; owner; baseline; control status,Boardroom planning for Expert Lenses; candidate preview only.,"No production data, no active promotion, no realized value claim.",datasets/tenant-inputs/candidates/skyharbor-air/rich-synthetic-2026-07-v3/16_expert_lenses.csv,2026-07-17,medium,PCI evidence requires owner validation; source is synthetic and candidate-only,SHA-16-00091,SHA-EVID-09691,SHA-16_EXPERT_LENSES-SRC-00091,16_expert_lenses,Expert Lenses,candidate,skyharbor-air-rich-standard-candidate-20260717,SHA-CANDIDATE-LOAD-20260717,2026-07-17T00:00:00.000Z,deterministic synthetic enterprise context generator,synthetic airline enterprise context generation,"This is planning-grade synthetic enterprise context. It is not real client production data, not PHI/PII/payment-card data, and not a claim of realized financial value."
skyharbor-air,Expert Lenses operations control center executive lens 092,Experience leader,What evidence must close before IT incident and change-risk copilot or Revenue Management Modernization advances?,SHA-EVID-09692; source row; owner; baseline; control status,Boardroom planning for Expert Lenses; candidate preview only.,"No production data, no active promotion, no realized value claim.",datasets/tenant-inputs/candidates/skyharbor-air/rich-synthetic-2026-07-v3/16_expert_lenses.csv,2026-07-17,high,cyber risk evidence requires owner validation; source is synthetic and candidate-only,SHA-16-00092,SHA-EVID-09692,SHA-16_EXPERT_LENSES-SRC-00092,16_expert_lenses,Expert Lenses,candidate_review,skyharbor-air-rich-standard-candidate-20260717,SHA-CANDIDATE-LOAD-20260717,2026-07-17T00:00:00.000Z,deterministic synthetic enterprise context generator,synthetic airline enterprise context generation,"This is planning-grade synthetic enterprise context. It is not real client production data, not PHI/PII/payment-card data, and not a claim of realized financial value."
skyharbor-air,Expert Lenses airport operations executive lens 093,Business unit president,What evidence must close before Procurement and vendor contract intelligence or Cloud Resilience and Cyber Program advances?,SHA-EVID-09693; source row; owner; baseline; control status,Boardroom planning for Expert Lenses; candidate preview only.,"No production data, no active promotion, no realized value claim.",datasets/tenant-inputs/candidates/skyharbor-air/rich-synthetic-2026-07-v3/16_expert_lenses.csv,2026-07-17,high,identity and access evidence requires owner validation; source is synthetic and candidate-only,SHA-16-00093,SHA-EVID-09693,SHA-16_EXPERT_LENSES-SRC-00093,16_expert_lenses,Expert Lenses,candidate,skyharbor-air-rich-standard-candidate-20260717,SHA-CANDIDATE-LOAD-20260717,2026-07-17T00:00:00.000Z,deterministic synthetic enterprise context generator,synthetic airline enterprise context generation,"This is planning-grade synthetic enterprise context. It is not real client production data, not PHI/PII/payment-card data, and not a claim of realized financial value."
skyharbor-air,Expert Lenses customer service executive lens 094,Contact center leader,What evidence must close before IROPS recovery copilot or Baggage Visibility and Recovery advances?,SHA-EVID-09694; source row; owner; baseline; control status,Boardroom planning for Expert Lenses; candidate preview only.,"No production data, no active promotion, no realized value claim.",datasets/tenant-inputs/candidates/skyharbor-air/rich-synthetic-2026-07-v3/16_expert_lenses.csv,2026-07-17,medium,vendor concentration evidence requires owner validation; source is synthetic and candidate-only,SHA-16-00094,SHA-EVID-09694,SHA-16_EXPERT_LENSES-SRC-00094,16_expert_lenses,Expert Lenses,candidate,skyharbor-air-rich-standard-candidate-20260717,SHA-CANDIDATE-LOAD-20260717,2026-07-17T00:00:00.000Z,deterministic synthetic enterprise context generator,synthetic airline enterprise context generation,"This is planning-grade synthetic enterprise context. It is not real client production data, not PHI/PII/payment-card data, and not a claim of realized financial value."
skyharbor-air,Expert Lenses loyalty executive lens 095,Operations leader,What evidence must close before Crew disruption assistant or Finance and Procurement Spend Transparency advances?,SHA-EVID-09695; source row; owner; baseline; control status,Boardroom planning for Expert Lenses; candidate preview only.,"No production data, no active promotion, no realized value claim.",datasets/tenant-inputs/candidates/skyharbor-air/rich-synthetic-2026-07-v3/16_expert_lenses.csv,2026-07-17,medium,model explainability evidence requires owner validation; source is synthetic and candidate-only,SHA-16-00095,SHA-EVID-09695,SHA-16_EXPERT_LENSES-SRC-00095,16_expert_lenses,Expert Lenses,candidate,skyharbor-air-rich-standard-candidate-20260717,SHA-CANDIDATE-LOAD-20260717,2026-07-17T00:00:00.000Z,deterministic synthetic enterprise context generator,synthetic airline enterprise context generation,"This is planning-grade synthetic enterprise context. It is not real client production data, not PHI/PII/payment-card data, and not a claim of realized financial value."
skyharbor-air,Expert Lenses revenue management executive lens 096,Chief architect,What evidence must close before Maintenance troubleshooting assistant or IROPS Resilience and Recovery advances?,SHA-EVID-09696; source row; owner; baseline; control status,Boardroom planning for Expert Lenses; candidate preview only.,"No production data, no active promotion, no realized value claim.",datasets/tenant-inputs/candidates/skyharbor-air/rich-synthetic-2026-07-v3/16_expert_lenses.csv,2026-07-17,high,human-in-the-loop operations evidence requires owner validation; source is synthetic and candidate-only,SHA-16-00096,SHA-EVID-09696,SHA-16_EXPERT_LENSES-SRC-00096,16_expert_lenses,Expert Lenses,candidate_review,skyharbor-air-rich-standard-candidate-20260717,SHA-CANDIDATE-LOAD-20260717,2026-07-17T00:00:00.000Z,deterministic synthetic enterprise context generator,synthetic airline enterprise context generation,"This is planning-grade synthetic enterprise context. It is not real client production data, not PHI/PII/payment-card data, and not a claim of realized financial value."
skyharbor-air,Expert Lenses network planning executive lens 097,Application owner,What evidence must close before Contact center agent assist or Passenger Service Modernization advances?,SHA-EVID-09697; source row; owner; baseline; control status,Boardroom planning for Expert Lenses; candidate preview only.,"No production data, no active promotion, no realized value claim.",datasets/tenant-inputs/candidates/skyharbor-air/rich-synthetic-2026-07-v3/16_expert_lenses.csv,2026-07-17,high,incident response evidence requires owner validation; source is synthetic and candidate-only,SHA-16-00097,SHA-EVID-09697,SHA-16_EXPERT_LENSES-SRC-00097,16_expert_lenses,Expert Lenses,candidate,skyharbor-air-rich-standard-candidate-20260717,SHA-CANDIDATE-LOAD-20260717,2026-07-17T00:00:00.000Z,deterministic synthetic enterprise context generator,synthetic airline enterprise context generation,"This is planning-grade synthetic enterprise context. It is not real client production data, not PHI/PII/payment-card data, and not a claim of realized financial value."
skyharbor-air,Expert Lenses crew scheduling executive lens 098,ITSM leader,What evidence must close before Passenger rebooking personalization or Loyalty Platform Modernization advances?,SHA-EVID-09698; source row; owner; baseline; control status,Boardroom planning for Expert Lenses; candidate preview only.,"No production data, no active promotion, no realized value claim.",datasets/tenant-inputs/candidates/skyharbor-air/rich-synthetic-2026-07-v3/16_expert_lenses.csv,2026-07-17,medium,airport-local operating variation evidence requires owner validation; source is synthetic and candidate-only,SHA-16-00098,SHA-EVID-09698,SHA-16_EXPERT_LENSES-SRC-00098,16_expert_lenses,Expert Lenses,candidate,skyharbor-air-rich-standard-candidate-20260717,SHA-CANDIDATE-LOAD-20260717,2026-07-17T00:00:00.000Z,deterministic synthetic enterprise context generator,synthetic airline enterprise context generation,"This is planning-grade synthetic enterprise context. It is not real client production data, not PHI/PII/payment-card data, and not a claim of realized financial value."
skyharbor-air,Expert Lenses maintenance engineering executive lens 099,CEO,What evidence must close before Baggage recovery prediction or Crew Operations Optimization advances?,SHA-EVID-09699; source row; owner; baseline; control status,Boardroom planning for Expert Lenses; candidate preview only.,"No production data, no active promotion, no realized value claim.",datasets/tenant-inputs/candidates/skyharbor-air/rich-synthetic-2026-07-v3/16_expert_lenses.csv,2026-07-17,medium,reservation-system dependency evidence requires owner validation; source is synthetic and candidate-only,SHA-16-00099,SHA-EVID-09699,SHA-16_EXPERT_LENSES-SRC-00099,16_expert_lenses,Expert Lenses,candidate,skyharbor-air-rich-standard-candidate-20260717,SHA-CANDIDATE-LOAD-20260717,2026-07-17T00:00:00.000Z,deterministic synthetic enterprise context generator,synthetic airline enterprise context generation,"This is planning-grade synthetic enterprise context. It is not real client production data, not PHI/PII/payment-card data, and not a claim of realized financial value."
skyharbor-air,Expert Lenses cargo operations executive lens 100,CFO,What evidence must close before Airport turnaround risk predictor or Maintenance Predictive Analytics Foundation advances?,SHA-EVID-09700; source row; owner; baseline; control status,Boardroom planning for Expert Lenses; candidate preview only.,"No production data, no active promotion, no realized value claim.",datasets/tenant-inputs/candidates/skyharbor-air/rich-synthetic-2026-07-v3/16_expert_lenses.csv,2026-07-17,high,cloud resilience evidence requires owner validation; source is synthetic and candidate-only,SHA-16-00100,SHA-EVID-09700,SHA-16_EXPERT_LENSES-SRC-00100,16_expert_lenses,Expert Lenses,candidate_review,skyharbor-air-rich-standard-candidate-20260717,SHA-CANDIDATE-LOAD-20260717,2026-07-17T00:00:00.000Z,deterministic synthetic enterprise context generator,synthetic airline enterprise context generation,"This is planning-grade synthetic enterprise context. It is not real client production data, not PHI/PII/payment-card data, and not a claim of realized financial value."
skyharbor-air,Expert Lenses digital ecommerce executive lens 101,COO,What evidence must close before Revenue management scenario assistant or Airport Turnaround Performance Program advances?,SHA-EVID-09701; source row; owner; baseline; control status,Boardroom planning for Expert Lenses; candidate preview only.,"No production data, no active promotion, no realized value claim.",datasets/tenant-inputs/candidates/skyharbor-air/rich-synthetic-2026-07-v3/16_expert_lenses.csv,2026-07-17,high,safety criticality evidence requires owner validation; source is synthetic and candidate-only,SHA-16-00101,SHA-EVID-09701,SHA-16_EXPERT_LENSES-SRC-00101,16_expert_lenses,Expert Lenses,candidate,skyharbor-air-rich-standard-candidate-20260717,SHA-CANDIDATE-LOAD-20260717,2026-07-17T00:00:00.000Z,deterministic synthetic enterprise context generator,synthetic airline enterprise context generation,"This is planning-grade synthetic enterprise context. It is not real client production data, not PHI/PII/payment-card data, and not a claim of realized financial value."
skyharbor-air,Expert Lenses safety and security executive lens 102,CIO,What evidence must close before Loyalty next-best-action assistant or Data Platform and Lakehouse Foundation advances?,SHA-EVID-09702; source row; owner; baseline; control status,Boardroom planning for Expert Lenses; candidate preview only.,"No production data, no active promotion, no realized value claim.",datasets/tenant-inputs/candidates/skyharbor-air/rich-synthetic-2026-07-v3/16_expert_lenses.csv,2026-07-17,medium,operational resilience evidence requires owner validation; source is synthetic and candidate-only,SHA-16-00102,SHA-EVID-09702,SHA-16_EXPERT_LENSES-SRC-00102,16_expert_lenses,Expert Lenses,candidate,skyharbor-air-rich-standard-candidate-20260717,SHA-CANDIDATE-LOAD-20260717,2026-07-17T00:00:00.000Z,deterministic synthetic enterprise context generator,synthetic airline enterprise context generation,"This is planning-grade synthetic enterprise context. It is not real client production data, not PHI/PII/payment-card data, and not a claim of realized financial value."
skyharbor-air,Expert Lenses finance executive lens 103,CTO,What evidence must close before Flight operations knowledge assistant or Contact Center Experience Transformation advances?,SHA-EVID-09703; source row; owner; baseline; control status,Boardroom planning for Expert Lenses; candidate preview only.,"No production data, no active promotion, no realized value claim.",datasets/tenant-inputs/candidates/skyharbor-air/rich-synthetic-2026-07-v3/16_expert_lenses.csv,2026-07-17,medium,crew and legal constraints evidence requires owner validation; source is synthetic and candidate-only,SHA-16-00103,SHA-EVID-09703,SHA-16_EXPERT_LENSES-SRC-00103,16_expert_lenses,Expert Lenses,candidate,skyharbor-air-rich-standard-candidate-20260717,SHA-CANDIDATE-LOAD-20260717,2026-07-17T00:00:00.000Z,deterministic synthetic enterprise context generator,synthetic airline enterprise context generation,"This is planning-grade synthetic enterprise context. It is not real client production data, not PHI/PII/payment-card data, and not a claim of realized financial value."
skyharbor-air,Expert Lenses procurement executive lens 104,CDAO,What evidence must close before IT incident and change-risk copilot or Revenue Management Modernization advances?,SHA-EVID-09704; source row; owner; baseline; control status,Boardroom planning for Expert Lenses; candidate preview only.,"No production data, no active promotion, no realized value claim.",datasets/tenant-inputs/candidates/skyharbor-air/rich-synthetic-2026-07-v3/16_expert_lenses.csv,2026-07-17,high,DOT customer obligations evidence requires owner validation; source is synthetic and candidate-only,SHA-16-00104,SHA-EVID-09704,SHA-16_EXPERT_LENSES-SRC-00104,16_expert_lenses,Expert Lenses,candidate_review,skyharbor-air-rich-standard-candidate-20260717,SHA-CANDIDATE-LOAD-20260717,2026-07-17T00:00:00.000Z,deterministic synthetic enterprise context generator,synthetic airline enterprise context generation,"This is planning-grade synthetic enterprise context. It is not real client production data, not PHI/PII/payment-card data, and not a claim of realized financial value."
skyharbor-air,Expert Lenses HR and workforce executive lens 105,CISO,What evidence must close before Procurement and vendor contract intelligence or Cloud Resilience and Cyber Program advances?,SHA-EVID-09705; source row; owner; baseline; control status,Boardroom planning for Expert Lenses; candidate preview only.,"No production data, no active promotion, no realized value claim.",datasets/tenant-inputs/candidates/skyharbor-air/rich-synthetic-2026-07-v3/16_expert_lenses.csv,2026-07-17,high,data privacy evidence requires owner validation; source is synthetic and candidate-only,SHA-16-00105,SHA-EVID-09705,SHA-16_EXPERT_LENSES-SRC-00105,16_expert_lenses,Expert Lenses,candidate,skyharbor-air-rich-standard-candidate-20260717,SHA-CANDIDATE-LOAD-20260717,2026-07-17T00:00:00.000Z,deterministic synthetic enterprise context generator,synthetic airline enterprise context generation,"This is planning-grade synthetic enterprise context. It is not real client production data, not PHI/PII/payment-card data, and not a claim of realized financial value."
skyharbor-air,Expert Lenses data and analytics executive lens 106,Chief compliance officer,What evidence must close before IROPS recovery copilot or Baggage Visibility and Recovery advances?,SHA-EVID-09706; source row; owner; baseline; control status,Boardroom planning for Expert Lenses; candidate preview only.,"No production data, no active promotion, no realized value claim.",datasets/tenant-inputs/candidates/skyharbor-air/rich-synthetic-2026-07-v3/16_expert_lenses.csv,2026-07-17,medium,PCI evidence requires owner validation; source is synthetic and candidate-only,SHA-16-00106,SHA-EVID-09706,SHA-16_EXPERT_LENSES-SRC-00106,16_expert_lenses,Expert Lenses,candidate,skyharbor-air-rich-standard-candidate-20260717,SHA-CANDIDATE-LOAD-20260717,2026-07-17T00:00:00.000Z,deterministic synthetic enterprise context generator,synthetic airline enterprise context generation,"This is planning-grade synthetic enterprise context. It is not real client production data, not PHI/PII/payment-card data, and not a claim of realized financial value."
skyharbor-air,Expert Lenses platform engineering executive lens 107,Chief procurement officer,What evidence must close before Crew disruption assistant or Finance and Procurement Spend Transparency advances?,SHA-EVID-09707; source row; owner; baseline; control status,Boardroom planning for Expert Lenses; candidate preview only.,"No production data, no active promotion, no realized value claim.",datasets/tenant-inputs/candidates/skyharbor-air/rich-synthetic-2026-07-v3/16_expert_lenses.csv,2026-07-17,medium,cyber risk evidence requires owner validation; source is synthetic and candidate-only,SHA-16-00107,SHA-EVID-09707,SHA-16_EXPERT_LENSES-SRC-00107,16_expert_lenses,Expert Lenses,candidate,skyharbor-air-rich-standard-candidate-20260717,SHA-CANDIDATE-LOAD-20260717,2026-07-17T00:00:00.000Z,deterministic synthetic enterprise context generator,synthetic airline enterprise context generation,"This is planning-grade synthetic enterprise context. It is not real client production data, not PHI/PII/payment-card data, and not a claim of realized financial value."
skyharbor-air,Expert Lenses baggage operations executive lens 108,Chief people officer,What evidence must close before Maintenance troubleshooting assistant or IROPS Resilience and Recovery advances?,SHA-EVID-09708; source row; owner; baseline; control status,Boardroom planning for Expert Lenses; candidate preview only.,"No production data, no active promotion, no realized value claim.",datasets/tenant-inputs/candidates/skyharbor-air/rich-synthetic-2026-07-v3/16_expert_lenses.csv,2026-07-17,high,identity and access evidence requires owner validation; source is synthetic and candidate-only,SHA-16-00108,SHA-EVID-09708,SHA-16_EXPERT_LENSES-SRC-00108,16_expert_lenses,Expert Lenses,candidate_review,skyharbor-air-rich-standard-candidate-20260717,SHA-CANDIDATE-LOAD-20260717,2026-07-17T00:00:00.000Z,deterministic synthetic enterprise context generator,synthetic airline enterprise context generation,"This is planning-grade synthetic enterprise context. It is not real client production data, not PHI/PII/payment-card data, and not a claim of realized financial value."
skyharbor-air,Expert Lenses flight operations executive lens 109,Transformation office lead,What evidence must close before Contact center agent assist or Passenger Service Modernization advances?,SHA-EVID-09709; source row; owner; baseline; control status,Boardroom planning for Expert Lenses; candidate preview only.,"No production data, no active promotion, no realized value claim.",datasets/tenant-inputs/candidates/skyharbor-air/rich-synthetic-2026-07-v3/16_expert_lenses.csv,2026-07-17,high,vendor concentration evidence requires owner validation; source is synthetic and candidate-only,SHA-16-00109,SHA-EVID-09709,SHA-16_EXPERT_LENSES-SRC-00109,16_expert_lenses,Expert Lenses,candidate,skyharbor-air-rich-standard-candidate-20260717,SHA-CANDIDATE-LOAD-20260717,2026-07-17T00:00:00.000Z,deterministic synthetic enterprise context generator,synthetic airline enterprise context generation,"This is planning-grade synthetic enterprise context. It is not real client production data, not PHI/PII/payment-card data, and not a claim of realized financial value."
skyharbor-air,Expert Lenses operations control center executive lens 110,Experience leader,What evidence must close before Passenger rebooking personalization or Loyalty Platform Modernization advances?,SHA-EVID-09710; source row; owner; baseline; control status,Boardroom planning for Expert Lenses; candidate preview only.,"No production data, no active promotion, no realized value claim.",datasets/tenant-inputs/candidates/skyharbor-air/rich-synthetic-2026-07-v3/16_expert_lenses.csv,2026-07-17,medium,model explainability evidence requires owner validation; source is synthetic and candidate-only,SHA-16-00110,SHA-EVID-09710,SHA-16_EXPERT_LENSES-SRC-00110,16_expert_lenses,Expert Lenses,candidate,skyharbor-air-rich-standard-candidate-20260717,SHA-CANDIDATE-LOAD-20260717,2026-07-17T00:00:00.000Z,deterministic synthetic enterprise context generator,synthetic airline enterprise context generation,"This is planning-grade synthetic enterprise context. It is not real client production data, not PHI/PII/payment-card data, and not a claim of realized financial value."
skyharbor-air,Expert Lenses airport operations executive lens 111,Business unit president,What evidence must close before Baggage recovery prediction or Crew Operations Optimization advances?,SHA-EVID-09711; source row; owner; baseline; control status,Boardroom planning for Expert Lenses; candidate preview only.,"No production data, no active promotion, no realized value claim.",datasets/tenant-inputs/candidates/skyharbor-air/rich-synthetic-2026-07-v3/16_expert_lenses.csv,2026-07-17,medium,human-in-the-loop operations evidence requires owner validation; source is synthetic and candidate-only,SHA-16-00111,SHA-EVID-09711,SHA-16_EXPERT_LENSES-SRC-00111,16_expert_lenses,Expert Lenses,candidate,skyharbor-air-rich-standard-candidate-20260717,SHA-CANDIDATE-LOAD-20260717,2026-07-17T00:00:00.000Z,deterministic synthetic enterprise context generator,synthetic airline enterprise context generation,"This is planning-grade synthetic enterprise context. It is not real client production data, not PHI/PII/payment-card data, and not a claim of realized financial value."
skyharbor-air,Expert Lenses customer service executive lens 112,Contact center leader,What evidence must close before Airport turnaround risk predictor or Maintenance Predictive Analytics Foundation advances?,SHA-EVID-09712; source row; owner; baseline; control status,Boardroom planning for Expert Lenses; candidate preview only.,"No production data, no active promotion, no realized value claim.",datasets/tenant-inputs/candidates/skyharbor-air/rich-synthetic-2026-07-v3/16_expert_lenses.csv,2026-07-17,high,incident response evidence requires owner validation; source is synthetic and candidate-only,SHA-16-00112,SHA-EVID-09712,SHA-16_EXPERT_LENSES-SRC-00112,16_expert_lenses,Expert Lenses,candidate_review,skyharbor-air-rich-standard-candidate-20260717,SHA-CANDIDATE-LOAD-20260717,2026-07-17T00:00:00.000Z,deterministic synthetic enterprise context generator,synthetic airline enterprise context generation,"This is planning-grade synthetic enterprise context. It is not real client production data, not PHI/PII/payment-card data, and not a claim of realized financial value."
skyharbor-air,Expert Lenses loyalty executive lens 113,Operations leader,What evidence must close before Revenue management scenario assistant or Airport Turnaround Performance Program advances?,SHA-EVID-09713; source row; owner; baseline; control status,Boardroom planning for Expert Lenses; candidate preview only.,"No production data, no active promotion, no realized value claim.",datasets/tenant-inputs/candidates/skyharbor-air/rich-synthetic-2026-07-v3/16_expert_lenses.csv,2026-07-17,high,airport-local operating variation evidence requires owner validation; source is synthetic and candidate-only,SHA-16-00113,SHA-EVID-09713,SHA-16_EXPERT_LENSES-SRC-00113,16_expert_lenses,Expert Lenses,candidate,skyharbor-air-rich-standard-candidate-20260717,SHA-CANDIDATE-LOAD-20260717,2026-07-17T00:00:00.000Z,deterministic synthetic enterprise context generator,synthetic airline enterprise context generation,"This is planning-grade synthetic enterprise context. It is not real client production data, not PHI/PII/payment-card data, and not a claim of realized financial value."
skyharbor-air,Expert Lenses revenue management executive lens 114,Chief architect,What evidence must close before Loyalty next-best-action assistant or Data Platform and Lakehouse Foundation advances?,SHA-EVID-09714; source row; owner; baseline; control status,Boardroom planning for Expert Lenses; candidate preview only.,"No production data, no active promotion, no realized value claim.",datasets/tenant-inputs/candidates/skyharbor-air/rich-synthetic-2026-07-v3/16_expert_lenses.csv,2026-07-17,medium,reservation-system dependency evidence requires owner validation; source is synthetic and candidate-only,SHA-16-00114,SHA-EVID-09714,SHA-16_EXPERT_LENSES-SRC-00114,16_expert_lenses,Expert Lenses,candidate,skyharbor-air-rich-standard-candidate-20260717,SHA-CANDIDATE-LOAD-20260717,2026-07-17T00:00:00.000Z,deterministic synthetic enterprise context generator,synthetic airline enterprise context generation,"This is planning-grade synthetic enterprise context. It is not real client production data, not PHI/PII/payment-card data, and not a claim of realized financial value."
skyharbor-air,Expert Lenses network planning executive lens 115,Application owner,What evidence must close before Flight operations knowledge assistant or Contact Center Experience Transformation advances?,SHA-EVID-09715; source row; owner; baseline; control status,Boardroom planning for Expert Lenses; candidate preview only.,"No production data, no active promotion, no realized value claim.",datasets/tenant-inputs/candidates/skyharbor-air/rich-synthetic-2026-07-v3/16_expert_lenses.csv,2026-07-17,medium,cloud resilience evidence requires owner validation; source is synthetic and candidate-only,SHA-16-00115,SHA-EVID-09715,SHA-16_EXPERT_LENSES-SRC-00115,16_expert_lenses,Expert Lenses,candidate,skyharbor-air-rich-standard-candidate-20260717,SHA-CANDIDATE-LOAD-20260717,2026-07-17T00:00:00.000Z,deterministic synthetic enterprise context generator,synthetic airline enterprise context generation,"This is planning-grade synthetic enterprise context. It is not real client production data, not PHI/PII/payment-card data, and not a claim of realized financial value."
skyharbor-air,Expert Lenses crew scheduling executive lens 116,ITSM leader,What evidence must close before IT incident and change-risk copilot or Revenue Management Modernization advances?,SHA-EVID-09716; source row; owner; baseline; control status,Boardroom planning for Expert Lenses; candidate preview only.,"No production data, no active promotion, no realized value claim.",datasets/tenant-inputs/candidates/skyharbor-air/rich-synthetic-2026-07-v3/16_expert_lenses.csv,2026-07-17,high,safety criticality evidence requires owner validation; source is synthetic and candidate-only,SHA-16-00116,SHA-EVID-09716,SHA-16_EXPERT_LENSES-SRC-00116,16_expert_lenses,Expert Lenses,candidate_review,skyharbor-air-rich-standard-candidate-20260717,SHA-CANDIDATE-LOAD-20260717,2026-07-17T00:00:00.000Z,deterministic synthetic enterprise context generator,synthetic airline enterprise context generation,"This is planning-grade synthetic enterprise context. It is not real client production data, not PHI/PII/payment-card data, and not a claim of realized financial value."
skyharbor-air,Expert Lenses maintenance engineering executive lens 117,CEO,What evidence must close before Procurement and vendor contract intelligence or Cloud Resilience and Cyber Program advances?,SHA-EVID-09717; source row; owner; baseline; control status,Boardroom planning for Expert Lenses; candidate preview only.,"No production data, no active promotion, no realized value claim.",datasets/tenant-inputs/candidates/skyharbor-air/rich-synthetic-2026-07-v3/16_expert_lenses.csv,2026-07-17,high,operational resilience evidence requires owner validation; source is synthetic and candidate-only,SHA-16-00117,SHA-EVID-09717,SHA-16_EXPERT_LENSES-SRC-00117,16_expert_lenses,Expert Lenses,candidate,skyharbor-air-rich-standard-candidate-20260717,SHA-CANDIDATE-LOAD-20260717,2026-07-17T00:00:00.000Z,deterministic synthetic enterprise context generator,synthetic airline enterprise context generation,"This is planning-grade synthetic enterprise context. It is not real client production data, not PHI/PII/payment-card data, and not a claim of realized financial value."
skyharbor-air,Expert Lenses cargo operations executive lens 118,CFO,What evidence must close before IROPS recovery copilot or Baggage Visibility and Recovery advances?,SHA-EVID-09718; source row; owner; baseline; control status,Boardroom planning for Expert Lenses; candidate preview only.,"No production data, no active promotion, no realized value claim.",datasets/tenant-inputs/candidates/skyharbor-air/rich-synthetic-2026-07-v3/16_expert_lenses.csv,2026-07-17,medium,crew and legal constraints evidence requires owner validation; source is synthetic and candidate-only,SHA-16-00118,SHA-EVID-09718,SHA-16_EXPERT_LENSES-SRC-00118,16_expert_lenses,Expert Lenses,candidate,skyharbor-air-rich-standard-candidate-20260717,SHA-CANDIDATE-LOAD-20260717,2026-07-17T00:00:00.000Z,deterministic synthetic enterprise context generator,synthetic airline enterprise context generation,"This is planning-grade synthetic enterprise context. It is not real client production data, not PHI/PII/payment-card data, and not a claim of realized financial value."
skyharbor-air,Expert Lenses digital ecommerce executive lens 119,COO,What evidence must close before Crew disruption assistant or Finance and Procurement Spend Transparency advances?,SHA-EVID-09719; source row; owner; baseline; control status,Boardroom planning for Expert Lenses; candidate preview only.,"No production data, no active promotion, no realized value claim.",datasets/tenant-inputs/candidates/skyharbor-air/rich-synthetic-2026-07-v3/16_expert_lenses.csv,2026-07-17,medium,DOT customer obligations evidence requires owner validation; source is synthetic and candidate-only,SHA-16-00119,SHA-EVID-09719,SHA-16_EXPERT_LENSES-SRC-00119,16_expert_lenses,Expert Lenses,candidate,skyharbor-air-rich-standard-candidate-20260717,SHA-CANDIDATE-LOAD-20260717,2026-07-17T00:00:00.000Z,deterministic synthetic enterprise context generator,synthetic airline enterprise context generation,"This is planning-grade synthetic enterprise context. It is not real client production data, not PHI/PII/payment-card data, and not a claim of realized financial value."
skyharbor-air,Expert Lenses safety and security executive lens 120,CIO,What evidence must close before Maintenance troubleshooting assistant or IROPS Resilience and Recovery advances?,SHA-EVID-09720; source row; owner; baseline; control status,Boardroom planning for Expert Lenses; candidate preview only.,"No production data, no active promotion, no realized value claim.",datasets/tenant-inputs/candidates/skyharbor-air/rich-synthetic-2026-07-v3/16_expert_lenses.csv,2026-07-17,high,data privacy evidence requires owner validation; source is synthetic and candidate-only,SHA-16-00120,SHA-EVID-09720,SHA-16_EXPERT_LENSES-SRC-00120,16_expert_lenses,Expert Lenses,candidate_review,skyharbor-air-rich-standard-candidate-20260717,SHA-CANDIDATE-LOAD-20260717,2026-07-17T00:00:00.000Z,deterministic synthetic enterprise context generator,synthetic airline enterprise context generation,"This is planning-grade synthetic enterprise context. It is not real client production data, not PHI/PII/payment-card data, and not a claim of realized financial value."
skyharbor-air,Expert Lenses finance executive lens 121,CTO,What evidence must close before Contact center agent assist or Passenger Service Modernization advances?,SHA-EVID-09721; source row; owner; baseline; control status,Boardroom planning for Expert Lenses; candidate preview only.,"No production data, no active promotion, no realized value claim.",datasets/tenant-inputs/candidates/skyharbor-air/rich-synthetic-2026-07-v3/16_expert_lenses.csv,2026-07-17,high,PCI evidence requires owner validation; source is synthetic and candidate-only,SHA-16-00121,SHA-EVID-09721,SHA-16_EXPERT_LENSES-SRC-00121,16_expert_lenses,Expert Lenses,candidate,skyharbor-air-rich-standard-candidate-20260717,SHA-CANDIDATE-LOAD-20260717,2026-07-17T00:00:00.000Z,deterministic synthetic enterprise context generator,synthetic airline enterprise context generation,"This is planning-grade synthetic enterprise context. It is not real client production data, not PHI/PII/payment-card data, and not a claim of realized financial value."
skyharbor-air,Expert Lenses procurement executive lens 122,CDAO,What evidence must close before Passenger rebooking personalization or Loyalty Platform Modernization advances?,SHA-EVID-09722; source row; owner; baseline; control status,Boardroom planning for Expert Lenses; candidate preview only.,"No production data, no active promotion, no realized value claim.",datasets/tenant-inputs/candidates/skyharbor-air/rich-synthetic-2026-07-v3/16_expert_lenses.csv,2026-07-17,medium,cyber risk evidence requires owner validation; source is synthetic and candidate-only,SHA-16-00122,SHA-EVID-09722,SHA-16_EXPERT_LENSES-SRC-00122,16_expert_lenses,Expert Lenses,candidate,skyharbor-air-rich-standard-candidate-20260717,SHA-CANDIDATE-LOAD-20260717,2026-07-17T00:00:00.000Z,deterministic synthetic enterprise context generator,synthetic airline enterprise context generation,"This is planning-grade synthetic enterprise context. It is not real client production data, not PHI/PII/payment-card data, and not a claim of realized financial value."
skyharbor-air,Expert Lenses HR and workforce executive lens 123,CISO,What evidence must close before Baggage recovery prediction or Crew Operations Optimization advances?,SHA-EVID-09723; source row; owner; baseline; control status,Boardroom planning for Expert Lenses; candidate preview only.,"No production data, no active promotion, no realized value claim.",datasets/tenant-inputs/candidates/skyharbor-air/rich-synthetic-2026-07-v3/16_expert_lenses.csv,2026-07-17,medium,identity and access evidence requires owner validation; source is synthetic and candidate-only,SHA-16-00123,SHA-EVID-09723,SHA-16_EXPERT_LENSES-SRC-00123,16_expert_lenses,Expert Lenses,candidate,skyharbor-air-rich-standard-candidate-20260717,SHA-CANDIDATE-LOAD-20260717,2026-07-17T00:00:00.000Z,deterministic synthetic enterprise context generator,synthetic airline enterprise context generation,"This is planning-grade synthetic enterprise context. It is not real client production data, not PHI/PII/payment-card data, and not a claim of realized financial value."
skyharbor-air,Expert Lenses data and analytics executive lens 124,Chief compliance officer,What evidence must close before Airport turnaround risk predictor or Maintenance Predictive Analytics Foundation advances?,SHA-EVID-09724; source row; owner; baseline; control status,Boardroom planning for Expert Lenses; candidate preview only.,"No production data, no active promotion, no realized value claim.",datasets/tenant-inputs/candidates/skyharbor-air/rich-synthetic-2026-07-v3/16_expert_lenses.csv,2026-07-17,high,vendor concentration evidence requires owner validation; source is synthetic and candidate-only,SHA-16-00124,SHA-EVID-09724,SHA-16_EXPERT_LENSES-SRC-00124,16_expert_lenses,Expert Lenses,candidate_review,skyharbor-air-rich-standard-candidate-20260717,SHA-CANDIDATE-LOAD-20260717,2026-07-17T00:00:00.000Z,deterministic synthetic enterprise context generator,synthetic airline enterprise context generation,"This is planning-grade synthetic enterprise context. It is not real client production data, not PHI/PII/payment-card data, and not a claim of realized financial value."
skyharbor-air,Expert Lenses platform engineering executive lens 125,Chief procurement officer,What evidence must close before Revenue management scenario assistant or Airport Turnaround Performance Program advances?,SHA-EVID-09725; source row; owner; baseline; control status,Boardroom planning for Expert Lenses; candidate preview only.,"No production data, no active promotion, no realized value claim.",datasets/tenant-inputs/candidates/skyharbor-air/rich-synthetic-2026-07-v3/16_expert_lenses.csv,2026-07-17,high,model explainability evidence requires owner validation; source is synthetic and candidate-only,SHA-16-00125,SHA-EVID-09725,SHA-16_EXPERT_LENSES-SRC-00125,16_expert_lenses,Expert Lenses,candidate,skyharbor-air-rich-standard-candidate-20260717,SHA-CANDIDATE-LOAD-20260717,2026-07-17T00:00:00.000Z,deterministic synthetic enterprise context generator,synthetic airline enterprise context generation,"This is planning-grade synthetic enterprise context. It is not real client production data, not PHI/PII/payment-card data, and not a claim of realized financial value."
skyharbor-air,Expert Lenses baggage operations executive lens 126,Chief people officer,What evidence must close before Loyalty next-best-action assistant or Data Platform and Lakehouse Foundation advances?,SHA-EVID-09726; source row; owner; baseline; control status,Boardroom planning for Expert Lenses; candidate preview only.,"No production data, no active promotion, no realized value claim.",datasets/tenant-inputs/candidates/skyharbor-air/rich-synthetic-2026-07-v3/16_expert_lenses.csv,2026-07-17,medium,human-in-the-loop operations evidence requires owner validation; source is synthetic and candidate-only,SHA-16-00126,SHA-EVID-09726,SHA-16_EXPERT_LENSES-SRC-00126,16_expert_lenses,Expert Lenses,candidate,skyharbor-air-rich-standard-candidate-20260717,SHA-CANDIDATE-LOAD-20260717,2026-07-17T00:00:00.000Z,deterministic synthetic enterprise context generator,synthetic airline enterprise context generation,"This is planning-grade synthetic enterprise context. It is not real client production data, not PHI/PII/payment-card data, and not a claim of realized financial value."
skyharbor-air,Expert Lenses flight operations executive lens 127,Transformation office lead,What evidence must close before Flight operations knowledge assistant or Contact Center Experience Transformation advances?,SHA-EVID-09727; source row; owner; baseline; control status,Boardroom planning for Expert Lenses; candidate preview only.,"No production data, no active promotion, no realized value claim.",datasets/tenant-inputs/candidates/skyharbor-air/rich-synthetic-2026-07-v3/16_expert_lenses.csv,2026-07-17,medium,incident response evidence requires owner validation; source is synthetic and candidate-only,SHA-16-00127,SHA-EVID-09727,SHA-16_EXPERT_LENSES-SRC-00127,16_expert_lenses,Expert Lenses,candidate,skyharbor-air-rich-standard-candidate-20260717,SHA-CANDIDATE-LOAD-20260717,2026-07-17T00:00:00.000Z,deterministic synthetic enterprise context generator,synthetic airline enterprise context generation,"This is planning-grade synthetic enterprise context. It is not real client production data, not PHI/PII/payment-card data, and not a claim of realized financial value."
skyharbor-air,Expert Lenses operations control center executive lens 128,Experience leader,What evidence must close before IT incident and change-risk copilot or Revenue Management Modernization advances?,SHA-EVID-09728; source row; owner; baseline; control status,Boardroom planning for Expert Lenses; candidate preview only.,"No production data, no active promotion, no realized value claim.",datasets/tenant-inputs/candidates/skyharbor-air/rich-synthetic-2026-07-v3/16_expert_lenses.csv,2026-07-17,high,airport-local operating variation evidence requires owner validation; source is synthetic and candidate-only,SHA-16-00128,SHA-EVID-09728,SHA-16_EXPERT_LENSES-SRC-00128,16_expert_lenses,Expert Lenses,candidate_review,skyharbor-air-rich-standard-candidate-20260717,SHA-CANDIDATE-LOAD-20260717,2026-07-17T00:00:00.000Z,deterministic synthetic enterprise context generator,synthetic airline enterprise context generation,"This is planning-grade synthetic enterprise context. It is not real client production data, not PHI/PII/payment-card data, and not a claim of realized financial value."
skyharbor-air,Expert Lenses airport operations executive lens 129,Business unit president,What evidence must close before Procurement and vendor contract intelligence or Cloud Resilience and Cyber Program advances?,SHA-EVID-09729; source row; owner; baseline; control status,Boardroom planning for Expert Lenses; candidate preview only.,"No production data, no active promotion, no realized value claim.",datasets/tenant-inputs/candidates/skyharbor-air/rich-synthetic-2026-07-v3/16_expert_lenses.csv,2026-07-17,high,reservation-system dependency evidence requires owner validation; source is synthetic and candidate-only,SHA-16-00129,SHA-EVID-09729,SHA-16_EXPERT_LENSES-SRC-00129,16_expert_lenses,Expert Lenses,candidate,skyharbor-air-rich-standard-candidate-20260717,SHA-CANDIDATE-LOAD-20260717,2026-07-17T00:00:00.000Z,deterministic synthetic enterprise context generator,synthetic airline enterprise context generation,"This is planning-grade synthetic enterprise context. It is not real client production data, not PHI/PII/payment-card data, and not a claim of realized financial value."
skyharbor-air,Expert Lenses customer service executive lens 130,Contact center leader,What evidence must close before IROPS recovery copilot or Baggage Visibility and Recovery advances?,SHA-EVID-09730; source row; owner; baseline; control status,Boardroom planning for Expert Lenses; candidate preview only.,"No production data, no active promotion, no realized value claim.",datasets/tenant-inputs/candidates/skyharbor-air/rich-synthetic-2026-07-v3/16_expert_lenses.csv,2026-07-17,medium,cloud resilience evidence requires owner validation; source is synthetic and candidate-only,SHA-16-00130,SHA-EVID-09730,SHA-16_EXPERT_LENSES-SRC-00130,16_expert_lenses,Expert Lenses,candidate,skyharbor-air-rich-standard-candidate-20260717,SHA-CANDIDATE-LOAD-20260717,2026-07-17T00:00:00.000Z,deterministic synthetic enterprise context generator,synthetic airline enterprise context generation,"This is planning-grade synthetic enterprise context. It is not real client production data, not PHI/PII/payment-card data, and not a claim of realized financial value."
skyharbor-air,Expert Lenses loyalty executive lens 131,Operations leader,What evidence must close before Crew disruption assistant or Finance and Procurement Spend Transparency advances?,SHA-EVID-09731; source row; owner; baseline; control status,Boardroom planning for Expert Lenses; candidate preview only.,"No production data, no active promotion, no realized value claim.",datasets/tenant-inputs/candidates/skyharbor-air/rich-synthetic-2026-07-v3/16_expert_lenses.csv,2026-07-17,medium,safety criticality evidence requires owner validation; source is synthetic and candidate-only,SHA-16-00131,SHA-EVID-09731,SHA-16_EXPERT_LENSES-SRC-00131,16_expert_lenses,Expert Lenses,candidate,skyharbor-air-rich-standard-candidate-20260717,SHA-CANDIDATE-LOAD-20260717,2026-07-17T00:00:00.000Z,deterministic synthetic enterprise context generator,synthetic airline enterprise context generation,"This is planning-grade synthetic enterprise context. It is not real client production data, not PHI/PII/payment-card data, and not a claim of realized financial value."
skyharbor-air,Expert Lenses revenue management executive lens 132,Chief architect,What evidence must close before Maintenance troubleshooting assistant or IROPS Resilience and Recovery advances?,SHA-EVID-09732; source row; owner; baseline; control status,Boardroom planning for Expert Lenses; candidate preview only.,"No production data, no active promotion, no realized value claim.",datasets/tenant-inputs/candidates/skyharbor-air/rich-synthetic-2026-07-v3/16_expert_lenses.csv,2026-07-17,high,operational resilience evidence requires owner validation; source is synthetic and candidate-only,SHA-16-00132,SHA-EVID-09732,SHA-16_EXPERT_LENSES-SRC-00132,16_expert_lenses,Expert Lenses,candidate_review,skyharbor-air-rich-standard-candidate-20260717,SHA-CANDIDATE-LOAD-20260717,2026-07-17T00:00:00.000Z,deterministic synthetic enterprise context generator,synthetic airline enterprise context generation,"This is planning-grade synthetic enterprise context. It is not real client production data, not PHI/PII/payment-card data, and not a claim of realized financial value."
skyharbor-air,Expert Lenses network planning executive lens 133,Application owner,What evidence must close before Contact center agent assist or Passenger Service Modernization advances?,SHA-EVID-09733; source row; owner; baseline; control status,Boardroom planning for Expert Lenses; candidate preview only.,"No production data, no active promotion, no realized value claim.",datasets/tenant-inputs/candidates/skyharbor-air/rich-synthetic-2026-07-v3/16_expert_lenses.csv,2026-07-17,high,crew and legal constraints evidence requires owner validation; source is synthetic and candidate-only,SHA-16-00133,SHA-EVID-09733,SHA-16_EXPERT_LENSES-SRC-00133,16_expert_lenses,Expert Lenses,candidate,skyharbor-air-rich-standard-candidate-20260717,SHA-CANDIDATE-LOAD-20260717,2026-07-17T00:00:00.000Z,deterministic synthetic enterprise context generator,synthetic airline enterprise context generation,"This is planning-grade synthetic enterprise context. It is not real client production data, not PHI/PII/payment-card data, and not a claim of realized financial value."
skyharbor-air,Expert Lenses crew scheduling executive lens 134,ITSM leader,What evidence must close before Passenger rebooking personalization or Loyalty Platform Modernization advances?,SHA-EVID-09734; source row; owner; baseline; control status,Boardroom planning for Expert Lenses; candidate preview only.,"No production data, no active promotion, no realized value claim.",datasets/tenant-inputs/candidates/skyharbor-air/rich-synthetic-2026-07-v3/16_expert_lenses.csv,2026-07-17,medium,DOT customer obligations evidence requires owner validation; source is synthetic and candidate-only,SHA-16-00134,SHA-EVID-09734,SHA-16_EXPERT_LENSES-SRC-00134,16_expert_lenses,Expert Lenses,candidate,skyharbor-air-rich-standard-candidate-20260717,SHA-CANDIDATE-LOAD-20260717,2026-07-17T00:00:00.000Z,deterministic synthetic enterprise context generator,synthetic airline enterprise context generation,"This is planning-grade synthetic enterprise context. It is not real client production data, not PHI/PII/payment-card data, and not a claim of realized financial value."
skyharbor-air,Expert Lenses maintenance engineering executive lens 135,CEO,What evidence must close before Baggage recovery prediction or Crew Operations Optimization advances?,SHA-EVID-09735; source row; owner; baseline; control status,Boardroom planning for Expert Lenses; candidate preview only.,"No production data, no active promotion, no realized value claim.",datasets/tenant-inputs/candidates/skyharbor-air/rich-synthetic-2026-07-v3/16_expert_lenses.csv,2026-07-17,medium,data privacy evidence requires owner validation; source is synthetic and candidate-only,SHA-16-00135,SHA-EVID-09735,SHA-16_EXPERT_LENSES-SRC-00135,16_expert_lenses,Expert Lenses,candidate,skyharbor-air-rich-standard-candidate-20260717,SHA-CANDIDATE-LOAD-20260717,2026-07-17T00:00:00.000Z,deterministic synthetic enterprise context generator,synthetic airline enterprise context generation,"This is planning-grade synthetic enterprise context. It is not real client production data, not PHI/PII/payment-card data, and not a claim of realized financial value."
skyharbor-air,Expert Lenses cargo operations executive lens 136,CFO,What evidence must close before Airport turnaround risk predictor or Maintenance Predictive Analytics Foundation advances?,SHA-EVID-09736; source row; owner; baseline; control status,Boardroom planning for Expert Lenses; candidate preview only.,"No production data, no active promotion, no realized value claim.",datasets/tenant-inputs/candidates/skyharbor-air/rich-synthetic-2026-07-v3/16_expert_lenses.csv,2026-07-17,high,PCI evidence requires owner validation; source is synthetic and candidate-only,SHA-16-00136,SHA-EVID-09736,SHA-16_EXPERT_LENSES-SRC-00136,16_expert_lenses,Expert Lenses,candidate_review,skyharbor-air-rich-standard-candidate-20260717,SHA-CANDIDATE-LOAD-20260717,2026-07-17T00:00:00.000Z,deterministic synthetic enterprise context generator,synthetic airline enterprise context generation,"This is planning-grade synthetic enterprise context. It is not real client production data, not PHI/PII/payment-card data, and not a claim of realized financial value."
skyharbor-air,Expert Lenses digital ecommerce executive lens 137,COO,What evidence must close before Revenue management scenario assistant or Airport Turnaround Performance Program advances?,SHA-EVID-09737; source row; owner; baseline; control status,Boardroom planning for Expert Lenses; candidate preview only.,"No production data, no active promotion, no realized value claim.",datasets/tenant-inputs/candidates/skyharbor-air/rich-synthetic-2026-07-v3/16_expert_lenses.csv,2026-07-17,high,cyber risk evidence requires owner validation; source is synthetic and candidate-only,SHA-16-00137,SHA-EVID-09737,SHA-16_EXPERT_LENSES-SRC-00137,16_expert_lenses,Expert Lenses,candidate,skyharbor-air-rich-standard-candidate-20260717,SHA-CANDIDATE-LOAD-20260717,2026-07-17T00:00:00.000Z,deterministic synthetic enterprise context generator,synthetic airline enterprise context generation,"This is planning-grade synthetic enterprise context. It is not real client production data, not PHI/PII/payment-card data, and not a claim of realized financial value."
skyharbor-air,Expert Lenses safety and security executive lens 138,CIO,What evidence must close before Loyalty next-best-action assistant or Data Platform and Lakehouse Foundation advances?,SHA-EVID-09738; source row; owner; baseline; control status,Boardroom planning for Expert Lenses; candidate preview only.,"No production data, no active promotion, no realized value claim.",datasets/tenant-inputs/candidates/skyharbor-air/rich-synthetic-2026-07-v3/16_expert_lenses.csv,2026-07-17,medium,identity and access evidence requires owner validation; source is synthetic and candidate-only,SHA-16-00138,SHA-EVID-09738,SHA-16_EXPERT_LENSES-SRC-00138,16_expert_lenses,Expert Lenses,candidate,skyharbor-air-rich-standard-candidate-20260717,SHA-CANDIDATE-LOAD-20260717,2026-07-17T00:00:00.000Z,deterministic synthetic enterprise context generator,synthetic airline enterprise context generation,"This is planning-grade synthetic enterprise context. It is not real client production data, not PHI/PII/payment-card data, and not a claim of realized financial value."
skyharbor-air,Expert Lenses finance executive lens 139,CTO,What evidence must close before Flight operations knowledge assistant or Contact Center Experience Transformation advances?,SHA-EVID-09739; source row; owner; baseline; control status,Boardroom planning for Expert Lenses; candidate preview only.,"No production data, no active promotion, no realized value claim.",datasets/tenant-inputs/candidates/skyharbor-air/rich-synthetic-2026-07-v3/16_expert_lenses.csv,2026-07-17,medium,vendor concentration evidence requires owner validation; source is synthetic and candidate-only,SHA-16-00139,SHA-EVID-09739,SHA-16_EXPERT_LENSES-SRC-00139,16_expert_lenses,Expert Lenses,candidate,skyharbor-air-rich-standard-candidate-20260717,SHA-CANDIDATE-LOAD-20260717,2026-07-17T00:00:00.000Z,deterministic synthetic enterprise context generator,synthetic airline enterprise context generation,"This is planning-grade synthetic enterprise context. It is not real client production data, not PHI/PII/payment-card data, and not a claim of realized financial value."
skyharbor-air,Expert Lenses procurement executive lens 140,CDAO,What evidence must close before IT incident and change-risk copilot or Revenue Management Modernization advances?,SHA-EVID-09740; source row; owner; baseline; control status,Boardroom planning for Expert Lenses; candidate preview only.,"No production data, no active promotion, no realized value claim.",datasets/tenant-inputs/candidates/skyharbor-air/rich-synthetic-2026-07-v3/16_expert_lenses.csv,2026-07-17,high,model explainability evidence requires owner validation; source is synthetic and candidate-only,SHA-16-00140,SHA-EVID-09740,SHA-16_EXPERT_LENSES-SRC-00140,16_expert_lenses,Expert Lenses,candidate_review,skyharbor-air-rich-standard-candidate-20260717,SHA-CANDIDATE-LOAD-20260717,2026-07-17T00:00:00.000Z,deterministic synthetic enterprise context generator,synthetic airline enterprise context generation,"This is planning-grade synthetic enterprise context. It is not real client production data, not PHI/PII/payment-card data, and not a claim of realized financial value."
skyharbor-air,Expert Lenses HR and workforce executive lens 141,CISO,What evidence must close before Procurement and vendor contract intelligence or Cloud Resilience and Cyber Program advances?,SHA-EVID-09741; source row; owner; baseline; control status,Boardroom planning for Expert Lenses; candidate preview only.,"No production data, no active promotion, no realized value claim.",datasets/tenant-inputs/candidates/skyharbor-air/rich-synthetic-2026-07-v3/16_expert_lenses.csv,2026-07-17,high,human-in-the-loop operations evidence requires owner validation; source is synthetic and candidate-only,SHA-16-00141,SHA-EVID-09741,SHA-16_EXPERT_LENSES-SRC-00141,16_expert_lenses,Expert Lenses,candidate,skyharbor-air-rich-standard-candidate-20260717,SHA-CANDIDATE-LOAD-20260717,2026-07-17T00:00:00.000Z,deterministic synthetic enterprise context generator,synthetic airline enterprise context generation,"This is planning-grade synthetic enterprise context. It is not real client production data, not PHI/PII/payment-card data, and not a claim of realized financial value."
skyharbor-air,Expert Lenses data and analytics executive lens 142,Chief compliance officer,What evidence must close before IROPS recovery copilot or Baggage Visibility and Recovery advances?,SHA-EVID-09742; source row; owner; baseline; control status,Boardroom planning for Expert Lenses; candidate preview only.,"No production data, no active promotion, no realized value claim.",datasets/tenant-inputs/candidates/skyharbor-air/rich-synthetic-2026-07-v3/16_expert_lenses.csv,2026-07-17,medium,incident response evidence requires owner validation; source is synthetic and candidate-only,SHA-16-00142,SHA-EVID-09742,SHA-16_EXPERT_LENSES-SRC-00142,16_expert_lenses,Expert Lenses,candidate,skyharbor-air-rich-standard-candidate-20260717,SHA-CANDIDATE-LOAD-20260717,2026-07-17T00:00:00.000Z,deterministic synthetic enterprise context generator,synthetic airline enterprise context generation,"This is planning-grade synthetic enterprise context. It is not real client production data, not PHI/PII/payment-card data, and not a claim of realized financial value."
skyharbor-air,Expert Lenses platform engineering executive lens 143,Chief procurement officer,What evidence must close before Crew disruption assistant or Finance and Procurement Spend Transparency advances?,SHA-EVID-09743; source row; owner; baseline; control status,Boardroom planning for Expert Lenses; candidate preview only.,"No production data, no active promotion, no realized value claim.",datasets/tenant-inputs/candidates/skyharbor-air/rich-synthetic-2026-07-v3/16_expert_lenses.csv,2026-07-17,medium,airport-local operating variation evidence requires owner validation; source is synthetic and candidate-only,SHA-16-00143,SHA-EVID-09743,SHA-16_EXPERT_LENSES-SRC-00143,16_expert_lenses,Expert Lenses,candidate,skyharbor-air-rich-standard-candidate-20260717,SHA-CANDIDATE-LOAD-20260717,2026-07-17T00:00:00.000Z,deterministic synthetic enterprise context generator,synthetic airline enterprise context generation,"This is planning-grade synthetic enterprise context. It is not real client production data, not PHI/PII/payment-card data, and not a claim of realized financial value."
skyharbor-air,Expert Lenses baggage operations executive lens 144,Chief people officer,What evidence must close before Maintenance troubleshooting assistant or IROPS Resilience and Recovery advances?,SHA-EVID-09744; source row; owner; baseline; control status,Boardroom planning for Expert Lenses; candidate preview only.,"No production data, no active promotion, no realized value claim.",datasets/tenant-inputs/candidates/skyharbor-air/rich-synthetic-2026-07-v3/16_expert_lenses.csv,2026-07-17,high,reservation-system dependency evidence requires owner validation; source is synthetic and candidate-only,SHA-16-00144,SHA-EVID-09744,SHA-16_EXPERT_LENSES-SRC-00144,16_expert_lenses,Expert Lenses,candidate_review,skyharbor-air-rich-standard-candidate-20260717,SHA-CANDIDATE-LOAD-20260717,2026-07-17T00:00:00.000Z,deterministic synthetic enterprise context generator,synthetic airline enterprise context generation,"This is planning-grade synthetic enterprise context. It is not real client production data, not PHI/PII/payment-card data, and not a claim of realized financial value."
skyharbor-air,Expert Lenses flight operations executive lens 145,Transformation office lead,What evidence must close before Contact center agent assist or Passenger Service Modernization advances?,SHA-EVID-09745; source row; owner; baseline; control status,Boardroom planning for Expert Lenses; candidate preview only.,"No production data, no active promotion, no realized value claim.",datasets/tenant-inputs/candidates/skyharbor-air/rich-synthetic-2026-07-v3/16_expert_lenses.csv,2026-07-17,high,cloud resilience evidence requires owner validation; source is synthetic and candidate-only,SHA-16-00145,SHA-EVID-09745,SHA-16_EXPERT_LENSES-SRC-00145,16_expert_lenses,Expert Lenses,candidate,skyharbor-air-rich-standard-candidate-20260717,SHA-CANDIDATE-LOAD-20260717,2026-07-17T00:00:00.000Z,deterministic synthetic enterprise context generator,synthetic airline enterprise context generation,"This is planning-grade synthetic enterprise context. It is not real client production data, not PHI/PII/payment-card data, and not a claim of realized financial value."
skyharbor-air,Expert Lenses operations control center executive lens 146,Experience leader,What evidence must close before Passenger rebooking personalization or Loyalty Platform Modernization advances?,SHA-EVID-09746; source row; owner; baseline; control status,Boardroom planning for Expert Lenses; candidate preview only.,"No production data, no active promotion, no realized value claim.",datasets/tenant-inputs/candidates/skyharbor-air/rich-synthetic-2026-07-v3/16_expert_lenses.csv,2026-07-17,medium,safety criticality evidence requires owner validation; source is synthetic and candidate-only,SHA-16-00146,SHA-EVID-09746,SHA-16_EXPERT_LENSES-SRC-00146,16_expert_lenses,Expert Lenses,candidate,skyharbor-air-rich-standard-candidate-20260717,SHA-CANDIDATE-LOAD-20260717,2026-07-17T00:00:00.000Z,deterministic synthetic enterprise context generator,synthetic airline enterprise context generation,"This is planning-grade synthetic enterprise context. It is not real client production data, not PHI/PII/payment-card data, and not a claim of realized financial value."
skyharbor-air,Expert Lenses airport operations executive lens 147,Business unit president,What evidence must close before Baggage recovery prediction or Crew Operations Optimization advances?,SHA-EVID-09747; source row; owner; baseline; control status,Boardroom planning for Expert Lenses; candidate preview only.,"No production data, no active promotion, no realized value claim.",datasets/tenant-inputs/candidates/skyharbor-air/rich-synthetic-2026-07-v3/16_expert_lenses.csv,2026-07-17,medium,operational resilience evidence requires owner validation; source is synthetic and candidate-only,SHA-16-00147,SHA-EVID-09747,SHA-16_EXPERT_LENSES-SRC-00147,16_expert_lenses,Expert Lenses,candidate,skyharbor-air-rich-standard-candidate-20260717,SHA-CANDIDATE-LOAD-20260717,2026-07-17T00:00:00.000Z,deterministic synthetic enterprise context generator,synthetic airline enterprise context generation,"This is planning-grade synthetic enterprise context. It is not real client production data, not PHI/PII/payment-card data, and not a claim of realized financial value."
skyharbor-air,Expert Lenses customer service executive lens 148,Contact center leader,What evidence must close before Airport turnaround risk predictor or Maintenance Predictive Analytics Foundation advances?,SHA-EVID-09748; source row; owner; baseline; control status,Boardroom planning for Expert Lenses; candidate preview only.,"No production data, no active promotion, no realized value claim.",datasets/tenant-inputs/candidates/skyharbor-air/rich-synthetic-2026-07-v3/16_expert_lenses.csv,2026-07-17,high,crew and legal constraints evidence requires owner validation; source is synthetic and candidate-only,SHA-16-00148,SHA-EVID-09748,SHA-16_EXPERT_LENSES-SRC-00148,16_expert_lenses,Expert Lenses,candidate_review,skyharbor-air-rich-standard-candidate-20260717,SHA-CANDIDATE-LOAD-20260717,2026-07-17T00:00:00.000Z,deterministic synthetic enterprise context generator,synthetic airline enterprise context generation,"This is planning-grade synthetic enterprise context. It is not real client production data, not PHI/PII/payment-card data, and not a claim of realized financial value."
skyharbor-air,Expert Lenses loyalty executive lens 149,Operations leader,What evidence must close before Revenue management scenario assistant or Airport Turnaround Performance Program advances?,SHA-EVID-09749; source row; owner; baseline; control status,Boardroom planning for Expert Lenses; candidate preview only.,"No production data, no active promotion, no realized value claim.",datasets/tenant-inputs/candidates/skyharbor-air/rich-synthetic-2026-07-v3/16_expert_lenses.csv,2026-07-17,high,DOT customer obligations evidence requires owner validation; source is synthetic and candidate-only,SHA-16-00149,SHA-EVID-09749,SHA-16_EXPERT_LENSES-SRC-00149,16_expert_lenses,Expert Lenses,candidate,skyharbor-air-rich-standard-candidate-20260717,SHA-CANDIDATE-LOAD-20260717,2026-07-17T00:00:00.000Z,deterministic synthetic enterprise context generator,synthetic airline enterprise context generation,"This is planning-grade synthetic enterprise context. It is not real client production data, not PHI/PII/payment-card data, and not a claim of realized financial value."
skyharbor-air,Expert Lenses revenue management executive lens 150,Chief architect,What evidence must close before Loyalty next-best-action assistant or Data Platform and Lakehouse Foundation advances?,SHA-EVID-09750; source row; owner; baseline; control status,Boardroom planning for Expert Lenses; candidate preview only.,"No production data, no active promotion, no realized value claim.",datasets/tenant-inputs/candidates/skyharbor-air/rich-synthetic-2026-07-v3/16_expert_lenses.csv,2026-07-17,medium,data privacy evidence requires owner validation; source is synthetic and candidate-only,SHA-16-00150,SHA-EVID-09750,SHA-16_EXPERT_LENSES-SRC-00150,16_expert_lenses,Expert Lenses,candidate,skyharbor-air-rich-standard-candidate-20260717,SHA-CANDIDATE-LOAD-20260717,2026-07-17T00:00:00.000Z,deterministic synthetic enterprise context generator,synthetic airline enterprise context generation,"This is planning-grade synthetic enterprise context. It is not real client production data, not PHI/PII/payment-card data, and not a claim of realized financial value."
skyharbor-air,Expert Lenses network planning executive lens 151,Application owner,What evidence must close before Flight operations knowledge assistant or Contact Center Experience Transformation advances?,SHA-EVID-09751; source row; owner; baseline; control status,Boardroom planning for Expert Lenses; candidate preview only.,"No production data, no active promotion, no realized value claim.",datasets/tenant-inputs/candidates/skyharbor-air/rich-synthetic-2026-07-v3/16_expert_lenses.csv,2026-07-17,medium,PCI evidence requires owner validation; source is synthetic and candidate-only,SHA-16-00151,SHA-EVID-09751,SHA-16_EXPERT_LENSES-SRC-00151,16_expert_lenses,Expert Lenses,candidate,skyharbor-air-rich-standard-candidate-20260717,SHA-CANDIDATE-LOAD-20260717,2026-07-17T00:00:00.000Z,deterministic synthetic enterprise context generator,synthetic airline enterprise context generation,"This is planning-grade synthetic enterprise context. It is not real client production data, not PHI/PII/payment-card data, and not a claim of realized financial value."
skyharbor-air,Expert Lenses crew scheduling executive lens 152,ITSM leader,What evidence must close before IT incident and change-risk copilot or Revenue Management Modernization advances?,SHA-EVID-09752; source row; owner; baseline; control status,Boardroom planning for Expert Lenses; candidate preview only.,"No production data, no active promotion, no realized value claim.",datasets/tenant-inputs/candidates/skyharbor-air/rich-synthetic-2026-07-v3/16_expert_lenses.csv,2026-07-17,high,cyber risk evidence requires owner validation; source is synthetic and candidate-only,SHA-16-00152,SHA-EVID-09752,SHA-16_EXPERT_LENSES-SRC-00152,16_expert_lenses,Expert Lenses,candidate_review,skyharbor-air-rich-standard-candidate-20260717,SHA-CANDIDATE-LOAD-20260717,2026-07-17T00:00:00.000Z,deterministic synthetic enterprise context generator,synthetic airline enterprise context generation,"This is planning-grade synthetic enterprise context. It is not real client production data, not PHI/PII/payment-card data, and not a claim of realized financial value."
skyharbor-air,Expert Lenses maintenance engineering executive lens 153,CEO,What evidence must close before Procurement and vendor contract intelligence or Cloud Resilience and Cyber Program advances?,SHA-EVID-09753; source row; owner; baseline; control status,Boardroom planning for Expert Lenses; candidate preview only.,"No production data, no active promotion, no realized value claim.",datasets/tenant-inputs/candidates/skyharbor-air/rich-synthetic-2026-07-v3/16_expert_lenses.csv,2026-07-17,high,identity and access evidence requires owner validation; source is synthetic and candidate-only,SHA-16-00153,SHA-EVID-09753,SHA-16_EXPERT_LENSES-SRC-00153,16_expert_lenses,Expert Lenses,candidate,skyharbor-air-rich-standard-candidate-20260717,SHA-CANDIDATE-LOAD-20260717,2026-07-17T00:00:00.000Z,deterministic synthetic enterprise context generator,synthetic airline enterprise context generation,"This is planning-grade synthetic enterprise context. It is not real client production data, not PHI/PII/payment-card data, and not a claim of realized financial value."
skyharbor-air,Expert Lenses cargo operations executive lens 154,CFO,What evidence must close before IROPS recovery copilot or Baggage Visibility and Recovery advances?,SHA-EVID-09754; source row; owner; baseline; control status,Boardroom planning for Expert Lenses; candidate preview only.,"No production data, no active promotion, no realized value claim.",datasets/tenant-inputs/candidates/skyharbor-air/rich-synthetic-2026-07-v3/16_expert_lenses.csv,2026-07-17,medium,vendor concentration evidence requires owner validation; source is synthetic and candidate-only,SHA-16-00154,SHA-EVID-09754,SHA-16_EXPERT_LENSES-SRC-00154,16_expert_lenses,Expert Lenses,candidate,skyharbor-air-rich-standard-candidate-20260717,SHA-CANDIDATE-LOAD-20260717,2026-07-17T00:00:00.000Z,deterministic synthetic enterprise context generator,synthetic airline enterprise context generation,"This is planning-grade synthetic enterprise context. It is not real client production data, not PHI/PII/payment-card data, and not a claim of realized financial value."
skyharbor-air,Expert Lenses digital ecommerce executive lens 155,COO,What evidence must close before Crew disruption assistant or Finance and Procurement Spend Transparency advances?,SHA-EVID-09755; source row; owner; baseline; control status,Boardroom planning for Expert Lenses; candidate preview only.,"No production data, no active promotion, no realized value claim.",datasets/tenant-inputs/candidates/skyharbor-air/rich-synthetic-2026-07-v3/16_expert_lenses.csv,2026-07-17,medium,model explainability evidence requires owner validation; source is synthetic and candidate-only,SHA-16-00155,SHA-EVID-09755,SHA-16_EXPERT_LENSES-SRC-00155,16_expert_lenses,Expert Lenses,candidate,skyharbor-air-rich-standard-candidate-20260717,SHA-CANDIDATE-LOAD-20260717,2026-07-17T00:00:00.000Z,deterministic synthetic enterprise context generator,synthetic airline enterprise context generation,"This is planning-grade synthetic enterprise context. It is not real client production data, not PHI/PII/payment-card data, and not a claim of realized financial value."
skyharbor-air,Expert Lenses safety and security executive lens 156,CIO,What evidence must close before Maintenance troubleshooting assistant or IROPS Resilience and Recovery advances?,SHA-EVID-09756; source row; owner; baseline; control status,Boardroom planning for Expert Lenses; candidate preview only.,"No production data, no active promotion, no realized value claim.",datasets/tenant-inputs/candidates/skyharbor-air/rich-synthetic-2026-07-v3/16_expert_lenses.csv,2026-07-17,high,human-in-the-loop operations evidence requires owner validation; source is synthetic and candidate-only,SHA-16-00156,SHA-EVID-09756,SHA-16_EXPERT_LENSES-SRC-00156,16_expert_lenses,Expert Lenses,candidate_review,skyharbor-air-rich-standard-candidate-20260717,SHA-CANDIDATE-LOAD-20260717,2026-07-17T00:00:00.000Z,deterministic synthetic enterprise context generator,synthetic airline enterprise context generation,"This is planning-grade synthetic enterprise context. It is not real client production data, not PHI/PII/payment-card data, and not a claim of realized financial value."
skyharbor-air,Expert Lenses finance executive lens 157,CTO,What evidence must close before Contact center agent assist or Passenger Service Modernization advances?,SHA-EVID-09757; source row; owner; baseline; control status,Boardroom planning for Expert Lenses; candidate preview only.,"No production data, no active promotion, no realized value claim.",datasets/tenant-inputs/candidates/skyharbor-air/rich-synthetic-2026-07-v3/16_expert_lenses.csv,2026-07-17,high,incident response evidence requires owner validation; source is synthetic and candidate-only,SHA-16-00157,SHA-EVID-09757,SHA-16_EXPERT_LENSES-SRC-00157,16_expert_lenses,Expert Lenses,candidate,skyharbor-air-rich-standard-candidate-20260717,SHA-CANDIDATE-LOAD-20260717,2026-07-17T00:00:00.000Z,deterministic synthetic enterprise context generator,synthetic airline enterprise context generation,"This is planning-grade synthetic enterprise context. It is not real client production data, not PHI/PII/payment-card data, and not a claim of realized financial value."
skyharbor-air,Expert Lenses procurement executive lens 158,CDAO,What evidence must close before Passenger rebooking personalization or Loyalty Platform Modernization advances?,SHA-EVID-09758; source row; owner; baseline; control status,Boardroom planning for Expert Lenses; candidate preview only.,"No production data, no active promotion, no realized value claim.",datasets/tenant-inputs/candidates/skyharbor-air/rich-synthetic-2026-07-v3/16_expert_lenses.csv,2026-07-17,medium,airport-local operating variation evidence requires owner validation; source is synthetic and candidate-only,SHA-16-00158,SHA-EVID-09758,SHA-16_EXPERT_LENSES-SRC-00158,16_expert_lenses,Expert Lenses,candidate,skyharbor-air-rich-standard-candidate-20260717,SHA-CANDIDATE-LOAD-20260717,2026-07-17T00:00:00.000Z,deterministic synthetic enterprise context generator,synthetic airline enterprise context generation,"This is planning-grade synthetic enterprise context. It is not real client production data, not PHI/PII/payment-card data, and not a claim of realized financial value."
skyharbor-air,Expert Lenses HR and workforce executive lens 159,CISO,What evidence must close before Baggage recovery prediction or Crew Operations Optimization advances?,SHA-EVID-09759; source row; owner; baseline; control status,Boardroom planning for Expert Lenses; candidate preview only.,"No production data, no active promotion, no realized value claim.",datasets/tenant-inputs/candidates/skyharbor-air/rich-synthetic-2026-07-v3/16_expert_lenses.csv,2026-07-17,medium,reservation-system dependency evidence requires owner validation; source is synthetic and candidate-only,SHA-16-00159,SHA-EVID-09759,SHA-16_EXPERT_LENSES-SRC-00159,16_expert_lenses,Expert Lenses,candidate,skyharbor-air-rich-standard-candidate-20260717,SHA-CANDIDATE-LOAD-20260717,2026-07-17T00:00:00.000Z,deterministic synthetic enterprise context generator,synthetic airline enterprise context generation,"This is planning-grade synthetic enterprise context. It is not real client production data, not PHI/PII/payment-card data, and not a claim of realized financial value."
skyharbor-air,Expert Lenses data and analytics executive lens 160,Chief compliance officer,What evidence must close before Airport turnaround risk predictor or Maintenance Predictive Analytics Foundation advances?,SHA-EVID-09760; source row; owner; baseline; control status,Boardroom planning for Expert Lenses; candidate preview only.,"No production data, no active promotion, no realized value claim.",datasets/tenant-inputs/candidates/skyharbor-air/rich-synthetic-2026-07-v3/16_expert_lenses.csv,2026-07-17,high,cloud resilience evidence requires owner validation; source is synthetic and candidate-only,SHA-16-00160,SHA-EVID-09760,SHA-16_EXPERT_LENSES-SRC-00160,16_expert_lenses,Expert Lenses,candidate_review,skyharbor-air-rich-standard-candidate-20260717,SHA-CANDIDATE-LOAD-20260717,2026-07-17T00:00:00.000Z,deterministic synthetic enterprise context generator,synthetic airline enterprise context generation,"This is planning-grade synthetic enterprise context. It is not real client production data, not PHI/PII/payment-card data, and not a claim of realized financial value."
