tenant_key,client_display_name,v6_contract_version,business_object_family,record_id,record_name,source_system,source_owner,source_basis,source_file,source_row_number,as_of_date,period_start,period_end,refresh_frequency,confidence,synthetic_demo_flag,data_sensitivity,required_for_surfaces,allowed_answer_types,not_allowed_claims,known_gaps,created_at,updated_at,spend_id,amount_usd,amount_type,owner,program_id,vendor_id,system_id,committed_vs_discretionary,renewal_or_gate_date,value_linkage,unit_economics
skyharbor-air,Airline Demo,v6.0,spend_value,BUD-001,spend_value record,v4_synthetic_pack,data_thin:source_owner_missing,synthetic_demo,family-4-financial-commercial/F12_it-budget-financials.csv,2,2026-06-18,2026-01-01,2026-06-18,static_snapshot,medium,synthetic_demo,confidential,Tower|Intelligence,budget|actual|forecast|proxy_value|gap,roi_without_value_basis|bare_amount_without_entity_period_type,data_thin:source_owner_missing|data_thin:amount_missing|data_thin:owner_missing|data_thin:program_id_missing|data_thin:vendor_id_missing|data_thin:system_id_missing|data_thin:committed_vs_discretionary_missing|data_thin:renewal_or_gate_date_missing|data_thin:value_linkage_missing|data_thin:unit_economics_missing,2026-06-28T00:00:00Z,2026-06-28T00:00:00Z,BUD-001,data_thin:amount_missing,budget,data_thin:owner_missing,data_thin:program_id_missing,data_thin:vendor_id_missing,data_thin:system_id_missing,data_thin:committed_vs_discretionary_missing,data_thin:renewal_or_gate_date_missing,data_thin:value_linkage_missing,data_thin:unit_economics_missing
skyharbor-air,Airline Demo,v6.0,spend_value,BUD-002,spend_value record,v4_synthetic_pack,data_thin:source_owner_missing,synthetic_demo,family-4-financial-commercial/F12_it-budget-financials.csv,3,2026-06-18,2026-01-01,2026-06-18,static_snapshot,medium,synthetic_demo,confidential,Tower|Intelligence,budget|actual|forecast|proxy_value|gap,roi_without_value_basis|bare_amount_without_entity_period_type,data_thin:source_owner_missing|data_thin:amount_missing|data_thin:owner_missing|data_thin:program_id_missing|data_thin:vendor_id_missing|data_thin:system_id_missing|data_thin:committed_vs_discretionary_missing|data_thin:renewal_or_gate_date_missing|data_thin:value_linkage_missing|data_thin:unit_economics_missing,2026-06-28T00:00:00Z,2026-06-28T00:00:00Z,BUD-002,data_thin:amount_missing,budget,data_thin:owner_missing,data_thin:program_id_missing,data_thin:vendor_id_missing,data_thin:system_id_missing,data_thin:committed_vs_discretionary_missing,data_thin:renewal_or_gate_date_missing,data_thin:value_linkage_missing,data_thin:unit_economics_missing
skyharbor-air,Airline Demo,v6.0,spend_value,BUD-003,spend_value record,v4_synthetic_pack,data_thin:source_owner_missing,synthetic_demo,family-4-financial-commercial/F12_it-budget-financials.csv,4,2026-06-18,2026-01-01,2026-06-18,static_snapshot,medium,synthetic_demo,confidential,Tower|Intelligence,budget|actual|forecast|proxy_value|gap,roi_without_value_basis|bare_amount_without_entity_period_type,data_thin:source_owner_missing|data_thin:amount_missing|data_thin:owner_missing|data_thin:program_id_missing|data_thin:vendor_id_missing|data_thin:system_id_missing|data_thin:committed_vs_discretionary_missing|data_thin:renewal_or_gate_date_missing|data_thin:value_linkage_missing|data_thin:unit_economics_missing,2026-06-28T00:00:00Z,2026-06-28T00:00:00Z,BUD-003,data_thin:amount_missing,budget,data_thin:owner_missing,data_thin:program_id_missing,data_thin:vendor_id_missing,data_thin:system_id_missing,data_thin:committed_vs_discretionary_missing,data_thin:renewal_or_gate_date_missing,data_thin:value_linkage_missing,data_thin:unit_economics_missing
skyharbor-air,Airline Demo,v6.0,spend_value,BUD-004,spend_value record,v4_synthetic_pack,data_thin:source_owner_missing,synthetic_demo,family-4-financial-commercial/F12_it-budget-financials.csv,5,2026-06-18,2026-01-01,2026-06-18,static_snapshot,medium,synthetic_demo,confidential,Tower|Intelligence,budget|actual|forecast|proxy_value|gap,roi_without_value_basis|bare_amount_without_entity_period_type,data_thin:source_owner_missing|data_thin:amount_missing|data_thin:owner_missing|data_thin:program_id_missing|data_thin:vendor_id_missing|data_thin:system_id_missing|data_thin:committed_vs_discretionary_missing|data_thin:renewal_or_gate_date_missing|data_thin:value_linkage_missing|data_thin:unit_economics_missing,2026-06-28T00:00:00Z,2026-06-28T00:00:00Z,BUD-004,data_thin:amount_missing,budget,data_thin:owner_missing,data_thin:program_id_missing,data_thin:vendor_id_missing,data_thin:system_id_missing,data_thin:committed_vs_discretionary_missing,data_thin:renewal_or_gate_date_missing,data_thin:value_linkage_missing,data_thin:unit_economics_missing
skyharbor-air,Airline Demo,v6.0,spend_value,BUD-005,spend_value record,v4_synthetic_pack,data_thin:source_owner_missing,synthetic_demo,family-4-financial-commercial/F12_it-budget-financials.csv,6,2026-06-18,2026-01-01,2026-06-18,static_snapshot,medium,synthetic_demo,confidential,Tower|Intelligence,budget|actual|forecast|proxy_value|gap,roi_without_value_basis|bare_amount_without_entity_period_type,data_thin:source_owner_missing|data_thin:amount_missing|data_thin:owner_missing|data_thin:program_id_missing|data_thin:vendor_id_missing|data_thin:system_id_missing|data_thin:committed_vs_discretionary_missing|data_thin:renewal_or_gate_date_missing|data_thin:value_linkage_missing|data_thin:unit_economics_missing,2026-06-28T00:00:00Z,2026-06-28T00:00:00Z,BUD-005,data_thin:amount_missing,budget,data_thin:owner_missing,data_thin:program_id_missing,data_thin:vendor_id_missing,data_thin:system_id_missing,data_thin:committed_vs_discretionary_missing,data_thin:renewal_or_gate_date_missing,data_thin:value_linkage_missing,data_thin:unit_economics_missing
skyharbor-air,Airline Demo,v6.0,spend_value,BUD-006,spend_value record,v4_synthetic_pack,data_thin:source_owner_missing,synthetic_demo,family-4-financial-commercial/F12_it-budget-financials.csv,7,2026-06-18,2026-01-01,2026-06-18,static_snapshot,medium,synthetic_demo,confidential,Tower|Intelligence,budget|actual|forecast|proxy_value|gap,roi_without_value_basis|bare_amount_without_entity_period_type,data_thin:source_owner_missing|data_thin:amount_missing|data_thin:owner_missing|data_thin:program_id_missing|data_thin:vendor_id_missing|data_thin:system_id_missing|data_thin:committed_vs_discretionary_missing|data_thin:renewal_or_gate_date_missing|data_thin:value_linkage_missing|data_thin:unit_economics_missing,2026-06-28T00:00:00Z,2026-06-28T00:00:00Z,BUD-006,data_thin:amount_missing,budget,data_thin:owner_missing,data_thin:program_id_missing,data_thin:vendor_id_missing,data_thin:system_id_missing,data_thin:committed_vs_discretionary_missing,data_thin:renewal_or_gate_date_missing,data_thin:value_linkage_missing,data_thin:unit_economics_missing
skyharbor-air,Airline Demo,v6.0,spend_value,BUD-007,spend_value record,v4_synthetic_pack,data_thin:source_owner_missing,synthetic_demo,family-4-financial-commercial/F12_it-budget-financials.csv,8,2026-06-18,2026-01-01,2026-06-18,static_snapshot,medium,synthetic_demo,confidential,Tower|Intelligence,budget|actual|forecast|proxy_value|gap,roi_without_value_basis|bare_amount_without_entity_period_type,data_thin:source_owner_missing|data_thin:amount_missing|data_thin:owner_missing|data_thin:program_id_missing|data_thin:vendor_id_missing|data_thin:system_id_missing|data_thin:committed_vs_discretionary_missing|data_thin:renewal_or_gate_date_missing|data_thin:value_linkage_missing|data_thin:unit_economics_missing,2026-06-28T00:00:00Z,2026-06-28T00:00:00Z,BUD-007,data_thin:amount_missing,budget,data_thin:owner_missing,data_thin:program_id_missing,data_thin:vendor_id_missing,data_thin:system_id_missing,data_thin:committed_vs_discretionary_missing,data_thin:renewal_or_gate_date_missing,data_thin:value_linkage_missing,data_thin:unit_economics_missing
skyharbor-air,Airline Demo,v6.0,spend_value,BUD-008,spend_value record,v4_synthetic_pack,data_thin:source_owner_missing,synthetic_demo,family-4-financial-commercial/F12_it-budget-financials.csv,9,2026-06-18,2026-01-01,2026-06-18,static_snapshot,medium,synthetic_demo,confidential,Tower|Intelligence,budget|actual|forecast|proxy_value|gap,roi_without_value_basis|bare_amount_without_entity_period_type,data_thin:source_owner_missing|data_thin:amount_missing|data_thin:owner_missing|data_thin:program_id_missing|data_thin:vendor_id_missing|data_thin:system_id_missing|data_thin:committed_vs_discretionary_missing|data_thin:renewal_or_gate_date_missing|data_thin:value_linkage_missing|data_thin:unit_economics_missing,2026-06-28T00:00:00Z,2026-06-28T00:00:00Z,BUD-008,data_thin:amount_missing,budget,data_thin:owner_missing,data_thin:program_id_missing,data_thin:vendor_id_missing,data_thin:system_id_missing,data_thin:committed_vs_discretionary_missing,data_thin:renewal_or_gate_date_missing,data_thin:value_linkage_missing,data_thin:unit_economics_missing
skyharbor-air,Airline Demo,v6.0,spend_value,BUD-009,spend_value record,v4_synthetic_pack,data_thin:source_owner_missing,synthetic_demo,family-4-financial-commercial/F12_it-budget-financials.csv,10,2026-06-18,2026-01-01,2026-06-18,static_snapshot,medium,synthetic_demo,confidential,Tower|Intelligence,budget|actual|forecast|proxy_value|gap,roi_without_value_basis|bare_amount_without_entity_period_type,data_thin:source_owner_missing|data_thin:amount_missing|data_thin:owner_missing|data_thin:program_id_missing|data_thin:vendor_id_missing|data_thin:system_id_missing|data_thin:committed_vs_discretionary_missing|data_thin:renewal_or_gate_date_missing|data_thin:value_linkage_missing|data_thin:unit_economics_missing,2026-06-28T00:00:00Z,2026-06-28T00:00:00Z,BUD-009,data_thin:amount_missing,budget,data_thin:owner_missing,data_thin:program_id_missing,data_thin:vendor_id_missing,data_thin:system_id_missing,data_thin:committed_vs_discretionary_missing,data_thin:renewal_or_gate_date_missing,data_thin:value_linkage_missing,data_thin:unit_economics_missing
skyharbor-air,Airline Demo,v6.0,spend_value,BUD-010,spend_value record,v4_synthetic_pack,data_thin:source_owner_missing,synthetic_demo,family-4-financial-commercial/F12_it-budget-financials.csv,11,2026-06-18,2026-01-01,2026-06-18,static_snapshot,medium,synthetic_demo,confidential,Tower|Intelligence,budget|actual|forecast|proxy_value|gap,roi_without_value_basis|bare_amount_without_entity_period_type,data_thin:source_owner_missing|data_thin:amount_missing|data_thin:owner_missing|data_thin:program_id_missing|data_thin:vendor_id_missing|data_thin:system_id_missing|data_thin:committed_vs_discretionary_missing|data_thin:renewal_or_gate_date_missing|data_thin:value_linkage_missing|data_thin:unit_economics_missing,2026-06-28T00:00:00Z,2026-06-28T00:00:00Z,BUD-010,data_thin:amount_missing,budget,data_thin:owner_missing,data_thin:program_id_missing,data_thin:vendor_id_missing,data_thin:system_id_missing,data_thin:committed_vs_discretionary_missing,data_thin:renewal_or_gate_date_missing,data_thin:value_linkage_missing,data_thin:unit_economics_missing
skyharbor-air,Airline Demo,v6.0,spend_value,BUD-011,spend_value record,v4_synthetic_pack,data_thin:source_owner_missing,synthetic_demo,family-4-financial-commercial/F12_it-budget-financials.csv,12,2026-06-18,2026-01-01,2026-06-18,static_snapshot,medium,synthetic_demo,confidential,Tower|Intelligence,budget|actual|forecast|proxy_value|gap,roi_without_value_basis|bare_amount_without_entity_period_type,data_thin:source_owner_missing|data_thin:amount_missing|data_thin:owner_missing|data_thin:program_id_missing|data_thin:vendor_id_missing|data_thin:system_id_missing|data_thin:committed_vs_discretionary_missing|data_thin:renewal_or_gate_date_missing|data_thin:value_linkage_missing|data_thin:unit_economics_missing,2026-06-28T00:00:00Z,2026-06-28T00:00:00Z,BUD-011,data_thin:amount_missing,budget,data_thin:owner_missing,data_thin:program_id_missing,data_thin:vendor_id_missing,data_thin:system_id_missing,data_thin:committed_vs_discretionary_missing,data_thin:renewal_or_gate_date_missing,data_thin:value_linkage_missing,data_thin:unit_economics_missing
skyharbor-air,Airline Demo,v6.0,spend_value,BUD-012,spend_value record,v4_synthetic_pack,data_thin:source_owner_missing,synthetic_demo,family-4-financial-commercial/F12_it-budget-financials.csv,13,2026-06-18,2026-01-01,2026-06-18,static_snapshot,medium,synthetic_demo,confidential,Tower|Intelligence,budget|actual|forecast|proxy_value|gap,roi_without_value_basis|bare_amount_without_entity_period_type,data_thin:source_owner_missing|data_thin:amount_missing|data_thin:owner_missing|data_thin:program_id_missing|data_thin:vendor_id_missing|data_thin:system_id_missing|data_thin:committed_vs_discretionary_missing|data_thin:renewal_or_gate_date_missing|data_thin:value_linkage_missing|data_thin:unit_economics_missing,2026-06-28T00:00:00Z,2026-06-28T00:00:00Z,BUD-012,data_thin:amount_missing,budget,data_thin:owner_missing,data_thin:program_id_missing,data_thin:vendor_id_missing,data_thin:system_id_missing,data_thin:committed_vs_discretionary_missing,data_thin:renewal_or_gate_date_missing,data_thin:value_linkage_missing,data_thin:unit_economics_missing
skyharbor-air,Airline Demo,v6.0,spend_value,BUD-013,spend_value record,v4_synthetic_pack,data_thin:source_owner_missing,synthetic_demo,family-4-financial-commercial/F12_it-budget-financials.csv,14,2026-06-18,2026-01-01,2026-06-18,static_snapshot,medium,synthetic_demo,confidential,Tower|Intelligence,budget|actual|forecast|proxy_value|gap,roi_without_value_basis|bare_amount_without_entity_period_type,data_thin:source_owner_missing|data_thin:amount_missing|data_thin:owner_missing|data_thin:program_id_missing|data_thin:vendor_id_missing|data_thin:system_id_missing|data_thin:committed_vs_discretionary_missing|data_thin:renewal_or_gate_date_missing|data_thin:value_linkage_missing|data_thin:unit_economics_missing,2026-06-28T00:00:00Z,2026-06-28T00:00:00Z,BUD-013,data_thin:amount_missing,budget,data_thin:owner_missing,data_thin:program_id_missing,data_thin:vendor_id_missing,data_thin:system_id_missing,data_thin:committed_vs_discretionary_missing,data_thin:renewal_or_gate_date_missing,data_thin:value_linkage_missing,data_thin:unit_economics_missing
skyharbor-air,Airline Demo,v6.0,spend_value,SHA-INIT-001,spend_value record,v4_synthetic_pack,data_thin:source_owner_missing,synthetic_demo,ai-control-tower/T07_benefit-realization.csv,2,2026-06-18,2026-01-01,2026-06-18,static_snapshot,high,synthetic_demo,confidential,Tower|Intelligence,budget|actual|forecast|proxy_value|gap,roi_without_value_basis|bare_amount_without_entity_period_type,data_thin:source_owner_missing|data_thin:amount_missing|data_thin:owner_missing|data_thin:vendor_id_missing|data_thin:system_id_missing|data_thin:committed_vs_discretionary_missing|data_thin:renewal_or_gate_date_missing|data_thin:value_linkage_missing,2026-06-28T00:00:00Z,2026-06-28T00:00:00Z,SHA-INIT-001,data_thin:amount_missing,benefit,data_thin:owner_missing,SHA-INIT-001,data_thin:vendor_id_missing,data_thin:system_id_missing,data_thin:committed_vs_discretionary_missing,data_thin:renewal_or_gate_date_missing,data_thin:value_linkage_missing,control group
skyharbor-air,Airline Demo,v6.0,spend_value,SHA-INIT-002,spend_value record,v4_synthetic_pack,data_thin:source_owner_missing,synthetic_demo,ai-control-tower/T07_benefit-realization.csv,3,2026-06-18,2026-01-01,2026-06-18,static_snapshot,medium,synthetic_demo,confidential,Tower|Intelligence,budget|actual|forecast|proxy_value|gap,roi_without_value_basis|bare_amount_without_entity_period_type,data_thin:source_owner_missing|data_thin:amount_missing|data_thin:owner_missing|data_thin:vendor_id_missing|data_thin:system_id_missing|data_thin:committed_vs_discretionary_missing|data_thin:renewal_or_gate_date_missing|data_thin:value_linkage_missing,2026-06-28T00:00:00Z,2026-06-28T00:00:00Z,SHA-INIT-002,data_thin:amount_missing,benefit,data_thin:owner_missing,SHA-INIT-002,data_thin:vendor_id_missing,data_thin:system_id_missing,data_thin:committed_vs_discretionary_missing,data_thin:renewal_or_gate_date_missing,data_thin:value_linkage_missing,before_after
skyharbor-air,Airline Demo,v6.0,spend_value,SHA-INIT-003,spend_value record,v4_synthetic_pack,data_thin:source_owner_missing,synthetic_demo,ai-control-tower/T07_benefit-realization.csv,4,2026-06-18,2026-01-01,2026-06-18,static_snapshot,low,synthetic_demo,confidential,Tower|Intelligence,budget|actual|forecast|proxy_value|gap,roi_without_value_basis|bare_amount_without_entity_period_type,data_thin:source_owner_missing|data_thin:amount_missing|data_thin:owner_missing|data_thin:vendor_id_missing|data_thin:system_id_missing|data_thin:committed_vs_discretionary_missing|data_thin:renewal_or_gate_date_missing|data_thin:value_linkage_missing,2026-06-28T00:00:00Z,2026-06-28T00:00:00Z,SHA-INIT-003,data_thin:amount_missing,benefit,data_thin:owner_missing,SHA-INIT-003,data_thin:vendor_id_missing,data_thin:system_id_missing,data_thin:committed_vs_discretionary_missing,data_thin:renewal_or_gate_date_missing,data_thin:value_linkage_missing,telemetry estimate
skyharbor-air,Airline Demo,v6.0,spend_value,SHA-INIT-004,spend_value record,v4_synthetic_pack,data_thin:source_owner_missing,synthetic_demo,ai-control-tower/T07_benefit-realization.csv,5,2026-06-18,2026-01-01,2026-06-18,static_snapshot,medium,synthetic_demo,confidential,Tower|Intelligence,budget|actual|forecast|proxy_value|gap,roi_without_value_basis|bare_amount_without_entity_period_type,data_thin:source_owner_missing|data_thin:amount_missing|data_thin:owner_missing|data_thin:vendor_id_missing|data_thin:system_id_missing|data_thin:committed_vs_discretionary_missing|data_thin:renewal_or_gate_date_missing|data_thin:value_linkage_missing,2026-06-28T00:00:00Z,2026-06-28T00:00:00Z,SHA-INIT-004,data_thin:amount_missing,benefit,data_thin:owner_missing,SHA-INIT-004,data_thin:vendor_id_missing,data_thin:system_id_missing,data_thin:committed_vs_discretionary_missing,data_thin:renewal_or_gate_date_missing,data_thin:value_linkage_missing,finance model
skyharbor-air,Airline Demo,v6.0,spend_value,SHA-INIT-005,spend_value record,v4_synthetic_pack,data_thin:source_owner_missing,synthetic_demo,ai-control-tower/T07_benefit-realization.csv,6,2026-06-18,2026-01-01,2026-06-18,static_snapshot,high,synthetic_demo,confidential,Tower|Intelligence,budget|actual|forecast|proxy_value|gap,roi_without_value_basis|bare_amount_without_entity_period_type,data_thin:source_owner_missing|data_thin:amount_missing|data_thin:owner_missing|data_thin:vendor_id_missing|data_thin:system_id_missing|data_thin:committed_vs_discretionary_missing|data_thin:renewal_or_gate_date_missing|data_thin:value_linkage_missing,2026-06-28T00:00:00Z,2026-06-28T00:00:00Z,SHA-INIT-005,data_thin:amount_missing,benefit,data_thin:owner_missing,SHA-INIT-005,data_thin:vendor_id_missing,data_thin:system_id_missing,data_thin:committed_vs_discretionary_missing,data_thin:renewal_or_gate_date_missing,data_thin:value_linkage_missing,not measured
skyharbor-air,Airline Demo,v6.0,spend_value,SHA-INIT-006,spend_value record,v4_synthetic_pack,data_thin:source_owner_missing,synthetic_demo,ai-control-tower/T07_benefit-realization.csv,7,2026-06-18,2026-01-01,2026-06-18,static_snapshot,medium,synthetic_demo,confidential,Tower|Intelligence,budget|actual|forecast|proxy_value|gap,roi_without_value_basis|bare_amount_without_entity_period_type,data_thin:source_owner_missing|data_thin:amount_missing|data_thin:owner_missing|data_thin:vendor_id_missing|data_thin:system_id_missing|data_thin:committed_vs_discretionary_missing|data_thin:renewal_or_gate_date_missing|data_thin:value_linkage_missing,2026-06-28T00:00:00Z,2026-06-28T00:00:00Z,SHA-INIT-006,data_thin:amount_missing,benefit,data_thin:owner_missing,SHA-INIT-006,data_thin:vendor_id_missing,data_thin:system_id_missing,data_thin:committed_vs_discretionary_missing,data_thin:renewal_or_gate_date_missing,data_thin:value_linkage_missing,control group
skyharbor-air,Airline Demo,v6.0,spend_value,SHA-INIT-007,spend_value record,v4_synthetic_pack,data_thin:source_owner_missing,synthetic_demo,ai-control-tower/T07_benefit-realization.csv,8,2026-06-18,2026-01-01,2026-06-18,static_snapshot,low,synthetic_demo,confidential,Tower|Intelligence,budget|actual|forecast|proxy_value|gap,roi_without_value_basis|bare_amount_without_entity_period_type,data_thin:source_owner_missing|data_thin:amount_missing|data_thin:owner_missing|data_thin:vendor_id_missing|data_thin:system_id_missing|data_thin:committed_vs_discretionary_missing|data_thin:renewal_or_gate_date_missing|data_thin:value_linkage_missing,2026-06-28T00:00:00Z,2026-06-28T00:00:00Z,SHA-INIT-007,data_thin:amount_missing,benefit,data_thin:owner_missing,SHA-INIT-007,data_thin:vendor_id_missing,data_thin:system_id_missing,data_thin:committed_vs_discretionary_missing,data_thin:renewal_or_gate_date_missing,data_thin:value_linkage_missing,before_after
skyharbor-air,Airline Demo,v6.0,spend_value,SHA-INIT-008,spend_value record,v4_synthetic_pack,data_thin:source_owner_missing,synthetic_demo,ai-control-tower/T07_benefit-realization.csv,9,2026-06-18,2026-01-01,2026-06-18,static_snapshot,medium,synthetic_demo,confidential,Tower|Intelligence,budget|actual|forecast|proxy_value|gap,roi_without_value_basis|bare_amount_without_entity_period_type,data_thin:source_owner_missing|data_thin:amount_missing|data_thin:owner_missing|data_thin:vendor_id_missing|data_thin:system_id_missing|data_thin:committed_vs_discretionary_missing|data_thin:renewal_or_gate_date_missing|data_thin:value_linkage_missing,2026-06-28T00:00:00Z,2026-06-28T00:00:00Z,SHA-INIT-008,data_thin:amount_missing,benefit,data_thin:owner_missing,SHA-INIT-008,data_thin:vendor_id_missing,data_thin:system_id_missing,data_thin:committed_vs_discretionary_missing,data_thin:renewal_or_gate_date_missing,data_thin:value_linkage_missing,telemetry estimate
skyharbor-air,Airline Demo,v6.0,spend_value,SHA-INIT-009,spend_value record,v4_synthetic_pack,data_thin:source_owner_missing,synthetic_demo,ai-control-tower/T07_benefit-realization.csv,10,2026-06-18,2026-01-01,2026-06-18,static_snapshot,high,synthetic_demo,confidential,Tower|Intelligence,budget|actual|forecast|proxy_value|gap,roi_without_value_basis|bare_amount_without_entity_period_type,data_thin:source_owner_missing|data_thin:amount_missing|data_thin:owner_missing|data_thin:vendor_id_missing|data_thin:system_id_missing|data_thin:committed_vs_discretionary_missing|data_thin:renewal_or_gate_date_missing|data_thin:value_linkage_missing,2026-06-28T00:00:00Z,2026-06-28T00:00:00Z,SHA-INIT-009,data_thin:amount_missing,benefit,data_thin:owner_missing,SHA-INIT-009,data_thin:vendor_id_missing,data_thin:system_id_missing,data_thin:committed_vs_discretionary_missing,data_thin:renewal_or_gate_date_missing,data_thin:value_linkage_missing,finance model
skyharbor-air,Airline Demo,v6.0,spend_value,SHA-INIT-010,spend_value record,v4_synthetic_pack,data_thin:source_owner_missing,synthetic_demo,ai-control-tower/T07_benefit-realization.csv,11,2026-06-18,2026-01-01,2026-06-18,static_snapshot,medium,synthetic_demo,confidential,Tower|Intelligence,budget|actual|forecast|proxy_value|gap,roi_without_value_basis|bare_amount_without_entity_period_type,data_thin:source_owner_missing|data_thin:amount_missing|data_thin:owner_missing|data_thin:vendor_id_missing|data_thin:system_id_missing|data_thin:committed_vs_discretionary_missing|data_thin:renewal_or_gate_date_missing|data_thin:value_linkage_missing,2026-06-28T00:00:00Z,2026-06-28T00:00:00Z,SHA-INIT-010,data_thin:amount_missing,benefit,data_thin:owner_missing,SHA-INIT-010,data_thin:vendor_id_missing,data_thin:system_id_missing,data_thin:committed_vs_discretionary_missing,data_thin:renewal_or_gate_date_missing,data_thin:value_linkage_missing,not measured
skyharbor-air,Airline Demo,v6.0,spend_value,SHA-INIT-100,spend_value record,v4_synthetic_pack,data_thin:source_owner_missing,synthetic_demo,ai-control-tower/T07_benefit-realization.csv,12,2026-06-18,2026-01-01,2026-06-18,static_snapshot,low,synthetic_demo,confidential,Tower|Intelligence,budget|actual|forecast|proxy_value|gap,roi_without_value_basis|bare_amount_without_entity_period_type,data_thin:source_owner_missing|data_thin:amount_missing|data_thin:owner_missing|data_thin:vendor_id_missing|data_thin:system_id_missing|data_thin:committed_vs_discretionary_missing|data_thin:renewal_or_gate_date_missing|data_thin:value_linkage_missing,2026-06-28T00:00:00Z,2026-06-28T00:00:00Z,SHA-INIT-100,data_thin:amount_missing,benefit,data_thin:owner_missing,SHA-INIT-100,data_thin:vendor_id_missing,data_thin:system_id_missing,data_thin:committed_vs_discretionary_missing,data_thin:renewal_or_gate_date_missing,data_thin:value_linkage_missing,control group
skyharbor-air,Airline Demo,v6.0,spend_value,SHA-INIT-101,spend_value record,v4_synthetic_pack,data_thin:source_owner_missing,synthetic_demo,ai-control-tower/T07_benefit-realization.csv,13,2026-06-18,2026-01-01,2026-06-18,static_snapshot,medium,synthetic_demo,confidential,Tower|Intelligence,budget|actual|forecast|proxy_value|gap,roi_without_value_basis|bare_amount_without_entity_period_type,data_thin:source_owner_missing|data_thin:amount_missing|data_thin:owner_missing|data_thin:vendor_id_missing|data_thin:system_id_missing|data_thin:committed_vs_discretionary_missing|data_thin:renewal_or_gate_date_missing|data_thin:value_linkage_missing,2026-06-28T00:00:00Z,2026-06-28T00:00:00Z,SHA-INIT-101,data_thin:amount_missing,benefit,data_thin:owner_missing,SHA-INIT-101,data_thin:vendor_id_missing,data_thin:system_id_missing,data_thin:committed_vs_discretionary_missing,data_thin:renewal_or_gate_date_missing,data_thin:value_linkage_missing,before_after
skyharbor-air,Airline Demo,v6.0,spend_value,SHA-INIT-102,spend_value record,v4_synthetic_pack,data_thin:source_owner_missing,synthetic_demo,ai-control-tower/T07_benefit-realization.csv,14,2026-06-18,2026-01-01,2026-06-18,static_snapshot,high,synthetic_demo,confidential,Tower|Intelligence,budget|actual|forecast|proxy_value|gap,roi_without_value_basis|bare_amount_without_entity_period_type,data_thin:source_owner_missing|data_thin:amount_missing|data_thin:owner_missing|data_thin:vendor_id_missing|data_thin:system_id_missing|data_thin:committed_vs_discretionary_missing|data_thin:renewal_or_gate_date_missing|data_thin:value_linkage_missing,2026-06-28T00:00:00Z,2026-06-28T00:00:00Z,SHA-INIT-102,data_thin:amount_missing,benefit,data_thin:owner_missing,SHA-INIT-102,data_thin:vendor_id_missing,data_thin:system_id_missing,data_thin:committed_vs_discretionary_missing,data_thin:renewal_or_gate_date_missing,data_thin:value_linkage_missing,telemetry estimate
skyharbor-air,Airline Demo,v6.0,spend_value,SHA-INIT-103,spend_value record,v4_synthetic_pack,data_thin:source_owner_missing,synthetic_demo,ai-control-tower/T07_benefit-realization.csv,15,2026-06-18,2026-01-01,2026-06-18,static_snapshot,medium,synthetic_demo,confidential,Tower|Intelligence,budget|actual|forecast|proxy_value|gap,roi_without_value_basis|bare_amount_without_entity_period_type,data_thin:source_owner_missing|data_thin:amount_missing|data_thin:owner_missing|data_thin:vendor_id_missing|data_thin:system_id_missing|data_thin:committed_vs_discretionary_missing|data_thin:renewal_or_gate_date_missing|data_thin:value_linkage_missing,2026-06-28T00:00:00Z,2026-06-28T00:00:00Z,SHA-INIT-103,data_thin:amount_missing,benefit,data_thin:owner_missing,SHA-INIT-103,data_thin:vendor_id_missing,data_thin:system_id_missing,data_thin:committed_vs_discretionary_missing,data_thin:renewal_or_gate_date_missing,data_thin:value_linkage_missing,finance model
skyharbor-air,Airline Demo,v6.0,spend_value,SHA-INIT-104,spend_value record,v4_synthetic_pack,data_thin:source_owner_missing,synthetic_demo,ai-control-tower/T07_benefit-realization.csv,16,2026-06-18,2026-01-01,2026-06-18,static_snapshot,low,synthetic_demo,confidential,Tower|Intelligence,budget|actual|forecast|proxy_value|gap,roi_without_value_basis|bare_amount_without_entity_period_type,data_thin:source_owner_missing|data_thin:amount_missing|data_thin:owner_missing|data_thin:vendor_id_missing|data_thin:system_id_missing|data_thin:committed_vs_discretionary_missing|data_thin:renewal_or_gate_date_missing|data_thin:value_linkage_missing,2026-06-28T00:00:00Z,2026-06-28T00:00:00Z,SHA-INIT-104,data_thin:amount_missing,benefit,data_thin:owner_missing,SHA-INIT-104,data_thin:vendor_id_missing,data_thin:system_id_missing,data_thin:committed_vs_discretionary_missing,data_thin:renewal_or_gate_date_missing,data_thin:value_linkage_missing,not measured
skyharbor-air,Airline Demo,v6.0,spend_value,SHA-INIT-105,spend_value record,v4_synthetic_pack,data_thin:source_owner_missing,synthetic_demo,ai-control-tower/T07_benefit-realization.csv,17,2026-06-18,2026-01-01,2026-06-18,static_snapshot,medium,synthetic_demo,confidential,Tower|Intelligence,budget|actual|forecast|proxy_value|gap,roi_without_value_basis|bare_amount_without_entity_period_type,data_thin:source_owner_missing|data_thin:amount_missing|data_thin:owner_missing|data_thin:vendor_id_missing|data_thin:system_id_missing|data_thin:committed_vs_discretionary_missing|data_thin:renewal_or_gate_date_missing|data_thin:value_linkage_missing,2026-06-28T00:00:00Z,2026-06-28T00:00:00Z,SHA-INIT-105,data_thin:amount_missing,benefit,data_thin:owner_missing,SHA-INIT-105,data_thin:vendor_id_missing,data_thin:system_id_missing,data_thin:committed_vs_discretionary_missing,data_thin:renewal_or_gate_date_missing,data_thin:value_linkage_missing,control group
skyharbor-air,Airline Demo,v6.0,spend_value,SHA-INIT-106,spend_value record,v4_synthetic_pack,data_thin:source_owner_missing,synthetic_demo,ai-control-tower/T07_benefit-realization.csv,18,2026-06-18,2026-01-01,2026-06-18,static_snapshot,high,synthetic_demo,confidential,Tower|Intelligence,budget|actual|forecast|proxy_value|gap,roi_without_value_basis|bare_amount_without_entity_period_type,data_thin:source_owner_missing|data_thin:amount_missing|data_thin:owner_missing|data_thin:vendor_id_missing|data_thin:system_id_missing|data_thin:committed_vs_discretionary_missing|data_thin:renewal_or_gate_date_missing|data_thin:value_linkage_missing,2026-06-28T00:00:00Z,2026-06-28T00:00:00Z,SHA-INIT-106,data_thin:amount_missing,benefit,data_thin:owner_missing,SHA-INIT-106,data_thin:vendor_id_missing,data_thin:system_id_missing,data_thin:committed_vs_discretionary_missing,data_thin:renewal_or_gate_date_missing,data_thin:value_linkage_missing,before_after
skyharbor-air,Airline Demo,v6.0,spend_value,SHA-INIT-107,spend_value record,v4_synthetic_pack,data_thin:source_owner_missing,synthetic_demo,ai-control-tower/T07_benefit-realization.csv,19,2026-06-18,2026-01-01,2026-06-18,static_snapshot,medium,synthetic_demo,confidential,Tower|Intelligence,budget|actual|forecast|proxy_value|gap,roi_without_value_basis|bare_amount_without_entity_period_type,data_thin:source_owner_missing|data_thin:amount_missing|data_thin:owner_missing|data_thin:vendor_id_missing|data_thin:system_id_missing|data_thin:committed_vs_discretionary_missing|data_thin:renewal_or_gate_date_missing|data_thin:value_linkage_missing,2026-06-28T00:00:00Z,2026-06-28T00:00:00Z,SHA-INIT-107,data_thin:amount_missing,benefit,data_thin:owner_missing,SHA-INIT-107,data_thin:vendor_id_missing,data_thin:system_id_missing,data_thin:committed_vs_discretionary_missing,data_thin:renewal_or_gate_date_missing,data_thin:value_linkage_missing,telemetry estimate
skyharbor-air,Airline Demo,v6.0,spend_value,SHA-INIT-108,spend_value record,v4_synthetic_pack,data_thin:source_owner_missing,synthetic_demo,ai-control-tower/T07_benefit-realization.csv,20,2026-06-18,2026-01-01,2026-06-18,static_snapshot,low,synthetic_demo,confidential,Tower|Intelligence,budget|actual|forecast|proxy_value|gap,roi_without_value_basis|bare_amount_without_entity_period_type,data_thin:source_owner_missing|data_thin:amount_missing|data_thin:owner_missing|data_thin:vendor_id_missing|data_thin:system_id_missing|data_thin:committed_vs_discretionary_missing|data_thin:renewal_or_gate_date_missing|data_thin:value_linkage_missing,2026-06-28T00:00:00Z,2026-06-28T00:00:00Z,SHA-INIT-108,data_thin:amount_missing,benefit,data_thin:owner_missing,SHA-INIT-108,data_thin:vendor_id_missing,data_thin:system_id_missing,data_thin:committed_vs_discretionary_missing,data_thin:renewal_or_gate_date_missing,data_thin:value_linkage_missing,finance model
skyharbor-air,Airline Demo,v6.0,spend_value,SHA-INIT-109,spend_value record,v4_synthetic_pack,data_thin:source_owner_missing,synthetic_demo,ai-control-tower/T07_benefit-realization.csv,21,2026-06-18,2026-01-01,2026-06-18,static_snapshot,medium,synthetic_demo,confidential,Tower|Intelligence,budget|actual|forecast|proxy_value|gap,roi_without_value_basis|bare_amount_without_entity_period_type,data_thin:source_owner_missing|data_thin:amount_missing|data_thin:owner_missing|data_thin:vendor_id_missing|data_thin:system_id_missing|data_thin:committed_vs_discretionary_missing|data_thin:renewal_or_gate_date_missing|data_thin:value_linkage_missing,2026-06-28T00:00:00Z,2026-06-28T00:00:00Z,SHA-INIT-109,data_thin:amount_missing,benefit,data_thin:owner_missing,SHA-INIT-109,data_thin:vendor_id_missing,data_thin:system_id_missing,data_thin:committed_vs_discretionary_missing,data_thin:renewal_or_gate_date_missing,data_thin:value_linkage_missing,not measured
skyharbor-air,Airline Demo,v6.0,spend_value,SHA-INIT-110,spend_value record,v4_synthetic_pack,data_thin:source_owner_missing,synthetic_demo,ai-control-tower/T07_benefit-realization.csv,22,2026-06-18,2026-01-01,2026-06-18,static_snapshot,high,synthetic_demo,confidential,Tower|Intelligence,budget|actual|forecast|proxy_value|gap,roi_without_value_basis|bare_amount_without_entity_period_type,data_thin:source_owner_missing|data_thin:amount_missing|data_thin:owner_missing|data_thin:vendor_id_missing|data_thin:system_id_missing|data_thin:committed_vs_discretionary_missing|data_thin:renewal_or_gate_date_missing|data_thin:value_linkage_missing,2026-06-28T00:00:00Z,2026-06-28T00:00:00Z,SHA-INIT-110,data_thin:amount_missing,benefit,data_thin:owner_missing,SHA-INIT-110,data_thin:vendor_id_missing,data_thin:system_id_missing,data_thin:committed_vs_discretionary_missing,data_thin:renewal_or_gate_date_missing,data_thin:value_linkage_missing,control group
skyharbor-air,Airline Demo,v6.0,spend_value,SHA-INIT-111,spend_value record,v4_synthetic_pack,data_thin:source_owner_missing,synthetic_demo,ai-control-tower/T07_benefit-realization.csv,23,2026-06-18,2026-01-01,2026-06-18,static_snapshot,medium,synthetic_demo,confidential,Tower|Intelligence,budget|actual|forecast|proxy_value|gap,roi_without_value_basis|bare_amount_without_entity_period_type,data_thin:source_owner_missing|data_thin:amount_missing|data_thin:owner_missing|data_thin:vendor_id_missing|data_thin:system_id_missing|data_thin:committed_vs_discretionary_missing|data_thin:renewal_or_gate_date_missing|data_thin:value_linkage_missing,2026-06-28T00:00:00Z,2026-06-28T00:00:00Z,SHA-INIT-111,data_thin:amount_missing,benefit,data_thin:owner_missing,SHA-INIT-111,data_thin:vendor_id_missing,data_thin:system_id_missing,data_thin:committed_vs_discretionary_missing,data_thin:renewal_or_gate_date_missing,data_thin:value_linkage_missing,before_after
skyharbor-air,Airline Demo,v6.0,spend_value,SHA-INIT-112,spend_value record,v4_synthetic_pack,data_thin:source_owner_missing,synthetic_demo,ai-control-tower/T07_benefit-realization.csv,24,2026-06-18,2026-01-01,2026-06-18,static_snapshot,low,synthetic_demo,confidential,Tower|Intelligence,budget|actual|forecast|proxy_value|gap,roi_without_value_basis|bare_amount_without_entity_period_type,data_thin:source_owner_missing|data_thin:amount_missing|data_thin:owner_missing|data_thin:vendor_id_missing|data_thin:system_id_missing|data_thin:committed_vs_discretionary_missing|data_thin:renewal_or_gate_date_missing|data_thin:value_linkage_missing,2026-06-28T00:00:00Z,2026-06-28T00:00:00Z,SHA-INIT-112,data_thin:amount_missing,benefit,data_thin:owner_missing,SHA-INIT-112,data_thin:vendor_id_missing,data_thin:system_id_missing,data_thin:committed_vs_discretionary_missing,data_thin:renewal_or_gate_date_missing,data_thin:value_linkage_missing,telemetry estimate
skyharbor-air,Airline Demo,v6.0,spend_value,SHA-INIT-113,spend_value record,v4_synthetic_pack,data_thin:source_owner_missing,synthetic_demo,ai-control-tower/T07_benefit-realization.csv,25,2026-06-18,2026-01-01,2026-06-18,static_snapshot,medium,synthetic_demo,confidential,Tower|Intelligence,budget|actual|forecast|proxy_value|gap,roi_without_value_basis|bare_amount_without_entity_period_type,data_thin:source_owner_missing|data_thin:amount_missing|data_thin:owner_missing|data_thin:vendor_id_missing|data_thin:system_id_missing|data_thin:committed_vs_discretionary_missing|data_thin:renewal_or_gate_date_missing|data_thin:value_linkage_missing,2026-06-28T00:00:00Z,2026-06-28T00:00:00Z,SHA-INIT-113,data_thin:amount_missing,benefit,data_thin:owner_missing,SHA-INIT-113,data_thin:vendor_id_missing,data_thin:system_id_missing,data_thin:committed_vs_discretionary_missing,data_thin:renewal_or_gate_date_missing,data_thin:value_linkage_missing,finance model
skyharbor-air,Airline Demo,v6.0,spend_value,SHA-INIT-114,spend_value record,v4_synthetic_pack,data_thin:source_owner_missing,synthetic_demo,ai-control-tower/T07_benefit-realization.csv,26,2026-06-18,2026-01-01,2026-06-18,static_snapshot,high,synthetic_demo,confidential,Tower|Intelligence,budget|actual|forecast|proxy_value|gap,roi_without_value_basis|bare_amount_without_entity_period_type,data_thin:source_owner_missing|data_thin:amount_missing|data_thin:owner_missing|data_thin:vendor_id_missing|data_thin:system_id_missing|data_thin:committed_vs_discretionary_missing|data_thin:renewal_or_gate_date_missing|data_thin:value_linkage_missing,2026-06-28T00:00:00Z,2026-06-28T00:00:00Z,SHA-INIT-114,data_thin:amount_missing,benefit,data_thin:owner_missing,SHA-INIT-114,data_thin:vendor_id_missing,data_thin:system_id_missing,data_thin:committed_vs_discretionary_missing,data_thin:renewal_or_gate_date_missing,data_thin:value_linkage_missing,not measured
skyharbor-air,Airline Demo,v6.0,spend_value,SHA-INIT-115,spend_value record,v4_synthetic_pack,data_thin:source_owner_missing,synthetic_demo,ai-control-tower/T07_benefit-realization.csv,27,2026-06-18,2026-01-01,2026-06-18,static_snapshot,medium,synthetic_demo,confidential,Tower|Intelligence,budget|actual|forecast|proxy_value|gap,roi_without_value_basis|bare_amount_without_entity_period_type,data_thin:source_owner_missing|data_thin:amount_missing|data_thin:owner_missing|data_thin:vendor_id_missing|data_thin:system_id_missing|data_thin:committed_vs_discretionary_missing|data_thin:renewal_or_gate_date_missing|data_thin:value_linkage_missing,2026-06-28T00:00:00Z,2026-06-28T00:00:00Z,SHA-INIT-115,data_thin:amount_missing,benefit,data_thin:owner_missing,SHA-INIT-115,data_thin:vendor_id_missing,data_thin:system_id_missing,data_thin:committed_vs_discretionary_missing,data_thin:renewal_or_gate_date_missing,data_thin:value_linkage_missing,control group
skyharbor-air,Airline Demo,v6.0,spend_value,SHA-INIT-116,spend_value record,v4_synthetic_pack,data_thin:source_owner_missing,synthetic_demo,ai-control-tower/T07_benefit-realization.csv,28,2026-06-18,2026-01-01,2026-06-18,static_snapshot,low,synthetic_demo,confidential,Tower|Intelligence,budget|actual|forecast|proxy_value|gap,roi_without_value_basis|bare_amount_without_entity_period_type,data_thin:source_owner_missing|data_thin:amount_missing|data_thin:owner_missing|data_thin:vendor_id_missing|data_thin:system_id_missing|data_thin:committed_vs_discretionary_missing|data_thin:renewal_or_gate_date_missing|data_thin:value_linkage_missing,2026-06-28T00:00:00Z,2026-06-28T00:00:00Z,SHA-INIT-116,data_thin:amount_missing,benefit,data_thin:owner_missing,SHA-INIT-116,data_thin:vendor_id_missing,data_thin:system_id_missing,data_thin:committed_vs_discretionary_missing,data_thin:renewal_or_gate_date_missing,data_thin:value_linkage_missing,before_after
skyharbor-air,Airline Demo,v6.0,spend_value,SHA-INIT-117,spend_value record,v4_synthetic_pack,data_thin:source_owner_missing,synthetic_demo,ai-control-tower/T07_benefit-realization.csv,29,2026-06-18,2026-01-01,2026-06-18,static_snapshot,medium,synthetic_demo,confidential,Tower|Intelligence,budget|actual|forecast|proxy_value|gap,roi_without_value_basis|bare_amount_without_entity_period_type,data_thin:source_owner_missing|data_thin:amount_missing|data_thin:owner_missing|data_thin:vendor_id_missing|data_thin:system_id_missing|data_thin:committed_vs_discretionary_missing|data_thin:renewal_or_gate_date_missing|data_thin:value_linkage_missing,2026-06-28T00:00:00Z,2026-06-28T00:00:00Z,SHA-INIT-117,data_thin:amount_missing,benefit,data_thin:owner_missing,SHA-INIT-117,data_thin:vendor_id_missing,data_thin:system_id_missing,data_thin:committed_vs_discretionary_missing,data_thin:renewal_or_gate_date_missing,data_thin:value_linkage_missing,telemetry estimate
skyharbor-air,Airline Demo,v6.0,spend_value,SHA-INIT-118,spend_value record,v4_synthetic_pack,data_thin:source_owner_missing,synthetic_demo,ai-control-tower/T07_benefit-realization.csv,30,2026-06-18,2026-01-01,2026-06-18,static_snapshot,high,synthetic_demo,confidential,Tower|Intelligence,budget|actual|forecast|proxy_value|gap,roi_without_value_basis|bare_amount_without_entity_period_type,data_thin:source_owner_missing|data_thin:amount_missing|data_thin:owner_missing|data_thin:vendor_id_missing|data_thin:system_id_missing|data_thin:committed_vs_discretionary_missing|data_thin:renewal_or_gate_date_missing|data_thin:value_linkage_missing,2026-06-28T00:00:00Z,2026-06-28T00:00:00Z,SHA-INIT-118,data_thin:amount_missing,benefit,data_thin:owner_missing,SHA-INIT-118,data_thin:vendor_id_missing,data_thin:system_id_missing,data_thin:committed_vs_discretionary_missing,data_thin:renewal_or_gate_date_missing,data_thin:value_linkage_missing,finance model
skyharbor-air,Airline Demo,v6.0,spend_value,SHA-INIT-119,spend_value record,v4_synthetic_pack,data_thin:source_owner_missing,synthetic_demo,ai-control-tower/T07_benefit-realization.csv,31,2026-06-18,2026-01-01,2026-06-18,static_snapshot,medium,synthetic_demo,confidential,Tower|Intelligence,budget|actual|forecast|proxy_value|gap,roi_without_value_basis|bare_amount_without_entity_period_type,data_thin:source_owner_missing|data_thin:amount_missing|data_thin:owner_missing|data_thin:vendor_id_missing|data_thin:system_id_missing|data_thin:committed_vs_discretionary_missing|data_thin:renewal_or_gate_date_missing|data_thin:value_linkage_missing,2026-06-28T00:00:00Z,2026-06-28T00:00:00Z,SHA-INIT-119,data_thin:amount_missing,benefit,data_thin:owner_missing,SHA-INIT-119,data_thin:vendor_id_missing,data_thin:system_id_missing,data_thin:committed_vs_discretionary_missing,data_thin:renewal_or_gate_date_missing,data_thin:value_linkage_missing,not measured
skyharbor-air,Airline Demo,v6.0,spend_value,SHA-SPEND-001-1,spend_value record,v4_synthetic_pack,data_thin:source_owner_missing,synthetic_demo,ai-control-tower/T08_spend-contracts.csv,2,2026-06-18,2026-01-01,2026-06-18,static_snapshot,medium,synthetic_demo,confidential,Tower|Intelligence,budget|actual|forecast|proxy_value|gap,roi_without_value_basis|bare_amount_without_entity_period_type,data_thin:source_owner_missing|data_thin:amount_missing|data_thin:owner_missing|data_thin:vendor_id_missing|data_thin:system_id_missing|data_thin:committed_vs_discretionary_missing,2026-06-28T00:00:00Z,2026-06-28T00:00:00Z,SHA-SPEND-001-1,data_thin:amount_missing,actual_spend,data_thin:owner_missing,SHA-INIT-001,data_thin:vendor_id_missing,data_thin:system_id_missing,data_thin:committed_vs_discretionary_missing,2026-01-28,Spend line for IROPS Agentic Recovery Cockpit,FTE-month
skyharbor-air,Airline Demo,v6.0,spend_value,SHA-SPEND-001-2,spend_value record,v4_synthetic_pack,data_thin:source_owner_missing,synthetic_demo,ai-control-tower/T08_spend-contracts.csv,3,2026-06-18,2026-01-01,2026-06-18,static_snapshot,medium,synthetic_demo,confidential,Tower|Intelligence,budget|actual|forecast|proxy_value|gap,roi_without_value_basis|bare_amount_without_entity_period_type,data_thin:source_owner_missing|data_thin:amount_missing|data_thin:owner_missing|data_thin:vendor_id_missing|data_thin:system_id_missing|data_thin:committed_vs_discretionary_missing,2026-06-28T00:00:00Z,2026-06-28T00:00:00Z,SHA-SPEND-001-2,data_thin:amount_missing,actual_spend,data_thin:owner_missing,SHA-INIT-001,data_thin:vendor_id_missing,data_thin:system_id_missing,data_thin:committed_vs_discretionary_missing,2026-02-28,Spend line for IROPS Agentic Recovery Cockpit,seat/month
skyharbor-air,Airline Demo,v6.0,spend_value,SHA-SPEND-001-3,spend_value record,v4_synthetic_pack,data_thin:source_owner_missing,synthetic_demo,ai-control-tower/T08_spend-contracts.csv,4,2026-06-18,2026-01-01,2026-06-18,static_snapshot,medium,synthetic_demo,confidential,Tower|Intelligence,budget|actual|forecast|proxy_value|gap,roi_without_value_basis|bare_amount_without_entity_period_type,data_thin:source_owner_missing|data_thin:amount_missing|data_thin:owner_missing|data_thin:vendor_id_missing|data_thin:system_id_missing|data_thin:committed_vs_discretionary_missing,2026-06-28T00:00:00Z,2026-06-28T00:00:00Z,SHA-SPEND-001-3,data_thin:amount_missing,actual_spend,data_thin:owner_missing,SHA-INIT-001,data_thin:vendor_id_missing,data_thin:system_id_missing,data_thin:committed_vs_discretionary_missing,2026-03-28,Spend line for IROPS Agentic Recovery Cockpit,compute-hour
skyharbor-air,Airline Demo,v6.0,spend_value,SHA-SPEND-001-4,spend_value record,v4_synthetic_pack,data_thin:source_owner_missing,synthetic_demo,ai-control-tower/T08_spend-contracts.csv,5,2026-06-18,2026-01-01,2026-06-18,static_snapshot,medium,synthetic_demo,confidential,Tower|Intelligence,budget|actual|forecast|proxy_value|gap,roi_without_value_basis|bare_amount_without_entity_period_type,data_thin:source_owner_missing|data_thin:amount_missing|data_thin:owner_missing|data_thin:vendor_id_missing|data_thin:system_id_missing|data_thin:committed_vs_discretionary_missing,2026-06-28T00:00:00Z,2026-06-28T00:00:00Z,SHA-SPEND-001-4,data_thin:amount_missing,actual_spend,data_thin:owner_missing,SHA-INIT-001,data_thin:vendor_id_missing,data_thin:system_id_missing,data_thin:committed_vs_discretionary_missing,2026-04-28,Spend line for IROPS Agentic Recovery Cockpit,SOW milestone
skyharbor-air,Airline Demo,v6.0,spend_value,SHA-SPEND-002-1,spend_value record,v4_synthetic_pack,data_thin:source_owner_missing,synthetic_demo,ai-control-tower/T08_spend-contracts.csv,6,2026-06-18,2026-01-01,2026-06-18,static_snapshot,medium,synthetic_demo,confidential,Tower|Intelligence,budget|actual|forecast|proxy_value|gap,roi_without_value_basis|bare_amount_without_entity_period_type,data_thin:source_owner_missing|data_thin:amount_missing|data_thin:owner_missing|data_thin:vendor_id_missing|data_thin:system_id_missing|data_thin:committed_vs_discretionary_missing,2026-06-28T00:00:00Z,2026-06-28T00:00:00Z,SHA-SPEND-002-1,data_thin:amount_missing,actual_spend,data_thin:owner_missing,SHA-INIT-002,data_thin:vendor_id_missing,data_thin:system_id_missing,data_thin:committed_vs_discretionary_missing,2026-02-28,Spend line for Delta-style Digital Concierge,FTE-month
skyharbor-air,Airline Demo,v6.0,spend_value,SHA-SPEND-002-2,spend_value record,v4_synthetic_pack,data_thin:source_owner_missing,synthetic_demo,ai-control-tower/T08_spend-contracts.csv,7,2026-06-18,2026-01-01,2026-06-18,static_snapshot,medium,synthetic_demo,confidential,Tower|Intelligence,budget|actual|forecast|proxy_value|gap,roi_without_value_basis|bare_amount_without_entity_period_type,data_thin:source_owner_missing|data_thin:amount_missing|data_thin:owner_missing|data_thin:vendor_id_missing|data_thin:system_id_missing|data_thin:committed_vs_discretionary_missing,2026-06-28T00:00:00Z,2026-06-28T00:00:00Z,SHA-SPEND-002-2,data_thin:amount_missing,actual_spend,data_thin:owner_missing,SHA-INIT-002,data_thin:vendor_id_missing,data_thin:system_id_missing,data_thin:committed_vs_discretionary_missing,2026-03-28,Spend line for Delta-style Digital Concierge,seat/month
skyharbor-air,Airline Demo,v6.0,spend_value,SHA-SPEND-002-3,spend_value record,v4_synthetic_pack,data_thin:source_owner_missing,synthetic_demo,ai-control-tower/T08_spend-contracts.csv,8,2026-06-18,2026-01-01,2026-06-18,static_snapshot,medium,synthetic_demo,confidential,Tower|Intelligence,budget|actual|forecast|proxy_value|gap,roi_without_value_basis|bare_amount_without_entity_period_type,data_thin:source_owner_missing|data_thin:amount_missing|data_thin:owner_missing|data_thin:vendor_id_missing|data_thin:system_id_missing|data_thin:committed_vs_discretionary_missing,2026-06-28T00:00:00Z,2026-06-28T00:00:00Z,SHA-SPEND-002-3,data_thin:amount_missing,actual_spend,data_thin:owner_missing,SHA-INIT-002,data_thin:vendor_id_missing,data_thin:system_id_missing,data_thin:committed_vs_discretionary_missing,2026-04-28,Spend line for Delta-style Digital Concierge,compute-hour
skyharbor-air,Airline Demo,v6.0,spend_value,SHA-SPEND-002-4,spend_value record,v4_synthetic_pack,data_thin:source_owner_missing,synthetic_demo,ai-control-tower/T08_spend-contracts.csv,9,2026-06-18,2026-01-01,2026-06-18,static_snapshot,medium,synthetic_demo,confidential,Tower|Intelligence,budget|actual|forecast|proxy_value|gap,roi_without_value_basis|bare_amount_without_entity_period_type,data_thin:source_owner_missing|data_thin:amount_missing|data_thin:owner_missing|data_thin:vendor_id_missing|data_thin:system_id_missing|data_thin:committed_vs_discretionary_missing,2026-06-28T00:00:00Z,2026-06-28T00:00:00Z,SHA-SPEND-002-4,data_thin:amount_missing,actual_spend,data_thin:owner_missing,SHA-INIT-002,data_thin:vendor_id_missing,data_thin:system_id_missing,data_thin:committed_vs_discretionary_missing,2026-05-28,Spend line for Delta-style Digital Concierge,SOW milestone
skyharbor-air,Airline Demo,v6.0,spend_value,SHA-SPEND-003-1,spend_value record,v4_synthetic_pack,data_thin:source_owner_missing,synthetic_demo,ai-control-tower/T08_spend-contracts.csv,10,2026-06-18,2026-01-01,2026-06-18,static_snapshot,medium,synthetic_demo,confidential,Tower|Intelligence,budget|actual|forecast|proxy_value|gap,roi_without_value_basis|bare_amount_without_entity_period_type,data_thin:source_owner_missing|data_thin:amount_missing|data_thin:owner_missing|data_thin:vendor_id_missing|data_thin:system_id_missing|data_thin:committed_vs_discretionary_missing,2026-06-28T00:00:00Z,2026-06-28T00:00:00Z,SHA-SPEND-003-1,data_thin:amount_missing,actual_spend,data_thin:owner_missing,SHA-INIT-003,data_thin:vendor_id_missing,data_thin:system_id_missing,data_thin:committed_vs_discretionary_missing,2026-03-28,Spend line for Enterprise CDP Selection and Identity Graph,FTE-month
skyharbor-air,Airline Demo,v6.0,spend_value,SHA-SPEND-003-2,spend_value record,v4_synthetic_pack,data_thin:source_owner_missing,synthetic_demo,ai-control-tower/T08_spend-contracts.csv,11,2026-06-18,2026-01-01,2026-06-18,static_snapshot,medium,synthetic_demo,confidential,Tower|Intelligence,budget|actual|forecast|proxy_value|gap,roi_without_value_basis|bare_amount_without_entity_period_type,data_thin:source_owner_missing|data_thin:amount_missing|data_thin:owner_missing|data_thin:vendor_id_missing|data_thin:system_id_missing|data_thin:committed_vs_discretionary_missing,2026-06-28T00:00:00Z,2026-06-28T00:00:00Z,SHA-SPEND-003-2,data_thin:amount_missing,actual_spend,data_thin:owner_missing,SHA-INIT-003,data_thin:vendor_id_missing,data_thin:system_id_missing,data_thin:committed_vs_discretionary_missing,2026-04-28,Spend line for Enterprise CDP Selection and Identity Graph,seat/month
skyharbor-air,Airline Demo,v6.0,spend_value,SHA-SPEND-003-3,spend_value record,v4_synthetic_pack,data_thin:source_owner_missing,synthetic_demo,ai-control-tower/T08_spend-contracts.csv,12,2026-06-18,2026-01-01,2026-06-18,static_snapshot,medium,synthetic_demo,confidential,Tower|Intelligence,budget|actual|forecast|proxy_value|gap,roi_without_value_basis|bare_amount_without_entity_period_type,data_thin:source_owner_missing|data_thin:amount_missing|data_thin:owner_missing|data_thin:vendor_id_missing|data_thin:system_id_missing|data_thin:committed_vs_discretionary_missing,2026-06-28T00:00:00Z,2026-06-28T00:00:00Z,SHA-SPEND-003-3,data_thin:amount_missing,actual_spend,data_thin:owner_missing,SHA-INIT-003,data_thin:vendor_id_missing,data_thin:system_id_missing,data_thin:committed_vs_discretionary_missing,2026-05-28,Spend line for Enterprise CDP Selection and Identity Graph,compute-hour
skyharbor-air,Airline Demo,v6.0,spend_value,SHA-SPEND-003-4,spend_value record,v4_synthetic_pack,data_thin:source_owner_missing,synthetic_demo,ai-control-tower/T08_spend-contracts.csv,13,2026-06-18,2026-01-01,2026-06-18,static_snapshot,medium,synthetic_demo,confidential,Tower|Intelligence,budget|actual|forecast|proxy_value|gap,roi_without_value_basis|bare_amount_without_entity_period_type,data_thin:source_owner_missing|data_thin:amount_missing|data_thin:owner_missing|data_thin:vendor_id_missing|data_thin:system_id_missing|data_thin:committed_vs_discretionary_missing,2026-06-28T00:00:00Z,2026-06-28T00:00:00Z,SHA-SPEND-003-4,data_thin:amount_missing,actual_spend,data_thin:owner_missing,SHA-INIT-003,data_thin:vendor_id_missing,data_thin:system_id_missing,data_thin:committed_vs_discretionary_missing,2026-06-28,Spend line for Enterprise CDP Selection and Identity Graph,SOW milestone
skyharbor-air,Airline Demo,v6.0,spend_value,SHA-SPEND-004-1,spend_value record,v4_synthetic_pack,data_thin:source_owner_missing,synthetic_demo,ai-control-tower/T08_spend-contracts.csv,14,2026-06-18,2026-01-01,2026-06-18,static_snapshot,medium,synthetic_demo,confidential,Tower|Intelligence,budget|actual|forecast|proxy_value|gap,roi_without_value_basis|bare_amount_without_entity_period_type,data_thin:source_owner_missing|data_thin:amount_missing|data_thin:owner_missing|data_thin:vendor_id_missing|data_thin:system_id_missing|data_thin:committed_vs_discretionary_missing,2026-06-28T00:00:00Z,2026-06-28T00:00:00Z,SHA-SPEND-004-1,data_thin:amount_missing,actual_spend,data_thin:owner_missing,SHA-INIT-004,data_thin:vendor_id_missing,data_thin:system_id_missing,data_thin:committed_vs_discretionary_missing,2026-04-28,Spend line for Mainframe API and Event Bridge,FTE-month
skyharbor-air,Airline Demo,v6.0,spend_value,SHA-SPEND-004-2,spend_value record,v4_synthetic_pack,data_thin:source_owner_missing,synthetic_demo,ai-control-tower/T08_spend-contracts.csv,15,2026-06-18,2026-01-01,2026-06-18,static_snapshot,medium,synthetic_demo,confidential,Tower|Intelligence,budget|actual|forecast|proxy_value|gap,roi_without_value_basis|bare_amount_without_entity_period_type,data_thin:source_owner_missing|data_thin:amount_missing|data_thin:owner_missing|data_thin:vendor_id_missing|data_thin:system_id_missing|data_thin:committed_vs_discretionary_missing,2026-06-28T00:00:00Z,2026-06-28T00:00:00Z,SHA-SPEND-004-2,data_thin:amount_missing,actual_spend,data_thin:owner_missing,SHA-INIT-004,data_thin:vendor_id_missing,data_thin:system_id_missing,data_thin:committed_vs_discretionary_missing,2026-05-28,Spend line for Mainframe API and Event Bridge,seat/month
skyharbor-air,Airline Demo,v6.0,spend_value,SHA-SPEND-004-3,spend_value record,v4_synthetic_pack,data_thin:source_owner_missing,synthetic_demo,ai-control-tower/T08_spend-contracts.csv,16,2026-06-18,2026-01-01,2026-06-18,static_snapshot,medium,synthetic_demo,confidential,Tower|Intelligence,budget|actual|forecast|proxy_value|gap,roi_without_value_basis|bare_amount_without_entity_period_type,data_thin:source_owner_missing|data_thin:amount_missing|data_thin:owner_missing|data_thin:vendor_id_missing|data_thin:system_id_missing|data_thin:committed_vs_discretionary_missing,2026-06-28T00:00:00Z,2026-06-28T00:00:00Z,SHA-SPEND-004-3,data_thin:amount_missing,actual_spend,data_thin:owner_missing,SHA-INIT-004,data_thin:vendor_id_missing,data_thin:system_id_missing,data_thin:committed_vs_discretionary_missing,2026-06-28,Spend line for Mainframe API and Event Bridge,compute-hour
skyharbor-air,Airline Demo,v6.0,spend_value,SHA-SPEND-004-4,spend_value record,v4_synthetic_pack,data_thin:source_owner_missing,synthetic_demo,ai-control-tower/T08_spend-contracts.csv,17,2026-06-18,2026-01-01,2026-06-18,static_snapshot,medium,synthetic_demo,confidential,Tower|Intelligence,budget|actual|forecast|proxy_value|gap,roi_without_value_basis|bare_amount_without_entity_period_type,data_thin:source_owner_missing|data_thin:amount_missing|data_thin:owner_missing|data_thin:vendor_id_missing|data_thin:system_id_missing|data_thin:committed_vs_discretionary_missing,2026-06-28T00:00:00Z,2026-06-28T00:00:00Z,SHA-SPEND-004-4,data_thin:amount_missing,actual_spend,data_thin:owner_missing,SHA-INIT-004,data_thin:vendor_id_missing,data_thin:system_id_missing,data_thin:committed_vs_discretionary_missing,2026-07-28,Spend line for Mainframe API and Event Bridge,SOW milestone
skyharbor-air,Airline Demo,v6.0,spend_value,SHA-SPEND-005-1,spend_value record,v4_synthetic_pack,data_thin:source_owner_missing,synthetic_demo,ai-control-tower/T08_spend-contracts.csv,18,2026-06-18,2026-01-01,2026-06-18,static_snapshot,medium,synthetic_demo,confidential,Tower|Intelligence,budget|actual|forecast|proxy_value|gap,roi_without_value_basis|bare_amount_without_entity_period_type,data_thin:source_owner_missing|data_thin:amount_missing|data_thin:owner_missing|data_thin:vendor_id_missing|data_thin:system_id_missing|data_thin:committed_vs_discretionary_missing,2026-06-28T00:00:00Z,2026-06-28T00:00:00Z,SHA-SPEND-005-1,data_thin:amount_missing,actual_spend,data_thin:owner_missing,SHA-INIT-005,data_thin:vendor_id_missing,data_thin:system_id_missing,data_thin:committed_vs_discretionary_missing,2026-05-28,Spend line for Teradata Vantage Workload Rationalization,FTE-month
skyharbor-air,Airline Demo,v6.0,spend_value,SHA-SPEND-005-2,spend_value record,v4_synthetic_pack,data_thin:source_owner_missing,synthetic_demo,ai-control-tower/T08_spend-contracts.csv,19,2026-06-18,2026-01-01,2026-06-18,static_snapshot,medium,synthetic_demo,confidential,Tower|Intelligence,budget|actual|forecast|proxy_value|gap,roi_without_value_basis|bare_amount_without_entity_period_type,data_thin:source_owner_missing|data_thin:amount_missing|data_thin:owner_missing|data_thin:vendor_id_missing|data_thin:system_id_missing|data_thin:committed_vs_discretionary_missing,2026-06-28T00:00:00Z,2026-06-28T00:00:00Z,SHA-SPEND-005-2,data_thin:amount_missing,actual_spend,data_thin:owner_missing,SHA-INIT-005,data_thin:vendor_id_missing,data_thin:system_id_missing,data_thin:committed_vs_discretionary_missing,2026-06-28,Spend line for Teradata Vantage Workload Rationalization,seat/month
skyharbor-air,Airline Demo,v6.0,spend_value,SHA-SPEND-005-3,spend_value record,v4_synthetic_pack,data_thin:source_owner_missing,synthetic_demo,ai-control-tower/T08_spend-contracts.csv,20,2026-06-18,2026-01-01,2026-06-18,static_snapshot,medium,synthetic_demo,confidential,Tower|Intelligence,budget|actual|forecast|proxy_value|gap,roi_without_value_basis|bare_amount_without_entity_period_type,data_thin:source_owner_missing|data_thin:amount_missing|data_thin:owner_missing|data_thin:vendor_id_missing|data_thin:system_id_missing|data_thin:committed_vs_discretionary_missing,2026-06-28T00:00:00Z,2026-06-28T00:00:00Z,SHA-SPEND-005-3,data_thin:amount_missing,actual_spend,data_thin:owner_missing,SHA-INIT-005,data_thin:vendor_id_missing,data_thin:system_id_missing,data_thin:committed_vs_discretionary_missing,2026-07-28,Spend line for Teradata Vantage Workload Rationalization,compute-hour
skyharbor-air,Airline Demo,v6.0,spend_value,SHA-SPEND-005-4,spend_value record,v4_synthetic_pack,data_thin:source_owner_missing,synthetic_demo,ai-control-tower/T08_spend-contracts.csv,21,2026-06-18,2026-01-01,2026-06-18,static_snapshot,medium,synthetic_demo,confidential,Tower|Intelligence,budget|actual|forecast|proxy_value|gap,roi_without_value_basis|bare_amount_without_entity_period_type,data_thin:source_owner_missing|data_thin:amount_missing|data_thin:owner_missing|data_thin:vendor_id_missing|data_thin:system_id_missing|data_thin:committed_vs_discretionary_missing,2026-06-28T00:00:00Z,2026-06-28T00:00:00Z,SHA-SPEND-005-4,data_thin:amount_missing,actual_spend,data_thin:owner_missing,SHA-INIT-005,data_thin:vendor_id_missing,data_thin:system_id_missing,data_thin:committed_vs_discretionary_missing,2026-08-28,Spend line for Teradata Vantage Workload Rationalization,SOW milestone
skyharbor-air,Airline Demo,v6.0,spend_value,SHA-SPEND-006-1,spend_value record,v4_synthetic_pack,data_thin:source_owner_missing,synthetic_demo,ai-control-tower/T08_spend-contracts.csv,22,2026-06-18,2026-01-01,2026-06-18,static_snapshot,medium,synthetic_demo,confidential,Tower|Intelligence,budget|actual|forecast|proxy_value|gap,roi_without_value_basis|bare_amount_without_entity_period_type,data_thin:source_owner_missing|data_thin:amount_missing|data_thin:owner_missing|data_thin:vendor_id_missing|data_thin:system_id_missing|data_thin:committed_vs_discretionary_missing,2026-06-28T00:00:00Z,2026-06-28T00:00:00Z,SHA-SPEND-006-1,data_thin:amount_missing,actual_spend,data_thin:owner_missing,SHA-INIT-006,data_thin:vendor_id_missing,data_thin:system_id_missing,data_thin:committed_vs_discretionary_missing,2026-06-28,Spend line for Crew Recovery Optimization,FTE-month
skyharbor-air,Airline Demo,v6.0,spend_value,SHA-SPEND-006-2,spend_value record,v4_synthetic_pack,data_thin:source_owner_missing,synthetic_demo,ai-control-tower/T08_spend-contracts.csv,23,2026-06-18,2026-01-01,2026-06-18,static_snapshot,medium,synthetic_demo,confidential,Tower|Intelligence,budget|actual|forecast|proxy_value|gap,roi_without_value_basis|bare_amount_without_entity_period_type,data_thin:source_owner_missing|data_thin:amount_missing|data_thin:owner_missing|data_thin:vendor_id_missing|data_thin:system_id_missing|data_thin:committed_vs_discretionary_missing,2026-06-28T00:00:00Z,2026-06-28T00:00:00Z,SHA-SPEND-006-2,data_thin:amount_missing,actual_spend,data_thin:owner_missing,SHA-INIT-006,data_thin:vendor_id_missing,data_thin:system_id_missing,data_thin:committed_vs_discretionary_missing,2026-07-28,Spend line for Crew Recovery Optimization,seat/month
skyharbor-air,Airline Demo,v6.0,spend_value,SHA-SPEND-006-3,spend_value record,v4_synthetic_pack,data_thin:source_owner_missing,synthetic_demo,ai-control-tower/T08_spend-contracts.csv,24,2026-06-18,2026-01-01,2026-06-18,static_snapshot,medium,synthetic_demo,confidential,Tower|Intelligence,budget|actual|forecast|proxy_value|gap,roi_without_value_basis|bare_amount_without_entity_period_type,data_thin:source_owner_missing|data_thin:amount_missing|data_thin:owner_missing|data_thin:vendor_id_missing|data_thin:system_id_missing|data_thin:committed_vs_discretionary_missing,2026-06-28T00:00:00Z,2026-06-28T00:00:00Z,SHA-SPEND-006-3,data_thin:amount_missing,actual_spend,data_thin:owner_missing,SHA-INIT-006,data_thin:vendor_id_missing,data_thin:system_id_missing,data_thin:committed_vs_discretionary_missing,2026-08-28,Spend line for Crew Recovery Optimization,compute-hour
skyharbor-air,Airline Demo,v6.0,spend_value,SHA-SPEND-006-4,spend_value record,v4_synthetic_pack,data_thin:source_owner_missing,synthetic_demo,ai-control-tower/T08_spend-contracts.csv,25,2026-06-18,2026-01-01,2026-06-18,static_snapshot,medium,synthetic_demo,confidential,Tower|Intelligence,budget|actual|forecast|proxy_value|gap,roi_without_value_basis|bare_amount_without_entity_period_type,data_thin:source_owner_missing|data_thin:amount_missing|data_thin:owner_missing|data_thin:vendor_id_missing|data_thin:system_id_missing|data_thin:committed_vs_discretionary_missing,2026-06-28T00:00:00Z,2026-06-28T00:00:00Z,SHA-SPEND-006-4,data_thin:amount_missing,actual_spend,data_thin:owner_missing,SHA-INIT-006,data_thin:vendor_id_missing,data_thin:system_id_missing,data_thin:committed_vs_discretionary_missing,2026-09-28,Spend line for Crew Recovery Optimization,SOW milestone
skyharbor-air,Airline Demo,v6.0,spend_value,SHA-SPEND-007-1,spend_value record,v4_synthetic_pack,data_thin:source_owner_missing,synthetic_demo,ai-control-tower/T08_spend-contracts.csv,26,2026-06-18,2026-01-01,2026-06-18,static_snapshot,medium,synthetic_demo,confidential,Tower|Intelligence,budget|actual|forecast|proxy_value|gap,roi_without_value_basis|bare_amount_without_entity_period_type,data_thin:source_owner_missing|data_thin:amount_missing|data_thin:owner_missing|data_thin:vendor_id_missing|data_thin:system_id_missing|data_thin:committed_vs_discretionary_missing,2026-06-28T00:00:00Z,2026-06-28T00:00:00Z,SHA-SPEND-007-1,data_thin:amount_missing,actual_spend,data_thin:owner_missing,SHA-INIT-007,data_thin:vendor_id_missing,data_thin:system_id_missing,data_thin:committed_vs_discretionary_missing,2026-07-28,Spend line for Baggage Exception Prediction,FTE-month
skyharbor-air,Airline Demo,v6.0,spend_value,SHA-SPEND-007-2,spend_value record,v4_synthetic_pack,data_thin:source_owner_missing,synthetic_demo,ai-control-tower/T08_spend-contracts.csv,27,2026-06-18,2026-01-01,2026-06-18,static_snapshot,medium,synthetic_demo,confidential,Tower|Intelligence,budget|actual|forecast|proxy_value|gap,roi_without_value_basis|bare_amount_without_entity_period_type,data_thin:source_owner_missing|data_thin:amount_missing|data_thin:owner_missing|data_thin:vendor_id_missing|data_thin:system_id_missing|data_thin:committed_vs_discretionary_missing,2026-06-28T00:00:00Z,2026-06-28T00:00:00Z,SHA-SPEND-007-2,data_thin:amount_missing,actual_spend,data_thin:owner_missing,SHA-INIT-007,data_thin:vendor_id_missing,data_thin:system_id_missing,data_thin:committed_vs_discretionary_missing,2026-08-28,Spend line for Baggage Exception Prediction,seat/month
skyharbor-air,Airline Demo,v6.0,spend_value,SHA-SPEND-007-3,spend_value record,v4_synthetic_pack,data_thin:source_owner_missing,synthetic_demo,ai-control-tower/T08_spend-contracts.csv,28,2026-06-18,2026-01-01,2026-06-18,static_snapshot,medium,synthetic_demo,confidential,Tower|Intelligence,budget|actual|forecast|proxy_value|gap,roi_without_value_basis|bare_amount_without_entity_period_type,data_thin:source_owner_missing|data_thin:amount_missing|data_thin:owner_missing|data_thin:vendor_id_missing|data_thin:system_id_missing|data_thin:committed_vs_discretionary_missing,2026-06-28T00:00:00Z,2026-06-28T00:00:00Z,SHA-SPEND-007-3,data_thin:amount_missing,actual_spend,data_thin:owner_missing,SHA-INIT-007,data_thin:vendor_id_missing,data_thin:system_id_missing,data_thin:committed_vs_discretionary_missing,2026-09-28,Spend line for Baggage Exception Prediction,compute-hour
skyharbor-air,Airline Demo,v6.0,spend_value,SHA-SPEND-007-4,spend_value record,v4_synthetic_pack,data_thin:source_owner_missing,synthetic_demo,ai-control-tower/T08_spend-contracts.csv,29,2026-06-18,2026-01-01,2026-06-18,static_snapshot,medium,synthetic_demo,confidential,Tower|Intelligence,budget|actual|forecast|proxy_value|gap,roi_without_value_basis|bare_amount_without_entity_period_type,data_thin:source_owner_missing|data_thin:amount_missing|data_thin:owner_missing|data_thin:vendor_id_missing|data_thin:system_id_missing|data_thin:committed_vs_discretionary_missing,2026-06-28T00:00:00Z,2026-06-28T00:00:00Z,SHA-SPEND-007-4,data_thin:amount_missing,actual_spend,data_thin:owner_missing,SHA-INIT-007,data_thin:vendor_id_missing,data_thin:system_id_missing,data_thin:committed_vs_discretionary_missing,2026-10-28,Spend line for Baggage Exception Prediction,SOW milestone
skyharbor-air,Airline Demo,v6.0,spend_value,SHA-SPEND-008-1,spend_value record,v4_synthetic_pack,data_thin:source_owner_missing,synthetic_demo,ai-control-tower/T08_spend-contracts.csv,30,2026-06-18,2026-01-01,2026-06-18,static_snapshot,medium,synthetic_demo,confidential,Tower|Intelligence,budget|actual|forecast|proxy_value|gap,roi_without_value_basis|bare_amount_without_entity_period_type,data_thin:source_owner_missing|data_thin:amount_missing|data_thin:owner_missing|data_thin:vendor_id_missing|data_thin:system_id_missing|data_thin:committed_vs_discretionary_missing,2026-06-28T00:00:00Z,2026-06-28T00:00:00Z,SHA-SPEND-008-1,data_thin:amount_missing,actual_spend,data_thin:owner_missing,SHA-INIT-008,data_thin:vendor_id_missing,data_thin:system_id_missing,data_thin:committed_vs_discretionary_missing,2026-08-28,Spend line for MRO Predictive Maintenance Agent,FTE-month
skyharbor-air,Airline Demo,v6.0,spend_value,SHA-SPEND-008-2,spend_value record,v4_synthetic_pack,data_thin:source_owner_missing,synthetic_demo,ai-control-tower/T08_spend-contracts.csv,31,2026-06-18,2026-01-01,2026-06-18,static_snapshot,medium,synthetic_demo,confidential,Tower|Intelligence,budget|actual|forecast|proxy_value|gap,roi_without_value_basis|bare_amount_without_entity_period_type,data_thin:source_owner_missing|data_thin:amount_missing|data_thin:owner_missing|data_thin:vendor_id_missing|data_thin:system_id_missing|data_thin:committed_vs_discretionary_missing,2026-06-28T00:00:00Z,2026-06-28T00:00:00Z,SHA-SPEND-008-2,data_thin:amount_missing,actual_spend,data_thin:owner_missing,SHA-INIT-008,data_thin:vendor_id_missing,data_thin:system_id_missing,data_thin:committed_vs_discretionary_missing,2026-09-28,Spend line for MRO Predictive Maintenance Agent,seat/month
skyharbor-air,Airline Demo,v6.0,spend_value,SHA-SPEND-008-3,spend_value record,v4_synthetic_pack,data_thin:source_owner_missing,synthetic_demo,ai-control-tower/T08_spend-contracts.csv,32,2026-06-18,2026-01-01,2026-06-18,static_snapshot,medium,synthetic_demo,confidential,Tower|Intelligence,budget|actual|forecast|proxy_value|gap,roi_without_value_basis|bare_amount_without_entity_period_type,data_thin:source_owner_missing|data_thin:amount_missing|data_thin:owner_missing|data_thin:vendor_id_missing|data_thin:system_id_missing|data_thin:committed_vs_discretionary_missing,2026-06-28T00:00:00Z,2026-06-28T00:00:00Z,SHA-SPEND-008-3,data_thin:amount_missing,actual_spend,data_thin:owner_missing,SHA-INIT-008,data_thin:vendor_id_missing,data_thin:system_id_missing,data_thin:committed_vs_discretionary_missing,2026-10-28,Spend line for MRO Predictive Maintenance Agent,compute-hour
skyharbor-air,Airline Demo,v6.0,spend_value,SHA-SPEND-008-4,spend_value record,v4_synthetic_pack,data_thin:source_owner_missing,synthetic_demo,ai-control-tower/T08_spend-contracts.csv,33,2026-06-18,2026-01-01,2026-06-18,static_snapshot,medium,synthetic_demo,confidential,Tower|Intelligence,budget|actual|forecast|proxy_value|gap,roi_without_value_basis|bare_amount_without_entity_period_type,data_thin:source_owner_missing|data_thin:amount_missing|data_thin:owner_missing|data_thin:vendor_id_missing|data_thin:system_id_missing|data_thin:committed_vs_discretionary_missing,2026-06-28T00:00:00Z,2026-06-28T00:00:00Z,SHA-SPEND-008-4,data_thin:amount_missing,actual_spend,data_thin:owner_missing,SHA-INIT-008,data_thin:vendor_id_missing,data_thin:system_id_missing,data_thin:committed_vs_discretionary_missing,2026-11-28,Spend line for MRO Predictive Maintenance Agent,SOW milestone
skyharbor-air,Airline Demo,v6.0,spend_value,SHA-SPEND-009-1,spend_value record,v4_synthetic_pack,data_thin:source_owner_missing,synthetic_demo,ai-control-tower/T08_spend-contracts.csv,34,2026-06-18,2026-01-01,2026-06-18,static_snapshot,medium,synthetic_demo,confidential,Tower|Intelligence,budget|actual|forecast|proxy_value|gap,roi_without_value_basis|bare_amount_without_entity_period_type,data_thin:source_owner_missing|data_thin:amount_missing|data_thin:owner_missing|data_thin:vendor_id_missing|data_thin:system_id_missing|data_thin:committed_vs_discretionary_missing,2026-06-28T00:00:00Z,2026-06-28T00:00:00Z,SHA-SPEND-009-1,data_thin:amount_missing,actual_spend,data_thin:owner_missing,SHA-INIT-009,data_thin:vendor_id_missing,data_thin:system_id_missing,data_thin:committed_vs_discretionary_missing,2026-09-28,Spend line for Contact Center Agent Assist,FTE-month
skyharbor-air,Airline Demo,v6.0,spend_value,SHA-SPEND-009-2,spend_value record,v4_synthetic_pack,data_thin:source_owner_missing,synthetic_demo,ai-control-tower/T08_spend-contracts.csv,35,2026-06-18,2026-01-01,2026-06-18,static_snapshot,medium,synthetic_demo,confidential,Tower|Intelligence,budget|actual|forecast|proxy_value|gap,roi_without_value_basis|bare_amount_without_entity_period_type,data_thin:source_owner_missing|data_thin:amount_missing|data_thin:owner_missing|data_thin:vendor_id_missing|data_thin:system_id_missing|data_thin:committed_vs_discretionary_missing,2026-06-28T00:00:00Z,2026-06-28T00:00:00Z,SHA-SPEND-009-2,data_thin:amount_missing,actual_spend,data_thin:owner_missing,SHA-INIT-009,data_thin:vendor_id_missing,data_thin:system_id_missing,data_thin:committed_vs_discretionary_missing,2026-10-28,Spend line for Contact Center Agent Assist,seat/month
skyharbor-air,Airline Demo,v6.0,spend_value,SHA-SPEND-009-3,spend_value record,v4_synthetic_pack,data_thin:source_owner_missing,synthetic_demo,ai-control-tower/T08_spend-contracts.csv,36,2026-06-18,2026-01-01,2026-06-18,static_snapshot,medium,synthetic_demo,confidential,Tower|Intelligence,budget|actual|forecast|proxy_value|gap,roi_without_value_basis|bare_amount_without_entity_period_type,data_thin:source_owner_missing|data_thin:amount_missing|data_thin:owner_missing|data_thin:vendor_id_missing|data_thin:system_id_missing|data_thin:committed_vs_discretionary_missing,2026-06-28T00:00:00Z,2026-06-28T00:00:00Z,SHA-SPEND-009-3,data_thin:amount_missing,actual_spend,data_thin:owner_missing,SHA-INIT-009,data_thin:vendor_id_missing,data_thin:system_id_missing,data_thin:committed_vs_discretionary_missing,2026-11-28,Spend line for Contact Center Agent Assist,compute-hour
skyharbor-air,Airline Demo,v6.0,spend_value,SHA-SPEND-009-4,spend_value record,v4_synthetic_pack,data_thin:source_owner_missing,synthetic_demo,ai-control-tower/T08_spend-contracts.csv,37,2026-06-18,2026-01-01,2026-06-18,static_snapshot,medium,synthetic_demo,confidential,Tower|Intelligence,budget|actual|forecast|proxy_value|gap,roi_without_value_basis|bare_amount_without_entity_period_type,data_thin:source_owner_missing|data_thin:amount_missing|data_thin:owner_missing|data_thin:vendor_id_missing|data_thin:system_id_missing|data_thin:committed_vs_discretionary_missing,2026-06-28T00:00:00Z,2026-06-28T00:00:00Z,SHA-SPEND-009-4,data_thin:amount_missing,actual_spend,data_thin:owner_missing,SHA-INIT-009,data_thin:vendor_id_missing,data_thin:system_id_missing,data_thin:committed_vs_discretionary_missing,2026-12-28,Spend line for Contact Center Agent Assist,SOW milestone
skyharbor-air,Airline Demo,v6.0,spend_value,SHA-SPEND-010-1,spend_value record,v4_synthetic_pack,data_thin:source_owner_missing,synthetic_demo,ai-control-tower/T08_spend-contracts.csv,38,2026-06-18,2026-01-01,2026-06-18,static_snapshot,medium,synthetic_demo,confidential,Tower|Intelligence,budget|actual|forecast|proxy_value|gap,roi_without_value_basis|bare_amount_without_entity_period_type,data_thin:source_owner_missing|data_thin:amount_missing|data_thin:owner_missing|data_thin:vendor_id_missing|data_thin:system_id_missing|data_thin:committed_vs_discretionary_missing,2026-06-28T00:00:00Z,2026-06-28T00:00:00Z,SHA-SPEND-010-1,data_thin:amount_missing,actual_spend,data_thin:owner_missing,SHA-INIT-010,data_thin:vendor_id_missing,data_thin:system_id_missing,data_thin:committed_vs_discretionary_missing,2026-10-28,Spend line for Engineering Productivity AI,FTE-month
skyharbor-air,Airline Demo,v6.0,spend_value,SHA-SPEND-010-2,spend_value record,v4_synthetic_pack,data_thin:source_owner_missing,synthetic_demo,ai-control-tower/T08_spend-contracts.csv,39,2026-06-18,2026-01-01,2026-06-18,static_snapshot,medium,synthetic_demo,confidential,Tower|Intelligence,budget|actual|forecast|proxy_value|gap,roi_without_value_basis|bare_amount_without_entity_period_type,data_thin:source_owner_missing|data_thin:amount_missing|data_thin:owner_missing|data_thin:vendor_id_missing|data_thin:system_id_missing|data_thin:committed_vs_discretionary_missing,2026-06-28T00:00:00Z,2026-06-28T00:00:00Z,SHA-SPEND-010-2,data_thin:amount_missing,actual_spend,data_thin:owner_missing,SHA-INIT-010,data_thin:vendor_id_missing,data_thin:system_id_missing,data_thin:committed_vs_discretionary_missing,2026-11-28,Spend line for Engineering Productivity AI,seat/month
skyharbor-air,Airline Demo,v6.0,spend_value,SHA-SPEND-010-3,spend_value record,v4_synthetic_pack,data_thin:source_owner_missing,synthetic_demo,ai-control-tower/T08_spend-contracts.csv,40,2026-06-18,2026-01-01,2026-06-18,static_snapshot,medium,synthetic_demo,confidential,Tower|Intelligence,budget|actual|forecast|proxy_value|gap,roi_without_value_basis|bare_amount_without_entity_period_type,data_thin:source_owner_missing|data_thin:amount_missing|data_thin:owner_missing|data_thin:vendor_id_missing|data_thin:system_id_missing|data_thin:committed_vs_discretionary_missing,2026-06-28T00:00:00Z,2026-06-28T00:00:00Z,SHA-SPEND-010-3,data_thin:amount_missing,actual_spend,data_thin:owner_missing,SHA-INIT-010,data_thin:vendor_id_missing,data_thin:system_id_missing,data_thin:committed_vs_discretionary_missing,2026-12-28,Spend line for Engineering Productivity AI,compute-hour
skyharbor-air,Airline Demo,v6.0,spend_value,SHA-SPEND-010-4,spend_value record,v4_synthetic_pack,data_thin:source_owner_missing,synthetic_demo,ai-control-tower/T08_spend-contracts.csv,41,2026-06-18,2026-01-01,2026-06-18,static_snapshot,medium,synthetic_demo,confidential,Tower|Intelligence,budget|actual|forecast|proxy_value|gap,roi_without_value_basis|bare_amount_without_entity_period_type,data_thin:source_owner_missing|data_thin:amount_missing|data_thin:owner_missing|data_thin:vendor_id_missing|data_thin:system_id_missing|data_thin:committed_vs_discretionary_missing,2026-06-28T00:00:00Z,2026-06-28T00:00:00Z,SHA-SPEND-010-4,data_thin:amount_missing,actual_spend,data_thin:owner_missing,SHA-INIT-010,data_thin:vendor_id_missing,data_thin:system_id_missing,data_thin:committed_vs_discretionary_missing,2026-01-28,Spend line for Engineering Productivity AI,SOW milestone
skyharbor-air,Airline Demo,v6.0,spend_value,SHA-SPEND-011-1,spend_value record,v4_synthetic_pack,data_thin:source_owner_missing,synthetic_demo,ai-control-tower/T08_spend-contracts.csv,42,2026-06-18,2026-01-01,2026-06-18,static_snapshot,medium,synthetic_demo,confidential,Tower|Intelligence,budget|actual|forecast|proxy_value|gap,roi_without_value_basis|bare_amount_without_entity_period_type,data_thin:source_owner_missing|data_thin:amount_missing|data_thin:owner_missing|data_thin:vendor_id_missing|data_thin:system_id_missing|data_thin:committed_vs_discretionary_missing,2026-06-28T00:00:00Z,2026-06-28T00:00:00Z,SHA-SPEND-011-1,data_thin:amount_missing,actual_spend,data_thin:owner_missing,SHA-INIT-100,data_thin:vendor_id_missing,data_thin:system_id_missing,data_thin:committed_vs_discretionary_missing,2026-11-28,Spend line for IROPS recovery decisioning modernization,FTE-month
skyharbor-air,Airline Demo,v6.0,spend_value,SHA-SPEND-011-2,spend_value record,v4_synthetic_pack,data_thin:source_owner_missing,synthetic_demo,ai-control-tower/T08_spend-contracts.csv,43,2026-06-18,2026-01-01,2026-06-18,static_snapshot,medium,synthetic_demo,confidential,Tower|Intelligence,budget|actual|forecast|proxy_value|gap,roi_without_value_basis|bare_amount_without_entity_period_type,data_thin:source_owner_missing|data_thin:amount_missing|data_thin:owner_missing|data_thin:vendor_id_missing|data_thin:system_id_missing|data_thin:committed_vs_discretionary_missing,2026-06-28T00:00:00Z,2026-06-28T00:00:00Z,SHA-SPEND-011-2,data_thin:amount_missing,actual_spend,data_thin:owner_missing,SHA-INIT-100,data_thin:vendor_id_missing,data_thin:system_id_missing,data_thin:committed_vs_discretionary_missing,2026-12-28,Spend line for IROPS recovery decisioning modernization,seat/month
skyharbor-air,Airline Demo,v6.0,spend_value,SHA-SPEND-011-3,spend_value record,v4_synthetic_pack,data_thin:source_owner_missing,synthetic_demo,ai-control-tower/T08_spend-contracts.csv,44,2026-06-18,2026-01-01,2026-06-18,static_snapshot,medium,synthetic_demo,confidential,Tower|Intelligence,budget|actual|forecast|proxy_value|gap,roi_without_value_basis|bare_amount_without_entity_period_type,data_thin:source_owner_missing|data_thin:amount_missing|data_thin:owner_missing|data_thin:vendor_id_missing|data_thin:system_id_missing|data_thin:committed_vs_discretionary_missing,2026-06-28T00:00:00Z,2026-06-28T00:00:00Z,SHA-SPEND-011-3,data_thin:amount_missing,actual_spend,data_thin:owner_missing,SHA-INIT-100,data_thin:vendor_id_missing,data_thin:system_id_missing,data_thin:committed_vs_discretionary_missing,2026-01-28,Spend line for IROPS recovery decisioning modernization,compute-hour
skyharbor-air,Airline Demo,v6.0,spend_value,SHA-SPEND-011-4,spend_value record,v4_synthetic_pack,data_thin:source_owner_missing,synthetic_demo,ai-control-tower/T08_spend-contracts.csv,45,2026-06-18,2026-01-01,2026-06-18,static_snapshot,medium,synthetic_demo,confidential,Tower|Intelligence,budget|actual|forecast|proxy_value|gap,roi_without_value_basis|bare_amount_without_entity_period_type,data_thin:source_owner_missing|data_thin:amount_missing|data_thin:owner_missing|data_thin:vendor_id_missing|data_thin:system_id_missing|data_thin:committed_vs_discretionary_missing,2026-06-28T00:00:00Z,2026-06-28T00:00:00Z,SHA-SPEND-011-4,data_thin:amount_missing,actual_spend,data_thin:owner_missing,SHA-INIT-100,data_thin:vendor_id_missing,data_thin:system_id_missing,data_thin:committed_vs_discretionary_missing,2026-02-28,Spend line for IROPS recovery decisioning modernization,SOW milestone
skyharbor-air,Airline Demo,v6.0,spend_value,SHA-SPEND-012-1,spend_value record,v4_synthetic_pack,data_thin:source_owner_missing,synthetic_demo,ai-control-tower/T08_spend-contracts.csv,46,2026-06-18,2026-01-01,2026-06-18,static_snapshot,medium,synthetic_demo,confidential,Tower|Intelligence,budget|actual|forecast|proxy_value|gap,roi_without_value_basis|bare_amount_without_entity_period_type,data_thin:source_owner_missing|data_thin:amount_missing|data_thin:owner_missing|data_thin:vendor_id_missing|data_thin:system_id_missing|data_thin:committed_vs_discretionary_missing,2026-06-28T00:00:00Z,2026-06-28T00:00:00Z,SHA-SPEND-012-1,data_thin:amount_missing,actual_spend,data_thin:owner_missing,SHA-INIT-101,data_thin:vendor_id_missing,data_thin:system_id_missing,data_thin:committed_vs_discretionary_missing,2026-12-28,Spend line for Crew recovery and legality modernization,FTE-month
skyharbor-air,Airline Demo,v6.0,spend_value,SHA-SPEND-012-2,spend_value record,v4_synthetic_pack,data_thin:source_owner_missing,synthetic_demo,ai-control-tower/T08_spend-contracts.csv,47,2026-06-18,2026-01-01,2026-06-18,static_snapshot,medium,synthetic_demo,confidential,Tower|Intelligence,budget|actual|forecast|proxy_value|gap,roi_without_value_basis|bare_amount_without_entity_period_type,data_thin:source_owner_missing|data_thin:amount_missing|data_thin:owner_missing|data_thin:vendor_id_missing|data_thin:system_id_missing|data_thin:committed_vs_discretionary_missing,2026-06-28T00:00:00Z,2026-06-28T00:00:00Z,SHA-SPEND-012-2,data_thin:amount_missing,actual_spend,data_thin:owner_missing,SHA-INIT-101,data_thin:vendor_id_missing,data_thin:system_id_missing,data_thin:committed_vs_discretionary_missing,2026-01-28,Spend line for Crew recovery and legality modernization,seat/month
skyharbor-air,Airline Demo,v6.0,spend_value,SHA-SPEND-012-3,spend_value record,v4_synthetic_pack,data_thin:source_owner_missing,synthetic_demo,ai-control-tower/T08_spend-contracts.csv,48,2026-06-18,2026-01-01,2026-06-18,static_snapshot,medium,synthetic_demo,confidential,Tower|Intelligence,budget|actual|forecast|proxy_value|gap,roi_without_value_basis|bare_amount_without_entity_period_type,data_thin:source_owner_missing|data_thin:amount_missing|data_thin:owner_missing|data_thin:vendor_id_missing|data_thin:system_id_missing|data_thin:committed_vs_discretionary_missing,2026-06-28T00:00:00Z,2026-06-28T00:00:00Z,SHA-SPEND-012-3,data_thin:amount_missing,actual_spend,data_thin:owner_missing,SHA-INIT-101,data_thin:vendor_id_missing,data_thin:system_id_missing,data_thin:committed_vs_discretionary_missing,2026-02-28,Spend line for Crew recovery and legality modernization,compute-hour
skyharbor-air,Airline Demo,v6.0,spend_value,SHA-SPEND-012-4,spend_value record,v4_synthetic_pack,data_thin:source_owner_missing,synthetic_demo,ai-control-tower/T08_spend-contracts.csv,49,2026-06-18,2026-01-01,2026-06-18,static_snapshot,medium,synthetic_demo,confidential,Tower|Intelligence,budget|actual|forecast|proxy_value|gap,roi_without_value_basis|bare_amount_without_entity_period_type,data_thin:source_owner_missing|data_thin:amount_missing|data_thin:owner_missing|data_thin:vendor_id_missing|data_thin:system_id_missing|data_thin:committed_vs_discretionary_missing,2026-06-28T00:00:00Z,2026-06-28T00:00:00Z,SHA-SPEND-012-4,data_thin:amount_missing,actual_spend,data_thin:owner_missing,SHA-INIT-101,data_thin:vendor_id_missing,data_thin:system_id_missing,data_thin:committed_vs_discretionary_missing,2026-03-28,Spend line for Crew recovery and legality modernization,SOW milestone
skyharbor-air,Airline Demo,v6.0,spend_value,SHA-SPEND-013-1,spend_value record,v4_synthetic_pack,data_thin:source_owner_missing,synthetic_demo,ai-control-tower/T08_spend-contracts.csv,50,2026-06-18,2026-01-01,2026-06-18,static_snapshot,medium,synthetic_demo,confidential,Tower|Intelligence,budget|actual|forecast|proxy_value|gap,roi_without_value_basis|bare_amount_without_entity_period_type,data_thin:source_owner_missing|data_thin:amount_missing|data_thin:owner_missing|data_thin:vendor_id_missing|data_thin:system_id_missing|data_thin:committed_vs_discretionary_missing,2026-06-28T00:00:00Z,2026-06-28T00:00:00Z,SHA-SPEND-013-1,data_thin:amount_missing,actual_spend,data_thin:owner_missing,SHA-INIT-102,data_thin:vendor_id_missing,data_thin:system_id_missing,data_thin:committed_vs_discretionary_missing,2026-01-28,Spend line for Flight planning and dispatch modernization,FTE-month
skyharbor-air,Airline Demo,v6.0,spend_value,SHA-SPEND-013-2,spend_value record,v4_synthetic_pack,data_thin:source_owner_missing,synthetic_demo,ai-control-tower/T08_spend-contracts.csv,51,2026-06-18,2026-01-01,2026-06-18,static_snapshot,medium,synthetic_demo,confidential,Tower|Intelligence,budget|actual|forecast|proxy_value|gap,roi_without_value_basis|bare_amount_without_entity_period_type,data_thin:source_owner_missing|data_thin:amount_missing|data_thin:owner_missing|data_thin:vendor_id_missing|data_thin:system_id_missing|data_thin:committed_vs_discretionary_missing,2026-06-28T00:00:00Z,2026-06-28T00:00:00Z,SHA-SPEND-013-2,data_thin:amount_missing,actual_spend,data_thin:owner_missing,SHA-INIT-102,data_thin:vendor_id_missing,data_thin:system_id_missing,data_thin:committed_vs_discretionary_missing,2026-02-28,Spend line for Flight planning and dispatch modernization,seat/month
skyharbor-air,Airline Demo,v6.0,spend_value,SHA-SPEND-013-3,spend_value record,v4_synthetic_pack,data_thin:source_owner_missing,synthetic_demo,ai-control-tower/T08_spend-contracts.csv,52,2026-06-18,2026-01-01,2026-06-18,static_snapshot,medium,synthetic_demo,confidential,Tower|Intelligence,budget|actual|forecast|proxy_value|gap,roi_without_value_basis|bare_amount_without_entity_period_type,data_thin:source_owner_missing|data_thin:amount_missing|data_thin:owner_missing|data_thin:vendor_id_missing|data_thin:system_id_missing|data_thin:committed_vs_discretionary_missing,2026-06-28T00:00:00Z,2026-06-28T00:00:00Z,SHA-SPEND-013-3,data_thin:amount_missing,actual_spend,data_thin:owner_missing,SHA-INIT-102,data_thin:vendor_id_missing,data_thin:system_id_missing,data_thin:committed_vs_discretionary_missing,2026-03-28,Spend line for Flight planning and dispatch modernization,compute-hour
skyharbor-air,Airline Demo,v6.0,spend_value,SHA-SPEND-013-4,spend_value record,v4_synthetic_pack,data_thin:source_owner_missing,synthetic_demo,ai-control-tower/T08_spend-contracts.csv,53,2026-06-18,2026-01-01,2026-06-18,static_snapshot,medium,synthetic_demo,confidential,Tower|Intelligence,budget|actual|forecast|proxy_value|gap,roi_without_value_basis|bare_amount_without_entity_period_type,data_thin:source_owner_missing|data_thin:amount_missing|data_thin:owner_missing|data_thin:vendor_id_missing|data_thin:system_id_missing|data_thin:committed_vs_discretionary_missing,2026-06-28T00:00:00Z,2026-06-28T00:00:00Z,SHA-SPEND-013-4,data_thin:amount_missing,actual_spend,data_thin:owner_missing,SHA-INIT-102,data_thin:vendor_id_missing,data_thin:system_id_missing,data_thin:committed_vs_discretionary_missing,2026-04-28,Spend line for Flight planning and dispatch modernization,SOW milestone
skyharbor-air,Airline Demo,v6.0,spend_value,SHA-SPEND-014-1,spend_value record,v4_synthetic_pack,data_thin:source_owner_missing,synthetic_demo,ai-control-tower/T08_spend-contracts.csv,54,2026-06-18,2026-01-01,2026-06-18,static_snapshot,medium,synthetic_demo,confidential,Tower|Intelligence,budget|actual|forecast|proxy_value|gap,roi_without_value_basis|bare_amount_without_entity_period_type,data_thin:source_owner_missing|data_thin:amount_missing|data_thin:owner_missing|data_thin:vendor_id_missing|data_thin:system_id_missing|data_thin:committed_vs_discretionary_missing,2026-06-28T00:00:00Z,2026-06-28T00:00:00Z,SHA-SPEND-014-1,data_thin:amount_missing,actual_spend,data_thin:owner_missing,SHA-INIT-103,data_thin:vendor_id_missing,data_thin:system_id_missing,data_thin:committed_vs_discretionary_missing,2026-02-28,Spend line for Airport turn management modernization,FTE-month
skyharbor-air,Airline Demo,v6.0,spend_value,SHA-SPEND-014-2,spend_value record,v4_synthetic_pack,data_thin:source_owner_missing,synthetic_demo,ai-control-tower/T08_spend-contracts.csv,55,2026-06-18,2026-01-01,2026-06-18,static_snapshot,medium,synthetic_demo,confidential,Tower|Intelligence,budget|actual|forecast|proxy_value|gap,roi_without_value_basis|bare_amount_without_entity_period_type,data_thin:source_owner_missing|data_thin:amount_missing|data_thin:owner_missing|data_thin:vendor_id_missing|data_thin:system_id_missing|data_thin:committed_vs_discretionary_missing,2026-06-28T00:00:00Z,2026-06-28T00:00:00Z,SHA-SPEND-014-2,data_thin:amount_missing,actual_spend,data_thin:owner_missing,SHA-INIT-103,data_thin:vendor_id_missing,data_thin:system_id_missing,data_thin:committed_vs_discretionary_missing,2026-03-28,Spend line for Airport turn management modernization,seat/month
skyharbor-air,Airline Demo,v6.0,spend_value,SHA-SPEND-014-3,spend_value record,v4_synthetic_pack,data_thin:source_owner_missing,synthetic_demo,ai-control-tower/T08_spend-contracts.csv,56,2026-06-18,2026-01-01,2026-06-18,static_snapshot,medium,synthetic_demo,confidential,Tower|Intelligence,budget|actual|forecast|proxy_value|gap,roi_without_value_basis|bare_amount_without_entity_period_type,data_thin:source_owner_missing|data_thin:amount_missing|data_thin:owner_missing|data_thin:vendor_id_missing|data_thin:system_id_missing|data_thin:committed_vs_discretionary_missing,2026-06-28T00:00:00Z,2026-06-28T00:00:00Z,SHA-SPEND-014-3,data_thin:amount_missing,actual_spend,data_thin:owner_missing,SHA-INIT-103,data_thin:vendor_id_missing,data_thin:system_id_missing,data_thin:committed_vs_discretionary_missing,2026-04-28,Spend line for Airport turn management modernization,compute-hour
skyharbor-air,Airline Demo,v6.0,spend_value,SHA-SPEND-014-4,spend_value record,v4_synthetic_pack,data_thin:source_owner_missing,synthetic_demo,ai-control-tower/T08_spend-contracts.csv,57,2026-06-18,2026-01-01,2026-06-18,static_snapshot,medium,synthetic_demo,confidential,Tower|Intelligence,budget|actual|forecast|proxy_value|gap,roi_without_value_basis|bare_amount_without_entity_period_type,data_thin:source_owner_missing|data_thin:amount_missing|data_thin:owner_missing|data_thin:vendor_id_missing|data_thin:system_id_missing|data_thin:committed_vs_discretionary_missing,2026-06-28T00:00:00Z,2026-06-28T00:00:00Z,SHA-SPEND-014-4,data_thin:amount_missing,actual_spend,data_thin:owner_missing,SHA-INIT-103,data_thin:vendor_id_missing,data_thin:system_id_missing,data_thin:committed_vs_discretionary_missing,2026-05-28,Spend line for Airport turn management modernization,SOW milestone
skyharbor-air,Airline Demo,v6.0,spend_value,SHA-SPEND-015-1,spend_value record,v4_synthetic_pack,data_thin:source_owner_missing,synthetic_demo,ai-control-tower/T08_spend-contracts.csv,58,2026-06-18,2026-01-01,2026-06-18,static_snapshot,medium,synthetic_demo,confidential,Tower|Intelligence,budget|actual|forecast|proxy_value|gap,roi_without_value_basis|bare_amount_without_entity_period_type,data_thin:source_owner_missing|data_thin:amount_missing|data_thin:owner_missing|data_thin:vendor_id_missing|data_thin:system_id_missing|data_thin:committed_vs_discretionary_missing,2026-06-28T00:00:00Z,2026-06-28T00:00:00Z,SHA-SPEND-015-1,data_thin:amount_missing,actual_spend,data_thin:owner_missing,SHA-INIT-104,data_thin:vendor_id_missing,data_thin:system_id_missing,data_thin:committed_vs_discretionary_missing,2026-03-28,Spend line for Baggage tracking and recovery modernization,FTE-month
skyharbor-air,Airline Demo,v6.0,spend_value,SHA-SPEND-015-2,spend_value record,v4_synthetic_pack,data_thin:source_owner_missing,synthetic_demo,ai-control-tower/T08_spend-contracts.csv,59,2026-06-18,2026-01-01,2026-06-18,static_snapshot,medium,synthetic_demo,confidential,Tower|Intelligence,budget|actual|forecast|proxy_value|gap,roi_without_value_basis|bare_amount_without_entity_period_type,data_thin:source_owner_missing|data_thin:amount_missing|data_thin:owner_missing|data_thin:vendor_id_missing|data_thin:system_id_missing|data_thin:committed_vs_discretionary_missing,2026-06-28T00:00:00Z,2026-06-28T00:00:00Z,SHA-SPEND-015-2,data_thin:amount_missing,actual_spend,data_thin:owner_missing,SHA-INIT-104,data_thin:vendor_id_missing,data_thin:system_id_missing,data_thin:committed_vs_discretionary_missing,2026-04-28,Spend line for Baggage tracking and recovery modernization,seat/month
skyharbor-air,Airline Demo,v6.0,spend_value,SHA-SPEND-015-3,spend_value record,v4_synthetic_pack,data_thin:source_owner_missing,synthetic_demo,ai-control-tower/T08_spend-contracts.csv,60,2026-06-18,2026-01-01,2026-06-18,static_snapshot,medium,synthetic_demo,confidential,Tower|Intelligence,budget|actual|forecast|proxy_value|gap,roi_without_value_basis|bare_amount_without_entity_period_type,data_thin:source_owner_missing|data_thin:amount_missing|data_thin:owner_missing|data_thin:vendor_id_missing|data_thin:system_id_missing|data_thin:committed_vs_discretionary_missing,2026-06-28T00:00:00Z,2026-06-28T00:00:00Z,SHA-SPEND-015-3,data_thin:amount_missing,actual_spend,data_thin:owner_missing,SHA-INIT-104,data_thin:vendor_id_missing,data_thin:system_id_missing,data_thin:committed_vs_discretionary_missing,2026-05-28,Spend line for Baggage tracking and recovery modernization,compute-hour
skyharbor-air,Airline Demo,v6.0,spend_value,SHA-SPEND-015-4,spend_value record,v4_synthetic_pack,data_thin:source_owner_missing,synthetic_demo,ai-control-tower/T08_spend-contracts.csv,61,2026-06-18,2026-01-01,2026-06-18,static_snapshot,medium,synthetic_demo,confidential,Tower|Intelligence,budget|actual|forecast|proxy_value|gap,roi_without_value_basis|bare_amount_without_entity_period_type,data_thin:source_owner_missing|data_thin:amount_missing|data_thin:owner_missing|data_thin:vendor_id_missing|data_thin:system_id_missing|data_thin:committed_vs_discretionary_missing,2026-06-28T00:00:00Z,2026-06-28T00:00:00Z,SHA-SPEND-015-4,data_thin:amount_missing,actual_spend,data_thin:owner_missing,SHA-INIT-104,data_thin:vendor_id_missing,data_thin:system_id_missing,data_thin:committed_vs_discretionary_missing,2026-06-28,Spend line for Baggage tracking and recovery modernization,SOW milestone
skyharbor-air,Airline Demo,v6.0,spend_value,SHA-SPEND-016-1,spend_value record,v4_synthetic_pack,data_thin:source_owner_missing,synthetic_demo,ai-control-tower/T08_spend-contracts.csv,62,2026-06-18,2026-01-01,2026-06-18,static_snapshot,medium,synthetic_demo,confidential,Tower|Intelligence,budget|actual|forecast|proxy_value|gap,roi_without_value_basis|bare_amount_without_entity_period_type,data_thin:source_owner_missing|data_thin:amount_missing|data_thin:owner_missing|data_thin:vendor_id_missing|data_thin:system_id_missing|data_thin:committed_vs_discretionary_missing,2026-06-28T00:00:00Z,2026-06-28T00:00:00Z,SHA-SPEND-016-1,data_thin:amount_missing,actual_spend,data_thin:owner_missing,SHA-INIT-105,data_thin:vendor_id_missing,data_thin:system_id_missing,data_thin:committed_vs_discretionary_missing,2026-04-28,Spend line for MRO predictive maintenance modernization,FTE-month
skyharbor-air,Airline Demo,v6.0,spend_value,SHA-SPEND-016-2,spend_value record,v4_synthetic_pack,data_thin:source_owner_missing,synthetic_demo,ai-control-tower/T08_spend-contracts.csv,63,2026-06-18,2026-01-01,2026-06-18,static_snapshot,medium,synthetic_demo,confidential,Tower|Intelligence,budget|actual|forecast|proxy_value|gap,roi_without_value_basis|bare_amount_without_entity_period_type,data_thin:source_owner_missing|data_thin:amount_missing|data_thin:owner_missing|data_thin:vendor_id_missing|data_thin:system_id_missing|data_thin:committed_vs_discretionary_missing,2026-06-28T00:00:00Z,2026-06-28T00:00:00Z,SHA-SPEND-016-2,data_thin:amount_missing,actual_spend,data_thin:owner_missing,SHA-INIT-105,data_thin:vendor_id_missing,data_thin:system_id_missing,data_thin:committed_vs_discretionary_missing,2026-05-28,Spend line for MRO predictive maintenance modernization,seat/month
skyharbor-air,Airline Demo,v6.0,spend_value,SHA-SPEND-016-3,spend_value record,v4_synthetic_pack,data_thin:source_owner_missing,synthetic_demo,ai-control-tower/T08_spend-contracts.csv,64,2026-06-18,2026-01-01,2026-06-18,static_snapshot,medium,synthetic_demo,confidential,Tower|Intelligence,budget|actual|forecast|proxy_value|gap,roi_without_value_basis|bare_amount_without_entity_period_type,data_thin:source_owner_missing|data_thin:amount_missing|data_thin:owner_missing|data_thin:vendor_id_missing|data_thin:system_id_missing|data_thin:committed_vs_discretionary_missing,2026-06-28T00:00:00Z,2026-06-28T00:00:00Z,SHA-SPEND-016-3,data_thin:amount_missing,actual_spend,data_thin:owner_missing,SHA-INIT-105,data_thin:vendor_id_missing,data_thin:system_id_missing,data_thin:committed_vs_discretionary_missing,2026-06-28,Spend line for MRO predictive maintenance modernization,compute-hour
skyharbor-air,Airline Demo,v6.0,spend_value,SHA-SPEND-016-4,spend_value record,v4_synthetic_pack,data_thin:source_owner_missing,synthetic_demo,ai-control-tower/T08_spend-contracts.csv,65,2026-06-18,2026-01-01,2026-06-18,static_snapshot,medium,synthetic_demo,confidential,Tower|Intelligence,budget|actual|forecast|proxy_value|gap,roi_without_value_basis|bare_amount_without_entity_period_type,data_thin:source_owner_missing|data_thin:amount_missing|data_thin:owner_missing|data_thin:vendor_id_missing|data_thin:system_id_missing|data_thin:committed_vs_discretionary_missing,2026-06-28T00:00:00Z,2026-06-28T00:00:00Z,SHA-SPEND-016-4,data_thin:amount_missing,actual_spend,data_thin:owner_missing,SHA-INIT-105,data_thin:vendor_id_missing,data_thin:system_id_missing,data_thin:committed_vs_discretionary_missing,2026-07-28,Spend line for MRO predictive maintenance modernization,SOW milestone
skyharbor-air,Airline Demo,v6.0,spend_value,SHA-SPEND-017-1,spend_value record,v4_synthetic_pack,data_thin:source_owner_missing,synthetic_demo,ai-control-tower/T08_spend-contracts.csv,66,2026-06-18,2026-01-01,2026-06-18,static_snapshot,medium,synthetic_demo,confidential,Tower|Intelligence,budget|actual|forecast|proxy_value|gap,roi_without_value_basis|bare_amount_without_entity_period_type,data_thin:source_owner_missing|data_thin:amount_missing|data_thin:owner_missing|data_thin:vendor_id_missing|data_thin:system_id_missing|data_thin:committed_vs_discretionary_missing,2026-06-28T00:00:00Z,2026-06-28T00:00:00Z,SHA-SPEND-017-1,data_thin:amount_missing,actual_spend,data_thin:owner_missing,SHA-INIT-106,data_thin:vendor_id_missing,data_thin:system_id_missing,data_thin:committed_vs_discretionary_missing,2026-05-28,Spend line for Revenue management and pricing modernization,FTE-month
skyharbor-air,Airline Demo,v6.0,spend_value,SHA-SPEND-017-2,spend_value record,v4_synthetic_pack,data_thin:source_owner_missing,synthetic_demo,ai-control-tower/T08_spend-contracts.csv,67,2026-06-18,2026-01-01,2026-06-18,static_snapshot,medium,synthetic_demo,confidential,Tower|Intelligence,budget|actual|forecast|proxy_value|gap,roi_without_value_basis|bare_amount_without_entity_period_type,data_thin:source_owner_missing|data_thin:amount_missing|data_thin:owner_missing|data_thin:vendor_id_missing|data_thin:system_id_missing|data_thin:committed_vs_discretionary_missing,2026-06-28T00:00:00Z,2026-06-28T00:00:00Z,SHA-SPEND-017-2,data_thin:amount_missing,actual_spend,data_thin:owner_missing,SHA-INIT-106,data_thin:vendor_id_missing,data_thin:system_id_missing,data_thin:committed_vs_discretionary_missing,2026-06-28,Spend line for Revenue management and pricing modernization,seat/month
skyharbor-air,Airline Demo,v6.0,spend_value,SHA-SPEND-017-3,spend_value record,v4_synthetic_pack,data_thin:source_owner_missing,synthetic_demo,ai-control-tower/T08_spend-contracts.csv,68,2026-06-18,2026-01-01,2026-06-18,static_snapshot,medium,synthetic_demo,confidential,Tower|Intelligence,budget|actual|forecast|proxy_value|gap,roi_without_value_basis|bare_amount_without_entity_period_type,data_thin:source_owner_missing|data_thin:amount_missing|data_thin:owner_missing|data_thin:vendor_id_missing|data_thin:system_id_missing|data_thin:committed_vs_discretionary_missing,2026-06-28T00:00:00Z,2026-06-28T00:00:00Z,SHA-SPEND-017-3,data_thin:amount_missing,actual_spend,data_thin:owner_missing,SHA-INIT-106,data_thin:vendor_id_missing,data_thin:system_id_missing,data_thin:committed_vs_discretionary_missing,2026-07-28,Spend line for Revenue management and pricing modernization,compute-hour
skyharbor-air,Airline Demo,v6.0,spend_value,SHA-SPEND-017-4,spend_value record,v4_synthetic_pack,data_thin:source_owner_missing,synthetic_demo,ai-control-tower/T08_spend-contracts.csv,69,2026-06-18,2026-01-01,2026-06-18,static_snapshot,medium,synthetic_demo,confidential,Tower|Intelligence,budget|actual|forecast|proxy_value|gap,roi_without_value_basis|bare_amount_without_entity_period_type,data_thin:source_owner_missing|data_thin:amount_missing|data_thin:owner_missing|data_thin:vendor_id_missing|data_thin:system_id_missing|data_thin:committed_vs_discretionary_missing,2026-06-28T00:00:00Z,2026-06-28T00:00:00Z,SHA-SPEND-017-4,data_thin:amount_missing,actual_spend,data_thin:owner_missing,SHA-INIT-106,data_thin:vendor_id_missing,data_thin:system_id_missing,data_thin:committed_vs_discretionary_missing,2026-08-28,Spend line for Revenue management and pricing modernization,SOW milestone
skyharbor-air,Airline Demo,v6.0,spend_value,SHA-SPEND-018-1,spend_value record,v4_synthetic_pack,data_thin:source_owner_missing,synthetic_demo,ai-control-tower/T08_spend-contracts.csv,70,2026-06-18,2026-01-01,2026-06-18,static_snapshot,medium,synthetic_demo,confidential,Tower|Intelligence,budget|actual|forecast|proxy_value|gap,roi_without_value_basis|bare_amount_without_entity_period_type,data_thin:source_owner_missing|data_thin:amount_missing|data_thin:owner_missing|data_thin:vendor_id_missing|data_thin:system_id_missing|data_thin:committed_vs_discretionary_missing,2026-06-28T00:00:00Z,2026-06-28T00:00:00Z,SHA-SPEND-018-1,data_thin:amount_missing,actual_spend,data_thin:owner_missing,SHA-INIT-107,data_thin:vendor_id_missing,data_thin:system_id_missing,data_thin:committed_vs_discretionary_missing,2026-06-28,Spend line for NDC offer/order retailing modernization,FTE-month
skyharbor-air,Airline Demo,v6.0,spend_value,SHA-SPEND-018-2,spend_value record,v4_synthetic_pack,data_thin:source_owner_missing,synthetic_demo,ai-control-tower/T08_spend-contracts.csv,71,2026-06-18,2026-01-01,2026-06-18,static_snapshot,medium,synthetic_demo,confidential,Tower|Intelligence,budget|actual|forecast|proxy_value|gap,roi_without_value_basis|bare_amount_without_entity_period_type,data_thin:source_owner_missing|data_thin:amount_missing|data_thin:owner_missing|data_thin:vendor_id_missing|data_thin:system_id_missing|data_thin:committed_vs_discretionary_missing,2026-06-28T00:00:00Z,2026-06-28T00:00:00Z,SHA-SPEND-018-2,data_thin:amount_missing,actual_spend,data_thin:owner_missing,SHA-INIT-107,data_thin:vendor_id_missing,data_thin:system_id_missing,data_thin:committed_vs_discretionary_missing,2026-07-28,Spend line for NDC offer/order retailing modernization,seat/month
skyharbor-air,Airline Demo,v6.0,spend_value,SHA-SPEND-018-3,spend_value record,v4_synthetic_pack,data_thin:source_owner_missing,synthetic_demo,ai-control-tower/T08_spend-contracts.csv,72,2026-06-18,2026-01-01,2026-06-18,static_snapshot,medium,synthetic_demo,confidential,Tower|Intelligence,budget|actual|forecast|proxy_value|gap,roi_without_value_basis|bare_amount_without_entity_period_type,data_thin:source_owner_missing|data_thin:amount_missing|data_thin:owner_missing|data_thin:vendor_id_missing|data_thin:system_id_missing|data_thin:committed_vs_discretionary_missing,2026-06-28T00:00:00Z,2026-06-28T00:00:00Z,SHA-SPEND-018-3,data_thin:amount_missing,actual_spend,data_thin:owner_missing,SHA-INIT-107,data_thin:vendor_id_missing,data_thin:system_id_missing,data_thin:committed_vs_discretionary_missing,2026-08-28,Spend line for NDC offer/order retailing modernization,compute-hour
skyharbor-air,Airline Demo,v6.0,spend_value,SHA-SPEND-018-4,spend_value record,v4_synthetic_pack,data_thin:source_owner_missing,synthetic_demo,ai-control-tower/T08_spend-contracts.csv,73,2026-06-18,2026-01-01,2026-06-18,static_snapshot,medium,synthetic_demo,confidential,Tower|Intelligence,budget|actual|forecast|proxy_value|gap,roi_without_value_basis|bare_amount_without_entity_period_type,data_thin:source_owner_missing|data_thin:amount_missing|data_thin:owner_missing|data_thin:vendor_id_missing|data_thin:system_id_missing|data_thin:committed_vs_discretionary_missing,2026-06-28T00:00:00Z,2026-06-28T00:00:00Z,SHA-SPEND-018-4,data_thin:amount_missing,actual_spend,data_thin:owner_missing,SHA-INIT-107,data_thin:vendor_id_missing,data_thin:system_id_missing,data_thin:committed_vs_discretionary_missing,2026-09-28,Spend line for NDC offer/order retailing modernization,SOW milestone
skyharbor-air,Airline Demo,v6.0,spend_value,SHA-SPEND-019-1,spend_value record,v4_synthetic_pack,data_thin:source_owner_missing,synthetic_demo,ai-control-tower/T08_spend-contracts.csv,74,2026-06-18,2026-01-01,2026-06-18,static_snapshot,medium,synthetic_demo,confidential,Tower|Intelligence,budget|actual|forecast|proxy_value|gap,roi_without_value_basis|bare_amount_without_entity_period_type,data_thin:source_owner_missing|data_thin:amount_missing|data_thin:owner_missing|data_thin:vendor_id_missing|data_thin:system_id_missing|data_thin:committed_vs_discretionary_missing,2026-06-28T00:00:00Z,2026-06-28T00:00:00Z,SHA-SPEND-019-1,data_thin:amount_missing,actual_spend,data_thin:owner_missing,SHA-INIT-108,data_thin:vendor_id_missing,data_thin:system_id_missing,data_thin:committed_vs_discretionary_missing,2026-07-28,Spend line for Loyalty personalization modernization,FTE-month
skyharbor-air,Airline Demo,v6.0,spend_value,SHA-SPEND-019-2,spend_value record,v4_synthetic_pack,data_thin:source_owner_missing,synthetic_demo,ai-control-tower/T08_spend-contracts.csv,75,2026-06-18,2026-01-01,2026-06-18,static_snapshot,medium,synthetic_demo,confidential,Tower|Intelligence,budget|actual|forecast|proxy_value|gap,roi_without_value_basis|bare_amount_without_entity_period_type,data_thin:source_owner_missing|data_thin:amount_missing|data_thin:owner_missing|data_thin:vendor_id_missing|data_thin:system_id_missing|data_thin:committed_vs_discretionary_missing,2026-06-28T00:00:00Z,2026-06-28T00:00:00Z,SHA-SPEND-019-2,data_thin:amount_missing,actual_spend,data_thin:owner_missing,SHA-INIT-108,data_thin:vendor_id_missing,data_thin:system_id_missing,data_thin:committed_vs_discretionary_missing,2026-08-28,Spend line for Loyalty personalization modernization,seat/month
skyharbor-air,Airline Demo,v6.0,spend_value,SHA-SPEND-019-3,spend_value record,v4_synthetic_pack,data_thin:source_owner_missing,synthetic_demo,ai-control-tower/T08_spend-contracts.csv,76,2026-06-18,2026-01-01,2026-06-18,static_snapshot,medium,synthetic_demo,confidential,Tower|Intelligence,budget|actual|forecast|proxy_value|gap,roi_without_value_basis|bare_amount_without_entity_period_type,data_thin:source_owner_missing|data_thin:amount_missing|data_thin:owner_missing|data_thin:vendor_id_missing|data_thin:system_id_missing|data_thin:committed_vs_discretionary_missing,2026-06-28T00:00:00Z,2026-06-28T00:00:00Z,SHA-SPEND-019-3,data_thin:amount_missing,actual_spend,data_thin:owner_missing,SHA-INIT-108,data_thin:vendor_id_missing,data_thin:system_id_missing,data_thin:committed_vs_discretionary_missing,2026-09-28,Spend line for Loyalty personalization modernization,compute-hour
skyharbor-air,Airline Demo,v6.0,spend_value,SHA-SPEND-019-4,spend_value record,v4_synthetic_pack,data_thin:source_owner_missing,synthetic_demo,ai-control-tower/T08_spend-contracts.csv,77,2026-06-18,2026-01-01,2026-06-18,static_snapshot,medium,synthetic_demo,confidential,Tower|Intelligence,budget|actual|forecast|proxy_value|gap,roi_without_value_basis|bare_amount_without_entity_period_type,data_thin:source_owner_missing|data_thin:amount_missing|data_thin:owner_missing|data_thin:vendor_id_missing|data_thin:system_id_missing|data_thin:committed_vs_discretionary_missing,2026-06-28T00:00:00Z,2026-06-28T00:00:00Z,SHA-SPEND-019-4,data_thin:amount_missing,actual_spend,data_thin:owner_missing,SHA-INIT-108,data_thin:vendor_id_missing,data_thin:system_id_missing,data_thin:committed_vs_discretionary_missing,2026-10-28,Spend line for Loyalty personalization modernization,SOW milestone
skyharbor-air,Airline Demo,v6.0,spend_value,SHA-SPEND-020-1,spend_value record,v4_synthetic_pack,data_thin:source_owner_missing,synthetic_demo,ai-control-tower/T08_spend-contracts.csv,78,2026-06-18,2026-01-01,2026-06-18,static_snapshot,medium,synthetic_demo,confidential,Tower|Intelligence,budget|actual|forecast|proxy_value|gap,roi_without_value_basis|bare_amount_without_entity_period_type,data_thin:source_owner_missing|data_thin:amount_missing|data_thin:owner_missing|data_thin:vendor_id_missing|data_thin:system_id_missing|data_thin:committed_vs_discretionary_missing,2026-06-28T00:00:00Z,2026-06-28T00:00:00Z,SHA-SPEND-020-1,data_thin:amount_missing,actual_spend,data_thin:owner_missing,SHA-INIT-109,data_thin:vendor_id_missing,data_thin:system_id_missing,data_thin:committed_vs_discretionary_missing,2026-08-28,Spend line for Digital concierge and journey orchestration modernization,FTE-month
skyharbor-air,Airline Demo,v6.0,spend_value,SHA-SPEND-020-2,spend_value record,v4_synthetic_pack,data_thin:source_owner_missing,synthetic_demo,ai-control-tower/T08_spend-contracts.csv,79,2026-06-18,2026-01-01,2026-06-18,static_snapshot,medium,synthetic_demo,confidential,Tower|Intelligence,budget|actual|forecast|proxy_value|gap,roi_without_value_basis|bare_amount_without_entity_period_type,data_thin:source_owner_missing|data_thin:amount_missing|data_thin:owner_missing|data_thin:vendor_id_missing|data_thin:system_id_missing|data_thin:committed_vs_discretionary_missing,2026-06-28T00:00:00Z,2026-06-28T00:00:00Z,SHA-SPEND-020-2,data_thin:amount_missing,actual_spend,data_thin:owner_missing,SHA-INIT-109,data_thin:vendor_id_missing,data_thin:system_id_missing,data_thin:committed_vs_discretionary_missing,2026-09-28,Spend line for Digital concierge and journey orchestration modernization,seat/month
skyharbor-air,Airline Demo,v6.0,spend_value,SHA-SPEND-020-3,spend_value record,v4_synthetic_pack,data_thin:source_owner_missing,synthetic_demo,ai-control-tower/T08_spend-contracts.csv,80,2026-06-18,2026-01-01,2026-06-18,static_snapshot,medium,synthetic_demo,confidential,Tower|Intelligence,budget|actual|forecast|proxy_value|gap,roi_without_value_basis|bare_amount_without_entity_period_type,data_thin:source_owner_missing|data_thin:amount_missing|data_thin:owner_missing|data_thin:vendor_id_missing|data_thin:system_id_missing|data_thin:committed_vs_discretionary_missing,2026-06-28T00:00:00Z,2026-06-28T00:00:00Z,SHA-SPEND-020-3,data_thin:amount_missing,actual_spend,data_thin:owner_missing,SHA-INIT-109,data_thin:vendor_id_missing,data_thin:system_id_missing,data_thin:committed_vs_discretionary_missing,2026-10-28,Spend line for Digital concierge and journey orchestration modernization,compute-hour
skyharbor-air,Airline Demo,v6.0,spend_value,SHA-SPEND-020-4,spend_value record,v4_synthetic_pack,data_thin:source_owner_missing,synthetic_demo,ai-control-tower/T08_spend-contracts.csv,81,2026-06-18,2026-01-01,2026-06-18,static_snapshot,medium,synthetic_demo,confidential,Tower|Intelligence,budget|actual|forecast|proxy_value|gap,roi_without_value_basis|bare_amount_without_entity_period_type,data_thin:source_owner_missing|data_thin:amount_missing|data_thin:owner_missing|data_thin:vendor_id_missing|data_thin:system_id_missing|data_thin:committed_vs_discretionary_missing,2026-06-28T00:00:00Z,2026-06-28T00:00:00Z,SHA-SPEND-020-4,data_thin:amount_missing,actual_spend,data_thin:owner_missing,SHA-INIT-109,data_thin:vendor_id_missing,data_thin:system_id_missing,data_thin:committed_vs_discretionary_missing,2026-11-28,Spend line for Digital concierge and journey orchestration modernization,SOW milestone
skyharbor-air,Airline Demo,v6.0,spend_value,SHA-SPEND-021-1,spend_value record,v4_synthetic_pack,data_thin:source_owner_missing,synthetic_demo,ai-control-tower/T08_spend-contracts.csv,82,2026-06-18,2026-01-01,2026-06-18,static_snapshot,medium,synthetic_demo,confidential,Tower|Intelligence,budget|actual|forecast|proxy_value|gap,roi_without_value_basis|bare_amount_without_entity_period_type,data_thin:source_owner_missing|data_thin:amount_missing|data_thin:owner_missing|data_thin:vendor_id_missing|data_thin:system_id_missing|data_thin:committed_vs_discretionary_missing,2026-06-28T00:00:00Z,2026-06-28T00:00:00Z,SHA-SPEND-021-1,data_thin:amount_missing,actual_spend,data_thin:owner_missing,SHA-INIT-110,data_thin:vendor_id_missing,data_thin:system_id_missing,data_thin:committed_vs_discretionary_missing,2026-09-28,Spend line for Contact center service recovery modernization,FTE-month
skyharbor-air,Airline Demo,v6.0,spend_value,SHA-SPEND-021-2,spend_value record,v4_synthetic_pack,data_thin:source_owner_missing,synthetic_demo,ai-control-tower/T08_spend-contracts.csv,83,2026-06-18,2026-01-01,2026-06-18,static_snapshot,medium,synthetic_demo,confidential,Tower|Intelligence,budget|actual|forecast|proxy_value|gap,roi_without_value_basis|bare_amount_without_entity_period_type,data_thin:source_owner_missing|data_thin:amount_missing|data_thin:owner_missing|data_thin:vendor_id_missing|data_thin:system_id_missing|data_thin:committed_vs_discretionary_missing,2026-06-28T00:00:00Z,2026-06-28T00:00:00Z,SHA-SPEND-021-2,data_thin:amount_missing,actual_spend,data_thin:owner_missing,SHA-INIT-110,data_thin:vendor_id_missing,data_thin:system_id_missing,data_thin:committed_vs_discretionary_missing,2026-10-28,Spend line for Contact center service recovery modernization,seat/month
skyharbor-air,Airline Demo,v6.0,spend_value,SHA-SPEND-021-3,spend_value record,v4_synthetic_pack,data_thin:source_owner_missing,synthetic_demo,ai-control-tower/T08_spend-contracts.csv,84,2026-06-18,2026-01-01,2026-06-18,static_snapshot,medium,synthetic_demo,confidential,Tower|Intelligence,budget|actual|forecast|proxy_value|gap,roi_without_value_basis|bare_amount_without_entity_period_type,data_thin:source_owner_missing|data_thin:amount_missing|data_thin:owner_missing|data_thin:vendor_id_missing|data_thin:system_id_missing|data_thin:committed_vs_discretionary_missing,2026-06-28T00:00:00Z,2026-06-28T00:00:00Z,SHA-SPEND-021-3,data_thin:amount_missing,actual_spend,data_thin:owner_missing,SHA-INIT-110,data_thin:vendor_id_missing,data_thin:system_id_missing,data_thin:committed_vs_discretionary_missing,2026-11-28,Spend line for Contact center service recovery modernization,compute-hour
skyharbor-air,Airline Demo,v6.0,spend_value,SHA-SPEND-021-4,spend_value record,v4_synthetic_pack,data_thin:source_owner_missing,synthetic_demo,ai-control-tower/T08_spend-contracts.csv,85,2026-06-18,2026-01-01,2026-06-18,static_snapshot,medium,synthetic_demo,confidential,Tower|Intelligence,budget|actual|forecast|proxy_value|gap,roi_without_value_basis|bare_amount_without_entity_period_type,data_thin:source_owner_missing|data_thin:amount_missing|data_thin:owner_missing|data_thin:vendor_id_missing|data_thin:system_id_missing|data_thin:committed_vs_discretionary_missing,2026-06-28T00:00:00Z,2026-06-28T00:00:00Z,SHA-SPEND-021-4,data_thin:amount_missing,actual_spend,data_thin:owner_missing,SHA-INIT-110,data_thin:vendor_id_missing,data_thin:system_id_missing,data_thin:committed_vs_discretionary_missing,2026-12-28,Spend line for Contact center service recovery modernization,SOW milestone
skyharbor-air,Airline Demo,v6.0,spend_value,SHA-SPEND-022-1,spend_value record,v4_synthetic_pack,data_thin:source_owner_missing,synthetic_demo,ai-control-tower/T08_spend-contracts.csv,86,2026-06-18,2026-01-01,2026-06-18,static_snapshot,medium,synthetic_demo,confidential,Tower|Intelligence,budget|actual|forecast|proxy_value|gap,roi_without_value_basis|bare_amount_without_entity_period_type,data_thin:source_owner_missing|data_thin:amount_missing|data_thin:owner_missing|data_thin:vendor_id_missing|data_thin:system_id_missing|data_thin:committed_vs_discretionary_missing,2026-06-28T00:00:00Z,2026-06-28T00:00:00Z,SHA-SPEND-022-1,data_thin:amount_missing,actual_spend,data_thin:owner_missing,SHA-INIT-111,data_thin:vendor_id_missing,data_thin:system_id_missing,data_thin:committed_vs_discretionary_missing,2026-10-28,Spend line for Cargo capacity optimization modernization,FTE-month
skyharbor-air,Airline Demo,v6.0,spend_value,SHA-SPEND-022-2,spend_value record,v4_synthetic_pack,data_thin:source_owner_missing,synthetic_demo,ai-control-tower/T08_spend-contracts.csv,87,2026-06-18,2026-01-01,2026-06-18,static_snapshot,medium,synthetic_demo,confidential,Tower|Intelligence,budget|actual|forecast|proxy_value|gap,roi_without_value_basis|bare_amount_without_entity_period_type,data_thin:source_owner_missing|data_thin:amount_missing|data_thin:owner_missing|data_thin:vendor_id_missing|data_thin:system_id_missing|data_thin:committed_vs_discretionary_missing,2026-06-28T00:00:00Z,2026-06-28T00:00:00Z,SHA-SPEND-022-2,data_thin:amount_missing,actual_spend,data_thin:owner_missing,SHA-INIT-111,data_thin:vendor_id_missing,data_thin:system_id_missing,data_thin:committed_vs_discretionary_missing,2026-11-28,Spend line for Cargo capacity optimization modernization,seat/month
skyharbor-air,Airline Demo,v6.0,spend_value,SHA-SPEND-022-3,spend_value record,v4_synthetic_pack,data_thin:source_owner_missing,synthetic_demo,ai-control-tower/T08_spend-contracts.csv,88,2026-06-18,2026-01-01,2026-06-18,static_snapshot,medium,synthetic_demo,confidential,Tower|Intelligence,budget|actual|forecast|proxy_value|gap,roi_without_value_basis|bare_amount_without_entity_period_type,data_thin:source_owner_missing|data_thin:amount_missing|data_thin:owner_missing|data_thin:vendor_id_missing|data_thin:system_id_missing|data_thin:committed_vs_discretionary_missing,2026-06-28T00:00:00Z,2026-06-28T00:00:00Z,SHA-SPEND-022-3,data_thin:amount_missing,actual_spend,data_thin:owner_missing,SHA-INIT-111,data_thin:vendor_id_missing,data_thin:system_id_missing,data_thin:committed_vs_discretionary_missing,2026-12-28,Spend line for Cargo capacity optimization modernization,compute-hour
skyharbor-air,Airline Demo,v6.0,spend_value,SHA-SPEND-022-4,spend_value record,v4_synthetic_pack,data_thin:source_owner_missing,synthetic_demo,ai-control-tower/T08_spend-contracts.csv,89,2026-06-18,2026-01-01,2026-06-18,static_snapshot,medium,synthetic_demo,confidential,Tower|Intelligence,budget|actual|forecast|proxy_value|gap,roi_without_value_basis|bare_amount_without_entity_period_type,data_thin:source_owner_missing|data_thin:amount_missing|data_thin:owner_missing|data_thin:vendor_id_missing|data_thin:system_id_missing|data_thin:committed_vs_discretionary_missing,2026-06-28T00:00:00Z,2026-06-28T00:00:00Z,SHA-SPEND-022-4,data_thin:amount_missing,actual_spend,data_thin:owner_missing,SHA-INIT-111,data_thin:vendor_id_missing,data_thin:system_id_missing,data_thin:committed_vs_discretionary_missing,2026-01-28,Spend line for Cargo capacity optimization modernization,SOW milestone
skyharbor-air,Airline Demo,v6.0,spend_value,SHA-SPEND-023-1,spend_value record,v4_synthetic_pack,data_thin:source_owner_missing,synthetic_demo,ai-control-tower/T08_spend-contracts.csv,90,2026-06-18,2026-01-01,2026-06-18,static_snapshot,medium,synthetic_demo,confidential,Tower|Intelligence,budget|actual|forecast|proxy_value|gap,roi_without_value_basis|bare_amount_without_entity_period_type,data_thin:source_owner_missing|data_thin:amount_missing|data_thin:owner_missing|data_thin:vendor_id_missing|data_thin:system_id_missing|data_thin:committed_vs_discretionary_missing,2026-06-28T00:00:00Z,2026-06-28T00:00:00Z,SHA-SPEND-023-1,data_thin:amount_missing,actual_spend,data_thin:owner_missing,SHA-INIT-112,data_thin:vendor_id_missing,data_thin:system_id_missing,data_thin:committed_vs_discretionary_missing,2026-11-28,Spend line for Fuel optimization and sustainability modernization,FTE-month
skyharbor-air,Airline Demo,v6.0,spend_value,SHA-SPEND-023-2,spend_value record,v4_synthetic_pack,data_thin:source_owner_missing,synthetic_demo,ai-control-tower/T08_spend-contracts.csv,91,2026-06-18,2026-01-01,2026-06-18,static_snapshot,medium,synthetic_demo,confidential,Tower|Intelligence,budget|actual|forecast|proxy_value|gap,roi_without_value_basis|bare_amount_without_entity_period_type,data_thin:source_owner_missing|data_thin:amount_missing|data_thin:owner_missing|data_thin:vendor_id_missing|data_thin:system_id_missing|data_thin:committed_vs_discretionary_missing,2026-06-28T00:00:00Z,2026-06-28T00:00:00Z,SHA-SPEND-023-2,data_thin:amount_missing,actual_spend,data_thin:owner_missing,SHA-INIT-112,data_thin:vendor_id_missing,data_thin:system_id_missing,data_thin:committed_vs_discretionary_missing,2026-12-28,Spend line for Fuel optimization and sustainability modernization,seat/month
skyharbor-air,Airline Demo,v6.0,spend_value,SHA-SPEND-023-3,spend_value record,v4_synthetic_pack,data_thin:source_owner_missing,synthetic_demo,ai-control-tower/T08_spend-contracts.csv,92,2026-06-18,2026-01-01,2026-06-18,static_snapshot,medium,synthetic_demo,confidential,Tower|Intelligence,budget|actual|forecast|proxy_value|gap,roi_without_value_basis|bare_amount_without_entity_period_type,data_thin:source_owner_missing|data_thin:amount_missing|data_thin:owner_missing|data_thin:vendor_id_missing|data_thin:system_id_missing|data_thin:committed_vs_discretionary_missing,2026-06-28T00:00:00Z,2026-06-28T00:00:00Z,SHA-SPEND-023-3,data_thin:amount_missing,actual_spend,data_thin:owner_missing,SHA-INIT-112,data_thin:vendor_id_missing,data_thin:system_id_missing,data_thin:committed_vs_discretionary_missing,2026-01-28,Spend line for Fuel optimization and sustainability modernization,compute-hour
skyharbor-air,Airline Demo,v6.0,spend_value,SHA-SPEND-023-4,spend_value record,v4_synthetic_pack,data_thin:source_owner_missing,synthetic_demo,ai-control-tower/T08_spend-contracts.csv,93,2026-06-18,2026-01-01,2026-06-18,static_snapshot,medium,synthetic_demo,confidential,Tower|Intelligence,budget|actual|forecast|proxy_value|gap,roi_without_value_basis|bare_amount_without_entity_period_type,data_thin:source_owner_missing|data_thin:amount_missing|data_thin:owner_missing|data_thin:vendor_id_missing|data_thin:system_id_missing|data_thin:committed_vs_discretionary_missing,2026-06-28T00:00:00Z,2026-06-28T00:00:00Z,SHA-SPEND-023-4,data_thin:amount_missing,actual_spend,data_thin:owner_missing,SHA-INIT-112,data_thin:vendor_id_missing,data_thin:system_id_missing,data_thin:committed_vs_discretionary_missing,2026-02-28,Spend line for Fuel optimization and sustainability modernization,SOW milestone
skyharbor-air,Airline Demo,v6.0,spend_value,SHA-SPEND-024-1,spend_value record,v4_synthetic_pack,data_thin:source_owner_missing,synthetic_demo,ai-control-tower/T08_spend-contracts.csv,94,2026-06-18,2026-01-01,2026-06-18,static_snapshot,medium,synthetic_demo,confidential,Tower|Intelligence,budget|actual|forecast|proxy_value|gap,roi_without_value_basis|bare_amount_without_entity_period_type,data_thin:source_owner_missing|data_thin:amount_missing|data_thin:owner_missing|data_thin:vendor_id_missing|data_thin:system_id_missing|data_thin:committed_vs_discretionary_missing,2026-06-28T00:00:00Z,2026-06-28T00:00:00Z,SHA-SPEND-024-1,data_thin:amount_missing,actual_spend,data_thin:owner_missing,SHA-INIT-113,data_thin:vendor_id_missing,data_thin:system_id_missing,data_thin:committed_vs_discretionary_missing,2026-12-28,Spend line for Revenue accounting and settlement modernization,FTE-month
skyharbor-air,Airline Demo,v6.0,spend_value,SHA-SPEND-024-2,spend_value record,v4_synthetic_pack,data_thin:source_owner_missing,synthetic_demo,ai-control-tower/T08_spend-contracts.csv,95,2026-06-18,2026-01-01,2026-06-18,static_snapshot,medium,synthetic_demo,confidential,Tower|Intelligence,budget|actual|forecast|proxy_value|gap,roi_without_value_basis|bare_amount_without_entity_period_type,data_thin:source_owner_missing|data_thin:amount_missing|data_thin:owner_missing|data_thin:vendor_id_missing|data_thin:system_id_missing|data_thin:committed_vs_discretionary_missing,2026-06-28T00:00:00Z,2026-06-28T00:00:00Z,SHA-SPEND-024-2,data_thin:amount_missing,actual_spend,data_thin:owner_missing,SHA-INIT-113,data_thin:vendor_id_missing,data_thin:system_id_missing,data_thin:committed_vs_discretionary_missing,2026-01-28,Spend line for Revenue accounting and settlement modernization,seat/month
skyharbor-air,Airline Demo,v6.0,spend_value,SHA-SPEND-024-3,spend_value record,v4_synthetic_pack,data_thin:source_owner_missing,synthetic_demo,ai-control-tower/T08_spend-contracts.csv,96,2026-06-18,2026-01-01,2026-06-18,static_snapshot,medium,synthetic_demo,confidential,Tower|Intelligence,budget|actual|forecast|proxy_value|gap,roi_without_value_basis|bare_amount_without_entity_period_type,data_thin:source_owner_missing|data_thin:amount_missing|data_thin:owner_missing|data_thin:vendor_id_missing|data_thin:system_id_missing|data_thin:committed_vs_discretionary_missing,2026-06-28T00:00:00Z,2026-06-28T00:00:00Z,SHA-SPEND-024-3,data_thin:amount_missing,actual_spend,data_thin:owner_missing,SHA-INIT-113,data_thin:vendor_id_missing,data_thin:system_id_missing,data_thin:committed_vs_discretionary_missing,2026-02-28,Spend line for Revenue accounting and settlement modernization,compute-hour
skyharbor-air,Airline Demo,v6.0,spend_value,SHA-SPEND-024-4,spend_value record,v4_synthetic_pack,data_thin:source_owner_missing,synthetic_demo,ai-control-tower/T08_spend-contracts.csv,97,2026-06-18,2026-01-01,2026-06-18,static_snapshot,medium,synthetic_demo,confidential,Tower|Intelligence,budget|actual|forecast|proxy_value|gap,roi_without_value_basis|bare_amount_without_entity_period_type,data_thin:source_owner_missing|data_thin:amount_missing|data_thin:owner_missing|data_thin:vendor_id_missing|data_thin:system_id_missing|data_thin:committed_vs_discretionary_missing,2026-06-28T00:00:00Z,2026-06-28T00:00:00Z,SHA-SPEND-024-4,data_thin:amount_missing,actual_spend,data_thin:owner_missing,SHA-INIT-113,data_thin:vendor_id_missing,data_thin:system_id_missing,data_thin:committed_vs_discretionary_missing,2026-03-28,Spend line for Revenue accounting and settlement modernization,SOW milestone
skyharbor-air,Airline Demo,v6.0,spend_value,SHA-SPEND-025-1,spend_value record,v4_synthetic_pack,data_thin:source_owner_missing,synthetic_demo,ai-control-tower/T08_spend-contracts.csv,98,2026-06-18,2026-01-01,2026-06-18,static_snapshot,medium,synthetic_demo,confidential,Tower|Intelligence,budget|actual|forecast|proxy_value|gap,roi_without_value_basis|bare_amount_without_entity_period_type,data_thin:source_owner_missing|data_thin:amount_missing|data_thin:owner_missing|data_thin:vendor_id_missing|data_thin:system_id_missing|data_thin:committed_vs_discretionary_missing,2026-06-28T00:00:00Z,2026-06-28T00:00:00Z,SHA-SPEND-025-1,data_thin:amount_missing,actual_spend,data_thin:owner_missing,SHA-INIT-114,data_thin:vendor_id_missing,data_thin:system_id_missing,data_thin:committed_vs_discretionary_missing,2026-01-28,Spend line for SAP finance close and procurement modernization,FTE-month
skyharbor-air,Airline Demo,v6.0,spend_value,SHA-SPEND-025-2,spend_value record,v4_synthetic_pack,data_thin:source_owner_missing,synthetic_demo,ai-control-tower/T08_spend-contracts.csv,99,2026-06-18,2026-01-01,2026-06-18,static_snapshot,medium,synthetic_demo,confidential,Tower|Intelligence,budget|actual|forecast|proxy_value|gap,roi_without_value_basis|bare_amount_without_entity_period_type,data_thin:source_owner_missing|data_thin:amount_missing|data_thin:owner_missing|data_thin:vendor_id_missing|data_thin:system_id_missing|data_thin:committed_vs_discretionary_missing,2026-06-28T00:00:00Z,2026-06-28T00:00:00Z,SHA-SPEND-025-2,data_thin:amount_missing,actual_spend,data_thin:owner_missing,SHA-INIT-114,data_thin:vendor_id_missing,data_thin:system_id_missing,data_thin:committed_vs_discretionary_missing,2026-02-28,Spend line for SAP finance close and procurement modernization,seat/month
skyharbor-air,Airline Demo,v6.0,spend_value,SHA-SPEND-025-3,spend_value record,v4_synthetic_pack,data_thin:source_owner_missing,synthetic_demo,ai-control-tower/T08_spend-contracts.csv,100,2026-06-18,2026-01-01,2026-06-18,static_snapshot,medium,synthetic_demo,confidential,Tower|Intelligence,budget|actual|forecast|proxy_value|gap,roi_without_value_basis|bare_amount_without_entity_period_type,data_thin:source_owner_missing|data_thin:amount_missing|data_thin:owner_missing|data_thin:vendor_id_missing|data_thin:system_id_missing|data_thin:committed_vs_discretionary_missing,2026-06-28T00:00:00Z,2026-06-28T00:00:00Z,SHA-SPEND-025-3,data_thin:amount_missing,actual_spend,data_thin:owner_missing,SHA-INIT-114,data_thin:vendor_id_missing,data_thin:system_id_missing,data_thin:committed_vs_discretionary_missing,2026-03-28,Spend line for SAP finance close and procurement modernization,compute-hour
skyharbor-air,Airline Demo,v6.0,spend_value,SHA-SPEND-025-4,spend_value record,v4_synthetic_pack,data_thin:source_owner_missing,synthetic_demo,ai-control-tower/T08_spend-contracts.csv,101,2026-06-18,2026-01-01,2026-06-18,static_snapshot,medium,synthetic_demo,confidential,Tower|Intelligence,budget|actual|forecast|proxy_value|gap,roi_without_value_basis|bare_amount_without_entity_period_type,data_thin:source_owner_missing|data_thin:amount_missing|data_thin:owner_missing|data_thin:vendor_id_missing|data_thin:system_id_missing|data_thin:committed_vs_discretionary_missing,2026-06-28T00:00:00Z,2026-06-28T00:00:00Z,SHA-SPEND-025-4,data_thin:amount_missing,actual_spend,data_thin:owner_missing,SHA-INIT-114,data_thin:vendor_id_missing,data_thin:system_id_missing,data_thin:committed_vs_discretionary_missing,2026-04-28,Spend line for SAP finance close and procurement modernization,SOW milestone
skyharbor-air,Airline Demo,v6.0,spend_value,SHA-SPEND-026-1,spend_value record,v4_synthetic_pack,data_thin:source_owner_missing,synthetic_demo,ai-control-tower/T08_spend-contracts.csv,102,2026-06-18,2026-01-01,2026-06-18,static_snapshot,medium,synthetic_demo,confidential,Tower|Intelligence,budget|actual|forecast|proxy_value|gap,roi_without_value_basis|bare_amount_without_entity_period_type,data_thin:source_owner_missing|data_thin:amount_missing|data_thin:owner_missing|data_thin:vendor_id_missing|data_thin:system_id_missing|data_thin:committed_vs_discretionary_missing,2026-06-28T00:00:00Z,2026-06-28T00:00:00Z,SHA-SPEND-026-1,data_thin:amount_missing,actual_spend,data_thin:owner_missing,SHA-INIT-115,data_thin:vendor_id_missing,data_thin:system_id_missing,data_thin:committed_vs_discretionary_missing,2026-02-28,Spend line for Mainframe transaction processing modernization,FTE-month
skyharbor-air,Airline Demo,v6.0,spend_value,SHA-SPEND-026-2,spend_value record,v4_synthetic_pack,data_thin:source_owner_missing,synthetic_demo,ai-control-tower/T08_spend-contracts.csv,103,2026-06-18,2026-01-01,2026-06-18,static_snapshot,medium,synthetic_demo,confidential,Tower|Intelligence,budget|actual|forecast|proxy_value|gap,roi_without_value_basis|bare_amount_without_entity_period_type,data_thin:source_owner_missing|data_thin:amount_missing|data_thin:owner_missing|data_thin:vendor_id_missing|data_thin:system_id_missing|data_thin:committed_vs_discretionary_missing,2026-06-28T00:00:00Z,2026-06-28T00:00:00Z,SHA-SPEND-026-2,data_thin:amount_missing,actual_spend,data_thin:owner_missing,SHA-INIT-115,data_thin:vendor_id_missing,data_thin:system_id_missing,data_thin:committed_vs_discretionary_missing,2026-03-28,Spend line for Mainframe transaction processing modernization,seat/month
skyharbor-air,Airline Demo,v6.0,spend_value,SHA-SPEND-026-3,spend_value record,v4_synthetic_pack,data_thin:source_owner_missing,synthetic_demo,ai-control-tower/T08_spend-contracts.csv,104,2026-06-18,2026-01-01,2026-06-18,static_snapshot,medium,synthetic_demo,confidential,Tower|Intelligence,budget|actual|forecast|proxy_value|gap,roi_without_value_basis|bare_amount_without_entity_period_type,data_thin:source_owner_missing|data_thin:amount_missing|data_thin:owner_missing|data_thin:vendor_id_missing|data_thin:system_id_missing|data_thin:committed_vs_discretionary_missing,2026-06-28T00:00:00Z,2026-06-28T00:00:00Z,SHA-SPEND-026-3,data_thin:amount_missing,actual_spend,data_thin:owner_missing,SHA-INIT-115,data_thin:vendor_id_missing,data_thin:system_id_missing,data_thin:committed_vs_discretionary_missing,2026-04-28,Spend line for Mainframe transaction processing modernization,compute-hour
skyharbor-air,Airline Demo,v6.0,spend_value,SHA-SPEND-026-4,spend_value record,v4_synthetic_pack,data_thin:source_owner_missing,synthetic_demo,ai-control-tower/T08_spend-contracts.csv,105,2026-06-18,2026-01-01,2026-06-18,static_snapshot,medium,synthetic_demo,confidential,Tower|Intelligence,budget|actual|forecast|proxy_value|gap,roi_without_value_basis|bare_amount_without_entity_period_type,data_thin:source_owner_missing|data_thin:amount_missing|data_thin:owner_missing|data_thin:vendor_id_missing|data_thin:system_id_missing|data_thin:committed_vs_discretionary_missing,2026-06-28T00:00:00Z,2026-06-28T00:00:00Z,SHA-SPEND-026-4,data_thin:amount_missing,actual_spend,data_thin:owner_missing,SHA-INIT-115,data_thin:vendor_id_missing,data_thin:system_id_missing,data_thin:committed_vs_discretionary_missing,2026-05-28,Spend line for Mainframe transaction processing modernization,SOW milestone
skyharbor-air,Airline Demo,v6.0,spend_value,SHA-SPEND-027-1,spend_value record,v4_synthetic_pack,data_thin:source_owner_missing,synthetic_demo,ai-control-tower/T08_spend-contracts.csv,106,2026-06-18,2026-01-01,2026-06-18,static_snapshot,medium,synthetic_demo,confidential,Tower|Intelligence,budget|actual|forecast|proxy_value|gap,roi_without_value_basis|bare_amount_without_entity_period_type,data_thin:source_owner_missing|data_thin:amount_missing|data_thin:owner_missing|data_thin:vendor_id_missing|data_thin:system_id_missing|data_thin:committed_vs_discretionary_missing,2026-06-28T00:00:00Z,2026-06-28T00:00:00Z,SHA-SPEND-027-1,data_thin:amount_missing,actual_spend,data_thin:owner_missing,SHA-INIT-116,data_thin:vendor_id_missing,data_thin:system_id_missing,data_thin:committed_vs_discretionary_missing,2026-03-28,Spend line for Cloud-native digital engineering modernization,FTE-month
skyharbor-air,Airline Demo,v6.0,spend_value,SHA-SPEND-027-2,spend_value record,v4_synthetic_pack,data_thin:source_owner_missing,synthetic_demo,ai-control-tower/T08_spend-contracts.csv,107,2026-06-18,2026-01-01,2026-06-18,static_snapshot,medium,synthetic_demo,confidential,Tower|Intelligence,budget|actual|forecast|proxy_value|gap,roi_without_value_basis|bare_amount_without_entity_period_type,data_thin:source_owner_missing|data_thin:amount_missing|data_thin:owner_missing|data_thin:vendor_id_missing|data_thin:system_id_missing|data_thin:committed_vs_discretionary_missing,2026-06-28T00:00:00Z,2026-06-28T00:00:00Z,SHA-SPEND-027-2,data_thin:amount_missing,actual_spend,data_thin:owner_missing,SHA-INIT-116,data_thin:vendor_id_missing,data_thin:system_id_missing,data_thin:committed_vs_discretionary_missing,2026-04-28,Spend line for Cloud-native digital engineering modernization,seat/month
skyharbor-air,Airline Demo,v6.0,spend_value,SHA-SPEND-027-3,spend_value record,v4_synthetic_pack,data_thin:source_owner_missing,synthetic_demo,ai-control-tower/T08_spend-contracts.csv,108,2026-06-18,2026-01-01,2026-06-18,static_snapshot,medium,synthetic_demo,confidential,Tower|Intelligence,budget|actual|forecast|proxy_value|gap,roi_without_value_basis|bare_amount_without_entity_period_type,data_thin:source_owner_missing|data_thin:amount_missing|data_thin:owner_missing|data_thin:vendor_id_missing|data_thin:system_id_missing|data_thin:committed_vs_discretionary_missing,2026-06-28T00:00:00Z,2026-06-28T00:00:00Z,SHA-SPEND-027-3,data_thin:amount_missing,actual_spend,data_thin:owner_missing,SHA-INIT-116,data_thin:vendor_id_missing,data_thin:system_id_missing,data_thin:committed_vs_discretionary_missing,2026-05-28,Spend line for Cloud-native digital engineering modernization,compute-hour
skyharbor-air,Airline Demo,v6.0,spend_value,SHA-SPEND-027-4,spend_value record,v4_synthetic_pack,data_thin:source_owner_missing,synthetic_demo,ai-control-tower/T08_spend-contracts.csv,109,2026-06-18,2026-01-01,2026-06-18,static_snapshot,medium,synthetic_demo,confidential,Tower|Intelligence,budget|actual|forecast|proxy_value|gap,roi_without_value_basis|bare_amount_without_entity_period_type,data_thin:source_owner_missing|data_thin:amount_missing|data_thin:owner_missing|data_thin:vendor_id_missing|data_thin:system_id_missing|data_thin:committed_vs_discretionary_missing,2026-06-28T00:00:00Z,2026-06-28T00:00:00Z,SHA-SPEND-027-4,data_thin:amount_missing,actual_spend,data_thin:owner_missing,SHA-INIT-116,data_thin:vendor_id_missing,data_thin:system_id_missing,data_thin:committed_vs_discretionary_missing,2026-06-28,Spend line for Cloud-native digital engineering modernization,SOW milestone
skyharbor-air,Airline Demo,v6.0,spend_value,SHA-SPEND-028-1,spend_value record,v4_synthetic_pack,data_thin:source_owner_missing,synthetic_demo,ai-control-tower/T08_spend-contracts.csv,110,2026-06-18,2026-01-01,2026-06-18,static_snapshot,medium,synthetic_demo,confidential,Tower|Intelligence,budget|actual|forecast|proxy_value|gap,roi_without_value_basis|bare_amount_without_entity_period_type,data_thin:source_owner_missing|data_thin:amount_missing|data_thin:owner_missing|data_thin:vendor_id_missing|data_thin:system_id_missing|data_thin:committed_vs_discretionary_missing,2026-06-28T00:00:00Z,2026-06-28T00:00:00Z,SHA-SPEND-028-1,data_thin:amount_missing,actual_spend,data_thin:owner_missing,SHA-INIT-117,data_thin:vendor_id_missing,data_thin:system_id_missing,data_thin:committed_vs_discretionary_missing,2026-04-28,Spend line for Enterprise integration and eventing modernization,FTE-month
skyharbor-air,Airline Demo,v6.0,spend_value,SHA-SPEND-028-2,spend_value record,v4_synthetic_pack,data_thin:source_owner_missing,synthetic_demo,ai-control-tower/T08_spend-contracts.csv,111,2026-06-18,2026-01-01,2026-06-18,static_snapshot,medium,synthetic_demo,confidential,Tower|Intelligence,budget|actual|forecast|proxy_value|gap,roi_without_value_basis|bare_amount_without_entity_period_type,data_thin:source_owner_missing|data_thin:amount_missing|data_thin:owner_missing|data_thin:vendor_id_missing|data_thin:system_id_missing|data_thin:committed_vs_discretionary_missing,2026-06-28T00:00:00Z,2026-06-28T00:00:00Z,SHA-SPEND-028-2,data_thin:amount_missing,actual_spend,data_thin:owner_missing,SHA-INIT-117,data_thin:vendor_id_missing,data_thin:system_id_missing,data_thin:committed_vs_discretionary_missing,2026-05-28,Spend line for Enterprise integration and eventing modernization,seat/month
skyharbor-air,Airline Demo,v6.0,spend_value,SHA-SPEND-028-3,spend_value record,v4_synthetic_pack,data_thin:source_owner_missing,synthetic_demo,ai-control-tower/T08_spend-contracts.csv,112,2026-06-18,2026-01-01,2026-06-18,static_snapshot,medium,synthetic_demo,confidential,Tower|Intelligence,budget|actual|forecast|proxy_value|gap,roi_without_value_basis|bare_amount_without_entity_period_type,data_thin:source_owner_missing|data_thin:amount_missing|data_thin:owner_missing|data_thin:vendor_id_missing|data_thin:system_id_missing|data_thin:committed_vs_discretionary_missing,2026-06-28T00:00:00Z,2026-06-28T00:00:00Z,SHA-SPEND-028-3,data_thin:amount_missing,actual_spend,data_thin:owner_missing,SHA-INIT-117,data_thin:vendor_id_missing,data_thin:system_id_missing,data_thin:committed_vs_discretionary_missing,2026-06-28,Spend line for Enterprise integration and eventing modernization,compute-hour
skyharbor-air,Airline Demo,v6.0,spend_value,SHA-SPEND-028-4,spend_value record,v4_synthetic_pack,data_thin:source_owner_missing,synthetic_demo,ai-control-tower/T08_spend-contracts.csv,113,2026-06-18,2026-01-01,2026-06-18,static_snapshot,medium,synthetic_demo,confidential,Tower|Intelligence,budget|actual|forecast|proxy_value|gap,roi_without_value_basis|bare_amount_without_entity_period_type,data_thin:source_owner_missing|data_thin:amount_missing|data_thin:owner_missing|data_thin:vendor_id_missing|data_thin:system_id_missing|data_thin:committed_vs_discretionary_missing,2026-06-28T00:00:00Z,2026-06-28T00:00:00Z,SHA-SPEND-028-4,data_thin:amount_missing,actual_spend,data_thin:owner_missing,SHA-INIT-117,data_thin:vendor_id_missing,data_thin:system_id_missing,data_thin:committed_vs_discretionary_missing,2026-07-28,Spend line for Enterprise integration and eventing modernization,SOW milestone
skyharbor-air,Airline Demo,v6.0,spend_value,SHA-SPEND-029-1,spend_value record,v4_synthetic_pack,data_thin:source_owner_missing,synthetic_demo,ai-control-tower/T08_spend-contracts.csv,114,2026-06-18,2026-01-01,2026-06-18,static_snapshot,medium,synthetic_demo,confidential,Tower|Intelligence,budget|actual|forecast|proxy_value|gap,roi_without_value_basis|bare_amount_without_entity_period_type,data_thin:source_owner_missing|data_thin:amount_missing|data_thin:owner_missing|data_thin:vendor_id_missing|data_thin:system_id_missing|data_thin:committed_vs_discretionary_missing,2026-06-28T00:00:00Z,2026-06-28T00:00:00Z,SHA-SPEND-029-1,data_thin:amount_missing,actual_spend,data_thin:owner_missing,SHA-INIT-118,data_thin:vendor_id_missing,data_thin:system_id_missing,data_thin:committed_vs_discretionary_missing,2026-05-28,Spend line for EDW and certified BI modernization,FTE-month
skyharbor-air,Airline Demo,v6.0,spend_value,SHA-SPEND-029-2,spend_value record,v4_synthetic_pack,data_thin:source_owner_missing,synthetic_demo,ai-control-tower/T08_spend-contracts.csv,115,2026-06-18,2026-01-01,2026-06-18,static_snapshot,medium,synthetic_demo,confidential,Tower|Intelligence,budget|actual|forecast|proxy_value|gap,roi_without_value_basis|bare_amount_without_entity_period_type,data_thin:source_owner_missing|data_thin:amount_missing|data_thin:owner_missing|data_thin:vendor_id_missing|data_thin:system_id_missing|data_thin:committed_vs_discretionary_missing,2026-06-28T00:00:00Z,2026-06-28T00:00:00Z,SHA-SPEND-029-2,data_thin:amount_missing,actual_spend,data_thin:owner_missing,SHA-INIT-118,data_thin:vendor_id_missing,data_thin:system_id_missing,data_thin:committed_vs_discretionary_missing,2026-06-28,Spend line for EDW and certified BI modernization,seat/month
skyharbor-air,Airline Demo,v6.0,spend_value,SHA-SPEND-029-3,spend_value record,v4_synthetic_pack,data_thin:source_owner_missing,synthetic_demo,ai-control-tower/T08_spend-contracts.csv,116,2026-06-18,2026-01-01,2026-06-18,static_snapshot,medium,synthetic_demo,confidential,Tower|Intelligence,budget|actual|forecast|proxy_value|gap,roi_without_value_basis|bare_amount_without_entity_period_type,data_thin:source_owner_missing|data_thin:amount_missing|data_thin:owner_missing|data_thin:vendor_id_missing|data_thin:system_id_missing|data_thin:committed_vs_discretionary_missing,2026-06-28T00:00:00Z,2026-06-28T00:00:00Z,SHA-SPEND-029-3,data_thin:amount_missing,actual_spend,data_thin:owner_missing,SHA-INIT-118,data_thin:vendor_id_missing,data_thin:system_id_missing,data_thin:committed_vs_discretionary_missing,2026-07-28,Spend line for EDW and certified BI modernization,compute-hour
skyharbor-air,Airline Demo,v6.0,spend_value,SHA-SPEND-029-4,spend_value record,v4_synthetic_pack,data_thin:source_owner_missing,synthetic_demo,ai-control-tower/T08_spend-contracts.csv,117,2026-06-18,2026-01-01,2026-06-18,static_snapshot,medium,synthetic_demo,confidential,Tower|Intelligence,budget|actual|forecast|proxy_value|gap,roi_without_value_basis|bare_amount_without_entity_period_type,data_thin:source_owner_missing|data_thin:amount_missing|data_thin:owner_missing|data_thin:vendor_id_missing|data_thin:system_id_missing|data_thin:committed_vs_discretionary_missing,2026-06-28T00:00:00Z,2026-06-28T00:00:00Z,SHA-SPEND-029-4,data_thin:amount_missing,actual_spend,data_thin:owner_missing,SHA-INIT-118,data_thin:vendor_id_missing,data_thin:system_id_missing,data_thin:committed_vs_discretionary_missing,2026-08-28,Spend line for EDW and certified BI modernization,SOW milestone
skyharbor-air,Airline Demo,v6.0,spend_value,SHA-SPEND-030-1,spend_value record,v4_synthetic_pack,data_thin:source_owner_missing,synthetic_demo,ai-control-tower/T08_spend-contracts.csv,118,2026-06-18,2026-01-01,2026-06-18,static_snapshot,medium,synthetic_demo,confidential,Tower|Intelligence,budget|actual|forecast|proxy_value|gap,roi_without_value_basis|bare_amount_without_entity_period_type,data_thin:source_owner_missing|data_thin:amount_missing|data_thin:owner_missing|data_thin:vendor_id_missing|data_thin:system_id_missing|data_thin:committed_vs_discretionary_missing,2026-06-28T00:00:00Z,2026-06-28T00:00:00Z,SHA-SPEND-030-1,data_thin:amount_missing,actual_spend,data_thin:owner_missing,SHA-INIT-119,data_thin:vendor_id_missing,data_thin:system_id_missing,data_thin:committed_vs_discretionary_missing,2026-06-28,Spend line for Data lake ingestion and lineage modernization,FTE-month
skyharbor-air,Airline Demo,v6.0,spend_value,SHA-SPEND-030-2,spend_value record,v4_synthetic_pack,data_thin:source_owner_missing,synthetic_demo,ai-control-tower/T08_spend-contracts.csv,119,2026-06-18,2026-01-01,2026-06-18,static_snapshot,medium,synthetic_demo,confidential,Tower|Intelligence,budget|actual|forecast|proxy_value|gap,roi_without_value_basis|bare_amount_without_entity_period_type,data_thin:source_owner_missing|data_thin:amount_missing|data_thin:owner_missing|data_thin:vendor_id_missing|data_thin:system_id_missing|data_thin:committed_vs_discretionary_missing,2026-06-28T00:00:00Z,2026-06-28T00:00:00Z,SHA-SPEND-030-2,data_thin:amount_missing,actual_spend,data_thin:owner_missing,SHA-INIT-119,data_thin:vendor_id_missing,data_thin:system_id_missing,data_thin:committed_vs_discretionary_missing,2026-07-28,Spend line for Data lake ingestion and lineage modernization,seat/month
skyharbor-air,Airline Demo,v6.0,spend_value,SHA-SPEND-030-3,spend_value record,v4_synthetic_pack,data_thin:source_owner_missing,synthetic_demo,ai-control-tower/T08_spend-contracts.csv,120,2026-06-18,2026-01-01,2026-06-18,static_snapshot,medium,synthetic_demo,confidential,Tower|Intelligence,budget|actual|forecast|proxy_value|gap,roi_without_value_basis|bare_amount_without_entity_period_type,data_thin:source_owner_missing|data_thin:amount_missing|data_thin:owner_missing|data_thin:vendor_id_missing|data_thin:system_id_missing|data_thin:committed_vs_discretionary_missing,2026-06-28T00:00:00Z,2026-06-28T00:00:00Z,SHA-SPEND-030-3,data_thin:amount_missing,actual_spend,data_thin:owner_missing,SHA-INIT-119,data_thin:vendor_id_missing,data_thin:system_id_missing,data_thin:committed_vs_discretionary_missing,2026-08-28,Spend line for Data lake ingestion and lineage modernization,compute-hour
skyharbor-air,Airline Demo,v6.0,spend_value,SHA-SPEND-030-4,spend_value record,v4_synthetic_pack,data_thin:source_owner_missing,synthetic_demo,ai-control-tower/T08_spend-contracts.csv,121,2026-06-18,2026-01-01,2026-06-18,static_snapshot,medium,synthetic_demo,confidential,Tower|Intelligence,budget|actual|forecast|proxy_value|gap,roi_without_value_basis|bare_amount_without_entity_period_type,data_thin:source_owner_missing|data_thin:amount_missing|data_thin:owner_missing|data_thin:vendor_id_missing|data_thin:system_id_missing|data_thin:committed_vs_discretionary_missing,2026-06-28T00:00:00Z,2026-06-28T00:00:00Z,SHA-SPEND-030-4,data_thin:amount_missing,actual_spend,data_thin:owner_missing,SHA-INIT-119,data_thin:vendor_id_missing,data_thin:system_id_missing,data_thin:committed_vs_discretionary_missing,2026-09-28,Spend line for Data lake ingestion and lineage modernization,SOW milestone
skyharbor-air,Airline Demo,v6.0,spend_value,BEN-00001,spend_value record,v4_synthetic_pack,CFO Office,synthetic_demo,family-7-outcome-intelligence/O04_benefits-realization.csv,2,2026-06-18,2026-01-01,2026-06-18,static_snapshot,medium,synthetic_demo,confidential,Tower|Intelligence,budget|actual|forecast|proxy_value|gap,roi_without_value_basis|bare_amount_without_entity_period_type,data_thin:vendor_id_missing|data_thin:system_id_missing|data_thin:renewal_or_gate_date_missing,2026-06-28T00:00:00Z,2026-06-28T00:00:00Z,BEN-00001,52.9,Productivity,CFO Office,INIT-0001,data_thin:vendor_id_missing,data_thin:system_id_missing,Productivity,data_thin:renewal_or_gate_date_missing,MET-0006,Operational KPI delta
skyharbor-air,Airline Demo,v6.0,spend_value,BEN-00002,spend_value record,v4_synthetic_pack,Transformation Office,synthetic_demo,family-7-outcome-intelligence/O04_benefits-realization.csv,3,2026-06-18,2026-01-01,2026-06-18,static_snapshot,medium,synthetic_demo,confidential,Tower|Intelligence,budget|actual|forecast|proxy_value|gap,roi_without_value_basis|bare_amount_without_entity_period_type,data_thin:vendor_id_missing|data_thin:system_id_missing|data_thin:renewal_or_gate_date_missing,2026-06-28T00:00:00Z,2026-06-28T00:00:00Z,BEN-00002,90.7,Compliance,Transformation Office,INIT-0001,data_thin:vendor_id_missing,data_thin:system_id_missing,Compliance,data_thin:renewal_or_gate_date_missing,MET-0027,Modelled estimate
skyharbor-air,Airline Demo,v6.0,spend_value,BEN-00003,spend_value record,v4_synthetic_pack,Transformation Office,synthetic_demo,family-7-outcome-intelligence/O04_benefits-realization.csv,4,2026-06-18,2026-01-01,2026-06-18,static_snapshot,medium,synthetic_demo,confidential,Tower|Intelligence,budget|actual|forecast|proxy_value|gap,roi_without_value_basis|bare_amount_without_entity_period_type,data_thin:vendor_id_missing|data_thin:system_id_missing|data_thin:renewal_or_gate_date_missing,2026-06-28T00:00:00Z,2026-06-28T00:00:00Z,BEN-00003,122.6,Compliance,Transformation Office,INIT-0002,data_thin:vendor_id_missing,data_thin:system_id_missing,Compliance,data_thin:renewal_or_gate_date_missing,MET-0038,System telemetry
skyharbor-air,Airline Demo,v6.0,spend_value,BEN-00004,spend_value record,v4_synthetic_pack,Transformation Office,synthetic_demo,family-7-outcome-intelligence/O04_benefits-realization.csv,5,2026-06-18,2026-01-01,2026-06-18,static_snapshot,medium,synthetic_demo,confidential,Tower|Intelligence,budget|actual|forecast|proxy_value|gap,roi_without_value_basis|bare_amount_without_entity_period_type,data_thin:vendor_id_missing|data_thin:system_id_missing|data_thin:renewal_or_gate_date_missing,2026-06-28T00:00:00Z,2026-06-28T00:00:00Z,BEN-00004,1.7,Productivity,Transformation Office,INIT-0002,data_thin:vendor_id_missing,data_thin:system_id_missing,Productivity,data_thin:renewal_or_gate_date_missing,MET-0144,Survey-based
skyharbor-air,Airline Demo,v6.0,spend_value,BEN-00005,spend_value record,v4_synthetic_pack,CFO Office,synthetic_demo,family-7-outcome-intelligence/O04_benefits-realization.csv,6,2026-06-18,2026-01-01,2026-06-18,static_snapshot,medium,synthetic_demo,confidential,Tower|Intelligence,budget|actual|forecast|proxy_value|gap,roi_without_value_basis|bare_amount_without_entity_period_type,data_thin:vendor_id_missing|data_thin:system_id_missing|data_thin:renewal_or_gate_date_missing,2026-06-28T00:00:00Z,2026-06-28T00:00:00Z,BEN-00005,89.2,Cost Takeout,CFO Office,INIT-0003,data_thin:vendor_id_missing,data_thin:system_id_missing,Cost Takeout,data_thin:renewal_or_gate_date_missing,MET-0134,System telemetry
skyharbor-air,Airline Demo,v6.0,spend_value,BEN-00006,spend_value record,v4_synthetic_pack,Ops Excellence,synthetic_demo,family-7-outcome-intelligence/O04_benefits-realization.csv,7,2026-06-18,2026-01-01,2026-06-18,static_snapshot,medium,synthetic_demo,confidential,Tower|Intelligence,budget|actual|forecast|proxy_value|gap,roi_without_value_basis|bare_amount_without_entity_period_type,data_thin:vendor_id_missing|data_thin:system_id_missing|data_thin:renewal_or_gate_date_missing,2026-06-28T00:00:00Z,2026-06-28T00:00:00Z,BEN-00006,82.3,Compliance,Ops Excellence,INIT-0003,data_thin:vendor_id_missing,data_thin:system_id_missing,Compliance,data_thin:renewal_or_gate_date_missing,MET-0071,Modelled estimate
skyharbor-air,Airline Demo,v6.0,spend_value,BEN-00007,spend_value record,v4_synthetic_pack,Ops Excellence,synthetic_demo,family-7-outcome-intelligence/O04_benefits-realization.csv,8,2026-06-18,2026-01-01,2026-06-18,static_snapshot,medium,synthetic_demo,confidential,Tower|Intelligence,budget|actual|forecast|proxy_value|gap,roi_without_value_basis|bare_amount_without_entity_period_type,data_thin:vendor_id_missing|data_thin:system_id_missing|data_thin:renewal_or_gate_date_missing,2026-06-28T00:00:00Z,2026-06-28T00:00:00Z,BEN-00007,101.5,Cost Takeout,Ops Excellence,INIT-0004,data_thin:vendor_id_missing,data_thin:system_id_missing,Cost Takeout,data_thin:renewal_or_gate_date_missing,MET-0106,Audit confirmation
skyharbor-air,Airline Demo,v6.0,spend_value,BEN-00008,spend_value record,v4_synthetic_pack,Transformation Office,synthetic_demo,family-7-outcome-intelligence/O04_benefits-realization.csv,9,2026-06-18,2026-01-01,2026-06-18,static_snapshot,medium,synthetic_demo,confidential,Tower|Intelligence,budget|actual|forecast|proxy_value|gap,roi_without_value_basis|bare_amount_without_entity_period_type,data_thin:vendor_id_missing|data_thin:system_id_missing|data_thin:renewal_or_gate_date_missing,2026-06-28T00:00:00Z,2026-06-28T00:00:00Z,BEN-00008,17.8,Cost Takeout,Transformation Office,INIT-0004,data_thin:vendor_id_missing,data_thin:system_id_missing,Cost Takeout,data_thin:renewal_or_gate_date_missing,MET-0162,Audit confirmation
skyharbor-air,Airline Demo,v6.0,spend_value,BEN-00009,spend_value record,v4_synthetic_pack,CFO Office,synthetic_demo,family-7-outcome-intelligence/O04_benefits-realization.csv,10,2026-06-18,2026-01-01,2026-06-18,static_snapshot,medium,synthetic_demo,confidential,Tower|Intelligence,budget|actual|forecast|proxy_value|gap,roi_without_value_basis|bare_amount_without_entity_period_type,data_thin:vendor_id_missing|data_thin:system_id_missing|data_thin:renewal_or_gate_date_missing,2026-06-28T00:00:00Z,2026-06-28T00:00:00Z,BEN-00009,34.8,Risk Reduction,CFO Office,INIT-0005,data_thin:vendor_id_missing,data_thin:system_id_missing,Risk Reduction,data_thin:renewal_or_gate_date_missing,MET-0132,Modelled estimate
skyharbor-air,Airline Demo,v6.0,spend_value,BEN-00010,spend_value record,v4_synthetic_pack,Transformation Office,synthetic_demo,family-7-outcome-intelligence/O04_benefits-realization.csv,11,2026-06-18,2026-01-01,2026-06-18,static_snapshot,medium,synthetic_demo,confidential,Tower|Intelligence,budget|actual|forecast|proxy_value|gap,roi_without_value_basis|bare_amount_without_entity_period_type,data_thin:vendor_id_missing|data_thin:system_id_missing|data_thin:renewal_or_gate_date_missing,2026-06-28T00:00:00Z,2026-06-28T00:00:00Z,BEN-00010,15.6,Compliance,Transformation Office,INIT-0005,data_thin:vendor_id_missing,data_thin:system_id_missing,Compliance,data_thin:renewal_or_gate_date_missing,MET-0164,System telemetry
skyharbor-air,Airline Demo,v6.0,spend_value,BEN-00011,spend_value record,v4_synthetic_pack,CFO Office,synthetic_demo,family-7-outcome-intelligence/O04_benefits-realization.csv,12,2026-06-18,2026-01-01,2026-06-18,static_snapshot,medium,synthetic_demo,confidential,Tower|Intelligence,budget|actual|forecast|proxy_value|gap,roi_without_value_basis|bare_amount_without_entity_period_type,data_thin:vendor_id_missing|data_thin:system_id_missing|data_thin:renewal_or_gate_date_missing,2026-06-28T00:00:00Z,2026-06-28T00:00:00Z,BEN-00011,96.6,Risk Reduction,CFO Office,INIT-0005,data_thin:vendor_id_missing,data_thin:system_id_missing,Risk Reduction,data_thin:renewal_or_gate_date_missing,MET-0117,System telemetry
skyharbor-air,Airline Demo,v6.0,spend_value,BEN-00012,spend_value record,v4_synthetic_pack,CFO Office,synthetic_demo,family-7-outcome-intelligence/O04_benefits-realization.csv,13,2026-06-18,2026-01-01,2026-06-18,static_snapshot,medium,synthetic_demo,confidential,Tower|Intelligence,budget|actual|forecast|proxy_value|gap,roi_without_value_basis|bare_amount_without_entity_period_type,data_thin:vendor_id_missing|data_thin:system_id_missing|data_thin:renewal_or_gate_date_missing,2026-06-28T00:00:00Z,2026-06-28T00:00:00Z,BEN-00012,98.1,Productivity,CFO Office,INIT-0006,data_thin:vendor_id_missing,data_thin:system_id_missing,Productivity,data_thin:renewal_or_gate_date_missing,MET-0165,Survey-based
skyharbor-air,Airline Demo,v6.0,spend_value,BEN-00013,spend_value record,v4_synthetic_pack,Ops Excellence,synthetic_demo,family-7-outcome-intelligence/O04_benefits-realization.csv,14,2026-06-18,2026-01-01,2026-06-18,static_snapshot,medium,synthetic_demo,confidential,Tower|Intelligence,budget|actual|forecast|proxy_value|gap,roi_without_value_basis|bare_amount_without_entity_period_type,data_thin:vendor_id_missing|data_thin:system_id_missing|data_thin:renewal_or_gate_date_missing,2026-06-28T00:00:00Z,2026-06-28T00:00:00Z,BEN-00013,72.4,Risk Reduction,Ops Excellence,INIT-0006,data_thin:vendor_id_missing,data_thin:system_id_missing,Risk Reduction,data_thin:renewal_or_gate_date_missing,MET-0158,Survey-based
skyharbor-air,Airline Demo,v6.0,spend_value,BEN-00014,spend_value record,v4_synthetic_pack,CFO Office,synthetic_demo,family-7-outcome-intelligence/O04_benefits-realization.csv,15,2026-06-18,2026-01-01,2026-06-18,static_snapshot,medium,synthetic_demo,confidential,Tower|Intelligence,budget|actual|forecast|proxy_value|gap,roi_without_value_basis|bare_amount_without_entity_period_type,data_thin:vendor_id_missing|data_thin:system_id_missing|data_thin:renewal_or_gate_date_missing,2026-06-28T00:00:00Z,2026-06-28T00:00:00Z,BEN-00014,15.7,Productivity,CFO Office,INIT-0007,data_thin:vendor_id_missing,data_thin:system_id_missing,Productivity,data_thin:renewal_or_gate_date_missing,MET-0167,System telemetry
skyharbor-air,Airline Demo,v6.0,spend_value,BEN-00015,spend_value record,v4_synthetic_pack,Transformation Office,synthetic_demo,family-7-outcome-intelligence/O04_benefits-realization.csv,16,2026-06-18,2026-01-01,2026-06-18,static_snapshot,medium,synthetic_demo,confidential,Tower|Intelligence,budget|actual|forecast|proxy_value|gap,roi_without_value_basis|bare_amount_without_entity_period_type,data_thin:vendor_id_missing|data_thin:system_id_missing|data_thin:renewal_or_gate_date_missing,2026-06-28T00:00:00Z,2026-06-28T00:00:00Z,BEN-00015,58.8,Compliance,Transformation Office,INIT-0007,data_thin:vendor_id_missing,data_thin:system_id_missing,Compliance,data_thin:renewal_or_gate_date_missing,MET-0051,Modelled estimate
skyharbor-air,Airline Demo,v6.0,spend_value,BEN-00016,spend_value record,v4_synthetic_pack,BU Finance,synthetic_demo,family-7-outcome-intelligence/O04_benefits-realization.csv,17,2026-06-18,2026-01-01,2026-06-18,static_snapshot,medium,synthetic_demo,confidential,Tower|Intelligence,budget|actual|forecast|proxy_value|gap,roi_without_value_basis|bare_amount_without_entity_period_type,data_thin:vendor_id_missing|data_thin:system_id_missing|data_thin:renewal_or_gate_date_missing,2026-06-28T00:00:00Z,2026-06-28T00:00:00Z,BEN-00016,8.4,Risk Reduction,BU Finance,INIT-0008,data_thin:vendor_id_missing,data_thin:system_id_missing,Risk Reduction,data_thin:renewal_or_gate_date_missing,MET-0168,Finance-validated
skyharbor-air,Airline Demo,v6.0,spend_value,BEN-00017,spend_value record,v4_synthetic_pack,BU Finance,synthetic_demo,family-7-outcome-intelligence/O04_benefits-realization.csv,18,2026-06-18,2026-01-01,2026-06-18,static_snapshot,medium,synthetic_demo,confidential,Tower|Intelligence,budget|actual|forecast|proxy_value|gap,roi_without_value_basis|bare_amount_without_entity_period_type,data_thin:vendor_id_missing|data_thin:system_id_missing|data_thin:renewal_or_gate_date_missing,2026-06-28T00:00:00Z,2026-06-28T00:00:00Z,BEN-00017,27.2,Compliance,BU Finance,INIT-0008,data_thin:vendor_id_missing,data_thin:system_id_missing,Compliance,data_thin:renewal_or_gate_date_missing,MET-0140,Finance-validated
skyharbor-air,Airline Demo,v6.0,spend_value,BEN-00018,spend_value record,v4_synthetic_pack,Transformation Office,synthetic_demo,family-7-outcome-intelligence/O04_benefits-realization.csv,19,2026-06-18,2026-01-01,2026-06-18,static_snapshot,medium,synthetic_demo,confidential,Tower|Intelligence,budget|actual|forecast|proxy_value|gap,roi_without_value_basis|bare_amount_without_entity_period_type,data_thin:vendor_id_missing|data_thin:system_id_missing|data_thin:renewal_or_gate_date_missing,2026-06-28T00:00:00Z,2026-06-28T00:00:00Z,BEN-00018,66,Productivity,Transformation Office,INIT-0008,data_thin:vendor_id_missing,data_thin:system_id_missing,Productivity,data_thin:renewal_or_gate_date_missing,MET-0155,Finance-validated
skyharbor-air,Airline Demo,v6.0,spend_value,BEN-00019,spend_value record,v4_synthetic_pack,Transformation Office,synthetic_demo,family-7-outcome-intelligence/O04_benefits-realization.csv,20,2026-06-18,2026-01-01,2026-06-18,static_snapshot,medium,synthetic_demo,confidential,Tower|Intelligence,budget|actual|forecast|proxy_value|gap,roi_without_value_basis|bare_amount_without_entity_period_type,data_thin:vendor_id_missing|data_thin:system_id_missing|data_thin:renewal_or_gate_date_missing,2026-06-28T00:00:00Z,2026-06-28T00:00:00Z,BEN-00019,36.5,Productivity,Transformation Office,INIT-0009,data_thin:vendor_id_missing,data_thin:system_id_missing,Productivity,data_thin:renewal_or_gate_date_missing,MET-0013,Survey-based
skyharbor-air,Airline Demo,v6.0,spend_value,BEN-00020,spend_value record,v4_synthetic_pack,Transformation Office,synthetic_demo,family-7-outcome-intelligence/O04_benefits-realization.csv,21,2026-06-18,2026-01-01,2026-06-18,static_snapshot,medium,synthetic_demo,confidential,Tower|Intelligence,budget|actual|forecast|proxy_value|gap,roi_without_value_basis|bare_amount_without_entity_period_type,data_thin:vendor_id_missing|data_thin:system_id_missing|data_thin:renewal_or_gate_date_missing,2026-06-28T00:00:00Z,2026-06-28T00:00:00Z,BEN-00020,40,Risk Reduction,Transformation Office,INIT-0009,data_thin:vendor_id_missing,data_thin:system_id_missing,Risk Reduction,data_thin:renewal_or_gate_date_missing,MET-0151,Survey-based
skyharbor-air,Airline Demo,v6.0,spend_value,BEN-00021,spend_value record,v4_synthetic_pack,CFO Office,synthetic_demo,family-7-outcome-intelligence/O04_benefits-realization.csv,22,2026-06-18,2026-01-01,2026-06-18,static_snapshot,medium,synthetic_demo,confidential,Tower|Intelligence,budget|actual|forecast|proxy_value|gap,roi_without_value_basis|bare_amount_without_entity_period_type,data_thin:vendor_id_missing|data_thin:system_id_missing|data_thin:renewal_or_gate_date_missing,2026-06-28T00:00:00Z,2026-06-28T00:00:00Z,BEN-00021,50.8,Productivity,CFO Office,INIT-0009,data_thin:vendor_id_missing,data_thin:system_id_missing,Productivity,data_thin:renewal_or_gate_date_missing,MET-0031,Finance-validated
skyharbor-air,Airline Demo,v6.0,spend_value,BEN-00022,spend_value record,v4_synthetic_pack,CFO Office,synthetic_demo,family-7-outcome-intelligence/O04_benefits-realization.csv,23,2026-06-18,2026-01-01,2026-06-18,static_snapshot,medium,synthetic_demo,confidential,Tower|Intelligence,budget|actual|forecast|proxy_value|gap,roi_without_value_basis|bare_amount_without_entity_period_type,data_thin:vendor_id_missing|data_thin:system_id_missing|data_thin:renewal_or_gate_date_missing,2026-06-28T00:00:00Z,2026-06-28T00:00:00Z,BEN-00022,52.8,Cost Takeout,CFO Office,INIT-0010,data_thin:vendor_id_missing,data_thin:system_id_missing,Cost Takeout,data_thin:renewal_or_gate_date_missing,MET-0123,Finance-validated
skyharbor-air,Airline Demo,v6.0,spend_value,BEN-00023,spend_value record,v4_synthetic_pack,CFO Office,synthetic_demo,family-7-outcome-intelligence/O04_benefits-realization.csv,24,2026-06-18,2026-01-01,2026-06-18,static_snapshot,medium,synthetic_demo,confidential,Tower|Intelligence,budget|actual|forecast|proxy_value|gap,roi_without_value_basis|bare_amount_without_entity_period_type,data_thin:vendor_id_missing|data_thin:system_id_missing|data_thin:renewal_or_gate_date_missing,2026-06-28T00:00:00Z,2026-06-28T00:00:00Z,BEN-00023,38,Revenue,CFO Office,INIT-0010,data_thin:vendor_id_missing,data_thin:system_id_missing,Revenue,data_thin:renewal_or_gate_date_missing,MET-0138,Audit confirmation
skyharbor-air,Airline Demo,v6.0,spend_value,BEN-00024,spend_value record,v4_synthetic_pack,CFO Office,synthetic_demo,family-7-outcome-intelligence/O04_benefits-realization.csv,25,2026-06-18,2026-01-01,2026-06-18,static_snapshot,medium,synthetic_demo,confidential,Tower|Intelligence,budget|actual|forecast|proxy_value|gap,roi_without_value_basis|bare_amount_without_entity_period_type,data_thin:vendor_id_missing|data_thin:system_id_missing|data_thin:renewal_or_gate_date_missing,2026-06-28T00:00:00Z,2026-06-28T00:00:00Z,BEN-00024,26.7,Productivity,CFO Office,INIT-0011,data_thin:vendor_id_missing,data_thin:system_id_missing,Productivity,data_thin:renewal_or_gate_date_missing,MET-0158,Audit confirmation
skyharbor-air,Airline Demo,v6.0,spend_value,BEN-00025,spend_value record,v4_synthetic_pack,Ops Excellence,synthetic_demo,family-7-outcome-intelligence/O04_benefits-realization.csv,26,2026-06-18,2026-01-01,2026-06-18,static_snapshot,medium,synthetic_demo,confidential,Tower|Intelligence,budget|actual|forecast|proxy_value|gap,roi_without_value_basis|bare_amount_without_entity_period_type,data_thin:vendor_id_missing|data_thin:system_id_missing|data_thin:renewal_or_gate_date_missing,2026-06-28T00:00:00Z,2026-06-28T00:00:00Z,BEN-00025,0.8,Risk Reduction,Ops Excellence,INIT-0011,data_thin:vendor_id_missing,data_thin:system_id_missing,Risk Reduction,data_thin:renewal_or_gate_date_missing,MET-0163,System telemetry
skyharbor-air,Airline Demo,v6.0,spend_value,BEN-00026,spend_value record,v4_synthetic_pack,CFO Office,synthetic_demo,family-7-outcome-intelligence/O04_benefits-realization.csv,27,2026-06-18,2026-01-01,2026-06-18,static_snapshot,medium,synthetic_demo,confidential,Tower|Intelligence,budget|actual|forecast|proxy_value|gap,roi_without_value_basis|bare_amount_without_entity_period_type,data_thin:vendor_id_missing|data_thin:system_id_missing|data_thin:renewal_or_gate_date_missing,2026-06-28T00:00:00Z,2026-06-28T00:00:00Z,BEN-00026,24.8,Compliance,CFO Office,INIT-0012,data_thin:vendor_id_missing,data_thin:system_id_missing,Compliance,data_thin:renewal_or_gate_date_missing,MET-0177,Audit confirmation
skyharbor-air,Airline Demo,v6.0,spend_value,BEN-00027,spend_value record,v4_synthetic_pack,CFO Office,synthetic_demo,family-7-outcome-intelligence/O04_benefits-realization.csv,28,2026-06-18,2026-01-01,2026-06-18,static_snapshot,medium,synthetic_demo,confidential,Tower|Intelligence,budget|actual|forecast|proxy_value|gap,roi_without_value_basis|bare_amount_without_entity_period_type,data_thin:vendor_id_missing|data_thin:system_id_missing|data_thin:renewal_or_gate_date_missing,2026-06-28T00:00:00Z,2026-06-28T00:00:00Z,BEN-00027,35,Risk Reduction,CFO Office,INIT-0012,data_thin:vendor_id_missing,data_thin:system_id_missing,Risk Reduction,data_thin:renewal_or_gate_date_missing,MET-0142,Survey-based
skyharbor-air,Airline Demo,v6.0,spend_value,BEN-00028,spend_value record,v4_synthetic_pack,Ops Excellence,synthetic_demo,family-7-outcome-intelligence/O04_benefits-realization.csv,29,2026-06-18,2026-01-01,2026-06-18,static_snapshot,medium,synthetic_demo,confidential,Tower|Intelligence,budget|actual|forecast|proxy_value|gap,roi_without_value_basis|bare_amount_without_entity_period_type,data_thin:vendor_id_missing|data_thin:system_id_missing|data_thin:renewal_or_gate_date_missing,2026-06-28T00:00:00Z,2026-06-28T00:00:00Z,BEN-00028,37.8,Revenue,Ops Excellence,INIT-0012,data_thin:vendor_id_missing,data_thin:system_id_missing,Revenue,data_thin:renewal_or_gate_date_missing,MET-0149,Survey-based
skyharbor-air,Airline Demo,v6.0,spend_value,BEN-00029,spend_value record,v4_synthetic_pack,BU Finance,synthetic_demo,family-7-outcome-intelligence/O04_benefits-realization.csv,30,2026-06-18,2026-01-01,2026-06-18,static_snapshot,medium,synthetic_demo,confidential,Tower|Intelligence,budget|actual|forecast|proxy_value|gap,roi_without_value_basis|bare_amount_without_entity_period_type,data_thin:vendor_id_missing|data_thin:system_id_missing|data_thin:renewal_or_gate_date_missing,2026-06-28T00:00:00Z,2026-06-28T00:00:00Z,BEN-00029,124.5,Cost Takeout,BU Finance,INIT-0013,data_thin:vendor_id_missing,data_thin:system_id_missing,Cost Takeout,data_thin:renewal_or_gate_date_missing,MET-0077,Modelled estimate
skyharbor-air,Airline Demo,v6.0,spend_value,BEN-00030,spend_value record,v4_synthetic_pack,Ops Excellence,synthetic_demo,family-7-outcome-intelligence/O04_benefits-realization.csv,31,2026-06-18,2026-01-01,2026-06-18,static_snapshot,medium,synthetic_demo,confidential,Tower|Intelligence,budget|actual|forecast|proxy_value|gap,roi_without_value_basis|bare_amount_without_entity_period_type,data_thin:vendor_id_missing|data_thin:system_id_missing|data_thin:renewal_or_gate_date_missing,2026-06-28T00:00:00Z,2026-06-28T00:00:00Z,BEN-00030,25,Risk Reduction,Ops Excellence,INIT-0013,data_thin:vendor_id_missing,data_thin:system_id_missing,Risk Reduction,data_thin:renewal_or_gate_date_missing,MET-0050,Audit confirmation
skyharbor-air,Airline Demo,v6.0,spend_value,BEN-00031,spend_value record,v4_synthetic_pack,CFO Office,synthetic_demo,family-7-outcome-intelligence/O04_benefits-realization.csv,32,2026-06-18,2026-01-01,2026-06-18,static_snapshot,medium,synthetic_demo,confidential,Tower|Intelligence,budget|actual|forecast|proxy_value|gap,roi_without_value_basis|bare_amount_without_entity_period_type,data_thin:vendor_id_missing|data_thin:system_id_missing|data_thin:renewal_or_gate_date_missing,2026-06-28T00:00:00Z,2026-06-28T00:00:00Z,BEN-00031,12.5,Risk Reduction,CFO Office,INIT-0013,data_thin:vendor_id_missing,data_thin:system_id_missing,Risk Reduction,data_thin:renewal_or_gate_date_missing,MET-0060,Survey-based
skyharbor-air,Airline Demo,v6.0,spend_value,BEN-00032,spend_value record,v4_synthetic_pack,Ops Excellence,synthetic_demo,family-7-outcome-intelligence/O04_benefits-realization.csv,33,2026-06-18,2026-01-01,2026-06-18,static_snapshot,medium,synthetic_demo,confidential,Tower|Intelligence,budget|actual|forecast|proxy_value|gap,roi_without_value_basis|bare_amount_without_entity_period_type,data_thin:vendor_id_missing|data_thin:system_id_missing|data_thin:renewal_or_gate_date_missing,2026-06-28T00:00:00Z,2026-06-28T00:00:00Z,BEN-00032,38,Cost Takeout,Ops Excellence,INIT-0014,data_thin:vendor_id_missing,data_thin:system_id_missing,Cost Takeout,data_thin:renewal_or_gate_date_missing,MET-0150,Modelled estimate
skyharbor-air,Airline Demo,v6.0,spend_value,BEN-00033,spend_value record,v4_synthetic_pack,BU Finance,synthetic_demo,family-7-outcome-intelligence/O04_benefits-realization.csv,34,2026-06-18,2026-01-01,2026-06-18,static_snapshot,medium,synthetic_demo,confidential,Tower|Intelligence,budget|actual|forecast|proxy_value|gap,roi_without_value_basis|bare_amount_without_entity_period_type,data_thin:vendor_id_missing|data_thin:system_id_missing|data_thin:renewal_or_gate_date_missing,2026-06-28T00:00:00Z,2026-06-28T00:00:00Z,BEN-00033,60.3,Revenue,BU Finance,INIT-0014,data_thin:vendor_id_missing,data_thin:system_id_missing,Revenue,data_thin:renewal_or_gate_date_missing,MET-0107,Modelled estimate
skyharbor-air,Airline Demo,v6.0,spend_value,BEN-00034,spend_value record,v4_synthetic_pack,BU Finance,synthetic_demo,family-7-outcome-intelligence/O04_benefits-realization.csv,35,2026-06-18,2026-01-01,2026-06-18,static_snapshot,medium,synthetic_demo,confidential,Tower|Intelligence,budget|actual|forecast|proxy_value|gap,roi_without_value_basis|bare_amount_without_entity_period_type,data_thin:vendor_id_missing|data_thin:system_id_missing|data_thin:renewal_or_gate_date_missing,2026-06-28T00:00:00Z,2026-06-28T00:00:00Z,BEN-00034,1.7,Revenue,BU Finance,INIT-0014,data_thin:vendor_id_missing,data_thin:system_id_missing,Revenue,data_thin:renewal_or_gate_date_missing,MET-0025,Finance-validated
skyharbor-air,Airline Demo,v6.0,spend_value,BEN-00035,spend_value record,v4_synthetic_pack,BU Finance,synthetic_demo,family-7-outcome-intelligence/O04_benefits-realization.csv,36,2026-06-18,2026-01-01,2026-06-18,static_snapshot,medium,synthetic_demo,confidential,Tower|Intelligence,budget|actual|forecast|proxy_value|gap,roi_without_value_basis|bare_amount_without_entity_period_type,data_thin:vendor_id_missing|data_thin:system_id_missing|data_thin:renewal_or_gate_date_missing,2026-06-28T00:00:00Z,2026-06-28T00:00:00Z,BEN-00035,9.4,Risk Reduction,BU Finance,INIT-0015,data_thin:vendor_id_missing,data_thin:system_id_missing,Risk Reduction,data_thin:renewal_or_gate_date_missing,MET-0114,Audit confirmation
skyharbor-air,Airline Demo,v6.0,spend_value,BEN-00036,spend_value record,v4_synthetic_pack,Transformation Office,synthetic_demo,family-7-outcome-intelligence/O04_benefits-realization.csv,37,2026-06-18,2026-01-01,2026-06-18,static_snapshot,medium,synthetic_demo,confidential,Tower|Intelligence,budget|actual|forecast|proxy_value|gap,roi_without_value_basis|bare_amount_without_entity_period_type,data_thin:vendor_id_missing|data_thin:system_id_missing|data_thin:renewal_or_gate_date_missing,2026-06-28T00:00:00Z,2026-06-28T00:00:00Z,BEN-00036,19.5,Risk Reduction,Transformation Office,INIT-0015,data_thin:vendor_id_missing,data_thin:system_id_missing,Risk Reduction,data_thin:renewal_or_gate_date_missing,MET-0168,Audit confirmation
skyharbor-air,Airline Demo,v6.0,spend_value,BEN-00037,spend_value record,v4_synthetic_pack,Transformation Office,synthetic_demo,family-7-outcome-intelligence/O04_benefits-realization.csv,38,2026-06-18,2026-01-01,2026-06-18,static_snapshot,medium,synthetic_demo,confidential,Tower|Intelligence,budget|actual|forecast|proxy_value|gap,roi_without_value_basis|bare_amount_without_entity_period_type,data_thin:vendor_id_missing|data_thin:system_id_missing|data_thin:renewal_or_gate_date_missing,2026-06-28T00:00:00Z,2026-06-28T00:00:00Z,BEN-00037,102.1,Cost Takeout,Transformation Office,INIT-0016,data_thin:vendor_id_missing,data_thin:system_id_missing,Cost Takeout,data_thin:renewal_or_gate_date_missing,MET-0046,System telemetry
skyharbor-air,Airline Demo,v6.0,spend_value,BEN-00038,spend_value record,v4_synthetic_pack,CFO Office,synthetic_demo,family-7-outcome-intelligence/O04_benefits-realization.csv,39,2026-06-18,2026-01-01,2026-06-18,static_snapshot,medium,synthetic_demo,confidential,Tower|Intelligence,budget|actual|forecast|proxy_value|gap,roi_without_value_basis|bare_amount_without_entity_period_type,data_thin:vendor_id_missing|data_thin:system_id_missing|data_thin:renewal_or_gate_date_missing,2026-06-28T00:00:00Z,2026-06-28T00:00:00Z,BEN-00038,18.9,Compliance,CFO Office,INIT-0016,data_thin:vendor_id_missing,data_thin:system_id_missing,Compliance,data_thin:renewal_or_gate_date_missing,MET-0059,Survey-based
skyharbor-air,Airline Demo,v6.0,spend_value,BEN-00039,spend_value record,v4_synthetic_pack,Ops Excellence,synthetic_demo,family-7-outcome-intelligence/O04_benefits-realization.csv,40,2026-06-18,2026-01-01,2026-06-18,static_snapshot,medium,synthetic_demo,confidential,Tower|Intelligence,budget|actual|forecast|proxy_value|gap,roi_without_value_basis|bare_amount_without_entity_period_type,data_thin:vendor_id_missing|data_thin:system_id_missing|data_thin:renewal_or_gate_date_missing,2026-06-28T00:00:00Z,2026-06-28T00:00:00Z,BEN-00039,37.4,Productivity,Ops Excellence,INIT-0016,data_thin:vendor_id_missing,data_thin:system_id_missing,Productivity,data_thin:renewal_or_gate_date_missing,MET-0155,Audit confirmation
skyharbor-air,Airline Demo,v6.0,spend_value,BEN-00040,spend_value record,v4_synthetic_pack,Transformation Office,synthetic_demo,family-7-outcome-intelligence/O04_benefits-realization.csv,41,2026-06-18,2026-01-01,2026-06-18,static_snapshot,medium,synthetic_demo,confidential,Tower|Intelligence,budget|actual|forecast|proxy_value|gap,roi_without_value_basis|bare_amount_without_entity_period_type,data_thin:vendor_id_missing|data_thin:system_id_missing|data_thin:renewal_or_gate_date_missing,2026-06-28T00:00:00Z,2026-06-28T00:00:00Z,BEN-00040,32.5,Productivity,Transformation Office,INIT-0017,data_thin:vendor_id_missing,data_thin:system_id_missing,Productivity,data_thin:renewal_or_gate_date_missing,MET-0179,Operational KPI delta
skyharbor-air,Airline Demo,v6.0,spend_value,BEN-00041,spend_value record,v4_synthetic_pack,Ops Excellence,synthetic_demo,family-7-outcome-intelligence/O04_benefits-realization.csv,42,2026-06-18,2026-01-01,2026-06-18,static_snapshot,medium,synthetic_demo,confidential,Tower|Intelligence,budget|actual|forecast|proxy_value|gap,roi_without_value_basis|bare_amount_without_entity_period_type,data_thin:vendor_id_missing|data_thin:system_id_missing|data_thin:renewal_or_gate_date_missing,2026-06-28T00:00:00Z,2026-06-28T00:00:00Z,BEN-00041,19.1,Cost Takeout,Ops Excellence,INIT-0017,data_thin:vendor_id_missing,data_thin:system_id_missing,Cost Takeout,data_thin:renewal_or_gate_date_missing,MET-0074,Survey-based
skyharbor-air,Airline Demo,v6.0,spend_value,BEN-00042,spend_value record,v4_synthetic_pack,Transformation Office,synthetic_demo,family-7-outcome-intelligence/O04_benefits-realization.csv,43,2026-06-18,2026-01-01,2026-06-18,static_snapshot,medium,synthetic_demo,confidential,Tower|Intelligence,budget|actual|forecast|proxy_value|gap,roi_without_value_basis|bare_amount_without_entity_period_type,data_thin:vendor_id_missing|data_thin:system_id_missing|data_thin:renewal_or_gate_date_missing,2026-06-28T00:00:00Z,2026-06-28T00:00:00Z,BEN-00042,88.3,Risk Reduction,Transformation Office,INIT-0018,data_thin:vendor_id_missing,data_thin:system_id_missing,Risk Reduction,data_thin:renewal_or_gate_date_missing,MET-0134,Modelled estimate
skyharbor-air,Airline Demo,v6.0,spend_value,BEN-00043,spend_value record,v4_synthetic_pack,BU Finance,synthetic_demo,family-7-outcome-intelligence/O04_benefits-realization.csv,44,2026-06-18,2026-01-01,2026-06-18,static_snapshot,medium,synthetic_demo,confidential,Tower|Intelligence,budget|actual|forecast|proxy_value|gap,roi_without_value_basis|bare_amount_without_entity_period_type,data_thin:vendor_id_missing|data_thin:system_id_missing|data_thin:renewal_or_gate_date_missing,2026-06-28T00:00:00Z,2026-06-28T00:00:00Z,BEN-00043,23.3,Risk Reduction,BU Finance,INIT-0018,data_thin:vendor_id_missing,data_thin:system_id_missing,Risk Reduction,data_thin:renewal_or_gate_date_missing,MET-0010,System telemetry
skyharbor-air,Airline Demo,v6.0,spend_value,BEN-00044,spend_value record,v4_synthetic_pack,Ops Excellence,synthetic_demo,family-7-outcome-intelligence/O04_benefits-realization.csv,45,2026-06-18,2026-01-01,2026-06-18,static_snapshot,medium,synthetic_demo,confidential,Tower|Intelligence,budget|actual|forecast|proxy_value|gap,roi_without_value_basis|bare_amount_without_entity_period_type,data_thin:vendor_id_missing|data_thin:system_id_missing|data_thin:renewal_or_gate_date_missing,2026-06-28T00:00:00Z,2026-06-28T00:00:00Z,BEN-00044,62.5,Compliance,Ops Excellence,INIT-0019,data_thin:vendor_id_missing,data_thin:system_id_missing,Compliance,data_thin:renewal_or_gate_date_missing,MET-0108,Survey-based
skyharbor-air,Airline Demo,v6.0,spend_value,BEN-00045,spend_value record,v4_synthetic_pack,CFO Office,synthetic_demo,family-7-outcome-intelligence/O04_benefits-realization.csv,46,2026-06-18,2026-01-01,2026-06-18,static_snapshot,medium,synthetic_demo,confidential,Tower|Intelligence,budget|actual|forecast|proxy_value|gap,roi_without_value_basis|bare_amount_without_entity_period_type,data_thin:vendor_id_missing|data_thin:system_id_missing|data_thin:renewal_or_gate_date_missing,2026-06-28T00:00:00Z,2026-06-28T00:00:00Z,BEN-00045,44.8,Compliance,CFO Office,INIT-0019,data_thin:vendor_id_missing,data_thin:system_id_missing,Compliance,data_thin:renewal_or_gate_date_missing,MET-0180,Survey-based
skyharbor-air,Airline Demo,v6.0,spend_value,BEN-00046,spend_value record,v4_synthetic_pack,CFO Office,synthetic_demo,family-7-outcome-intelligence/O04_benefits-realization.csv,47,2026-06-18,2026-01-01,2026-06-18,static_snapshot,medium,synthetic_demo,confidential,Tower|Intelligence,budget|actual|forecast|proxy_value|gap,roi_without_value_basis|bare_amount_without_entity_period_type,data_thin:vendor_id_missing|data_thin:system_id_missing|data_thin:renewal_or_gate_date_missing,2026-06-28T00:00:00Z,2026-06-28T00:00:00Z,BEN-00046,3.5,Risk Reduction,CFO Office,INIT-0019,data_thin:vendor_id_missing,data_thin:system_id_missing,Risk Reduction,data_thin:renewal_or_gate_date_missing,MET-0028,Modelled estimate
skyharbor-air,Airline Demo,v6.0,spend_value,BEN-00047,spend_value record,v4_synthetic_pack,Transformation Office,synthetic_demo,family-7-outcome-intelligence/O04_benefits-realization.csv,48,2026-06-18,2026-01-01,2026-06-18,static_snapshot,medium,synthetic_demo,confidential,Tower|Intelligence,budget|actual|forecast|proxy_value|gap,roi_without_value_basis|bare_amount_without_entity_period_type,data_thin:vendor_id_missing|data_thin:system_id_missing|data_thin:renewal_or_gate_date_missing,2026-06-28T00:00:00Z,2026-06-28T00:00:00Z,BEN-00047,52.9,Productivity,Transformation Office,INIT-0020,data_thin:vendor_id_missing,data_thin:system_id_missing,Productivity,data_thin:renewal_or_gate_date_missing,MET-0153,Operational KPI delta
skyharbor-air,Airline Demo,v6.0,spend_value,BEN-00048,spend_value record,v4_synthetic_pack,Ops Excellence,synthetic_demo,family-7-outcome-intelligence/O04_benefits-realization.csv,49,2026-06-18,2026-01-01,2026-06-18,static_snapshot,medium,synthetic_demo,confidential,Tower|Intelligence,budget|actual|forecast|proxy_value|gap,roi_without_value_basis|bare_amount_without_entity_period_type,data_thin:vendor_id_missing|data_thin:system_id_missing|data_thin:renewal_or_gate_date_missing,2026-06-28T00:00:00Z,2026-06-28T00:00:00Z,BEN-00048,46.4,Revenue,Ops Excellence,INIT-0020,data_thin:vendor_id_missing,data_thin:system_id_missing,Revenue,data_thin:renewal_or_gate_date_missing,MET-0018,Audit confirmation
skyharbor-air,Airline Demo,v6.0,spend_value,BEN-00049,spend_value record,v4_synthetic_pack,CFO Office,synthetic_demo,family-7-outcome-intelligence/O04_benefits-realization.csv,50,2026-06-18,2026-01-01,2026-06-18,static_snapshot,medium,synthetic_demo,confidential,Tower|Intelligence,budget|actual|forecast|proxy_value|gap,roi_without_value_basis|bare_amount_without_entity_period_type,data_thin:vendor_id_missing|data_thin:system_id_missing|data_thin:renewal_or_gate_date_missing,2026-06-28T00:00:00Z,2026-06-28T00:00:00Z,BEN-00049,34.1,Revenue,CFO Office,INIT-0020,data_thin:vendor_id_missing,data_thin:system_id_missing,Revenue,data_thin:renewal_or_gate_date_missing,MET-0157,Operational KPI delta
skyharbor-air,Airline Demo,v6.0,spend_value,BEN-00050,spend_value record,v4_synthetic_pack,Ops Excellence,synthetic_demo,family-7-outcome-intelligence/O04_benefits-realization.csv,51,2026-06-18,2026-01-01,2026-06-18,static_snapshot,medium,synthetic_demo,confidential,Tower|Intelligence,budget|actual|forecast|proxy_value|gap,roi_without_value_basis|bare_amount_without_entity_period_type,data_thin:vendor_id_missing|data_thin:system_id_missing|data_thin:renewal_or_gate_date_missing,2026-06-28T00:00:00Z,2026-06-28T00:00:00Z,BEN-00050,15.5,Risk Reduction,Ops Excellence,INIT-0021,data_thin:vendor_id_missing,data_thin:system_id_missing,Risk Reduction,data_thin:renewal_or_gate_date_missing,MET-0082,Survey-based
skyharbor-air,Airline Demo,v6.0,spend_value,BEN-00051,spend_value record,v4_synthetic_pack,Transformation Office,synthetic_demo,family-7-outcome-intelligence/O04_benefits-realization.csv,52,2026-06-18,2026-01-01,2026-06-18,static_snapshot,medium,synthetic_demo,confidential,Tower|Intelligence,budget|actual|forecast|proxy_value|gap,roi_without_value_basis|bare_amount_without_entity_period_type,data_thin:vendor_id_missing|data_thin:system_id_missing|data_thin:renewal_or_gate_date_missing,2026-06-28T00:00:00Z,2026-06-28T00:00:00Z,BEN-00051,10.9,Compliance,Transformation Office,INIT-0021,data_thin:vendor_id_missing,data_thin:system_id_missing,Compliance,data_thin:renewal_or_gate_date_missing,MET-0177,Audit confirmation
skyharbor-air,Airline Demo,v6.0,spend_value,BEN-00052,spend_value record,v4_synthetic_pack,Ops Excellence,synthetic_demo,family-7-outcome-intelligence/O04_benefits-realization.csv,53,2026-06-18,2026-01-01,2026-06-18,static_snapshot,medium,synthetic_demo,confidential,Tower|Intelligence,budget|actual|forecast|proxy_value|gap,roi_without_value_basis|bare_amount_without_entity_period_type,data_thin:vendor_id_missing|data_thin:system_id_missing|data_thin:renewal_or_gate_date_missing,2026-06-28T00:00:00Z,2026-06-28T00:00:00Z,BEN-00052,107.4,Revenue,Ops Excellence,INIT-0021,data_thin:vendor_id_missing,data_thin:system_id_missing,Revenue,data_thin:renewal_or_gate_date_missing,MET-0081,Audit confirmation
skyharbor-air,Airline Demo,v6.0,spend_value,BEN-00053,spend_value record,v4_synthetic_pack,CFO Office,synthetic_demo,family-7-outcome-intelligence/O04_benefits-realization.csv,54,2026-06-18,2026-01-01,2026-06-18,static_snapshot,medium,synthetic_demo,confidential,Tower|Intelligence,budget|actual|forecast|proxy_value|gap,roi_without_value_basis|bare_amount_without_entity_period_type,data_thin:vendor_id_missing|data_thin:system_id_missing|data_thin:renewal_or_gate_date_missing,2026-06-28T00:00:00Z,2026-06-28T00:00:00Z,BEN-00053,178.4,Compliance,CFO Office,INIT-0022,data_thin:vendor_id_missing,data_thin:system_id_missing,Compliance,data_thin:renewal_or_gate_date_missing,MET-0180,Finance-validated
skyharbor-air,Airline Demo,v6.0,spend_value,BEN-00054,spend_value record,v4_synthetic_pack,BU Finance,synthetic_demo,family-7-outcome-intelligence/O04_benefits-realization.csv,55,2026-06-18,2026-01-01,2026-06-18,static_snapshot,medium,synthetic_demo,confidential,Tower|Intelligence,budget|actual|forecast|proxy_value|gap,roi_without_value_basis|bare_amount_without_entity_period_type,data_thin:vendor_id_missing|data_thin:system_id_missing|data_thin:renewal_or_gate_date_missing,2026-06-28T00:00:00Z,2026-06-28T00:00:00Z,BEN-00054,4.8,Revenue,BU Finance,INIT-0022,data_thin:vendor_id_missing,data_thin:system_id_missing,Revenue,data_thin:renewal_or_gate_date_missing,MET-0096,Audit confirmation
skyharbor-air,Airline Demo,v6.0,spend_value,BEN-00055,spend_value record,v4_synthetic_pack,BU Finance,synthetic_demo,family-7-outcome-intelligence/O04_benefits-realization.csv,56,2026-06-18,2026-01-01,2026-06-18,static_snapshot,medium,synthetic_demo,confidential,Tower|Intelligence,budget|actual|forecast|proxy_value|gap,roi_without_value_basis|bare_amount_without_entity_period_type,data_thin:vendor_id_missing|data_thin:system_id_missing|data_thin:renewal_or_gate_date_missing,2026-06-28T00:00:00Z,2026-06-28T00:00:00Z,BEN-00055,25.4,Compliance,BU Finance,INIT-0023,data_thin:vendor_id_missing,data_thin:system_id_missing,Compliance,data_thin:renewal_or_gate_date_missing,MET-0162,Finance-validated
skyharbor-air,Airline Demo,v6.0,spend_value,BEN-00056,spend_value record,v4_synthetic_pack,Ops Excellence,synthetic_demo,family-7-outcome-intelligence/O04_benefits-realization.csv,57,2026-06-18,2026-01-01,2026-06-18,static_snapshot,medium,synthetic_demo,confidential,Tower|Intelligence,budget|actual|forecast|proxy_value|gap,roi_without_value_basis|bare_amount_without_entity_period_type,data_thin:vendor_id_missing|data_thin:system_id_missing|data_thin:renewal_or_gate_date_missing,2026-06-28T00:00:00Z,2026-06-28T00:00:00Z,BEN-00056,48.2,Revenue,Ops Excellence,INIT-0023,data_thin:vendor_id_missing,data_thin:system_id_missing,Revenue,data_thin:renewal_or_gate_date_missing,MET-0139,Finance-validated
skyharbor-air,Airline Demo,v6.0,spend_value,BEN-00057,spend_value record,v4_synthetic_pack,Transformation Office,synthetic_demo,family-7-outcome-intelligence/O04_benefits-realization.csv,58,2026-06-18,2026-01-01,2026-06-18,static_snapshot,medium,synthetic_demo,confidential,Tower|Intelligence,budget|actual|forecast|proxy_value|gap,roi_without_value_basis|bare_amount_without_entity_period_type,data_thin:vendor_id_missing|data_thin:system_id_missing|data_thin:renewal_or_gate_date_missing,2026-06-28T00:00:00Z,2026-06-28T00:00:00Z,BEN-00057,11.1,Risk Reduction,Transformation Office,INIT-0023,data_thin:vendor_id_missing,data_thin:system_id_missing,Risk Reduction,data_thin:renewal_or_gate_date_missing,MET-0033,Operational KPI delta
skyharbor-air,Airline Demo,v6.0,spend_value,BEN-00058,spend_value record,v4_synthetic_pack,Transformation Office,synthetic_demo,family-7-outcome-intelligence/O04_benefits-realization.csv,59,2026-06-18,2026-01-01,2026-06-18,static_snapshot,medium,synthetic_demo,confidential,Tower|Intelligence,budget|actual|forecast|proxy_value|gap,roi_without_value_basis|bare_amount_without_entity_period_type,data_thin:vendor_id_missing|data_thin:system_id_missing|data_thin:renewal_or_gate_date_missing,2026-06-28T00:00:00Z,2026-06-28T00:00:00Z,BEN-00058,79.2,Productivity,Transformation Office,INIT-0024,data_thin:vendor_id_missing,data_thin:system_id_missing,Productivity,data_thin:renewal_or_gate_date_missing,MET-0117,Operational KPI delta
skyharbor-air,Airline Demo,v6.0,spend_value,BEN-00059,spend_value record,v4_synthetic_pack,Transformation Office,synthetic_demo,family-7-outcome-intelligence/O04_benefits-realization.csv,60,2026-06-18,2026-01-01,2026-06-18,static_snapshot,medium,synthetic_demo,confidential,Tower|Intelligence,budget|actual|forecast|proxy_value|gap,roi_without_value_basis|bare_amount_without_entity_period_type,data_thin:vendor_id_missing|data_thin:system_id_missing|data_thin:renewal_or_gate_date_missing,2026-06-28T00:00:00Z,2026-06-28T00:00:00Z,BEN-00059,8.5,Revenue,Transformation Office,INIT-0024,data_thin:vendor_id_missing,data_thin:system_id_missing,Revenue,data_thin:renewal_or_gate_date_missing,MET-0062,Audit confirmation
skyharbor-air,Airline Demo,v6.0,spend_value,BEN-00060,spend_value record,v4_synthetic_pack,Ops Excellence,synthetic_demo,family-7-outcome-intelligence/O04_benefits-realization.csv,61,2026-06-18,2026-01-01,2026-06-18,static_snapshot,medium,synthetic_demo,confidential,Tower|Intelligence,budget|actual|forecast|proxy_value|gap,roi_without_value_basis|bare_amount_without_entity_period_type,data_thin:vendor_id_missing|data_thin:system_id_missing|data_thin:renewal_or_gate_date_missing,2026-06-28T00:00:00Z,2026-06-28T00:00:00Z,BEN-00060,77,Compliance,Ops Excellence,INIT-0024,data_thin:vendor_id_missing,data_thin:system_id_missing,Compliance,data_thin:renewal_or_gate_date_missing,MET-0074,Survey-based
skyharbor-air,Airline Demo,v6.0,spend_value,BEN-00061,spend_value record,v4_synthetic_pack,Ops Excellence,synthetic_demo,family-7-outcome-intelligence/O04_benefits-realization.csv,62,2026-06-18,2026-01-01,2026-06-18,static_snapshot,medium,synthetic_demo,confidential,Tower|Intelligence,budget|actual|forecast|proxy_value|gap,roi_without_value_basis|bare_amount_without_entity_period_type,data_thin:vendor_id_missing|data_thin:system_id_missing|data_thin:renewal_or_gate_date_missing,2026-06-28T00:00:00Z,2026-06-28T00:00:00Z,BEN-00061,56.6,Compliance,Ops Excellence,INIT-0025,data_thin:vendor_id_missing,data_thin:system_id_missing,Compliance,data_thin:renewal_or_gate_date_missing,MET-0032,Operational KPI delta
skyharbor-air,Airline Demo,v6.0,spend_value,BEN-00062,spend_value record,v4_synthetic_pack,CFO Office,synthetic_demo,family-7-outcome-intelligence/O04_benefits-realization.csv,63,2026-06-18,2026-01-01,2026-06-18,static_snapshot,medium,synthetic_demo,confidential,Tower|Intelligence,budget|actual|forecast|proxy_value|gap,roi_without_value_basis|bare_amount_without_entity_period_type,data_thin:vendor_id_missing|data_thin:system_id_missing|data_thin:renewal_or_gate_date_missing,2026-06-28T00:00:00Z,2026-06-28T00:00:00Z,BEN-00062,59.6,Compliance,CFO Office,INIT-0025,data_thin:vendor_id_missing,data_thin:system_id_missing,Compliance,data_thin:renewal_or_gate_date_missing,MET-0032,Finance-validated
skyharbor-air,Airline Demo,v6.0,spend_value,BEN-00063,spend_value record,v4_synthetic_pack,BU Finance,synthetic_demo,family-7-outcome-intelligence/O04_benefits-realization.csv,64,2026-06-18,2026-01-01,2026-06-18,static_snapshot,medium,synthetic_demo,confidential,Tower|Intelligence,budget|actual|forecast|proxy_value|gap,roi_without_value_basis|bare_amount_without_entity_period_type,data_thin:vendor_id_missing|data_thin:system_id_missing|data_thin:renewal_or_gate_date_missing,2026-06-28T00:00:00Z,2026-06-28T00:00:00Z,BEN-00063,87.1,Compliance,BU Finance,INIT-0026,data_thin:vendor_id_missing,data_thin:system_id_missing,Compliance,data_thin:renewal_or_gate_date_missing,MET-0137,Audit confirmation
skyharbor-air,Airline Demo,v6.0,spend_value,BEN-00064,spend_value record,v4_synthetic_pack,Transformation Office,synthetic_demo,family-7-outcome-intelligence/O04_benefits-realization.csv,65,2026-06-18,2026-01-01,2026-06-18,static_snapshot,medium,synthetic_demo,confidential,Tower|Intelligence,budget|actual|forecast|proxy_value|gap,roi_without_value_basis|bare_amount_without_entity_period_type,data_thin:vendor_id_missing|data_thin:system_id_missing|data_thin:renewal_or_gate_date_missing,2026-06-28T00:00:00Z,2026-06-28T00:00:00Z,BEN-00064,101.5,Revenue,Transformation Office,INIT-0026,data_thin:vendor_id_missing,data_thin:system_id_missing,Revenue,data_thin:renewal_or_gate_date_missing,MET-0042,Modelled estimate
skyharbor-air,Airline Demo,v6.0,spend_value,BEN-00065,spend_value record,v4_synthetic_pack,CFO Office,synthetic_demo,family-7-outcome-intelligence/O04_benefits-realization.csv,66,2026-06-18,2026-01-01,2026-06-18,static_snapshot,medium,synthetic_demo,confidential,Tower|Intelligence,budget|actual|forecast|proxy_value|gap,roi_without_value_basis|bare_amount_without_entity_period_type,data_thin:vendor_id_missing|data_thin:system_id_missing|data_thin:renewal_or_gate_date_missing,2026-06-28T00:00:00Z,2026-06-28T00:00:00Z,BEN-00065,34.6,Revenue,CFO Office,INIT-0027,data_thin:vendor_id_missing,data_thin:system_id_missing,Revenue,data_thin:renewal_or_gate_date_missing,MET-0122,Audit confirmation
skyharbor-air,Airline Demo,v6.0,spend_value,BEN-00066,spend_value record,v4_synthetic_pack,Ops Excellence,synthetic_demo,family-7-outcome-intelligence/O04_benefits-realization.csv,67,2026-06-18,2026-01-01,2026-06-18,static_snapshot,medium,synthetic_demo,confidential,Tower|Intelligence,budget|actual|forecast|proxy_value|gap,roi_without_value_basis|bare_amount_without_entity_period_type,data_thin:vendor_id_missing|data_thin:system_id_missing|data_thin:renewal_or_gate_date_missing,2026-06-28T00:00:00Z,2026-06-28T00:00:00Z,BEN-00066,168.4,Revenue,Ops Excellence,INIT-0027,data_thin:vendor_id_missing,data_thin:system_id_missing,Revenue,data_thin:renewal_or_gate_date_missing,MET-0154,Modelled estimate
skyharbor-air,Airline Demo,v6.0,spend_value,BEN-00067,spend_value record,v4_synthetic_pack,Transformation Office,synthetic_demo,family-7-outcome-intelligence/O04_benefits-realization.csv,68,2026-06-18,2026-01-01,2026-06-18,static_snapshot,medium,synthetic_demo,confidential,Tower|Intelligence,budget|actual|forecast|proxy_value|gap,roi_without_value_basis|bare_amount_without_entity_period_type,data_thin:vendor_id_missing|data_thin:system_id_missing|data_thin:renewal_or_gate_date_missing,2026-06-28T00:00:00Z,2026-06-28T00:00:00Z,BEN-00067,12.5,Productivity,Transformation Office,INIT-0027,data_thin:vendor_id_missing,data_thin:system_id_missing,Productivity,data_thin:renewal_or_gate_date_missing,MET-0136,Modelled estimate
skyharbor-air,Airline Demo,v6.0,spend_value,BEN-00068,spend_value record,v4_synthetic_pack,Transformation Office,synthetic_demo,family-7-outcome-intelligence/O04_benefits-realization.csv,69,2026-06-18,2026-01-01,2026-06-18,static_snapshot,medium,synthetic_demo,confidential,Tower|Intelligence,budget|actual|forecast|proxy_value|gap,roi_without_value_basis|bare_amount_without_entity_period_type,data_thin:vendor_id_missing|data_thin:system_id_missing|data_thin:renewal_or_gate_date_missing,2026-06-28T00:00:00Z,2026-06-28T00:00:00Z,BEN-00068,94.3,Risk Reduction,Transformation Office,INIT-0028,data_thin:vendor_id_missing,data_thin:system_id_missing,Risk Reduction,data_thin:renewal_or_gate_date_missing,MET-0096,Modelled estimate
skyharbor-air,Airline Demo,v6.0,spend_value,BEN-00069,spend_value record,v4_synthetic_pack,BU Finance,synthetic_demo,family-7-outcome-intelligence/O04_benefits-realization.csv,70,2026-06-18,2026-01-01,2026-06-18,static_snapshot,medium,synthetic_demo,confidential,Tower|Intelligence,budget|actual|forecast|proxy_value|gap,roi_without_value_basis|bare_amount_without_entity_period_type,data_thin:vendor_id_missing|data_thin:system_id_missing|data_thin:renewal_or_gate_date_missing,2026-06-28T00:00:00Z,2026-06-28T00:00:00Z,BEN-00069,91.7,Cost Takeout,BU Finance,INIT-0028,data_thin:vendor_id_missing,data_thin:system_id_missing,Cost Takeout,data_thin:renewal_or_gate_date_missing,MET-0050,Operational KPI delta
skyharbor-air,Airline Demo,v6.0,spend_value,BEN-00070,spend_value record,v4_synthetic_pack,Transformation Office,synthetic_demo,family-7-outcome-intelligence/O04_benefits-realization.csv,71,2026-06-18,2026-01-01,2026-06-18,static_snapshot,medium,synthetic_demo,confidential,Tower|Intelligence,budget|actual|forecast|proxy_value|gap,roi_without_value_basis|bare_amount_without_entity_period_type,data_thin:vendor_id_missing|data_thin:system_id_missing|data_thin:renewal_or_gate_date_missing,2026-06-28T00:00:00Z,2026-06-28T00:00:00Z,BEN-00070,16,Cost Takeout,Transformation Office,INIT-0028,data_thin:vendor_id_missing,data_thin:system_id_missing,Cost Takeout,data_thin:renewal_or_gate_date_missing,MET-0127,Audit confirmation
skyharbor-air,Airline Demo,v6.0,spend_value,BEN-00071,spend_value record,v4_synthetic_pack,Transformation Office,synthetic_demo,family-7-outcome-intelligence/O04_benefits-realization.csv,72,2026-06-18,2026-01-01,2026-06-18,static_snapshot,medium,synthetic_demo,confidential,Tower|Intelligence,budget|actual|forecast|proxy_value|gap,roi_without_value_basis|bare_amount_without_entity_period_type,data_thin:vendor_id_missing|data_thin:system_id_missing|data_thin:renewal_or_gate_date_missing,2026-06-28T00:00:00Z,2026-06-28T00:00:00Z,BEN-00071,23.5,Revenue,Transformation Office,INIT-0029,data_thin:vendor_id_missing,data_thin:system_id_missing,Revenue,data_thin:renewal_or_gate_date_missing,MET-0138,Survey-based
skyharbor-air,Airline Demo,v6.0,spend_value,BEN-00072,spend_value record,v4_synthetic_pack,Transformation Office,synthetic_demo,family-7-outcome-intelligence/O04_benefits-realization.csv,73,2026-06-18,2026-01-01,2026-06-18,static_snapshot,medium,synthetic_demo,confidential,Tower|Intelligence,budget|actual|forecast|proxy_value|gap,roi_without_value_basis|bare_amount_without_entity_period_type,data_thin:vendor_id_missing|data_thin:system_id_missing|data_thin:renewal_or_gate_date_missing,2026-06-28T00:00:00Z,2026-06-28T00:00:00Z,BEN-00072,5.5,Cost Takeout,Transformation Office,INIT-0029,data_thin:vendor_id_missing,data_thin:system_id_missing,Cost Takeout,data_thin:renewal_or_gate_date_missing,MET-0029,Audit confirmation
skyharbor-air,Airline Demo,v6.0,spend_value,BEN-00073,spend_value record,v4_synthetic_pack,Ops Excellence,synthetic_demo,family-7-outcome-intelligence/O04_benefits-realization.csv,74,2026-06-18,2026-01-01,2026-06-18,static_snapshot,medium,synthetic_demo,confidential,Tower|Intelligence,budget|actual|forecast|proxy_value|gap,roi_without_value_basis|bare_amount_without_entity_period_type,data_thin:vendor_id_missing|data_thin:system_id_missing|data_thin:renewal_or_gate_date_missing,2026-06-28T00:00:00Z,2026-06-28T00:00:00Z,BEN-00073,124.9,Cost Takeout,Ops Excellence,INIT-0029,data_thin:vendor_id_missing,data_thin:system_id_missing,Cost Takeout,data_thin:renewal_or_gate_date_missing,MET-0123,Survey-based
skyharbor-air,Airline Demo,v6.0,spend_value,BEN-00074,spend_value record,v4_synthetic_pack,Transformation Office,synthetic_demo,family-7-outcome-intelligence/O04_benefits-realization.csv,75,2026-06-18,2026-01-01,2026-06-18,static_snapshot,medium,synthetic_demo,confidential,Tower|Intelligence,budget|actual|forecast|proxy_value|gap,roi_without_value_basis|bare_amount_without_entity_period_type,data_thin:vendor_id_missing|data_thin:system_id_missing|data_thin:renewal_or_gate_date_missing,2026-06-28T00:00:00Z,2026-06-28T00:00:00Z,BEN-00074,118.8,Revenue,Transformation Office,INIT-0030,data_thin:vendor_id_missing,data_thin:system_id_missing,Revenue,data_thin:renewal_or_gate_date_missing,MET-0123,Survey-based
skyharbor-air,Airline Demo,v6.0,spend_value,BEN-00075,spend_value record,v4_synthetic_pack,Ops Excellence,synthetic_demo,family-7-outcome-intelligence/O04_benefits-realization.csv,76,2026-06-18,2026-01-01,2026-06-18,static_snapshot,medium,synthetic_demo,confidential,Tower|Intelligence,budget|actual|forecast|proxy_value|gap,roi_without_value_basis|bare_amount_without_entity_period_type,data_thin:vendor_id_missing|data_thin:system_id_missing|data_thin:renewal_or_gate_date_missing,2026-06-28T00:00:00Z,2026-06-28T00:00:00Z,BEN-00075,15.4,Compliance,Ops Excellence,INIT-0030,data_thin:vendor_id_missing,data_thin:system_id_missing,Compliance,data_thin:renewal_or_gate_date_missing,MET-0174,Modelled estimate
skyharbor-air,Airline Demo,v6.0,spend_value,BEN-00076,spend_value record,v4_synthetic_pack,CFO Office,synthetic_demo,family-7-outcome-intelligence/O04_benefits-realization.csv,77,2026-06-18,2026-01-01,2026-06-18,static_snapshot,medium,synthetic_demo,confidential,Tower|Intelligence,budget|actual|forecast|proxy_value|gap,roi_without_value_basis|bare_amount_without_entity_period_type,data_thin:vendor_id_missing|data_thin:system_id_missing|data_thin:renewal_or_gate_date_missing,2026-06-28T00:00:00Z,2026-06-28T00:00:00Z,BEN-00076,70.4,Risk Reduction,CFO Office,INIT-0031,data_thin:vendor_id_missing,data_thin:system_id_missing,Risk Reduction,data_thin:renewal_or_gate_date_missing,MET-0022,Audit confirmation
skyharbor-air,Airline Demo,v6.0,spend_value,BEN-00077,spend_value record,v4_synthetic_pack,CFO Office,synthetic_demo,family-7-outcome-intelligence/O04_benefits-realization.csv,78,2026-06-18,2026-01-01,2026-06-18,static_snapshot,medium,synthetic_demo,confidential,Tower|Intelligence,budget|actual|forecast|proxy_value|gap,roi_without_value_basis|bare_amount_without_entity_period_type,data_thin:vendor_id_missing|data_thin:system_id_missing|data_thin:renewal_or_gate_date_missing,2026-06-28T00:00:00Z,2026-06-28T00:00:00Z,BEN-00077,62.6,Compliance,CFO Office,INIT-0031,data_thin:vendor_id_missing,data_thin:system_id_missing,Compliance,data_thin:renewal_or_gate_date_missing,MET-0004,Operational KPI delta
skyharbor-air,Airline Demo,v6.0,spend_value,BEN-00078,spend_value record,v4_synthetic_pack,CFO Office,synthetic_demo,family-7-outcome-intelligence/O04_benefits-realization.csv,79,2026-06-18,2026-01-01,2026-06-18,static_snapshot,medium,synthetic_demo,confidential,Tower|Intelligence,budget|actual|forecast|proxy_value|gap,roi_without_value_basis|bare_amount_without_entity_period_type,data_thin:vendor_id_missing|data_thin:system_id_missing|data_thin:renewal_or_gate_date_missing,2026-06-28T00:00:00Z,2026-06-28T00:00:00Z,BEN-00078,58.6,Cost Takeout,CFO Office,INIT-0031,data_thin:vendor_id_missing,data_thin:system_id_missing,Cost Takeout,data_thin:renewal_or_gate_date_missing,MET-0039,Audit confirmation
skyharbor-air,Airline Demo,v6.0,spend_value,BEN-00079,spend_value record,v4_synthetic_pack,BU Finance,synthetic_demo,family-7-outcome-intelligence/O04_benefits-realization.csv,80,2026-06-18,2026-01-01,2026-06-18,static_snapshot,medium,synthetic_demo,confidential,Tower|Intelligence,budget|actual|forecast|proxy_value|gap,roi_without_value_basis|bare_amount_without_entity_period_type,data_thin:vendor_id_missing|data_thin:system_id_missing|data_thin:renewal_or_gate_date_missing,2026-06-28T00:00:00Z,2026-06-28T00:00:00Z,BEN-00079,68.4,Cost Takeout,BU Finance,INIT-0032,data_thin:vendor_id_missing,data_thin:system_id_missing,Cost Takeout,data_thin:renewal_or_gate_date_missing,MET-0129,System telemetry
skyharbor-air,Airline Demo,v6.0,spend_value,BEN-00080,spend_value record,v4_synthetic_pack,CFO Office,synthetic_demo,family-7-outcome-intelligence/O04_benefits-realization.csv,81,2026-06-18,2026-01-01,2026-06-18,static_snapshot,medium,synthetic_demo,confidential,Tower|Intelligence,budget|actual|forecast|proxy_value|gap,roi_without_value_basis|bare_amount_without_entity_period_type,data_thin:vendor_id_missing|data_thin:system_id_missing|data_thin:renewal_or_gate_date_missing,2026-06-28T00:00:00Z,2026-06-28T00:00:00Z,BEN-00080,70.7,Compliance,CFO Office,INIT-0032,data_thin:vendor_id_missing,data_thin:system_id_missing,Compliance,data_thin:renewal_or_gate_date_missing,MET-0111,System telemetry
skyharbor-air,Airline Demo,v6.0,spend_value,BEN-00081,spend_value record,v4_synthetic_pack,CFO Office,synthetic_demo,family-7-outcome-intelligence/O04_benefits-realization.csv,82,2026-06-18,2026-01-01,2026-06-18,static_snapshot,medium,synthetic_demo,confidential,Tower|Intelligence,budget|actual|forecast|proxy_value|gap,roi_without_value_basis|bare_amount_without_entity_period_type,data_thin:vendor_id_missing|data_thin:system_id_missing|data_thin:renewal_or_gate_date_missing,2026-06-28T00:00:00Z,2026-06-28T00:00:00Z,BEN-00081,61.9,Compliance,CFO Office,INIT-0032,data_thin:vendor_id_missing,data_thin:system_id_missing,Compliance,data_thin:renewal_or_gate_date_missing,MET-0015,Modelled estimate
skyharbor-air,Airline Demo,v6.0,spend_value,BEN-00082,spend_value record,v4_synthetic_pack,BU Finance,synthetic_demo,family-7-outcome-intelligence/O04_benefits-realization.csv,83,2026-06-18,2026-01-01,2026-06-18,static_snapshot,medium,synthetic_demo,confidential,Tower|Intelligence,budget|actual|forecast|proxy_value|gap,roi_without_value_basis|bare_amount_without_entity_period_type,data_thin:vendor_id_missing|data_thin:system_id_missing|data_thin:renewal_or_gate_date_missing,2026-06-28T00:00:00Z,2026-06-28T00:00:00Z,BEN-00082,118.6,Cost Takeout,BU Finance,INIT-0033,data_thin:vendor_id_missing,data_thin:system_id_missing,Cost Takeout,data_thin:renewal_or_gate_date_missing,MET-0029,Audit confirmation
skyharbor-air,Airline Demo,v6.0,spend_value,BEN-00083,spend_value record,v4_synthetic_pack,BU Finance,synthetic_demo,family-7-outcome-intelligence/O04_benefits-realization.csv,84,2026-06-18,2026-01-01,2026-06-18,static_snapshot,medium,synthetic_demo,confidential,Tower|Intelligence,budget|actual|forecast|proxy_value|gap,roi_without_value_basis|bare_amount_without_entity_period_type,data_thin:vendor_id_missing|data_thin:system_id_missing|data_thin:renewal_or_gate_date_missing,2026-06-28T00:00:00Z,2026-06-28T00:00:00Z,BEN-00083,80.4,Risk Reduction,BU Finance,INIT-0033,data_thin:vendor_id_missing,data_thin:system_id_missing,Risk Reduction,data_thin:renewal_or_gate_date_missing,MET-0097,System telemetry
skyharbor-air,Airline Demo,v6.0,spend_value,BEN-00084,spend_value record,v4_synthetic_pack,BU Finance,synthetic_demo,family-7-outcome-intelligence/O04_benefits-realization.csv,85,2026-06-18,2026-01-01,2026-06-18,static_snapshot,medium,synthetic_demo,confidential,Tower|Intelligence,budget|actual|forecast|proxy_value|gap,roi_without_value_basis|bare_amount_without_entity_period_type,data_thin:vendor_id_missing|data_thin:system_id_missing|data_thin:renewal_or_gate_date_missing,2026-06-28T00:00:00Z,2026-06-28T00:00:00Z,BEN-00084,65.6,Revenue,BU Finance,INIT-0033,data_thin:vendor_id_missing,data_thin:system_id_missing,Revenue,data_thin:renewal_or_gate_date_missing,MET-0019,Audit confirmation
skyharbor-air,Airline Demo,v6.0,spend_value,BEN-00085,spend_value record,v4_synthetic_pack,BU Finance,synthetic_demo,family-7-outcome-intelligence/O04_benefits-realization.csv,86,2026-06-18,2026-01-01,2026-06-18,static_snapshot,medium,synthetic_demo,confidential,Tower|Intelligence,budget|actual|forecast|proxy_value|gap,roi_without_value_basis|bare_amount_without_entity_period_type,data_thin:vendor_id_missing|data_thin:system_id_missing|data_thin:renewal_or_gate_date_missing,2026-06-28T00:00:00Z,2026-06-28T00:00:00Z,BEN-00085,5.6,Risk Reduction,BU Finance,INIT-0034,data_thin:vendor_id_missing,data_thin:system_id_missing,Risk Reduction,data_thin:renewal_or_gate_date_missing,MET-0143,Finance-validated
skyharbor-air,Airline Demo,v6.0,spend_value,BEN-00086,spend_value record,v4_synthetic_pack,Ops Excellence,synthetic_demo,family-7-outcome-intelligence/O04_benefits-realization.csv,87,2026-06-18,2026-01-01,2026-06-18,static_snapshot,medium,synthetic_demo,confidential,Tower|Intelligence,budget|actual|forecast|proxy_value|gap,roi_without_value_basis|bare_amount_without_entity_period_type,data_thin:vendor_id_missing|data_thin:system_id_missing|data_thin:renewal_or_gate_date_missing,2026-06-28T00:00:00Z,2026-06-28T00:00:00Z,BEN-00086,28.3,Risk Reduction,Ops Excellence,INIT-0034,data_thin:vendor_id_missing,data_thin:system_id_missing,Risk Reduction,data_thin:renewal_or_gate_date_missing,MET-0072,Audit confirmation
skyharbor-air,Airline Demo,v6.0,spend_value,BEN-00087,spend_value record,v4_synthetic_pack,CFO Office,synthetic_demo,family-7-outcome-intelligence/O04_benefits-realization.csv,88,2026-06-18,2026-01-01,2026-06-18,static_snapshot,medium,synthetic_demo,confidential,Tower|Intelligence,budget|actual|forecast|proxy_value|gap,roi_without_value_basis|bare_amount_without_entity_period_type,data_thin:vendor_id_missing|data_thin:system_id_missing|data_thin:renewal_or_gate_date_missing,2026-06-28T00:00:00Z,2026-06-28T00:00:00Z,BEN-00087,111.2,Productivity,CFO Office,INIT-0034,data_thin:vendor_id_missing,data_thin:system_id_missing,Productivity,data_thin:renewal_or_gate_date_missing,MET-0180,Operational KPI delta
skyharbor-air,Airline Demo,v6.0,spend_value,BEN-00088,spend_value record,v4_synthetic_pack,Transformation Office,synthetic_demo,family-7-outcome-intelligence/O04_benefits-realization.csv,89,2026-06-18,2026-01-01,2026-06-18,static_snapshot,medium,synthetic_demo,confidential,Tower|Intelligence,budget|actual|forecast|proxy_value|gap,roi_without_value_basis|bare_amount_without_entity_period_type,data_thin:vendor_id_missing|data_thin:system_id_missing|data_thin:renewal_or_gate_date_missing,2026-06-28T00:00:00Z,2026-06-28T00:00:00Z,BEN-00088,26.8,Risk Reduction,Transformation Office,INIT-0035,data_thin:vendor_id_missing,data_thin:system_id_missing,Risk Reduction,data_thin:renewal_or_gate_date_missing,MET-0070,Operational KPI delta
skyharbor-air,Airline Demo,v6.0,spend_value,BEN-00089,spend_value record,v4_synthetic_pack,Ops Excellence,synthetic_demo,family-7-outcome-intelligence/O04_benefits-realization.csv,90,2026-06-18,2026-01-01,2026-06-18,static_snapshot,medium,synthetic_demo,confidential,Tower|Intelligence,budget|actual|forecast|proxy_value|gap,roi_without_value_basis|bare_amount_without_entity_period_type,data_thin:vendor_id_missing|data_thin:system_id_missing|data_thin:renewal_or_gate_date_missing,2026-06-28T00:00:00Z,2026-06-28T00:00:00Z,BEN-00089,128.8,Productivity,Ops Excellence,INIT-0035,data_thin:vendor_id_missing,data_thin:system_id_missing,Productivity,data_thin:renewal_or_gate_date_missing,MET-0121,Finance-validated
skyharbor-air,Airline Demo,v6.0,spend_value,BEN-00090,spend_value record,v4_synthetic_pack,CFO Office,synthetic_demo,family-7-outcome-intelligence/O04_benefits-realization.csv,91,2026-06-18,2026-01-01,2026-06-18,static_snapshot,medium,synthetic_demo,confidential,Tower|Intelligence,budget|actual|forecast|proxy_value|gap,roi_without_value_basis|bare_amount_without_entity_period_type,data_thin:vendor_id_missing|data_thin:system_id_missing|data_thin:renewal_or_gate_date_missing,2026-06-28T00:00:00Z,2026-06-28T00:00:00Z,BEN-00090,35.7,Productivity,CFO Office,INIT-0035,data_thin:vendor_id_missing,data_thin:system_id_missing,Productivity,data_thin:renewal_or_gate_date_missing,MET-0012,Modelled estimate
skyharbor-air,Airline Demo,v6.0,spend_value,BEN-00091,spend_value record,v4_synthetic_pack,Transformation Office,synthetic_demo,family-7-outcome-intelligence/O04_benefits-realization.csv,92,2026-06-18,2026-01-01,2026-06-18,static_snapshot,medium,synthetic_demo,confidential,Tower|Intelligence,budget|actual|forecast|proxy_value|gap,roi_without_value_basis|bare_amount_without_entity_period_type,data_thin:vendor_id_missing|data_thin:system_id_missing|data_thin:renewal_or_gate_date_missing,2026-06-28T00:00:00Z,2026-06-28T00:00:00Z,BEN-00091,45.6,Cost Takeout,Transformation Office,INIT-0036,data_thin:vendor_id_missing,data_thin:system_id_missing,Cost Takeout,data_thin:renewal_or_gate_date_missing,MET-0167,System telemetry
skyharbor-air,Airline Demo,v6.0,spend_value,BEN-00092,spend_value record,v4_synthetic_pack,Transformation Office,synthetic_demo,family-7-outcome-intelligence/O04_benefits-realization.csv,93,2026-06-18,2026-01-01,2026-06-18,static_snapshot,medium,synthetic_demo,confidential,Tower|Intelligence,budget|actual|forecast|proxy_value|gap,roi_without_value_basis|bare_amount_without_entity_period_type,data_thin:vendor_id_missing|data_thin:system_id_missing|data_thin:renewal_or_gate_date_missing,2026-06-28T00:00:00Z,2026-06-28T00:00:00Z,BEN-00092,26.1,Revenue,Transformation Office,INIT-0036,data_thin:vendor_id_missing,data_thin:system_id_missing,Revenue,data_thin:renewal_or_gate_date_missing,MET-0136,Finance-validated
skyharbor-air,Airline Demo,v6.0,spend_value,BEN-00093,spend_value record,v4_synthetic_pack,Transformation Office,synthetic_demo,family-7-outcome-intelligence/O04_benefits-realization.csv,94,2026-06-18,2026-01-01,2026-06-18,static_snapshot,medium,synthetic_demo,confidential,Tower|Intelligence,budget|actual|forecast|proxy_value|gap,roi_without_value_basis|bare_amount_without_entity_period_type,data_thin:vendor_id_missing|data_thin:system_id_missing|data_thin:renewal_or_gate_date_missing,2026-06-28T00:00:00Z,2026-06-28T00:00:00Z,BEN-00093,39.5,Revenue,Transformation Office,INIT-0037,data_thin:vendor_id_missing,data_thin:system_id_missing,Revenue,data_thin:renewal_or_gate_date_missing,MET-0142,System telemetry
skyharbor-air,Airline Demo,v6.0,spend_value,BEN-00094,spend_value record,v4_synthetic_pack,Ops Excellence,synthetic_demo,family-7-outcome-intelligence/O04_benefits-realization.csv,95,2026-06-18,2026-01-01,2026-06-18,static_snapshot,medium,synthetic_demo,confidential,Tower|Intelligence,budget|actual|forecast|proxy_value|gap,roi_without_value_basis|bare_amount_without_entity_period_type,data_thin:vendor_id_missing|data_thin:system_id_missing|data_thin:renewal_or_gate_date_missing,2026-06-28T00:00:00Z,2026-06-28T00:00:00Z,BEN-00094,137.7,Cost Takeout,Ops Excellence,INIT-0037,data_thin:vendor_id_missing,data_thin:system_id_missing,Cost Takeout,data_thin:renewal_or_gate_date_missing,MET-0087,Operational KPI delta
skyharbor-air,Airline Demo,v6.0,spend_value,BEN-00095,spend_value record,v4_synthetic_pack,CFO Office,synthetic_demo,family-7-outcome-intelligence/O04_benefits-realization.csv,96,2026-06-18,2026-01-01,2026-06-18,static_snapshot,medium,synthetic_demo,confidential,Tower|Intelligence,budget|actual|forecast|proxy_value|gap,roi_without_value_basis|bare_amount_without_entity_period_type,data_thin:vendor_id_missing|data_thin:system_id_missing|data_thin:renewal_or_gate_date_missing,2026-06-28T00:00:00Z,2026-06-28T00:00:00Z,BEN-00095,0.5,Risk Reduction,CFO Office,INIT-0038,data_thin:vendor_id_missing,data_thin:system_id_missing,Risk Reduction,data_thin:renewal_or_gate_date_missing,MET-0046,System telemetry
skyharbor-air,Airline Demo,v6.0,spend_value,BEN-00096,spend_value record,v4_synthetic_pack,Transformation Office,synthetic_demo,family-7-outcome-intelligence/O04_benefits-realization.csv,97,2026-06-18,2026-01-01,2026-06-18,static_snapshot,medium,synthetic_demo,confidential,Tower|Intelligence,budget|actual|forecast|proxy_value|gap,roi_without_value_basis|bare_amount_without_entity_period_type,data_thin:vendor_id_missing|data_thin:system_id_missing|data_thin:renewal_or_gate_date_missing,2026-06-28T00:00:00Z,2026-06-28T00:00:00Z,BEN-00096,105.9,Cost Takeout,Transformation Office,INIT-0038,data_thin:vendor_id_missing,data_thin:system_id_missing,Cost Takeout,data_thin:renewal_or_gate_date_missing,MET-0145,Finance-validated
skyharbor-air,Airline Demo,v6.0,spend_value,BEN-00097,spend_value record,v4_synthetic_pack,Ops Excellence,synthetic_demo,family-7-outcome-intelligence/O04_benefits-realization.csv,98,2026-06-18,2026-01-01,2026-06-18,static_snapshot,medium,synthetic_demo,confidential,Tower|Intelligence,budget|actual|forecast|proxy_value|gap,roi_without_value_basis|bare_amount_without_entity_period_type,data_thin:vendor_id_missing|data_thin:system_id_missing|data_thin:renewal_or_gate_date_missing,2026-06-28T00:00:00Z,2026-06-28T00:00:00Z,BEN-00097,27.4,Compliance,Ops Excellence,INIT-0038,data_thin:vendor_id_missing,data_thin:system_id_missing,Compliance,data_thin:renewal_or_gate_date_missing,MET-0049,Survey-based
skyharbor-air,Airline Demo,v6.0,spend_value,BEN-00098,spend_value record,v4_synthetic_pack,Ops Excellence,synthetic_demo,family-7-outcome-intelligence/O04_benefits-realization.csv,99,2026-06-18,2026-01-01,2026-06-18,static_snapshot,medium,synthetic_demo,confidential,Tower|Intelligence,budget|actual|forecast|proxy_value|gap,roi_without_value_basis|bare_amount_without_entity_period_type,data_thin:vendor_id_missing|data_thin:system_id_missing|data_thin:renewal_or_gate_date_missing,2026-06-28T00:00:00Z,2026-06-28T00:00:00Z,BEN-00098,149.6,Compliance,Ops Excellence,INIT-0039,data_thin:vendor_id_missing,data_thin:system_id_missing,Compliance,data_thin:renewal_or_gate_date_missing,MET-0040,Survey-based
skyharbor-air,Airline Demo,v6.0,spend_value,BEN-00099,spend_value record,v4_synthetic_pack,CFO Office,synthetic_demo,family-7-outcome-intelligence/O04_benefits-realization.csv,100,2026-06-18,2026-01-01,2026-06-18,static_snapshot,medium,synthetic_demo,confidential,Tower|Intelligence,budget|actual|forecast|proxy_value|gap,roi_without_value_basis|bare_amount_without_entity_period_type,data_thin:vendor_id_missing|data_thin:system_id_missing|data_thin:renewal_or_gate_date_missing,2026-06-28T00:00:00Z,2026-06-28T00:00:00Z,BEN-00099,16.2,Productivity,CFO Office,INIT-0039,data_thin:vendor_id_missing,data_thin:system_id_missing,Productivity,data_thin:renewal_or_gate_date_missing,MET-0026,Modelled estimate
skyharbor-air,Airline Demo,v6.0,spend_value,BEN-00100,spend_value record,v4_synthetic_pack,Ops Excellence,synthetic_demo,family-7-outcome-intelligence/O04_benefits-realization.csv,101,2026-06-18,2026-01-01,2026-06-18,static_snapshot,medium,synthetic_demo,confidential,Tower|Intelligence,budget|actual|forecast|proxy_value|gap,roi_without_value_basis|bare_amount_without_entity_period_type,data_thin:vendor_id_missing|data_thin:system_id_missing|data_thin:renewal_or_gate_date_missing,2026-06-28T00:00:00Z,2026-06-28T00:00:00Z,BEN-00100,60.8,Risk Reduction,Ops Excellence,INIT-0039,data_thin:vendor_id_missing,data_thin:system_id_missing,Risk Reduction,data_thin:renewal_or_gate_date_missing,MET-0107,Operational KPI delta
skyharbor-air,Airline Demo,v6.0,spend_value,BEN-00101,spend_value record,v4_synthetic_pack,CFO Office,synthetic_demo,family-7-outcome-intelligence/O04_benefits-realization.csv,102,2026-06-18,2026-01-01,2026-06-18,static_snapshot,medium,synthetic_demo,confidential,Tower|Intelligence,budget|actual|forecast|proxy_value|gap,roi_without_value_basis|bare_amount_without_entity_period_type,data_thin:vendor_id_missing|data_thin:system_id_missing|data_thin:renewal_or_gate_date_missing,2026-06-28T00:00:00Z,2026-06-28T00:00:00Z,BEN-00101,18.7,Compliance,CFO Office,INIT-0040,data_thin:vendor_id_missing,data_thin:system_id_missing,Compliance,data_thin:renewal_or_gate_date_missing,MET-0031,Audit confirmation
skyharbor-air,Airline Demo,v6.0,spend_value,BEN-00102,spend_value record,v4_synthetic_pack,CFO Office,synthetic_demo,family-7-outcome-intelligence/O04_benefits-realization.csv,103,2026-06-18,2026-01-01,2026-06-18,static_snapshot,medium,synthetic_demo,confidential,Tower|Intelligence,budget|actual|forecast|proxy_value|gap,roi_without_value_basis|bare_amount_without_entity_period_type,data_thin:vendor_id_missing|data_thin:system_id_missing|data_thin:renewal_or_gate_date_missing,2026-06-28T00:00:00Z,2026-06-28T00:00:00Z,BEN-00102,50.9,Revenue,CFO Office,INIT-0040,data_thin:vendor_id_missing,data_thin:system_id_missing,Revenue,data_thin:renewal_or_gate_date_missing,MET-0124,Operational KPI delta
skyharbor-air,Airline Demo,v6.0,spend_value,BEN-00103,spend_value record,v4_synthetic_pack,Transformation Office,synthetic_demo,family-7-outcome-intelligence/O04_benefits-realization.csv,104,2026-06-18,2026-01-01,2026-06-18,static_snapshot,medium,synthetic_demo,confidential,Tower|Intelligence,budget|actual|forecast|proxy_value|gap,roi_without_value_basis|bare_amount_without_entity_period_type,data_thin:vendor_id_missing|data_thin:system_id_missing|data_thin:renewal_or_gate_date_missing,2026-06-28T00:00:00Z,2026-06-28T00:00:00Z,BEN-00103,61.5,Revenue,Transformation Office,INIT-0040,data_thin:vendor_id_missing,data_thin:system_id_missing,Revenue,data_thin:renewal_or_gate_date_missing,MET-0050,Audit confirmation
skyharbor-air,Airline Demo,v6.0,spend_value,BEN-00104,spend_value record,v4_synthetic_pack,Ops Excellence,synthetic_demo,family-7-outcome-intelligence/O04_benefits-realization.csv,105,2026-06-18,2026-01-01,2026-06-18,static_snapshot,medium,synthetic_demo,confidential,Tower|Intelligence,budget|actual|forecast|proxy_value|gap,roi_without_value_basis|bare_amount_without_entity_period_type,data_thin:vendor_id_missing|data_thin:system_id_missing|data_thin:renewal_or_gate_date_missing,2026-06-28T00:00:00Z,2026-06-28T00:00:00Z,BEN-00104,38.3,Cost Takeout,Ops Excellence,INIT-0041,data_thin:vendor_id_missing,data_thin:system_id_missing,Cost Takeout,data_thin:renewal_or_gate_date_missing,MET-0128,Operational KPI delta
skyharbor-air,Airline Demo,v6.0,spend_value,BEN-00105,spend_value record,v4_synthetic_pack,CFO Office,synthetic_demo,family-7-outcome-intelligence/O04_benefits-realization.csv,106,2026-06-18,2026-01-01,2026-06-18,static_snapshot,medium,synthetic_demo,confidential,Tower|Intelligence,budget|actual|forecast|proxy_value|gap,roi_without_value_basis|bare_amount_without_entity_period_type,data_thin:vendor_id_missing|data_thin:system_id_missing|data_thin:renewal_or_gate_date_missing,2026-06-28T00:00:00Z,2026-06-28T00:00:00Z,BEN-00105,101.5,Productivity,CFO Office,INIT-0041,data_thin:vendor_id_missing,data_thin:system_id_missing,Productivity,data_thin:renewal_or_gate_date_missing,MET-0170,Finance-validated
skyharbor-air,Airline Demo,v6.0,spend_value,BEN-00106,spend_value record,v4_synthetic_pack,Transformation Office,synthetic_demo,family-7-outcome-intelligence/O04_benefits-realization.csv,107,2026-06-18,2026-01-01,2026-06-18,static_snapshot,medium,synthetic_demo,confidential,Tower|Intelligence,budget|actual|forecast|proxy_value|gap,roi_without_value_basis|bare_amount_without_entity_period_type,data_thin:vendor_id_missing|data_thin:system_id_missing|data_thin:renewal_or_gate_date_missing,2026-06-28T00:00:00Z,2026-06-28T00:00:00Z,BEN-00106,38.4,Productivity,Transformation Office,INIT-0041,data_thin:vendor_id_missing,data_thin:system_id_missing,Productivity,data_thin:renewal_or_gate_date_missing,MET-0171,Finance-validated
skyharbor-air,Airline Demo,v6.0,spend_value,BEN-00107,spend_value record,v4_synthetic_pack,Transformation Office,synthetic_demo,family-7-outcome-intelligence/O04_benefits-realization.csv,108,2026-06-18,2026-01-01,2026-06-18,static_snapshot,medium,synthetic_demo,confidential,Tower|Intelligence,budget|actual|forecast|proxy_value|gap,roi_without_value_basis|bare_amount_without_entity_period_type,data_thin:vendor_id_missing|data_thin:system_id_missing|data_thin:renewal_or_gate_date_missing,2026-06-28T00:00:00Z,2026-06-28T00:00:00Z,BEN-00107,4.4,Productivity,Transformation Office,INIT-0042,data_thin:vendor_id_missing,data_thin:system_id_missing,Productivity,data_thin:renewal_or_gate_date_missing,MET-0078,System telemetry
skyharbor-air,Airline Demo,v6.0,spend_value,BEN-00108,spend_value record,v4_synthetic_pack,BU Finance,synthetic_demo,family-7-outcome-intelligence/O04_benefits-realization.csv,109,2026-06-18,2026-01-01,2026-06-18,static_snapshot,medium,synthetic_demo,confidential,Tower|Intelligence,budget|actual|forecast|proxy_value|gap,roi_without_value_basis|bare_amount_without_entity_period_type,data_thin:vendor_id_missing|data_thin:system_id_missing|data_thin:renewal_or_gate_date_missing,2026-06-28T00:00:00Z,2026-06-28T00:00:00Z,BEN-00108,138.8,Revenue,BU Finance,INIT-0042,data_thin:vendor_id_missing,data_thin:system_id_missing,Revenue,data_thin:renewal_or_gate_date_missing,MET-0098,Modelled estimate
skyharbor-air,Airline Demo,v6.0,spend_value,BEN-00109,spend_value record,v4_synthetic_pack,Transformation Office,synthetic_demo,family-7-outcome-intelligence/O04_benefits-realization.csv,110,2026-06-18,2026-01-01,2026-06-18,static_snapshot,medium,synthetic_demo,confidential,Tower|Intelligence,budget|actual|forecast|proxy_value|gap,roi_without_value_basis|bare_amount_without_entity_period_type,data_thin:vendor_id_missing|data_thin:system_id_missing|data_thin:renewal_or_gate_date_missing,2026-06-28T00:00:00Z,2026-06-28T00:00:00Z,BEN-00109,86.5,Risk Reduction,Transformation Office,INIT-0042,data_thin:vendor_id_missing,data_thin:system_id_missing,Risk Reduction,data_thin:renewal_or_gate_date_missing,MET-0167,Operational KPI delta
skyharbor-air,Airline Demo,v6.0,spend_value,BEN-00110,spend_value record,v4_synthetic_pack,CFO Office,synthetic_demo,family-7-outcome-intelligence/O04_benefits-realization.csv,111,2026-06-18,2026-01-01,2026-06-18,static_snapshot,medium,synthetic_demo,confidential,Tower|Intelligence,budget|actual|forecast|proxy_value|gap,roi_without_value_basis|bare_amount_without_entity_period_type,data_thin:vendor_id_missing|data_thin:system_id_missing|data_thin:renewal_or_gate_date_missing,2026-06-28T00:00:00Z,2026-06-28T00:00:00Z,BEN-00110,44.5,Productivity,CFO Office,INIT-0043,data_thin:vendor_id_missing,data_thin:system_id_missing,Productivity,data_thin:renewal_or_gate_date_missing,MET-0121,Finance-validated
skyharbor-air,Airline Demo,v6.0,spend_value,BEN-00111,spend_value record,v4_synthetic_pack,Ops Excellence,synthetic_demo,family-7-outcome-intelligence/O04_benefits-realization.csv,112,2026-06-18,2026-01-01,2026-06-18,static_snapshot,medium,synthetic_demo,confidential,Tower|Intelligence,budget|actual|forecast|proxy_value|gap,roi_without_value_basis|bare_amount_without_entity_period_type,data_thin:vendor_id_missing|data_thin:system_id_missing|data_thin:renewal_or_gate_date_missing,2026-06-28T00:00:00Z,2026-06-28T00:00:00Z,BEN-00111,84.5,Risk Reduction,Ops Excellence,INIT-0043,data_thin:vendor_id_missing,data_thin:system_id_missing,Risk Reduction,data_thin:renewal_or_gate_date_missing,MET-0048,System telemetry
skyharbor-air,Airline Demo,v6.0,spend_value,BEN-00112,spend_value record,v4_synthetic_pack,Transformation Office,synthetic_demo,family-7-outcome-intelligence/O04_benefits-realization.csv,113,2026-06-18,2026-01-01,2026-06-18,static_snapshot,medium,synthetic_demo,confidential,Tower|Intelligence,budget|actual|forecast|proxy_value|gap,roi_without_value_basis|bare_amount_without_entity_period_type,data_thin:vendor_id_missing|data_thin:system_id_missing|data_thin:renewal_or_gate_date_missing,2026-06-28T00:00:00Z,2026-06-28T00:00:00Z,BEN-00112,21.9,Revenue,Transformation Office,INIT-0043,data_thin:vendor_id_missing,data_thin:system_id_missing,Revenue,data_thin:renewal_or_gate_date_missing,MET-0062,Modelled estimate
skyharbor-air,Airline Demo,v6.0,spend_value,BEN-00113,spend_value record,v4_synthetic_pack,Transformation Office,synthetic_demo,family-7-outcome-intelligence/O04_benefits-realization.csv,114,2026-06-18,2026-01-01,2026-06-18,static_snapshot,medium,synthetic_demo,confidential,Tower|Intelligence,budget|actual|forecast|proxy_value|gap,roi_without_value_basis|bare_amount_without_entity_period_type,data_thin:vendor_id_missing|data_thin:system_id_missing|data_thin:renewal_or_gate_date_missing,2026-06-28T00:00:00Z,2026-06-28T00:00:00Z,BEN-00113,115.9,Risk Reduction,Transformation Office,INIT-0044,data_thin:vendor_id_missing,data_thin:system_id_missing,Risk Reduction,data_thin:renewal_or_gate_date_missing,MET-0138,Operational KPI delta
skyharbor-air,Airline Demo,v6.0,spend_value,BEN-00114,spend_value record,v4_synthetic_pack,Ops Excellence,synthetic_demo,family-7-outcome-intelligence/O04_benefits-realization.csv,115,2026-06-18,2026-01-01,2026-06-18,static_snapshot,medium,synthetic_demo,confidential,Tower|Intelligence,budget|actual|forecast|proxy_value|gap,roi_without_value_basis|bare_amount_without_entity_period_type,data_thin:vendor_id_missing|data_thin:system_id_missing|data_thin:renewal_or_gate_date_missing,2026-06-28T00:00:00Z,2026-06-28T00:00:00Z,BEN-00114,51.2,Revenue,Ops Excellence,INIT-0044,data_thin:vendor_id_missing,data_thin:system_id_missing,Revenue,data_thin:renewal_or_gate_date_missing,MET-0172,Survey-based
skyharbor-air,Airline Demo,v6.0,spend_value,BEN-00115,spend_value record,v4_synthetic_pack,Transformation Office,synthetic_demo,family-7-outcome-intelligence/O04_benefits-realization.csv,116,2026-06-18,2026-01-01,2026-06-18,static_snapshot,medium,synthetic_demo,confidential,Tower|Intelligence,budget|actual|forecast|proxy_value|gap,roi_without_value_basis|bare_amount_without_entity_period_type,data_thin:vendor_id_missing|data_thin:system_id_missing|data_thin:renewal_or_gate_date_missing,2026-06-28T00:00:00Z,2026-06-28T00:00:00Z,BEN-00115,75.1,Productivity,Transformation Office,INIT-0044,data_thin:vendor_id_missing,data_thin:system_id_missing,Productivity,data_thin:renewal_or_gate_date_missing,MET-0015,System telemetry
skyharbor-air,Airline Demo,v6.0,spend_value,BEN-00116,spend_value record,v4_synthetic_pack,BU Finance,synthetic_demo,family-7-outcome-intelligence/O04_benefits-realization.csv,117,2026-06-18,2026-01-01,2026-06-18,static_snapshot,medium,synthetic_demo,confidential,Tower|Intelligence,budget|actual|forecast|proxy_value|gap,roi_without_value_basis|bare_amount_without_entity_period_type,data_thin:vendor_id_missing|data_thin:system_id_missing|data_thin:renewal_or_gate_date_missing,2026-06-28T00:00:00Z,2026-06-28T00:00:00Z,BEN-00116,35,Revenue,BU Finance,INIT-0045,data_thin:vendor_id_missing,data_thin:system_id_missing,Revenue,data_thin:renewal_or_gate_date_missing,MET-0019,Survey-based
skyharbor-air,Airline Demo,v6.0,spend_value,BEN-00117,spend_value record,v4_synthetic_pack,CFO Office,synthetic_demo,family-7-outcome-intelligence/O04_benefits-realization.csv,118,2026-06-18,2026-01-01,2026-06-18,static_snapshot,medium,synthetic_demo,confidential,Tower|Intelligence,budget|actual|forecast|proxy_value|gap,roi_without_value_basis|bare_amount_without_entity_period_type,data_thin:vendor_id_missing|data_thin:system_id_missing|data_thin:renewal_or_gate_date_missing,2026-06-28T00:00:00Z,2026-06-28T00:00:00Z,BEN-00117,54.2,Compliance,CFO Office,INIT-0045,data_thin:vendor_id_missing,data_thin:system_id_missing,Compliance,data_thin:renewal_or_gate_date_missing,MET-0129,Modelled estimate
skyharbor-air,Airline Demo,v6.0,spend_value,BEN-00118,spend_value record,v4_synthetic_pack,Transformation Office,synthetic_demo,family-7-outcome-intelligence/O04_benefits-realization.csv,119,2026-06-18,2026-01-01,2026-06-18,static_snapshot,medium,synthetic_demo,confidential,Tower|Intelligence,budget|actual|forecast|proxy_value|gap,roi_without_value_basis|bare_amount_without_entity_period_type,data_thin:vendor_id_missing|data_thin:system_id_missing|data_thin:renewal_or_gate_date_missing,2026-06-28T00:00:00Z,2026-06-28T00:00:00Z,BEN-00118,78.3,Revenue,Transformation Office,INIT-0046,data_thin:vendor_id_missing,data_thin:system_id_missing,Revenue,data_thin:renewal_or_gate_date_missing,MET-0095,Modelled estimate
skyharbor-air,Airline Demo,v6.0,spend_value,BEN-00119,spend_value record,v4_synthetic_pack,Ops Excellence,synthetic_demo,family-7-outcome-intelligence/O04_benefits-realization.csv,120,2026-06-18,2026-01-01,2026-06-18,static_snapshot,medium,synthetic_demo,confidential,Tower|Intelligence,budget|actual|forecast|proxy_value|gap,roi_without_value_basis|bare_amount_without_entity_period_type,data_thin:vendor_id_missing|data_thin:system_id_missing|data_thin:renewal_or_gate_date_missing,2026-06-28T00:00:00Z,2026-06-28T00:00:00Z,BEN-00119,16.1,Risk Reduction,Ops Excellence,INIT-0046,data_thin:vendor_id_missing,data_thin:system_id_missing,Risk Reduction,data_thin:renewal_or_gate_date_missing,MET-0108,System telemetry
skyharbor-air,Airline Demo,v6.0,spend_value,BEN-00120,spend_value record,v4_synthetic_pack,BU Finance,synthetic_demo,family-7-outcome-intelligence/O04_benefits-realization.csv,121,2026-06-18,2026-01-01,2026-06-18,static_snapshot,medium,synthetic_demo,confidential,Tower|Intelligence,budget|actual|forecast|proxy_value|gap,roi_without_value_basis|bare_amount_without_entity_period_type,data_thin:vendor_id_missing|data_thin:system_id_missing|data_thin:renewal_or_gate_date_missing,2026-06-28T00:00:00Z,2026-06-28T00:00:00Z,BEN-00120,42.7,Productivity,BU Finance,INIT-0047,data_thin:vendor_id_missing,data_thin:system_id_missing,Productivity,data_thin:renewal_or_gate_date_missing,MET-0067,Modelled estimate
skyharbor-air,Airline Demo,v6.0,spend_value,BEN-00121,spend_value record,v4_synthetic_pack,BU Finance,synthetic_demo,family-7-outcome-intelligence/O04_benefits-realization.csv,122,2026-06-18,2026-01-01,2026-06-18,static_snapshot,medium,synthetic_demo,confidential,Tower|Intelligence,budget|actual|forecast|proxy_value|gap,roi_without_value_basis|bare_amount_without_entity_period_type,data_thin:vendor_id_missing|data_thin:system_id_missing|data_thin:renewal_or_gate_date_missing,2026-06-28T00:00:00Z,2026-06-28T00:00:00Z,BEN-00121,18.5,Revenue,BU Finance,INIT-0047,data_thin:vendor_id_missing,data_thin:system_id_missing,Revenue,data_thin:renewal_or_gate_date_missing,MET-0156,Finance-validated
skyharbor-air,Airline Demo,v6.0,spend_value,BEN-00122,spend_value record,v4_synthetic_pack,Transformation Office,synthetic_demo,family-7-outcome-intelligence/O04_benefits-realization.csv,123,2026-06-18,2026-01-01,2026-06-18,static_snapshot,medium,synthetic_demo,confidential,Tower|Intelligence,budget|actual|forecast|proxy_value|gap,roi_without_value_basis|bare_amount_without_entity_period_type,data_thin:vendor_id_missing|data_thin:system_id_missing|data_thin:renewal_or_gate_date_missing,2026-06-28T00:00:00Z,2026-06-28T00:00:00Z,BEN-00122,47.8,Compliance,Transformation Office,INIT-0048,data_thin:vendor_id_missing,data_thin:system_id_missing,Compliance,data_thin:renewal_or_gate_date_missing,MET-0169,Survey-based
skyharbor-air,Airline Demo,v6.0,spend_value,BEN-00123,spend_value record,v4_synthetic_pack,Ops Excellence,synthetic_demo,family-7-outcome-intelligence/O04_benefits-realization.csv,124,2026-06-18,2026-01-01,2026-06-18,static_snapshot,medium,synthetic_demo,confidential,Tower|Intelligence,budget|actual|forecast|proxy_value|gap,roi_without_value_basis|bare_amount_without_entity_period_type,data_thin:vendor_id_missing|data_thin:system_id_missing|data_thin:renewal_or_gate_date_missing,2026-06-28T00:00:00Z,2026-06-28T00:00:00Z,BEN-00123,130.4,Revenue,Ops Excellence,INIT-0048,data_thin:vendor_id_missing,data_thin:system_id_missing,Revenue,data_thin:renewal_or_gate_date_missing,MET-0127,Finance-validated
skyharbor-air,Airline Demo,v6.0,spend_value,BEN-00124,spend_value record,v4_synthetic_pack,Ops Excellence,synthetic_demo,family-7-outcome-intelligence/O04_benefits-realization.csv,125,2026-06-18,2026-01-01,2026-06-18,static_snapshot,medium,synthetic_demo,confidential,Tower|Intelligence,budget|actual|forecast|proxy_value|gap,roi_without_value_basis|bare_amount_without_entity_period_type,data_thin:vendor_id_missing|data_thin:system_id_missing|data_thin:renewal_or_gate_date_missing,2026-06-28T00:00:00Z,2026-06-28T00:00:00Z,BEN-00124,62,Risk Reduction,Ops Excellence,INIT-0049,data_thin:vendor_id_missing,data_thin:system_id_missing,Risk Reduction,data_thin:renewal_or_gate_date_missing,MET-0058,Operational KPI delta
skyharbor-air,Airline Demo,v6.0,spend_value,BEN-00125,spend_value record,v4_synthetic_pack,BU Finance,synthetic_demo,family-7-outcome-intelligence/O04_benefits-realization.csv,126,2026-06-18,2026-01-01,2026-06-18,static_snapshot,medium,synthetic_demo,confidential,Tower|Intelligence,budget|actual|forecast|proxy_value|gap,roi_without_value_basis|bare_amount_without_entity_period_type,data_thin:vendor_id_missing|data_thin:system_id_missing|data_thin:renewal_or_gate_date_missing,2026-06-28T00:00:00Z,2026-06-28T00:00:00Z,BEN-00125,7.1,Revenue,BU Finance,INIT-0049,data_thin:vendor_id_missing,data_thin:system_id_missing,Revenue,data_thin:renewal_or_gate_date_missing,MET-0148,Modelled estimate
skyharbor-air,Airline Demo,v6.0,spend_value,BEN-00126,spend_value record,v4_synthetic_pack,BU Finance,synthetic_demo,family-7-outcome-intelligence/O04_benefits-realization.csv,127,2026-06-18,2026-01-01,2026-06-18,static_snapshot,medium,synthetic_demo,confidential,Tower|Intelligence,budget|actual|forecast|proxy_value|gap,roi_without_value_basis|bare_amount_without_entity_period_type,data_thin:vendor_id_missing|data_thin:system_id_missing|data_thin:renewal_or_gate_date_missing,2026-06-28T00:00:00Z,2026-06-28T00:00:00Z,BEN-00126,14.2,Compliance,BU Finance,INIT-0050,data_thin:vendor_id_missing,data_thin:system_id_missing,Compliance,data_thin:renewal_or_gate_date_missing,MET-0076,Modelled estimate
skyharbor-air,Airline Demo,v6.0,spend_value,BEN-00127,spend_value record,v4_synthetic_pack,Transformation Office,synthetic_demo,family-7-outcome-intelligence/O04_benefits-realization.csv,128,2026-06-18,2026-01-01,2026-06-18,static_snapshot,medium,synthetic_demo,confidential,Tower|Intelligence,budget|actual|forecast|proxy_value|gap,roi_without_value_basis|bare_amount_without_entity_period_type,data_thin:vendor_id_missing|data_thin:system_id_missing|data_thin:renewal_or_gate_date_missing,2026-06-28T00:00:00Z,2026-06-28T00:00:00Z,BEN-00127,24.2,Productivity,Transformation Office,INIT-0050,data_thin:vendor_id_missing,data_thin:system_id_missing,Productivity,data_thin:renewal_or_gate_date_missing,MET-0155,System telemetry
skyharbor-air,Airline Demo,v6.0,spend_value,BEN-00128,spend_value record,v4_synthetic_pack,CFO Office,synthetic_demo,family-7-outcome-intelligence/O04_benefits-realization.csv,129,2026-06-18,2026-01-01,2026-06-18,static_snapshot,medium,synthetic_demo,confidential,Tower|Intelligence,budget|actual|forecast|proxy_value|gap,roi_without_value_basis|bare_amount_without_entity_period_type,data_thin:vendor_id_missing|data_thin:system_id_missing|data_thin:renewal_or_gate_date_missing,2026-06-28T00:00:00Z,2026-06-28T00:00:00Z,BEN-00128,2.2,Revenue,CFO Office,INIT-0050,data_thin:vendor_id_missing,data_thin:system_id_missing,Revenue,data_thin:renewal_or_gate_date_missing,MET-0059,System telemetry
skyharbor-air,Airline Demo,v6.0,spend_value,BEN-00129,spend_value record,v4_synthetic_pack,Ops Excellence,synthetic_demo,family-7-outcome-intelligence/O04_benefits-realization.csv,130,2026-06-18,2026-01-01,2026-06-18,static_snapshot,medium,synthetic_demo,confidential,Tower|Intelligence,budget|actual|forecast|proxy_value|gap,roi_without_value_basis|bare_amount_without_entity_period_type,data_thin:vendor_id_missing|data_thin:system_id_missing|data_thin:renewal_or_gate_date_missing,2026-06-28T00:00:00Z,2026-06-28T00:00:00Z,BEN-00129,53.1,Productivity,Ops Excellence,INIT-0051,data_thin:vendor_id_missing,data_thin:system_id_missing,Productivity,data_thin:renewal_or_gate_date_missing,MET-0012,Operational KPI delta
skyharbor-air,Airline Demo,v6.0,spend_value,BEN-00130,spend_value record,v4_synthetic_pack,Transformation Office,synthetic_demo,family-7-outcome-intelligence/O04_benefits-realization.csv,131,2026-06-18,2026-01-01,2026-06-18,static_snapshot,medium,synthetic_demo,confidential,Tower|Intelligence,budget|actual|forecast|proxy_value|gap,roi_without_value_basis|bare_amount_without_entity_period_type,data_thin:vendor_id_missing|data_thin:system_id_missing|data_thin:renewal_or_gate_date_missing,2026-06-28T00:00:00Z,2026-06-28T00:00:00Z,BEN-00130,47.8,Compliance,Transformation Office,INIT-0051,data_thin:vendor_id_missing,data_thin:system_id_missing,Compliance,data_thin:renewal_or_gate_date_missing,MET-0137,Audit confirmation
skyharbor-air,Airline Demo,v6.0,spend_value,BEN-00131,spend_value record,v4_synthetic_pack,Ops Excellence,synthetic_demo,family-7-outcome-intelligence/O04_benefits-realization.csv,132,2026-06-18,2026-01-01,2026-06-18,static_snapshot,medium,synthetic_demo,confidential,Tower|Intelligence,budget|actual|forecast|proxy_value|gap,roi_without_value_basis|bare_amount_without_entity_period_type,data_thin:vendor_id_missing|data_thin:system_id_missing|data_thin:renewal_or_gate_date_missing,2026-06-28T00:00:00Z,2026-06-28T00:00:00Z,BEN-00131,117.1,Compliance,Ops Excellence,INIT-0051,data_thin:vendor_id_missing,data_thin:system_id_missing,Compliance,data_thin:renewal_or_gate_date_missing,MET-0067,Modelled estimate
skyharbor-air,Airline Demo,v6.0,spend_value,BEN-00132,spend_value record,v4_synthetic_pack,Transformation Office,synthetic_demo,family-7-outcome-intelligence/O04_benefits-realization.csv,133,2026-06-18,2026-01-01,2026-06-18,static_snapshot,medium,synthetic_demo,confidential,Tower|Intelligence,budget|actual|forecast|proxy_value|gap,roi_without_value_basis|bare_amount_without_entity_period_type,data_thin:vendor_id_missing|data_thin:system_id_missing|data_thin:renewal_or_gate_date_missing,2026-06-28T00:00:00Z,2026-06-28T00:00:00Z,BEN-00132,73.4,Risk Reduction,Transformation Office,INIT-0052,data_thin:vendor_id_missing,data_thin:system_id_missing,Risk Reduction,data_thin:renewal_or_gate_date_missing,MET-0022,Finance-validated
skyharbor-air,Airline Demo,v6.0,spend_value,BEN-00133,spend_value record,v4_synthetic_pack,CFO Office,synthetic_demo,family-7-outcome-intelligence/O04_benefits-realization.csv,134,2026-06-18,2026-01-01,2026-06-18,static_snapshot,medium,synthetic_demo,confidential,Tower|Intelligence,budget|actual|forecast|proxy_value|gap,roi_without_value_basis|bare_amount_without_entity_period_type,data_thin:vendor_id_missing|data_thin:system_id_missing|data_thin:renewal_or_gate_date_missing,2026-06-28T00:00:00Z,2026-06-28T00:00:00Z,BEN-00133,9.6,Risk Reduction,CFO Office,INIT-0052,data_thin:vendor_id_missing,data_thin:system_id_missing,Risk Reduction,data_thin:renewal_or_gate_date_missing,MET-0116,Modelled estimate
skyharbor-air,Airline Demo,v6.0,spend_value,BEN-00134,spend_value record,v4_synthetic_pack,Ops Excellence,synthetic_demo,family-7-outcome-intelligence/O04_benefits-realization.csv,135,2026-06-18,2026-01-01,2026-06-18,static_snapshot,medium,synthetic_demo,confidential,Tower|Intelligence,budget|actual|forecast|proxy_value|gap,roi_without_value_basis|bare_amount_without_entity_period_type,data_thin:vendor_id_missing|data_thin:system_id_missing|data_thin:renewal_or_gate_date_missing,2026-06-28T00:00:00Z,2026-06-28T00:00:00Z,BEN-00134,13.5,Cost Takeout,Ops Excellence,INIT-0053,data_thin:vendor_id_missing,data_thin:system_id_missing,Cost Takeout,data_thin:renewal_or_gate_date_missing,MET-0080,Audit confirmation
skyharbor-air,Airline Demo,v6.0,spend_value,BEN-00135,spend_value record,v4_synthetic_pack,Transformation Office,synthetic_demo,family-7-outcome-intelligence/O04_benefits-realization.csv,136,2026-06-18,2026-01-01,2026-06-18,static_snapshot,medium,synthetic_demo,confidential,Tower|Intelligence,budget|actual|forecast|proxy_value|gap,roi_without_value_basis|bare_amount_without_entity_period_type,data_thin:vendor_id_missing|data_thin:system_id_missing|data_thin:renewal_or_gate_date_missing,2026-06-28T00:00:00Z,2026-06-28T00:00:00Z,BEN-00135,11.7,Productivity,Transformation Office,INIT-0053,data_thin:vendor_id_missing,data_thin:system_id_missing,Productivity,data_thin:renewal_or_gate_date_missing,MET-0028,Operational KPI delta
skyharbor-air,Airline Demo,v6.0,spend_value,BEN-00136,spend_value record,v4_synthetic_pack,Ops Excellence,synthetic_demo,family-7-outcome-intelligence/O04_benefits-realization.csv,137,2026-06-18,2026-01-01,2026-06-18,static_snapshot,medium,synthetic_demo,confidential,Tower|Intelligence,budget|actual|forecast|proxy_value|gap,roi_without_value_basis|bare_amount_without_entity_period_type,data_thin:vendor_id_missing|data_thin:system_id_missing|data_thin:renewal_or_gate_date_missing,2026-06-28T00:00:00Z,2026-06-28T00:00:00Z,BEN-00136,11.2,Revenue,Ops Excellence,INIT-0053,data_thin:vendor_id_missing,data_thin:system_id_missing,Revenue,data_thin:renewal_or_gate_date_missing,MET-0091,Modelled estimate
skyharbor-air,Airline Demo,v6.0,spend_value,BEN-00137,spend_value record,v4_synthetic_pack,BU Finance,synthetic_demo,family-7-outcome-intelligence/O04_benefits-realization.csv,138,2026-06-18,2026-01-01,2026-06-18,static_snapshot,medium,synthetic_demo,confidential,Tower|Intelligence,budget|actual|forecast|proxy_value|gap,roi_without_value_basis|bare_amount_without_entity_period_type,data_thin:vendor_id_missing|data_thin:system_id_missing|data_thin:renewal_or_gate_date_missing,2026-06-28T00:00:00Z,2026-06-28T00:00:00Z,BEN-00137,31.8,Productivity,BU Finance,INIT-0054,data_thin:vendor_id_missing,data_thin:system_id_missing,Productivity,data_thin:renewal_or_gate_date_missing,MET-0101,Operational KPI delta
skyharbor-air,Airline Demo,v6.0,spend_value,BEN-00138,spend_value record,v4_synthetic_pack,BU Finance,synthetic_demo,family-7-outcome-intelligence/O04_benefits-realization.csv,139,2026-06-18,2026-01-01,2026-06-18,static_snapshot,medium,synthetic_demo,confidential,Tower|Intelligence,budget|actual|forecast|proxy_value|gap,roi_without_value_basis|bare_amount_without_entity_period_type,data_thin:vendor_id_missing|data_thin:system_id_missing|data_thin:renewal_or_gate_date_missing,2026-06-28T00:00:00Z,2026-06-28T00:00:00Z,BEN-00138,162.1,Cost Takeout,BU Finance,INIT-0054,data_thin:vendor_id_missing,data_thin:system_id_missing,Cost Takeout,data_thin:renewal_or_gate_date_missing,MET-0045,Audit confirmation
skyharbor-air,Airline Demo,v6.0,spend_value,BEN-00139,spend_value record,v4_synthetic_pack,BU Finance,synthetic_demo,family-7-outcome-intelligence/O04_benefits-realization.csv,140,2026-06-18,2026-01-01,2026-06-18,static_snapshot,medium,synthetic_demo,confidential,Tower|Intelligence,budget|actual|forecast|proxy_value|gap,roi_without_value_basis|bare_amount_without_entity_period_type,data_thin:vendor_id_missing|data_thin:system_id_missing|data_thin:renewal_or_gate_date_missing,2026-06-28T00:00:00Z,2026-06-28T00:00:00Z,BEN-00139,99.5,Risk Reduction,BU Finance,INIT-0055,data_thin:vendor_id_missing,data_thin:system_id_missing,Risk Reduction,data_thin:renewal_or_gate_date_missing,MET-0013,Survey-based
skyharbor-air,Airline Demo,v6.0,spend_value,BEN-00140,spend_value record,v4_synthetic_pack,CFO Office,synthetic_demo,family-7-outcome-intelligence/O04_benefits-realization.csv,141,2026-06-18,2026-01-01,2026-06-18,static_snapshot,medium,synthetic_demo,confidential,Tower|Intelligence,budget|actual|forecast|proxy_value|gap,roi_without_value_basis|bare_amount_without_entity_period_type,data_thin:vendor_id_missing|data_thin:system_id_missing|data_thin:renewal_or_gate_date_missing,2026-06-28T00:00:00Z,2026-06-28T00:00:00Z,BEN-00140,69.6,Cost Takeout,CFO Office,INIT-0055,data_thin:vendor_id_missing,data_thin:system_id_missing,Cost Takeout,data_thin:renewal_or_gate_date_missing,MET-0138,Survey-based
skyharbor-air,Airline Demo,v6.0,spend_value,BEN-00141,spend_value record,v4_synthetic_pack,Ops Excellence,synthetic_demo,family-7-outcome-intelligence/O04_benefits-realization.csv,142,2026-06-18,2026-01-01,2026-06-18,static_snapshot,medium,synthetic_demo,confidential,Tower|Intelligence,budget|actual|forecast|proxy_value|gap,roi_without_value_basis|bare_amount_without_entity_period_type,data_thin:vendor_id_missing|data_thin:system_id_missing|data_thin:renewal_or_gate_date_missing,2026-06-28T00:00:00Z,2026-06-28T00:00:00Z,BEN-00141,30.2,Risk Reduction,Ops Excellence,INIT-0055,data_thin:vendor_id_missing,data_thin:system_id_missing,Risk Reduction,data_thin:renewal_or_gate_date_missing,MET-0044,Survey-based
skyharbor-air,Airline Demo,v6.0,spend_value,BEN-00142,spend_value record,v4_synthetic_pack,BU Finance,synthetic_demo,family-7-outcome-intelligence/O04_benefits-realization.csv,143,2026-06-18,2026-01-01,2026-06-18,static_snapshot,medium,synthetic_demo,confidential,Tower|Intelligence,budget|actual|forecast|proxy_value|gap,roi_without_value_basis|bare_amount_without_entity_period_type,data_thin:vendor_id_missing|data_thin:system_id_missing|data_thin:renewal_or_gate_date_missing,2026-06-28T00:00:00Z,2026-06-28T00:00:00Z,BEN-00142,80.1,Risk Reduction,BU Finance,INIT-0056,data_thin:vendor_id_missing,data_thin:system_id_missing,Risk Reduction,data_thin:renewal_or_gate_date_missing,MET-0149,Finance-validated
skyharbor-air,Airline Demo,v6.0,spend_value,BEN-00143,spend_value record,v4_synthetic_pack,BU Finance,synthetic_demo,family-7-outcome-intelligence/O04_benefits-realization.csv,144,2026-06-18,2026-01-01,2026-06-18,static_snapshot,medium,synthetic_demo,confidential,Tower|Intelligence,budget|actual|forecast|proxy_value|gap,roi_without_value_basis|bare_amount_without_entity_period_type,data_thin:vendor_id_missing|data_thin:system_id_missing|data_thin:renewal_or_gate_date_missing,2026-06-28T00:00:00Z,2026-06-28T00:00:00Z,BEN-00143,156.7,Compliance,BU Finance,INIT-0056,data_thin:vendor_id_missing,data_thin:system_id_missing,Compliance,data_thin:renewal_or_gate_date_missing,MET-0131,Survey-based
skyharbor-air,Airline Demo,v6.0,spend_value,BEN-00144,spend_value record,v4_synthetic_pack,CFO Office,synthetic_demo,family-7-outcome-intelligence/O04_benefits-realization.csv,145,2026-06-18,2026-01-01,2026-06-18,static_snapshot,medium,synthetic_demo,confidential,Tower|Intelligence,budget|actual|forecast|proxy_value|gap,roi_without_value_basis|bare_amount_without_entity_period_type,data_thin:vendor_id_missing|data_thin:system_id_missing|data_thin:renewal_or_gate_date_missing,2026-06-28T00:00:00Z,2026-06-28T00:00:00Z,BEN-00144,53.1,Cost Takeout,CFO Office,INIT-0056,data_thin:vendor_id_missing,data_thin:system_id_missing,Cost Takeout,data_thin:renewal_or_gate_date_missing,MET-0096,System telemetry
skyharbor-air,Airline Demo,v6.0,spend_value,BEN-00145,spend_value record,v4_synthetic_pack,Ops Excellence,synthetic_demo,family-7-outcome-intelligence/O04_benefits-realization.csv,146,2026-06-18,2026-01-01,2026-06-18,static_snapshot,medium,synthetic_demo,confidential,Tower|Intelligence,budget|actual|forecast|proxy_value|gap,roi_without_value_basis|bare_amount_without_entity_period_type,data_thin:vendor_id_missing|data_thin:system_id_missing|data_thin:renewal_or_gate_date_missing,2026-06-28T00:00:00Z,2026-06-28T00:00:00Z,BEN-00145,38.8,Revenue,Ops Excellence,INIT-0057,data_thin:vendor_id_missing,data_thin:system_id_missing,Revenue,data_thin:renewal_or_gate_date_missing,MET-0129,Finance-validated
skyharbor-air,Airline Demo,v6.0,spend_value,BEN-00146,spend_value record,v4_synthetic_pack,Transformation Office,synthetic_demo,family-7-outcome-intelligence/O04_benefits-realization.csv,147,2026-06-18,2026-01-01,2026-06-18,static_snapshot,medium,synthetic_demo,confidential,Tower|Intelligence,budget|actual|forecast|proxy_value|gap,roi_without_value_basis|bare_amount_without_entity_period_type,data_thin:vendor_id_missing|data_thin:system_id_missing|data_thin:renewal_or_gate_date_missing,2026-06-28T00:00:00Z,2026-06-28T00:00:00Z,BEN-00146,7.9,Cost Takeout,Transformation Office,INIT-0057,data_thin:vendor_id_missing,data_thin:system_id_missing,Cost Takeout,data_thin:renewal_or_gate_date_missing,MET-0090,System telemetry
skyharbor-air,Airline Demo,v6.0,spend_value,BEN-00147,spend_value record,v4_synthetic_pack,BU Finance,synthetic_demo,family-7-outcome-intelligence/O04_benefits-realization.csv,148,2026-06-18,2026-01-01,2026-06-18,static_snapshot,medium,synthetic_demo,confidential,Tower|Intelligence,budget|actual|forecast|proxy_value|gap,roi_without_value_basis|bare_amount_without_entity_period_type,data_thin:vendor_id_missing|data_thin:system_id_missing|data_thin:renewal_or_gate_date_missing,2026-06-28T00:00:00Z,2026-06-28T00:00:00Z,BEN-00147,35,Productivity,BU Finance,INIT-0057,data_thin:vendor_id_missing,data_thin:system_id_missing,Productivity,data_thin:renewal_or_gate_date_missing,MET-0058,Audit confirmation
skyharbor-air,Airline Demo,v6.0,spend_value,BEN-00148,spend_value record,v4_synthetic_pack,CFO Office,synthetic_demo,family-7-outcome-intelligence/O04_benefits-realization.csv,149,2026-06-18,2026-01-01,2026-06-18,static_snapshot,medium,synthetic_demo,confidential,Tower|Intelligence,budget|actual|forecast|proxy_value|gap,roi_without_value_basis|bare_amount_without_entity_period_type,data_thin:vendor_id_missing|data_thin:system_id_missing|data_thin:renewal_or_gate_date_missing,2026-06-28T00:00:00Z,2026-06-28T00:00:00Z,BEN-00148,44.8,Cost Takeout,CFO Office,INIT-0058,data_thin:vendor_id_missing,data_thin:system_id_missing,Cost Takeout,data_thin:renewal_or_gate_date_missing,MET-0054,System telemetry
skyharbor-air,Airline Demo,v6.0,spend_value,BEN-00149,spend_value record,v4_synthetic_pack,BU Finance,synthetic_demo,family-7-outcome-intelligence/O04_benefits-realization.csv,150,2026-06-18,2026-01-01,2026-06-18,static_snapshot,medium,synthetic_demo,confidential,Tower|Intelligence,budget|actual|forecast|proxy_value|gap,roi_without_value_basis|bare_amount_without_entity_period_type,data_thin:vendor_id_missing|data_thin:system_id_missing|data_thin:renewal_or_gate_date_missing,2026-06-28T00:00:00Z,2026-06-28T00:00:00Z,BEN-00149,25.5,Cost Takeout,BU Finance,INIT-0058,data_thin:vendor_id_missing,data_thin:system_id_missing,Cost Takeout,data_thin:renewal_or_gate_date_missing,MET-0034,Operational KPI delta
skyharbor-air,Airline Demo,v6.0,spend_value,BEN-00150,spend_value record,v4_synthetic_pack,Transformation Office,synthetic_demo,family-7-outcome-intelligence/O04_benefits-realization.csv,151,2026-06-18,2026-01-01,2026-06-18,static_snapshot,medium,synthetic_demo,confidential,Tower|Intelligence,budget|actual|forecast|proxy_value|gap,roi_without_value_basis|bare_amount_without_entity_period_type,data_thin:vendor_id_missing|data_thin:system_id_missing|data_thin:renewal_or_gate_date_missing,2026-06-28T00:00:00Z,2026-06-28T00:00:00Z,BEN-00150,85.2,Revenue,Transformation Office,INIT-0058,data_thin:vendor_id_missing,data_thin:system_id_missing,Revenue,data_thin:renewal_or_gate_date_missing,MET-0039,Operational KPI delta
skyharbor-air,Airline Demo,v6.0,spend_value,BEN-00151,spend_value record,v4_synthetic_pack,Transformation Office,synthetic_demo,family-7-outcome-intelligence/O04_benefits-realization.csv,152,2026-06-18,2026-01-01,2026-06-18,static_snapshot,medium,synthetic_demo,confidential,Tower|Intelligence,budget|actual|forecast|proxy_value|gap,roi_without_value_basis|bare_amount_without_entity_period_type,data_thin:vendor_id_missing|data_thin:system_id_missing|data_thin:renewal_or_gate_date_missing,2026-06-28T00:00:00Z,2026-06-28T00:00:00Z,BEN-00151,104.6,Compliance,Transformation Office,INIT-0059,data_thin:vendor_id_missing,data_thin:system_id_missing,Compliance,data_thin:renewal_or_gate_date_missing,MET-0007,Modelled estimate
skyharbor-air,Airline Demo,v6.0,spend_value,BEN-00152,spend_value record,v4_synthetic_pack,BU Finance,synthetic_demo,family-7-outcome-intelligence/O04_benefits-realization.csv,153,2026-06-18,2026-01-01,2026-06-18,static_snapshot,medium,synthetic_demo,confidential,Tower|Intelligence,budget|actual|forecast|proxy_value|gap,roi_without_value_basis|bare_amount_without_entity_period_type,data_thin:vendor_id_missing|data_thin:system_id_missing|data_thin:renewal_or_gate_date_missing,2026-06-28T00:00:00Z,2026-06-28T00:00:00Z,BEN-00152,28.1,Revenue,BU Finance,INIT-0059,data_thin:vendor_id_missing,data_thin:system_id_missing,Revenue,data_thin:renewal_or_gate_date_missing,MET-0041,Operational KPI delta
skyharbor-air,Airline Demo,v6.0,spend_value,BEN-00153,spend_value record,v4_synthetic_pack,CFO Office,synthetic_demo,family-7-outcome-intelligence/O04_benefits-realization.csv,154,2026-06-18,2026-01-01,2026-06-18,static_snapshot,medium,synthetic_demo,confidential,Tower|Intelligence,budget|actual|forecast|proxy_value|gap,roi_without_value_basis|bare_amount_without_entity_period_type,data_thin:vendor_id_missing|data_thin:system_id_missing|data_thin:renewal_or_gate_date_missing,2026-06-28T00:00:00Z,2026-06-28T00:00:00Z,BEN-00153,82.5,Productivity,CFO Office,INIT-0060,data_thin:vendor_id_missing,data_thin:system_id_missing,Productivity,data_thin:renewal_or_gate_date_missing,MET-0106,Survey-based
skyharbor-air,Airline Demo,v6.0,spend_value,BEN-00154,spend_value record,v4_synthetic_pack,Ops Excellence,synthetic_demo,family-7-outcome-intelligence/O04_benefits-realization.csv,155,2026-06-18,2026-01-01,2026-06-18,static_snapshot,medium,synthetic_demo,confidential,Tower|Intelligence,budget|actual|forecast|proxy_value|gap,roi_without_value_basis|bare_amount_without_entity_period_type,data_thin:vendor_id_missing|data_thin:system_id_missing|data_thin:renewal_or_gate_date_missing,2026-06-28T00:00:00Z,2026-06-28T00:00:00Z,BEN-00154,105.3,Revenue,Ops Excellence,INIT-0060,data_thin:vendor_id_missing,data_thin:system_id_missing,Revenue,data_thin:renewal_or_gate_date_missing,MET-0082,Audit confirmation
skyharbor-air,Airline Demo,v6.0,spend_value,BEN-00155,spend_value record,v4_synthetic_pack,Ops Excellence,synthetic_demo,family-7-outcome-intelligence/O04_benefits-realization.csv,156,2026-06-18,2026-01-01,2026-06-18,static_snapshot,medium,synthetic_demo,confidential,Tower|Intelligence,budget|actual|forecast|proxy_value|gap,roi_without_value_basis|bare_amount_without_entity_period_type,data_thin:vendor_id_missing|data_thin:system_id_missing|data_thin:renewal_or_gate_date_missing,2026-06-28T00:00:00Z,2026-06-28T00:00:00Z,BEN-00155,133.2,Revenue,Ops Excellence,INIT-0061,data_thin:vendor_id_missing,data_thin:system_id_missing,Revenue,data_thin:renewal_or_gate_date_missing,MET-0175,Modelled estimate
skyharbor-air,Airline Demo,v6.0,spend_value,BEN-00156,spend_value record,v4_synthetic_pack,Transformation Office,synthetic_demo,family-7-outcome-intelligence/O04_benefits-realization.csv,157,2026-06-18,2026-01-01,2026-06-18,static_snapshot,medium,synthetic_demo,confidential,Tower|Intelligence,budget|actual|forecast|proxy_value|gap,roi_without_value_basis|bare_amount_without_entity_period_type,data_thin:vendor_id_missing|data_thin:system_id_missing|data_thin:renewal_or_gate_date_missing,2026-06-28T00:00:00Z,2026-06-28T00:00:00Z,BEN-00156,9.1,Risk Reduction,Transformation Office,INIT-0061,data_thin:vendor_id_missing,data_thin:system_id_missing,Risk Reduction,data_thin:renewal_or_gate_date_missing,MET-0110,Audit confirmation
skyharbor-air,Airline Demo,v6.0,spend_value,BEN-00157,spend_value record,v4_synthetic_pack,BU Finance,synthetic_demo,family-7-outcome-intelligence/O04_benefits-realization.csv,158,2026-06-18,2026-01-01,2026-06-18,static_snapshot,medium,synthetic_demo,confidential,Tower|Intelligence,budget|actual|forecast|proxy_value|gap,roi_without_value_basis|bare_amount_without_entity_period_type,data_thin:vendor_id_missing|data_thin:system_id_missing|data_thin:renewal_or_gate_date_missing,2026-06-28T00:00:00Z,2026-06-28T00:00:00Z,BEN-00157,135.2,Revenue,BU Finance,INIT-0062,data_thin:vendor_id_missing,data_thin:system_id_missing,Revenue,data_thin:renewal_or_gate_date_missing,MET-0093,Audit confirmation
skyharbor-air,Airline Demo,v6.0,spend_value,BEN-00158,spend_value record,v4_synthetic_pack,BU Finance,synthetic_demo,family-7-outcome-intelligence/O04_benefits-realization.csv,159,2026-06-18,2026-01-01,2026-06-18,static_snapshot,medium,synthetic_demo,confidential,Tower|Intelligence,budget|actual|forecast|proxy_value|gap,roi_without_value_basis|bare_amount_without_entity_period_type,data_thin:vendor_id_missing|data_thin:system_id_missing|data_thin:renewal_or_gate_date_missing,2026-06-28T00:00:00Z,2026-06-28T00:00:00Z,BEN-00158,38.9,Compliance,BU Finance,INIT-0062,data_thin:vendor_id_missing,data_thin:system_id_missing,Compliance,data_thin:renewal_or_gate_date_missing,MET-0042,Survey-based
skyharbor-air,Airline Demo,v6.0,spend_value,BEN-00159,spend_value record,v4_synthetic_pack,CFO Office,synthetic_demo,family-7-outcome-intelligence/O04_benefits-realization.csv,160,2026-06-18,2026-01-01,2026-06-18,static_snapshot,medium,synthetic_demo,confidential,Tower|Intelligence,budget|actual|forecast|proxy_value|gap,roi_without_value_basis|bare_amount_without_entity_period_type,data_thin:vendor_id_missing|data_thin:system_id_missing|data_thin:renewal_or_gate_date_missing,2026-06-28T00:00:00Z,2026-06-28T00:00:00Z,BEN-00159,54.9,Compliance,CFO Office,INIT-0063,data_thin:vendor_id_missing,data_thin:system_id_missing,Compliance,data_thin:renewal_or_gate_date_missing,MET-0058,System telemetry
skyharbor-air,Airline Demo,v6.0,spend_value,BEN-00160,spend_value record,v4_synthetic_pack,BU Finance,synthetic_demo,family-7-outcome-intelligence/O04_benefits-realization.csv,161,2026-06-18,2026-01-01,2026-06-18,static_snapshot,medium,synthetic_demo,confidential,Tower|Intelligence,budget|actual|forecast|proxy_value|gap,roi_without_value_basis|bare_amount_without_entity_period_type,data_thin:vendor_id_missing|data_thin:system_id_missing|data_thin:renewal_or_gate_date_missing,2026-06-28T00:00:00Z,2026-06-28T00:00:00Z,BEN-00160,36.7,Compliance,BU Finance,INIT-0063,data_thin:vendor_id_missing,data_thin:system_id_missing,Compliance,data_thin:renewal_or_gate_date_missing,MET-0017,Operational KPI delta
skyharbor-air,Airline Demo,v6.0,spend_value,BEN-00161,spend_value record,v4_synthetic_pack,Transformation Office,synthetic_demo,family-7-outcome-intelligence/O04_benefits-realization.csv,162,2026-06-18,2026-01-01,2026-06-18,static_snapshot,medium,synthetic_demo,confidential,Tower|Intelligence,budget|actual|forecast|proxy_value|gap,roi_without_value_basis|bare_amount_without_entity_period_type,data_thin:vendor_id_missing|data_thin:system_id_missing|data_thin:renewal_or_gate_date_missing,2026-06-28T00:00:00Z,2026-06-28T00:00:00Z,BEN-00161,3.1,Risk Reduction,Transformation Office,INIT-0063,data_thin:vendor_id_missing,data_thin:system_id_missing,Risk Reduction,data_thin:renewal_or_gate_date_missing,MET-0098,Audit confirmation
skyharbor-air,Airline Demo,v6.0,spend_value,BEN-00162,spend_value record,v4_synthetic_pack,CFO Office,synthetic_demo,family-7-outcome-intelligence/O04_benefits-realization.csv,163,2026-06-18,2026-01-01,2026-06-18,static_snapshot,medium,synthetic_demo,confidential,Tower|Intelligence,budget|actual|forecast|proxy_value|gap,roi_without_value_basis|bare_amount_without_entity_period_type,data_thin:vendor_id_missing|data_thin:system_id_missing|data_thin:renewal_or_gate_date_missing,2026-06-28T00:00:00Z,2026-06-28T00:00:00Z,BEN-00162,101,Risk Reduction,CFO Office,INIT-0064,data_thin:vendor_id_missing,data_thin:system_id_missing,Risk Reduction,data_thin:renewal_or_gate_date_missing,MET-0062,Finance-validated
skyharbor-air,Airline Demo,v6.0,spend_value,BEN-00163,spend_value record,v4_synthetic_pack,Ops Excellence,synthetic_demo,family-7-outcome-intelligence/O04_benefits-realization.csv,164,2026-06-18,2026-01-01,2026-06-18,static_snapshot,medium,synthetic_demo,confidential,Tower|Intelligence,budget|actual|forecast|proxy_value|gap,roi_without_value_basis|bare_amount_without_entity_period_type,data_thin:vendor_id_missing|data_thin:system_id_missing|data_thin:renewal_or_gate_date_missing,2026-06-28T00:00:00Z,2026-06-28T00:00:00Z,BEN-00163,112.2,Risk Reduction,Ops Excellence,INIT-0064,data_thin:vendor_id_missing,data_thin:system_id_missing,Risk Reduction,data_thin:renewal_or_gate_date_missing,MET-0041,Operational KPI delta
skyharbor-air,Airline Demo,v6.0,spend_value,BEN-00164,spend_value record,v4_synthetic_pack,CFO Office,synthetic_demo,family-7-outcome-intelligence/O04_benefits-realization.csv,165,2026-06-18,2026-01-01,2026-06-18,static_snapshot,medium,synthetic_demo,confidential,Tower|Intelligence,budget|actual|forecast|proxy_value|gap,roi_without_value_basis|bare_amount_without_entity_period_type,data_thin:vendor_id_missing|data_thin:system_id_missing|data_thin:renewal_or_gate_date_missing,2026-06-28T00:00:00Z,2026-06-28T00:00:00Z,BEN-00164,107.3,Risk Reduction,CFO Office,INIT-0064,data_thin:vendor_id_missing,data_thin:system_id_missing,Risk Reduction,data_thin:renewal_or_gate_date_missing,MET-0159,Operational KPI delta
skyharbor-air,Airline Demo,v6.0,spend_value,BEN-00165,spend_value record,v4_synthetic_pack,CFO Office,synthetic_demo,family-7-outcome-intelligence/O04_benefits-realization.csv,166,2026-06-18,2026-01-01,2026-06-18,static_snapshot,medium,synthetic_demo,confidential,Tower|Intelligence,budget|actual|forecast|proxy_value|gap,roi_without_value_basis|bare_amount_without_entity_period_type,data_thin:vendor_id_missing|data_thin:system_id_missing|data_thin:renewal_or_gate_date_missing,2026-06-28T00:00:00Z,2026-06-28T00:00:00Z,BEN-00165,17.2,Cost Takeout,CFO Office,INIT-0065,data_thin:vendor_id_missing,data_thin:system_id_missing,Cost Takeout,data_thin:renewal_or_gate_date_missing,MET-0112,Finance-validated
skyharbor-air,Airline Demo,v6.0,spend_value,BEN-00166,spend_value record,v4_synthetic_pack,Ops Excellence,synthetic_demo,family-7-outcome-intelligence/O04_benefits-realization.csv,167,2026-06-18,2026-01-01,2026-06-18,static_snapshot,medium,synthetic_demo,confidential,Tower|Intelligence,budget|actual|forecast|proxy_value|gap,roi_without_value_basis|bare_amount_without_entity_period_type,data_thin:vendor_id_missing|data_thin:system_id_missing|data_thin:renewal_or_gate_date_missing,2026-06-28T00:00:00Z,2026-06-28T00:00:00Z,BEN-00166,13.4,Compliance,Ops Excellence,INIT-0065,data_thin:vendor_id_missing,data_thin:system_id_missing,Compliance,data_thin:renewal_or_gate_date_missing,MET-0031,Survey-based
skyharbor-air,Airline Demo,v6.0,spend_value,BEN-00167,spend_value record,v4_synthetic_pack,CFO Office,synthetic_demo,family-7-outcome-intelligence/O04_benefits-realization.csv,168,2026-06-18,2026-01-01,2026-06-18,static_snapshot,medium,synthetic_demo,confidential,Tower|Intelligence,budget|actual|forecast|proxy_value|gap,roi_without_value_basis|bare_amount_without_entity_period_type,data_thin:vendor_id_missing|data_thin:system_id_missing|data_thin:renewal_or_gate_date_missing,2026-06-28T00:00:00Z,2026-06-28T00:00:00Z,BEN-00167,82.9,Productivity,CFO Office,INIT-0065,data_thin:vendor_id_missing,data_thin:system_id_missing,Productivity,data_thin:renewal_or_gate_date_missing,MET-0094,Finance-validated
skyharbor-air,Airline Demo,v6.0,spend_value,BEN-00168,spend_value record,v4_synthetic_pack,Transformation Office,synthetic_demo,family-7-outcome-intelligence/O04_benefits-realization.csv,169,2026-06-18,2026-01-01,2026-06-18,static_snapshot,medium,synthetic_demo,confidential,Tower|Intelligence,budget|actual|forecast|proxy_value|gap,roi_without_value_basis|bare_amount_without_entity_period_type,data_thin:vendor_id_missing|data_thin:system_id_missing|data_thin:renewal_or_gate_date_missing,2026-06-28T00:00:00Z,2026-06-28T00:00:00Z,BEN-00168,111.8,Compliance,Transformation Office,INIT-0120,data_thin:vendor_id_missing,data_thin:system_id_missing,Compliance,data_thin:renewal_or_gate_date_missing,MET-0101,Survey-based
skyharbor-air,Airline Demo,v6.0,spend_value,BEN-00169,spend_value record,v4_synthetic_pack,Transformation Office,synthetic_demo,family-7-outcome-intelligence/O04_benefits-realization.csv,170,2026-06-18,2026-01-01,2026-06-18,static_snapshot,medium,synthetic_demo,confidential,Tower|Intelligence,budget|actual|forecast|proxy_value|gap,roi_without_value_basis|bare_amount_without_entity_period_type,data_thin:vendor_id_missing|data_thin:system_id_missing|data_thin:renewal_or_gate_date_missing,2026-06-28T00:00:00Z,2026-06-28T00:00:00Z,BEN-00169,113.3,Revenue,Transformation Office,INIT-0048,data_thin:vendor_id_missing,data_thin:system_id_missing,Revenue,data_thin:renewal_or_gate_date_missing,MET-0067,Audit confirmation
skyharbor-air,Airline Demo,v6.0,spend_value,BEN-00170,spend_value record,v4_synthetic_pack,BU Finance,synthetic_demo,family-7-outcome-intelligence/O04_benefits-realization.csv,171,2026-06-18,2026-01-01,2026-06-18,static_snapshot,medium,synthetic_demo,confidential,Tower|Intelligence,budget|actual|forecast|proxy_value|gap,roi_without_value_basis|bare_amount_without_entity_period_type,data_thin:vendor_id_missing|data_thin:system_id_missing|data_thin:renewal_or_gate_date_missing,2026-06-28T00:00:00Z,2026-06-28T00:00:00Z,BEN-00170,30.9,Productivity,BU Finance,INIT-0109,data_thin:vendor_id_missing,data_thin:system_id_missing,Productivity,data_thin:renewal_or_gate_date_missing,MET-0125,System telemetry
skyharbor-air,Airline Demo,v6.0,spend_value,BEN-00171,spend_value record,v4_synthetic_pack,CFO Office,synthetic_demo,family-7-outcome-intelligence/O04_benefits-realization.csv,172,2026-06-18,2026-01-01,2026-06-18,static_snapshot,medium,synthetic_demo,confidential,Tower|Intelligence,budget|actual|forecast|proxy_value|gap,roi_without_value_basis|bare_amount_without_entity_period_type,data_thin:vendor_id_missing|data_thin:system_id_missing|data_thin:renewal_or_gate_date_missing,2026-06-28T00:00:00Z,2026-06-28T00:00:00Z,BEN-00171,9.1,Productivity,CFO Office,INIT-0065,data_thin:vendor_id_missing,data_thin:system_id_missing,Productivity,data_thin:renewal_or_gate_date_missing,MET-0007,Survey-based
skyharbor-air,Airline Demo,v6.0,spend_value,BEN-00172,spend_value record,v4_synthetic_pack,CFO Office,synthetic_demo,family-7-outcome-intelligence/O04_benefits-realization.csv,173,2026-06-18,2026-01-01,2026-06-18,static_snapshot,medium,synthetic_demo,confidential,Tower|Intelligence,budget|actual|forecast|proxy_value|gap,roi_without_value_basis|bare_amount_without_entity_period_type,data_thin:vendor_id_missing|data_thin:system_id_missing|data_thin:renewal_or_gate_date_missing,2026-06-28T00:00:00Z,2026-06-28T00:00:00Z,BEN-00172,31.6,Compliance,CFO Office,INIT-0018,data_thin:vendor_id_missing,data_thin:system_id_missing,Compliance,data_thin:renewal_or_gate_date_missing,MET-0038,Audit confirmation
skyharbor-air,Airline Demo,v6.0,spend_value,BEN-00173,spend_value record,v4_synthetic_pack,CFO Office,synthetic_demo,family-7-outcome-intelligence/O04_benefits-realization.csv,174,2026-06-18,2026-01-01,2026-06-18,static_snapshot,medium,synthetic_demo,confidential,Tower|Intelligence,budget|actual|forecast|proxy_value|gap,roi_without_value_basis|bare_amount_without_entity_period_type,data_thin:vendor_id_missing|data_thin:system_id_missing|data_thin:renewal_or_gate_date_missing,2026-06-28T00:00:00Z,2026-06-28T00:00:00Z,BEN-00173,3.3,Risk Reduction,CFO Office,INIT-0118,data_thin:vendor_id_missing,data_thin:system_id_missing,Risk Reduction,data_thin:renewal_or_gate_date_missing,MET-0108,System telemetry
skyharbor-air,Airline Demo,v6.0,spend_value,BEN-00174,spend_value record,v4_synthetic_pack,CFO Office,synthetic_demo,family-7-outcome-intelligence/O04_benefits-realization.csv,175,2026-06-18,2026-01-01,2026-06-18,static_snapshot,medium,synthetic_demo,confidential,Tower|Intelligence,budget|actual|forecast|proxy_value|gap,roi_without_value_basis|bare_amount_without_entity_period_type,data_thin:vendor_id_missing|data_thin:system_id_missing|data_thin:renewal_or_gate_date_missing,2026-06-28T00:00:00Z,2026-06-28T00:00:00Z,BEN-00174,44.2,Revenue,CFO Office,INIT-0028,data_thin:vendor_id_missing,data_thin:system_id_missing,Revenue,data_thin:renewal_or_gate_date_missing,MET-0049,Survey-based
skyharbor-air,Airline Demo,v6.0,spend_value,BEN-00175,spend_value record,v4_synthetic_pack,BU Finance,synthetic_demo,family-7-outcome-intelligence/O04_benefits-realization.csv,176,2026-06-18,2026-01-01,2026-06-18,static_snapshot,medium,synthetic_demo,confidential,Tower|Intelligence,budget|actual|forecast|proxy_value|gap,roi_without_value_basis|bare_amount_without_entity_period_type,data_thin:vendor_id_missing|data_thin:system_id_missing|data_thin:renewal_or_gate_date_missing,2026-06-28T00:00:00Z,2026-06-28T00:00:00Z,BEN-00175,91.3,Cost Takeout,BU Finance,INIT-0075,data_thin:vendor_id_missing,data_thin:system_id_missing,Cost Takeout,data_thin:renewal_or_gate_date_missing,MET-0078,Audit confirmation
skyharbor-air,Airline Demo,v6.0,spend_value,BEN-00176,spend_value record,v4_synthetic_pack,BU Finance,synthetic_demo,family-7-outcome-intelligence/O04_benefits-realization.csv,177,2026-06-18,2026-01-01,2026-06-18,static_snapshot,medium,synthetic_demo,confidential,Tower|Intelligence,budget|actual|forecast|proxy_value|gap,roi_without_value_basis|bare_amount_without_entity_period_type,data_thin:vendor_id_missing|data_thin:system_id_missing|data_thin:renewal_or_gate_date_missing,2026-06-28T00:00:00Z,2026-06-28T00:00:00Z,BEN-00176,20.1,Productivity,BU Finance,INIT-0053,data_thin:vendor_id_missing,data_thin:system_id_missing,Productivity,data_thin:renewal_or_gate_date_missing,MET-0074,Audit confirmation
skyharbor-air,Airline Demo,v6.0,spend_value,BEN-00177,spend_value record,v4_synthetic_pack,BU Finance,synthetic_demo,family-7-outcome-intelligence/O04_benefits-realization.csv,178,2026-06-18,2026-01-01,2026-06-18,static_snapshot,medium,synthetic_demo,confidential,Tower|Intelligence,budget|actual|forecast|proxy_value|gap,roi_without_value_basis|bare_amount_without_entity_period_type,data_thin:vendor_id_missing|data_thin:system_id_missing|data_thin:renewal_or_gate_date_missing,2026-06-28T00:00:00Z,2026-06-28T00:00:00Z,BEN-00177,58.4,Cost Takeout,BU Finance,INIT-0097,data_thin:vendor_id_missing,data_thin:system_id_missing,Cost Takeout,data_thin:renewal_or_gate_date_missing,MET-0151,Operational KPI delta
skyharbor-air,Airline Demo,v6.0,spend_value,BEN-00178,spend_value record,v4_synthetic_pack,Transformation Office,synthetic_demo,family-7-outcome-intelligence/O04_benefits-realization.csv,179,2026-06-18,2026-01-01,2026-06-18,static_snapshot,medium,synthetic_demo,confidential,Tower|Intelligence,budget|actual|forecast|proxy_value|gap,roi_without_value_basis|bare_amount_without_entity_period_type,data_thin:vendor_id_missing|data_thin:system_id_missing|data_thin:renewal_or_gate_date_missing,2026-06-28T00:00:00Z,2026-06-28T00:00:00Z,BEN-00178,69.9,Revenue,Transformation Office,INIT-0027,data_thin:vendor_id_missing,data_thin:system_id_missing,Revenue,data_thin:renewal_or_gate_date_missing,MET-0140,System telemetry
skyharbor-air,Airline Demo,v6.0,spend_value,BEN-00179,spend_value record,v4_synthetic_pack,CFO Office,synthetic_demo,family-7-outcome-intelligence/O04_benefits-realization.csv,180,2026-06-18,2026-01-01,2026-06-18,static_snapshot,medium,synthetic_demo,confidential,Tower|Intelligence,budget|actual|forecast|proxy_value|gap,roi_without_value_basis|bare_amount_without_entity_period_type,data_thin:vendor_id_missing|data_thin:system_id_missing|data_thin:renewal_or_gate_date_missing,2026-06-28T00:00:00Z,2026-06-28T00:00:00Z,BEN-00179,12.5,Risk Reduction,CFO Office,INIT-0083,data_thin:vendor_id_missing,data_thin:system_id_missing,Risk Reduction,data_thin:renewal_or_gate_date_missing,MET-0114,Finance-validated
skyharbor-air,Airline Demo,v6.0,spend_value,BEN-00180,spend_value record,v4_synthetic_pack,CFO Office,synthetic_demo,family-7-outcome-intelligence/O04_benefits-realization.csv,181,2026-06-18,2026-01-01,2026-06-18,static_snapshot,medium,synthetic_demo,confidential,Tower|Intelligence,budget|actual|forecast|proxy_value|gap,roi_without_value_basis|bare_amount_without_entity_period_type,data_thin:vendor_id_missing|data_thin:system_id_missing|data_thin:renewal_or_gate_date_missing,2026-06-28T00:00:00Z,2026-06-28T00:00:00Z,BEN-00180,89.9,Risk Reduction,CFO Office,INIT-0079,data_thin:vendor_id_missing,data_thin:system_id_missing,Risk Reduction,data_thin:renewal_or_gate_date_missing,MET-0107,Finance-validated
skyharbor-air,Airline Demo,v6.0,spend_value,BEN-00181,spend_value record,v4_synthetic_pack,Transformation Office,synthetic_demo,family-7-outcome-intelligence/O04_benefits-realization.csv,182,2026-06-18,2026-01-01,2026-06-18,static_snapshot,medium,synthetic_demo,confidential,Tower|Intelligence,budget|actual|forecast|proxy_value|gap,roi_without_value_basis|bare_amount_without_entity_period_type,data_thin:vendor_id_missing|data_thin:system_id_missing|data_thin:renewal_or_gate_date_missing,2026-06-28T00:00:00Z,2026-06-28T00:00:00Z,BEN-00181,29.8,Cost Takeout,Transformation Office,INIT-0092,data_thin:vendor_id_missing,data_thin:system_id_missing,Cost Takeout,data_thin:renewal_or_gate_date_missing,MET-0087,Modelled estimate
skyharbor-air,Airline Demo,v6.0,spend_value,BEN-00182,spend_value record,v4_synthetic_pack,CFO Office,synthetic_demo,family-7-outcome-intelligence/O04_benefits-realization.csv,183,2026-06-18,2026-01-01,2026-06-18,static_snapshot,medium,synthetic_demo,confidential,Tower|Intelligence,budget|actual|forecast|proxy_value|gap,roi_without_value_basis|bare_amount_without_entity_period_type,data_thin:vendor_id_missing|data_thin:system_id_missing|data_thin:renewal_or_gate_date_missing,2026-06-28T00:00:00Z,2026-06-28T00:00:00Z,BEN-00182,13.2,Cost Takeout,CFO Office,INIT-0020,data_thin:vendor_id_missing,data_thin:system_id_missing,Cost Takeout,data_thin:renewal_or_gate_date_missing,MET-0041,System telemetry
skyharbor-air,Airline Demo,v6.0,spend_value,BEN-00183,spend_value record,v4_synthetic_pack,Transformation Office,synthetic_demo,family-7-outcome-intelligence/O04_benefits-realization.csv,184,2026-06-18,2026-01-01,2026-06-18,static_snapshot,medium,synthetic_demo,confidential,Tower|Intelligence,budget|actual|forecast|proxy_value|gap,roi_without_value_basis|bare_amount_without_entity_period_type,data_thin:vendor_id_missing|data_thin:system_id_missing|data_thin:renewal_or_gate_date_missing,2026-06-28T00:00:00Z,2026-06-28T00:00:00Z,BEN-00183,49.6,Cost Takeout,Transformation Office,INIT-0093,data_thin:vendor_id_missing,data_thin:system_id_missing,Cost Takeout,data_thin:renewal_or_gate_date_missing,MET-0062,Finance-validated
skyharbor-air,Airline Demo,v6.0,spend_value,BEN-00184,spend_value record,v4_synthetic_pack,Ops Excellence,synthetic_demo,family-7-outcome-intelligence/O04_benefits-realization.csv,185,2026-06-18,2026-01-01,2026-06-18,static_snapshot,medium,synthetic_demo,confidential,Tower|Intelligence,budget|actual|forecast|proxy_value|gap,roi_without_value_basis|bare_amount_without_entity_period_type,data_thin:vendor_id_missing|data_thin:system_id_missing|data_thin:renewal_or_gate_date_missing,2026-06-28T00:00:00Z,2026-06-28T00:00:00Z,BEN-00184,13.2,Compliance,Ops Excellence,INIT-0032,data_thin:vendor_id_missing,data_thin:system_id_missing,Compliance,data_thin:renewal_or_gate_date_missing,MET-0147,Audit confirmation
skyharbor-air,Airline Demo,v6.0,spend_value,BEN-00185,spend_value record,v4_synthetic_pack,Transformation Office,synthetic_demo,family-7-outcome-intelligence/O04_benefits-realization.csv,186,2026-06-18,2026-01-01,2026-06-18,static_snapshot,medium,synthetic_demo,confidential,Tower|Intelligence,budget|actual|forecast|proxy_value|gap,roi_without_value_basis|bare_amount_without_entity_period_type,data_thin:vendor_id_missing|data_thin:system_id_missing|data_thin:renewal_or_gate_date_missing,2026-06-28T00:00:00Z,2026-06-28T00:00:00Z,BEN-00185,29.9,Compliance,Transformation Office,INIT-0108,data_thin:vendor_id_missing,data_thin:system_id_missing,Compliance,data_thin:renewal_or_gate_date_missing,MET-0139,Finance-validated
skyharbor-air,Airline Demo,v6.0,spend_value,BEN-00186,spend_value record,v4_synthetic_pack,Transformation Office,synthetic_demo,family-7-outcome-intelligence/O04_benefits-realization.csv,187,2026-06-18,2026-01-01,2026-06-18,static_snapshot,medium,synthetic_demo,confidential,Tower|Intelligence,budget|actual|forecast|proxy_value|gap,roi_without_value_basis|bare_amount_without_entity_period_type,data_thin:vendor_id_missing|data_thin:system_id_missing|data_thin:renewal_or_gate_date_missing,2026-06-28T00:00:00Z,2026-06-28T00:00:00Z,BEN-00186,81.6,Risk Reduction,Transformation Office,INIT-0067,data_thin:vendor_id_missing,data_thin:system_id_missing,Risk Reduction,data_thin:renewal_or_gate_date_missing,MET-0098,Audit confirmation
skyharbor-air,Airline Demo,v6.0,spend_value,BEN-00187,spend_value record,v4_synthetic_pack,Transformation Office,synthetic_demo,family-7-outcome-intelligence/O04_benefits-realization.csv,188,2026-06-18,2026-01-01,2026-06-18,static_snapshot,medium,synthetic_demo,confidential,Tower|Intelligence,budget|actual|forecast|proxy_value|gap,roi_without_value_basis|bare_amount_without_entity_period_type,data_thin:vendor_id_missing|data_thin:system_id_missing|data_thin:renewal_or_gate_date_missing,2026-06-28T00:00:00Z,2026-06-28T00:00:00Z,BEN-00187,43.9,Compliance,Transformation Office,INIT-0001,data_thin:vendor_id_missing,data_thin:system_id_missing,Compliance,data_thin:renewal_or_gate_date_missing,MET-0102,Survey-based
skyharbor-air,Airline Demo,v6.0,spend_value,BEN-00188,spend_value record,v4_synthetic_pack,BU Finance,synthetic_demo,family-7-outcome-intelligence/O04_benefits-realization.csv,189,2026-06-18,2026-01-01,2026-06-18,static_snapshot,medium,synthetic_demo,confidential,Tower|Intelligence,budget|actual|forecast|proxy_value|gap,roi_without_value_basis|bare_amount_without_entity_period_type,data_thin:vendor_id_missing|data_thin:system_id_missing|data_thin:renewal_or_gate_date_missing,2026-06-28T00:00:00Z,2026-06-28T00:00:00Z,BEN-00188,58.2,Risk Reduction,BU Finance,INIT-0026,data_thin:vendor_id_missing,data_thin:system_id_missing,Risk Reduction,data_thin:renewal_or_gate_date_missing,MET-0168,Modelled estimate
skyharbor-air,Airline Demo,v6.0,spend_value,BEN-00189,spend_value record,v4_synthetic_pack,Transformation Office,synthetic_demo,family-7-outcome-intelligence/O04_benefits-realization.csv,190,2026-06-18,2026-01-01,2026-06-18,static_snapshot,medium,synthetic_demo,confidential,Tower|Intelligence,budget|actual|forecast|proxy_value|gap,roi_without_value_basis|bare_amount_without_entity_period_type,data_thin:vendor_id_missing|data_thin:system_id_missing|data_thin:renewal_or_gate_date_missing,2026-06-28T00:00:00Z,2026-06-28T00:00:00Z,BEN-00189,142.1,Compliance,Transformation Office,INIT-0115,data_thin:vendor_id_missing,data_thin:system_id_missing,Compliance,data_thin:renewal_or_gate_date_missing,MET-0160,Audit confirmation
skyharbor-air,Airline Demo,v6.0,spend_value,BEN-00190,spend_value record,v4_synthetic_pack,Transformation Office,synthetic_demo,family-7-outcome-intelligence/O04_benefits-realization.csv,191,2026-06-18,2026-01-01,2026-06-18,static_snapshot,medium,synthetic_demo,confidential,Tower|Intelligence,budget|actual|forecast|proxy_value|gap,roi_without_value_basis|bare_amount_without_entity_period_type,data_thin:vendor_id_missing|data_thin:system_id_missing|data_thin:renewal_or_gate_date_missing,2026-06-28T00:00:00Z,2026-06-28T00:00:00Z,BEN-00190,13.7,Productivity,Transformation Office,INIT-0075,data_thin:vendor_id_missing,data_thin:system_id_missing,Productivity,data_thin:renewal_or_gate_date_missing,MET-0076,Audit confirmation
skyharbor-air,Airline Demo,v6.0,spend_value,BEN-00191,spend_value record,v4_synthetic_pack,CFO Office,synthetic_demo,family-7-outcome-intelligence/O04_benefits-realization.csv,192,2026-06-18,2026-01-01,2026-06-18,static_snapshot,medium,synthetic_demo,confidential,Tower|Intelligence,budget|actual|forecast|proxy_value|gap,roi_without_value_basis|bare_amount_without_entity_period_type,data_thin:vendor_id_missing|data_thin:system_id_missing|data_thin:renewal_or_gate_date_missing,2026-06-28T00:00:00Z,2026-06-28T00:00:00Z,BEN-00191,38,Productivity,CFO Office,INIT-0097,data_thin:vendor_id_missing,data_thin:system_id_missing,Productivity,data_thin:renewal_or_gate_date_missing,MET-0025,Modelled estimate
skyharbor-air,Airline Demo,v6.0,spend_value,BEN-00192,spend_value record,v4_synthetic_pack,Ops Excellence,synthetic_demo,family-7-outcome-intelligence/O04_benefits-realization.csv,193,2026-06-18,2026-01-01,2026-06-18,static_snapshot,medium,synthetic_demo,confidential,Tower|Intelligence,budget|actual|forecast|proxy_value|gap,roi_without_value_basis|bare_amount_without_entity_period_type,data_thin:vendor_id_missing|data_thin:system_id_missing|data_thin:renewal_or_gate_date_missing,2026-06-28T00:00:00Z,2026-06-28T00:00:00Z,BEN-00192,43.2,Cost Takeout,Ops Excellence,INIT-0021,data_thin:vendor_id_missing,data_thin:system_id_missing,Cost Takeout,data_thin:renewal_or_gate_date_missing,MET-0100,Finance-validated
skyharbor-air,Airline Demo,v6.0,spend_value,BEN-00193,spend_value record,v4_synthetic_pack,Ops Excellence,synthetic_demo,family-7-outcome-intelligence/O04_benefits-realization.csv,194,2026-06-18,2026-01-01,2026-06-18,static_snapshot,medium,synthetic_demo,confidential,Tower|Intelligence,budget|actual|forecast|proxy_value|gap,roi_without_value_basis|bare_amount_without_entity_period_type,data_thin:vendor_id_missing|data_thin:system_id_missing|data_thin:renewal_or_gate_date_missing,2026-06-28T00:00:00Z,2026-06-28T00:00:00Z,BEN-00193,111.8,Compliance,Ops Excellence,INIT-0056,data_thin:vendor_id_missing,data_thin:system_id_missing,Compliance,data_thin:renewal_or_gate_date_missing,MET-0035,Survey-based
skyharbor-air,Airline Demo,v6.0,spend_value,BEN-00194,spend_value record,v4_synthetic_pack,Transformation Office,synthetic_demo,family-7-outcome-intelligence/O04_benefits-realization.csv,195,2026-06-18,2026-01-01,2026-06-18,static_snapshot,medium,synthetic_demo,confidential,Tower|Intelligence,budget|actual|forecast|proxy_value|gap,roi_without_value_basis|bare_amount_without_entity_period_type,data_thin:vendor_id_missing|data_thin:system_id_missing|data_thin:renewal_or_gate_date_missing,2026-06-28T00:00:00Z,2026-06-28T00:00:00Z,BEN-00194,45.4,Cost Takeout,Transformation Office,INIT-0102,data_thin:vendor_id_missing,data_thin:system_id_missing,Cost Takeout,data_thin:renewal_or_gate_date_missing,MET-0104,Audit confirmation
skyharbor-air,Airline Demo,v6.0,spend_value,BEN-00195,spend_value record,v4_synthetic_pack,Transformation Office,synthetic_demo,family-7-outcome-intelligence/O04_benefits-realization.csv,196,2026-06-18,2026-01-01,2026-06-18,static_snapshot,medium,synthetic_demo,confidential,Tower|Intelligence,budget|actual|forecast|proxy_value|gap,roi_without_value_basis|bare_amount_without_entity_period_type,data_thin:vendor_id_missing|data_thin:system_id_missing|data_thin:renewal_or_gate_date_missing,2026-06-28T00:00:00Z,2026-06-28T00:00:00Z,BEN-00195,26.6,Revenue,Transformation Office,INIT-0049,data_thin:vendor_id_missing,data_thin:system_id_missing,Revenue,data_thin:renewal_or_gate_date_missing,MET-0010,Survey-based
skyharbor-air,Airline Demo,v6.0,spend_value,BEN-00196,spend_value record,v4_synthetic_pack,Transformation Office,synthetic_demo,family-7-outcome-intelligence/O04_benefits-realization.csv,197,2026-06-18,2026-01-01,2026-06-18,static_snapshot,medium,synthetic_demo,confidential,Tower|Intelligence,budget|actual|forecast|proxy_value|gap,roi_without_value_basis|bare_amount_without_entity_period_type,data_thin:vendor_id_missing|data_thin:system_id_missing|data_thin:renewal_or_gate_date_missing,2026-06-28T00:00:00Z,2026-06-28T00:00:00Z,BEN-00196,19.2,Compliance,Transformation Office,INIT-0109,data_thin:vendor_id_missing,data_thin:system_id_missing,Compliance,data_thin:renewal_or_gate_date_missing,MET-0012,Modelled estimate
skyharbor-air,Airline Demo,v6.0,spend_value,BEN-00197,spend_value record,v4_synthetic_pack,BU Finance,synthetic_demo,family-7-outcome-intelligence/O04_benefits-realization.csv,198,2026-06-18,2026-01-01,2026-06-18,static_snapshot,medium,synthetic_demo,confidential,Tower|Intelligence,budget|actual|forecast|proxy_value|gap,roi_without_value_basis|bare_amount_without_entity_period_type,data_thin:vendor_id_missing|data_thin:system_id_missing|data_thin:renewal_or_gate_date_missing,2026-06-28T00:00:00Z,2026-06-28T00:00:00Z,BEN-00197,45.7,Compliance,BU Finance,INIT-0071,data_thin:vendor_id_missing,data_thin:system_id_missing,Compliance,data_thin:renewal_or_gate_date_missing,MET-0079,Finance-validated
skyharbor-air,Airline Demo,v6.0,spend_value,BEN-00198,spend_value record,v4_synthetic_pack,Transformation Office,synthetic_demo,family-7-outcome-intelligence/O04_benefits-realization.csv,199,2026-06-18,2026-01-01,2026-06-18,static_snapshot,medium,synthetic_demo,confidential,Tower|Intelligence,budget|actual|forecast|proxy_value|gap,roi_without_value_basis|bare_amount_without_entity_period_type,data_thin:vendor_id_missing|data_thin:system_id_missing|data_thin:renewal_or_gate_date_missing,2026-06-28T00:00:00Z,2026-06-28T00:00:00Z,BEN-00198,93.3,Compliance,Transformation Office,INIT-0100,data_thin:vendor_id_missing,data_thin:system_id_missing,Compliance,data_thin:renewal_or_gate_date_missing,MET-0137,System telemetry
skyharbor-air,Airline Demo,v6.0,spend_value,BEN-00199,spend_value record,v4_synthetic_pack,Ops Excellence,synthetic_demo,family-7-outcome-intelligence/O04_benefits-realization.csv,200,2026-06-18,2026-01-01,2026-06-18,static_snapshot,medium,synthetic_demo,confidential,Tower|Intelligence,budget|actual|forecast|proxy_value|gap,roi_without_value_basis|bare_amount_without_entity_period_type,data_thin:vendor_id_missing|data_thin:system_id_missing|data_thin:renewal_or_gate_date_missing,2026-06-28T00:00:00Z,2026-06-28T00:00:00Z,BEN-00199,47.6,Revenue,Ops Excellence,INIT-0016,data_thin:vendor_id_missing,data_thin:system_id_missing,Revenue,data_thin:renewal_or_gate_date_missing,MET-0071,Finance-validated
skyharbor-air,Airline Demo,v6.0,spend_value,BEN-00200,spend_value record,v4_synthetic_pack,CFO Office,synthetic_demo,family-7-outcome-intelligence/O04_benefits-realization.csv,201,2026-06-18,2026-01-01,2026-06-18,static_snapshot,medium,synthetic_demo,confidential,Tower|Intelligence,budget|actual|forecast|proxy_value|gap,roi_without_value_basis|bare_amount_without_entity_period_type,data_thin:vendor_id_missing|data_thin:system_id_missing|data_thin:renewal_or_gate_date_missing,2026-06-28T00:00:00Z,2026-06-28T00:00:00Z,BEN-00200,30.3,Productivity,CFO Office,INIT-0109,data_thin:vendor_id_missing,data_thin:system_id_missing,Productivity,data_thin:renewal_or_gate_date_missing,MET-0083,Modelled estimate
skyharbor-air,Airline Demo,v6.0,spend_value,BEN-00201,spend_value record,v4_synthetic_pack,Ops Excellence,synthetic_demo,family-7-outcome-intelligence/O04_benefits-realization.csv,202,2026-06-18,2026-01-01,2026-06-18,static_snapshot,medium,synthetic_demo,confidential,Tower|Intelligence,budget|actual|forecast|proxy_value|gap,roi_without_value_basis|bare_amount_without_entity_period_type,data_thin:vendor_id_missing|data_thin:system_id_missing|data_thin:renewal_or_gate_date_missing,2026-06-28T00:00:00Z,2026-06-28T00:00:00Z,BEN-00201,10.7,Revenue,Ops Excellence,INIT-0043,data_thin:vendor_id_missing,data_thin:system_id_missing,Revenue,data_thin:renewal_or_gate_date_missing,MET-0045,Finance-validated
skyharbor-air,Airline Demo,v6.0,spend_value,BEN-00202,spend_value record,v4_synthetic_pack,BU Finance,synthetic_demo,family-7-outcome-intelligence/O04_benefits-realization.csv,203,2026-06-18,2026-01-01,2026-06-18,static_snapshot,medium,synthetic_demo,confidential,Tower|Intelligence,budget|actual|forecast|proxy_value|gap,roi_without_value_basis|bare_amount_without_entity_period_type,data_thin:vendor_id_missing|data_thin:system_id_missing|data_thin:renewal_or_gate_date_missing,2026-06-28T00:00:00Z,2026-06-28T00:00:00Z,BEN-00202,107.4,Cost Takeout,BU Finance,INIT-0109,data_thin:vendor_id_missing,data_thin:system_id_missing,Cost Takeout,data_thin:renewal_or_gate_date_missing,MET-0178,Audit confirmation
skyharbor-air,Airline Demo,v6.0,spend_value,BEN-00203,spend_value record,v4_synthetic_pack,Transformation Office,synthetic_demo,family-7-outcome-intelligence/O04_benefits-realization.csv,204,2026-06-18,2026-01-01,2026-06-18,static_snapshot,medium,synthetic_demo,confidential,Tower|Intelligence,budget|actual|forecast|proxy_value|gap,roi_without_value_basis|bare_amount_without_entity_period_type,data_thin:vendor_id_missing|data_thin:system_id_missing|data_thin:renewal_or_gate_date_missing,2026-06-28T00:00:00Z,2026-06-28T00:00:00Z,BEN-00203,15.9,Cost Takeout,Transformation Office,INIT-0056,data_thin:vendor_id_missing,data_thin:system_id_missing,Cost Takeout,data_thin:renewal_or_gate_date_missing,MET-0058,Operational KPI delta
skyharbor-air,Airline Demo,v6.0,spend_value,BEN-00204,spend_value record,v4_synthetic_pack,Ops Excellence,synthetic_demo,family-7-outcome-intelligence/O04_benefits-realization.csv,205,2026-06-18,2026-01-01,2026-06-18,static_snapshot,medium,synthetic_demo,confidential,Tower|Intelligence,budget|actual|forecast|proxy_value|gap,roi_without_value_basis|bare_amount_without_entity_period_type,data_thin:vendor_id_missing|data_thin:system_id_missing|data_thin:renewal_or_gate_date_missing,2026-06-28T00:00:00Z,2026-06-28T00:00:00Z,BEN-00204,165.2,Cost Takeout,Ops Excellence,INIT-0027,data_thin:vendor_id_missing,data_thin:system_id_missing,Cost Takeout,data_thin:renewal_or_gate_date_missing,MET-0178,Operational KPI delta
skyharbor-air,Airline Demo,v6.0,spend_value,BEN-00205,spend_value record,v4_synthetic_pack,BU Finance,synthetic_demo,family-7-outcome-intelligence/O04_benefits-realization.csv,206,2026-06-18,2026-01-01,2026-06-18,static_snapshot,medium,synthetic_demo,confidential,Tower|Intelligence,budget|actual|forecast|proxy_value|gap,roi_without_value_basis|bare_amount_without_entity_period_type,data_thin:vendor_id_missing|data_thin:system_id_missing|data_thin:renewal_or_gate_date_missing,2026-06-28T00:00:00Z,2026-06-28T00:00:00Z,BEN-00205,33,Productivity,BU Finance,INIT-0075,data_thin:vendor_id_missing,data_thin:system_id_missing,Productivity,data_thin:renewal_or_gate_date_missing,MET-0048,Operational KPI delta
skyharbor-air,Airline Demo,v6.0,spend_value,BEN-00206,spend_value record,v4_synthetic_pack,CFO Office,synthetic_demo,family-7-outcome-intelligence/O04_benefits-realization.csv,207,2026-06-18,2026-01-01,2026-06-18,static_snapshot,medium,synthetic_demo,confidential,Tower|Intelligence,budget|actual|forecast|proxy_value|gap,roi_without_value_basis|bare_amount_without_entity_period_type,data_thin:vendor_id_missing|data_thin:system_id_missing|data_thin:renewal_or_gate_date_missing,2026-06-28T00:00:00Z,2026-06-28T00:00:00Z,BEN-00206,158.4,Cost Takeout,CFO Office,INIT-0111,data_thin:vendor_id_missing,data_thin:system_id_missing,Cost Takeout,data_thin:renewal_or_gate_date_missing,MET-0120,Finance-validated
skyharbor-air,Airline Demo,v6.0,spend_value,BEN-00207,spend_value record,v4_synthetic_pack,BU Finance,synthetic_demo,family-7-outcome-intelligence/O04_benefits-realization.csv,208,2026-06-18,2026-01-01,2026-06-18,static_snapshot,medium,synthetic_demo,confidential,Tower|Intelligence,budget|actual|forecast|proxy_value|gap,roi_without_value_basis|bare_amount_without_entity_period_type,data_thin:vendor_id_missing|data_thin:system_id_missing|data_thin:renewal_or_gate_date_missing,2026-06-28T00:00:00Z,2026-06-28T00:00:00Z,BEN-00207,45.8,Productivity,BU Finance,INIT-0048,data_thin:vendor_id_missing,data_thin:system_id_missing,Productivity,data_thin:renewal_or_gate_date_missing,MET-0028,System telemetry
skyharbor-air,Airline Demo,v6.0,spend_value,BEN-00208,spend_value record,v4_synthetic_pack,BU Finance,synthetic_demo,family-7-outcome-intelligence/O04_benefits-realization.csv,209,2026-06-18,2026-01-01,2026-06-18,static_snapshot,medium,synthetic_demo,confidential,Tower|Intelligence,budget|actual|forecast|proxy_value|gap,roi_without_value_basis|bare_amount_without_entity_period_type,data_thin:vendor_id_missing|data_thin:system_id_missing|data_thin:renewal_or_gate_date_missing,2026-06-28T00:00:00Z,2026-06-28T00:00:00Z,BEN-00208,6.1,Compliance,BU Finance,INIT-0017,data_thin:vendor_id_missing,data_thin:system_id_missing,Compliance,data_thin:renewal_or_gate_date_missing,MET-0157,Audit confirmation
skyharbor-air,Airline Demo,v6.0,spend_value,BEN-00209,spend_value record,v4_synthetic_pack,BU Finance,synthetic_demo,family-7-outcome-intelligence/O04_benefits-realization.csv,210,2026-06-18,2026-01-01,2026-06-18,static_snapshot,medium,synthetic_demo,confidential,Tower|Intelligence,budget|actual|forecast|proxy_value|gap,roi_without_value_basis|bare_amount_without_entity_period_type,data_thin:vendor_id_missing|data_thin:system_id_missing|data_thin:renewal_or_gate_date_missing,2026-06-28T00:00:00Z,2026-06-28T00:00:00Z,BEN-00209,157,Cost Takeout,BU Finance,INIT-0112,data_thin:vendor_id_missing,data_thin:system_id_missing,Cost Takeout,data_thin:renewal_or_gate_date_missing,MET-0176,System telemetry
skyharbor-air,Airline Demo,v6.0,spend_value,BEN-00210,spend_value record,v4_synthetic_pack,CFO Office,synthetic_demo,family-7-outcome-intelligence/O04_benefits-realization.csv,211,2026-06-18,2026-01-01,2026-06-18,static_snapshot,medium,synthetic_demo,confidential,Tower|Intelligence,budget|actual|forecast|proxy_value|gap,roi_without_value_basis|bare_amount_without_entity_period_type,data_thin:vendor_id_missing|data_thin:system_id_missing|data_thin:renewal_or_gate_date_missing,2026-06-28T00:00:00Z,2026-06-28T00:00:00Z,BEN-00210,47.5,Productivity,CFO Office,INIT-0100,data_thin:vendor_id_missing,data_thin:system_id_missing,Productivity,data_thin:renewal_or_gate_date_missing,MET-0170,System telemetry
skyharbor-air,Airline Demo,v6.0,spend_value,BEN-00211,spend_value record,v4_synthetic_pack,CFO Office,synthetic_demo,family-7-outcome-intelligence/O04_benefits-realization.csv,212,2026-06-18,2026-01-01,2026-06-18,static_snapshot,medium,synthetic_demo,confidential,Tower|Intelligence,budget|actual|forecast|proxy_value|gap,roi_without_value_basis|bare_amount_without_entity_period_type,data_thin:vendor_id_missing|data_thin:system_id_missing|data_thin:renewal_or_gate_date_missing,2026-06-28T00:00:00Z,2026-06-28T00:00:00Z,BEN-00211,23.6,Cost Takeout,CFO Office,INIT-0090,data_thin:vendor_id_missing,data_thin:system_id_missing,Cost Takeout,data_thin:renewal_or_gate_date_missing,MET-0071,Modelled estimate
skyharbor-air,Airline Demo,v6.0,spend_value,BEN-00212,spend_value record,v4_synthetic_pack,Transformation Office,synthetic_demo,family-7-outcome-intelligence/O04_benefits-realization.csv,213,2026-06-18,2026-01-01,2026-06-18,static_snapshot,medium,synthetic_demo,confidential,Tower|Intelligence,budget|actual|forecast|proxy_value|gap,roi_without_value_basis|bare_amount_without_entity_period_type,data_thin:vendor_id_missing|data_thin:system_id_missing|data_thin:renewal_or_gate_date_missing,2026-06-28T00:00:00Z,2026-06-28T00:00:00Z,BEN-00212,133.4,Productivity,Transformation Office,INIT-0118,data_thin:vendor_id_missing,data_thin:system_id_missing,Productivity,data_thin:renewal_or_gate_date_missing,MET-0065,Survey-based
skyharbor-air,Airline Demo,v6.0,spend_value,BEN-00213,spend_value record,v4_synthetic_pack,Transformation Office,synthetic_demo,family-7-outcome-intelligence/O04_benefits-realization.csv,214,2026-06-18,2026-01-01,2026-06-18,static_snapshot,medium,synthetic_demo,confidential,Tower|Intelligence,budget|actual|forecast|proxy_value|gap,roi_without_value_basis|bare_amount_without_entity_period_type,data_thin:vendor_id_missing|data_thin:system_id_missing|data_thin:renewal_or_gate_date_missing,2026-06-28T00:00:00Z,2026-06-28T00:00:00Z,BEN-00213,83.4,Compliance,Transformation Office,INIT-0015,data_thin:vendor_id_missing,data_thin:system_id_missing,Compliance,data_thin:renewal_or_gate_date_missing,MET-0160,Audit confirmation
skyharbor-air,Airline Demo,v6.0,spend_value,BEN-00214,spend_value record,v4_synthetic_pack,Transformation Office,synthetic_demo,family-7-outcome-intelligence/O04_benefits-realization.csv,215,2026-06-18,2026-01-01,2026-06-18,static_snapshot,medium,synthetic_demo,confidential,Tower|Intelligence,budget|actual|forecast|proxy_value|gap,roi_without_value_basis|bare_amount_without_entity_period_type,data_thin:vendor_id_missing|data_thin:system_id_missing|data_thin:renewal_or_gate_date_missing,2026-06-28T00:00:00Z,2026-06-28T00:00:00Z,BEN-00214,3.9,Cost Takeout,Transformation Office,INIT-0095,data_thin:vendor_id_missing,data_thin:system_id_missing,Cost Takeout,data_thin:renewal_or_gate_date_missing,MET-0070,Modelled estimate
skyharbor-air,Airline Demo,v6.0,spend_value,BEN-00215,spend_value record,v4_synthetic_pack,CFO Office,synthetic_demo,family-7-outcome-intelligence/O04_benefits-realization.csv,216,2026-06-18,2026-01-01,2026-06-18,static_snapshot,medium,synthetic_demo,confidential,Tower|Intelligence,budget|actual|forecast|proxy_value|gap,roi_without_value_basis|bare_amount_without_entity_period_type,data_thin:vendor_id_missing|data_thin:system_id_missing|data_thin:renewal_or_gate_date_missing,2026-06-28T00:00:00Z,2026-06-28T00:00:00Z,BEN-00215,69.6,Cost Takeout,CFO Office,INIT-0027,data_thin:vendor_id_missing,data_thin:system_id_missing,Cost Takeout,data_thin:renewal_or_gate_date_missing,MET-0022,System telemetry
skyharbor-air,Airline Demo,v6.0,spend_value,BEN-00216,spend_value record,v4_synthetic_pack,Transformation Office,synthetic_demo,family-7-outcome-intelligence/O04_benefits-realization.csv,217,2026-06-18,2026-01-01,2026-06-18,static_snapshot,medium,synthetic_demo,confidential,Tower|Intelligence,budget|actual|forecast|proxy_value|gap,roi_without_value_basis|bare_amount_without_entity_period_type,data_thin:vendor_id_missing|data_thin:system_id_missing|data_thin:renewal_or_gate_date_missing,2026-06-28T00:00:00Z,2026-06-28T00:00:00Z,BEN-00216,60.5,Cost Takeout,Transformation Office,INIT-0017,data_thin:vendor_id_missing,data_thin:system_id_missing,Cost Takeout,data_thin:renewal_or_gate_date_missing,MET-0102,Operational KPI delta
skyharbor-air,Airline Demo,v6.0,spend_value,BEN-00217,spend_value record,v4_synthetic_pack,CFO Office,synthetic_demo,family-7-outcome-intelligence/O04_benefits-realization.csv,218,2026-06-18,2026-01-01,2026-06-18,static_snapshot,medium,synthetic_demo,confidential,Tower|Intelligence,budget|actual|forecast|proxy_value|gap,roi_without_value_basis|bare_amount_without_entity_period_type,data_thin:vendor_id_missing|data_thin:system_id_missing|data_thin:renewal_or_gate_date_missing,2026-06-28T00:00:00Z,2026-06-28T00:00:00Z,BEN-00217,15.4,Risk Reduction,CFO Office,INIT-0111,data_thin:vendor_id_missing,data_thin:system_id_missing,Risk Reduction,data_thin:renewal_or_gate_date_missing,MET-0002,Survey-based
skyharbor-air,Airline Demo,v6.0,spend_value,BEN-00218,spend_value record,v4_synthetic_pack,CFO Office,synthetic_demo,family-7-outcome-intelligence/O04_benefits-realization.csv,219,2026-06-18,2026-01-01,2026-06-18,static_snapshot,medium,synthetic_demo,confidential,Tower|Intelligence,budget|actual|forecast|proxy_value|gap,roi_without_value_basis|bare_amount_without_entity_period_type,data_thin:vendor_id_missing|data_thin:system_id_missing|data_thin:renewal_or_gate_date_missing,2026-06-28T00:00:00Z,2026-06-28T00:00:00Z,BEN-00218,16,Compliance,CFO Office,INIT-0051,data_thin:vendor_id_missing,data_thin:system_id_missing,Compliance,data_thin:renewal_or_gate_date_missing,MET-0010,Survey-based
skyharbor-air,Airline Demo,v6.0,spend_value,BEN-00219,spend_value record,v4_synthetic_pack,Transformation Office,synthetic_demo,family-7-outcome-intelligence/O04_benefits-realization.csv,220,2026-06-18,2026-01-01,2026-06-18,static_snapshot,medium,synthetic_demo,confidential,Tower|Intelligence,budget|actual|forecast|proxy_value|gap,roi_without_value_basis|bare_amount_without_entity_period_type,data_thin:vendor_id_missing|data_thin:system_id_missing|data_thin:renewal_or_gate_date_missing,2026-06-28T00:00:00Z,2026-06-28T00:00:00Z,BEN-00219,120.5,Revenue,Transformation Office,INIT-0065,data_thin:vendor_id_missing,data_thin:system_id_missing,Revenue,data_thin:renewal_or_gate_date_missing,MET-0117,Audit confirmation
skyharbor-air,Airline Demo,v6.0,spend_value,BEN-00220,spend_value record,v4_synthetic_pack,Transformation Office,synthetic_demo,family-7-outcome-intelligence/O04_benefits-realization.csv,221,2026-06-18,2026-01-01,2026-06-18,static_snapshot,medium,synthetic_demo,confidential,Tower|Intelligence,budget|actual|forecast|proxy_value|gap,roi_without_value_basis|bare_amount_without_entity_period_type,data_thin:vendor_id_missing|data_thin:system_id_missing|data_thin:renewal_or_gate_date_missing,2026-06-28T00:00:00Z,2026-06-28T00:00:00Z,BEN-00220,121.6,Compliance,Transformation Office,INIT-0085,data_thin:vendor_id_missing,data_thin:system_id_missing,Compliance,data_thin:renewal_or_gate_date_missing,MET-0128,System telemetry
skyharbor-air,Airline Demo,v6.0,spend_value,BEN-00221,spend_value record,v4_synthetic_pack,Ops Excellence,synthetic_demo,family-7-outcome-intelligence/O04_benefits-realization.csv,222,2026-06-18,2026-01-01,2026-06-18,static_snapshot,medium,synthetic_demo,confidential,Tower|Intelligence,budget|actual|forecast|proxy_value|gap,roi_without_value_basis|bare_amount_without_entity_period_type,data_thin:vendor_id_missing|data_thin:system_id_missing|data_thin:renewal_or_gate_date_missing,2026-06-28T00:00:00Z,2026-06-28T00:00:00Z,BEN-00221,18.5,Risk Reduction,Ops Excellence,INIT-0035,data_thin:vendor_id_missing,data_thin:system_id_missing,Risk Reduction,data_thin:renewal_or_gate_date_missing,MET-0082,Audit confirmation
skyharbor-air,Airline Demo,v6.0,spend_value,BEN-00222,spend_value record,v4_synthetic_pack,Transformation Office,synthetic_demo,family-7-outcome-intelligence/O04_benefits-realization.csv,223,2026-06-18,2026-01-01,2026-06-18,static_snapshot,medium,synthetic_demo,confidential,Tower|Intelligence,budget|actual|forecast|proxy_value|gap,roi_without_value_basis|bare_amount_without_entity_period_type,data_thin:vendor_id_missing|data_thin:system_id_missing|data_thin:renewal_or_gate_date_missing,2026-06-28T00:00:00Z,2026-06-28T00:00:00Z,BEN-00222,71.7,Revenue,Transformation Office,INIT-0070,data_thin:vendor_id_missing,data_thin:system_id_missing,Revenue,data_thin:renewal_or_gate_date_missing,MET-0167,Operational KPI delta
skyharbor-air,Airline Demo,v6.0,spend_value,BEN-00223,spend_value record,v4_synthetic_pack,BU Finance,synthetic_demo,family-7-outcome-intelligence/O04_benefits-realization.csv,224,2026-06-18,2026-01-01,2026-06-18,static_snapshot,medium,synthetic_demo,confidential,Tower|Intelligence,budget|actual|forecast|proxy_value|gap,roi_without_value_basis|bare_amount_without_entity_period_type,data_thin:vendor_id_missing|data_thin:system_id_missing|data_thin:renewal_or_gate_date_missing,2026-06-28T00:00:00Z,2026-06-28T00:00:00Z,BEN-00223,6.1,Compliance,BU Finance,INIT-0011,data_thin:vendor_id_missing,data_thin:system_id_missing,Compliance,data_thin:renewal_or_gate_date_missing,MET-0061,System telemetry
skyharbor-air,Airline Demo,v6.0,spend_value,BEN-00224,spend_value record,v4_synthetic_pack,Ops Excellence,synthetic_demo,family-7-outcome-intelligence/O04_benefits-realization.csv,225,2026-06-18,2026-01-01,2026-06-18,static_snapshot,medium,synthetic_demo,confidential,Tower|Intelligence,budget|actual|forecast|proxy_value|gap,roi_without_value_basis|bare_amount_without_entity_period_type,data_thin:vendor_id_missing|data_thin:system_id_missing|data_thin:renewal_or_gate_date_missing,2026-06-28T00:00:00Z,2026-06-28T00:00:00Z,BEN-00224,0.3,Cost Takeout,Ops Excellence,INIT-0005,data_thin:vendor_id_missing,data_thin:system_id_missing,Cost Takeout,data_thin:renewal_or_gate_date_missing,MET-0060,Modelled estimate
skyharbor-air,Airline Demo,v6.0,spend_value,BEN-00225,spend_value record,v4_synthetic_pack,CFO Office,synthetic_demo,family-7-outcome-intelligence/O04_benefits-realization.csv,226,2026-06-18,2026-01-01,2026-06-18,static_snapshot,medium,synthetic_demo,confidential,Tower|Intelligence,budget|actual|forecast|proxy_value|gap,roi_without_value_basis|bare_amount_without_entity_period_type,data_thin:vendor_id_missing|data_thin:system_id_missing|data_thin:renewal_or_gate_date_missing,2026-06-28T00:00:00Z,2026-06-28T00:00:00Z,BEN-00225,62.6,Risk Reduction,CFO Office,INIT-0041,data_thin:vendor_id_missing,data_thin:system_id_missing,Risk Reduction,data_thin:renewal_or_gate_date_missing,MET-0132,Operational KPI delta
skyharbor-air,Airline Demo,v6.0,spend_value,BEN-00226,spend_value record,v4_synthetic_pack,Ops Excellence,synthetic_demo,family-7-outcome-intelligence/O04_benefits-realization.csv,227,2026-06-18,2026-01-01,2026-06-18,static_snapshot,medium,synthetic_demo,confidential,Tower|Intelligence,budget|actual|forecast|proxy_value|gap,roi_without_value_basis|bare_amount_without_entity_period_type,data_thin:vendor_id_missing|data_thin:system_id_missing|data_thin:renewal_or_gate_date_missing,2026-06-28T00:00:00Z,2026-06-28T00:00:00Z,BEN-00226,43.1,Revenue,Ops Excellence,INIT-0085,data_thin:vendor_id_missing,data_thin:system_id_missing,Revenue,data_thin:renewal_or_gate_date_missing,MET-0112,Finance-validated
skyharbor-air,Airline Demo,v6.0,spend_value,BEN-00227,spend_value record,v4_synthetic_pack,Ops Excellence,synthetic_demo,family-7-outcome-intelligence/O04_benefits-realization.csv,228,2026-06-18,2026-01-01,2026-06-18,static_snapshot,medium,synthetic_demo,confidential,Tower|Intelligence,budget|actual|forecast|proxy_value|gap,roi_without_value_basis|bare_amount_without_entity_period_type,data_thin:vendor_id_missing|data_thin:system_id_missing|data_thin:renewal_or_gate_date_missing,2026-06-28T00:00:00Z,2026-06-28T00:00:00Z,BEN-00227,25.1,Cost Takeout,Ops Excellence,INIT-0076,data_thin:vendor_id_missing,data_thin:system_id_missing,Cost Takeout,data_thin:renewal_or_gate_date_missing,MET-0063,Audit confirmation
skyharbor-air,Airline Demo,v6.0,spend_value,BEN-00228,spend_value record,v4_synthetic_pack,Ops Excellence,synthetic_demo,family-7-outcome-intelligence/O04_benefits-realization.csv,229,2026-06-18,2026-01-01,2026-06-18,static_snapshot,medium,synthetic_demo,confidential,Tower|Intelligence,budget|actual|forecast|proxy_value|gap,roi_without_value_basis|bare_amount_without_entity_period_type,data_thin:vendor_id_missing|data_thin:system_id_missing|data_thin:renewal_or_gate_date_missing,2026-06-28T00:00:00Z,2026-06-28T00:00:00Z,BEN-00228,76.7,Compliance,Ops Excellence,INIT-0101,data_thin:vendor_id_missing,data_thin:system_id_missing,Compliance,data_thin:renewal_or_gate_date_missing,MET-0064,Finance-validated
skyharbor-air,Airline Demo,v6.0,spend_value,BEN-00229,spend_value record,v4_synthetic_pack,CFO Office,synthetic_demo,family-7-outcome-intelligence/O04_benefits-realization.csv,230,2026-06-18,2026-01-01,2026-06-18,static_snapshot,medium,synthetic_demo,confidential,Tower|Intelligence,budget|actual|forecast|proxy_value|gap,roi_without_value_basis|bare_amount_without_entity_period_type,data_thin:vendor_id_missing|data_thin:system_id_missing|data_thin:renewal_or_gate_date_missing,2026-06-28T00:00:00Z,2026-06-28T00:00:00Z,BEN-00229,121.9,Cost Takeout,CFO Office,INIT-0032,data_thin:vendor_id_missing,data_thin:system_id_missing,Cost Takeout,data_thin:renewal_or_gate_date_missing,MET-0047,Operational KPI delta
skyharbor-air,Airline Demo,v6.0,spend_value,BEN-00230,spend_value record,v4_synthetic_pack,Transformation Office,synthetic_demo,family-7-outcome-intelligence/O04_benefits-realization.csv,231,2026-06-18,2026-01-01,2026-06-18,static_snapshot,medium,synthetic_demo,confidential,Tower|Intelligence,budget|actual|forecast|proxy_value|gap,roi_without_value_basis|bare_amount_without_entity_period_type,data_thin:vendor_id_missing|data_thin:system_id_missing|data_thin:renewal_or_gate_date_missing,2026-06-28T00:00:00Z,2026-06-28T00:00:00Z,BEN-00230,73,Compliance,Transformation Office,INIT-0093,data_thin:vendor_id_missing,data_thin:system_id_missing,Compliance,data_thin:renewal_or_gate_date_missing,MET-0133,Modelled estimate
skyharbor-air,Airline Demo,v6.0,spend_value,BEN-00231,spend_value record,v4_synthetic_pack,CFO Office,synthetic_demo,family-7-outcome-intelligence/O04_benefits-realization.csv,232,2026-06-18,2026-01-01,2026-06-18,static_snapshot,medium,synthetic_demo,confidential,Tower|Intelligence,budget|actual|forecast|proxy_value|gap,roi_without_value_basis|bare_amount_without_entity_period_type,data_thin:vendor_id_missing|data_thin:system_id_missing|data_thin:renewal_or_gate_date_missing,2026-06-28T00:00:00Z,2026-06-28T00:00:00Z,BEN-00231,49.5,Revenue,CFO Office,INIT-0036,data_thin:vendor_id_missing,data_thin:system_id_missing,Revenue,data_thin:renewal_or_gate_date_missing,MET-0059,Modelled estimate
skyharbor-air,Airline Demo,v6.0,spend_value,BEN-00232,spend_value record,v4_synthetic_pack,CFO Office,synthetic_demo,family-7-outcome-intelligence/O04_benefits-realization.csv,233,2026-06-18,2026-01-01,2026-06-18,static_snapshot,medium,synthetic_demo,confidential,Tower|Intelligence,budget|actual|forecast|proxy_value|gap,roi_without_value_basis|bare_amount_without_entity_period_type,data_thin:vendor_id_missing|data_thin:system_id_missing|data_thin:renewal_or_gate_date_missing,2026-06-28T00:00:00Z,2026-06-28T00:00:00Z,BEN-00232,3.8,Cost Takeout,CFO Office,INIT-0116,data_thin:vendor_id_missing,data_thin:system_id_missing,Cost Takeout,data_thin:renewal_or_gate_date_missing,MET-0150,System telemetry
skyharbor-air,Airline Demo,v6.0,spend_value,BEN-00233,spend_value record,v4_synthetic_pack,BU Finance,synthetic_demo,family-7-outcome-intelligence/O04_benefits-realization.csv,234,2026-06-18,2026-01-01,2026-06-18,static_snapshot,medium,synthetic_demo,confidential,Tower|Intelligence,budget|actual|forecast|proxy_value|gap,roi_without_value_basis|bare_amount_without_entity_period_type,data_thin:vendor_id_missing|data_thin:system_id_missing|data_thin:renewal_or_gate_date_missing,2026-06-28T00:00:00Z,2026-06-28T00:00:00Z,BEN-00233,39.4,Revenue,BU Finance,INIT-0068,data_thin:vendor_id_missing,data_thin:system_id_missing,Revenue,data_thin:renewal_or_gate_date_missing,MET-0103,System telemetry
skyharbor-air,Airline Demo,v6.0,spend_value,BEN-00234,spend_value record,v4_synthetic_pack,Transformation Office,synthetic_demo,family-7-outcome-intelligence/O04_benefits-realization.csv,235,2026-06-18,2026-01-01,2026-06-18,static_snapshot,medium,synthetic_demo,confidential,Tower|Intelligence,budget|actual|forecast|proxy_value|gap,roi_without_value_basis|bare_amount_without_entity_period_type,data_thin:vendor_id_missing|data_thin:system_id_missing|data_thin:renewal_or_gate_date_missing,2026-06-28T00:00:00Z,2026-06-28T00:00:00Z,BEN-00234,124.9,Productivity,Transformation Office,INIT-0067,data_thin:vendor_id_missing,data_thin:system_id_missing,Productivity,data_thin:renewal_or_gate_date_missing,MET-0141,Finance-validated
skyharbor-air,Airline Demo,v6.0,spend_value,BEN-00235,spend_value record,v4_synthetic_pack,BU Finance,synthetic_demo,family-7-outcome-intelligence/O04_benefits-realization.csv,236,2026-06-18,2026-01-01,2026-06-18,static_snapshot,medium,synthetic_demo,confidential,Tower|Intelligence,budget|actual|forecast|proxy_value|gap,roi_without_value_basis|bare_amount_without_entity_period_type,data_thin:vendor_id_missing|data_thin:system_id_missing|data_thin:renewal_or_gate_date_missing,2026-06-28T00:00:00Z,2026-06-28T00:00:00Z,BEN-00235,110.5,Cost Takeout,BU Finance,INIT-0009,data_thin:vendor_id_missing,data_thin:system_id_missing,Cost Takeout,data_thin:renewal_or_gate_date_missing,MET-0013,Modelled estimate
skyharbor-air,Airline Demo,v6.0,spend_value,BEN-00236,spend_value record,v4_synthetic_pack,BU Finance,synthetic_demo,family-7-outcome-intelligence/O04_benefits-realization.csv,237,2026-06-18,2026-01-01,2026-06-18,static_snapshot,medium,synthetic_demo,confidential,Tower|Intelligence,budget|actual|forecast|proxy_value|gap,roi_without_value_basis|bare_amount_without_entity_period_type,data_thin:vendor_id_missing|data_thin:system_id_missing|data_thin:renewal_or_gate_date_missing,2026-06-28T00:00:00Z,2026-06-28T00:00:00Z,BEN-00236,24.9,Revenue,BU Finance,INIT-0048,data_thin:vendor_id_missing,data_thin:system_id_missing,Revenue,data_thin:renewal_or_gate_date_missing,MET-0145,Finance-validated
skyharbor-air,Airline Demo,v6.0,spend_value,BEN-00237,spend_value record,v4_synthetic_pack,BU Finance,synthetic_demo,family-7-outcome-intelligence/O04_benefits-realization.csv,238,2026-06-18,2026-01-01,2026-06-18,static_snapshot,medium,synthetic_demo,confidential,Tower|Intelligence,budget|actual|forecast|proxy_value|gap,roi_without_value_basis|bare_amount_without_entity_period_type,data_thin:vendor_id_missing|data_thin:system_id_missing|data_thin:renewal_or_gate_date_missing,2026-06-28T00:00:00Z,2026-06-28T00:00:00Z,BEN-00237,15.2,Compliance,BU Finance,INIT-0061,data_thin:vendor_id_missing,data_thin:system_id_missing,Compliance,data_thin:renewal_or_gate_date_missing,MET-0150,System telemetry
skyharbor-air,Airline Demo,v6.0,spend_value,BEN-00238,spend_value record,v4_synthetic_pack,Transformation Office,synthetic_demo,family-7-outcome-intelligence/O04_benefits-realization.csv,239,2026-06-18,2026-01-01,2026-06-18,static_snapshot,medium,synthetic_demo,confidential,Tower|Intelligence,budget|actual|forecast|proxy_value|gap,roi_without_value_basis|bare_amount_without_entity_period_type,data_thin:vendor_id_missing|data_thin:system_id_missing|data_thin:renewal_or_gate_date_missing,2026-06-28T00:00:00Z,2026-06-28T00:00:00Z,BEN-00238,37.9,Compliance,Transformation Office,INIT-0104,data_thin:vendor_id_missing,data_thin:system_id_missing,Compliance,data_thin:renewal_or_gate_date_missing,MET-0109,Operational KPI delta
skyharbor-air,Airline Demo,v6.0,spend_value,BEN-00239,spend_value record,v4_synthetic_pack,CFO Office,synthetic_demo,family-7-outcome-intelligence/O04_benefits-realization.csv,240,2026-06-18,2026-01-01,2026-06-18,static_snapshot,medium,synthetic_demo,confidential,Tower|Intelligence,budget|actual|forecast|proxy_value|gap,roi_without_value_basis|bare_amount_without_entity_period_type,data_thin:vendor_id_missing|data_thin:system_id_missing|data_thin:renewal_or_gate_date_missing,2026-06-28T00:00:00Z,2026-06-28T00:00:00Z,BEN-00239,4,Revenue,CFO Office,INIT-0078,data_thin:vendor_id_missing,data_thin:system_id_missing,Revenue,data_thin:renewal_or_gate_date_missing,MET-0054,Modelled estimate
skyharbor-air,Airline Demo,v6.0,spend_value,BEN-00240,spend_value record,v4_synthetic_pack,Transformation Office,synthetic_demo,family-7-outcome-intelligence/O04_benefits-realization.csv,241,2026-06-18,2026-01-01,2026-06-18,static_snapshot,medium,synthetic_demo,confidential,Tower|Intelligence,budget|actual|forecast|proxy_value|gap,roi_without_value_basis|bare_amount_without_entity_period_type,data_thin:vendor_id_missing|data_thin:system_id_missing|data_thin:renewal_or_gate_date_missing,2026-06-28T00:00:00Z,2026-06-28T00:00:00Z,BEN-00240,42.2,Productivity,Transformation Office,INIT-0110,data_thin:vendor_id_missing,data_thin:system_id_missing,Productivity,data_thin:renewal_or_gate_date_missing,MET-0039,Modelled estimate
skyharbor-air,Airline Demo,v6.0,spend_value,BEN-00241,spend_value record,v4_synthetic_pack,BU Finance,synthetic_demo,family-7-outcome-intelligence/O04_benefits-realization.csv,242,2026-06-18,2026-01-01,2026-06-18,static_snapshot,medium,synthetic_demo,confidential,Tower|Intelligence,budget|actual|forecast|proxy_value|gap,roi_without_value_basis|bare_amount_without_entity_period_type,data_thin:vendor_id_missing|data_thin:system_id_missing|data_thin:renewal_or_gate_date_missing,2026-06-28T00:00:00Z,2026-06-28T00:00:00Z,BEN-00241,62,Risk Reduction,BU Finance,INIT-0038,data_thin:vendor_id_missing,data_thin:system_id_missing,Risk Reduction,data_thin:renewal_or_gate_date_missing,MET-0035,Finance-validated
skyharbor-air,Airline Demo,v6.0,spend_value,BEN-00242,spend_value record,v4_synthetic_pack,CFO Office,synthetic_demo,family-7-outcome-intelligence/O04_benefits-realization.csv,243,2026-06-18,2026-01-01,2026-06-18,static_snapshot,medium,synthetic_demo,confidential,Tower|Intelligence,budget|actual|forecast|proxy_value|gap,roi_without_value_basis|bare_amount_without_entity_period_type,data_thin:vendor_id_missing|data_thin:system_id_missing|data_thin:renewal_or_gate_date_missing,2026-06-28T00:00:00Z,2026-06-28T00:00:00Z,BEN-00242,57.7,Revenue,CFO Office,INIT-0120,data_thin:vendor_id_missing,data_thin:system_id_missing,Revenue,data_thin:renewal_or_gate_date_missing,MET-0111,Finance-validated
skyharbor-air,Airline Demo,v6.0,spend_value,BEN-00243,spend_value record,v4_synthetic_pack,Ops Excellence,synthetic_demo,family-7-outcome-intelligence/O04_benefits-realization.csv,244,2026-06-18,2026-01-01,2026-06-18,static_snapshot,medium,synthetic_demo,confidential,Tower|Intelligence,budget|actual|forecast|proxy_value|gap,roi_without_value_basis|bare_amount_without_entity_period_type,data_thin:vendor_id_missing|data_thin:system_id_missing|data_thin:renewal_or_gate_date_missing,2026-06-28T00:00:00Z,2026-06-28T00:00:00Z,BEN-00243,4.3,Cost Takeout,Ops Excellence,INIT-0100,data_thin:vendor_id_missing,data_thin:system_id_missing,Cost Takeout,data_thin:renewal_or_gate_date_missing,MET-0085,Operational KPI delta
skyharbor-air,Airline Demo,v6.0,spend_value,BEN-00244,spend_value record,v4_synthetic_pack,BU Finance,synthetic_demo,family-7-outcome-intelligence/O04_benefits-realization.csv,245,2026-06-18,2026-01-01,2026-06-18,static_snapshot,medium,synthetic_demo,confidential,Tower|Intelligence,budget|actual|forecast|proxy_value|gap,roi_without_value_basis|bare_amount_without_entity_period_type,data_thin:vendor_id_missing|data_thin:system_id_missing|data_thin:renewal_or_gate_date_missing,2026-06-28T00:00:00Z,2026-06-28T00:00:00Z,BEN-00244,82.3,Cost Takeout,BU Finance,INIT-0083,data_thin:vendor_id_missing,data_thin:system_id_missing,Cost Takeout,data_thin:renewal_or_gate_date_missing,MET-0016,Modelled estimate
skyharbor-air,Airline Demo,v6.0,spend_value,BEN-00245,spend_value record,v4_synthetic_pack,Transformation Office,synthetic_demo,family-7-outcome-intelligence/O04_benefits-realization.csv,246,2026-06-18,2026-01-01,2026-06-18,static_snapshot,medium,synthetic_demo,confidential,Tower|Intelligence,budget|actual|forecast|proxy_value|gap,roi_without_value_basis|bare_amount_without_entity_period_type,data_thin:vendor_id_missing|data_thin:system_id_missing|data_thin:renewal_or_gate_date_missing,2026-06-28T00:00:00Z,2026-06-28T00:00:00Z,BEN-00245,66.1,Productivity,Transformation Office,INIT-0008,data_thin:vendor_id_missing,data_thin:system_id_missing,Productivity,data_thin:renewal_or_gate_date_missing,MET-0172,Survey-based
skyharbor-air,Airline Demo,v6.0,spend_value,BEN-00246,spend_value record,v4_synthetic_pack,Transformation Office,synthetic_demo,family-7-outcome-intelligence/O04_benefits-realization.csv,247,2026-06-18,2026-01-01,2026-06-18,static_snapshot,medium,synthetic_demo,confidential,Tower|Intelligence,budget|actual|forecast|proxy_value|gap,roi_without_value_basis|bare_amount_without_entity_period_type,data_thin:vendor_id_missing|data_thin:system_id_missing|data_thin:renewal_or_gate_date_missing,2026-06-28T00:00:00Z,2026-06-28T00:00:00Z,BEN-00246,108.4,Cost Takeout,Transformation Office,INIT-0107,data_thin:vendor_id_missing,data_thin:system_id_missing,Cost Takeout,data_thin:renewal_or_gate_date_missing,MET-0067,Finance-validated
skyharbor-air,Airline Demo,v6.0,spend_value,BEN-00247,spend_value record,v4_synthetic_pack,Ops Excellence,synthetic_demo,family-7-outcome-intelligence/O04_benefits-realization.csv,248,2026-06-18,2026-01-01,2026-06-18,static_snapshot,medium,synthetic_demo,confidential,Tower|Intelligence,budget|actual|forecast|proxy_value|gap,roi_without_value_basis|bare_amount_without_entity_period_type,data_thin:vendor_id_missing|data_thin:system_id_missing|data_thin:renewal_or_gate_date_missing,2026-06-28T00:00:00Z,2026-06-28T00:00:00Z,BEN-00247,8.7,Revenue,Ops Excellence,INIT-0045,data_thin:vendor_id_missing,data_thin:system_id_missing,Revenue,data_thin:renewal_or_gate_date_missing,MET-0063,Survey-based
skyharbor-air,Airline Demo,v6.0,spend_value,BEN-00248,spend_value record,v4_synthetic_pack,Ops Excellence,synthetic_demo,family-7-outcome-intelligence/O04_benefits-realization.csv,249,2026-06-18,2026-01-01,2026-06-18,static_snapshot,medium,synthetic_demo,confidential,Tower|Intelligence,budget|actual|forecast|proxy_value|gap,roi_without_value_basis|bare_amount_without_entity_period_type,data_thin:vendor_id_missing|data_thin:system_id_missing|data_thin:renewal_or_gate_date_missing,2026-06-28T00:00:00Z,2026-06-28T00:00:00Z,BEN-00248,33.7,Risk Reduction,Ops Excellence,INIT-0010,data_thin:vendor_id_missing,data_thin:system_id_missing,Risk Reduction,data_thin:renewal_or_gate_date_missing,MET-0125,Finance-validated
skyharbor-air,Airline Demo,v6.0,spend_value,BEN-00249,spend_value record,v4_synthetic_pack,Transformation Office,synthetic_demo,family-7-outcome-intelligence/O04_benefits-realization.csv,250,2026-06-18,2026-01-01,2026-06-18,static_snapshot,medium,synthetic_demo,confidential,Tower|Intelligence,budget|actual|forecast|proxy_value|gap,roi_without_value_basis|bare_amount_without_entity_period_type,data_thin:vendor_id_missing|data_thin:system_id_missing|data_thin:renewal_or_gate_date_missing,2026-06-28T00:00:00Z,2026-06-28T00:00:00Z,BEN-00249,87.6,Revenue,Transformation Office,INIT-0022,data_thin:vendor_id_missing,data_thin:system_id_missing,Revenue,data_thin:renewal_or_gate_date_missing,MET-0157,Audit confirmation
skyharbor-air,Airline Demo,v6.0,spend_value,BEN-00250,spend_value record,v4_synthetic_pack,CFO Office,synthetic_demo,family-7-outcome-intelligence/O04_benefits-realization.csv,251,2026-06-18,2026-01-01,2026-06-18,static_snapshot,medium,synthetic_demo,confidential,Tower|Intelligence,budget|actual|forecast|proxy_value|gap,roi_without_value_basis|bare_amount_without_entity_period_type,data_thin:vendor_id_missing|data_thin:system_id_missing|data_thin:renewal_or_gate_date_missing,2026-06-28T00:00:00Z,2026-06-28T00:00:00Z,BEN-00250,73.5,Compliance,CFO Office,INIT-0102,data_thin:vendor_id_missing,data_thin:system_id_missing,Compliance,data_thin:renewal_or_gate_date_missing,MET-0026,System telemetry
skyharbor-air,Airline Demo,v6.0,spend_value,BEN-00251,spend_value record,v4_synthetic_pack,Ops Excellence,synthetic_demo,family-7-outcome-intelligence/O04_benefits-realization.csv,252,2026-06-18,2026-01-01,2026-06-18,static_snapshot,medium,synthetic_demo,confidential,Tower|Intelligence,budget|actual|forecast|proxy_value|gap,roi_without_value_basis|bare_amount_without_entity_period_type,data_thin:vendor_id_missing|data_thin:system_id_missing|data_thin:renewal_or_gate_date_missing,2026-06-28T00:00:00Z,2026-06-28T00:00:00Z,BEN-00251,82.3,Revenue,Ops Excellence,INIT-0024,data_thin:vendor_id_missing,data_thin:system_id_missing,Revenue,data_thin:renewal_or_gate_date_missing,MET-0163,Operational KPI delta
skyharbor-air,Airline Demo,v6.0,spend_value,BEN-00252,spend_value record,v4_synthetic_pack,Transformation Office,synthetic_demo,family-7-outcome-intelligence/O04_benefits-realization.csv,253,2026-06-18,2026-01-01,2026-06-18,static_snapshot,medium,synthetic_demo,confidential,Tower|Intelligence,budget|actual|forecast|proxy_value|gap,roi_without_value_basis|bare_amount_without_entity_period_type,data_thin:vendor_id_missing|data_thin:system_id_missing|data_thin:renewal_or_gate_date_missing,2026-06-28T00:00:00Z,2026-06-28T00:00:00Z,BEN-00252,29.4,Risk Reduction,Transformation Office,INIT-0068,data_thin:vendor_id_missing,data_thin:system_id_missing,Risk Reduction,data_thin:renewal_or_gate_date_missing,MET-0045,System telemetry
skyharbor-air,Airline Demo,v6.0,spend_value,BEN-00253,spend_value record,v4_synthetic_pack,BU Finance,synthetic_demo,family-7-outcome-intelligence/O04_benefits-realization.csv,254,2026-06-18,2026-01-01,2026-06-18,static_snapshot,medium,synthetic_demo,confidential,Tower|Intelligence,budget|actual|forecast|proxy_value|gap,roi_without_value_basis|bare_amount_without_entity_period_type,data_thin:vendor_id_missing|data_thin:system_id_missing|data_thin:renewal_or_gate_date_missing,2026-06-28T00:00:00Z,2026-06-28T00:00:00Z,BEN-00253,5.4,Compliance,BU Finance,INIT-0107,data_thin:vendor_id_missing,data_thin:system_id_missing,Compliance,data_thin:renewal_or_gate_date_missing,MET-0114,Operational KPI delta
skyharbor-air,Airline Demo,v6.0,spend_value,BEN-00254,spend_value record,v4_synthetic_pack,Ops Excellence,synthetic_demo,family-7-outcome-intelligence/O04_benefits-realization.csv,255,2026-06-18,2026-01-01,2026-06-18,static_snapshot,medium,synthetic_demo,confidential,Tower|Intelligence,budget|actual|forecast|proxy_value|gap,roi_without_value_basis|bare_amount_without_entity_period_type,data_thin:vendor_id_missing|data_thin:system_id_missing|data_thin:renewal_or_gate_date_missing,2026-06-28T00:00:00Z,2026-06-28T00:00:00Z,BEN-00254,131.2,Productivity,Ops Excellence,INIT-0019,data_thin:vendor_id_missing,data_thin:system_id_missing,Productivity,data_thin:renewal_or_gate_date_missing,MET-0176,Modelled estimate
skyharbor-air,Airline Demo,v6.0,spend_value,BEN-00255,spend_value record,v4_synthetic_pack,Ops Excellence,synthetic_demo,family-7-outcome-intelligence/O04_benefits-realization.csv,256,2026-06-18,2026-01-01,2026-06-18,static_snapshot,medium,synthetic_demo,confidential,Tower|Intelligence,budget|actual|forecast|proxy_value|gap,roi_without_value_basis|bare_amount_without_entity_period_type,data_thin:vendor_id_missing|data_thin:system_id_missing|data_thin:renewal_or_gate_date_missing,2026-06-28T00:00:00Z,2026-06-28T00:00:00Z,BEN-00255,24.2,Risk Reduction,Ops Excellence,INIT-0029,data_thin:vendor_id_missing,data_thin:system_id_missing,Risk Reduction,data_thin:renewal_or_gate_date_missing,MET-0107,Survey-based
skyharbor-air,Airline Demo,v6.0,spend_value,BEN-00256,spend_value record,v4_synthetic_pack,CFO Office,synthetic_demo,family-7-outcome-intelligence/O04_benefits-realization.csv,257,2026-06-18,2026-01-01,2026-06-18,static_snapshot,medium,synthetic_demo,confidential,Tower|Intelligence,budget|actual|forecast|proxy_value|gap,roi_without_value_basis|bare_amount_without_entity_period_type,data_thin:vendor_id_missing|data_thin:system_id_missing|data_thin:renewal_or_gate_date_missing,2026-06-28T00:00:00Z,2026-06-28T00:00:00Z,BEN-00256,109,Risk Reduction,CFO Office,INIT-0019,data_thin:vendor_id_missing,data_thin:system_id_missing,Risk Reduction,data_thin:renewal_or_gate_date_missing,MET-0116,Operational KPI delta
skyharbor-air,Airline Demo,v6.0,spend_value,BEN-00257,spend_value record,v4_synthetic_pack,CFO Office,synthetic_demo,family-7-outcome-intelligence/O04_benefits-realization.csv,258,2026-06-18,2026-01-01,2026-06-18,static_snapshot,medium,synthetic_demo,confidential,Tower|Intelligence,budget|actual|forecast|proxy_value|gap,roi_without_value_basis|bare_amount_without_entity_period_type,data_thin:vendor_id_missing|data_thin:system_id_missing|data_thin:renewal_or_gate_date_missing,2026-06-28T00:00:00Z,2026-06-28T00:00:00Z,BEN-00257,68.4,Compliance,CFO Office,INIT-0071,data_thin:vendor_id_missing,data_thin:system_id_missing,Compliance,data_thin:renewal_or_gate_date_missing,MET-0064,Audit confirmation
skyharbor-air,Airline Demo,v6.0,spend_value,BEN-00258,spend_value record,v4_synthetic_pack,Ops Excellence,synthetic_demo,family-7-outcome-intelligence/O04_benefits-realization.csv,259,2026-06-18,2026-01-01,2026-06-18,static_snapshot,medium,synthetic_demo,confidential,Tower|Intelligence,budget|actual|forecast|proxy_value|gap,roi_without_value_basis|bare_amount_without_entity_period_type,data_thin:vendor_id_missing|data_thin:system_id_missing|data_thin:renewal_or_gate_date_missing,2026-06-28T00:00:00Z,2026-06-28T00:00:00Z,BEN-00258,56.8,Revenue,Ops Excellence,INIT-0079,data_thin:vendor_id_missing,data_thin:system_id_missing,Revenue,data_thin:renewal_or_gate_date_missing,MET-0039,System telemetry
skyharbor-air,Airline Demo,v6.0,spend_value,BEN-00259,spend_value record,v4_synthetic_pack,Ops Excellence,synthetic_demo,family-7-outcome-intelligence/O04_benefits-realization.csv,260,2026-06-18,2026-01-01,2026-06-18,static_snapshot,medium,synthetic_demo,confidential,Tower|Intelligence,budget|actual|forecast|proxy_value|gap,roi_without_value_basis|bare_amount_without_entity_period_type,data_thin:vendor_id_missing|data_thin:system_id_missing|data_thin:renewal_or_gate_date_missing,2026-06-28T00:00:00Z,2026-06-28T00:00:00Z,BEN-00259,63.7,Revenue,Ops Excellence,INIT-0064,data_thin:vendor_id_missing,data_thin:system_id_missing,Revenue,data_thin:renewal_or_gate_date_missing,MET-0030,Survey-based
skyharbor-air,Airline Demo,v6.0,spend_value,BEN-00260,spend_value record,v4_synthetic_pack,BU Finance,synthetic_demo,family-7-outcome-intelligence/O04_benefits-realization.csv,261,2026-06-18,2026-01-01,2026-06-18,static_snapshot,medium,synthetic_demo,confidential,Tower|Intelligence,budget|actual|forecast|proxy_value|gap,roi_without_value_basis|bare_amount_without_entity_period_type,data_thin:vendor_id_missing|data_thin:system_id_missing|data_thin:renewal_or_gate_date_missing,2026-06-28T00:00:00Z,2026-06-28T00:00:00Z,BEN-00260,159.1,Compliance,BU Finance,INIT-0012,data_thin:vendor_id_missing,data_thin:system_id_missing,Compliance,data_thin:renewal_or_gate_date_missing,MET-0048,Modelled estimate
skyharbor-air,Airline Demo,v6.0,spend_value,BEN-00261,spend_value record,v4_synthetic_pack,CFO Office,synthetic_demo,family-7-outcome-intelligence/O04_benefits-realization.csv,262,2026-06-18,2026-01-01,2026-06-18,static_snapshot,medium,synthetic_demo,confidential,Tower|Intelligence,budget|actual|forecast|proxy_value|gap,roi_without_value_basis|bare_amount_without_entity_period_type,data_thin:vendor_id_missing|data_thin:system_id_missing|data_thin:renewal_or_gate_date_missing,2026-06-28T00:00:00Z,2026-06-28T00:00:00Z,BEN-00261,11.7,Compliance,CFO Office,INIT-0016,data_thin:vendor_id_missing,data_thin:system_id_missing,Compliance,data_thin:renewal_or_gate_date_missing,MET-0018,Audit confirmation
skyharbor-air,Airline Demo,v6.0,spend_value,BEN-00262,spend_value record,v4_synthetic_pack,Ops Excellence,synthetic_demo,family-7-outcome-intelligence/O04_benefits-realization.csv,263,2026-06-18,2026-01-01,2026-06-18,static_snapshot,medium,synthetic_demo,confidential,Tower|Intelligence,budget|actual|forecast|proxy_value|gap,roi_without_value_basis|bare_amount_without_entity_period_type,data_thin:vendor_id_missing|data_thin:system_id_missing|data_thin:renewal_or_gate_date_missing,2026-06-28T00:00:00Z,2026-06-28T00:00:00Z,BEN-00262,24.6,Revenue,Ops Excellence,INIT-0091,data_thin:vendor_id_missing,data_thin:system_id_missing,Revenue,data_thin:renewal_or_gate_date_missing,MET-0136,Operational KPI delta
skyharbor-air,Airline Demo,v6.0,spend_value,BEN-00263,spend_value record,v4_synthetic_pack,CFO Office,synthetic_demo,family-7-outcome-intelligence/O04_benefits-realization.csv,264,2026-06-18,2026-01-01,2026-06-18,static_snapshot,medium,synthetic_demo,confidential,Tower|Intelligence,budget|actual|forecast|proxy_value|gap,roi_without_value_basis|bare_amount_without_entity_period_type,data_thin:vendor_id_missing|data_thin:system_id_missing|data_thin:renewal_or_gate_date_missing,2026-06-28T00:00:00Z,2026-06-28T00:00:00Z,BEN-00263,57.8,Productivity,CFO Office,INIT-0036,data_thin:vendor_id_missing,data_thin:system_id_missing,Productivity,data_thin:renewal_or_gate_date_missing,MET-0080,Modelled estimate
skyharbor-air,Airline Demo,v6.0,spend_value,BEN-00264,spend_value record,v4_synthetic_pack,BU Finance,synthetic_demo,family-7-outcome-intelligence/O04_benefits-realization.csv,265,2026-06-18,2026-01-01,2026-06-18,static_snapshot,medium,synthetic_demo,confidential,Tower|Intelligence,budget|actual|forecast|proxy_value|gap,roi_without_value_basis|bare_amount_without_entity_period_type,data_thin:vendor_id_missing|data_thin:system_id_missing|data_thin:renewal_or_gate_date_missing,2026-06-28T00:00:00Z,2026-06-28T00:00:00Z,BEN-00264,4.4,Cost Takeout,BU Finance,INIT-0054,data_thin:vendor_id_missing,data_thin:system_id_missing,Cost Takeout,data_thin:renewal_or_gate_date_missing,MET-0031,Modelled estimate
skyharbor-air,Airline Demo,v6.0,spend_value,BEN-00265,spend_value record,v4_synthetic_pack,Transformation Office,synthetic_demo,family-7-outcome-intelligence/O04_benefits-realization.csv,266,2026-06-18,2026-01-01,2026-06-18,static_snapshot,medium,synthetic_demo,confidential,Tower|Intelligence,budget|actual|forecast|proxy_value|gap,roi_without_value_basis|bare_amount_without_entity_period_type,data_thin:vendor_id_missing|data_thin:system_id_missing|data_thin:renewal_or_gate_date_missing,2026-06-28T00:00:00Z,2026-06-28T00:00:00Z,BEN-00265,56.5,Compliance,Transformation Office,INIT-0093,data_thin:vendor_id_missing,data_thin:system_id_missing,Compliance,data_thin:renewal_or_gate_date_missing,MET-0139,Operational KPI delta
skyharbor-air,Airline Demo,v6.0,spend_value,BEN-00266,spend_value record,v4_synthetic_pack,CFO Office,synthetic_demo,family-7-outcome-intelligence/O04_benefits-realization.csv,267,2026-06-18,2026-01-01,2026-06-18,static_snapshot,medium,synthetic_demo,confidential,Tower|Intelligence,budget|actual|forecast|proxy_value|gap,roi_without_value_basis|bare_amount_without_entity_period_type,data_thin:vendor_id_missing|data_thin:system_id_missing|data_thin:renewal_or_gate_date_missing,2026-06-28T00:00:00Z,2026-06-28T00:00:00Z,BEN-00266,40.6,Risk Reduction,CFO Office,INIT-0039,data_thin:vendor_id_missing,data_thin:system_id_missing,Risk Reduction,data_thin:renewal_or_gate_date_missing,MET-0104,Finance-validated
skyharbor-air,Airline Demo,v6.0,spend_value,BEN-00267,spend_value record,v4_synthetic_pack,Ops Excellence,synthetic_demo,family-7-outcome-intelligence/O04_benefits-realization.csv,268,2026-06-18,2026-01-01,2026-06-18,static_snapshot,medium,synthetic_demo,confidential,Tower|Intelligence,budget|actual|forecast|proxy_value|gap,roi_without_value_basis|bare_amount_without_entity_period_type,data_thin:vendor_id_missing|data_thin:system_id_missing|data_thin:renewal_or_gate_date_missing,2026-06-28T00:00:00Z,2026-06-28T00:00:00Z,BEN-00267,21.5,Revenue,Ops Excellence,INIT-0085,data_thin:vendor_id_missing,data_thin:system_id_missing,Revenue,data_thin:renewal_or_gate_date_missing,MET-0087,Audit confirmation
skyharbor-air,Airline Demo,v6.0,spend_value,BEN-00268,spend_value record,v4_synthetic_pack,Transformation Office,synthetic_demo,family-7-outcome-intelligence/O04_benefits-realization.csv,269,2026-06-18,2026-01-01,2026-06-18,static_snapshot,medium,synthetic_demo,confidential,Tower|Intelligence,budget|actual|forecast|proxy_value|gap,roi_without_value_basis|bare_amount_without_entity_period_type,data_thin:vendor_id_missing|data_thin:system_id_missing|data_thin:renewal_or_gate_date_missing,2026-06-28T00:00:00Z,2026-06-28T00:00:00Z,BEN-00268,10,Revenue,Transformation Office,INIT-0030,data_thin:vendor_id_missing,data_thin:system_id_missing,Revenue,data_thin:renewal_or_gate_date_missing,MET-0147,Finance-validated
skyharbor-air,Airline Demo,v6.0,spend_value,BEN-00269,spend_value record,v4_synthetic_pack,Ops Excellence,synthetic_demo,family-7-outcome-intelligence/O04_benefits-realization.csv,270,2026-06-18,2026-01-01,2026-06-18,static_snapshot,medium,synthetic_demo,confidential,Tower|Intelligence,budget|actual|forecast|proxy_value|gap,roi_without_value_basis|bare_amount_without_entity_period_type,data_thin:vendor_id_missing|data_thin:system_id_missing|data_thin:renewal_or_gate_date_missing,2026-06-28T00:00:00Z,2026-06-28T00:00:00Z,BEN-00269,60.1,Productivity,Ops Excellence,INIT-0099,data_thin:vendor_id_missing,data_thin:system_id_missing,Productivity,data_thin:renewal_or_gate_date_missing,MET-0041,Finance-validated
skyharbor-air,Airline Demo,v6.0,spend_value,BEN-00270,spend_value record,v4_synthetic_pack,Transformation Office,synthetic_demo,family-7-outcome-intelligence/O04_benefits-realization.csv,271,2026-06-18,2026-01-01,2026-06-18,static_snapshot,medium,synthetic_demo,confidential,Tower|Intelligence,budget|actual|forecast|proxy_value|gap,roi_without_value_basis|bare_amount_without_entity_period_type,data_thin:vendor_id_missing|data_thin:system_id_missing|data_thin:renewal_or_gate_date_missing,2026-06-28T00:00:00Z,2026-06-28T00:00:00Z,BEN-00270,84.1,Compliance,Transformation Office,INIT-0021,data_thin:vendor_id_missing,data_thin:system_id_missing,Compliance,data_thin:renewal_or_gate_date_missing,MET-0133,Audit confirmation
skyharbor-air,Airline Demo,v6.0,spend_value,BEN-00271,spend_value record,v4_synthetic_pack,BU Finance,synthetic_demo,family-7-outcome-intelligence/O04_benefits-realization.csv,272,2026-06-18,2026-01-01,2026-06-18,static_snapshot,medium,synthetic_demo,confidential,Tower|Intelligence,budget|actual|forecast|proxy_value|gap,roi_without_value_basis|bare_amount_without_entity_period_type,data_thin:vendor_id_missing|data_thin:system_id_missing|data_thin:renewal_or_gate_date_missing,2026-06-28T00:00:00Z,2026-06-28T00:00:00Z,BEN-00271,93.4,Cost Takeout,BU Finance,INIT-0038,data_thin:vendor_id_missing,data_thin:system_id_missing,Cost Takeout,data_thin:renewal_or_gate_date_missing,MET-0096,System telemetry
skyharbor-air,Airline Demo,v6.0,spend_value,BEN-00272,spend_value record,v4_synthetic_pack,BU Finance,synthetic_demo,family-7-outcome-intelligence/O04_benefits-realization.csv,273,2026-06-18,2026-01-01,2026-06-18,static_snapshot,medium,synthetic_demo,confidential,Tower|Intelligence,budget|actual|forecast|proxy_value|gap,roi_without_value_basis|bare_amount_without_entity_period_type,data_thin:vendor_id_missing|data_thin:system_id_missing|data_thin:renewal_or_gate_date_missing,2026-06-28T00:00:00Z,2026-06-28T00:00:00Z,BEN-00272,41,Revenue,BU Finance,INIT-0021,data_thin:vendor_id_missing,data_thin:system_id_missing,Revenue,data_thin:renewal_or_gate_date_missing,MET-0033,Survey-based
skyharbor-air,Airline Demo,v6.0,spend_value,BEN-00273,spend_value record,v4_synthetic_pack,BU Finance,synthetic_demo,family-7-outcome-intelligence/O04_benefits-realization.csv,274,2026-06-18,2026-01-01,2026-06-18,static_snapshot,medium,synthetic_demo,confidential,Tower|Intelligence,budget|actual|forecast|proxy_value|gap,roi_without_value_basis|bare_amount_without_entity_period_type,data_thin:vendor_id_missing|data_thin:system_id_missing|data_thin:renewal_or_gate_date_missing,2026-06-28T00:00:00Z,2026-06-28T00:00:00Z,BEN-00273,29,Cost Takeout,BU Finance,INIT-0053,data_thin:vendor_id_missing,data_thin:system_id_missing,Cost Takeout,data_thin:renewal_or_gate_date_missing,MET-0106,Finance-validated
skyharbor-air,Airline Demo,v6.0,spend_value,BEN-00274,spend_value record,v4_synthetic_pack,CFO Office,synthetic_demo,family-7-outcome-intelligence/O04_benefits-realization.csv,275,2026-06-18,2026-01-01,2026-06-18,static_snapshot,medium,synthetic_demo,confidential,Tower|Intelligence,budget|actual|forecast|proxy_value|gap,roi_without_value_basis|bare_amount_without_entity_period_type,data_thin:vendor_id_missing|data_thin:system_id_missing|data_thin:renewal_or_gate_date_missing,2026-06-28T00:00:00Z,2026-06-28T00:00:00Z,BEN-00274,40.9,Compliance,CFO Office,INIT-0042,data_thin:vendor_id_missing,data_thin:system_id_missing,Compliance,data_thin:renewal_or_gate_date_missing,MET-0136,Finance-validated
skyharbor-air,Airline Demo,v6.0,spend_value,BEN-00275,spend_value record,v4_synthetic_pack,Ops Excellence,synthetic_demo,family-7-outcome-intelligence/O04_benefits-realization.csv,276,2026-06-18,2026-01-01,2026-06-18,static_snapshot,medium,synthetic_demo,confidential,Tower|Intelligence,budget|actual|forecast|proxy_value|gap,roi_without_value_basis|bare_amount_without_entity_period_type,data_thin:vendor_id_missing|data_thin:system_id_missing|data_thin:renewal_or_gate_date_missing,2026-06-28T00:00:00Z,2026-06-28T00:00:00Z,BEN-00275,42.4,Risk Reduction,Ops Excellence,INIT-0086,data_thin:vendor_id_missing,data_thin:system_id_missing,Risk Reduction,data_thin:renewal_or_gate_date_missing,MET-0032,Modelled estimate
skyharbor-air,Airline Demo,v6.0,spend_value,BEN-00276,spend_value record,v4_synthetic_pack,Ops Excellence,synthetic_demo,family-7-outcome-intelligence/O04_benefits-realization.csv,277,2026-06-18,2026-01-01,2026-06-18,static_snapshot,medium,synthetic_demo,confidential,Tower|Intelligence,budget|actual|forecast|proxy_value|gap,roi_without_value_basis|bare_amount_without_entity_period_type,data_thin:vendor_id_missing|data_thin:system_id_missing|data_thin:renewal_or_gate_date_missing,2026-06-28T00:00:00Z,2026-06-28T00:00:00Z,BEN-00276,27.7,Productivity,Ops Excellence,INIT-0011,data_thin:vendor_id_missing,data_thin:system_id_missing,Productivity,data_thin:renewal_or_gate_date_missing,MET-0148,Operational KPI delta
skyharbor-air,Airline Demo,v6.0,spend_value,BEN-00277,spend_value record,v4_synthetic_pack,CFO Office,synthetic_demo,family-7-outcome-intelligence/O04_benefits-realization.csv,278,2026-06-18,2026-01-01,2026-06-18,static_snapshot,medium,synthetic_demo,confidential,Tower|Intelligence,budget|actual|forecast|proxy_value|gap,roi_without_value_basis|bare_amount_without_entity_period_type,data_thin:vendor_id_missing|data_thin:system_id_missing|data_thin:renewal_or_gate_date_missing,2026-06-28T00:00:00Z,2026-06-28T00:00:00Z,BEN-00277,154.5,Productivity,CFO Office,INIT-0029,data_thin:vendor_id_missing,data_thin:system_id_missing,Productivity,data_thin:renewal_or_gate_date_missing,MET-0170,Finance-validated
skyharbor-air,Airline Demo,v6.0,spend_value,BEN-00278,spend_value record,v4_synthetic_pack,Ops Excellence,synthetic_demo,family-7-outcome-intelligence/O04_benefits-realization.csv,279,2026-06-18,2026-01-01,2026-06-18,static_snapshot,medium,synthetic_demo,confidential,Tower|Intelligence,budget|actual|forecast|proxy_value|gap,roi_without_value_basis|bare_amount_without_entity_period_type,data_thin:vendor_id_missing|data_thin:system_id_missing|data_thin:renewal_or_gate_date_missing,2026-06-28T00:00:00Z,2026-06-28T00:00:00Z,BEN-00278,104.4,Productivity,Ops Excellence,INIT-0031,data_thin:vendor_id_missing,data_thin:system_id_missing,Productivity,data_thin:renewal_or_gate_date_missing,MET-0130,System telemetry
skyharbor-air,Airline Demo,v6.0,spend_value,BEN-00279,spend_value record,v4_synthetic_pack,Transformation Office,synthetic_demo,family-7-outcome-intelligence/O04_benefits-realization.csv,280,2026-06-18,2026-01-01,2026-06-18,static_snapshot,medium,synthetic_demo,confidential,Tower|Intelligence,budget|actual|forecast|proxy_value|gap,roi_without_value_basis|bare_amount_without_entity_period_type,data_thin:vendor_id_missing|data_thin:system_id_missing|data_thin:renewal_or_gate_date_missing,2026-06-28T00:00:00Z,2026-06-28T00:00:00Z,BEN-00279,29.8,Compliance,Transformation Office,INIT-0094,data_thin:vendor_id_missing,data_thin:system_id_missing,Compliance,data_thin:renewal_or_gate_date_missing,MET-0134,Operational KPI delta
skyharbor-air,Airline Demo,v6.0,spend_value,BEN-00280,spend_value record,v4_synthetic_pack,CFO Office,synthetic_demo,family-7-outcome-intelligence/O04_benefits-realization.csv,281,2026-06-18,2026-01-01,2026-06-18,static_snapshot,medium,synthetic_demo,confidential,Tower|Intelligence,budget|actual|forecast|proxy_value|gap,roi_without_value_basis|bare_amount_without_entity_period_type,data_thin:vendor_id_missing|data_thin:system_id_missing|data_thin:renewal_or_gate_date_missing,2026-06-28T00:00:00Z,2026-06-28T00:00:00Z,BEN-00280,97.9,Productivity,CFO Office,INIT-0078,data_thin:vendor_id_missing,data_thin:system_id_missing,Productivity,data_thin:renewal_or_gate_date_missing,MET-0085,Survey-based
skyharbor-air,Airline Demo,v6.0,spend_value,BEN-00281,spend_value record,v4_synthetic_pack,Transformation Office,synthetic_demo,family-7-outcome-intelligence/O04_benefits-realization.csv,282,2026-06-18,2026-01-01,2026-06-18,static_snapshot,medium,synthetic_demo,confidential,Tower|Intelligence,budget|actual|forecast|proxy_value|gap,roi_without_value_basis|bare_amount_without_entity_period_type,data_thin:vendor_id_missing|data_thin:system_id_missing|data_thin:renewal_or_gate_date_missing,2026-06-28T00:00:00Z,2026-06-28T00:00:00Z,BEN-00281,1.8,Cost Takeout,Transformation Office,INIT-0068,data_thin:vendor_id_missing,data_thin:system_id_missing,Cost Takeout,data_thin:renewal_or_gate_date_missing,MET-0163,System telemetry
skyharbor-air,Airline Demo,v6.0,spend_value,BEN-00282,spend_value record,v4_synthetic_pack,CFO Office,synthetic_demo,family-7-outcome-intelligence/O04_benefits-realization.csv,283,2026-06-18,2026-01-01,2026-06-18,static_snapshot,medium,synthetic_demo,confidential,Tower|Intelligence,budget|actual|forecast|proxy_value|gap,roi_without_value_basis|bare_amount_without_entity_period_type,data_thin:vendor_id_missing|data_thin:system_id_missing|data_thin:renewal_or_gate_date_missing,2026-06-28T00:00:00Z,2026-06-28T00:00:00Z,BEN-00282,102.3,Compliance,CFO Office,INIT-0114,data_thin:vendor_id_missing,data_thin:system_id_missing,Compliance,data_thin:renewal_or_gate_date_missing,MET-0082,Survey-based
skyharbor-air,Airline Demo,v6.0,spend_value,BEN-00283,spend_value record,v4_synthetic_pack,Transformation Office,synthetic_demo,family-7-outcome-intelligence/O04_benefits-realization.csv,284,2026-06-18,2026-01-01,2026-06-18,static_snapshot,medium,synthetic_demo,confidential,Tower|Intelligence,budget|actual|forecast|proxy_value|gap,roi_without_value_basis|bare_amount_without_entity_period_type,data_thin:vendor_id_missing|data_thin:system_id_missing|data_thin:renewal_or_gate_date_missing,2026-06-28T00:00:00Z,2026-06-28T00:00:00Z,BEN-00283,64,Cost Takeout,Transformation Office,INIT-0014,data_thin:vendor_id_missing,data_thin:system_id_missing,Cost Takeout,data_thin:renewal_or_gate_date_missing,MET-0025,Survey-based
skyharbor-air,Airline Demo,v6.0,spend_value,BEN-00284,spend_value record,v4_synthetic_pack,BU Finance,synthetic_demo,family-7-outcome-intelligence/O04_benefits-realization.csv,285,2026-06-18,2026-01-01,2026-06-18,static_snapshot,medium,synthetic_demo,confidential,Tower|Intelligence,budget|actual|forecast|proxy_value|gap,roi_without_value_basis|bare_amount_without_entity_period_type,data_thin:vendor_id_missing|data_thin:system_id_missing|data_thin:renewal_or_gate_date_missing,2026-06-28T00:00:00Z,2026-06-28T00:00:00Z,BEN-00284,36.3,Cost Takeout,BU Finance,INIT-0075,data_thin:vendor_id_missing,data_thin:system_id_missing,Cost Takeout,data_thin:renewal_or_gate_date_missing,MET-0055,Finance-validated
skyharbor-air,Airline Demo,v6.0,spend_value,BEN-00285,spend_value record,v4_synthetic_pack,BU Finance,synthetic_demo,family-7-outcome-intelligence/O04_benefits-realization.csv,286,2026-06-18,2026-01-01,2026-06-18,static_snapshot,medium,synthetic_demo,confidential,Tower|Intelligence,budget|actual|forecast|proxy_value|gap,roi_without_value_basis|bare_amount_without_entity_period_type,data_thin:vendor_id_missing|data_thin:system_id_missing|data_thin:renewal_or_gate_date_missing,2026-06-28T00:00:00Z,2026-06-28T00:00:00Z,BEN-00285,50.9,Productivity,BU Finance,INIT-0010,data_thin:vendor_id_missing,data_thin:system_id_missing,Productivity,data_thin:renewal_or_gate_date_missing,MET-0107,System telemetry
skyharbor-air,Airline Demo,v6.0,spend_value,BEN-00286,spend_value record,v4_synthetic_pack,BU Finance,synthetic_demo,family-7-outcome-intelligence/O04_benefits-realization.csv,287,2026-06-18,2026-01-01,2026-06-18,static_snapshot,medium,synthetic_demo,confidential,Tower|Intelligence,budget|actual|forecast|proxy_value|gap,roi_without_value_basis|bare_amount_without_entity_period_type,data_thin:vendor_id_missing|data_thin:system_id_missing|data_thin:renewal_or_gate_date_missing,2026-06-28T00:00:00Z,2026-06-28T00:00:00Z,BEN-00286,45.7,Compliance,BU Finance,INIT-0062,data_thin:vendor_id_missing,data_thin:system_id_missing,Compliance,data_thin:renewal_or_gate_date_missing,MET-0002,Operational KPI delta
skyharbor-air,Airline Demo,v6.0,spend_value,BEN-00287,spend_value record,v4_synthetic_pack,Transformation Office,synthetic_demo,family-7-outcome-intelligence/O04_benefits-realization.csv,288,2026-06-18,2026-01-01,2026-06-18,static_snapshot,medium,synthetic_demo,confidential,Tower|Intelligence,budget|actual|forecast|proxy_value|gap,roi_without_value_basis|bare_amount_without_entity_period_type,data_thin:vendor_id_missing|data_thin:system_id_missing|data_thin:renewal_or_gate_date_missing,2026-06-28T00:00:00Z,2026-06-28T00:00:00Z,BEN-00287,112.4,Risk Reduction,Transformation Office,INIT-0036,data_thin:vendor_id_missing,data_thin:system_id_missing,Risk Reduction,data_thin:renewal_or_gate_date_missing,MET-0134,Finance-validated
skyharbor-air,Airline Demo,v6.0,spend_value,BEN-00288,spend_value record,v4_synthetic_pack,Ops Excellence,synthetic_demo,family-7-outcome-intelligence/O04_benefits-realization.csv,289,2026-06-18,2026-01-01,2026-06-18,static_snapshot,medium,synthetic_demo,confidential,Tower|Intelligence,budget|actual|forecast|proxy_value|gap,roi_without_value_basis|bare_amount_without_entity_period_type,data_thin:vendor_id_missing|data_thin:system_id_missing|data_thin:renewal_or_gate_date_missing,2026-06-28T00:00:00Z,2026-06-28T00:00:00Z,BEN-00288,145.5,Cost Takeout,Ops Excellence,INIT-0067,data_thin:vendor_id_missing,data_thin:system_id_missing,Cost Takeout,data_thin:renewal_or_gate_date_missing,MET-0051,Modelled estimate
skyharbor-air,Airline Demo,v6.0,spend_value,BEN-00289,spend_value record,v4_synthetic_pack,Transformation Office,synthetic_demo,family-7-outcome-intelligence/O04_benefits-realization.csv,290,2026-06-18,2026-01-01,2026-06-18,static_snapshot,medium,synthetic_demo,confidential,Tower|Intelligence,budget|actual|forecast|proxy_value|gap,roi_without_value_basis|bare_amount_without_entity_period_type,data_thin:vendor_id_missing|data_thin:system_id_missing|data_thin:renewal_or_gate_date_missing,2026-06-28T00:00:00Z,2026-06-28T00:00:00Z,BEN-00289,34.6,Revenue,Transformation Office,INIT-0035,data_thin:vendor_id_missing,data_thin:system_id_missing,Revenue,data_thin:renewal_or_gate_date_missing,MET-0089,Modelled estimate
skyharbor-air,Airline Demo,v6.0,spend_value,BEN-00290,spend_value record,v4_synthetic_pack,Transformation Office,synthetic_demo,family-7-outcome-intelligence/O04_benefits-realization.csv,291,2026-06-18,2026-01-01,2026-06-18,static_snapshot,medium,synthetic_demo,confidential,Tower|Intelligence,budget|actual|forecast|proxy_value|gap,roi_without_value_basis|bare_amount_without_entity_period_type,data_thin:vendor_id_missing|data_thin:system_id_missing|data_thin:renewal_or_gate_date_missing,2026-06-28T00:00:00Z,2026-06-28T00:00:00Z,BEN-00290,9.7,Revenue,Transformation Office,INIT-0035,data_thin:vendor_id_missing,data_thin:system_id_missing,Revenue,data_thin:renewal_or_gate_date_missing,MET-0069,Finance-validated
skyharbor-air,Airline Demo,v6.0,spend_value,BEN-00291,spend_value record,v4_synthetic_pack,Transformation Office,synthetic_demo,family-7-outcome-intelligence/O04_benefits-realization.csv,292,2026-06-18,2026-01-01,2026-06-18,static_snapshot,medium,synthetic_demo,confidential,Tower|Intelligence,budget|actual|forecast|proxy_value|gap,roi_without_value_basis|bare_amount_without_entity_period_type,data_thin:vendor_id_missing|data_thin:system_id_missing|data_thin:renewal_or_gate_date_missing,2026-06-28T00:00:00Z,2026-06-28T00:00:00Z,BEN-00291,12.3,Revenue,Transformation Office,INIT-0097,data_thin:vendor_id_missing,data_thin:system_id_missing,Revenue,data_thin:renewal_or_gate_date_missing,MET-0001,Audit confirmation
skyharbor-air,Airline Demo,v6.0,spend_value,BEN-00292,spend_value record,v4_synthetic_pack,Transformation Office,synthetic_demo,family-7-outcome-intelligence/O04_benefits-realization.csv,293,2026-06-18,2026-01-01,2026-06-18,static_snapshot,medium,synthetic_demo,confidential,Tower|Intelligence,budget|actual|forecast|proxy_value|gap,roi_without_value_basis|bare_amount_without_entity_period_type,data_thin:vendor_id_missing|data_thin:system_id_missing|data_thin:renewal_or_gate_date_missing,2026-06-28T00:00:00Z,2026-06-28T00:00:00Z,BEN-00292,17.5,Risk Reduction,Transformation Office,INIT-0005,data_thin:vendor_id_missing,data_thin:system_id_missing,Risk Reduction,data_thin:renewal_or_gate_date_missing,MET-0048,Finance-validated
skyharbor-air,Airline Demo,v6.0,spend_value,BEN-00293,spend_value record,v4_synthetic_pack,CFO Office,synthetic_demo,family-7-outcome-intelligence/O04_benefits-realization.csv,294,2026-06-18,2026-01-01,2026-06-18,static_snapshot,medium,synthetic_demo,confidential,Tower|Intelligence,budget|actual|forecast|proxy_value|gap,roi_without_value_basis|bare_amount_without_entity_period_type,data_thin:vendor_id_missing|data_thin:system_id_missing|data_thin:renewal_or_gate_date_missing,2026-06-28T00:00:00Z,2026-06-28T00:00:00Z,BEN-00293,56.4,Revenue,CFO Office,INIT-0003,data_thin:vendor_id_missing,data_thin:system_id_missing,Revenue,data_thin:renewal_or_gate_date_missing,MET-0089,Audit confirmation
skyharbor-air,Airline Demo,v6.0,spend_value,BEN-00294,spend_value record,v4_synthetic_pack,BU Finance,synthetic_demo,family-7-outcome-intelligence/O04_benefits-realization.csv,295,2026-06-18,2026-01-01,2026-06-18,static_snapshot,medium,synthetic_demo,confidential,Tower|Intelligence,budget|actual|forecast|proxy_value|gap,roi_without_value_basis|bare_amount_without_entity_period_type,data_thin:vendor_id_missing|data_thin:system_id_missing|data_thin:renewal_or_gate_date_missing,2026-06-28T00:00:00Z,2026-06-28T00:00:00Z,BEN-00294,14.1,Compliance,BU Finance,INIT-0082,data_thin:vendor_id_missing,data_thin:system_id_missing,Compliance,data_thin:renewal_or_gate_date_missing,MET-0142,Finance-validated
skyharbor-air,Airline Demo,v6.0,spend_value,BEN-00295,spend_value record,v4_synthetic_pack,CFO Office,synthetic_demo,family-7-outcome-intelligence/O04_benefits-realization.csv,296,2026-06-18,2026-01-01,2026-06-18,static_snapshot,medium,synthetic_demo,confidential,Tower|Intelligence,budget|actual|forecast|proxy_value|gap,roi_without_value_basis|bare_amount_without_entity_period_type,data_thin:vendor_id_missing|data_thin:system_id_missing|data_thin:renewal_or_gate_date_missing,2026-06-28T00:00:00Z,2026-06-28T00:00:00Z,BEN-00295,6.5,Revenue,CFO Office,INIT-0091,data_thin:vendor_id_missing,data_thin:system_id_missing,Revenue,data_thin:renewal_or_gate_date_missing,MET-0057,Modelled estimate
skyharbor-air,Airline Demo,v6.0,spend_value,BEN-00296,spend_value record,v4_synthetic_pack,Transformation Office,synthetic_demo,family-7-outcome-intelligence/O04_benefits-realization.csv,297,2026-06-18,2026-01-01,2026-06-18,static_snapshot,medium,synthetic_demo,confidential,Tower|Intelligence,budget|actual|forecast|proxy_value|gap,roi_without_value_basis|bare_amount_without_entity_period_type,data_thin:vendor_id_missing|data_thin:system_id_missing|data_thin:renewal_or_gate_date_missing,2026-06-28T00:00:00Z,2026-06-28T00:00:00Z,BEN-00296,36.2,Productivity,Transformation Office,INIT-0023,data_thin:vendor_id_missing,data_thin:system_id_missing,Productivity,data_thin:renewal_or_gate_date_missing,MET-0147,Modelled estimate
skyharbor-air,Airline Demo,v6.0,spend_value,BEN-00297,spend_value record,v4_synthetic_pack,Ops Excellence,synthetic_demo,family-7-outcome-intelligence/O04_benefits-realization.csv,298,2026-06-18,2026-01-01,2026-06-18,static_snapshot,medium,synthetic_demo,confidential,Tower|Intelligence,budget|actual|forecast|proxy_value|gap,roi_without_value_basis|bare_amount_without_entity_period_type,data_thin:vendor_id_missing|data_thin:system_id_missing|data_thin:renewal_or_gate_date_missing,2026-06-28T00:00:00Z,2026-06-28T00:00:00Z,BEN-00297,78.1,Cost Takeout,Ops Excellence,INIT-0021,data_thin:vendor_id_missing,data_thin:system_id_missing,Cost Takeout,data_thin:renewal_or_gate_date_missing,MET-0149,Modelled estimate
skyharbor-air,Airline Demo,v6.0,spend_value,BEN-00298,spend_value record,v4_synthetic_pack,BU Finance,synthetic_demo,family-7-outcome-intelligence/O04_benefits-realization.csv,299,2026-06-18,2026-01-01,2026-06-18,static_snapshot,medium,synthetic_demo,confidential,Tower|Intelligence,budget|actual|forecast|proxy_value|gap,roi_without_value_basis|bare_amount_without_entity_period_type,data_thin:vendor_id_missing|data_thin:system_id_missing|data_thin:renewal_or_gate_date_missing,2026-06-28T00:00:00Z,2026-06-28T00:00:00Z,BEN-00298,46.8,Productivity,BU Finance,INIT-0048,data_thin:vendor_id_missing,data_thin:system_id_missing,Productivity,data_thin:renewal_or_gate_date_missing,MET-0016,Operational KPI delta
skyharbor-air,Airline Demo,v6.0,spend_value,BEN-00299,spend_value record,v4_synthetic_pack,Transformation Office,synthetic_demo,family-7-outcome-intelligence/O04_benefits-realization.csv,300,2026-06-18,2026-01-01,2026-06-18,static_snapshot,medium,synthetic_demo,confidential,Tower|Intelligence,budget|actual|forecast|proxy_value|gap,roi_without_value_basis|bare_amount_without_entity_period_type,data_thin:vendor_id_missing|data_thin:system_id_missing|data_thin:renewal_or_gate_date_missing,2026-06-28T00:00:00Z,2026-06-28T00:00:00Z,BEN-00299,20.8,Risk Reduction,Transformation Office,INIT-0048,data_thin:vendor_id_missing,data_thin:system_id_missing,Risk Reduction,data_thin:renewal_or_gate_date_missing,MET-0173,System telemetry
skyharbor-air,Airline Demo,v6.0,spend_value,BEN-00300,spend_value record,v4_synthetic_pack,CFO Office,synthetic_demo,family-7-outcome-intelligence/O04_benefits-realization.csv,301,2026-06-18,2026-01-01,2026-06-18,static_snapshot,medium,synthetic_demo,confidential,Tower|Intelligence,budget|actual|forecast|proxy_value|gap,roi_without_value_basis|bare_amount_without_entity_period_type,data_thin:vendor_id_missing|data_thin:system_id_missing|data_thin:renewal_or_gate_date_missing,2026-06-28T00:00:00Z,2026-06-28T00:00:00Z,BEN-00300,101.3,Productivity,CFO Office,INIT-0065,data_thin:vendor_id_missing,data_thin:system_id_missing,Productivity,data_thin:renewal_or_gate_date_missing,MET-0126,Operational KPI delta
skyharbor-air,Airline Demo,v6.0,spend_value,BEN-00301,spend_value record,v4_synthetic_pack,Transformation Office,synthetic_demo,family-7-outcome-intelligence/O04_benefits-realization.csv,302,2026-06-18,2026-01-01,2026-06-18,static_snapshot,medium,synthetic_demo,confidential,Tower|Intelligence,budget|actual|forecast|proxy_value|gap,roi_without_value_basis|bare_amount_without_entity_period_type,data_thin:vendor_id_missing|data_thin:system_id_missing|data_thin:renewal_or_gate_date_missing,2026-06-28T00:00:00Z,2026-06-28T00:00:00Z,BEN-00301,18.1,Compliance,Transformation Office,INIT-0060,data_thin:vendor_id_missing,data_thin:system_id_missing,Compliance,data_thin:renewal_or_gate_date_missing,MET-0104,Audit confirmation
skyharbor-air,Airline Demo,v6.0,spend_value,BEN-00302,spend_value record,v4_synthetic_pack,Ops Excellence,synthetic_demo,family-7-outcome-intelligence/O04_benefits-realization.csv,303,2026-06-18,2026-01-01,2026-06-18,static_snapshot,medium,synthetic_demo,confidential,Tower|Intelligence,budget|actual|forecast|proxy_value|gap,roi_without_value_basis|bare_amount_without_entity_period_type,data_thin:vendor_id_missing|data_thin:system_id_missing|data_thin:renewal_or_gate_date_missing,2026-06-28T00:00:00Z,2026-06-28T00:00:00Z,BEN-00302,59.9,Revenue,Ops Excellence,INIT-0091,data_thin:vendor_id_missing,data_thin:system_id_missing,Revenue,data_thin:renewal_or_gate_date_missing,MET-0035,Operational KPI delta
skyharbor-air,Airline Demo,v6.0,spend_value,BEN-00303,spend_value record,v4_synthetic_pack,Transformation Office,synthetic_demo,family-7-outcome-intelligence/O04_benefits-realization.csv,304,2026-06-18,2026-01-01,2026-06-18,static_snapshot,medium,synthetic_demo,confidential,Tower|Intelligence,budget|actual|forecast|proxy_value|gap,roi_without_value_basis|bare_amount_without_entity_period_type,data_thin:vendor_id_missing|data_thin:system_id_missing|data_thin:renewal_or_gate_date_missing,2026-06-28T00:00:00Z,2026-06-28T00:00:00Z,BEN-00303,85,Revenue,Transformation Office,INIT-0012,data_thin:vendor_id_missing,data_thin:system_id_missing,Revenue,data_thin:renewal_or_gate_date_missing,MET-0131,Finance-validated
skyharbor-air,Airline Demo,v6.0,spend_value,BEN-00304,spend_value record,v4_synthetic_pack,Transformation Office,synthetic_demo,family-7-outcome-intelligence/O04_benefits-realization.csv,305,2026-06-18,2026-01-01,2026-06-18,static_snapshot,medium,synthetic_demo,confidential,Tower|Intelligence,budget|actual|forecast|proxy_value|gap,roi_without_value_basis|bare_amount_without_entity_period_type,data_thin:vendor_id_missing|data_thin:system_id_missing|data_thin:renewal_or_gate_date_missing,2026-06-28T00:00:00Z,2026-06-28T00:00:00Z,BEN-00304,71,Productivity,Transformation Office,INIT-0036,data_thin:vendor_id_missing,data_thin:system_id_missing,Productivity,data_thin:renewal_or_gate_date_missing,MET-0094,Operational KPI delta
skyharbor-air,Airline Demo,v6.0,spend_value,BEN-00305,spend_value record,v4_synthetic_pack,CFO Office,synthetic_demo,family-7-outcome-intelligence/O04_benefits-realization.csv,306,2026-06-18,2026-01-01,2026-06-18,static_snapshot,medium,synthetic_demo,confidential,Tower|Intelligence,budget|actual|forecast|proxy_value|gap,roi_without_value_basis|bare_amount_without_entity_period_type,data_thin:vendor_id_missing|data_thin:system_id_missing|data_thin:renewal_or_gate_date_missing,2026-06-28T00:00:00Z,2026-06-28T00:00:00Z,BEN-00305,53.9,Compliance,CFO Office,INIT-0038,data_thin:vendor_id_missing,data_thin:system_id_missing,Compliance,data_thin:renewal_or_gate_date_missing,MET-0055,Modelled estimate
skyharbor-air,Airline Demo,v6.0,spend_value,BEN-00306,spend_value record,v4_synthetic_pack,BU Finance,synthetic_demo,family-7-outcome-intelligence/O04_benefits-realization.csv,307,2026-06-18,2026-01-01,2026-06-18,static_snapshot,medium,synthetic_demo,confidential,Tower|Intelligence,budget|actual|forecast|proxy_value|gap,roi_without_value_basis|bare_amount_without_entity_period_type,data_thin:vendor_id_missing|data_thin:system_id_missing|data_thin:renewal_or_gate_date_missing,2026-06-28T00:00:00Z,2026-06-28T00:00:00Z,BEN-00306,12.3,Revenue,BU Finance,INIT-0107,data_thin:vendor_id_missing,data_thin:system_id_missing,Revenue,data_thin:renewal_or_gate_date_missing,MET-0082,Survey-based
skyharbor-air,Airline Demo,v6.0,spend_value,BEN-00307,spend_value record,v4_synthetic_pack,BU Finance,synthetic_demo,family-7-outcome-intelligence/O04_benefits-realization.csv,308,2026-06-18,2026-01-01,2026-06-18,static_snapshot,medium,synthetic_demo,confidential,Tower|Intelligence,budget|actual|forecast|proxy_value|gap,roi_without_value_basis|bare_amount_without_entity_period_type,data_thin:vendor_id_missing|data_thin:system_id_missing|data_thin:renewal_or_gate_date_missing,2026-06-28T00:00:00Z,2026-06-28T00:00:00Z,BEN-00307,4.7,Revenue,BU Finance,INIT-0054,data_thin:vendor_id_missing,data_thin:system_id_missing,Revenue,data_thin:renewal_or_gate_date_missing,MET-0125,Survey-based
skyharbor-air,Airline Demo,v6.0,spend_value,BEN-00308,spend_value record,v4_synthetic_pack,Transformation Office,synthetic_demo,family-7-outcome-intelligence/O04_benefits-realization.csv,309,2026-06-18,2026-01-01,2026-06-18,static_snapshot,medium,synthetic_demo,confidential,Tower|Intelligence,budget|actual|forecast|proxy_value|gap,roi_without_value_basis|bare_amount_without_entity_period_type,data_thin:vendor_id_missing|data_thin:system_id_missing|data_thin:renewal_or_gate_date_missing,2026-06-28T00:00:00Z,2026-06-28T00:00:00Z,BEN-00308,37.4,Revenue,Transformation Office,INIT-0077,data_thin:vendor_id_missing,data_thin:system_id_missing,Revenue,data_thin:renewal_or_gate_date_missing,MET-0017,Survey-based
skyharbor-air,Airline Demo,v6.0,spend_value,BEN-00309,spend_value record,v4_synthetic_pack,BU Finance,synthetic_demo,family-7-outcome-intelligence/O04_benefits-realization.csv,310,2026-06-18,2026-01-01,2026-06-18,static_snapshot,medium,synthetic_demo,confidential,Tower|Intelligence,budget|actual|forecast|proxy_value|gap,roi_without_value_basis|bare_amount_without_entity_period_type,data_thin:vendor_id_missing|data_thin:system_id_missing|data_thin:renewal_or_gate_date_missing,2026-06-28T00:00:00Z,2026-06-28T00:00:00Z,BEN-00309,60.2,Compliance,BU Finance,INIT-0108,data_thin:vendor_id_missing,data_thin:system_id_missing,Compliance,data_thin:renewal_or_gate_date_missing,MET-0174,Survey-based
skyharbor-air,Airline Demo,v6.0,spend_value,BEN-00310,spend_value record,v4_synthetic_pack,Transformation Office,synthetic_demo,family-7-outcome-intelligence/O04_benefits-realization.csv,311,2026-06-18,2026-01-01,2026-06-18,static_snapshot,medium,synthetic_demo,confidential,Tower|Intelligence,budget|actual|forecast|proxy_value|gap,roi_without_value_basis|bare_amount_without_entity_period_type,data_thin:vendor_id_missing|data_thin:system_id_missing|data_thin:renewal_or_gate_date_missing,2026-06-28T00:00:00Z,2026-06-28T00:00:00Z,BEN-00310,142,Revenue,Transformation Office,INIT-0082,data_thin:vendor_id_missing,data_thin:system_id_missing,Revenue,data_thin:renewal_or_gate_date_missing,MET-0145,System telemetry
skyharbor-air,Airline Demo,v6.0,spend_value,BEN-00311,spend_value record,v4_synthetic_pack,CFO Office,synthetic_demo,family-7-outcome-intelligence/O04_benefits-realization.csv,312,2026-06-18,2026-01-01,2026-06-18,static_snapshot,medium,synthetic_demo,confidential,Tower|Intelligence,budget|actual|forecast|proxy_value|gap,roi_without_value_basis|bare_amount_without_entity_period_type,data_thin:vendor_id_missing|data_thin:system_id_missing|data_thin:renewal_or_gate_date_missing,2026-06-28T00:00:00Z,2026-06-28T00:00:00Z,BEN-00311,64.5,Compliance,CFO Office,INIT-0098,data_thin:vendor_id_missing,data_thin:system_id_missing,Compliance,data_thin:renewal_or_gate_date_missing,MET-0157,Survey-based
skyharbor-air,Airline Demo,v6.0,spend_value,BEN-00312,spend_value record,v4_synthetic_pack,CFO Office,synthetic_demo,family-7-outcome-intelligence/O04_benefits-realization.csv,313,2026-06-18,2026-01-01,2026-06-18,static_snapshot,medium,synthetic_demo,confidential,Tower|Intelligence,budget|actual|forecast|proxy_value|gap,roi_without_value_basis|bare_amount_without_entity_period_type,data_thin:vendor_id_missing|data_thin:system_id_missing|data_thin:renewal_or_gate_date_missing,2026-06-28T00:00:00Z,2026-06-28T00:00:00Z,BEN-00312,170,Cost Takeout,CFO Office,INIT-0009,data_thin:vendor_id_missing,data_thin:system_id_missing,Cost Takeout,data_thin:renewal_or_gate_date_missing,MET-0032,Modelled estimate
skyharbor-air,Airline Demo,v6.0,spend_value,BEN-00313,spend_value record,v4_synthetic_pack,Ops Excellence,synthetic_demo,family-7-outcome-intelligence/O04_benefits-realization.csv,314,2026-06-18,2026-01-01,2026-06-18,static_snapshot,medium,synthetic_demo,confidential,Tower|Intelligence,budget|actual|forecast|proxy_value|gap,roi_without_value_basis|bare_amount_without_entity_period_type,data_thin:vendor_id_missing|data_thin:system_id_missing|data_thin:renewal_or_gate_date_missing,2026-06-28T00:00:00Z,2026-06-28T00:00:00Z,BEN-00313,51,Compliance,Ops Excellence,INIT-0099,data_thin:vendor_id_missing,data_thin:system_id_missing,Compliance,data_thin:renewal_or_gate_date_missing,MET-0127,Audit confirmation
skyharbor-air,Airline Demo,v6.0,spend_value,BEN-00314,spend_value record,v4_synthetic_pack,Ops Excellence,synthetic_demo,family-7-outcome-intelligence/O04_benefits-realization.csv,315,2026-06-18,2026-01-01,2026-06-18,static_snapshot,medium,synthetic_demo,confidential,Tower|Intelligence,budget|actual|forecast|proxy_value|gap,roi_without_value_basis|bare_amount_without_entity_period_type,data_thin:vendor_id_missing|data_thin:system_id_missing|data_thin:renewal_or_gate_date_missing,2026-06-28T00:00:00Z,2026-06-28T00:00:00Z,BEN-00314,23.3,Productivity,Ops Excellence,INIT-0009,data_thin:vendor_id_missing,data_thin:system_id_missing,Productivity,data_thin:renewal_or_gate_date_missing,MET-0002,Survey-based
skyharbor-air,Airline Demo,v6.0,spend_value,BEN-00315,spend_value record,v4_synthetic_pack,BU Finance,synthetic_demo,family-7-outcome-intelligence/O04_benefits-realization.csv,316,2026-06-18,2026-01-01,2026-06-18,static_snapshot,medium,synthetic_demo,confidential,Tower|Intelligence,budget|actual|forecast|proxy_value|gap,roi_without_value_basis|bare_amount_without_entity_period_type,data_thin:vendor_id_missing|data_thin:system_id_missing|data_thin:renewal_or_gate_date_missing,2026-06-28T00:00:00Z,2026-06-28T00:00:00Z,BEN-00315,78.6,Cost Takeout,BU Finance,INIT-0016,data_thin:vendor_id_missing,data_thin:system_id_missing,Cost Takeout,data_thin:renewal_or_gate_date_missing,MET-0020,Operational KPI delta
skyharbor-air,Airline Demo,v6.0,spend_value,BEN-00316,spend_value record,v4_synthetic_pack,CFO Office,synthetic_demo,family-7-outcome-intelligence/O04_benefits-realization.csv,317,2026-06-18,2026-01-01,2026-06-18,static_snapshot,medium,synthetic_demo,confidential,Tower|Intelligence,budget|actual|forecast|proxy_value|gap,roi_without_value_basis|bare_amount_without_entity_period_type,data_thin:vendor_id_missing|data_thin:system_id_missing|data_thin:renewal_or_gate_date_missing,2026-06-28T00:00:00Z,2026-06-28T00:00:00Z,BEN-00316,7.2,Revenue,CFO Office,INIT-0111,data_thin:vendor_id_missing,data_thin:system_id_missing,Revenue,data_thin:renewal_or_gate_date_missing,MET-0112,Finance-validated
skyharbor-air,Airline Demo,v6.0,spend_value,BEN-00317,spend_value record,v4_synthetic_pack,BU Finance,synthetic_demo,family-7-outcome-intelligence/O04_benefits-realization.csv,318,2026-06-18,2026-01-01,2026-06-18,static_snapshot,medium,synthetic_demo,confidential,Tower|Intelligence,budget|actual|forecast|proxy_value|gap,roi_without_value_basis|bare_amount_without_entity_period_type,data_thin:vendor_id_missing|data_thin:system_id_missing|data_thin:renewal_or_gate_date_missing,2026-06-28T00:00:00Z,2026-06-28T00:00:00Z,BEN-00317,1.7,Revenue,BU Finance,INIT-0048,data_thin:vendor_id_missing,data_thin:system_id_missing,Revenue,data_thin:renewal_or_gate_date_missing,MET-0136,Operational KPI delta
skyharbor-air,Airline Demo,v6.0,spend_value,BEN-00318,spend_value record,v4_synthetic_pack,CFO Office,synthetic_demo,family-7-outcome-intelligence/O04_benefits-realization.csv,319,2026-06-18,2026-01-01,2026-06-18,static_snapshot,medium,synthetic_demo,confidential,Tower|Intelligence,budget|actual|forecast|proxy_value|gap,roi_without_value_basis|bare_amount_without_entity_period_type,data_thin:vendor_id_missing|data_thin:system_id_missing|data_thin:renewal_or_gate_date_missing,2026-06-28T00:00:00Z,2026-06-28T00:00:00Z,BEN-00318,87.3,Productivity,CFO Office,INIT-0011,data_thin:vendor_id_missing,data_thin:system_id_missing,Productivity,data_thin:renewal_or_gate_date_missing,MET-0169,Survey-based
skyharbor-air,Airline Demo,v6.0,spend_value,BEN-00319,spend_value record,v4_synthetic_pack,CFO Office,synthetic_demo,family-7-outcome-intelligence/O04_benefits-realization.csv,320,2026-06-18,2026-01-01,2026-06-18,static_snapshot,medium,synthetic_demo,confidential,Tower|Intelligence,budget|actual|forecast|proxy_value|gap,roi_without_value_basis|bare_amount_without_entity_period_type,data_thin:vendor_id_missing|data_thin:system_id_missing|data_thin:renewal_or_gate_date_missing,2026-06-28T00:00:00Z,2026-06-28T00:00:00Z,BEN-00319,60.9,Productivity,CFO Office,INIT-0028,data_thin:vendor_id_missing,data_thin:system_id_missing,Productivity,data_thin:renewal_or_gate_date_missing,MET-0170,Audit confirmation
skyharbor-air,Airline Demo,v6.0,spend_value,BEN-00320,spend_value record,v4_synthetic_pack,CFO Office,synthetic_demo,family-7-outcome-intelligence/O04_benefits-realization.csv,321,2026-06-18,2026-01-01,2026-06-18,static_snapshot,medium,synthetic_demo,confidential,Tower|Intelligence,budget|actual|forecast|proxy_value|gap,roi_without_value_basis|bare_amount_without_entity_period_type,data_thin:vendor_id_missing|data_thin:system_id_missing|data_thin:renewal_or_gate_date_missing,2026-06-28T00:00:00Z,2026-06-28T00:00:00Z,BEN-00320,2.4,Cost Takeout,CFO Office,INIT-0116,data_thin:vendor_id_missing,data_thin:system_id_missing,Cost Takeout,data_thin:renewal_or_gate_date_missing,MET-0167,Modelled estimate
