tenant_key,client_display_name,v6_contract_version,business_object_family,record_id,record_name,source_system,source_owner,source_basis,source_file,source_row_number,as_of_date,period_start,period_end,refresh_frequency,confidence,synthetic_demo_flag,data_sensitivity,required_for_surfaces,allowed_answer_types,not_allowed_claims,known_gaps,created_at,updated_at,system_id,system_name,business_capability,system_owner,criticality,lifecycle_status,vendor_id,annual_cost_usd,integrations,data_dependencies,ai_relevance
first-capital,Financial Services Demo,v6.0,application_system,FC-APP-001,Fiserv Core Deposits,v4_synthetic_pack,Head of Consumer Banking,synthetic_demo,family-2-technology-estate/F05_applications-systems.csv,2,2026-06-18,2026-01-01,2026-06-18,static_snapshot,medium,synthetic_demo,confidential,Home|Intelligence|Tower|Moves,current_state|modernization|dependency|gap|recommendation,unsupported_fact|cross_tenant_claim|claim_beyond_source_confidence,none,2026-06-28T00:00:00Z,2026-06-29T14:49:49.881Z,FC-APP-001,Fiserv Core Deposits,core_banking,Integration & API Platform,medium,retire_candidate,VDR-00001,19100000,18,internal,retire_candidate
first-capital,Financial Services Demo,v6.0,application_system,FC-APP-002,Thought Machine Loan Servicing,v4_synthetic_pack,Head of Consumer Banking,synthetic_demo,family-2-technology-estate/F05_applications-systems.csv,3,2026-06-18,2026-01-01,2026-06-18,static_snapshot,medium,synthetic_demo,confidential,Home|Intelligence|Tower|Moves,current_state|modernization|dependency|gap|recommendation,unsupported_fact|cross_tenant_claim|claim_beyond_source_confidence,none,2026-06-28T00:00:00Z,2026-06-29T14:49:49.881Z,FC-APP-002,Thought Machine Loan Servicing,core_banking,Data Platform & AI Engineering,critical,extend_to_cloud,VDR-00002,17900000,24,restricted_nonpublic,extend_to_cloud
first-capital,Financial Services Demo,v6.0,application_system,FC-APP-003,FIS GL Posting Engine,v4_synthetic_pack,Head of Consumer Banking,synthetic_demo,family-2-technology-estate/F05_applications-systems.csv,4,2026-06-18,2026-01-01,2026-06-18,static_snapshot,medium,synthetic_demo,confidential,Home|Intelligence|Tower|Moves,current_state|modernization|dependency|gap|recommendation,unsupported_fact|cross_tenant_claim|claim_beyond_source_confidence,none,2026-06-28T00:00:00Z,2026-06-29T14:49:49.881Z,FC-APP-003,FIS GL Posting Engine,core_banking,Cloud & Infrastructure,medium,invest,VDR-00003,4700000,8,internal,invest
first-capital,Financial Services Demo,v6.0,application_system,FC-APP-004,Temenos Account Master,v4_synthetic_pack,Head of Consumer Banking,synthetic_demo,family-2-technology-estate/F05_applications-systems.csv,5,2026-06-18,2026-01-01,2026-06-18,static_snapshot,medium,synthetic_demo,confidential,Home|Intelligence|Tower|Moves,current_state|modernization|dependency|gap|recommendation,unsupported_fact|cross_tenant_claim|claim_beyond_source_confidence,none,2026-06-28T00:00:00Z,2026-06-29T14:49:49.881Z,FC-APP-004,Temenos Account Master,core_banking,"Cyber, Privacy & Resilience",high,extend_to_cloud,VDR-00004,7600000,3,confidential_pii,extend_to_cloud
first-capital,Financial Services Demo,v6.0,application_system,FC-APP-005,Fiserv Statements,v4_synthetic_pack,Head of Consumer Banking,synthetic_demo,family-2-technology-estate/F05_applications-systems.csv,6,2026-06-18,2026-01-01,2026-06-18,static_snapshot,medium,synthetic_demo,confidential,Home|Intelligence|Tower|Moves,current_state|modernization|dependency|gap|recommendation,unsupported_fact|cross_tenant_claim|claim_beyond_source_confidence,none,2026-06-28T00:00:00Z,2026-06-29T14:49:49.881Z,FC-APP-005,Fiserv Statements,core_banking,Channels & Digital Engineering,critical,extend_to_cloud,VDR-00005,12900000,22,confidential_pii,extend_to_cloud
first-capital,Financial Services Demo,v6.0,application_system,FC-APP-006,Thought Machine Interest Engine,v4_synthetic_pack,Head of Consumer Banking,synthetic_demo,family-2-technology-estate/F05_applications-systems.csv,7,2026-06-18,2026-01-01,2026-06-18,static_snapshot,medium,synthetic_demo,confidential,Home|Intelligence|Tower|Moves,current_state|modernization|dependency|gap|recommendation,unsupported_fact|cross_tenant_claim|claim_beyond_source_confidence,none,2026-06-28T00:00:00Z,2026-06-29T14:49:49.881Z,FC-APP-006,Thought Machine Interest Engine,core_banking,AI Governance & Model Risk Tech,critical,rehost,VDR-00006,10700000,20,internal,rehost
first-capital,Financial Services Demo,v6.0,application_system,FC-APP-007,Thought Machine Branch Teller,v4_synthetic_pack,Head of Consumer Banking,synthetic_demo,family-2-technology-estate/F05_applications-systems.csv,8,2026-06-18,2026-01-01,2026-06-18,static_snapshot,medium,synthetic_demo,confidential,Home|Intelligence|Tower|Moves,current_state|modernization|dependency|gap|recommendation,unsupported_fact|cross_tenant_claim|claim_beyond_source_confidence,none,2026-06-28T00:00:00Z,2026-06-29T14:49:49.881Z,FC-APP-007,Thought Machine Branch Teller,core_banking,"Risk, Treasury & Finance Systems",critical,extend_to_cloud,VDR-00007,15700000,19,confidential_pii,extend_to_cloud
first-capital,Financial Services Demo,v6.0,application_system,FC-APP-008,Temenos Core Deposits 2,v4_synthetic_pack,Head of Consumer Banking,synthetic_demo,family-2-technology-estate/F05_applications-systems.csv,9,2026-06-18,2026-01-01,2026-06-18,static_snapshot,medium,synthetic_demo,confidential,Home|Intelligence|Tower|Moves,current_state|modernization|dependency|gap|recommendation,unsupported_fact|cross_tenant_claim|claim_beyond_source_confidence,none,2026-06-28T00:00:00Z,2026-06-29T14:49:49.881Z,FC-APP-008,Temenos Core Deposits 2,core_banking,Integration & API Platform,high,retire_candidate,VDR-00008,900000,14,confidential_pii,retire_candidate
first-capital,Financial Services Demo,v6.0,application_system,FC-APP-009,Thought Machine Loan Servicing 2,v4_synthetic_pack,Head of Consumer Banking,synthetic_demo,family-2-technology-estate/F05_applications-systems.csv,10,2026-06-18,2026-01-01,2026-06-18,static_snapshot,medium,synthetic_demo,confidential,Home|Intelligence|Tower|Moves,current_state|modernization|dependency|gap|recommendation,unsupported_fact|cross_tenant_claim|claim_beyond_source_confidence,none,2026-06-28T00:00:00Z,2026-06-29T14:49:49.881Z,FC-APP-009,Thought Machine Loan Servicing 2,core_banking,Channels & Digital Engineering,critical,extend_to_cloud,VDR-00009,10100000,8,confidential_pii,extend_to_cloud
first-capital,Financial Services Demo,v6.0,application_system,FC-APP-010,FIS GL Posting Engine 2,v4_synthetic_pack,Head of Consumer Banking,synthetic_demo,family-2-technology-estate/F05_applications-systems.csv,11,2026-06-18,2026-01-01,2026-06-18,static_snapshot,medium,synthetic_demo,confidential,Home|Intelligence|Tower|Moves,current_state|modernization|dependency|gap|recommendation,unsupported_fact|cross_tenant_claim|claim_beyond_source_confidence,none,2026-06-28T00:00:00Z,2026-06-29T14:49:49.881Z,FC-APP-010,FIS GL Posting Engine 2,core_banking,ServiceNow & IT Operations,critical,optimize,VDR-00010,21000000,23,restricted_nonpublic,optimize
first-capital,Financial Services Demo,v6.0,application_system,FC-APP-011,Thought Machine Account Master 2,v4_synthetic_pack,Head of Consumer Banking,synthetic_demo,family-2-technology-estate/F05_applications-systems.csv,12,2026-06-18,2026-01-01,2026-06-18,static_snapshot,medium,synthetic_demo,confidential,Home|Intelligence|Tower|Moves,current_state|modernization|dependency|gap|recommendation,unsupported_fact|cross_tenant_claim|claim_beyond_source_confidence,none,2026-06-28T00:00:00Z,2026-06-29T14:49:49.881Z,FC-APP-011,Thought Machine Account Master 2,core_banking,AI Governance & Model Risk Tech,critical,invest,VDR-00011,14700000,2,restricted_nonpublic,invest
first-capital,Financial Services Demo,v6.0,application_system,FC-APP-012,FIS Statements 2,v4_synthetic_pack,Head of Consumer Banking,synthetic_demo,family-2-technology-estate/F05_applications-systems.csv,13,2026-06-18,2026-01-01,2026-06-18,static_snapshot,medium,synthetic_demo,confidential,Home|Intelligence|Tower|Moves,current_state|modernization|dependency|gap|recommendation,unsupported_fact|cross_tenant_claim|claim_beyond_source_confidence,none,2026-06-28T00:00:00Z,2026-06-29T14:49:49.881Z,FC-APP-012,FIS Statements 2,core_banking,Channels & Digital Engineering,medium,rehost,VDR-00012,3800000,5,restricted_nonpublic,rehost
first-capital,Financial Services Demo,v6.0,application_system,FC-APP-013,Thought Machine Interest Engine 2,v4_synthetic_pack,Head of Consumer Banking,synthetic_demo,family-2-technology-estate/F05_applications-systems.csv,14,2026-06-18,2026-01-01,2026-06-18,static_snapshot,medium,synthetic_demo,confidential,Home|Intelligence|Tower|Moves,current_state|modernization|dependency|gap|recommendation,unsupported_fact|cross_tenant_claim|claim_beyond_source_confidence,none,2026-06-28T00:00:00Z,2026-06-29T14:49:49.881Z,FC-APP-013,Thought Machine Interest Engine 2,core_banking,Core Banking Platforms,high,retire_candidate,VDR-00013,5100000,6,internal,retire_candidate
first-capital,Financial Services Demo,v6.0,application_system,FC-APP-014,Temenos Branch Teller 2,v4_synthetic_pack,Head of Consumer Banking,synthetic_demo,family-2-technology-estate/F05_applications-systems.csv,15,2026-06-18,2026-01-01,2026-06-18,static_snapshot,medium,synthetic_demo,confidential,Home|Intelligence|Tower|Moves,current_state|modernization|dependency|gap|recommendation,unsupported_fact|cross_tenant_claim|claim_beyond_source_confidence,none,2026-06-28T00:00:00Z,2026-06-29T14:49:49.881Z,FC-APP-014,Temenos Branch Teller 2,core_banking,Integration & API Platform,high,retire_candidate,VDR-00014,2500000,13,restricted_nonpublic,retire_candidate
first-capital,Financial Services Demo,v6.0,application_system,FC-APP-015,Fiserv Core Deposits 3,v4_synthetic_pack,Head of Consumer Banking,synthetic_demo,family-2-technology-estate/F05_applications-systems.csv,16,2026-06-18,2026-01-01,2026-06-18,static_snapshot,medium,synthetic_demo,confidential,Home|Intelligence|Tower|Moves,current_state|modernization|dependency|gap|recommendation,unsupported_fact|cross_tenant_claim|claim_beyond_source_confidence,none,2026-06-28T00:00:00Z,2026-06-29T14:49:49.881Z,FC-APP-015,Fiserv Core Deposits 3,core_banking,Developer Experience & DevSecOps,medium,retire_candidate,VDR-00015,11500000,5,restricted_nonpublic,retire_candidate
first-capital,Financial Services Demo,v6.0,application_system,FC-APP-016,Thought Machine Loan Servicing 3,v4_synthetic_pack,Head of Consumer Banking,synthetic_demo,family-2-technology-estate/F05_applications-systems.csv,17,2026-06-18,2026-01-01,2026-06-18,static_snapshot,medium,synthetic_demo,confidential,Home|Intelligence|Tower|Moves,current_state|modernization|dependency|gap|recommendation,unsupported_fact|cross_tenant_claim|claim_beyond_source_confidence,none,2026-06-28T00:00:00Z,2026-06-29T14:49:49.881Z,FC-APP-016,Thought Machine Loan Servicing 3,core_banking,Cloud & Infrastructure,high,extend_to_cloud,VDR-00016,16800000,21,confidential_pci,extend_to_cloud
first-capital,Financial Services Demo,v6.0,application_system,FC-APP-017,Fiserv GL Posting Engine 3,v4_synthetic_pack,Head of Consumer Banking,synthetic_demo,family-2-technology-estate/F05_applications-systems.csv,18,2026-06-18,2026-01-01,2026-06-18,static_snapshot,medium,synthetic_demo,confidential,Home|Intelligence|Tower|Moves,current_state|modernization|dependency|gap|recommendation,unsupported_fact|cross_tenant_claim|claim_beyond_source_confidence,none,2026-06-28T00:00:00Z,2026-06-29T14:49:49.881Z,FC-APP-017,Fiserv GL Posting Engine 3,core_banking,"Risk, Treasury & Finance Systems",high,optimize,VDR-00017,2600000,10,restricted_nonpublic,optimize
first-capital,Financial Services Demo,v6.0,application_system,FC-APP-018,Fiserv Account Master 3,v4_synthetic_pack,Head of Consumer Banking,synthetic_demo,family-2-technology-estate/F05_applications-systems.csv,19,2026-06-18,2026-01-01,2026-06-18,static_snapshot,medium,synthetic_demo,confidential,Home|Intelligence|Tower|Moves,current_state|modernization|dependency|gap|recommendation,unsupported_fact|cross_tenant_claim|claim_beyond_source_confidence,none,2026-06-28T00:00:00Z,2026-06-29T14:49:49.881Z,FC-APP-018,Fiserv Account Master 3,core_banking,Cloud & Infrastructure,critical,optimize,VDR-00018,4500000,11,confidential_pci,optimize
first-capital,Financial Services Demo,v6.0,application_system,FC-APP-019,Temenos Statements 3,v4_synthetic_pack,Head of Consumer Banking,synthetic_demo,family-2-technology-estate/F05_applications-systems.csv,20,2026-06-18,2026-01-01,2026-06-18,static_snapshot,medium,synthetic_demo,confidential,Home|Intelligence|Tower|Moves,current_state|modernization|dependency|gap|recommendation,unsupported_fact|cross_tenant_claim|claim_beyond_source_confidence,none,2026-06-28T00:00:00Z,2026-06-29T14:49:49.881Z,FC-APP-019,Temenos Statements 3,core_banking,Core Banking Platforms,medium,retire_candidate,VDR-00019,2500000,3,internal,retire_candidate
first-capital,Financial Services Demo,v6.0,application_system,FC-APP-020,Temenos Interest Engine 3,v4_synthetic_pack,Head of Consumer Banking,synthetic_demo,family-2-technology-estate/F05_applications-systems.csv,21,2026-06-18,2026-01-01,2026-06-18,static_snapshot,medium,synthetic_demo,confidential,Home|Intelligence|Tower|Moves,current_state|modernization|dependency|gap|recommendation,unsupported_fact|cross_tenant_claim|claim_beyond_source_confidence,none,2026-06-28T00:00:00Z,2026-06-29T14:49:49.881Z,FC-APP-020,Temenos Interest Engine 3,core_banking,Core Banking Platforms,medium,rehost,VDR-00020,20800000,17,confidential_pci,rehost
first-capital,Financial Services Demo,v6.0,application_system,FC-APP-021,Temenos Branch Teller 3,v4_synthetic_pack,Head of Consumer Banking,synthetic_demo,family-2-technology-estate/F05_applications-systems.csv,22,2026-06-18,2026-01-01,2026-06-18,static_snapshot,medium,synthetic_demo,confidential,Home|Intelligence|Tower|Moves,current_state|modernization|dependency|gap|recommendation,unsupported_fact|cross_tenant_claim|claim_beyond_source_confidence,none,2026-06-28T00:00:00Z,2026-06-29T14:49:49.881Z,FC-APP-021,Temenos Branch Teller 3,core_banking,"Risk, Treasury & Finance Systems",critical,optimize,VDR-00021,20600000,19,confidential_pci,optimize
first-capital,Financial Services Demo,v6.0,application_system,FC-APP-022,Temenos Core Deposits 4,v4_synthetic_pack,Head of Consumer Banking,synthetic_demo,family-2-technology-estate/F05_applications-systems.csv,23,2026-06-18,2026-01-01,2026-06-18,static_snapshot,medium,synthetic_demo,confidential,Home|Intelligence|Tower|Moves,current_state|modernization|dependency|gap|recommendation,unsupported_fact|cross_tenant_claim|claim_beyond_source_confidence,none,2026-06-28T00:00:00Z,2026-06-29T14:49:49.881Z,FC-APP-022,Temenos Core Deposits 4,core_banking,Integration & API Platform,high,invest,VDR-00022,8600000,13,confidential_pci,invest
first-capital,Financial Services Demo,v6.0,application_system,FC-APP-023,FIS Loan Servicing 4,v4_synthetic_pack,Head of Consumer Banking,synthetic_demo,family-2-technology-estate/F05_applications-systems.csv,24,2026-06-18,2026-01-01,2026-06-18,static_snapshot,medium,synthetic_demo,confidential,Home|Intelligence|Tower|Moves,current_state|modernization|dependency|gap|recommendation,unsupported_fact|cross_tenant_claim|claim_beyond_source_confidence,none,2026-06-28T00:00:00Z,2026-06-29T14:49:49.881Z,FC-APP-023,FIS Loan Servicing 4,core_banking,Data Platform & AI Engineering,critical,invest,VDR-00023,3800000,19,internal,invest
first-capital,Financial Services Demo,v6.0,application_system,FC-APP-024,Temenos GL Posting Engine 4,v4_synthetic_pack,Head of Consumer Banking,synthetic_demo,family-2-technology-estate/F05_applications-systems.csv,25,2026-06-18,2026-01-01,2026-06-18,static_snapshot,medium,synthetic_demo,confidential,Home|Intelligence|Tower|Moves,current_state|modernization|dependency|gap|recommendation,unsupported_fact|cross_tenant_claim|claim_beyond_source_confidence,none,2026-06-28T00:00:00Z,2026-06-29T14:49:49.881Z,FC-APP-024,Temenos GL Posting Engine 4,core_banking,Core Banking Platforms,critical,rehost,VDR-00024,4000000,10,confidential_pii,rehost
first-capital,Financial Services Demo,v6.0,application_system,FC-APP-025,Thought Machine Account Master 4,v4_synthetic_pack,Head of Consumer Banking,synthetic_demo,family-2-technology-estate/F05_applications-systems.csv,26,2026-06-18,2026-01-01,2026-06-18,static_snapshot,medium,synthetic_demo,confidential,Home|Intelligence|Tower|Moves,current_state|modernization|dependency|gap|recommendation,unsupported_fact|cross_tenant_claim|claim_beyond_source_confidence,none,2026-06-28T00:00:00Z,2026-06-29T14:49:49.881Z,FC-APP-025,Thought Machine Account Master 4,core_banking,Core Banking Platforms,medium,retire_candidate,VDR-00025,6900000,23,confidential_pii,retire_candidate
first-capital,Financial Services Demo,v6.0,application_system,FC-APP-026,Fiserv Statements 4,v4_synthetic_pack,Head of Consumer Banking,synthetic_demo,family-2-technology-estate/F05_applications-systems.csv,27,2026-06-18,2026-01-01,2026-06-18,static_snapshot,medium,synthetic_demo,confidential,Home|Intelligence|Tower|Moves,current_state|modernization|dependency|gap|recommendation,unsupported_fact|cross_tenant_claim|claim_beyond_source_confidence,none,2026-06-28T00:00:00Z,2026-06-29T14:49:49.881Z,FC-APP-026,Fiserv Statements 4,core_banking,Core Banking Platforms,critical,invest,VDR-00026,11100000,9,confidential_pci,invest
first-capital,Financial Services Demo,v6.0,application_system,FC-APP-027,Visa DPS Card Authorization,v4_synthetic_pack,Head of Cards & Payments,synthetic_demo,family-2-technology-estate/F05_applications-systems.csv,28,2026-06-18,2026-01-01,2026-06-18,static_snapshot,medium,synthetic_demo,confidential,Home|Intelligence|Tower|Moves,current_state|modernization|dependency|gap|recommendation,unsupported_fact|cross_tenant_claim|claim_beyond_source_confidence,none,2026-06-28T00:00:00Z,2026-06-29T14:49:49.881Z,FC-APP-027,Visa DPS Card Authorization,cards,Developer Experience & DevSecOps,critical,invest,VDR-00027,16400000,2,internal,invest
first-capital,Financial Services Demo,v6.0,application_system,FC-APP-028,Visa DPS Card Issuance,v4_synthetic_pack,Head of Cards & Payments,synthetic_demo,family-2-technology-estate/F05_applications-systems.csv,29,2026-06-18,2026-01-01,2026-06-18,static_snapshot,medium,synthetic_demo,confidential,Home|Intelligence|Tower|Moves,current_state|modernization|dependency|gap|recommendation,unsupported_fact|cross_tenant_claim|claim_beyond_source_confidence,none,2026-06-28T00:00:00Z,2026-06-29T14:49:49.881Z,FC-APP-028,Visa DPS Card Issuance,cards,"Cyber, Privacy & Resilience",medium,optimize,VDR-00028,12500000,3,internal,optimize
first-capital,Financial Services Demo,v6.0,application_system,FC-APP-029,Mastercard Rewards Engine,v4_synthetic_pack,Head of Cards & Payments,synthetic_demo,family-2-technology-estate/F05_applications-systems.csv,30,2026-06-18,2026-01-01,2026-06-18,static_snapshot,medium,synthetic_demo,confidential,Home|Intelligence|Tower|Moves,current_state|modernization|dependency|gap|recommendation,unsupported_fact|cross_tenant_claim|claim_beyond_source_confidence,none,2026-06-28T00:00:00Z,2026-06-29T14:49:49.881Z,FC-APP-029,Mastercard Rewards Engine,cards,AI Governance & Model Risk Tech,medium,extend_to_cloud,VDR-00029,20600000,21,internal,extend_to_cloud
first-capital,Financial Services Demo,v6.0,application_system,FC-APP-030,Visa DPS Statement & Billing,v4_synthetic_pack,Head of Cards & Payments,synthetic_demo,family-2-technology-estate/F05_applications-systems.csv,31,2026-06-18,2026-01-01,2026-06-18,static_snapshot,medium,synthetic_demo,confidential,Home|Intelligence|Tower|Moves,current_state|modernization|dependency|gap|recommendation,unsupported_fact|cross_tenant_claim|claim_beyond_source_confidence,none,2026-06-28T00:00:00Z,2026-06-29T14:49:49.881Z,FC-APP-030,Visa DPS Statement & Billing,cards,Integration & API Platform,critical,rehost,VDR-00030,18800000,11,restricted_nonpublic,rehost
first-capital,Financial Services Demo,v6.0,application_system,FC-APP-031,TSYS Tokenization Vault,v4_synthetic_pack,Head of Cards & Payments,synthetic_demo,family-2-technology-estate/F05_applications-systems.csv,32,2026-06-18,2026-01-01,2026-06-18,static_snapshot,medium,synthetic_demo,confidential,Home|Intelligence|Tower|Moves,current_state|modernization|dependency|gap|recommendation,unsupported_fact|cross_tenant_claim|claim_beyond_source_confidence,none,2026-06-28T00:00:00Z,2026-06-29T14:49:49.881Z,FC-APP-031,TSYS Tokenization Vault,cards,Core Banking Platforms,critical,retire_candidate,VDR-00031,14900000,7,confidential_pii,retire_candidate
first-capital,Financial Services Demo,v6.0,application_system,FC-APP-032,Marqeta Dispute Manager,v4_synthetic_pack,Head of Cards & Payments,synthetic_demo,family-2-technology-estate/F05_applications-systems.csv,33,2026-06-18,2026-01-01,2026-06-18,static_snapshot,medium,synthetic_demo,confidential,Home|Intelligence|Tower|Moves,current_state|modernization|dependency|gap|recommendation,unsupported_fact|cross_tenant_claim|claim_beyond_source_confidence,none,2026-06-28T00:00:00Z,2026-06-29T14:49:49.881Z,FC-APP-032,Marqeta Dispute Manager,cards,Cards & Payments Technology,medium,optimize,VDR-00032,4300000,22,confidential_pci,optimize
first-capital,Financial Services Demo,v6.0,application_system,FC-APP-033,Visa DPS Card Authorization 2,v4_synthetic_pack,Head of Cards & Payments,synthetic_demo,family-2-technology-estate/F05_applications-systems.csv,34,2026-06-18,2026-01-01,2026-06-18,static_snapshot,medium,synthetic_demo,confidential,Home|Intelligence|Tower|Moves,current_state|modernization|dependency|gap|recommendation,unsupported_fact|cross_tenant_claim|claim_beyond_source_confidence,none,2026-06-28T00:00:00Z,2026-06-29T14:49:49.881Z,FC-APP-033,Visa DPS Card Authorization 2,cards,Cloud & Infrastructure,high,extend_to_cloud,VDR-00033,3800000,12,internal,extend_to_cloud
first-capital,Financial Services Demo,v6.0,application_system,FC-APP-034,Mastercard Card Issuance 2,v4_synthetic_pack,Head of Cards & Payments,synthetic_demo,family-2-technology-estate/F05_applications-systems.csv,35,2026-06-18,2026-01-01,2026-06-18,static_snapshot,medium,synthetic_demo,confidential,Home|Intelligence|Tower|Moves,current_state|modernization|dependency|gap|recommendation,unsupported_fact|cross_tenant_claim|claim_beyond_source_confidence,none,2026-06-28T00:00:00Z,2026-06-29T14:49:49.881Z,FC-APP-034,Mastercard Card Issuance 2,cards,AI Governance & Model Risk Tech,high,invest,VDR-00034,2800000,18,confidential_pci,invest
first-capital,Financial Services Demo,v6.0,application_system,FC-APP-035,Mastercard Rewards Engine 2,v4_synthetic_pack,Head of Cards & Payments,synthetic_demo,family-2-technology-estate/F05_applications-systems.csv,36,2026-06-18,2026-01-01,2026-06-18,static_snapshot,medium,synthetic_demo,confidential,Home|Intelligence|Tower|Moves,current_state|modernization|dependency|gap|recommendation,unsupported_fact|cross_tenant_claim|claim_beyond_source_confidence,none,2026-06-28T00:00:00Z,2026-06-29T14:49:49.881Z,FC-APP-035,Mastercard Rewards Engine 2,cards,Financial Crimes Technology,critical,optimize,VDR-00035,21100000,16,confidential_pii,optimize
first-capital,Financial Services Demo,v6.0,application_system,FC-APP-036,Visa DPS Statement & Billing 2,v4_synthetic_pack,Head of Cards & Payments,synthetic_demo,family-2-technology-estate/F05_applications-systems.csv,37,2026-06-18,2026-01-01,2026-06-18,static_snapshot,medium,synthetic_demo,confidential,Home|Intelligence|Tower|Moves,current_state|modernization|dependency|gap|recommendation,unsupported_fact|cross_tenant_claim|claim_beyond_source_confidence,none,2026-06-28T00:00:00Z,2026-06-29T14:49:49.881Z,FC-APP-036,Visa DPS Statement & Billing 2,cards,Cards & Payments Technology,critical,retire_candidate,VDR-00036,2100000,2,internal,retire_candidate
first-capital,Financial Services Demo,v6.0,application_system,FC-APP-037,Marqeta Tokenization Vault 2,v4_synthetic_pack,Head of Cards & Payments,synthetic_demo,family-2-technology-estate/F05_applications-systems.csv,38,2026-06-18,2026-01-01,2026-06-18,static_snapshot,medium,synthetic_demo,confidential,Home|Intelligence|Tower|Moves,current_state|modernization|dependency|gap|recommendation,unsupported_fact|cross_tenant_claim|claim_beyond_source_confidence,none,2026-06-28T00:00:00Z,2026-06-29T14:49:49.881Z,FC-APP-037,Marqeta Tokenization Vault 2,cards,AI Governance & Model Risk Tech,medium,optimize,VDR-00037,1600000,22,confidential_pci,optimize
first-capital,Financial Services Demo,v6.0,application_system,FC-APP-038,Mastercard Dispute Manager 2,v4_synthetic_pack,Head of Cards & Payments,synthetic_demo,family-2-technology-estate/F05_applications-systems.csv,39,2026-06-18,2026-01-01,2026-06-18,static_snapshot,medium,synthetic_demo,confidential,Home|Intelligence|Tower|Moves,current_state|modernization|dependency|gap|recommendation,unsupported_fact|cross_tenant_claim|claim_beyond_source_confidence,none,2026-06-28T00:00:00Z,2026-06-29T14:49:49.881Z,FC-APP-038,Mastercard Dispute Manager 2,cards,Cards & Payments Technology,critical,optimize,VDR-00038,12800000,6,restricted_nonpublic,optimize
first-capital,Financial Services Demo,v6.0,application_system,FC-APP-039,Marqeta Card Authorization 3,v4_synthetic_pack,Head of Cards & Payments,synthetic_demo,family-2-technology-estate/F05_applications-systems.csv,40,2026-06-18,2026-01-01,2026-06-18,static_snapshot,medium,synthetic_demo,confidential,Home|Intelligence|Tower|Moves,current_state|modernization|dependency|gap|recommendation,unsupported_fact|cross_tenant_claim|claim_beyond_source_confidence,none,2026-06-28T00:00:00Z,2026-06-29T14:49:49.881Z,FC-APP-039,Marqeta Card Authorization 3,cards,Data Platform & AI Engineering,medium,retire_candidate,VDR-00039,9200000,19,confidential_pii,retire_candidate
first-capital,Financial Services Demo,v6.0,application_system,FC-APP-040,Marqeta Card Issuance 3,v4_synthetic_pack,Head of Cards & Payments,synthetic_demo,family-2-technology-estate/F05_applications-systems.csv,41,2026-06-18,2026-01-01,2026-06-18,static_snapshot,medium,synthetic_demo,confidential,Home|Intelligence|Tower|Moves,current_state|modernization|dependency|gap|recommendation,unsupported_fact|cross_tenant_claim|claim_beyond_source_confidence,none,2026-06-28T00:00:00Z,2026-06-29T14:49:49.881Z,FC-APP-040,Marqeta Card Issuance 3,cards,Financial Crimes Technology,critical,invest,VDR-00040,10800000,23,confidential_pci,invest
first-capital,Financial Services Demo,v6.0,application_system,FC-APP-041,Mastercard Rewards Engine 3,v4_synthetic_pack,Head of Cards & Payments,synthetic_demo,family-2-technology-estate/F05_applications-systems.csv,42,2026-06-18,2026-01-01,2026-06-18,static_snapshot,medium,synthetic_demo,confidential,Home|Intelligence|Tower|Moves,current_state|modernization|dependency|gap|recommendation,unsupported_fact|cross_tenant_claim|claim_beyond_source_confidence,none,2026-06-28T00:00:00Z,2026-06-29T14:49:49.881Z,FC-APP-041,Mastercard Rewards Engine 3,cards,Data Platform & AI Engineering,critical,extend_to_cloud,VDR-00041,15500000,21,confidential_pci,extend_to_cloud
first-capital,Financial Services Demo,v6.0,application_system,FC-APP-042,Marqeta Statement & Billing 3,v4_synthetic_pack,Head of Cards & Payments,synthetic_demo,family-2-technology-estate/F05_applications-systems.csv,43,2026-06-18,2026-01-01,2026-06-18,static_snapshot,medium,synthetic_demo,confidential,Home|Intelligence|Tower|Moves,current_state|modernization|dependency|gap|recommendation,unsupported_fact|cross_tenant_claim|claim_beyond_source_confidence,none,2026-06-28T00:00:00Z,2026-06-29T14:49:49.881Z,FC-APP-042,Marqeta Statement & Billing 3,cards,"Cyber, Privacy & Resilience",high,retire_candidate,VDR-00042,4400000,9,confidential_pci,retire_candidate
first-capital,Financial Services Demo,v6.0,application_system,FC-APP-043,TSYS Tokenization Vault 3,v4_synthetic_pack,Head of Cards & Payments,synthetic_demo,family-2-technology-estate/F05_applications-systems.csv,44,2026-06-18,2026-01-01,2026-06-18,static_snapshot,medium,synthetic_demo,confidential,Home|Intelligence|Tower|Moves,current_state|modernization|dependency|gap|recommendation,unsupported_fact|cross_tenant_claim|claim_beyond_source_confidence,none,2026-06-28T00:00:00Z,2026-06-29T14:49:49.881Z,FC-APP-043,TSYS Tokenization Vault 3,cards,"Risk, Treasury & Finance Systems",critical,rehost,VDR-00043,11100000,17,internal,rehost
first-capital,Financial Services Demo,v6.0,application_system,FC-APP-044,Marqeta Dispute Manager 3,v4_synthetic_pack,Head of Cards & Payments,synthetic_demo,family-2-technology-estate/F05_applications-systems.csv,45,2026-06-18,2026-01-01,2026-06-18,static_snapshot,medium,synthetic_demo,confidential,Home|Intelligence|Tower|Moves,current_state|modernization|dependency|gap|recommendation,unsupported_fact|cross_tenant_claim|claim_beyond_source_confidence,none,2026-06-28T00:00:00Z,2026-06-29T14:49:49.881Z,FC-APP-044,Marqeta Dispute Manager 3,cards,Cards & Payments Technology,high,retire_candidate,VDR-00044,19100000,17,confidential_pci,retire_candidate
first-capital,Financial Services Demo,v6.0,application_system,FC-APP-045,TSYS Card Authorization 4,v4_synthetic_pack,Head of Cards & Payments,synthetic_demo,family-2-technology-estate/F05_applications-systems.csv,46,2026-06-18,2026-01-01,2026-06-18,static_snapshot,medium,synthetic_demo,confidential,Home|Intelligence|Tower|Moves,current_state|modernization|dependency|gap|recommendation,unsupported_fact|cross_tenant_claim|claim_beyond_source_confidence,none,2026-06-28T00:00:00Z,2026-06-29T14:49:49.881Z,FC-APP-045,TSYS Card Authorization 4,cards,Developer Experience & DevSecOps,high,retire_candidate,VDR-00045,21100000,21,confidential_pci,retire_candidate
first-capital,Financial Services Demo,v6.0,application_system,FC-APP-046,TSYS Card Issuance 4,v4_synthetic_pack,Head of Cards & Payments,synthetic_demo,family-2-technology-estate/F05_applications-systems.csv,47,2026-06-18,2026-01-01,2026-06-18,static_snapshot,medium,synthetic_demo,confidential,Home|Intelligence|Tower|Moves,current_state|modernization|dependency|gap|recommendation,unsupported_fact|cross_tenant_claim|claim_beyond_source_confidence,none,2026-06-28T00:00:00Z,2026-06-29T14:49:49.881Z,FC-APP-046,TSYS Card Issuance 4,cards,AI Governance & Model Risk Tech,medium,rehost,VDR-00046,21600000,11,confidential_pii,rehost
first-capital,Financial Services Demo,v6.0,application_system,FC-APP-047,Marqeta Rewards Engine 4,v4_synthetic_pack,Head of Cards & Payments,synthetic_demo,family-2-technology-estate/F05_applications-systems.csv,48,2026-06-18,2026-01-01,2026-06-18,static_snapshot,medium,synthetic_demo,confidential,Home|Intelligence|Tower|Moves,current_state|modernization|dependency|gap|recommendation,unsupported_fact|cross_tenant_claim|claim_beyond_source_confidence,none,2026-06-28T00:00:00Z,2026-06-29T14:49:49.881Z,FC-APP-047,Marqeta Rewards Engine 4,cards,Core Banking Platforms,high,invest,VDR-00047,4300000,8,confidential_pci,invest
first-capital,Financial Services Demo,v6.0,application_system,FC-APP-048,Visa DPS Statement & Billing 4,v4_synthetic_pack,Head of Cards & Payments,synthetic_demo,family-2-technology-estate/F05_applications-systems.csv,49,2026-06-18,2026-01-01,2026-06-18,static_snapshot,medium,synthetic_demo,confidential,Home|Intelligence|Tower|Moves,current_state|modernization|dependency|gap|recommendation,unsupported_fact|cross_tenant_claim|claim_beyond_source_confidence,none,2026-06-28T00:00:00Z,2026-06-29T14:49:49.881Z,FC-APP-048,Visa DPS Statement & Billing 4,cards,AI Governance & Model Risk Tech,medium,extend_to_cloud,VDR-00048,15800000,13,internal,extend_to_cloud
first-capital,Financial Services Demo,v6.0,application_system,FC-APP-049,The Clearing House ACH Engine,v4_synthetic_pack,Head of Cards & Payments,synthetic_demo,family-2-technology-estate/F05_applications-systems.csv,50,2026-06-18,2026-01-01,2026-06-18,static_snapshot,medium,synthetic_demo,confidential,Home|Intelligence|Tower|Moves,current_state|modernization|dependency|gap|recommendation,unsupported_fact|cross_tenant_claim|claim_beyond_source_confidence,none,2026-06-28T00:00:00Z,2026-06-29T14:49:49.881Z,FC-APP-049,The Clearing House ACH Engine,payments,Cloud & Infrastructure,medium,rehost,VDR-00049,19300000,21,internal,rehost
first-capital,Financial Services Demo,v6.0,application_system,FC-APP-050,The Clearing House Wire Platform,v4_synthetic_pack,Head of Cards & Payments,synthetic_demo,family-2-technology-estate/F05_applications-systems.csv,51,2026-06-18,2026-01-01,2026-06-18,static_snapshot,medium,synthetic_demo,confidential,Home|Intelligence|Tower|Moves,current_state|modernization|dependency|gap|recommendation,unsupported_fact|cross_tenant_claim|claim_beyond_source_confidence,none,2026-06-28T00:00:00Z,2026-06-29T14:49:49.881Z,FC-APP-050,The Clearing House Wire Platform,payments,Cloud & Infrastructure,high,retire_candidate,VDR-00050,21900000,2,restricted_nonpublic,retire_candidate
first-capital,Financial Services Demo,v6.0,application_system,FC-APP-051,FedNow RTP/FedNow Gateway,v4_synthetic_pack,Head of Cards & Payments,synthetic_demo,family-2-technology-estate/F05_applications-systems.csv,52,2026-06-18,2026-01-01,2026-06-18,static_snapshot,medium,synthetic_demo,confidential,Home|Intelligence|Tower|Moves,current_state|modernization|dependency|gap|recommendation,unsupported_fact|cross_tenant_claim|claim_beyond_source_confidence,none,2026-06-28T00:00:00Z,2026-06-29T14:49:49.881Z,FC-APP-051,FedNow RTP/FedNow Gateway,payments,Integration & API Platform,critical,invest,VDR-00051,10800000,14,confidential_pci,invest
first-capital,Financial Services Demo,v6.0,application_system,FC-APP-052,ACI Worldwide ISO 20022 Hub,v4_synthetic_pack,Head of Cards & Payments,synthetic_demo,family-2-technology-estate/F05_applications-systems.csv,53,2026-06-18,2026-01-01,2026-06-18,static_snapshot,medium,synthetic_demo,confidential,Home|Intelligence|Tower|Moves,current_state|modernization|dependency|gap|recommendation,unsupported_fact|cross_tenant_claim|claim_beyond_source_confidence,none,2026-06-28T00:00:00Z,2026-06-29T14:49:49.881Z,FC-APP-052,ACI Worldwide ISO 20022 Hub,payments,"Risk, Treasury & Finance Systems",critical,extend_to_cloud,VDR-00052,7400000,3,restricted_nonpublic,extend_to_cloud
first-capital,Financial Services Demo,v6.0,application_system,FC-APP-053,Volante Bill Pay,v4_synthetic_pack,Head of Cards & Payments,synthetic_demo,family-2-technology-estate/F05_applications-systems.csv,54,2026-06-18,2026-01-01,2026-06-18,static_snapshot,medium,synthetic_demo,confidential,Home|Intelligence|Tower|Moves,current_state|modernization|dependency|gap|recommendation,unsupported_fact|cross_tenant_claim|claim_beyond_source_confidence,none,2026-06-28T00:00:00Z,2026-06-29T14:49:49.881Z,FC-APP-053,Volante Bill Pay,payments,Channels & Digital Engineering,high,extend_to_cloud,VDR-00053,14500000,5,confidential_pii,extend_to_cloud
first-capital,Financial Services Demo,v6.0,application_system,FC-APP-054,FedNow Zelle Connector,v4_synthetic_pack,Head of Cards & Payments,synthetic_demo,family-2-technology-estate/F05_applications-systems.csv,55,2026-06-18,2026-01-01,2026-06-18,static_snapshot,medium,synthetic_demo,confidential,Home|Intelligence|Tower|Moves,current_state|modernization|dependency|gap|recommendation,unsupported_fact|cross_tenant_claim|claim_beyond_source_confidence,none,2026-06-28T00:00:00Z,2026-06-29T14:49:49.881Z,FC-APP-054,FedNow Zelle Connector,payments,Cards & Payments Technology,high,extend_to_cloud,VDR-00054,14400000,6,restricted_nonpublic,extend_to_cloud
first-capital,Financial Services Demo,v6.0,application_system,FC-APP-055,ACI Worldwide SWIFT Gateway,v4_synthetic_pack,Head of Cards & Payments,synthetic_demo,family-2-technology-estate/F05_applications-systems.csv,56,2026-06-18,2026-01-01,2026-06-18,static_snapshot,medium,synthetic_demo,confidential,Home|Intelligence|Tower|Moves,current_state|modernization|dependency|gap|recommendation,unsupported_fact|cross_tenant_claim|claim_beyond_source_confidence,none,2026-06-28T00:00:00Z,2026-06-29T14:49:49.881Z,FC-APP-055,ACI Worldwide SWIFT Gateway,payments,Cards & Payments Technology,critical,extend_to_cloud,VDR-00055,10900000,13,restricted_nonpublic,extend_to_cloud
first-capital,Financial Services Demo,v6.0,application_system,FC-APP-056,ACI Worldwide ACH Engine 2,v4_synthetic_pack,Head of Cards & Payments,synthetic_demo,family-2-technology-estate/F05_applications-systems.csv,57,2026-06-18,2026-01-01,2026-06-18,static_snapshot,medium,synthetic_demo,confidential,Home|Intelligence|Tower|Moves,current_state|modernization|dependency|gap|recommendation,unsupported_fact|cross_tenant_claim|claim_beyond_source_confidence,none,2026-06-28T00:00:00Z,2026-06-29T14:49:49.881Z,FC-APP-056,ACI Worldwide ACH Engine 2,payments,Integration & API Platform,critical,optimize,VDR-00056,6200000,22,internal,optimize
first-capital,Financial Services Demo,v6.0,application_system,FC-APP-057,ACI Worldwide Wire Platform 2,v4_synthetic_pack,Head of Cards & Payments,synthetic_demo,family-2-technology-estate/F05_applications-systems.csv,58,2026-06-18,2026-01-01,2026-06-18,static_snapshot,medium,synthetic_demo,confidential,Home|Intelligence|Tower|Moves,current_state|modernization|dependency|gap|recommendation,unsupported_fact|cross_tenant_claim|claim_beyond_source_confidence,none,2026-06-28T00:00:00Z,2026-06-29T14:49:49.881Z,FC-APP-057,ACI Worldwide Wire Platform 2,payments,ServiceNow & IT Operations,critical,optimize,VDR-00057,17400000,6,internal,optimize
first-capital,Financial Services Demo,v6.0,application_system,FC-APP-058,Volante RTP/FedNow Gateway 2,v4_synthetic_pack,Head of Cards & Payments,synthetic_demo,family-2-technology-estate/F05_applications-systems.csv,59,2026-06-18,2026-01-01,2026-06-18,static_snapshot,medium,synthetic_demo,confidential,Home|Intelligence|Tower|Moves,current_state|modernization|dependency|gap|recommendation,unsupported_fact|cross_tenant_claim|claim_beyond_source_confidence,none,2026-06-28T00:00:00Z,2026-06-29T14:49:49.881Z,FC-APP-058,Volante RTP/FedNow Gateway 2,payments,Developer Experience & DevSecOps,high,invest,VDR-00058,8400000,13,restricted_nonpublic,invest
first-capital,Financial Services Demo,v6.0,application_system,FC-APP-059,The Clearing House ISO 20022 Hub 2,v4_synthetic_pack,Head of Cards & Payments,synthetic_demo,family-2-technology-estate/F05_applications-systems.csv,60,2026-06-18,2026-01-01,2026-06-18,static_snapshot,medium,synthetic_demo,confidential,Home|Intelligence|Tower|Moves,current_state|modernization|dependency|gap|recommendation,unsupported_fact|cross_tenant_claim|claim_beyond_source_confidence,none,2026-06-28T00:00:00Z,2026-06-29T14:49:49.881Z,FC-APP-059,The Clearing House ISO 20022 Hub 2,payments,AI Governance & Model Risk Tech,high,optimize,VDR-00059,15200000,6,confidential_pii,optimize
first-capital,Financial Services Demo,v6.0,application_system,FC-APP-060,Volante Bill Pay 2,v4_synthetic_pack,Head of Cards & Payments,synthetic_demo,family-2-technology-estate/F05_applications-systems.csv,61,2026-06-18,2026-01-01,2026-06-18,static_snapshot,medium,synthetic_demo,confidential,Home|Intelligence|Tower|Moves,current_state|modernization|dependency|gap|recommendation,unsupported_fact|cross_tenant_claim|claim_beyond_source_confidence,none,2026-06-28T00:00:00Z,2026-06-29T14:49:49.881Z,FC-APP-060,Volante Bill Pay 2,payments,Cards & Payments Technology,medium,extend_to_cloud,VDR-00060,21900000,16,restricted_nonpublic,extend_to_cloud
first-capital,Financial Services Demo,v6.0,application_system,FC-APP-061,FedNow Zelle Connector 2,v4_synthetic_pack,Head of Cards & Payments,synthetic_demo,family-2-technology-estate/F05_applications-systems.csv,62,2026-06-18,2026-01-01,2026-06-18,static_snapshot,medium,synthetic_demo,confidential,Home|Intelligence|Tower|Moves,current_state|modernization|dependency|gap|recommendation,unsupported_fact|cross_tenant_claim|claim_beyond_source_confidence,none,2026-06-28T00:00:00Z,2026-06-29T14:49:49.881Z,FC-APP-061,FedNow Zelle Connector 2,payments,Financial Crimes Technology,critical,rehost,VDR-00061,3300000,22,confidential_pci,rehost
first-capital,Financial Services Demo,v6.0,application_system,FC-APP-062,ACI Worldwide SWIFT Gateway 2,v4_synthetic_pack,Head of Cards & Payments,synthetic_demo,family-2-technology-estate/F05_applications-systems.csv,63,2026-06-18,2026-01-01,2026-06-18,static_snapshot,medium,synthetic_demo,confidential,Home|Intelligence|Tower|Moves,current_state|modernization|dependency|gap|recommendation,unsupported_fact|cross_tenant_claim|claim_beyond_source_confidence,none,2026-06-28T00:00:00Z,2026-06-29T14:49:49.881Z,FC-APP-062,ACI Worldwide SWIFT Gateway 2,payments,Cloud & Infrastructure,medium,optimize,VDR-00062,10400000,3,internal,optimize
first-capital,Financial Services Demo,v6.0,application_system,FC-APP-063,The Clearing House ACH Engine 3,v4_synthetic_pack,Head of Cards & Payments,synthetic_demo,family-2-technology-estate/F05_applications-systems.csv,64,2026-06-18,2026-01-01,2026-06-18,static_snapshot,medium,synthetic_demo,confidential,Home|Intelligence|Tower|Moves,current_state|modernization|dependency|gap|recommendation,unsupported_fact|cross_tenant_claim|claim_beyond_source_confidence,none,2026-06-28T00:00:00Z,2026-06-29T14:49:49.881Z,FC-APP-063,The Clearing House ACH Engine 3,payments,AI Governance & Model Risk Tech,high,optimize,VDR-00063,8400000,17,restricted_nonpublic,optimize
first-capital,Financial Services Demo,v6.0,application_system,FC-APP-064,Volante Wire Platform 3,v4_synthetic_pack,Head of Cards & Payments,synthetic_demo,family-2-technology-estate/F05_applications-systems.csv,65,2026-06-18,2026-01-01,2026-06-18,static_snapshot,medium,synthetic_demo,confidential,Home|Intelligence|Tower|Moves,current_state|modernization|dependency|gap|recommendation,unsupported_fact|cross_tenant_claim|claim_beyond_source_confidence,none,2026-06-28T00:00:00Z,2026-06-29T14:49:49.881Z,FC-APP-064,Volante Wire Platform 3,payments,"Risk, Treasury & Finance Systems",medium,rehost,VDR-00064,13300000,19,internal,rehost
first-capital,Financial Services Demo,v6.0,application_system,FC-APP-065,The Clearing House RTP/FedNow Gateway 3,v4_synthetic_pack,Head of Cards & Payments,synthetic_demo,family-2-technology-estate/F05_applications-systems.csv,66,2026-06-18,2026-01-01,2026-06-18,static_snapshot,medium,synthetic_demo,confidential,Home|Intelligence|Tower|Moves,current_state|modernization|dependency|gap|recommendation,unsupported_fact|cross_tenant_claim|claim_beyond_source_confidence,none,2026-06-28T00:00:00Z,2026-06-29T14:49:49.881Z,FC-APP-065,The Clearing House RTP/FedNow Gateway 3,payments,"Cyber, Privacy & Resilience",high,rehost,VDR-00065,20300000,20,confidential_pci,rehost
first-capital,Financial Services Demo,v6.0,application_system,FC-APP-066,FedNow ISO 20022 Hub 3,v4_synthetic_pack,Head of Cards & Payments,synthetic_demo,family-2-technology-estate/F05_applications-systems.csv,67,2026-06-18,2026-01-01,2026-06-18,static_snapshot,medium,synthetic_demo,confidential,Home|Intelligence|Tower|Moves,current_state|modernization|dependency|gap|recommendation,unsupported_fact|cross_tenant_claim|claim_beyond_source_confidence,none,2026-06-28T00:00:00Z,2026-06-29T14:49:49.881Z,FC-APP-066,FedNow ISO 20022 Hub 3,payments,"Risk, Treasury & Finance Systems",critical,invest,VDR-00066,4400000,12,restricted_nonpublic,invest
first-capital,Financial Services Demo,v6.0,application_system,FC-APP-067,Volante Bill Pay 3,v4_synthetic_pack,Head of Cards & Payments,synthetic_demo,family-2-technology-estate/F05_applications-systems.csv,68,2026-06-18,2026-01-01,2026-06-18,static_snapshot,medium,synthetic_demo,confidential,Home|Intelligence|Tower|Moves,current_state|modernization|dependency|gap|recommendation,unsupported_fact|cross_tenant_claim|claim_beyond_source_confidence,none,2026-06-28T00:00:00Z,2026-06-29T14:49:49.881Z,FC-APP-067,Volante Bill Pay 3,payments,AI Governance & Model Risk Tech,high,rehost,VDR-00067,20000000,24,restricted_nonpublic,rehost
first-capital,Financial Services Demo,v6.0,application_system,FC-APP-068,FedNow Zelle Connector 3,v4_synthetic_pack,Head of Cards & Payments,synthetic_demo,family-2-technology-estate/F05_applications-systems.csv,69,2026-06-18,2026-01-01,2026-06-18,static_snapshot,medium,synthetic_demo,confidential,Home|Intelligence|Tower|Moves,current_state|modernization|dependency|gap|recommendation,unsupported_fact|cross_tenant_claim|claim_beyond_source_confidence,none,2026-06-28T00:00:00Z,2026-06-29T14:49:49.881Z,FC-APP-068,FedNow Zelle Connector 3,payments,Cards & Payments Technology,critical,extend_to_cloud,VDR-00068,11400000,22,internal,extend_to_cloud
first-capital,Financial Services Demo,v6.0,application_system,FC-APP-069,Featurespace Transaction Monitoring,v4_synthetic_pack,Chief Risk Officer,synthetic_demo,family-2-technology-estate/F05_applications-systems.csv,70,2026-06-18,2026-01-01,2026-06-18,static_snapshot,medium,synthetic_demo,confidential,Home|Intelligence|Tower|Moves,current_state|modernization|dependency|gap|recommendation,unsupported_fact|cross_tenant_claim|claim_beyond_source_confidence,none,2026-06-28T00:00:00Z,2026-06-29T14:49:49.881Z,FC-APP-069,Featurespace Transaction Monitoring,aml_fraud,ServiceNow & IT Operations,critical,invest,VDR-00069,14800000,8,internal,invest
first-capital,Financial Services Demo,v6.0,application_system,FC-APP-070,SAS Sanctions Screening,v4_synthetic_pack,Chief Risk Officer,synthetic_demo,family-2-technology-estate/F05_applications-systems.csv,71,2026-06-18,2026-01-01,2026-06-18,static_snapshot,medium,synthetic_demo,confidential,Home|Intelligence|Tower|Moves,current_state|modernization|dependency|gap|recommendation,unsupported_fact|cross_tenant_claim|claim_beyond_source_confidence,none,2026-06-28T00:00:00Z,2026-06-29T14:49:49.881Z,FC-APP-070,SAS Sanctions Screening,aml_fraud,Cards & Payments Technology,high,retire_candidate,VDR-00070,1200000,14,internal,retire_candidate
first-capital,Financial Services Demo,v6.0,application_system,FC-APP-071,Featurespace Fraud Scoring,v4_synthetic_pack,Chief Risk Officer,synthetic_demo,family-2-technology-estate/F05_applications-systems.csv,72,2026-06-18,2026-01-01,2026-06-18,static_snapshot,medium,synthetic_demo,confidential,Home|Intelligence|Tower|Moves,current_state|modernization|dependency|gap|recommendation,unsupported_fact|cross_tenant_claim|claim_beyond_source_confidence,none,2026-06-28T00:00:00Z,2026-06-29T14:49:49.881Z,FC-APP-071,Featurespace Fraud Scoring,aml_fraud,Data Platform & AI Engineering,medium,invest,VDR-00071,11000000,2,confidential_pii,invest
first-capital,Financial Services Demo,v6.0,application_system,FC-APP-072,SAS Case Manager,v4_synthetic_pack,Chief Risk Officer,synthetic_demo,family-2-technology-estate/F05_applications-systems.csv,73,2026-06-18,2026-01-01,2026-06-18,static_snapshot,medium,synthetic_demo,confidential,Home|Intelligence|Tower|Moves,current_state|modernization|dependency|gap|recommendation,unsupported_fact|cross_tenant_claim|claim_beyond_source_confidence,none,2026-06-28T00:00:00Z,2026-06-29T14:49:49.881Z,FC-APP-072,SAS Case Manager,aml_fraud,Integration & API Platform,high,rehost,VDR-00072,16300000,23,confidential_pci,rehost
first-capital,Financial Services Demo,v6.0,application_system,FC-APP-073,NICE Actimize KYC Orchestrator,v4_synthetic_pack,Chief Risk Officer,synthetic_demo,family-2-technology-estate/F05_applications-systems.csv,74,2026-06-18,2026-01-01,2026-06-18,static_snapshot,medium,synthetic_demo,confidential,Home|Intelligence|Tower|Moves,current_state|modernization|dependency|gap|recommendation,unsupported_fact|cross_tenant_claim|claim_beyond_source_confidence,none,2026-06-28T00:00:00Z,2026-06-29T14:49:49.881Z,FC-APP-073,NICE Actimize KYC Orchestrator,aml_fraud,Channels & Digital Engineering,critical,optimize,VDR-00073,15500000,16,internal,optimize
first-capital,Financial Services Demo,v6.0,application_system,FC-APP-074,Featurespace SAR Filing,v4_synthetic_pack,Chief Risk Officer,synthetic_demo,family-2-technology-estate/F05_applications-systems.csv,75,2026-06-18,2026-01-01,2026-06-18,static_snapshot,medium,synthetic_demo,confidential,Home|Intelligence|Tower|Moves,current_state|modernization|dependency|gap|recommendation,unsupported_fact|cross_tenant_claim|claim_beyond_source_confidence,none,2026-06-28T00:00:00Z,2026-06-29T14:49:49.881Z,FC-APP-074,Featurespace SAR Filing,aml_fraud,"Risk, Treasury & Finance Systems",critical,rehost,VDR-00074,8000000,15,confidential_pii,rehost
first-capital,Financial Services Demo,v6.0,application_system,FC-APP-075,SAS Transaction Monitoring 2,v4_synthetic_pack,Chief Risk Officer,synthetic_demo,family-2-technology-estate/F05_applications-systems.csv,76,2026-06-18,2026-01-01,2026-06-18,static_snapshot,medium,synthetic_demo,confidential,Home|Intelligence|Tower|Moves,current_state|modernization|dependency|gap|recommendation,unsupported_fact|cross_tenant_claim|claim_beyond_source_confidence,none,2026-06-28T00:00:00Z,2026-06-29T14:49:49.881Z,FC-APP-075,SAS Transaction Monitoring 2,aml_fraud,ServiceNow & IT Operations,critical,extend_to_cloud,VDR-00075,3200000,9,restricted_nonpublic,extend_to_cloud
first-capital,Financial Services Demo,v6.0,application_system,FC-APP-076,SAS Sanctions Screening 2,v4_synthetic_pack,Chief Risk Officer,synthetic_demo,family-2-technology-estate/F05_applications-systems.csv,77,2026-06-18,2026-01-01,2026-06-18,static_snapshot,medium,synthetic_demo,confidential,Home|Intelligence|Tower|Moves,current_state|modernization|dependency|gap|recommendation,unsupported_fact|cross_tenant_claim|claim_beyond_source_confidence,none,2026-06-28T00:00:00Z,2026-06-29T14:49:49.881Z,FC-APP-076,SAS Sanctions Screening 2,aml_fraud,Core Banking Platforms,high,rehost,VDR-00076,2200000,24,internal,rehost
first-capital,Financial Services Demo,v6.0,application_system,FC-APP-077,Featurespace Fraud Scoring 2,v4_synthetic_pack,Chief Risk Officer,synthetic_demo,family-2-technology-estate/F05_applications-systems.csv,78,2026-06-18,2026-01-01,2026-06-18,static_snapshot,medium,synthetic_demo,confidential,Home|Intelligence|Tower|Moves,current_state|modernization|dependency|gap|recommendation,unsupported_fact|cross_tenant_claim|claim_beyond_source_confidence,none,2026-06-28T00:00:00Z,2026-06-29T14:49:49.881Z,FC-APP-077,Featurespace Fraud Scoring 2,aml_fraud,AI Governance & Model Risk Tech,critical,optimize,VDR-00077,9800000,23,confidential_pii,optimize
first-capital,Financial Services Demo,v6.0,application_system,FC-APP-078,Featurespace Case Manager 2,v4_synthetic_pack,Chief Risk Officer,synthetic_demo,family-2-technology-estate/F05_applications-systems.csv,79,2026-06-18,2026-01-01,2026-06-18,static_snapshot,medium,synthetic_demo,confidential,Home|Intelligence|Tower|Moves,current_state|modernization|dependency|gap|recommendation,unsupported_fact|cross_tenant_claim|claim_beyond_source_confidence,none,2026-06-28T00:00:00Z,2026-06-29T14:49:49.881Z,FC-APP-078,Featurespace Case Manager 2,aml_fraud,Core Banking Platforms,critical,retire_candidate,VDR-00078,15400000,18,restricted_nonpublic,retire_candidate
first-capital,Financial Services Demo,v6.0,application_system,FC-APP-079,Featurespace KYC Orchestrator 2,v4_synthetic_pack,Chief Risk Officer,synthetic_demo,family-2-technology-estate/F05_applications-systems.csv,80,2026-06-18,2026-01-01,2026-06-18,static_snapshot,medium,synthetic_demo,confidential,Home|Intelligence|Tower|Moves,current_state|modernization|dependency|gap|recommendation,unsupported_fact|cross_tenant_claim|claim_beyond_source_confidence,none,2026-06-28T00:00:00Z,2026-06-29T14:49:49.881Z,FC-APP-079,Featurespace KYC Orchestrator 2,aml_fraud,Cards & Payments Technology,medium,invest,VDR-00079,15200000,17,confidential_pii,invest
first-capital,Financial Services Demo,v6.0,application_system,FC-APP-080,NICE Actimize SAR Filing 2,v4_synthetic_pack,Chief Risk Officer,synthetic_demo,family-2-technology-estate/F05_applications-systems.csv,81,2026-06-18,2026-01-01,2026-06-18,static_snapshot,medium,synthetic_demo,confidential,Home|Intelligence|Tower|Moves,current_state|modernization|dependency|gap|recommendation,unsupported_fact|cross_tenant_claim|claim_beyond_source_confidence,none,2026-06-28T00:00:00Z,2026-06-29T14:49:49.881Z,FC-APP-080,NICE Actimize SAR Filing 2,aml_fraud,Cloud & Infrastructure,critical,extend_to_cloud,VDR-00080,8300000,9,confidential_pii,extend_to_cloud
first-capital,Financial Services Demo,v6.0,application_system,FC-APP-081,SAS Transaction Monitoring 3,v4_synthetic_pack,Chief Risk Officer,synthetic_demo,family-2-technology-estate/F05_applications-systems.csv,82,2026-06-18,2026-01-01,2026-06-18,static_snapshot,medium,synthetic_demo,confidential,Home|Intelligence|Tower|Moves,current_state|modernization|dependency|gap|recommendation,unsupported_fact|cross_tenant_claim|claim_beyond_source_confidence,none,2026-06-28T00:00:00Z,2026-06-29T14:49:49.881Z,FC-APP-081,SAS Transaction Monitoring 3,aml_fraud,Financial Crimes Technology,medium,invest,VDR-00081,16900000,17,confidential_pci,invest
first-capital,Financial Services Demo,v6.0,application_system,FC-APP-082,SAS Sanctions Screening 3,v4_synthetic_pack,Chief Risk Officer,synthetic_demo,family-2-technology-estate/F05_applications-systems.csv,83,2026-06-18,2026-01-01,2026-06-18,static_snapshot,medium,synthetic_demo,confidential,Home|Intelligence|Tower|Moves,current_state|modernization|dependency|gap|recommendation,unsupported_fact|cross_tenant_claim|claim_beyond_source_confidence,none,2026-06-28T00:00:00Z,2026-06-29T14:49:49.881Z,FC-APP-082,SAS Sanctions Screening 3,aml_fraud,"Risk, Treasury & Finance Systems",high,extend_to_cloud,VDR-00082,9500000,18,confidential_pci,extend_to_cloud
first-capital,Financial Services Demo,v6.0,application_system,FC-APP-083,Feedzai Fraud Scoring 3,v4_synthetic_pack,Chief Risk Officer,synthetic_demo,family-2-technology-estate/F05_applications-systems.csv,84,2026-06-18,2026-01-01,2026-06-18,static_snapshot,medium,synthetic_demo,confidential,Home|Intelligence|Tower|Moves,current_state|modernization|dependency|gap|recommendation,unsupported_fact|cross_tenant_claim|claim_beyond_source_confidence,none,2026-06-28T00:00:00Z,2026-06-29T14:49:49.881Z,FC-APP-083,Feedzai Fraud Scoring 3,aml_fraud,Financial Crimes Technology,high,optimize,VDR-00083,5100000,6,confidential_pci,optimize
first-capital,Financial Services Demo,v6.0,application_system,FC-APP-084,Feedzai Case Manager 3,v4_synthetic_pack,Chief Risk Officer,synthetic_demo,family-2-technology-estate/F05_applications-systems.csv,85,2026-06-18,2026-01-01,2026-06-18,static_snapshot,medium,synthetic_demo,confidential,Home|Intelligence|Tower|Moves,current_state|modernization|dependency|gap|recommendation,unsupported_fact|cross_tenant_claim|claim_beyond_source_confidence,none,2026-06-28T00:00:00Z,2026-06-29T14:49:49.881Z,FC-APP-084,Feedzai Case Manager 3,aml_fraud,Data Platform & AI Engineering,critical,retire_candidate,VDR-00084,3200000,14,confidential_pci,retire_candidate
first-capital,Financial Services Demo,v6.0,application_system,FC-APP-085,SAS KYC Orchestrator 3,v4_synthetic_pack,Chief Risk Officer,synthetic_demo,family-2-technology-estate/F05_applications-systems.csv,86,2026-06-18,2026-01-01,2026-06-18,static_snapshot,medium,synthetic_demo,confidential,Home|Intelligence|Tower|Moves,current_state|modernization|dependency|gap|recommendation,unsupported_fact|cross_tenant_claim|claim_beyond_source_confidence,none,2026-06-28T00:00:00Z,2026-06-29T14:49:49.881Z,FC-APP-085,SAS KYC Orchestrator 3,aml_fraud,"Cyber, Privacy & Resilience",critical,retire_candidate,VDR-00085,8000000,17,confidential_pci,retire_candidate
first-capital,Financial Services Demo,v6.0,application_system,FC-APP-086,Featurespace SAR Filing 3,v4_synthetic_pack,Chief Risk Officer,synthetic_demo,family-2-technology-estate/F05_applications-systems.csv,87,2026-06-18,2026-01-01,2026-06-18,static_snapshot,medium,synthetic_demo,confidential,Home|Intelligence|Tower|Moves,current_state|modernization|dependency|gap|recommendation,unsupported_fact|cross_tenant_claim|claim_beyond_source_confidence,none,2026-06-28T00:00:00Z,2026-06-29T14:49:49.881Z,FC-APP-086,Featurespace SAR Filing 3,aml_fraud,"Cyber, Privacy & Resilience",critical,optimize,VDR-00086,17800000,14,confidential_pci,optimize
first-capital,Financial Services Demo,v6.0,application_system,FC-APP-087,SAS Credit Risk Engine,v4_synthetic_pack,Chief Risk Officer,synthetic_demo,family-2-technology-estate/F05_applications-systems.csv,88,2026-06-18,2026-01-01,2026-06-18,static_snapshot,medium,synthetic_demo,confidential,Home|Intelligence|Tower|Moves,current_state|modernization|dependency|gap|recommendation,unsupported_fact|cross_tenant_claim|claim_beyond_source_confidence,none,2026-06-28T00:00:00Z,2026-06-29T14:49:49.881Z,FC-APP-087,SAS Credit Risk Engine,risk,Core Banking Platforms,critical,extend_to_cloud,VDR-00087,6900000,21,internal,extend_to_cloud
first-capital,Financial Services Demo,v6.0,application_system,FC-APP-088,Numerix Market Risk VaR,v4_synthetic_pack,Chief Risk Officer,synthetic_demo,family-2-technology-estate/F05_applications-systems.csv,89,2026-06-18,2026-01-01,2026-06-18,static_snapshot,medium,synthetic_demo,confidential,Home|Intelligence|Tower|Moves,current_state|modernization|dependency|gap|recommendation,unsupported_fact|cross_tenant_claim|claim_beyond_source_confidence,none,2026-06-28T00:00:00Z,2026-06-29T14:49:49.881Z,FC-APP-088,Numerix Market Risk VaR,risk,"Risk, Treasury & Finance Systems",high,invest,VDR-00088,17800000,6,restricted_nonpublic,invest
first-capital,Financial Services Demo,v6.0,application_system,FC-APP-089,SAS Stress Test Platform,v4_synthetic_pack,Chief Risk Officer,synthetic_demo,family-2-technology-estate/F05_applications-systems.csv,90,2026-06-18,2026-01-01,2026-06-18,static_snapshot,medium,synthetic_demo,confidential,Home|Intelligence|Tower|Moves,current_state|modernization|dependency|gap|recommendation,unsupported_fact|cross_tenant_claim|claim_beyond_source_confidence,none,2026-06-28T00:00:00Z,2026-06-29T14:49:49.881Z,FC-APP-089,SAS Stress Test Platform,risk,Channels & Digital Engineering,medium,invest,VDR-00089,8300000,15,confidential_pci,invest
first-capital,Financial Services Demo,v6.0,application_system,FC-APP-090,Moody's Risk Rating,v4_synthetic_pack,Chief Risk Officer,synthetic_demo,family-2-technology-estate/F05_applications-systems.csv,91,2026-06-18,2026-01-01,2026-06-18,static_snapshot,medium,synthetic_demo,confidential,Home|Intelligence|Tower|Moves,current_state|modernization|dependency|gap|recommendation,unsupported_fact|cross_tenant_claim|claim_beyond_source_confidence,none,2026-06-28T00:00:00Z,2026-06-29T14:49:49.881Z,FC-APP-090,Moody's Risk Rating,risk,"Risk, Treasury & Finance Systems",high,retire_candidate,VDR-00090,16900000,20,internal,retire_candidate
first-capital,Financial Services Demo,v6.0,application_system,FC-APP-091,Moody's Limits Manager,v4_synthetic_pack,Chief Risk Officer,synthetic_demo,family-2-technology-estate/F05_applications-systems.csv,92,2026-06-18,2026-01-01,2026-06-18,static_snapshot,medium,synthetic_demo,confidential,Home|Intelligence|Tower|Moves,current_state|modernization|dependency|gap|recommendation,unsupported_fact|cross_tenant_claim|claim_beyond_source_confidence,none,2026-06-28T00:00:00Z,2026-06-29T14:49:49.881Z,FC-APP-091,Moody's Limits Manager,risk,Channels & Digital Engineering,high,rehost,VDR-00091,7700000,17,confidential_pii,rehost
first-capital,Financial Services Demo,v6.0,application_system,FC-APP-092,Murex CCAR Workbench,v4_synthetic_pack,Chief Risk Officer,synthetic_demo,family-2-technology-estate/F05_applications-systems.csv,93,2026-06-18,2026-01-01,2026-06-18,static_snapshot,medium,synthetic_demo,confidential,Home|Intelligence|Tower|Moves,current_state|modernization|dependency|gap|recommendation,unsupported_fact|cross_tenant_claim|claim_beyond_source_confidence,none,2026-06-28T00:00:00Z,2026-06-29T14:49:49.881Z,FC-APP-092,Murex CCAR Workbench,risk,Channels & Digital Engineering,critical,optimize,VDR-00092,15600000,8,internal,optimize
first-capital,Financial Services Demo,v6.0,application_system,FC-APP-093,Moody's Credit Risk Engine 2,v4_synthetic_pack,Chief Risk Officer,synthetic_demo,family-2-technology-estate/F05_applications-systems.csv,94,2026-06-18,2026-01-01,2026-06-18,static_snapshot,medium,synthetic_demo,confidential,Home|Intelligence|Tower|Moves,current_state|modernization|dependency|gap|recommendation,unsupported_fact|cross_tenant_claim|claim_beyond_source_confidence,none,2026-06-28T00:00:00Z,2026-06-29T14:49:49.881Z,FC-APP-093,Moody's Credit Risk Engine 2,risk,Developer Experience & DevSecOps,medium,retire_candidate,VDR-00093,20000000,20,internal,retire_candidate
first-capital,Financial Services Demo,v6.0,application_system,FC-APP-094,Moody's Market Risk VaR 2,v4_synthetic_pack,Chief Risk Officer,synthetic_demo,family-2-technology-estate/F05_applications-systems.csv,95,2026-06-18,2026-01-01,2026-06-18,static_snapshot,medium,synthetic_demo,confidential,Home|Intelligence|Tower|Moves,current_state|modernization|dependency|gap|recommendation,unsupported_fact|cross_tenant_claim|claim_beyond_source_confidence,none,2026-06-28T00:00:00Z,2026-06-29T14:49:49.881Z,FC-APP-094,Moody's Market Risk VaR 2,risk,Integration & API Platform,high,extend_to_cloud,VDR-00094,7600000,12,restricted_nonpublic,extend_to_cloud
first-capital,Financial Services Demo,v6.0,application_system,FC-APP-095,SAS Stress Test Platform 2,v4_synthetic_pack,Chief Risk Officer,synthetic_demo,family-2-technology-estate/F05_applications-systems.csv,96,2026-06-18,2026-01-01,2026-06-18,static_snapshot,medium,synthetic_demo,confidential,Home|Intelligence|Tower|Moves,current_state|modernization|dependency|gap|recommendation,unsupported_fact|cross_tenant_claim|claim_beyond_source_confidence,none,2026-06-28T00:00:00Z,2026-06-29T14:49:49.881Z,FC-APP-095,SAS Stress Test Platform 2,risk,Developer Experience & DevSecOps,high,rehost,VDR-00095,19400000,12,confidential_pci,rehost
first-capital,Financial Services Demo,v6.0,application_system,FC-APP-096,SAS Risk Rating 2,v4_synthetic_pack,Chief Risk Officer,synthetic_demo,family-2-technology-estate/F05_applications-systems.csv,97,2026-06-18,2026-01-01,2026-06-18,static_snapshot,medium,synthetic_demo,confidential,Home|Intelligence|Tower|Moves,current_state|modernization|dependency|gap|recommendation,unsupported_fact|cross_tenant_claim|claim_beyond_source_confidence,none,2026-06-28T00:00:00Z,2026-06-29T14:49:49.881Z,FC-APP-096,SAS Risk Rating 2,risk,Data Platform & AI Engineering,high,invest,VDR-00096,20200000,24,confidential_pii,invest
first-capital,Financial Services Demo,v6.0,application_system,FC-APP-097,Numerix Limits Manager 2,v4_synthetic_pack,Chief Risk Officer,synthetic_demo,family-2-technology-estate/F05_applications-systems.csv,98,2026-06-18,2026-01-01,2026-06-18,static_snapshot,medium,synthetic_demo,confidential,Home|Intelligence|Tower|Moves,current_state|modernization|dependency|gap|recommendation,unsupported_fact|cross_tenant_claim|claim_beyond_source_confidence,none,2026-06-28T00:00:00Z,2026-06-29T14:49:49.881Z,FC-APP-097,Numerix Limits Manager 2,risk,Data Platform & AI Engineering,critical,invest,VDR-00097,10600000,6,internal,invest
first-capital,Financial Services Demo,v6.0,application_system,FC-APP-098,Numerix CCAR Workbench 2,v4_synthetic_pack,Chief Risk Officer,synthetic_demo,family-2-technology-estate/F05_applications-systems.csv,99,2026-06-18,2026-01-01,2026-06-18,static_snapshot,medium,synthetic_demo,confidential,Home|Intelligence|Tower|Moves,current_state|modernization|dependency|gap|recommendation,unsupported_fact|cross_tenant_claim|claim_beyond_source_confidence,none,2026-06-28T00:00:00Z,2026-06-29T14:49:49.881Z,FC-APP-098,Numerix CCAR Workbench 2,risk,"Cyber, Privacy & Resilience",high,invest,VDR-00098,18800000,18,restricted_nonpublic,invest
first-capital,Financial Services Demo,v6.0,application_system,FC-APP-099,Murex Credit Risk Engine 3,v4_synthetic_pack,Chief Risk Officer,synthetic_demo,family-2-technology-estate/F05_applications-systems.csv,100,2026-06-18,2026-01-01,2026-06-18,static_snapshot,medium,synthetic_demo,confidential,Home|Intelligence|Tower|Moves,current_state|modernization|dependency|gap|recommendation,unsupported_fact|cross_tenant_claim|claim_beyond_source_confidence,none,2026-06-28T00:00:00Z,2026-06-29T14:49:49.881Z,FC-APP-099,Murex Credit Risk Engine 3,risk,"Cyber, Privacy & Resilience",medium,retire_candidate,VDR-00099,9700000,9,internal,retire_candidate
first-capital,Financial Services Demo,v6.0,application_system,FC-APP-100,Murex Market Risk VaR 3,v4_synthetic_pack,Chief Risk Officer,synthetic_demo,family-2-technology-estate/F05_applications-systems.csv,101,2026-06-18,2026-01-01,2026-06-18,static_snapshot,medium,synthetic_demo,confidential,Home|Intelligence|Tower|Moves,current_state|modernization|dependency|gap|recommendation,unsupported_fact|cross_tenant_claim|claim_beyond_source_confidence,none,2026-06-28T00:00:00Z,2026-06-29T14:49:49.881Z,FC-APP-100,Murex Market Risk VaR 3,risk,Cards & Payments Technology,critical,invest,VDR-00100,18700000,12,internal,invest
first-capital,Financial Services Demo,v6.0,application_system,FC-APP-101,Moody's Stress Test Platform 3,v4_synthetic_pack,Chief Risk Officer,synthetic_demo,family-2-technology-estate/F05_applications-systems.csv,102,2026-06-18,2026-01-01,2026-06-18,static_snapshot,medium,synthetic_demo,confidential,Home|Intelligence|Tower|Moves,current_state|modernization|dependency|gap|recommendation,unsupported_fact|cross_tenant_claim|claim_beyond_source_confidence,none,2026-06-28T00:00:00Z,2026-06-29T14:49:49.881Z,FC-APP-101,Moody's Stress Test Platform 3,risk,"Cyber, Privacy & Resilience",high,invest,VDR-00101,10900000,21,internal,invest
first-capital,Financial Services Demo,v6.0,application_system,FC-APP-102,SAS Risk Rating 3,v4_synthetic_pack,Chief Risk Officer,synthetic_demo,family-2-technology-estate/F05_applications-systems.csv,103,2026-06-18,2026-01-01,2026-06-18,static_snapshot,medium,synthetic_demo,confidential,Home|Intelligence|Tower|Moves,current_state|modernization|dependency|gap|recommendation,unsupported_fact|cross_tenant_claim|claim_beyond_source_confidence,none,2026-06-28T00:00:00Z,2026-06-29T14:49:49.881Z,FC-APP-102,SAS Risk Rating 3,risk,ServiceNow & IT Operations,critical,rehost,VDR-00102,3100000,11,confidential_pii,rehost
first-capital,Financial Services Demo,v6.0,application_system,FC-APP-103,Murex ALM Engine,v4_synthetic_pack,Treasurer,synthetic_demo,family-2-technology-estate/F05_applications-systems.csv,104,2026-06-18,2026-01-01,2026-06-18,static_snapshot,medium,synthetic_demo,confidential,Home|Intelligence|Tower|Moves,current_state|modernization|dependency|gap|recommendation,unsupported_fact|cross_tenant_claim|claim_beyond_source_confidence,none,2026-06-28T00:00:00Z,2026-06-29T14:49:49.881Z,FC-APP-103,Murex ALM Engine,treasury,AI Governance & Model Risk Tech,critical,rehost,VDR-00103,16100000,21,internal,rehost
first-capital,Financial Services Demo,v6.0,application_system,FC-APP-104,FIS Quantum Liquidity Monitor,v4_synthetic_pack,Treasurer,synthetic_demo,family-2-technology-estate/F05_applications-systems.csv,105,2026-06-18,2026-01-01,2026-06-18,static_snapshot,medium,synthetic_demo,confidential,Home|Intelligence|Tower|Moves,current_state|modernization|dependency|gap|recommendation,unsupported_fact|cross_tenant_claim|claim_beyond_source_confidence,none,2026-06-28T00:00:00Z,2026-06-29T14:49:49.881Z,FC-APP-104,FIS Quantum Liquidity Monitor,treasury,Data Platform & AI Engineering,critical,extend_to_cloud,VDR-00104,17200000,16,confidential_pii,extend_to_cloud
first-capital,Financial Services Demo,v6.0,application_system,FC-APP-105,Calypso FX Trading,v4_synthetic_pack,Treasurer,synthetic_demo,family-2-technology-estate/F05_applications-systems.csv,106,2026-06-18,2026-01-01,2026-06-18,static_snapshot,medium,synthetic_demo,confidential,Home|Intelligence|Tower|Moves,current_state|modernization|dependency|gap|recommendation,unsupported_fact|cross_tenant_claim|claim_beyond_source_confidence,none,2026-06-28T00:00:00Z,2026-06-29T14:49:49.881Z,FC-APP-105,Calypso FX Trading,treasury,ServiceNow & IT Operations,critical,invest,VDR-00105,14800000,10,internal,invest
first-capital,Financial Services Demo,v6.0,application_system,FC-APP-106,FIS Quantum Securities Ledger,v4_synthetic_pack,Treasurer,synthetic_demo,family-2-technology-estate/F05_applications-systems.csv,107,2026-06-18,2026-01-01,2026-06-18,static_snapshot,medium,synthetic_demo,confidential,Home|Intelligence|Tower|Moves,current_state|modernization|dependency|gap|recommendation,unsupported_fact|cross_tenant_claim|claim_beyond_source_confidence,none,2026-06-28T00:00:00Z,2026-06-29T14:49:49.881Z,FC-APP-106,FIS Quantum Securities Ledger,treasury,ServiceNow & IT Operations,medium,retire_candidate,VDR-00106,6500000,21,confidential_pci,retire_candidate
first-capital,Financial Services Demo,v6.0,application_system,FC-APP-107,Kyriba Funding Desk,v4_synthetic_pack,Treasurer,synthetic_demo,family-2-technology-estate/F05_applications-systems.csv,108,2026-06-18,2026-01-01,2026-06-18,static_snapshot,medium,synthetic_demo,confidential,Home|Intelligence|Tower|Moves,current_state|modernization|dependency|gap|recommendation,unsupported_fact|cross_tenant_claim|claim_beyond_source_confidence,none,2026-06-28T00:00:00Z,2026-06-29T14:49:49.881Z,FC-APP-107,Kyriba Funding Desk,treasury,AI Governance & Model Risk Tech,critical,optimize,VDR-00107,18200000,22,confidential_pii,optimize
first-capital,Financial Services Demo,v6.0,application_system,FC-APP-108,Calypso Collateral Manager,v4_synthetic_pack,Treasurer,synthetic_demo,family-2-technology-estate/F05_applications-systems.csv,109,2026-06-18,2026-01-01,2026-06-18,static_snapshot,medium,synthetic_demo,confidential,Home|Intelligence|Tower|Moves,current_state|modernization|dependency|gap|recommendation,unsupported_fact|cross_tenant_claim|claim_beyond_source_confidence,none,2026-06-28T00:00:00Z,2026-06-29T14:49:49.881Z,FC-APP-108,Calypso Collateral Manager,treasury,Integration & API Platform,medium,invest,VDR-00108,4400000,22,restricted_nonpublic,invest
first-capital,Financial Services Demo,v6.0,application_system,FC-APP-109,Murex ALM Engine 2,v4_synthetic_pack,Treasurer,synthetic_demo,family-2-technology-estate/F05_applications-systems.csv,110,2026-06-18,2026-01-01,2026-06-18,static_snapshot,medium,synthetic_demo,confidential,Home|Intelligence|Tower|Moves,current_state|modernization|dependency|gap|recommendation,unsupported_fact|cross_tenant_claim|claim_beyond_source_confidence,none,2026-06-28T00:00:00Z,2026-06-29T14:49:49.881Z,FC-APP-109,Murex ALM Engine 2,treasury,Cards & Payments Technology,critical,retire_candidate,VDR-00109,16300000,23,internal,retire_candidate
first-capital,Financial Services Demo,v6.0,application_system,FC-APP-110,Kyriba Liquidity Monitor 2,v4_synthetic_pack,Treasurer,synthetic_demo,family-2-technology-estate/F05_applications-systems.csv,111,2026-06-18,2026-01-01,2026-06-18,static_snapshot,medium,synthetic_demo,confidential,Home|Intelligence|Tower|Moves,current_state|modernization|dependency|gap|recommendation,unsupported_fact|cross_tenant_claim|claim_beyond_source_confidence,none,2026-06-28T00:00:00Z,2026-06-29T14:49:49.881Z,FC-APP-110,Kyriba Liquidity Monitor 2,treasury,"Risk, Treasury & Finance Systems",medium,optimize,VDR-00110,5100000,7,confidential_pii,optimize
first-capital,Financial Services Demo,v6.0,application_system,FC-APP-111,Murex FX Trading 2,v4_synthetic_pack,Treasurer,synthetic_demo,family-2-technology-estate/F05_applications-systems.csv,112,2026-06-18,2026-01-01,2026-06-18,static_snapshot,medium,synthetic_demo,confidential,Home|Intelligence|Tower|Moves,current_state|modernization|dependency|gap|recommendation,unsupported_fact|cross_tenant_claim|claim_beyond_source_confidence,none,2026-06-28T00:00:00Z,2026-06-29T14:49:49.881Z,FC-APP-111,Murex FX Trading 2,treasury,AI Governance & Model Risk Tech,medium,retire_candidate,VDR-00111,14400000,3,confidential_pii,retire_candidate
first-capital,Financial Services Demo,v6.0,application_system,FC-APP-112,Calypso Securities Ledger 2,v4_synthetic_pack,Treasurer,synthetic_demo,family-2-technology-estate/F05_applications-systems.csv,113,2026-06-18,2026-01-01,2026-06-18,static_snapshot,medium,synthetic_demo,confidential,Home|Intelligence|Tower|Moves,current_state|modernization|dependency|gap|recommendation,unsupported_fact|cross_tenant_claim|claim_beyond_source_confidence,none,2026-06-28T00:00:00Z,2026-06-29T14:49:49.881Z,FC-APP-112,Calypso Securities Ledger 2,treasury,Cards & Payments Technology,critical,extend_to_cloud,VDR-00112,5900000,3,confidential_pii,extend_to_cloud
first-capital,Financial Services Demo,v6.0,application_system,FC-APP-113,Calypso Funding Desk 2,v4_synthetic_pack,Treasurer,synthetic_demo,family-2-technology-estate/F05_applications-systems.csv,114,2026-06-18,2026-01-01,2026-06-18,static_snapshot,medium,synthetic_demo,confidential,Home|Intelligence|Tower|Moves,current_state|modernization|dependency|gap|recommendation,unsupported_fact|cross_tenant_claim|claim_beyond_source_confidence,none,2026-06-28T00:00:00Z,2026-06-29T14:49:49.881Z,FC-APP-113,Calypso Funding Desk 2,treasury,Channels & Digital Engineering,high,invest,VDR-00113,8200000,12,internal,invest
first-capital,Financial Services Demo,v6.0,application_system,FC-APP-114,Calypso Collateral Manager 2,v4_synthetic_pack,Treasurer,synthetic_demo,family-2-technology-estate/F05_applications-systems.csv,115,2026-06-18,2026-01-01,2026-06-18,static_snapshot,medium,synthetic_demo,confidential,Home|Intelligence|Tower|Moves,current_state|modernization|dependency|gap|recommendation,unsupported_fact|cross_tenant_claim|claim_beyond_source_confidence,none,2026-06-28T00:00:00Z,2026-06-29T14:49:49.881Z,FC-APP-114,Calypso Collateral Manager 2,treasury,Cloud & Infrastructure,high,retire_candidate,VDR-00114,4000000,15,internal,retire_candidate
first-capital,Financial Services Demo,v6.0,application_system,FC-APP-115,FIS Quantum ALM Engine 3,v4_synthetic_pack,Treasurer,synthetic_demo,family-2-technology-estate/F05_applications-systems.csv,116,2026-06-18,2026-01-01,2026-06-18,static_snapshot,medium,synthetic_demo,confidential,Home|Intelligence|Tower|Moves,current_state|modernization|dependency|gap|recommendation,unsupported_fact|cross_tenant_claim|claim_beyond_source_confidence,none,2026-06-28T00:00:00Z,2026-06-29T14:49:49.881Z,FC-APP-115,FIS Quantum ALM Engine 3,treasury,AI Governance & Model Risk Tech,medium,rehost,VDR-00115,6100000,10,confidential_pii,rehost
first-capital,Financial Services Demo,v6.0,application_system,FC-APP-116,Kyriba Liquidity Monitor 3,v4_synthetic_pack,Treasurer,synthetic_demo,family-2-technology-estate/F05_applications-systems.csv,117,2026-06-18,2026-01-01,2026-06-18,static_snapshot,medium,synthetic_demo,confidential,Home|Intelligence|Tower|Moves,current_state|modernization|dependency|gap|recommendation,unsupported_fact|cross_tenant_claim|claim_beyond_source_confidence,none,2026-06-28T00:00:00Z,2026-06-29T14:49:49.881Z,FC-APP-116,Kyriba Liquidity Monitor 3,treasury,AI Governance & Model Risk Tech,critical,optimize,VDR-00116,7600000,16,confidential_pci,optimize
first-capital,Financial Services Demo,v6.0,application_system,FC-APP-117,Microsoft Dynamics Customer 360,v4_synthetic_pack,Head of Consumer Banking,synthetic_demo,family-2-technology-estate/F05_applications-systems.csv,118,2026-06-18,2026-01-01,2026-06-18,static_snapshot,medium,synthetic_demo,confidential,Home|Intelligence|Tower|Moves,current_state|modernization|dependency|gap|recommendation,unsupported_fact|cross_tenant_claim|claim_beyond_source_confidence,none,2026-06-28T00:00:00Z,2026-06-29T14:49:49.881Z,FC-APP-117,Microsoft Dynamics Customer 360,crm,"Cyber, Privacy & Resilience",critical,optimize,VDR-00117,8900000,6,restricted_nonpublic,optimize
first-capital,Financial Services Demo,v6.0,application_system,FC-APP-118,Microsoft Dynamics Lead Management,v4_synthetic_pack,Head of Consumer Banking,synthetic_demo,family-2-technology-estate/F05_applications-systems.csv,119,2026-06-18,2026-01-01,2026-06-18,static_snapshot,medium,synthetic_demo,confidential,Home|Intelligence|Tower|Moves,current_state|modernization|dependency|gap|recommendation,unsupported_fact|cross_tenant_claim|claim_beyond_source_confidence,none,2026-06-28T00:00:00Z,2026-06-29T14:49:49.881Z,FC-APP-118,Microsoft Dynamics Lead Management,crm,AI Governance & Model Risk Tech,medium,extend_to_cloud,VDR-00118,20600000,4,restricted_nonpublic,extend_to_cloud
first-capital,Financial Services Demo,v6.0,application_system,FC-APP-119,Backbase Campaign Engine,v4_synthetic_pack,Head of Consumer Banking,synthetic_demo,family-2-technology-estate/F05_applications-systems.csv,120,2026-06-18,2026-01-01,2026-06-18,static_snapshot,medium,synthetic_demo,confidential,Home|Intelligence|Tower|Moves,current_state|modernization|dependency|gap|recommendation,unsupported_fact|cross_tenant_claim|claim_beyond_source_confidence,none,2026-06-28T00:00:00Z,2026-06-29T14:49:49.881Z,FC-APP-119,Backbase Campaign Engine,crm,AI Governance & Model Risk Tech,high,extend_to_cloud,VDR-00119,13300000,9,confidential_pci,extend_to_cloud
first-capital,Financial Services Demo,v6.0,application_system,FC-APP-120,Microsoft Dynamics Service Console,v4_synthetic_pack,Head of Consumer Banking,synthetic_demo,family-2-technology-estate/F05_applications-systems.csv,121,2026-06-18,2026-01-01,2026-06-18,static_snapshot,medium,synthetic_demo,confidential,Home|Intelligence|Tower|Moves,current_state|modernization|dependency|gap|recommendation,unsupported_fact|cross_tenant_claim|claim_beyond_source_confidence,none,2026-06-28T00:00:00Z,2026-06-29T14:49:49.881Z,FC-APP-120,Microsoft Dynamics Service Console,crm,Cards & Payments Technology,critical,extend_to_cloud,VDR-00120,18100000,13,internal,extend_to_cloud
first-capital,Financial Services Demo,v6.0,application_system,FC-APP-121,Backbase Onboarding Portal,v4_synthetic_pack,Head of Consumer Banking,synthetic_demo,family-2-technology-estate/F05_applications-systems.csv,122,2026-06-18,2026-01-01,2026-06-18,static_snapshot,medium,synthetic_demo,confidential,Home|Intelligence|Tower|Moves,current_state|modernization|dependency|gap|recommendation,unsupported_fact|cross_tenant_claim|claim_beyond_source_confidence,none,2026-06-28T00:00:00Z,2026-06-29T14:49:49.881Z,FC-APP-121,Backbase Onboarding Portal,crm,Developer Experience & DevSecOps,medium,rehost,VDR-00121,6900000,7,internal,rehost
first-capital,Financial Services Demo,v6.0,application_system,FC-APP-122,Pega Customer 360 2,v4_synthetic_pack,Head of Consumer Banking,synthetic_demo,family-2-technology-estate/F05_applications-systems.csv,123,2026-06-18,2026-01-01,2026-06-18,static_snapshot,medium,synthetic_demo,confidential,Home|Intelligence|Tower|Moves,current_state|modernization|dependency|gap|recommendation,unsupported_fact|cross_tenant_claim|claim_beyond_source_confidence,none,2026-06-28T00:00:00Z,2026-06-29T14:49:49.881Z,FC-APP-122,Pega Customer 360 2,crm,"Cyber, Privacy & Resilience",critical,rehost,VDR-00122,6800000,16,restricted_nonpublic,rehost
first-capital,Financial Services Demo,v6.0,application_system,FC-APP-123,Salesforce Lead Management 2,v4_synthetic_pack,Head of Consumer Banking,synthetic_demo,family-2-technology-estate/F05_applications-systems.csv,124,2026-06-18,2026-01-01,2026-06-18,static_snapshot,medium,synthetic_demo,confidential,Home|Intelligence|Tower|Moves,current_state|modernization|dependency|gap|recommendation,unsupported_fact|cross_tenant_claim|claim_beyond_source_confidence,none,2026-06-28T00:00:00Z,2026-06-29T14:49:49.881Z,FC-APP-123,Salesforce Lead Management 2,crm,ServiceNow & IT Operations,critical,invest,VDR-00123,6900000,3,internal,invest
first-capital,Financial Services Demo,v6.0,application_system,FC-APP-124,Salesforce Campaign Engine 2,v4_synthetic_pack,Head of Consumer Banking,synthetic_demo,family-2-technology-estate/F05_applications-systems.csv,125,2026-06-18,2026-01-01,2026-06-18,static_snapshot,medium,synthetic_demo,confidential,Home|Intelligence|Tower|Moves,current_state|modernization|dependency|gap|recommendation,unsupported_fact|cross_tenant_claim|claim_beyond_source_confidence,none,2026-06-28T00:00:00Z,2026-06-29T14:49:49.881Z,FC-APP-124,Salesforce Campaign Engine 2,crm,Developer Experience & DevSecOps,medium,retire_candidate,VDR-00124,6700000,10,internal,retire_candidate
first-capital,Financial Services Demo,v6.0,application_system,FC-APP-125,Microsoft Dynamics Service Console 2,v4_synthetic_pack,Head of Consumer Banking,synthetic_demo,family-2-technology-estate/F05_applications-systems.csv,126,2026-06-18,2026-01-01,2026-06-18,static_snapshot,medium,synthetic_demo,confidential,Home|Intelligence|Tower|Moves,current_state|modernization|dependency|gap|recommendation,unsupported_fact|cross_tenant_claim|claim_beyond_source_confidence,none,2026-06-28T00:00:00Z,2026-06-29T14:49:49.881Z,FC-APP-125,Microsoft Dynamics Service Console 2,crm,Cards & Payments Technology,critical,retire_candidate,VDR-00125,15900000,6,confidential_pci,retire_candidate
first-capital,Financial Services Demo,v6.0,application_system,FC-APP-126,Pega Onboarding Portal 2,v4_synthetic_pack,Head of Consumer Banking,synthetic_demo,family-2-technology-estate/F05_applications-systems.csv,127,2026-06-18,2026-01-01,2026-06-18,static_snapshot,medium,synthetic_demo,confidential,Home|Intelligence|Tower|Moves,current_state|modernization|dependency|gap|recommendation,unsupported_fact|cross_tenant_claim|claim_beyond_source_confidence,none,2026-06-28T00:00:00Z,2026-06-29T14:49:49.881Z,FC-APP-126,Pega Onboarding Portal 2,crm,Core Banking Platforms,medium,invest,VDR-00126,17100000,5,confidential_pci,invest
first-capital,Financial Services Demo,v6.0,application_system,FC-APP-127,Salesforce Customer 360 3,v4_synthetic_pack,Head of Consumer Banking,synthetic_demo,family-2-technology-estate/F05_applications-systems.csv,128,2026-06-18,2026-01-01,2026-06-18,static_snapshot,medium,synthetic_demo,confidential,Home|Intelligence|Tower|Moves,current_state|modernization|dependency|gap|recommendation,unsupported_fact|cross_tenant_claim|claim_beyond_source_confidence,none,2026-06-28T00:00:00Z,2026-06-29T14:49:49.881Z,FC-APP-127,Salesforce Customer 360 3,crm,ServiceNow & IT Operations,critical,retire_candidate,VDR-00127,15100000,8,restricted_nonpublic,retire_candidate
first-capital,Financial Services Demo,v6.0,application_system,FC-APP-128,Salesforce Lead Management 3,v4_synthetic_pack,Head of Consumer Banking,synthetic_demo,family-2-technology-estate/F05_applications-systems.csv,129,2026-06-18,2026-01-01,2026-06-18,static_snapshot,medium,synthetic_demo,confidential,Home|Intelligence|Tower|Moves,current_state|modernization|dependency|gap|recommendation,unsupported_fact|cross_tenant_claim|claim_beyond_source_confidence,none,2026-06-28T00:00:00Z,2026-06-29T14:49:49.881Z,FC-APP-128,Salesforce Lead Management 3,crm,Developer Experience & DevSecOps,critical,extend_to_cloud,VDR-00128,3900000,8,confidential_pci,extend_to_cloud
first-capital,Financial Services Demo,v6.0,application_system,FC-APP-129,dbt Labs Lakehouse Ingest,v4_synthetic_pack,Chief Financial Officer,synthetic_demo,family-2-technology-estate/F05_applications-systems.csv,130,2026-06-18,2026-01-01,2026-06-18,static_snapshot,medium,synthetic_demo,confidential,Home|Intelligence|Tower|Moves,current_state|modernization|dependency|gap|recommendation,unsupported_fact|cross_tenant_claim|claim_beyond_source_confidence,none,2026-06-28T00:00:00Z,2026-06-29T14:49:49.881Z,FC-APP-129,dbt Labs Lakehouse Ingest,data_platform,Integration & API Platform,critical,extend_to_cloud,VDR-00129,2400000,18,restricted_nonpublic,extend_to_cloud
first-capital,Financial Services Demo,v6.0,application_system,FC-APP-130,Databricks Feature Store,v4_synthetic_pack,Chief Financial Officer,synthetic_demo,family-2-technology-estate/F05_applications-systems.csv,131,2026-06-18,2026-01-01,2026-06-18,static_snapshot,medium,synthetic_demo,confidential,Home|Intelligence|Tower|Moves,current_state|modernization|dependency|gap|recommendation,unsupported_fact|cross_tenant_claim|claim_beyond_source_confidence,none,2026-06-28T00:00:00Z,2026-06-29T14:49:49.881Z,FC-APP-130,Databricks Feature Store,data_platform,AI Governance & Model Risk Tech,high,extend_to_cloud,VDR-00130,9800000,4,confidential_pci,extend_to_cloud
first-capital,Financial Services Demo,v6.0,application_system,FC-APP-131,dbt Labs Catalog & Lineage,v4_synthetic_pack,Chief Financial Officer,synthetic_demo,family-2-technology-estate/F05_applications-systems.csv,132,2026-06-18,2026-01-01,2026-06-18,static_snapshot,medium,synthetic_demo,confidential,Home|Intelligence|Tower|Moves,current_state|modernization|dependency|gap|recommendation,unsupported_fact|cross_tenant_claim|claim_beyond_source_confidence,none,2026-06-28T00:00:00Z,2026-06-29T14:49:49.881Z,FC-APP-131,dbt Labs Catalog & Lineage,data_platform,Channels & Digital Engineering,critical,extend_to_cloud,VDR-00131,2800000,21,internal,extend_to_cloud
first-capital,Financial Services Demo,v6.0,application_system,FC-APP-132,Collibra BI Semantic Layer,v4_synthetic_pack,Chief Financial Officer,synthetic_demo,family-2-technology-estate/F05_applications-systems.csv,133,2026-06-18,2026-01-01,2026-06-18,static_snapshot,medium,synthetic_demo,confidential,Home|Intelligence|Tower|Moves,current_state|modernization|dependency|gap|recommendation,unsupported_fact|cross_tenant_claim|claim_beyond_source_confidence,none,2026-06-28T00:00:00Z,2026-06-29T14:49:49.881Z,FC-APP-132,Collibra BI Semantic Layer,data_platform,"Cyber, Privacy & Resilience",critical,invest,VDR-00132,2500000,16,confidential_pii,invest
first-capital,Financial Services Demo,v6.0,application_system,FC-APP-133,Databricks ML Serving,v4_synthetic_pack,Chief Financial Officer,synthetic_demo,family-2-technology-estate/F05_applications-systems.csv,134,2026-06-18,2026-01-01,2026-06-18,static_snapshot,medium,synthetic_demo,confidential,Home|Intelligence|Tower|Moves,current_state|modernization|dependency|gap|recommendation,unsupported_fact|cross_tenant_claim|claim_beyond_source_confidence,none,2026-06-28T00:00:00Z,2026-06-29T14:49:49.881Z,FC-APP-133,Databricks ML Serving,data_platform,ServiceNow & IT Operations,high,rehost,VDR-00133,16700000,10,confidential_pci,rehost
first-capital,Financial Services Demo,v6.0,application_system,FC-APP-134,Snowflake Data Quality,v4_synthetic_pack,Chief Financial Officer,synthetic_demo,family-2-technology-estate/F05_applications-systems.csv,135,2026-06-18,2026-01-01,2026-06-18,static_snapshot,medium,synthetic_demo,confidential,Home|Intelligence|Tower|Moves,current_state|modernization|dependency|gap|recommendation,unsupported_fact|cross_tenant_claim|claim_beyond_source_confidence,none,2026-06-28T00:00:00Z,2026-06-29T14:49:49.881Z,FC-APP-134,Snowflake Data Quality,data_platform,Cloud & Infrastructure,critical,invest,VDR-00134,17700000,19,internal,invest
first-capital,Financial Services Demo,v6.0,application_system,FC-APP-135,Collibra Lakehouse Ingest 2,v4_synthetic_pack,Chief Financial Officer,synthetic_demo,family-2-technology-estate/F05_applications-systems.csv,136,2026-06-18,2026-01-01,2026-06-18,static_snapshot,medium,synthetic_demo,confidential,Home|Intelligence|Tower|Moves,current_state|modernization|dependency|gap|recommendation,unsupported_fact|cross_tenant_claim|claim_beyond_source_confidence,none,2026-06-28T00:00:00Z,2026-06-29T14:49:49.881Z,FC-APP-135,Collibra Lakehouse Ingest 2,data_platform,Core Banking Platforms,high,rehost,VDR-00135,20500000,21,internal,rehost
first-capital,Financial Services Demo,v6.0,application_system,FC-APP-136,Collibra Feature Store 2,v4_synthetic_pack,Chief Financial Officer,synthetic_demo,family-2-technology-estate/F05_applications-systems.csv,137,2026-06-18,2026-01-01,2026-06-18,static_snapshot,medium,synthetic_demo,confidential,Home|Intelligence|Tower|Moves,current_state|modernization|dependency|gap|recommendation,unsupported_fact|cross_tenant_claim|claim_beyond_source_confidence,none,2026-06-28T00:00:00Z,2026-06-29T14:49:49.881Z,FC-APP-136,Collibra Feature Store 2,data_platform,"Cyber, Privacy & Resilience",high,extend_to_cloud,VDR-00136,9100000,24,restricted_nonpublic,extend_to_cloud
first-capital,Financial Services Demo,v6.0,application_system,FC-APP-137,dbt Labs Catalog & Lineage 2,v4_synthetic_pack,Chief Financial Officer,synthetic_demo,family-2-technology-estate/F05_applications-systems.csv,138,2026-06-18,2026-01-01,2026-06-18,static_snapshot,medium,synthetic_demo,confidential,Home|Intelligence|Tower|Moves,current_state|modernization|dependency|gap|recommendation,unsupported_fact|cross_tenant_claim|claim_beyond_source_confidence,none,2026-06-28T00:00:00Z,2026-06-29T14:49:49.881Z,FC-APP-137,dbt Labs Catalog & Lineage 2,data_platform,Developer Experience & DevSecOps,medium,extend_to_cloud,VDR-00137,2000000,15,internal,extend_to_cloud
first-capital,Financial Services Demo,v6.0,application_system,FC-APP-138,Databricks BI Semantic Layer 2,v4_synthetic_pack,Chief Financial Officer,synthetic_demo,family-2-technology-estate/F05_applications-systems.csv,139,2026-06-18,2026-01-01,2026-06-18,static_snapshot,medium,synthetic_demo,confidential,Home|Intelligence|Tower|Moves,current_state|modernization|dependency|gap|recommendation,unsupported_fact|cross_tenant_claim|claim_beyond_source_confidence,none,2026-06-28T00:00:00Z,2026-06-29T14:49:49.881Z,FC-APP-138,Databricks BI Semantic Layer 2,data_platform,ServiceNow & IT Operations,critical,optimize,VDR-00138,14500000,21,confidential_pii,optimize
first-capital,Financial Services Demo,v6.0,application_system,FC-APP-139,Collibra ML Serving 2,v4_synthetic_pack,Chief Financial Officer,synthetic_demo,family-2-technology-estate/F05_applications-systems.csv,140,2026-06-18,2026-01-01,2026-06-18,static_snapshot,medium,synthetic_demo,confidential,Home|Intelligence|Tower|Moves,current_state|modernization|dependency|gap|recommendation,unsupported_fact|cross_tenant_claim|claim_beyond_source_confidence,none,2026-06-28T00:00:00Z,2026-06-29T14:49:49.881Z,FC-APP-139,Collibra ML Serving 2,data_platform,Core Banking Platforms,high,invest,VDR-00139,18300000,10,internal,invest
first-capital,Financial Services Demo,v6.0,application_system,FC-APP-140,Collibra Data Quality 2,v4_synthetic_pack,Chief Financial Officer,synthetic_demo,family-2-technology-estate/F05_applications-systems.csv,141,2026-06-18,2026-01-01,2026-06-18,static_snapshot,medium,synthetic_demo,confidential,Home|Intelligence|Tower|Moves,current_state|modernization|dependency|gap|recommendation,unsupported_fact|cross_tenant_claim|claim_beyond_source_confidence,none,2026-06-28T00:00:00Z,2026-06-29T14:49:49.881Z,FC-APP-140,Collibra Data Quality 2,data_platform,Channels & Digital Engineering,high,optimize,VDR-00140,7900000,14,confidential_pii,optimize
first-capital,Financial Services Demo,v6.0,application_system,FC-APP-141,Snowflake Lakehouse Ingest 3,v4_synthetic_pack,Chief Financial Officer,synthetic_demo,family-2-technology-estate/F05_applications-systems.csv,142,2026-06-18,2026-01-01,2026-06-18,static_snapshot,medium,synthetic_demo,confidential,Home|Intelligence|Tower|Moves,current_state|modernization|dependency|gap|recommendation,unsupported_fact|cross_tenant_claim|claim_beyond_source_confidence,none,2026-06-28T00:00:00Z,2026-06-29T14:49:49.881Z,FC-APP-141,Snowflake Lakehouse Ingest 3,data_platform,Channels & Digital Engineering,high,extend_to_cloud,VDR-00141,15300000,24,internal,extend_to_cloud
first-capital,Financial Services Demo,v6.0,application_system,FC-APP-142,Snowflake Feature Store 3,v4_synthetic_pack,Chief Financial Officer,synthetic_demo,family-2-technology-estate/F05_applications-systems.csv,143,2026-06-18,2026-01-01,2026-06-18,static_snapshot,medium,synthetic_demo,confidential,Home|Intelligence|Tower|Moves,current_state|modernization|dependency|gap|recommendation,unsupported_fact|cross_tenant_claim|claim_beyond_source_confidence,none,2026-06-28T00:00:00Z,2026-06-29T14:49:49.881Z,FC-APP-142,Snowflake Feature Store 3,data_platform,"Cyber, Privacy & Resilience",medium,invest,VDR-00142,4400000,2,confidential_pci,invest
first-capital,Financial Services Demo,v6.0,application_system,FC-APP-143,Charles River Portfolio Accounting,v4_synthetic_pack,Head of Wealth Management,synthetic_demo,family-2-technology-estate/F05_applications-systems.csv,144,2026-06-18,2026-01-01,2026-06-18,static_snapshot,medium,synthetic_demo,confidential,Home|Intelligence|Tower|Moves,current_state|modernization|dependency|gap|recommendation,unsupported_fact|cross_tenant_claim|claim_beyond_source_confidence,none,2026-06-28T00:00:00Z,2026-06-29T14:49:49.881Z,FC-APP-143,Charles River Portfolio Accounting,wealth,Core Banking Platforms,critical,rehost,VDR-00143,20500000,11,confidential_pci,rehost
first-capital,Financial Services Demo,v6.0,application_system,FC-APP-144,Envestnet Advisory Workstation,v4_synthetic_pack,Head of Wealth Management,synthetic_demo,family-2-technology-estate/F05_applications-systems.csv,145,2026-06-18,2026-01-01,2026-06-18,static_snapshot,medium,synthetic_demo,confidential,Home|Intelligence|Tower|Moves,current_state|modernization|dependency|gap|recommendation,unsupported_fact|cross_tenant_claim|claim_beyond_source_confidence,none,2026-06-28T00:00:00Z,2026-06-29T14:49:49.881Z,FC-APP-144,Envestnet Advisory Workstation,wealth,Cards & Payments Technology,high,invest,VDR-00144,3900000,3,confidential_pci,invest
first-capital,Financial Services Demo,v6.0,application_system,FC-APP-145,BlackRock Aladdin Proposal Generator,v4_synthetic_pack,Head of Wealth Management,synthetic_demo,family-2-technology-estate/F05_applications-systems.csv,146,2026-06-18,2026-01-01,2026-06-18,static_snapshot,medium,synthetic_demo,confidential,Home|Intelligence|Tower|Moves,current_state|modernization|dependency|gap|recommendation,unsupported_fact|cross_tenant_claim|claim_beyond_source_confidence,none,2026-06-28T00:00:00Z,2026-06-29T14:49:49.881Z,FC-APP-145,BlackRock Aladdin Proposal Generator,wealth,Financial Crimes Technology,high,extend_to_cloud,VDR-00145,15300000,3,restricted_nonpublic,extend_to_cloud
first-capital,Financial Services Demo,v6.0,application_system,FC-APP-146,BlackRock Aladdin Performance Reporting,v4_synthetic_pack,Head of Wealth Management,synthetic_demo,family-2-technology-estate/F05_applications-systems.csv,147,2026-06-18,2026-01-01,2026-06-18,static_snapshot,medium,synthetic_demo,confidential,Home|Intelligence|Tower|Moves,current_state|modernization|dependency|gap|recommendation,unsupported_fact|cross_tenant_claim|claim_beyond_source_confidence,none,2026-06-28T00:00:00Z,2026-06-29T14:49:49.881Z,FC-APP-146,BlackRock Aladdin Performance Reporting,wealth,Developer Experience & DevSecOps,high,invest,VDR-00146,14200000,17,internal,invest
first-capital,Financial Services Demo,v6.0,application_system,FC-APP-147,Charles River Trust Accounting,v4_synthetic_pack,Head of Wealth Management,synthetic_demo,family-2-technology-estate/F05_applications-systems.csv,148,2026-06-18,2026-01-01,2026-06-18,static_snapshot,medium,synthetic_demo,confidential,Home|Intelligence|Tower|Moves,current_state|modernization|dependency|gap|recommendation,unsupported_fact|cross_tenant_claim|claim_beyond_source_confidence,none,2026-06-28T00:00:00Z,2026-06-29T14:49:49.881Z,FC-APP-147,Charles River Trust Accounting,wealth,Developer Experience & DevSecOps,high,retire_candidate,VDR-00147,21400000,12,restricted_nonpublic,retire_candidate
first-capital,Financial Services Demo,v6.0,application_system,FC-APP-148,BlackRock Aladdin Portfolio Accounting 2,v4_synthetic_pack,Head of Wealth Management,synthetic_demo,family-2-technology-estate/F05_applications-systems.csv,149,2026-06-18,2026-01-01,2026-06-18,static_snapshot,medium,synthetic_demo,confidential,Home|Intelligence|Tower|Moves,current_state|modernization|dependency|gap|recommendation,unsupported_fact|cross_tenant_claim|claim_beyond_source_confidence,none,2026-06-28T00:00:00Z,2026-06-29T14:49:49.881Z,FC-APP-148,BlackRock Aladdin Portfolio Accounting 2,wealth,AI Governance & Model Risk Tech,critical,invest,VDR-00148,20500000,21,internal,invest
first-capital,Financial Services Demo,v6.0,application_system,FC-APP-149,Envestnet Advisory Workstation 2,v4_synthetic_pack,Head of Wealth Management,synthetic_demo,family-2-technology-estate/F05_applications-systems.csv,150,2026-06-18,2026-01-01,2026-06-18,static_snapshot,medium,synthetic_demo,confidential,Home|Intelligence|Tower|Moves,current_state|modernization|dependency|gap|recommendation,unsupported_fact|cross_tenant_claim|claim_beyond_source_confidence,none,2026-06-28T00:00:00Z,2026-06-29T14:49:49.881Z,FC-APP-149,Envestnet Advisory Workstation 2,wealth,"Cyber, Privacy & Resilience",critical,invest,VDR-00149,3000000,22,restricted_nonpublic,invest
first-capital,Financial Services Demo,v6.0,application_system,FC-APP-150,Envestnet Proposal Generator 2,v4_synthetic_pack,Head of Wealth Management,synthetic_demo,family-2-technology-estate/F05_applications-systems.csv,151,2026-06-18,2026-01-01,2026-06-18,static_snapshot,medium,synthetic_demo,confidential,Home|Intelligence|Tower|Moves,current_state|modernization|dependency|gap|recommendation,unsupported_fact|cross_tenant_claim|claim_beyond_source_confidence,none,2026-06-28T00:00:00Z,2026-06-29T14:49:49.881Z,FC-APP-150,Envestnet Proposal Generator 2,wealth,Core Banking Platforms,critical,invest,VDR-00150,13400000,23,confidential_pci,invest
first-capital,Financial Services Demo,v6.0,application_system,FC-APP-151,Envestnet Performance Reporting 2,v4_synthetic_pack,Head of Wealth Management,synthetic_demo,family-2-technology-estate/F05_applications-systems.csv,152,2026-06-18,2026-01-01,2026-06-18,static_snapshot,medium,synthetic_demo,confidential,Home|Intelligence|Tower|Moves,current_state|modernization|dependency|gap|recommendation,unsupported_fact|cross_tenant_claim|claim_beyond_source_confidence,none,2026-06-28T00:00:00Z,2026-06-29T14:49:49.881Z,FC-APP-151,Envestnet Performance Reporting 2,wealth,Data Platform & AI Engineering,critical,rehost,VDR-00151,3900000,9,internal,rehost
first-capital,Financial Services Demo,v6.0,application_system,FC-APP-152,BlackRock Aladdin Trust Accounting 2,v4_synthetic_pack,Head of Wealth Management,synthetic_demo,family-2-technology-estate/F05_applications-systems.csv,153,2026-06-18,2026-01-01,2026-06-18,static_snapshot,medium,synthetic_demo,confidential,Home|Intelligence|Tower|Moves,current_state|modernization|dependency|gap|recommendation,unsupported_fact|cross_tenant_claim|claim_beyond_source_confidence,none,2026-06-28T00:00:00Z,2026-06-29T14:49:49.881Z,FC-APP-152,BlackRock Aladdin Trust Accounting 2,wealth,AI Governance & Model Risk Tech,critical,retire_candidate,VDR-00152,8600000,21,confidential_pci,retire_candidate
first-capital,Financial Services Demo,v6.0,application_system,FC-APP-153,Charles River Portfolio Accounting 3,v4_synthetic_pack,Head of Wealth Management,synthetic_demo,family-2-technology-estate/F05_applications-systems.csv,154,2026-06-18,2026-01-01,2026-06-18,static_snapshot,medium,synthetic_demo,confidential,Home|Intelligence|Tower|Moves,current_state|modernization|dependency|gap|recommendation,unsupported_fact|cross_tenant_claim|claim_beyond_source_confidence,none,2026-06-28T00:00:00Z,2026-06-29T14:49:49.881Z,FC-APP-153,Charles River Portfolio Accounting 3,wealth,Developer Experience & DevSecOps,critical,invest,VDR-00153,13100000,3,restricted_nonpublic,invest
first-capital,Financial Services Demo,v6.0,application_system,FC-APP-154,BlackRock Aladdin Advisory Workstation 3,v4_synthetic_pack,Head of Wealth Management,synthetic_demo,family-2-technology-estate/F05_applications-systems.csv,155,2026-06-18,2026-01-01,2026-06-18,static_snapshot,medium,synthetic_demo,confidential,Home|Intelligence|Tower|Moves,current_state|modernization|dependency|gap|recommendation,unsupported_fact|cross_tenant_claim|claim_beyond_source_confidence,none,2026-06-28T00:00:00Z,2026-06-29T14:49:49.881Z,FC-APP-154,BlackRock Aladdin Advisory Workstation 3,wealth,"Risk, Treasury & Finance Systems",critical,optimize,VDR-00154,5400000,12,confidential_pii,optimize
first-capital,Financial Services Demo,v6.0,application_system,FC-APP-155,Q2 Commercial Origination,v4_synthetic_pack,Head of Commercial Banking,synthetic_demo,family-2-technology-estate/F05_applications-systems.csv,156,2026-06-18,2026-01-01,2026-06-18,static_snapshot,medium,synthetic_demo,confidential,Home|Intelligence|Tower|Moves,current_state|modernization|dependency|gap|recommendation,unsupported_fact|cross_tenant_claim|claim_beyond_source_confidence,none,2026-06-28T00:00:00Z,2026-06-29T14:49:49.881Z,FC-APP-155,Q2 Commercial Origination,lending,Channels & Digital Engineering,high,rehost,VDR-00155,18900000,14,restricted_nonpublic,rehost
first-capital,Financial Services Demo,v6.0,application_system,FC-APP-156,nCino Spreading Engine,v4_synthetic_pack,Head of Commercial Banking,synthetic_demo,family-2-technology-estate/F05_applications-systems.csv,157,2026-06-18,2026-01-01,2026-06-18,static_snapshot,medium,synthetic_demo,confidential,Home|Intelligence|Tower|Moves,current_state|modernization|dependency|gap|recommendation,unsupported_fact|cross_tenant_claim|claim_beyond_source_confidence,none,2026-06-28T00:00:00Z,2026-06-29T14:49:49.881Z,FC-APP-156,nCino Spreading Engine,lending,Cloud & Infrastructure,critical,retire_candidate,VDR-00156,5500000,13,internal,retire_candidate
first-capital,Financial Services Demo,v6.0,application_system,FC-APP-157,nCino Covenant Tracker,v4_synthetic_pack,Head of Commercial Banking,synthetic_demo,family-2-technology-estate/F05_applications-systems.csv,158,2026-06-18,2026-01-01,2026-06-18,static_snapshot,medium,synthetic_demo,confidential,Home|Intelligence|Tower|Moves,current_state|modernization|dependency|gap|recommendation,unsupported_fact|cross_tenant_claim|claim_beyond_source_confidence,none,2026-06-28T00:00:00Z,2026-06-29T14:49:49.881Z,FC-APP-157,nCino Covenant Tracker,lending,"Cyber, Privacy & Resilience",high,extend_to_cloud,VDR-00157,10800000,14,restricted_nonpublic,extend_to_cloud
first-capital,Financial Services Demo,v6.0,application_system,FC-APP-158,nCino Consumer LOS,v4_synthetic_pack,Head of Commercial Banking,synthetic_demo,family-2-technology-estate/F05_applications-systems.csv,159,2026-06-18,2026-01-01,2026-06-18,static_snapshot,medium,synthetic_demo,confidential,Home|Intelligence|Tower|Moves,current_state|modernization|dependency|gap|recommendation,unsupported_fact|cross_tenant_claim|claim_beyond_source_confidence,none,2026-06-28T00:00:00Z,2026-06-29T14:49:49.881Z,FC-APP-158,nCino Consumer LOS,lending,Cards & Payments Technology,high,extend_to_cloud,VDR-00158,14800000,9,confidential_pii,extend_to_cloud
first-capital,Financial Services Demo,v6.0,application_system,FC-APP-159,Q2 Decisioning,v4_synthetic_pack,Head of Commercial Banking,synthetic_demo,family-2-technology-estate/F05_applications-systems.csv,160,2026-06-18,2026-01-01,2026-06-18,static_snapshot,medium,synthetic_demo,confidential,Home|Intelligence|Tower|Moves,current_state|modernization|dependency|gap|recommendation,unsupported_fact|cross_tenant_claim|claim_beyond_source_confidence,none,2026-06-28T00:00:00Z,2026-06-29T14:49:49.881Z,FC-APP-159,Q2 Decisioning,lending,Core Banking Platforms,medium,optimize,VDR-00159,3800000,9,confidential_pci,optimize
first-capital,Financial Services Demo,v6.0,application_system,FC-APP-160,Q2 Commercial Origination 2,v4_synthetic_pack,Head of Commercial Banking,synthetic_demo,family-2-technology-estate/F05_applications-systems.csv,161,2026-06-18,2026-01-01,2026-06-18,static_snapshot,medium,synthetic_demo,confidential,Home|Intelligence|Tower|Moves,current_state|modernization|dependency|gap|recommendation,unsupported_fact|cross_tenant_claim|claim_beyond_source_confidence,none,2026-06-28T00:00:00Z,2026-06-29T14:49:49.881Z,FC-APP-160,Q2 Commercial Origination 2,lending,Cloud & Infrastructure,critical,optimize,VDR-00160,9500000,3,confidential_pii,optimize
first-capital,Financial Services Demo,v6.0,application_system,FC-APP-161,Q2 Spreading Engine 2,v4_synthetic_pack,Head of Commercial Banking,synthetic_demo,family-2-technology-estate/F05_applications-systems.csv,162,2026-06-18,2026-01-01,2026-06-18,static_snapshot,medium,synthetic_demo,confidential,Home|Intelligence|Tower|Moves,current_state|modernization|dependency|gap|recommendation,unsupported_fact|cross_tenant_claim|claim_beyond_source_confidence,none,2026-06-28T00:00:00Z,2026-06-29T14:49:49.881Z,FC-APP-161,Q2 Spreading Engine 2,lending,ServiceNow & IT Operations,critical,retire_candidate,VDR-00161,15400000,12,confidential_pci,retire_candidate
first-capital,Financial Services Demo,v6.0,application_system,FC-APP-162,FIS Covenant Tracker 2,v4_synthetic_pack,Head of Commercial Banking,synthetic_demo,family-2-technology-estate/F05_applications-systems.csv,163,2026-06-18,2026-01-01,2026-06-18,static_snapshot,medium,synthetic_demo,confidential,Home|Intelligence|Tower|Moves,current_state|modernization|dependency|gap|recommendation,unsupported_fact|cross_tenant_claim|claim_beyond_source_confidence,none,2026-06-28T00:00:00Z,2026-06-29T14:49:49.881Z,FC-APP-162,FIS Covenant Tracker 2,lending,ServiceNow & IT Operations,critical,retire_candidate,VDR-00162,19000000,2,confidential_pii,retire_candidate
first-capital,Financial Services Demo,v6.0,application_system,FC-APP-163,Blend Consumer LOS 2,v4_synthetic_pack,Head of Commercial Banking,synthetic_demo,family-2-technology-estate/F05_applications-systems.csv,164,2026-06-18,2026-01-01,2026-06-18,static_snapshot,medium,synthetic_demo,confidential,Home|Intelligence|Tower|Moves,current_state|modernization|dependency|gap|recommendation,unsupported_fact|cross_tenant_claim|claim_beyond_source_confidence,none,2026-06-28T00:00:00Z,2026-06-29T14:49:49.881Z,FC-APP-163,Blend Consumer LOS 2,lending,Integration & API Platform,high,optimize,VDR-00163,19000000,15,restricted_nonpublic,optimize
first-capital,Financial Services Demo,v6.0,application_system,FC-APP-164,Blend Decisioning 2,v4_synthetic_pack,Head of Commercial Banking,synthetic_demo,family-2-technology-estate/F05_applications-systems.csv,165,2026-06-18,2026-01-01,2026-06-18,static_snapshot,medium,synthetic_demo,confidential,Home|Intelligence|Tower|Moves,current_state|modernization|dependency|gap|recommendation,unsupported_fact|cross_tenant_claim|claim_beyond_source_confidence,none,2026-06-28T00:00:00Z,2026-06-29T14:49:49.881Z,FC-APP-164,Blend Decisioning 2,lending,Financial Crimes Technology,medium,retire_candidate,VDR-00164,19400000,23,restricted_nonpublic,retire_candidate
first-capital,Financial Services Demo,v6.0,application_system,FC-APP-165,Blend Commercial Origination 3,v4_synthetic_pack,Head of Commercial Banking,synthetic_demo,family-2-technology-estate/F05_applications-systems.csv,166,2026-06-18,2026-01-01,2026-06-18,static_snapshot,medium,synthetic_demo,confidential,Home|Intelligence|Tower|Moves,current_state|modernization|dependency|gap|recommendation,unsupported_fact|cross_tenant_claim|claim_beyond_source_confidence,none,2026-06-28T00:00:00Z,2026-06-29T14:49:49.881Z,FC-APP-165,Blend Commercial Origination 3,lending,Cloud & Infrastructure,critical,optimize,VDR-00165,14200000,19,confidential_pci,optimize
first-capital,Financial Services Demo,v6.0,application_system,FC-APP-166,Blend Spreading Engine 3,v4_synthetic_pack,Head of Commercial Banking,synthetic_demo,family-2-technology-estate/F05_applications-systems.csv,167,2026-06-18,2026-01-01,2026-06-18,static_snapshot,medium,synthetic_demo,confidential,Home|Intelligence|Tower|Moves,current_state|modernization|dependency|gap|recommendation,unsupported_fact|cross_tenant_claim|claim_beyond_source_confidence,none,2026-06-28T00:00:00Z,2026-06-29T14:49:49.881Z,FC-APP-166,Blend Spreading Engine 3,lending,Developer Experience & DevSecOps,medium,optimize,VDR-00166,11000000,14,internal,optimize
first-capital,Financial Services Demo,v6.0,application_system,FC-APP-167,Q2 Covenant Tracker 3,v4_synthetic_pack,Head of Commercial Banking,synthetic_demo,family-2-technology-estate/F05_applications-systems.csv,168,2026-06-18,2026-01-01,2026-06-18,static_snapshot,medium,synthetic_demo,confidential,Home|Intelligence|Tower|Moves,current_state|modernization|dependency|gap|recommendation,unsupported_fact|cross_tenant_claim|claim_beyond_source_confidence,none,2026-06-28T00:00:00Z,2026-06-29T14:49:49.881Z,FC-APP-167,Q2 Covenant Tracker 3,lending,"Risk, Treasury & Finance Systems",high,invest,VDR-00167,18500000,17,confidential_pci,invest
first-capital,Financial Services Demo,v6.0,application_system,FC-APP-168,Q2 Consumer LOS 3,v4_synthetic_pack,Head of Commercial Banking,synthetic_demo,family-2-technology-estate/F05_applications-systems.csv,169,2026-06-18,2026-01-01,2026-06-18,static_snapshot,medium,synthetic_demo,confidential,Home|Intelligence|Tower|Moves,current_state|modernization|dependency|gap|recommendation,unsupported_fact|cross_tenant_claim|claim_beyond_source_confidence,none,2026-06-28T00:00:00Z,2026-06-29T14:49:49.881Z,FC-APP-168,Q2 Consumer LOS 3,lending,"Risk, Treasury & Finance Systems",critical,optimize,VDR-00168,9100000,15,restricted_nonpublic,optimize
first-capital,Financial Services Demo,v6.0,application_system,FC-APP-169,Workday General Ledger,v4_synthetic_pack,Chief Financial Officer,synthetic_demo,family-2-technology-estate/F05_applications-systems.csv,170,2026-06-18,2026-01-01,2026-06-18,static_snapshot,medium,synthetic_demo,confidential,Home|Intelligence|Tower|Moves,current_state|modernization|dependency|gap|recommendation,unsupported_fact|cross_tenant_claim|claim_beyond_source_confidence,none,2026-06-28T00:00:00Z,2026-06-29T14:49:49.881Z,FC-APP-169,Workday General Ledger,finance_erp,ServiceNow & IT Operations,high,invest,VDR-00169,14200000,24,confidential_pci,invest
first-capital,Financial Services Demo,v6.0,application_system,FC-APP-170,BlackLine Reconciliation,v4_synthetic_pack,Chief Financial Officer,synthetic_demo,family-2-technology-estate/F05_applications-systems.csv,171,2026-06-18,2026-01-01,2026-06-18,static_snapshot,medium,synthetic_demo,confidential,Home|Intelligence|Tower|Moves,current_state|modernization|dependency|gap|recommendation,unsupported_fact|cross_tenant_claim|claim_beyond_source_confidence,none,2026-06-28T00:00:00Z,2026-06-29T14:49:49.881Z,FC-APP-170,BlackLine Reconciliation,finance_erp,"Risk, Treasury & Finance Systems",high,retire_candidate,VDR-00170,14100000,5,confidential_pci,retire_candidate
first-capital,Financial Services Demo,v6.0,application_system,FC-APP-171,SAP Regulatory Reporting,v4_synthetic_pack,Chief Financial Officer,synthetic_demo,family-2-technology-estate/F05_applications-systems.csv,172,2026-06-18,2026-01-01,2026-06-18,static_snapshot,medium,synthetic_demo,confidential,Home|Intelligence|Tower|Moves,current_state|modernization|dependency|gap|recommendation,unsupported_fact|cross_tenant_claim|claim_beyond_source_confidence,none,2026-06-28T00:00:00Z,2026-06-29T14:49:49.881Z,FC-APP-171,SAP Regulatory Reporting,finance_erp,Core Banking Platforms,high,optimize,VDR-00171,19900000,22,restricted_nonpublic,optimize
first-capital,Financial Services Demo,v6.0,application_system,FC-APP-172,SAP FP&A Planning,v4_synthetic_pack,Chief Financial Officer,synthetic_demo,family-2-technology-estate/F05_applications-systems.csv,173,2026-06-18,2026-01-01,2026-06-18,static_snapshot,medium,synthetic_demo,confidential,Home|Intelligence|Tower|Moves,current_state|modernization|dependency|gap|recommendation,unsupported_fact|cross_tenant_claim|claim_beyond_source_confidence,none,2026-06-28T00:00:00Z,2026-06-29T14:49:49.881Z,FC-APP-172,SAP FP&A Planning,finance_erp,Core Banking Platforms,critical,rehost,VDR-00172,1800000,2,internal,rehost
first-capital,Financial Services Demo,v6.0,application_system,FC-APP-173,Oracle Procurement,v4_synthetic_pack,Chief Financial Officer,synthetic_demo,family-2-technology-estate/F05_applications-systems.csv,174,2026-06-18,2026-01-01,2026-06-18,static_snapshot,medium,synthetic_demo,confidential,Home|Intelligence|Tower|Moves,current_state|modernization|dependency|gap|recommendation,unsupported_fact|cross_tenant_claim|claim_beyond_source_confidence,none,2026-06-28T00:00:00Z,2026-06-29T14:49:49.881Z,FC-APP-173,Oracle Procurement,finance_erp,Cloud & Infrastructure,critical,optimize,VDR-00173,900000,13,internal,optimize
first-capital,Financial Services Demo,v6.0,application_system,FC-APP-174,Oracle Expense,v4_synthetic_pack,Chief Financial Officer,synthetic_demo,family-2-technology-estate/F05_applications-systems.csv,175,2026-06-18,2026-01-01,2026-06-18,static_snapshot,medium,synthetic_demo,confidential,Home|Intelligence|Tower|Moves,current_state|modernization|dependency|gap|recommendation,unsupported_fact|cross_tenant_claim|claim_beyond_source_confidence,none,2026-06-28T00:00:00Z,2026-06-29T14:49:49.881Z,FC-APP-174,Oracle Expense,finance_erp,Cards & Payments Technology,critical,retire_candidate,VDR-00174,3200000,11,confidential_pii,retire_candidate
first-capital,Financial Services Demo,v6.0,application_system,FC-APP-175,BlackLine General Ledger 2,v4_synthetic_pack,Chief Financial Officer,synthetic_demo,family-2-technology-estate/F05_applications-systems.csv,176,2026-06-18,2026-01-01,2026-06-18,static_snapshot,medium,synthetic_demo,confidential,Home|Intelligence|Tower|Moves,current_state|modernization|dependency|gap|recommendation,unsupported_fact|cross_tenant_claim|claim_beyond_source_confidence,none,2026-06-28T00:00:00Z,2026-06-29T14:49:49.881Z,FC-APP-175,BlackLine General Ledger 2,finance_erp,Developer Experience & DevSecOps,high,extend_to_cloud,VDR-00175,11400000,4,confidential_pci,extend_to_cloud
first-capital,Financial Services Demo,v6.0,application_system,FC-APP-176,Workday Reconciliation 2,v4_synthetic_pack,Chief Financial Officer,synthetic_demo,family-2-technology-estate/F05_applications-systems.csv,177,2026-06-18,2026-01-01,2026-06-18,static_snapshot,medium,synthetic_demo,confidential,Home|Intelligence|Tower|Moves,current_state|modernization|dependency|gap|recommendation,unsupported_fact|cross_tenant_claim|claim_beyond_source_confidence,none,2026-06-28T00:00:00Z,2026-06-29T14:49:49.881Z,FC-APP-176,Workday Reconciliation 2,finance_erp,Financial Crimes Technology,medium,retire_candidate,VDR-00176,8600000,16,confidential_pci,retire_candidate
first-capital,Financial Services Demo,v6.0,application_system,FC-APP-177,BlackLine Regulatory Reporting 2,v4_synthetic_pack,Chief Financial Officer,synthetic_demo,family-2-technology-estate/F05_applications-systems.csv,178,2026-06-18,2026-01-01,2026-06-18,static_snapshot,medium,synthetic_demo,confidential,Home|Intelligence|Tower|Moves,current_state|modernization|dependency|gap|recommendation,unsupported_fact|cross_tenant_claim|claim_beyond_source_confidence,none,2026-06-28T00:00:00Z,2026-06-29T14:49:49.881Z,FC-APP-177,BlackLine Regulatory Reporting 2,finance_erp,"Cyber, Privacy & Resilience",critical,optimize,VDR-00177,7500000,18,internal,optimize
first-capital,Financial Services Demo,v6.0,application_system,FC-APP-178,BlackLine FP&A Planning 2,v4_synthetic_pack,Chief Financial Officer,synthetic_demo,family-2-technology-estate/F05_applications-systems.csv,179,2026-06-18,2026-01-01,2026-06-18,static_snapshot,medium,synthetic_demo,confidential,Home|Intelligence|Tower|Moves,current_state|modernization|dependency|gap|recommendation,unsupported_fact|cross_tenant_claim|claim_beyond_source_confidence,none,2026-06-28T00:00:00Z,2026-06-29T14:49:49.881Z,FC-APP-178,BlackLine FP&A Planning 2,finance_erp,Developer Experience & DevSecOps,high,optimize,VDR-00178,20400000,14,confidential_pii,optimize
first-capital,Financial Services Demo,v6.0,application_system,FC-APP-179,Oracle Procurement 2,v4_synthetic_pack,Chief Financial Officer,synthetic_demo,family-2-technology-estate/F05_applications-systems.csv,180,2026-06-18,2026-01-01,2026-06-18,static_snapshot,medium,synthetic_demo,confidential,Home|Intelligence|Tower|Moves,current_state|modernization|dependency|gap|recommendation,unsupported_fact|cross_tenant_claim|claim_beyond_source_confidence,none,2026-06-28T00:00:00Z,2026-06-29T14:49:49.881Z,FC-APP-179,Oracle Procurement 2,finance_erp,Data Platform & AI Engineering,high,extend_to_cloud,VDR-00179,4500000,2,restricted_nonpublic,extend_to_cloud
first-capital,Financial Services Demo,v6.0,application_system,FC-APP-180,BlackLine Expense 2,v4_synthetic_pack,Chief Financial Officer,synthetic_demo,family-2-technology-estate/F05_applications-systems.csv,181,2026-06-18,2026-01-01,2026-06-18,static_snapshot,medium,synthetic_demo,confidential,Home|Intelligence|Tower|Moves,current_state|modernization|dependency|gap|recommendation,unsupported_fact|cross_tenant_claim|claim_beyond_source_confidence,none,2026-06-28T00:00:00Z,2026-06-29T14:49:49.881Z,FC-APP-180,BlackLine Expense 2,finance_erp,Developer Experience & DevSecOps,high,rehost,VDR-00180,1500000,18,restricted_nonpublic,rehost
first-capital,Financial Services Demo,v6.0,application_system,FC-APP-181,SAP General Ledger 3,v4_synthetic_pack,Chief Financial Officer,synthetic_demo,family-2-technology-estate/F05_applications-systems.csv,182,2026-06-18,2026-01-01,2026-06-18,static_snapshot,medium,synthetic_demo,confidential,Home|Intelligence|Tower|Moves,current_state|modernization|dependency|gap|recommendation,unsupported_fact|cross_tenant_claim|claim_beyond_source_confidence,none,2026-06-28T00:00:00Z,2026-06-29T14:49:49.881Z,FC-APP-181,SAP General Ledger 3,finance_erp,Core Banking Platforms,critical,optimize,VDR-00181,9100000,20,internal,optimize
first-capital,Financial Services Demo,v6.0,application_system,FC-APP-182,BlackLine Reconciliation 3,v4_synthetic_pack,Chief Financial Officer,synthetic_demo,family-2-technology-estate/F05_applications-systems.csv,183,2026-06-18,2026-01-01,2026-06-18,static_snapshot,medium,synthetic_demo,confidential,Home|Intelligence|Tower|Moves,current_state|modernization|dependency|gap|recommendation,unsupported_fact|cross_tenant_claim|claim_beyond_source_confidence,none,2026-06-28T00:00:00Z,2026-06-29T14:49:49.881Z,FC-APP-182,BlackLine Reconciliation 3,finance_erp,Data Platform & AI Engineering,critical,optimize,VDR-00182,1400000,17,restricted_nonpublic,optimize
first-capital,Financial Services Demo,v6.0,application_system,FC-APP-183,Q2 Mobile Banking,v4_synthetic_pack,Head of Consumer Banking,synthetic_demo,family-2-technology-estate/F05_applications-systems.csv,184,2026-06-18,2026-01-01,2026-06-18,static_snapshot,medium,synthetic_demo,confidential,Home|Intelligence|Tower|Moves,current_state|modernization|dependency|gap|recommendation,unsupported_fact|cross_tenant_claim|claim_beyond_source_confidence,none,2026-06-28T00:00:00Z,2026-06-29T14:49:49.881Z,FC-APP-183,Q2 Mobile Banking,channels,AI Governance & Model Risk Tech,critical,optimize,VDR-00183,5800000,3,restricted_nonpublic,optimize
first-capital,Financial Services Demo,v6.0,application_system,FC-APP-184,Q2 Online Banking,v4_synthetic_pack,Head of Consumer Banking,synthetic_demo,family-2-technology-estate/F05_applications-systems.csv,185,2026-06-18,2026-01-01,2026-06-18,static_snapshot,medium,synthetic_demo,confidential,Home|Intelligence|Tower|Moves,current_state|modernization|dependency|gap|recommendation,unsupported_fact|cross_tenant_claim|claim_beyond_source_confidence,none,2026-06-28T00:00:00Z,2026-06-29T14:49:49.881Z,FC-APP-184,Q2 Online Banking,channels,Cloud & Infrastructure,high,rehost,VDR-00184,14300000,11,restricted_nonpublic,rehost
first-capital,Financial Services Demo,v6.0,application_system,FC-APP-185,Temenos Secure Messaging,v4_synthetic_pack,Head of Consumer Banking,synthetic_demo,family-2-technology-estate/F05_applications-systems.csv,186,2026-06-18,2026-01-01,2026-06-18,static_snapshot,medium,synthetic_demo,confidential,Home|Intelligence|Tower|Moves,current_state|modernization|dependency|gap|recommendation,unsupported_fact|cross_tenant_claim|claim_beyond_source_confidence,none,2026-06-28T00:00:00Z,2026-06-29T14:49:49.881Z,FC-APP-185,Temenos Secure Messaging,channels,Financial Crimes Technology,high,rehost,VDR-00185,2100000,5,restricted_nonpublic,rehost
first-capital,Financial Services Demo,v6.0,application_system,FC-APP-186,Backbase Notifications,v4_synthetic_pack,Head of Consumer Banking,synthetic_demo,family-2-technology-estate/F05_applications-systems.csv,187,2026-06-18,2026-01-01,2026-06-18,static_snapshot,medium,synthetic_demo,confidential,Home|Intelligence|Tower|Moves,current_state|modernization|dependency|gap|recommendation,unsupported_fact|cross_tenant_claim|claim_beyond_source_confidence,none,2026-06-28T00:00:00Z,2026-06-29T14:49:49.881Z,FC-APP-186,Backbase Notifications,channels,"Risk, Treasury & Finance Systems",critical,invest,VDR-00186,7600000,24,restricted_nonpublic,invest
first-capital,Financial Services Demo,v6.0,application_system,FC-APP-187,Alkami Digital Onboarding,v4_synthetic_pack,Head of Consumer Banking,synthetic_demo,family-2-technology-estate/F05_applications-systems.csv,188,2026-06-18,2026-01-01,2026-06-18,static_snapshot,medium,synthetic_demo,confidential,Home|Intelligence|Tower|Moves,current_state|modernization|dependency|gap|recommendation,unsupported_fact|cross_tenant_claim|claim_beyond_source_confidence,none,2026-06-28T00:00:00Z,2026-06-29T14:49:49.881Z,FC-APP-187,Alkami Digital Onboarding,channels,"Cyber, Privacy & Resilience",high,retire_candidate,VDR-00187,4600000,17,confidential_pii,retire_candidate
first-capital,Financial Services Demo,v6.0,application_system,FC-APP-188,Alkami Mobile Banking 2,v4_synthetic_pack,Head of Consumer Banking,synthetic_demo,family-2-technology-estate/F05_applications-systems.csv,189,2026-06-18,2026-01-01,2026-06-18,static_snapshot,medium,synthetic_demo,confidential,Home|Intelligence|Tower|Moves,current_state|modernization|dependency|gap|recommendation,unsupported_fact|cross_tenant_claim|claim_beyond_source_confidence,none,2026-06-28T00:00:00Z,2026-06-29T14:49:49.881Z,FC-APP-188,Alkami Mobile Banking 2,channels,"Cyber, Privacy & Resilience",critical,invest,VDR-00188,10500000,15,confidential_pci,invest
first-capital,Financial Services Demo,v6.0,application_system,FC-APP-189,Alkami Online Banking 2,v4_synthetic_pack,Head of Consumer Banking,synthetic_demo,family-2-technology-estate/F05_applications-systems.csv,190,2026-06-18,2026-01-01,2026-06-18,static_snapshot,medium,synthetic_demo,confidential,Home|Intelligence|Tower|Moves,current_state|modernization|dependency|gap|recommendation,unsupported_fact|cross_tenant_claim|claim_beyond_source_confidence,none,2026-06-28T00:00:00Z,2026-06-29T14:49:49.881Z,FC-APP-189,Alkami Online Banking 2,channels,Data Platform & AI Engineering,critical,extend_to_cloud,VDR-00189,8900000,13,restricted_nonpublic,extend_to_cloud
first-capital,Financial Services Demo,v6.0,application_system,FC-APP-190,Alkami Secure Messaging 2,v4_synthetic_pack,Head of Consumer Banking,synthetic_demo,family-2-technology-estate/F05_applications-systems.csv,191,2026-06-18,2026-01-01,2026-06-18,static_snapshot,medium,synthetic_demo,confidential,Home|Intelligence|Tower|Moves,current_state|modernization|dependency|gap|recommendation,unsupported_fact|cross_tenant_claim|claim_beyond_source_confidence,none,2026-06-28T00:00:00Z,2026-06-29T14:49:49.881Z,FC-APP-190,Alkami Secure Messaging 2,channels,ServiceNow & IT Operations,critical,retire_candidate,VDR-00190,16600000,12,internal,retire_candidate
first-capital,Financial Services Demo,v6.0,application_system,FC-APP-191,Alkami Notifications 2,v4_synthetic_pack,Head of Consumer Banking,synthetic_demo,family-2-technology-estate/F05_applications-systems.csv,192,2026-06-18,2026-01-01,2026-06-18,static_snapshot,medium,synthetic_demo,confidential,Home|Intelligence|Tower|Moves,current_state|modernization|dependency|gap|recommendation,unsupported_fact|cross_tenant_claim|claim_beyond_source_confidence,none,2026-06-28T00:00:00Z,2026-06-29T14:49:49.881Z,FC-APP-191,Alkami Notifications 2,channels,Cloud & Infrastructure,high,extend_to_cloud,VDR-00191,10800000,3,confidential_pci,extend_to_cloud
first-capital,Financial Services Demo,v6.0,application_system,FC-APP-192,Q2 Digital Onboarding 2,v4_synthetic_pack,Head of Consumer Banking,synthetic_demo,family-2-technology-estate/F05_applications-systems.csv,193,2026-06-18,2026-01-01,2026-06-18,static_snapshot,medium,synthetic_demo,confidential,Home|Intelligence|Tower|Moves,current_state|modernization|dependency|gap|recommendation,unsupported_fact|cross_tenant_claim|claim_beyond_source_confidence,none,2026-06-28T00:00:00Z,2026-06-29T14:49:49.881Z,FC-APP-192,Q2 Digital Onboarding 2,channels,ServiceNow & IT Operations,critical,extend_to_cloud,VDR-00192,4700000,7,confidential_pci,extend_to_cloud
first-capital,Financial Services Demo,v6.0,application_system,FC-APP-193,Datadog Service Management,v4_synthetic_pack,Chief Financial Officer,synthetic_demo,family-2-technology-estate/F05_applications-systems.csv,194,2026-06-18,2026-01-01,2026-06-18,static_snapshot,medium,synthetic_demo,confidential,Home|Intelligence|Tower|Moves,current_state|modernization|dependency|gap|recommendation,unsupported_fact|cross_tenant_claim|claim_beyond_source_confidence,none,2026-06-28T00:00:00Z,2026-06-29T14:49:49.881Z,FC-APP-193,Datadog Service Management,itsm,AI Governance & Model Risk Tech,high,extend_to_cloud,VDR-00193,21600000,7,restricted_nonpublic,extend_to_cloud
first-capital,Financial Services Demo,v6.0,application_system,FC-APP-194,Splunk Observability,v4_synthetic_pack,Chief Financial Officer,synthetic_demo,family-2-technology-estate/F05_applications-systems.csv,195,2026-06-18,2026-01-01,2026-06-18,static_snapshot,medium,synthetic_demo,confidential,Home|Intelligence|Tower|Moves,current_state|modernization|dependency|gap|recommendation,unsupported_fact|cross_tenant_claim|claim_beyond_source_confidence,none,2026-06-28T00:00:00Z,2026-06-29T14:49:49.881Z,FC-APP-194,Splunk Observability,itsm,Cards & Payments Technology,critical,retire_candidate,VDR-00194,20100000,12,confidential_pci,retire_candidate
first-capital,Financial Services Demo,v6.0,application_system,FC-APP-195,PagerDuty Incident Mgmt,v4_synthetic_pack,Chief Financial Officer,synthetic_demo,family-2-technology-estate/F05_applications-systems.csv,196,2026-06-18,2026-01-01,2026-06-18,static_snapshot,medium,synthetic_demo,confidential,Home|Intelligence|Tower|Moves,current_state|modernization|dependency|gap|recommendation,unsupported_fact|cross_tenant_claim|claim_beyond_source_confidence,none,2026-06-28T00:00:00Z,2026-06-29T14:49:49.881Z,FC-APP-195,PagerDuty Incident Mgmt,itsm,Financial Crimes Technology,high,rehost,VDR-00195,16800000,4,confidential_pii,rehost
first-capital,Financial Services Demo,v6.0,application_system,FC-APP-196,ServiceNow CMDB,v4_synthetic_pack,Chief Financial Officer,synthetic_demo,family-2-technology-estate/F05_applications-systems.csv,197,2026-06-18,2026-01-01,2026-06-18,static_snapshot,medium,synthetic_demo,confidential,Home|Intelligence|Tower|Moves,current_state|modernization|dependency|gap|recommendation,unsupported_fact|cross_tenant_claim|claim_beyond_source_confidence,none,2026-06-28T00:00:00Z,2026-06-29T14:49:49.881Z,FC-APP-196,ServiceNow CMDB,itsm,Financial Crimes Technology,critical,optimize,VDR-00196,14100000,3,internal,optimize
first-capital,Financial Services Demo,v6.0,application_system,FC-APP-197,Splunk Change Mgmt,v4_synthetic_pack,Chief Financial Officer,synthetic_demo,family-2-technology-estate/F05_applications-systems.csv,198,2026-06-18,2026-01-01,2026-06-18,static_snapshot,medium,synthetic_demo,confidential,Home|Intelligence|Tower|Moves,current_state|modernization|dependency|gap|recommendation,unsupported_fact|cross_tenant_claim|claim_beyond_source_confidence,none,2026-06-28T00:00:00Z,2026-06-29T14:49:49.881Z,FC-APP-197,Splunk Change Mgmt,itsm,"Risk, Treasury & Finance Systems",medium,retire_candidate,VDR-00197,13000000,18,restricted_nonpublic,retire_candidate
first-capital,Financial Services Demo,v6.0,application_system,FC-APP-198,Splunk Service Management 2,v4_synthetic_pack,Chief Financial Officer,synthetic_demo,family-2-technology-estate/F05_applications-systems.csv,199,2026-06-18,2026-01-01,2026-06-18,static_snapshot,medium,synthetic_demo,confidential,Home|Intelligence|Tower|Moves,current_state|modernization|dependency|gap|recommendation,unsupported_fact|cross_tenant_claim|claim_beyond_source_confidence,none,2026-06-28T00:00:00Z,2026-06-29T14:49:49.881Z,FC-APP-198,Splunk Service Management 2,itsm,"Cyber, Privacy & Resilience",high,invest,VDR-00198,1300000,7,confidential_pii,invest
first-capital,Financial Services Demo,v6.0,application_system,FC-APP-199,Datadog Observability 2,v4_synthetic_pack,Chief Financial Officer,synthetic_demo,family-2-technology-estate/F05_applications-systems.csv,200,2026-06-18,2026-01-01,2026-06-18,static_snapshot,medium,synthetic_demo,confidential,Home|Intelligence|Tower|Moves,current_state|modernization|dependency|gap|recommendation,unsupported_fact|cross_tenant_claim|claim_beyond_source_confidence,none,2026-06-28T00:00:00Z,2026-06-29T14:49:49.881Z,FC-APP-199,Datadog Observability 2,itsm,"Cyber, Privacy & Resilience",high,invest,VDR-00199,9800000,4,restricted_nonpublic,invest
first-capital,Financial Services Demo,v6.0,application_system,FC-APP-200,Splunk Incident Mgmt 2,v4_synthetic_pack,Chief Financial Officer,synthetic_demo,family-2-technology-estate/F05_applications-systems.csv,201,2026-06-18,2026-01-01,2026-06-18,static_snapshot,medium,synthetic_demo,confidential,Home|Intelligence|Tower|Moves,current_state|modernization|dependency|gap|recommendation,unsupported_fact|cross_tenant_claim|claim_beyond_source_confidence,none,2026-06-28T00:00:00Z,2026-06-29T14:49:49.881Z,FC-APP-200,Splunk Incident Mgmt 2,itsm,"Risk, Treasury & Finance Systems",high,retire_candidate,VDR-00200,13700000,15,internal,retire_candidate
first-capital,Financial Services Demo,v6.0,application_system,FIRSTCAPITAL-APP-0201,Fiserv Core Deposits,v4_synthetic_pack,Head of Consumer Banking,synthetic_demo,family-2-technology-estate/F05_applications-systems.csv,202,2026-06-18,2026-01-01,2026-06-18,static_snapshot,medium,synthetic_demo,confidential,Home|Intelligence|Tower|Moves,current_state|modernization|dependency|gap|recommendation,unsupported_fact|cross_tenant_claim|claim_beyond_source_confidence,none,2026-06-28T00:00:00Z,2026-06-29T14:49:49.881Z,FIRSTCAPITAL-APP-0201,Fiserv Core Deposits,core_banking,Integration & API Platform,medium,retire_candidate,VDR-00201,19100000,18,internal,retire_candidate
first-capital,Financial Services Demo,v6.0,application_system,FIRSTCAPITAL-APP-0202,Thought Machine Loan Servicing,v4_synthetic_pack,Head of Consumer Banking,synthetic_demo,family-2-technology-estate/F05_applications-systems.csv,203,2026-06-18,2026-01-01,2026-06-18,static_snapshot,medium,synthetic_demo,confidential,Home|Intelligence|Tower|Moves,current_state|modernization|dependency|gap|recommendation,unsupported_fact|cross_tenant_claim|claim_beyond_source_confidence,none,2026-06-28T00:00:00Z,2026-06-29T14:49:49.881Z,FIRSTCAPITAL-APP-0202,Thought Machine Loan Servicing,core_banking,Data Platform & AI Engineering,critical,extend_to_cloud,VDR-00202,17900000,24,restricted_nonpublic,extend_to_cloud
first-capital,Financial Services Demo,v6.0,application_system,FIRSTCAPITAL-APP-0203,FIS GL Posting Engine,v4_synthetic_pack,Head of Consumer Banking,synthetic_demo,family-2-technology-estate/F05_applications-systems.csv,204,2026-06-18,2026-01-01,2026-06-18,static_snapshot,medium,synthetic_demo,confidential,Home|Intelligence|Tower|Moves,current_state|modernization|dependency|gap|recommendation,unsupported_fact|cross_tenant_claim|claim_beyond_source_confidence,none,2026-06-28T00:00:00Z,2026-06-29T14:49:49.881Z,FIRSTCAPITAL-APP-0203,FIS GL Posting Engine,core_banking,Cloud & Infrastructure,medium,invest,VDR-00203,4700000,8,internal,invest
first-capital,Financial Services Demo,v6.0,application_system,FIRSTCAPITAL-APP-0204,Temenos Account Master,v4_synthetic_pack,Head of Consumer Banking,synthetic_demo,family-2-technology-estate/F05_applications-systems.csv,205,2026-06-18,2026-01-01,2026-06-18,static_snapshot,medium,synthetic_demo,confidential,Home|Intelligence|Tower|Moves,current_state|modernization|dependency|gap|recommendation,unsupported_fact|cross_tenant_claim|claim_beyond_source_confidence,none,2026-06-28T00:00:00Z,2026-06-29T14:49:49.881Z,FIRSTCAPITAL-APP-0204,Temenos Account Master,core_banking,"Cyber, Privacy & Resilience",high,extend_to_cloud,VDR-00204,7600000,3,confidential_pii,extend_to_cloud
first-capital,Financial Services Demo,v6.0,application_system,FIRSTCAPITAL-APP-0205,Fiserv Statements,v4_synthetic_pack,Head of Consumer Banking,synthetic_demo,family-2-technology-estate/F05_applications-systems.csv,206,2026-06-18,2026-01-01,2026-06-18,static_snapshot,medium,synthetic_demo,confidential,Home|Intelligence|Tower|Moves,current_state|modernization|dependency|gap|recommendation,unsupported_fact|cross_tenant_claim|claim_beyond_source_confidence,none,2026-06-28T00:00:00Z,2026-06-29T14:49:49.881Z,FIRSTCAPITAL-APP-0205,Fiserv Statements,core_banking,Channels & Digital Engineering,critical,extend_to_cloud,VDR-00205,12900000,22,confidential_pii,extend_to_cloud
first-capital,Financial Services Demo,v6.0,application_system,FIRSTCAPITAL-APP-0206,Thought Machine Interest Engine,v4_synthetic_pack,Head of Consumer Banking,synthetic_demo,family-2-technology-estate/F05_applications-systems.csv,207,2026-06-18,2026-01-01,2026-06-18,static_snapshot,medium,synthetic_demo,confidential,Home|Intelligence|Tower|Moves,current_state|modernization|dependency|gap|recommendation,unsupported_fact|cross_tenant_claim|claim_beyond_source_confidence,none,2026-06-28T00:00:00Z,2026-06-29T14:49:49.881Z,FIRSTCAPITAL-APP-0206,Thought Machine Interest Engine,core_banking,AI Governance & Model Risk Tech,critical,rehost,VDR-00206,10700000,20,internal,rehost
first-capital,Financial Services Demo,v6.0,application_system,FIRSTCAPITAL-APP-0207,Thought Machine Branch Teller,v4_synthetic_pack,Head of Consumer Banking,synthetic_demo,family-2-technology-estate/F05_applications-systems.csv,208,2026-06-18,2026-01-01,2026-06-18,static_snapshot,medium,synthetic_demo,confidential,Home|Intelligence|Tower|Moves,current_state|modernization|dependency|gap|recommendation,unsupported_fact|cross_tenant_claim|claim_beyond_source_confidence,none,2026-06-28T00:00:00Z,2026-06-29T14:49:49.881Z,FIRSTCAPITAL-APP-0207,Thought Machine Branch Teller,core_banking,"Risk, Treasury & Finance Systems",critical,extend_to_cloud,VDR-00207,15700000,19,confidential_pii,extend_to_cloud
first-capital,Financial Services Demo,v6.0,application_system,FIRSTCAPITAL-APP-0208,Temenos Core Deposits 2,v4_synthetic_pack,Head of Consumer Banking,synthetic_demo,family-2-technology-estate/F05_applications-systems.csv,209,2026-06-18,2026-01-01,2026-06-18,static_snapshot,medium,synthetic_demo,confidential,Home|Intelligence|Tower|Moves,current_state|modernization|dependency|gap|recommendation,unsupported_fact|cross_tenant_claim|claim_beyond_source_confidence,none,2026-06-28T00:00:00Z,2026-06-29T14:49:49.881Z,FIRSTCAPITAL-APP-0208,Temenos Core Deposits 2,core_banking,Integration & API Platform,high,retire_candidate,VDR-00208,900000,14,confidential_pii,retire_candidate
first-capital,Financial Services Demo,v6.0,application_system,FIRSTCAPITAL-APP-0209,Thought Machine Loan Servicing 2,v4_synthetic_pack,Head of Consumer Banking,synthetic_demo,family-2-technology-estate/F05_applications-systems.csv,210,2026-06-18,2026-01-01,2026-06-18,static_snapshot,medium,synthetic_demo,confidential,Home|Intelligence|Tower|Moves,current_state|modernization|dependency|gap|recommendation,unsupported_fact|cross_tenant_claim|claim_beyond_source_confidence,none,2026-06-28T00:00:00Z,2026-06-29T14:49:49.881Z,FIRSTCAPITAL-APP-0209,Thought Machine Loan Servicing 2,core_banking,Channels & Digital Engineering,critical,extend_to_cloud,VDR-00209,10100000,8,confidential_pii,extend_to_cloud
first-capital,Financial Services Demo,v6.0,application_system,FIRSTCAPITAL-APP-0210,FIS GL Posting Engine 2,v4_synthetic_pack,Head of Consumer Banking,synthetic_demo,family-2-technology-estate/F05_applications-systems.csv,211,2026-06-18,2026-01-01,2026-06-18,static_snapshot,medium,synthetic_demo,confidential,Home|Intelligence|Tower|Moves,current_state|modernization|dependency|gap|recommendation,unsupported_fact|cross_tenant_claim|claim_beyond_source_confidence,none,2026-06-28T00:00:00Z,2026-06-29T14:49:49.881Z,FIRSTCAPITAL-APP-0210,FIS GL Posting Engine 2,core_banking,ServiceNow & IT Operations,critical,optimize,VDR-00210,21000000,23,restricted_nonpublic,optimize
first-capital,Financial Services Demo,v6.0,application_system,FIRSTCAPITAL-APP-0211,Thought Machine Account Master 2,v4_synthetic_pack,Head of Consumer Banking,synthetic_demo,family-2-technology-estate/F05_applications-systems.csv,212,2026-06-18,2026-01-01,2026-06-18,static_snapshot,medium,synthetic_demo,confidential,Home|Intelligence|Tower|Moves,current_state|modernization|dependency|gap|recommendation,unsupported_fact|cross_tenant_claim|claim_beyond_source_confidence,none,2026-06-28T00:00:00Z,2026-06-29T14:49:49.881Z,FIRSTCAPITAL-APP-0211,Thought Machine Account Master 2,core_banking,AI Governance & Model Risk Tech,critical,invest,VDR-00211,14700000,2,restricted_nonpublic,invest
first-capital,Financial Services Demo,v6.0,application_system,FIRSTCAPITAL-APP-0212,FIS Statements 2,v4_synthetic_pack,Head of Consumer Banking,synthetic_demo,family-2-technology-estate/F05_applications-systems.csv,213,2026-06-18,2026-01-01,2026-06-18,static_snapshot,medium,synthetic_demo,confidential,Home|Intelligence|Tower|Moves,current_state|modernization|dependency|gap|recommendation,unsupported_fact|cross_tenant_claim|claim_beyond_source_confidence,none,2026-06-28T00:00:00Z,2026-06-29T14:49:49.881Z,FIRSTCAPITAL-APP-0212,FIS Statements 2,core_banking,Channels & Digital Engineering,medium,rehost,VDR-00212,3800000,5,restricted_nonpublic,rehost
first-capital,Financial Services Demo,v6.0,application_system,FIRSTCAPITAL-APP-0213,Thought Machine Interest Engine 2,v4_synthetic_pack,Head of Consumer Banking,synthetic_demo,family-2-technology-estate/F05_applications-systems.csv,214,2026-06-18,2026-01-01,2026-06-18,static_snapshot,medium,synthetic_demo,confidential,Home|Intelligence|Tower|Moves,current_state|modernization|dependency|gap|recommendation,unsupported_fact|cross_tenant_claim|claim_beyond_source_confidence,none,2026-06-28T00:00:00Z,2026-06-29T14:49:49.881Z,FIRSTCAPITAL-APP-0213,Thought Machine Interest Engine 2,core_banking,Core Banking Platforms,high,retire_candidate,VDR-00213,5100000,6,internal,retire_candidate
first-capital,Financial Services Demo,v6.0,application_system,FIRSTCAPITAL-APP-0214,Temenos Branch Teller 2,v4_synthetic_pack,Head of Consumer Banking,synthetic_demo,family-2-technology-estate/F05_applications-systems.csv,215,2026-06-18,2026-01-01,2026-06-18,static_snapshot,medium,synthetic_demo,confidential,Home|Intelligence|Tower|Moves,current_state|modernization|dependency|gap|recommendation,unsupported_fact|cross_tenant_claim|claim_beyond_source_confidence,none,2026-06-28T00:00:00Z,2026-06-29T14:49:49.881Z,FIRSTCAPITAL-APP-0214,Temenos Branch Teller 2,core_banking,Integration & API Platform,high,retire_candidate,VDR-00214,2500000,13,restricted_nonpublic,retire_candidate
first-capital,Financial Services Demo,v6.0,application_system,FIRSTCAPITAL-APP-0215,Fiserv Core Deposits 3,v4_synthetic_pack,Head of Consumer Banking,synthetic_demo,family-2-technology-estate/F05_applications-systems.csv,216,2026-06-18,2026-01-01,2026-06-18,static_snapshot,medium,synthetic_demo,confidential,Home|Intelligence|Tower|Moves,current_state|modernization|dependency|gap|recommendation,unsupported_fact|cross_tenant_claim|claim_beyond_source_confidence,none,2026-06-28T00:00:00Z,2026-06-29T14:49:49.881Z,FIRSTCAPITAL-APP-0215,Fiserv Core Deposits 3,core_banking,Developer Experience & DevSecOps,medium,retire_candidate,VDR-00215,11500000,5,restricted_nonpublic,retire_candidate
first-capital,Financial Services Demo,v6.0,application_system,FIRSTCAPITAL-APP-0216,Thought Machine Loan Servicing 3,v4_synthetic_pack,Head of Consumer Banking,synthetic_demo,family-2-technology-estate/F05_applications-systems.csv,217,2026-06-18,2026-01-01,2026-06-18,static_snapshot,medium,synthetic_demo,confidential,Home|Intelligence|Tower|Moves,current_state|modernization|dependency|gap|recommendation,unsupported_fact|cross_tenant_claim|claim_beyond_source_confidence,none,2026-06-28T00:00:00Z,2026-06-29T14:49:49.881Z,FIRSTCAPITAL-APP-0216,Thought Machine Loan Servicing 3,core_banking,Cloud & Infrastructure,high,extend_to_cloud,VDR-00216,16800000,21,confidential_pci,extend_to_cloud
first-capital,Financial Services Demo,v6.0,application_system,FIRSTCAPITAL-APP-0217,Fiserv GL Posting Engine 3,v4_synthetic_pack,Head of Consumer Banking,synthetic_demo,family-2-technology-estate/F05_applications-systems.csv,218,2026-06-18,2026-01-01,2026-06-18,static_snapshot,medium,synthetic_demo,confidential,Home|Intelligence|Tower|Moves,current_state|modernization|dependency|gap|recommendation,unsupported_fact|cross_tenant_claim|claim_beyond_source_confidence,none,2026-06-28T00:00:00Z,2026-06-29T14:49:49.881Z,FIRSTCAPITAL-APP-0217,Fiserv GL Posting Engine 3,core_banking,"Risk, Treasury & Finance Systems",high,optimize,VDR-00217,2600000,10,restricted_nonpublic,optimize
first-capital,Financial Services Demo,v6.0,application_system,FIRSTCAPITAL-APP-0218,Fiserv Account Master 3,v4_synthetic_pack,Head of Consumer Banking,synthetic_demo,family-2-technology-estate/F05_applications-systems.csv,219,2026-06-18,2026-01-01,2026-06-18,static_snapshot,medium,synthetic_demo,confidential,Home|Intelligence|Tower|Moves,current_state|modernization|dependency|gap|recommendation,unsupported_fact|cross_tenant_claim|claim_beyond_source_confidence,none,2026-06-28T00:00:00Z,2026-06-29T14:49:49.881Z,FIRSTCAPITAL-APP-0218,Fiserv Account Master 3,core_banking,Cloud & Infrastructure,critical,optimize,VDR-00218,4500000,11,confidential_pci,optimize
first-capital,Financial Services Demo,v6.0,application_system,FIRSTCAPITAL-APP-0219,Temenos Statements 3,v4_synthetic_pack,Head of Consumer Banking,synthetic_demo,family-2-technology-estate/F05_applications-systems.csv,220,2026-06-18,2026-01-01,2026-06-18,static_snapshot,medium,synthetic_demo,confidential,Home|Intelligence|Tower|Moves,current_state|modernization|dependency|gap|recommendation,unsupported_fact|cross_tenant_claim|claim_beyond_source_confidence,none,2026-06-28T00:00:00Z,2026-06-29T14:49:49.881Z,FIRSTCAPITAL-APP-0219,Temenos Statements 3,core_banking,Core Banking Platforms,medium,retire_candidate,VDR-00219,2500000,3,internal,retire_candidate
first-capital,Financial Services Demo,v6.0,application_system,FIRSTCAPITAL-APP-0220,Temenos Interest Engine 3,v4_synthetic_pack,Head of Consumer Banking,synthetic_demo,family-2-technology-estate/F05_applications-systems.csv,221,2026-06-18,2026-01-01,2026-06-18,static_snapshot,medium,synthetic_demo,confidential,Home|Intelligence|Tower|Moves,current_state|modernization|dependency|gap|recommendation,unsupported_fact|cross_tenant_claim|claim_beyond_source_confidence,none,2026-06-28T00:00:00Z,2026-06-29T14:49:49.881Z,FIRSTCAPITAL-APP-0220,Temenos Interest Engine 3,core_banking,Core Banking Platforms,medium,rehost,VDR-00220,20800000,17,confidential_pci,rehost
first-capital,Financial Services Demo,v6.0,application_system,FIRSTCAPITAL-APP-0221,Temenos Branch Teller 3,v4_synthetic_pack,Head of Consumer Banking,synthetic_demo,family-2-technology-estate/F05_applications-systems.csv,222,2026-06-18,2026-01-01,2026-06-18,static_snapshot,medium,synthetic_demo,confidential,Home|Intelligence|Tower|Moves,current_state|modernization|dependency|gap|recommendation,unsupported_fact|cross_tenant_claim|claim_beyond_source_confidence,none,2026-06-28T00:00:00Z,2026-06-29T14:49:49.881Z,FIRSTCAPITAL-APP-0221,Temenos Branch Teller 3,core_banking,"Risk, Treasury & Finance Systems",critical,optimize,VDR-00221,20600000,19,confidential_pci,optimize
first-capital,Financial Services Demo,v6.0,application_system,FIRSTCAPITAL-APP-0222,Temenos Core Deposits 4,v4_synthetic_pack,Head of Consumer Banking,synthetic_demo,family-2-technology-estate/F05_applications-systems.csv,223,2026-06-18,2026-01-01,2026-06-18,static_snapshot,medium,synthetic_demo,confidential,Home|Intelligence|Tower|Moves,current_state|modernization|dependency|gap|recommendation,unsupported_fact|cross_tenant_claim|claim_beyond_source_confidence,none,2026-06-28T00:00:00Z,2026-06-29T14:49:49.881Z,FIRSTCAPITAL-APP-0222,Temenos Core Deposits 4,core_banking,Integration & API Platform,high,invest,VDR-00222,8600000,13,confidential_pci,invest
first-capital,Financial Services Demo,v6.0,application_system,FIRSTCAPITAL-APP-0223,FIS Loan Servicing 4,v4_synthetic_pack,Head of Consumer Banking,synthetic_demo,family-2-technology-estate/F05_applications-systems.csv,224,2026-06-18,2026-01-01,2026-06-18,static_snapshot,medium,synthetic_demo,confidential,Home|Intelligence|Tower|Moves,current_state|modernization|dependency|gap|recommendation,unsupported_fact|cross_tenant_claim|claim_beyond_source_confidence,none,2026-06-28T00:00:00Z,2026-06-29T14:49:49.881Z,FIRSTCAPITAL-APP-0223,FIS Loan Servicing 4,core_banking,Data Platform & AI Engineering,critical,invest,VDR-00223,3800000,19,internal,invest
first-capital,Financial Services Demo,v6.0,application_system,FIRSTCAPITAL-APP-0224,Temenos GL Posting Engine 4,v4_synthetic_pack,Head of Consumer Banking,synthetic_demo,family-2-technology-estate/F05_applications-systems.csv,225,2026-06-18,2026-01-01,2026-06-18,static_snapshot,medium,synthetic_demo,confidential,Home|Intelligence|Tower|Moves,current_state|modernization|dependency|gap|recommendation,unsupported_fact|cross_tenant_claim|claim_beyond_source_confidence,none,2026-06-28T00:00:00Z,2026-06-29T14:49:49.881Z,FIRSTCAPITAL-APP-0224,Temenos GL Posting Engine 4,core_banking,Core Banking Platforms,critical,rehost,VDR-00224,4000000,10,confidential_pii,rehost
first-capital,Financial Services Demo,v6.0,application_system,FIRSTCAPITAL-APP-0225,Thought Machine Account Master 4,v4_synthetic_pack,Head of Consumer Banking,synthetic_demo,family-2-technology-estate/F05_applications-systems.csv,226,2026-06-18,2026-01-01,2026-06-18,static_snapshot,medium,synthetic_demo,confidential,Home|Intelligence|Tower|Moves,current_state|modernization|dependency|gap|recommendation,unsupported_fact|cross_tenant_claim|claim_beyond_source_confidence,none,2026-06-28T00:00:00Z,2026-06-29T14:49:49.881Z,FIRSTCAPITAL-APP-0225,Thought Machine Account Master 4,core_banking,Core Banking Platforms,medium,retire_candidate,VDR-00225,6900000,23,confidential_pii,retire_candidate
first-capital,Financial Services Demo,v6.0,application_system,FIRSTCAPITAL-APP-0226,Fiserv Statements 4,v4_synthetic_pack,Head of Consumer Banking,synthetic_demo,family-2-technology-estate/F05_applications-systems.csv,227,2026-06-18,2026-01-01,2026-06-18,static_snapshot,medium,synthetic_demo,confidential,Home|Intelligence|Tower|Moves,current_state|modernization|dependency|gap|recommendation,unsupported_fact|cross_tenant_claim|claim_beyond_source_confidence,none,2026-06-28T00:00:00Z,2026-06-29T14:49:49.881Z,FIRSTCAPITAL-APP-0226,Fiserv Statements 4,core_banking,Core Banking Platforms,critical,invest,VDR-00226,11100000,9,confidential_pci,invest
first-capital,Financial Services Demo,v6.0,application_system,FIRSTCAPITAL-APP-0227,Visa DPS Card Authorization,v4_synthetic_pack,Head of Cards & Payments,synthetic_demo,family-2-technology-estate/F05_applications-systems.csv,228,2026-06-18,2026-01-01,2026-06-18,static_snapshot,medium,synthetic_demo,confidential,Home|Intelligence|Tower|Moves,current_state|modernization|dependency|gap|recommendation,unsupported_fact|cross_tenant_claim|claim_beyond_source_confidence,none,2026-06-28T00:00:00Z,2026-06-29T14:49:49.881Z,FIRSTCAPITAL-APP-0227,Visa DPS Card Authorization,cards,Developer Experience & DevSecOps,critical,invest,VDR-00227,16400000,2,internal,invest
first-capital,Financial Services Demo,v6.0,application_system,FIRSTCAPITAL-APP-0228,Visa DPS Card Issuance,v4_synthetic_pack,Head of Cards & Payments,synthetic_demo,family-2-technology-estate/F05_applications-systems.csv,229,2026-06-18,2026-01-01,2026-06-18,static_snapshot,medium,synthetic_demo,confidential,Home|Intelligence|Tower|Moves,current_state|modernization|dependency|gap|recommendation,unsupported_fact|cross_tenant_claim|claim_beyond_source_confidence,none,2026-06-28T00:00:00Z,2026-06-29T14:49:49.881Z,FIRSTCAPITAL-APP-0228,Visa DPS Card Issuance,cards,"Cyber, Privacy & Resilience",medium,optimize,VDR-00228,12500000,3,internal,optimize
first-capital,Financial Services Demo,v6.0,application_system,FIRSTCAPITAL-APP-0229,Mastercard Rewards Engine,v4_synthetic_pack,Head of Cards & Payments,synthetic_demo,family-2-technology-estate/F05_applications-systems.csv,230,2026-06-18,2026-01-01,2026-06-18,static_snapshot,medium,synthetic_demo,confidential,Home|Intelligence|Tower|Moves,current_state|modernization|dependency|gap|recommendation,unsupported_fact|cross_tenant_claim|claim_beyond_source_confidence,none,2026-06-28T00:00:00Z,2026-06-29T14:49:49.881Z,FIRSTCAPITAL-APP-0229,Mastercard Rewards Engine,cards,AI Governance & Model Risk Tech,medium,extend_to_cloud,VDR-00229,20600000,21,internal,extend_to_cloud
first-capital,Financial Services Demo,v6.0,application_system,FIRSTCAPITAL-APP-0230,Visa DPS Statement & Billing,v4_synthetic_pack,Head of Cards & Payments,synthetic_demo,family-2-technology-estate/F05_applications-systems.csv,231,2026-06-18,2026-01-01,2026-06-18,static_snapshot,medium,synthetic_demo,confidential,Home|Intelligence|Tower|Moves,current_state|modernization|dependency|gap|recommendation,unsupported_fact|cross_tenant_claim|claim_beyond_source_confidence,none,2026-06-28T00:00:00Z,2026-06-29T14:49:49.881Z,FIRSTCAPITAL-APP-0230,Visa DPS Statement & Billing,cards,Integration & API Platform,critical,rehost,VDR-00230,18800000,11,restricted_nonpublic,rehost
first-capital,Financial Services Demo,v6.0,application_system,FIRSTCAPITAL-APP-0231,TSYS Tokenization Vault,v4_synthetic_pack,Head of Cards & Payments,synthetic_demo,family-2-technology-estate/F05_applications-systems.csv,232,2026-06-18,2026-01-01,2026-06-18,static_snapshot,medium,synthetic_demo,confidential,Home|Intelligence|Tower|Moves,current_state|modernization|dependency|gap|recommendation,unsupported_fact|cross_tenant_claim|claim_beyond_source_confidence,none,2026-06-28T00:00:00Z,2026-06-29T14:49:49.881Z,FIRSTCAPITAL-APP-0231,TSYS Tokenization Vault,cards,Core Banking Platforms,critical,retire_candidate,VDR-00231,14900000,7,confidential_pii,retire_candidate
first-capital,Financial Services Demo,v6.0,application_system,FIRSTCAPITAL-APP-0232,Marqeta Dispute Manager,v4_synthetic_pack,Head of Cards & Payments,synthetic_demo,family-2-technology-estate/F05_applications-systems.csv,233,2026-06-18,2026-01-01,2026-06-18,static_snapshot,medium,synthetic_demo,confidential,Home|Intelligence|Tower|Moves,current_state|modernization|dependency|gap|recommendation,unsupported_fact|cross_tenant_claim|claim_beyond_source_confidence,none,2026-06-28T00:00:00Z,2026-06-29T14:49:49.881Z,FIRSTCAPITAL-APP-0232,Marqeta Dispute Manager,cards,Cards & Payments Technology,medium,optimize,VDR-00232,4300000,22,confidential_pci,optimize
first-capital,Financial Services Demo,v6.0,application_system,FIRSTCAPITAL-APP-0233,Visa DPS Card Authorization 2,v4_synthetic_pack,Head of Cards & Payments,synthetic_demo,family-2-technology-estate/F05_applications-systems.csv,234,2026-06-18,2026-01-01,2026-06-18,static_snapshot,medium,synthetic_demo,confidential,Home|Intelligence|Tower|Moves,current_state|modernization|dependency|gap|recommendation,unsupported_fact|cross_tenant_claim|claim_beyond_source_confidence,none,2026-06-28T00:00:00Z,2026-06-29T14:49:49.881Z,FIRSTCAPITAL-APP-0233,Visa DPS Card Authorization 2,cards,Cloud & Infrastructure,high,extend_to_cloud,VDR-00233,3800000,12,internal,extend_to_cloud
first-capital,Financial Services Demo,v6.0,application_system,FIRSTCAPITAL-APP-0234,Mastercard Card Issuance 2,v4_synthetic_pack,Head of Cards & Payments,synthetic_demo,family-2-technology-estate/F05_applications-systems.csv,235,2026-06-18,2026-01-01,2026-06-18,static_snapshot,medium,synthetic_demo,confidential,Home|Intelligence|Tower|Moves,current_state|modernization|dependency|gap|recommendation,unsupported_fact|cross_tenant_claim|claim_beyond_source_confidence,none,2026-06-28T00:00:00Z,2026-06-29T14:49:49.881Z,FIRSTCAPITAL-APP-0234,Mastercard Card Issuance 2,cards,AI Governance & Model Risk Tech,high,invest,VDR-00234,2800000,18,confidential_pci,invest
first-capital,Financial Services Demo,v6.0,application_system,FIRSTCAPITAL-APP-0235,Mastercard Rewards Engine 2,v4_synthetic_pack,Head of Cards & Payments,synthetic_demo,family-2-technology-estate/F05_applications-systems.csv,236,2026-06-18,2026-01-01,2026-06-18,static_snapshot,medium,synthetic_demo,confidential,Home|Intelligence|Tower|Moves,current_state|modernization|dependency|gap|recommendation,unsupported_fact|cross_tenant_claim|claim_beyond_source_confidence,none,2026-06-28T00:00:00Z,2026-06-29T14:49:49.881Z,FIRSTCAPITAL-APP-0235,Mastercard Rewards Engine 2,cards,Financial Crimes Technology,critical,optimize,VDR-00235,21100000,16,confidential_pii,optimize
first-capital,Financial Services Demo,v6.0,application_system,FIRSTCAPITAL-APP-0236,Visa DPS Statement & Billing 2,v4_synthetic_pack,Head of Cards & Payments,synthetic_demo,family-2-technology-estate/F05_applications-systems.csv,237,2026-06-18,2026-01-01,2026-06-18,static_snapshot,medium,synthetic_demo,confidential,Home|Intelligence|Tower|Moves,current_state|modernization|dependency|gap|recommendation,unsupported_fact|cross_tenant_claim|claim_beyond_source_confidence,none,2026-06-28T00:00:00Z,2026-06-29T14:49:49.881Z,FIRSTCAPITAL-APP-0236,Visa DPS Statement & Billing 2,cards,Cards & Payments Technology,critical,retire_candidate,VDR-00236,2100000,2,internal,retire_candidate
first-capital,Financial Services Demo,v6.0,application_system,FIRSTCAPITAL-APP-0237,Marqeta Tokenization Vault 2,v4_synthetic_pack,Head of Cards & Payments,synthetic_demo,family-2-technology-estate/F05_applications-systems.csv,238,2026-06-18,2026-01-01,2026-06-18,static_snapshot,medium,synthetic_demo,confidential,Home|Intelligence|Tower|Moves,current_state|modernization|dependency|gap|recommendation,unsupported_fact|cross_tenant_claim|claim_beyond_source_confidence,none,2026-06-28T00:00:00Z,2026-06-29T14:49:49.881Z,FIRSTCAPITAL-APP-0237,Marqeta Tokenization Vault 2,cards,AI Governance & Model Risk Tech,medium,optimize,VDR-00237,1600000,22,confidential_pci,optimize
first-capital,Financial Services Demo,v6.0,application_system,FIRSTCAPITAL-APP-0238,Mastercard Dispute Manager 2,v4_synthetic_pack,Head of Cards & Payments,synthetic_demo,family-2-technology-estate/F05_applications-systems.csv,239,2026-06-18,2026-01-01,2026-06-18,static_snapshot,medium,synthetic_demo,confidential,Home|Intelligence|Tower|Moves,current_state|modernization|dependency|gap|recommendation,unsupported_fact|cross_tenant_claim|claim_beyond_source_confidence,none,2026-06-28T00:00:00Z,2026-06-29T14:49:49.881Z,FIRSTCAPITAL-APP-0238,Mastercard Dispute Manager 2,cards,Cards & Payments Technology,critical,optimize,VDR-00238,12800000,6,restricted_nonpublic,optimize
first-capital,Financial Services Demo,v6.0,application_system,FIRSTCAPITAL-APP-0239,Marqeta Card Authorization 3,v4_synthetic_pack,Head of Cards & Payments,synthetic_demo,family-2-technology-estate/F05_applications-systems.csv,240,2026-06-18,2026-01-01,2026-06-18,static_snapshot,medium,synthetic_demo,confidential,Home|Intelligence|Tower|Moves,current_state|modernization|dependency|gap|recommendation,unsupported_fact|cross_tenant_claim|claim_beyond_source_confidence,none,2026-06-28T00:00:00Z,2026-06-29T14:49:49.881Z,FIRSTCAPITAL-APP-0239,Marqeta Card Authorization 3,cards,Data Platform & AI Engineering,medium,retire_candidate,VDR-00239,9200000,19,confidential_pii,retire_candidate
first-capital,Financial Services Demo,v6.0,application_system,FIRSTCAPITAL-APP-0240,Marqeta Card Issuance 3,v4_synthetic_pack,Head of Cards & Payments,synthetic_demo,family-2-technology-estate/F05_applications-systems.csv,241,2026-06-18,2026-01-01,2026-06-18,static_snapshot,medium,synthetic_demo,confidential,Home|Intelligence|Tower|Moves,current_state|modernization|dependency|gap|recommendation,unsupported_fact|cross_tenant_claim|claim_beyond_source_confidence,none,2026-06-28T00:00:00Z,2026-06-29T14:49:49.881Z,FIRSTCAPITAL-APP-0240,Marqeta Card Issuance 3,cards,Financial Crimes Technology,critical,invest,VDR-00240,10800000,23,confidential_pci,invest
first-capital,Financial Services Demo,v6.0,application_system,FIRSTCAPITAL-APP-0241,Mastercard Rewards Engine 3,v4_synthetic_pack,Head of Cards & Payments,synthetic_demo,family-2-technology-estate/F05_applications-systems.csv,242,2026-06-18,2026-01-01,2026-06-18,static_snapshot,medium,synthetic_demo,confidential,Home|Intelligence|Tower|Moves,current_state|modernization|dependency|gap|recommendation,unsupported_fact|cross_tenant_claim|claim_beyond_source_confidence,none,2026-06-28T00:00:00Z,2026-06-29T14:49:49.881Z,FIRSTCAPITAL-APP-0241,Mastercard Rewards Engine 3,cards,Data Platform & AI Engineering,critical,extend_to_cloud,VDR-00241,15500000,21,confidential_pci,extend_to_cloud
first-capital,Financial Services Demo,v6.0,application_system,FIRSTCAPITAL-APP-0242,Marqeta Statement & Billing 3,v4_synthetic_pack,Head of Cards & Payments,synthetic_demo,family-2-technology-estate/F05_applications-systems.csv,243,2026-06-18,2026-01-01,2026-06-18,static_snapshot,medium,synthetic_demo,confidential,Home|Intelligence|Tower|Moves,current_state|modernization|dependency|gap|recommendation,unsupported_fact|cross_tenant_claim|claim_beyond_source_confidence,none,2026-06-28T00:00:00Z,2026-06-29T14:49:49.881Z,FIRSTCAPITAL-APP-0242,Marqeta Statement & Billing 3,cards,"Cyber, Privacy & Resilience",high,retire_candidate,VDR-00242,4400000,9,confidential_pci,retire_candidate
first-capital,Financial Services Demo,v6.0,application_system,FIRSTCAPITAL-APP-0243,TSYS Tokenization Vault 3,v4_synthetic_pack,Head of Cards & Payments,synthetic_demo,family-2-technology-estate/F05_applications-systems.csv,244,2026-06-18,2026-01-01,2026-06-18,static_snapshot,medium,synthetic_demo,confidential,Home|Intelligence|Tower|Moves,current_state|modernization|dependency|gap|recommendation,unsupported_fact|cross_tenant_claim|claim_beyond_source_confidence,none,2026-06-28T00:00:00Z,2026-06-29T14:49:49.881Z,FIRSTCAPITAL-APP-0243,TSYS Tokenization Vault 3,cards,"Risk, Treasury & Finance Systems",critical,rehost,VDR-00243,11100000,17,internal,rehost
first-capital,Financial Services Demo,v6.0,application_system,FIRSTCAPITAL-APP-0244,Marqeta Dispute Manager 3,v4_synthetic_pack,Head of Cards & Payments,synthetic_demo,family-2-technology-estate/F05_applications-systems.csv,245,2026-06-18,2026-01-01,2026-06-18,static_snapshot,medium,synthetic_demo,confidential,Home|Intelligence|Tower|Moves,current_state|modernization|dependency|gap|recommendation,unsupported_fact|cross_tenant_claim|claim_beyond_source_confidence,none,2026-06-28T00:00:00Z,2026-06-29T14:49:49.881Z,FIRSTCAPITAL-APP-0244,Marqeta Dispute Manager 3,cards,Cards & Payments Technology,high,retire_candidate,VDR-00244,19100000,17,confidential_pci,retire_candidate
first-capital,Financial Services Demo,v6.0,application_system,FIRSTCAPITAL-APP-0245,TSYS Card Authorization 4,v4_synthetic_pack,Head of Cards & Payments,synthetic_demo,family-2-technology-estate/F05_applications-systems.csv,246,2026-06-18,2026-01-01,2026-06-18,static_snapshot,medium,synthetic_demo,confidential,Home|Intelligence|Tower|Moves,current_state|modernization|dependency|gap|recommendation,unsupported_fact|cross_tenant_claim|claim_beyond_source_confidence,none,2026-06-28T00:00:00Z,2026-06-29T14:49:49.881Z,FIRSTCAPITAL-APP-0245,TSYS Card Authorization 4,cards,Developer Experience & DevSecOps,high,retire_candidate,VDR-00245,21100000,21,confidential_pci,retire_candidate
first-capital,Financial Services Demo,v6.0,application_system,FIRSTCAPITAL-APP-0246,TSYS Card Issuance 4,v4_synthetic_pack,Head of Cards & Payments,synthetic_demo,family-2-technology-estate/F05_applications-systems.csv,247,2026-06-18,2026-01-01,2026-06-18,static_snapshot,medium,synthetic_demo,confidential,Home|Intelligence|Tower|Moves,current_state|modernization|dependency|gap|recommendation,unsupported_fact|cross_tenant_claim|claim_beyond_source_confidence,none,2026-06-28T00:00:00Z,2026-06-29T14:49:49.881Z,FIRSTCAPITAL-APP-0246,TSYS Card Issuance 4,cards,AI Governance & Model Risk Tech,medium,rehost,VDR-00246,21600000,11,confidential_pii,rehost
first-capital,Financial Services Demo,v6.0,application_system,FIRSTCAPITAL-APP-0247,Marqeta Rewards Engine 4,v4_synthetic_pack,Head of Cards & Payments,synthetic_demo,family-2-technology-estate/F05_applications-systems.csv,248,2026-06-18,2026-01-01,2026-06-18,static_snapshot,medium,synthetic_demo,confidential,Home|Intelligence|Tower|Moves,current_state|modernization|dependency|gap|recommendation,unsupported_fact|cross_tenant_claim|claim_beyond_source_confidence,none,2026-06-28T00:00:00Z,2026-06-29T14:49:49.881Z,FIRSTCAPITAL-APP-0247,Marqeta Rewards Engine 4,cards,Core Banking Platforms,high,invest,VDR-00247,4300000,8,confidential_pci,invest
first-capital,Financial Services Demo,v6.0,application_system,FIRSTCAPITAL-APP-0248,Visa DPS Statement & Billing 4,v4_synthetic_pack,Head of Cards & Payments,synthetic_demo,family-2-technology-estate/F05_applications-systems.csv,249,2026-06-18,2026-01-01,2026-06-18,static_snapshot,medium,synthetic_demo,confidential,Home|Intelligence|Tower|Moves,current_state|modernization|dependency|gap|recommendation,unsupported_fact|cross_tenant_claim|claim_beyond_source_confidence,none,2026-06-28T00:00:00Z,2026-06-29T14:49:49.881Z,FIRSTCAPITAL-APP-0248,Visa DPS Statement & Billing 4,cards,AI Governance & Model Risk Tech,medium,extend_to_cloud,VDR-00248,15800000,13,internal,extend_to_cloud
first-capital,Financial Services Demo,v6.0,application_system,FIRSTCAPITAL-APP-0249,The Clearing House ACH Engine,v4_synthetic_pack,Head of Cards & Payments,synthetic_demo,family-2-technology-estate/F05_applications-systems.csv,250,2026-06-18,2026-01-01,2026-06-18,static_snapshot,medium,synthetic_demo,confidential,Home|Intelligence|Tower|Moves,current_state|modernization|dependency|gap|recommendation,unsupported_fact|cross_tenant_claim|claim_beyond_source_confidence,none,2026-06-28T00:00:00Z,2026-06-29T14:49:49.881Z,FIRSTCAPITAL-APP-0249,The Clearing House ACH Engine,payments,Cloud & Infrastructure,medium,rehost,VDR-00249,19300000,21,internal,rehost
first-capital,Financial Services Demo,v6.0,application_system,FIRSTCAPITAL-APP-0250,The Clearing House Wire Platform,v4_synthetic_pack,Head of Cards & Payments,synthetic_demo,family-2-technology-estate/F05_applications-systems.csv,251,2026-06-18,2026-01-01,2026-06-18,static_snapshot,medium,synthetic_demo,confidential,Home|Intelligence|Tower|Moves,current_state|modernization|dependency|gap|recommendation,unsupported_fact|cross_tenant_claim|claim_beyond_source_confidence,none,2026-06-28T00:00:00Z,2026-06-29T14:49:49.881Z,FIRSTCAPITAL-APP-0250,The Clearing House Wire Platform,payments,Cloud & Infrastructure,high,retire_candidate,VDR-00250,21900000,2,restricted_nonpublic,retire_candidate
first-capital,Financial Services Demo,v6.0,application_system,FIRSTCAPITAL-APP-0251,FedNow RTP/FedNow Gateway,v4_synthetic_pack,Head of Cards & Payments,synthetic_demo,family-2-technology-estate/F05_applications-systems.csv,252,2026-06-18,2026-01-01,2026-06-18,static_snapshot,medium,synthetic_demo,confidential,Home|Intelligence|Tower|Moves,current_state|modernization|dependency|gap|recommendation,unsupported_fact|cross_tenant_claim|claim_beyond_source_confidence,none,2026-06-28T00:00:00Z,2026-06-29T14:49:49.881Z,FIRSTCAPITAL-APP-0251,FedNow RTP/FedNow Gateway,payments,Integration & API Platform,critical,invest,VDR-00251,10800000,14,confidential_pci,invest
first-capital,Financial Services Demo,v6.0,application_system,FIRSTCAPITAL-APP-0252,ACI Worldwide ISO 20022 Hub,v4_synthetic_pack,Head of Cards & Payments,synthetic_demo,family-2-technology-estate/F05_applications-systems.csv,253,2026-06-18,2026-01-01,2026-06-18,static_snapshot,medium,synthetic_demo,confidential,Home|Intelligence|Tower|Moves,current_state|modernization|dependency|gap|recommendation,unsupported_fact|cross_tenant_claim|claim_beyond_source_confidence,none,2026-06-28T00:00:00Z,2026-06-29T14:49:49.881Z,FIRSTCAPITAL-APP-0252,ACI Worldwide ISO 20022 Hub,payments,"Risk, Treasury & Finance Systems",critical,extend_to_cloud,VDR-00252,7400000,3,restricted_nonpublic,extend_to_cloud
first-capital,Financial Services Demo,v6.0,application_system,FIRSTCAPITAL-APP-0253,Volante Bill Pay,v4_synthetic_pack,Head of Cards & Payments,synthetic_demo,family-2-technology-estate/F05_applications-systems.csv,254,2026-06-18,2026-01-01,2026-06-18,static_snapshot,medium,synthetic_demo,confidential,Home|Intelligence|Tower|Moves,current_state|modernization|dependency|gap|recommendation,unsupported_fact|cross_tenant_claim|claim_beyond_source_confidence,none,2026-06-28T00:00:00Z,2026-06-29T14:49:49.881Z,FIRSTCAPITAL-APP-0253,Volante Bill Pay,payments,Channels & Digital Engineering,high,extend_to_cloud,VDR-00253,14500000,5,confidential_pii,extend_to_cloud
first-capital,Financial Services Demo,v6.0,application_system,FIRSTCAPITAL-APP-0254,FedNow Zelle Connector,v4_synthetic_pack,Head of Cards & Payments,synthetic_demo,family-2-technology-estate/F05_applications-systems.csv,255,2026-06-18,2026-01-01,2026-06-18,static_snapshot,medium,synthetic_demo,confidential,Home|Intelligence|Tower|Moves,current_state|modernization|dependency|gap|recommendation,unsupported_fact|cross_tenant_claim|claim_beyond_source_confidence,none,2026-06-28T00:00:00Z,2026-06-29T14:49:49.881Z,FIRSTCAPITAL-APP-0254,FedNow Zelle Connector,payments,Cards & Payments Technology,high,extend_to_cloud,VDR-00254,14400000,6,restricted_nonpublic,extend_to_cloud
first-capital,Financial Services Demo,v6.0,application_system,FIRSTCAPITAL-APP-0255,ACI Worldwide SWIFT Gateway,v4_synthetic_pack,Head of Cards & Payments,synthetic_demo,family-2-technology-estate/F05_applications-systems.csv,256,2026-06-18,2026-01-01,2026-06-18,static_snapshot,medium,synthetic_demo,confidential,Home|Intelligence|Tower|Moves,current_state|modernization|dependency|gap|recommendation,unsupported_fact|cross_tenant_claim|claim_beyond_source_confidence,none,2026-06-28T00:00:00Z,2026-06-29T14:49:49.881Z,FIRSTCAPITAL-APP-0255,ACI Worldwide SWIFT Gateway,payments,Cards & Payments Technology,critical,extend_to_cloud,VDR-00255,10900000,13,restricted_nonpublic,extend_to_cloud
first-capital,Financial Services Demo,v6.0,application_system,FIRSTCAPITAL-APP-0256,ACI Worldwide ACH Engine 2,v4_synthetic_pack,Head of Cards & Payments,synthetic_demo,family-2-technology-estate/F05_applications-systems.csv,257,2026-06-18,2026-01-01,2026-06-18,static_snapshot,medium,synthetic_demo,confidential,Home|Intelligence|Tower|Moves,current_state|modernization|dependency|gap|recommendation,unsupported_fact|cross_tenant_claim|claim_beyond_source_confidence,none,2026-06-28T00:00:00Z,2026-06-29T14:49:49.881Z,FIRSTCAPITAL-APP-0256,ACI Worldwide ACH Engine 2,payments,Integration & API Platform,critical,optimize,VDR-00256,6200000,22,internal,optimize
first-capital,Financial Services Demo,v6.0,application_system,FIRSTCAPITAL-APP-0257,ACI Worldwide Wire Platform 2,v4_synthetic_pack,Head of Cards & Payments,synthetic_demo,family-2-technology-estate/F05_applications-systems.csv,258,2026-06-18,2026-01-01,2026-06-18,static_snapshot,medium,synthetic_demo,confidential,Home|Intelligence|Tower|Moves,current_state|modernization|dependency|gap|recommendation,unsupported_fact|cross_tenant_claim|claim_beyond_source_confidence,none,2026-06-28T00:00:00Z,2026-06-29T14:49:49.881Z,FIRSTCAPITAL-APP-0257,ACI Worldwide Wire Platform 2,payments,ServiceNow & IT Operations,critical,optimize,VDR-00257,17400000,6,internal,optimize
first-capital,Financial Services Demo,v6.0,application_system,FIRSTCAPITAL-APP-0258,Volante RTP/FedNow Gateway 2,v4_synthetic_pack,Head of Cards & Payments,synthetic_demo,family-2-technology-estate/F05_applications-systems.csv,259,2026-06-18,2026-01-01,2026-06-18,static_snapshot,medium,synthetic_demo,confidential,Home|Intelligence|Tower|Moves,current_state|modernization|dependency|gap|recommendation,unsupported_fact|cross_tenant_claim|claim_beyond_source_confidence,none,2026-06-28T00:00:00Z,2026-06-29T14:49:49.881Z,FIRSTCAPITAL-APP-0258,Volante RTP/FedNow Gateway 2,payments,Developer Experience & DevSecOps,high,invest,VDR-00258,8400000,13,restricted_nonpublic,invest
first-capital,Financial Services Demo,v6.0,application_system,FIRSTCAPITAL-APP-0259,The Clearing House ISO 20022 Hub 2,v4_synthetic_pack,Head of Cards & Payments,synthetic_demo,family-2-technology-estate/F05_applications-systems.csv,260,2026-06-18,2026-01-01,2026-06-18,static_snapshot,medium,synthetic_demo,confidential,Home|Intelligence|Tower|Moves,current_state|modernization|dependency|gap|recommendation,unsupported_fact|cross_tenant_claim|claim_beyond_source_confidence,none,2026-06-28T00:00:00Z,2026-06-29T14:49:49.881Z,FIRSTCAPITAL-APP-0259,The Clearing House ISO 20022 Hub 2,payments,AI Governance & Model Risk Tech,high,optimize,VDR-00259,15200000,6,confidential_pii,optimize
first-capital,Financial Services Demo,v6.0,application_system,FIRSTCAPITAL-APP-0260,Volante Bill Pay 2,v4_synthetic_pack,Head of Cards & Payments,synthetic_demo,family-2-technology-estate/F05_applications-systems.csv,261,2026-06-18,2026-01-01,2026-06-18,static_snapshot,medium,synthetic_demo,confidential,Home|Intelligence|Tower|Moves,current_state|modernization|dependency|gap|recommendation,unsupported_fact|cross_tenant_claim|claim_beyond_source_confidence,none,2026-06-28T00:00:00Z,2026-06-29T14:49:49.881Z,FIRSTCAPITAL-APP-0260,Volante Bill Pay 2,payments,Cards & Payments Technology,medium,extend_to_cloud,VDR-00260,21900000,16,restricted_nonpublic,extend_to_cloud
first-capital,Financial Services Demo,v6.0,application_system,first-capital-financial-application_system-2,Primary mainframe complex (core banking),v4_synthetic_pack,Core Banking Platforms,synthetic_demo,family-2-technology-estate/F07_infrastructure-cloud.csv,2,2026-06-18,2026-01-01,2026-06-18,static_snapshot,medium,synthetic_demo,confidential,Home|Intelligence|Tower|Moves,current_state|modernization|dependency|gap|recommendation,unsupported_fact|cross_tenant_claim|claim_beyond_source_confidence,none,2026-06-28T00:00:00Z,2026-06-29T14:49:49.881Z,first-capital-financial-application_system-2,Primary mainframe complex (core banking),Advisor productivity,Core Banking Platforms,Medium,Modernize,VDR-00261,8600000,Wealth CRM integrates with Risk Analytics and Loan Origination,Advisor productivity master data; operational events; identity and control evidence,"Relevant for AI only when data quality, workflow adoption, and control evidence are proven"
first-capital,Financial Services Demo,v6.0,application_system,first-capital-financial-application_system-3,Secondary DR mainframe,v4_synthetic_pack,Cloud & Infrastructure,synthetic_demo,family-2-technology-estate/F07_infrastructure-cloud.csv,3,2026-06-18,2026-01-01,2026-06-18,static_snapshot,medium,synthetic_demo,confidential,Home|Intelligence|Tower|Moves,current_state|modernization|dependency|gap|recommendation,unsupported_fact|cross_tenant_claim|claim_beyond_source_confidence,none,2026-06-28T00:00:00Z,2026-06-29T14:49:49.881Z,first-capital-financial-application_system-3,Secondary DR mainframe,Risk management,Cloud & Infrastructure,High,Run,VDR-00262,5400000,Risk Analytics integrates with Loan Origination and Treasury,Risk management master data; operational events; identity and control evidence,"Relevant for AI only when data quality, workflow adoption, and control evidence are proven"
first-capital,Financial Services Demo,v6.0,application_system,first-capital-financial-application_system-4,AWS landing zone (data + analytics),v4_synthetic_pack,Data Platform & AI Engineering,synthetic_demo,family-2-technology-estate/F07_infrastructure-cloud.csv,4,2026-06-18,2026-01-01,2026-06-18,static_snapshot,medium,synthetic_demo,confidential,Home|Intelligence|Tower|Moves,current_state|modernization|dependency|gap|recommendation,unsupported_fact|cross_tenant_claim|claim_beyond_source_confidence,none,2026-06-28T00:00:00Z,2026-06-29T14:49:49.881Z,first-capital-financial-application_system-4,AWS landing zone (data + analytics),Credit workflow,Data Platform & AI Engineering,High,Rationalize,VDR-00263,6200000,Loan Origination integrates with Treasury and Core Banking,Credit workflow master data; operational events; identity and control evidence,"Relevant for AI only when data quality, workflow adoption, and control evidence are proven"
first-capital,Financial Services Demo,v6.0,application_system,first-capital-financial-application_system-5,Azure tenant (productivity + Copilot),v4_synthetic_pack,Channels & Digital Engineering,synthetic_demo,family-2-technology-estate/F07_infrastructure-cloud.csv,5,2026-06-18,2026-01-01,2026-06-18,static_snapshot,medium,synthetic_demo,confidential,Home|Intelligence|Tower|Moves,current_state|modernization|dependency|gap|recommendation,unsupported_fact|cross_tenant_claim|claim_beyond_source_confidence,none,2026-06-28T00:00:00Z,2026-06-29T14:49:49.881Z,first-capital-financial-application_system-5,Azure tenant (productivity + Copilot),Liquidity management,Channels & Digital Engineering,Medium,Scale,VDR-00264,2900000,Treasury integrates with Core Banking and Payments Hub,Liquidity management master data; operational events; identity and control evidence,"Relevant for AI only when data quality, workflow adoption, and control evidence are proven"
first-capital,Financial Services Demo,v6.0,application_system,first-capital-financial-application_system-6,Cards processing datacenter,v4_synthetic_pack,Cards & Payments Technology,synthetic_demo,family-2-technology-estate/F07_infrastructure-cloud.csv,6,2026-06-18,2026-01-01,2026-06-18,static_snapshot,medium,synthetic_demo,confidential,Home|Intelligence|Tower|Moves,current_state|modernization|dependency|gap|recommendation,unsupported_fact|cross_tenant_claim|claim_beyond_source_confidence,none,2026-06-28T00:00:00Z,2026-06-29T14:49:49.881Z,first-capital-financial-application_system-6,Cards processing datacenter,Client servicing,Cards & Payments Technology,High,Modernize,VDR-00265,4100000,Core Banking integrates with Payments Hub and Wealth CRM,Client servicing master data; operational events; identity and control evidence,"Relevant for AI only when data quality, workflow adoption, and control evidence are proven"
first-capital,Financial Services Demo,v6.0,application_system,first-capital-financial-application_system-7,Payments rail gateway cluster,v4_synthetic_pack,Integration & API Platform,synthetic_demo,family-2-technology-estate/F07_infrastructure-cloud.csv,7,2026-06-18,2026-01-01,2026-06-18,static_snapshot,medium,synthetic_demo,confidential,Home|Intelligence|Tower|Moves,current_state|modernization|dependency|gap|recommendation,unsupported_fact|cross_tenant_claim|claim_beyond_source_confidence,none,2026-06-28T00:00:00Z,2026-06-29T14:49:49.881Z,first-capital-financial-application_system-7,Payments rail gateway cluster,Payments,Integration & API Platform,High,Run,VDR-00266,2300000,Payments Hub integrates with Wealth CRM and Risk Analytics,Payments master data; operational events; identity and control evidence,"Relevant for AI only when data quality, workflow adoption, and control evidence are proven"
first-capital,Financial Services Demo,v6.0,application_system,first-capital-financial-application_system-8,Risk & quant grid,v4_synthetic_pack,"Risk, Treasury & Finance Systems",synthetic_demo,family-2-technology-estate/F07_infrastructure-cloud.csv,8,2026-06-18,2026-01-01,2026-06-18,static_snapshot,medium,synthetic_demo,confidential,Home|Intelligence|Tower|Moves,current_state|modernization|dependency|gap|recommendation,unsupported_fact|cross_tenant_claim|claim_beyond_source_confidence,none,2026-06-28T00:00:00Z,2026-06-29T14:49:49.881Z,first-capital-financial-application_system-8,Risk & quant grid,Advisor productivity,"Risk, Treasury & Finance Systems",Medium,Rationalize,VDR-00267,3100000,Wealth CRM integrates with Risk Analytics and Loan Origination,Advisor productivity master data; operational events; identity and control evidence,"Relevant for AI only when data quality, workflow adoption, and control evidence are proven"
first-capital,Financial Services Demo,v6.0,application_system,first-capital-financial-application_system-9,AML/fraud real-time scoring cluster,v4_synthetic_pack,Financial Crimes Technology,synthetic_demo,family-2-technology-estate/F07_infrastructure-cloud.csv,9,2026-06-18,2026-01-01,2026-06-18,static_snapshot,medium,synthetic_demo,confidential,Home|Intelligence|Tower|Moves,current_state|modernization|dependency|gap|recommendation,unsupported_fact|cross_tenant_claim|claim_beyond_source_confidence,none,2026-06-28T00:00:00Z,2026-06-29T14:49:49.881Z,first-capital-financial-application_system-9,AML/fraud real-time scoring cluster,Risk management,Financial Crimes Technology,High,Scale,VDR-00268,2700000,Risk Analytics integrates with Loan Origination and Treasury,Risk management master data; operational events; identity and control evidence,"Relevant for AI only when data quality, workflow adoption, and control evidence are proven"
first-capital,Financial Services Demo,v6.0,application_system,first-capital-financial-application_system-10,Enterprise network backbone,v4_synthetic_pack,Cloud & Infrastructure,synthetic_demo,family-2-technology-estate/F07_infrastructure-cloud.csv,10,2026-06-18,2026-01-01,2026-06-18,static_snapshot,medium,synthetic_demo,confidential,Home|Intelligence|Tower|Moves,current_state|modernization|dependency|gap|recommendation,unsupported_fact|cross_tenant_claim|claim_beyond_source_confidence,none,2026-06-28T00:00:00Z,2026-06-29T14:49:49.881Z,first-capital-financial-application_system-10,Enterprise network backbone,Credit workflow,Cloud & Infrastructure,High,Modernize,VDR-00269,3800000,Loan Origination integrates with Treasury and Core Banking,Credit workflow master data; operational events; identity and control evidence,"Relevant for AI only when data quality, workflow adoption, and control evidence are proven"
first-capital,Financial Services Demo,v6.0,application_system,first-capital-financial-application_system-11,ServiceNow / observability stack,v4_synthetic_pack,ServiceNow & IT Operations,synthetic_demo,family-2-technology-estate/F07_infrastructure-cloud.csv,11,2026-06-18,2026-01-01,2026-06-18,static_snapshot,medium,synthetic_demo,confidential,Home|Intelligence|Tower|Moves,current_state|modernization|dependency|gap|recommendation,unsupported_fact|cross_tenant_claim|claim_beyond_source_confidence,none,2026-06-28T00:00:00Z,2026-06-29T14:49:49.881Z,first-capital-financial-application_system-11,ServiceNow / observability stack,Liquidity management,ServiceNow & IT Operations,Medium,Run,VDR-00270,1600000,Treasury integrates with Core Banking and Payments Hub,Liquidity management master data; operational events; identity and control evidence,"Relevant for AI only when data quality, workflow adoption, and control evidence are proven"
first-capital,Financial Services Demo,v6.0,application_system,first-capital-financial-application_system-12,Snowflake finance mart,v4_synthetic_pack,"Risk, Treasury & Finance Systems",synthetic_demo,family-2-technology-estate/F07_infrastructure-cloud.csv,12,2026-06-18,2026-01-01,2026-06-18,static_snapshot,medium,synthetic_demo,confidential,Home|Intelligence|Tower|Moves,current_state|modernization|dependency|gap|recommendation,unsupported_fact|cross_tenant_claim|claim_beyond_source_confidence,none,2026-06-28T00:00:00Z,2026-06-29T14:49:49.881Z,first-capital-financial-application_system-12,Snowflake finance mart,Client servicing,"Risk, Treasury & Finance Systems",High,Rationalize,VDR-00271,1900000,Core Banking integrates with Payments Hub and Wealth CRM,Client servicing master data; operational events; identity and control evidence,"Relevant for AI only when data quality, workflow adoption, and control evidence are proven"
first-capital,Financial Services Demo,v6.0,application_system,first-capital-financial-application_system-13,Cyber security operations platform,v4_synthetic_pack,"Cyber, Privacy & Resilience",synthetic_demo,family-2-technology-estate/F07_infrastructure-cloud.csv,13,2026-06-18,2026-01-01,2026-06-18,static_snapshot,medium,synthetic_demo,confidential,Home|Intelligence|Tower|Moves,current_state|modernization|dependency|gap|recommendation,unsupported_fact|cross_tenant_claim|claim_beyond_source_confidence,none,2026-06-28T00:00:00Z,2026-06-29T14:49:49.881Z,first-capital-financial-application_system-13,Cyber security operations platform,Payments,"Cyber, Privacy & Resilience",High,Scale,VDR-00272,4400000,Payments Hub integrates with Wealth CRM and Risk Analytics,Payments master data; operational events; identity and control evidence,"Relevant for AI only when data quality, workflow adoption, and control evidence are proven"
