eligibility_code,provider_class_code,provider_class_name,location_code,location_name,shore_category,role_delivery_group,eligibility,requires_manual_review,source_artifact,status,version,notes
ELIG-AI-B-LOC-ATLANTA-ARCHITECTURE-SECURITY,AI-B,AI-B,LOC-ATLANTA,Atlanta,onshore,architecture_security,eligible,false,hand-authored-global-pricing-extension,active,1.0.0,Explicit provider/location/role eligibility contract used before materializing rates.
ELIG-AI-B-LOC-ATLANTA-COMMODITY-DELIVERY,AI-B,AI-B,LOC-ATLANTA,Atlanta,onshore,commodity_delivery,eligible,false,hand-authored-global-pricing-extension,active,1.0.0,Explicit provider/location/role eligibility contract used before materializing rates.
ELIG-AI-B-LOC-ATLANTA-EXECUTIVE-ADVISORY,AI-B,AI-B,LOC-ATLANTA,Atlanta,onshore,executive_advisory,not_eligible,false,hand-authored-global-pricing-extension,active,1.0.0,Explicit provider/location/role eligibility contract used before materializing rates.
ELIG-AI-B-LOC-ATLANTA-PLATFORM-DELIVERY,AI-B,AI-B,LOC-ATLANTA,Atlanta,onshore,platform_delivery,eligible,false,hand-authored-global-pricing-extension,active,1.0.0,Explicit provider/location/role eligibility contract used before materializing rates.
ELIG-AI-B-LOC-ATLANTA-REGULATED-DOMAIN,AI-B,AI-B,LOC-ATLANTA,Atlanta,onshore,regulated_domain,eligible,false,hand-authored-global-pricing-extension,active,1.0.0,Explicit provider/location/role eligibility contract used before materializing rates.
ELIG-AI-B-LOC-AUSTRALIA-ARCHITECTURE-SECURITY,AI-B,AI-B,LOC-AUSTRALIA,Australia,onshore,architecture_security,eligible,false,hand-authored-global-pricing-extension,active,1.0.0,Explicit provider/location/role eligibility contract used before materializing rates.
ELIG-AI-B-LOC-AUSTRALIA-COMMODITY-DELIVERY,AI-B,AI-B,LOC-AUSTRALIA,Australia,onshore,commodity_delivery,eligible,false,hand-authored-global-pricing-extension,active,1.0.0,Explicit provider/location/role eligibility contract used before materializing rates.
ELIG-AI-B-LOC-AUSTRALIA-EXECUTIVE-ADVISORY,AI-B,AI-B,LOC-AUSTRALIA,Australia,onshore,executive_advisory,not_eligible,false,hand-authored-global-pricing-extension,active,1.0.0,Explicit provider/location/role eligibility contract used before materializing rates.
ELIG-AI-B-LOC-AUSTRALIA-PLATFORM-DELIVERY,AI-B,AI-B,LOC-AUSTRALIA,Australia,onshore,platform_delivery,eligible,false,hand-authored-global-pricing-extension,active,1.0.0,Explicit provider/location/role eligibility contract used before materializing rates.
ELIG-AI-B-LOC-AUSTRALIA-REGULATED-DOMAIN,AI-B,AI-B,LOC-AUSTRALIA,Australia,onshore,regulated_domain,eligible,false,hand-authored-global-pricing-extension,active,1.0.0,Explicit provider/location/role eligibility contract used before materializing rates.
ELIG-AI-B-LOC-CANADA-ARCHITECTURE-SECURITY,AI-B,AI-B,LOC-CANADA,Canada,nearshore,architecture_security,conditional_review,true,hand-authored-global-pricing-extension,active,1.0.0,Explicit provider/location/role eligibility contract used before materializing rates.
ELIG-AI-B-LOC-CANADA-COMMODITY-DELIVERY,AI-B,AI-B,LOC-CANADA,Canada,nearshore,commodity_delivery,eligible,false,hand-authored-global-pricing-extension,active,1.0.0,Explicit provider/location/role eligibility contract used before materializing rates.
ELIG-AI-B-LOC-CANADA-EXECUTIVE-ADVISORY,AI-B,AI-B,LOC-CANADA,Canada,nearshore,executive_advisory,not_eligible,true,hand-authored-global-pricing-extension,active,1.0.0,Explicit provider/location/role eligibility contract used before materializing rates.
ELIG-AI-B-LOC-CANADA-PLATFORM-DELIVERY,AI-B,AI-B,LOC-CANADA,Canada,nearshore,platform_delivery,conditional_review,true,hand-authored-global-pricing-extension,active,1.0.0,Explicit provider/location/role eligibility contract used before materializing rates.
ELIG-AI-B-LOC-CANADA-REGULATED-DOMAIN,AI-B,AI-B,LOC-CANADA,Canada,nearshore,regulated_domain,conditional_review,true,hand-authored-global-pricing-extension,active,1.0.0,Explicit provider/location/role eligibility contract used before materializing rates.
ELIG-AI-B-LOC-CHICAGO-ARCHITECTURE-SECURITY,AI-B,AI-B,LOC-CHICAGO,Chicago,onshore,architecture_security,eligible,false,hand-authored-global-pricing-extension,active,1.0.0,Explicit provider/location/role eligibility contract used before materializing rates.
ELIG-AI-B-LOC-CHICAGO-COMMODITY-DELIVERY,AI-B,AI-B,LOC-CHICAGO,Chicago,onshore,commodity_delivery,eligible,false,hand-authored-global-pricing-extension,active,1.0.0,Explicit provider/location/role eligibility contract used before materializing rates.
ELIG-AI-B-LOC-CHICAGO-EXECUTIVE-ADVISORY,AI-B,AI-B,LOC-CHICAGO,Chicago,onshore,executive_advisory,not_eligible,false,hand-authored-global-pricing-extension,active,1.0.0,Explicit provider/location/role eligibility contract used before materializing rates.
ELIG-AI-B-LOC-CHICAGO-PLATFORM-DELIVERY,AI-B,AI-B,LOC-CHICAGO,Chicago,onshore,platform_delivery,eligible,false,hand-authored-global-pricing-extension,active,1.0.0,Explicit provider/location/role eligibility contract used before materializing rates.
ELIG-AI-B-LOC-CHICAGO-REGULATED-DOMAIN,AI-B,AI-B,LOC-CHICAGO,Chicago,onshore,regulated_domain,eligible,false,hand-authored-global-pricing-extension,active,1.0.0,Explicit provider/location/role eligibility contract used before materializing rates.
ELIG-AI-B-LOC-DALLAS-ARCHITECTURE-SECURITY,AI-B,AI-B,LOC-DALLAS,Dallas,onshore,architecture_security,eligible,false,hand-authored-global-pricing-extension,active,1.0.0,Explicit provider/location/role eligibility contract used before materializing rates.
ELIG-AI-B-LOC-DALLAS-COMMODITY-DELIVERY,AI-B,AI-B,LOC-DALLAS,Dallas,onshore,commodity_delivery,eligible,false,hand-authored-global-pricing-extension,active,1.0.0,Explicit provider/location/role eligibility contract used before materializing rates.
ELIG-AI-B-LOC-DALLAS-EXECUTIVE-ADVISORY,AI-B,AI-B,LOC-DALLAS,Dallas,onshore,executive_advisory,not_eligible,false,hand-authored-global-pricing-extension,active,1.0.0,Explicit provider/location/role eligibility contract used before materializing rates.
ELIG-AI-B-LOC-DALLAS-PLATFORM-DELIVERY,AI-B,AI-B,LOC-DALLAS,Dallas,onshore,platform_delivery,eligible,false,hand-authored-global-pricing-extension,active,1.0.0,Explicit provider/location/role eligibility contract used before materializing rates.
ELIG-AI-B-LOC-DALLAS-REGULATED-DOMAIN,AI-B,AI-B,LOC-DALLAS,Dallas,onshore,regulated_domain,eligible,false,hand-authored-global-pricing-extension,active,1.0.0,Explicit provider/location/role eligibility contract used before materializing rates.
ELIG-AI-B-LOC-EASTERN-EUROPE-ARCHITECTURE-SECURITY,AI-B,AI-B,LOC-EASTERN-EUROPE,Eastern Europe,nearshore,architecture_security,conditional_review,true,hand-authored-global-pricing-extension,active,1.0.0,Explicit provider/location/role eligibility contract used before materializing rates.
ELIG-AI-B-LOC-EASTERN-EUROPE-COMMODITY-DELIVERY,AI-B,AI-B,LOC-EASTERN-EUROPE,Eastern Europe,nearshore,commodity_delivery,eligible,false,hand-authored-global-pricing-extension,active,1.0.0,Explicit provider/location/role eligibility contract used before materializing rates.
ELIG-AI-B-LOC-EASTERN-EUROPE-EXECUTIVE-ADVISORY,AI-B,AI-B,LOC-EASTERN-EUROPE,Eastern Europe,nearshore,executive_advisory,not_eligible,true,hand-authored-global-pricing-extension,active,1.0.0,Explicit provider/location/role eligibility contract used before materializing rates.
ELIG-AI-B-LOC-EASTERN-EUROPE-PLATFORM-DELIVERY,AI-B,AI-B,LOC-EASTERN-EUROPE,Eastern Europe,nearshore,platform_delivery,conditional_review,true,hand-authored-global-pricing-extension,active,1.0.0,Explicit provider/location/role eligibility contract used before materializing rates.
ELIG-AI-B-LOC-EASTERN-EUROPE-REGULATED-DOMAIN,AI-B,AI-B,LOC-EASTERN-EUROPE,Eastern Europe,nearshore,regulated_domain,conditional_review,true,hand-authored-global-pricing-extension,active,1.0.0,Explicit provider/location/role eligibility contract used before materializing rates.
ELIG-AI-B-LOC-HOUSTON-ARCHITECTURE-SECURITY,AI-B,AI-B,LOC-HOUSTON,Houston,onshore,architecture_security,eligible,false,hand-authored-global-pricing-extension,active,1.0.0,Explicit provider/location/role eligibility contract used before materializing rates.
ELIG-AI-B-LOC-HOUSTON-COMMODITY-DELIVERY,AI-B,AI-B,LOC-HOUSTON,Houston,onshore,commodity_delivery,eligible,false,hand-authored-global-pricing-extension,active,1.0.0,Explicit provider/location/role eligibility contract used before materializing rates.
ELIG-AI-B-LOC-HOUSTON-EXECUTIVE-ADVISORY,AI-B,AI-B,LOC-HOUSTON,Houston,onshore,executive_advisory,not_eligible,false,hand-authored-global-pricing-extension,active,1.0.0,Explicit provider/location/role eligibility contract used before materializing rates.
ELIG-AI-B-LOC-HOUSTON-PLATFORM-DELIVERY,AI-B,AI-B,LOC-HOUSTON,Houston,onshore,platform_delivery,eligible,false,hand-authored-global-pricing-extension,active,1.0.0,Explicit provider/location/role eligibility contract used before materializing rates.
ELIG-AI-B-LOC-HOUSTON-REGULATED-DOMAIN,AI-B,AI-B,LOC-HOUSTON,Houston,onshore,regulated_domain,eligible,false,hand-authored-global-pricing-extension,active,1.0.0,Explicit provider/location/role eligibility contract used before materializing rates.
ELIG-AI-B-LOC-INDIA-TIER-1-ARCHITECTURE-SECURITY,AI-B,AI-B,LOC-INDIA-TIER-1,India Tier 1,offshore,architecture_security,not_eligible,false,hand-authored-global-pricing-extension,active,1.0.0,Explicit provider/location/role eligibility contract used before materializing rates.
ELIG-AI-B-LOC-INDIA-TIER-1-COMMODITY-DELIVERY,AI-B,AI-B,LOC-INDIA-TIER-1,India Tier 1,offshore,commodity_delivery,eligible,false,hand-authored-global-pricing-extension,active,1.0.0,Explicit provider/location/role eligibility contract used before materializing rates.
ELIG-AI-B-LOC-INDIA-TIER-1-EXECUTIVE-ADVISORY,AI-B,AI-B,LOC-INDIA-TIER-1,India Tier 1,offshore,executive_advisory,not_eligible,false,hand-authored-global-pricing-extension,active,1.0.0,Explicit provider/location/role eligibility contract used before materializing rates.
ELIG-AI-B-LOC-INDIA-TIER-1-PLATFORM-DELIVERY,AI-B,AI-B,LOC-INDIA-TIER-1,India Tier 1,offshore,platform_delivery,conditional_review,true,hand-authored-global-pricing-extension,active,1.0.0,Explicit provider/location/role eligibility contract used before materializing rates.
ELIG-AI-B-LOC-INDIA-TIER-1-REGULATED-DOMAIN,AI-B,AI-B,LOC-INDIA-TIER-1,India Tier 1,offshore,regulated_domain,not_eligible,false,hand-authored-global-pricing-extension,active,1.0.0,Explicit provider/location/role eligibility contract used before materializing rates.
ELIG-AI-B-LOC-INDIA-TIER-2-ARCHITECTURE-SECURITY,AI-B,AI-B,LOC-INDIA-TIER-2,India Tier 2,offshore,architecture_security,not_eligible,false,hand-authored-global-pricing-extension,active,1.0.0,Explicit provider/location/role eligibility contract used before materializing rates.
ELIG-AI-B-LOC-INDIA-TIER-2-COMMODITY-DELIVERY,AI-B,AI-B,LOC-INDIA-TIER-2,India Tier 2,offshore,commodity_delivery,eligible,false,hand-authored-global-pricing-extension,active,1.0.0,Explicit provider/location/role eligibility contract used before materializing rates.
ELIG-AI-B-LOC-INDIA-TIER-2-EXECUTIVE-ADVISORY,AI-B,AI-B,LOC-INDIA-TIER-2,India Tier 2,offshore,executive_advisory,not_eligible,false,hand-authored-global-pricing-extension,active,1.0.0,Explicit provider/location/role eligibility contract used before materializing rates.
ELIG-AI-B-LOC-INDIA-TIER-2-PLATFORM-DELIVERY,AI-B,AI-B,LOC-INDIA-TIER-2,India Tier 2,offshore,platform_delivery,conditional_review,true,hand-authored-global-pricing-extension,active,1.0.0,Explicit provider/location/role eligibility contract used before materializing rates.
ELIG-AI-B-LOC-INDIA-TIER-2-REGULATED-DOMAIN,AI-B,AI-B,LOC-INDIA-TIER-2,India Tier 2,offshore,regulated_domain,not_eligible,false,hand-authored-global-pricing-extension,active,1.0.0,Explicit provider/location/role eligibility contract used before materializing rates.
ELIG-AI-B-LOC-LATAM-ARCHITECTURE-SECURITY,AI-B,AI-B,LOC-LATAM,LATAM,nearshore,architecture_security,conditional_review,true,hand-authored-global-pricing-extension,active,1.0.0,Explicit provider/location/role eligibility contract used before materializing rates.
ELIG-AI-B-LOC-LATAM-COMMODITY-DELIVERY,AI-B,AI-B,LOC-LATAM,LATAM,nearshore,commodity_delivery,eligible,false,hand-authored-global-pricing-extension,active,1.0.0,Explicit provider/location/role eligibility contract used before materializing rates.
ELIG-AI-B-LOC-LATAM-EXECUTIVE-ADVISORY,AI-B,AI-B,LOC-LATAM,LATAM,nearshore,executive_advisory,not_eligible,true,hand-authored-global-pricing-extension,active,1.0.0,Explicit provider/location/role eligibility contract used before materializing rates.
ELIG-AI-B-LOC-LATAM-PLATFORM-DELIVERY,AI-B,AI-B,LOC-LATAM,LATAM,nearshore,platform_delivery,conditional_review,true,hand-authored-global-pricing-extension,active,1.0.0,Explicit provider/location/role eligibility contract used before materializing rates.
ELIG-AI-B-LOC-LATAM-REGULATED-DOMAIN,AI-B,AI-B,LOC-LATAM,LATAM,nearshore,regulated_domain,conditional_review,true,hand-authored-global-pricing-extension,active,1.0.0,Explicit provider/location/role eligibility contract used before materializing rates.
ELIG-AI-B-LOC-MIDDLE-EAST-ARCHITECTURE-SECURITY,AI-B,AI-B,LOC-MIDDLE-EAST,Middle East,onshore,architecture_security,eligible,false,hand-authored-global-pricing-extension,active,1.0.0,Explicit provider/location/role eligibility contract used before materializing rates.
ELIG-AI-B-LOC-MIDDLE-EAST-COMMODITY-DELIVERY,AI-B,AI-B,LOC-MIDDLE-EAST,Middle East,onshore,commodity_delivery,eligible,false,hand-authored-global-pricing-extension,active,1.0.0,Explicit provider/location/role eligibility contract used before materializing rates.
ELIG-AI-B-LOC-MIDDLE-EAST-EXECUTIVE-ADVISORY,AI-B,AI-B,LOC-MIDDLE-EAST,Middle East,onshore,executive_advisory,not_eligible,false,hand-authored-global-pricing-extension,active,1.0.0,Explicit provider/location/role eligibility contract used before materializing rates.
ELIG-AI-B-LOC-MIDDLE-EAST-PLATFORM-DELIVERY,AI-B,AI-B,LOC-MIDDLE-EAST,Middle East,onshore,platform_delivery,eligible,false,hand-authored-global-pricing-extension,active,1.0.0,Explicit provider/location/role eligibility contract used before materializing rates.
ELIG-AI-B-LOC-MIDDLE-EAST-REGULATED-DOMAIN,AI-B,AI-B,LOC-MIDDLE-EAST,Middle East,onshore,regulated_domain,eligible,false,hand-authored-global-pricing-extension,active,1.0.0,Explicit provider/location/role eligibility contract used before materializing rates.
ELIG-AI-B-LOC-NYC-ARCHITECTURE-SECURITY,AI-B,AI-B,LOC-NYC,NYC,onshore,architecture_security,eligible,false,hand-authored-global-pricing-extension,active,1.0.0,Explicit provider/location/role eligibility contract used before materializing rates.
ELIG-AI-B-LOC-NYC-COMMODITY-DELIVERY,AI-B,AI-B,LOC-NYC,NYC,onshore,commodity_delivery,eligible,false,hand-authored-global-pricing-extension,active,1.0.0,Explicit provider/location/role eligibility contract used before materializing rates.
ELIG-AI-B-LOC-NYC-EXECUTIVE-ADVISORY,AI-B,AI-B,LOC-NYC,NYC,onshore,executive_advisory,not_eligible,false,hand-authored-global-pricing-extension,active,1.0.0,Explicit provider/location/role eligibility contract used before materializing rates.
ELIG-AI-B-LOC-NYC-PLATFORM-DELIVERY,AI-B,AI-B,LOC-NYC,NYC,onshore,platform_delivery,eligible,false,hand-authored-global-pricing-extension,active,1.0.0,Explicit provider/location/role eligibility contract used before materializing rates.
ELIG-AI-B-LOC-NYC-REGULATED-DOMAIN,AI-B,AI-B,LOC-NYC,NYC,onshore,regulated_domain,eligible,false,hand-authored-global-pricing-extension,active,1.0.0,Explicit provider/location/role eligibility contract used before materializing rates.
ELIG-AI-B-LOC-PHILIPPINES-ARCHITECTURE-SECURITY,AI-B,AI-B,LOC-PHILIPPINES,Philippines,offshore,architecture_security,not_eligible,false,hand-authored-global-pricing-extension,active,1.0.0,Explicit provider/location/role eligibility contract used before materializing rates.
ELIG-AI-B-LOC-PHILIPPINES-COMMODITY-DELIVERY,AI-B,AI-B,LOC-PHILIPPINES,Philippines,offshore,commodity_delivery,eligible,false,hand-authored-global-pricing-extension,active,1.0.0,Explicit provider/location/role eligibility contract used before materializing rates.
ELIG-AI-B-LOC-PHILIPPINES-EXECUTIVE-ADVISORY,AI-B,AI-B,LOC-PHILIPPINES,Philippines,offshore,executive_advisory,not_eligible,false,hand-authored-global-pricing-extension,active,1.0.0,Explicit provider/location/role eligibility contract used before materializing rates.
ELIG-AI-B-LOC-PHILIPPINES-PLATFORM-DELIVERY,AI-B,AI-B,LOC-PHILIPPINES,Philippines,offshore,platform_delivery,conditional_review,true,hand-authored-global-pricing-extension,active,1.0.0,Explicit provider/location/role eligibility contract used before materializing rates.
ELIG-AI-B-LOC-PHILIPPINES-REGULATED-DOMAIN,AI-B,AI-B,LOC-PHILIPPINES,Philippines,offshore,regulated_domain,not_eligible,false,hand-authored-global-pricing-extension,active,1.0.0,Explicit provider/location/role eligibility contract used before materializing rates.
ELIG-AI-B-LOC-SEATTLE-ARCHITECTURE-SECURITY,AI-B,AI-B,LOC-SEATTLE,Seattle,onshore,architecture_security,eligible,false,hand-authored-global-pricing-extension,active,1.0.0,Explicit provider/location/role eligibility contract used before materializing rates.
ELIG-AI-B-LOC-SEATTLE-COMMODITY-DELIVERY,AI-B,AI-B,LOC-SEATTLE,Seattle,onshore,commodity_delivery,eligible,false,hand-authored-global-pricing-extension,active,1.0.0,Explicit provider/location/role eligibility contract used before materializing rates.
ELIG-AI-B-LOC-SEATTLE-EXECUTIVE-ADVISORY,AI-B,AI-B,LOC-SEATTLE,Seattle,onshore,executive_advisory,not_eligible,false,hand-authored-global-pricing-extension,active,1.0.0,Explicit provider/location/role eligibility contract used before materializing rates.
ELIG-AI-B-LOC-SEATTLE-PLATFORM-DELIVERY,AI-B,AI-B,LOC-SEATTLE,Seattle,onshore,platform_delivery,eligible,false,hand-authored-global-pricing-extension,active,1.0.0,Explicit provider/location/role eligibility contract used before materializing rates.
ELIG-AI-B-LOC-SEATTLE-REGULATED-DOMAIN,AI-B,AI-B,LOC-SEATTLE,Seattle,onshore,regulated_domain,eligible,false,hand-authored-global-pricing-extension,active,1.0.0,Explicit provider/location/role eligibility contract used before materializing rates.
ELIG-AI-B-LOC-SF-BAY-AREA-ARCHITECTURE-SECURITY,AI-B,AI-B,LOC-SF-BAY-AREA,SF / Bay Area,onshore,architecture_security,eligible,false,hand-authored-global-pricing-extension,active,1.0.0,Explicit provider/location/role eligibility contract used before materializing rates.
ELIG-AI-B-LOC-SF-BAY-AREA-COMMODITY-DELIVERY,AI-B,AI-B,LOC-SF-BAY-AREA,SF / Bay Area,onshore,commodity_delivery,eligible,false,hand-authored-global-pricing-extension,active,1.0.0,Explicit provider/location/role eligibility contract used before materializing rates.
ELIG-AI-B-LOC-SF-BAY-AREA-EXECUTIVE-ADVISORY,AI-B,AI-B,LOC-SF-BAY-AREA,SF / Bay Area,onshore,executive_advisory,not_eligible,false,hand-authored-global-pricing-extension,active,1.0.0,Explicit provider/location/role eligibility contract used before materializing rates.
ELIG-AI-B-LOC-SF-BAY-AREA-PLATFORM-DELIVERY,AI-B,AI-B,LOC-SF-BAY-AREA,SF / Bay Area,onshore,platform_delivery,eligible,false,hand-authored-global-pricing-extension,active,1.0.0,Explicit provider/location/role eligibility contract used before materializing rates.
ELIG-AI-B-LOC-SF-BAY-AREA-REGULATED-DOMAIN,AI-B,AI-B,LOC-SF-BAY-AREA,SF / Bay Area,onshore,regulated_domain,eligible,false,hand-authored-global-pricing-extension,active,1.0.0,Explicit provider/location/role eligibility contract used before materializing rates.
ELIG-AI-B-LOC-UK-ARCHITECTURE-SECURITY,AI-B,AI-B,LOC-UK,UK,onshore,architecture_security,eligible,false,hand-authored-global-pricing-extension,active,1.0.0,Explicit provider/location/role eligibility contract used before materializing rates.
ELIG-AI-B-LOC-UK-COMMODITY-DELIVERY,AI-B,AI-B,LOC-UK,UK,onshore,commodity_delivery,eligible,false,hand-authored-global-pricing-extension,active,1.0.0,Explicit provider/location/role eligibility contract used before materializing rates.
ELIG-AI-B-LOC-UK-EXECUTIVE-ADVISORY,AI-B,AI-B,LOC-UK,UK,onshore,executive_advisory,not_eligible,false,hand-authored-global-pricing-extension,active,1.0.0,Explicit provider/location/role eligibility contract used before materializing rates.
ELIG-AI-B-LOC-UK-PLATFORM-DELIVERY,AI-B,AI-B,LOC-UK,UK,onshore,platform_delivery,eligible,false,hand-authored-global-pricing-extension,active,1.0.0,Explicit provider/location/role eligibility contract used before materializing rates.
ELIG-AI-B-LOC-UK-REGULATED-DOMAIN,AI-B,AI-B,LOC-UK,UK,onshore,regulated_domain,eligible,false,hand-authored-global-pricing-extension,active,1.0.0,Explicit provider/location/role eligibility contract used before materializing rates.
ELIG-AI-B-LOC-WESTERN-EUROPE-ARCHITECTURE-SECURITY,AI-B,AI-B,LOC-WESTERN-EUROPE,Western Europe,onshore,architecture_security,eligible,false,hand-authored-global-pricing-extension,active,1.0.0,Explicit provider/location/role eligibility contract used before materializing rates.
ELIG-AI-B-LOC-WESTERN-EUROPE-COMMODITY-DELIVERY,AI-B,AI-B,LOC-WESTERN-EUROPE,Western Europe,onshore,commodity_delivery,eligible,false,hand-authored-global-pricing-extension,active,1.0.0,Explicit provider/location/role eligibility contract used before materializing rates.
ELIG-AI-B-LOC-WESTERN-EUROPE-EXECUTIVE-ADVISORY,AI-B,AI-B,LOC-WESTERN-EUROPE,Western Europe,onshore,executive_advisory,not_eligible,false,hand-authored-global-pricing-extension,active,1.0.0,Explicit provider/location/role eligibility contract used before materializing rates.
ELIG-AI-B-LOC-WESTERN-EUROPE-PLATFORM-DELIVERY,AI-B,AI-B,LOC-WESTERN-EUROPE,Western Europe,onshore,platform_delivery,eligible,false,hand-authored-global-pricing-extension,active,1.0.0,Explicit provider/location/role eligibility contract used before materializing rates.
ELIG-AI-B-LOC-WESTERN-EUROPE-REGULATED-DOMAIN,AI-B,AI-B,LOC-WESTERN-EUROPE,Western Europe,onshore,regulated_domain,eligible,false,hand-authored-global-pricing-extension,active,1.0.0,Explicit provider/location/role eligibility contract used before materializing rates.
ELIG-CONS-T1-LOC-ATLANTA-ARCHITECTURE-SECURITY,CONS-T1,CONS-T1,LOC-ATLANTA,Atlanta,onshore,architecture_security,eligible,false,hand-authored-global-pricing-extension,active,1.0.0,Explicit provider/location/role eligibility contract used before materializing rates.
ELIG-CONS-T1-LOC-ATLANTA-COMMODITY-DELIVERY,CONS-T1,CONS-T1,LOC-ATLANTA,Atlanta,onshore,commodity_delivery,eligible,false,hand-authored-global-pricing-extension,active,1.0.0,Explicit provider/location/role eligibility contract used before materializing rates.
ELIG-CONS-T1-LOC-ATLANTA-EXECUTIVE-ADVISORY,CONS-T1,CONS-T1,LOC-ATLANTA,Atlanta,onshore,executive_advisory,eligible,false,hand-authored-global-pricing-extension,active,1.0.0,Explicit provider/location/role eligibility contract used before materializing rates.
ELIG-CONS-T1-LOC-ATLANTA-PLATFORM-DELIVERY,CONS-T1,CONS-T1,LOC-ATLANTA,Atlanta,onshore,platform_delivery,eligible,false,hand-authored-global-pricing-extension,active,1.0.0,Explicit provider/location/role eligibility contract used before materializing rates.
ELIG-CONS-T1-LOC-ATLANTA-REGULATED-DOMAIN,CONS-T1,CONS-T1,LOC-ATLANTA,Atlanta,onshore,regulated_domain,eligible,false,hand-authored-global-pricing-extension,active,1.0.0,Explicit provider/location/role eligibility contract used before materializing rates.
ELIG-CONS-T1-LOC-AUSTRALIA-ARCHITECTURE-SECURITY,CONS-T1,CONS-T1,LOC-AUSTRALIA,Australia,onshore,architecture_security,eligible,false,hand-authored-global-pricing-extension,active,1.0.0,Explicit provider/location/role eligibility contract used before materializing rates.
ELIG-CONS-T1-LOC-AUSTRALIA-COMMODITY-DELIVERY,CONS-T1,CONS-T1,LOC-AUSTRALIA,Australia,onshore,commodity_delivery,eligible,false,hand-authored-global-pricing-extension,active,1.0.0,Explicit provider/location/role eligibility contract used before materializing rates.
ELIG-CONS-T1-LOC-AUSTRALIA-EXECUTIVE-ADVISORY,CONS-T1,CONS-T1,LOC-AUSTRALIA,Australia,onshore,executive_advisory,eligible,false,hand-authored-global-pricing-extension,active,1.0.0,Explicit provider/location/role eligibility contract used before materializing rates.
ELIG-CONS-T1-LOC-AUSTRALIA-PLATFORM-DELIVERY,CONS-T1,CONS-T1,LOC-AUSTRALIA,Australia,onshore,platform_delivery,eligible,false,hand-authored-global-pricing-extension,active,1.0.0,Explicit provider/location/role eligibility contract used before materializing rates.
ELIG-CONS-T1-LOC-AUSTRALIA-REGULATED-DOMAIN,CONS-T1,CONS-T1,LOC-AUSTRALIA,Australia,onshore,regulated_domain,eligible,false,hand-authored-global-pricing-extension,active,1.0.0,Explicit provider/location/role eligibility contract used before materializing rates.
ELIG-CONS-T1-LOC-CANADA-ARCHITECTURE-SECURITY,CONS-T1,CONS-T1,LOC-CANADA,Canada,nearshore,architecture_security,not_eligible,true,hand-authored-global-pricing-extension,active,1.0.0,Explicit provider/location/role eligibility contract used before materializing rates.
ELIG-CONS-T1-LOC-CANADA-COMMODITY-DELIVERY,CONS-T1,CONS-T1,LOC-CANADA,Canada,nearshore,commodity_delivery,eligible,false,hand-authored-global-pricing-extension,active,1.0.0,Explicit provider/location/role eligibility contract used before materializing rates.
ELIG-CONS-T1-LOC-CANADA-EXECUTIVE-ADVISORY,CONS-T1,CONS-T1,LOC-CANADA,Canada,nearshore,executive_advisory,conditional_review,true,hand-authored-global-pricing-extension,active,1.0.0,Explicit provider/location/role eligibility contract used before materializing rates.
ELIG-CONS-T1-LOC-CANADA-PLATFORM-DELIVERY,CONS-T1,CONS-T1,LOC-CANADA,Canada,nearshore,platform_delivery,conditional_review,true,hand-authored-global-pricing-extension,active,1.0.0,Explicit provider/location/role eligibility contract used before materializing rates.
ELIG-CONS-T1-LOC-CANADA-REGULATED-DOMAIN,CONS-T1,CONS-T1,LOC-CANADA,Canada,nearshore,regulated_domain,not_eligible,true,hand-authored-global-pricing-extension,active,1.0.0,Explicit provider/location/role eligibility contract used before materializing rates.
ELIG-CONS-T1-LOC-CHICAGO-ARCHITECTURE-SECURITY,CONS-T1,CONS-T1,LOC-CHICAGO,Chicago,onshore,architecture_security,eligible,false,hand-authored-global-pricing-extension,active,1.0.0,Explicit provider/location/role eligibility contract used before materializing rates.
ELIG-CONS-T1-LOC-CHICAGO-COMMODITY-DELIVERY,CONS-T1,CONS-T1,LOC-CHICAGO,Chicago,onshore,commodity_delivery,eligible,false,hand-authored-global-pricing-extension,active,1.0.0,Explicit provider/location/role eligibility contract used before materializing rates.
ELIG-CONS-T1-LOC-CHICAGO-EXECUTIVE-ADVISORY,CONS-T1,CONS-T1,LOC-CHICAGO,Chicago,onshore,executive_advisory,eligible,false,hand-authored-global-pricing-extension,active,1.0.0,Explicit provider/location/role eligibility contract used before materializing rates.
ELIG-CONS-T1-LOC-CHICAGO-PLATFORM-DELIVERY,CONS-T1,CONS-T1,LOC-CHICAGO,Chicago,onshore,platform_delivery,eligible,false,hand-authored-global-pricing-extension,active,1.0.0,Explicit provider/location/role eligibility contract used before materializing rates.
ELIG-CONS-T1-LOC-CHICAGO-REGULATED-DOMAIN,CONS-T1,CONS-T1,LOC-CHICAGO,Chicago,onshore,regulated_domain,eligible,false,hand-authored-global-pricing-extension,active,1.0.0,Explicit provider/location/role eligibility contract used before materializing rates.
ELIG-CONS-T1-LOC-DALLAS-ARCHITECTURE-SECURITY,CONS-T1,CONS-T1,LOC-DALLAS,Dallas,onshore,architecture_security,eligible,false,hand-authored-global-pricing-extension,active,1.0.0,Explicit provider/location/role eligibility contract used before materializing rates.
ELIG-CONS-T1-LOC-DALLAS-COMMODITY-DELIVERY,CONS-T1,CONS-T1,LOC-DALLAS,Dallas,onshore,commodity_delivery,eligible,false,hand-authored-global-pricing-extension,active,1.0.0,Explicit provider/location/role eligibility contract used before materializing rates.
ELIG-CONS-T1-LOC-DALLAS-EXECUTIVE-ADVISORY,CONS-T1,CONS-T1,LOC-DALLAS,Dallas,onshore,executive_advisory,eligible,false,hand-authored-global-pricing-extension,active,1.0.0,Explicit provider/location/role eligibility contract used before materializing rates.
ELIG-CONS-T1-LOC-DALLAS-PLATFORM-DELIVERY,CONS-T1,CONS-T1,LOC-DALLAS,Dallas,onshore,platform_delivery,eligible,false,hand-authored-global-pricing-extension,active,1.0.0,Explicit provider/location/role eligibility contract used before materializing rates.
ELIG-CONS-T1-LOC-DALLAS-REGULATED-DOMAIN,CONS-T1,CONS-T1,LOC-DALLAS,Dallas,onshore,regulated_domain,eligible,false,hand-authored-global-pricing-extension,active,1.0.0,Explicit provider/location/role eligibility contract used before materializing rates.
ELIG-CONS-T1-LOC-EASTERN-EUROPE-ARCHITECTURE-SECURITY,CONS-T1,CONS-T1,LOC-EASTERN-EUROPE,Eastern Europe,nearshore,architecture_security,not_eligible,true,hand-authored-global-pricing-extension,active,1.0.0,Explicit provider/location/role eligibility contract used before materializing rates.
ELIG-CONS-T1-LOC-EASTERN-EUROPE-COMMODITY-DELIVERY,CONS-T1,CONS-T1,LOC-EASTERN-EUROPE,Eastern Europe,nearshore,commodity_delivery,eligible,false,hand-authored-global-pricing-extension,active,1.0.0,Explicit provider/location/role eligibility contract used before materializing rates.
ELIG-CONS-T1-LOC-EASTERN-EUROPE-EXECUTIVE-ADVISORY,CONS-T1,CONS-T1,LOC-EASTERN-EUROPE,Eastern Europe,nearshore,executive_advisory,conditional_review,true,hand-authored-global-pricing-extension,active,1.0.0,Explicit provider/location/role eligibility contract used before materializing rates.
ELIG-CONS-T1-LOC-EASTERN-EUROPE-PLATFORM-DELIVERY,CONS-T1,CONS-T1,LOC-EASTERN-EUROPE,Eastern Europe,nearshore,platform_delivery,conditional_review,true,hand-authored-global-pricing-extension,active,1.0.0,Explicit provider/location/role eligibility contract used before materializing rates.
ELIG-CONS-T1-LOC-EASTERN-EUROPE-REGULATED-DOMAIN,CONS-T1,CONS-T1,LOC-EASTERN-EUROPE,Eastern Europe,nearshore,regulated_domain,not_eligible,true,hand-authored-global-pricing-extension,active,1.0.0,Explicit provider/location/role eligibility contract used before materializing rates.
ELIG-CONS-T1-LOC-HOUSTON-ARCHITECTURE-SECURITY,CONS-T1,CONS-T1,LOC-HOUSTON,Houston,onshore,architecture_security,eligible,false,hand-authored-global-pricing-extension,active,1.0.0,Explicit provider/location/role eligibility contract used before materializing rates.
ELIG-CONS-T1-LOC-HOUSTON-COMMODITY-DELIVERY,CONS-T1,CONS-T1,LOC-HOUSTON,Houston,onshore,commodity_delivery,eligible,false,hand-authored-global-pricing-extension,active,1.0.0,Explicit provider/location/role eligibility contract used before materializing rates.
ELIG-CONS-T1-LOC-HOUSTON-EXECUTIVE-ADVISORY,CONS-T1,CONS-T1,LOC-HOUSTON,Houston,onshore,executive_advisory,eligible,false,hand-authored-global-pricing-extension,active,1.0.0,Explicit provider/location/role eligibility contract used before materializing rates.
ELIG-CONS-T1-LOC-HOUSTON-PLATFORM-DELIVERY,CONS-T1,CONS-T1,LOC-HOUSTON,Houston,onshore,platform_delivery,eligible,false,hand-authored-global-pricing-extension,active,1.0.0,Explicit provider/location/role eligibility contract used before materializing rates.
ELIG-CONS-T1-LOC-HOUSTON-REGULATED-DOMAIN,CONS-T1,CONS-T1,LOC-HOUSTON,Houston,onshore,regulated_domain,eligible,false,hand-authored-global-pricing-extension,active,1.0.0,Explicit provider/location/role eligibility contract used before materializing rates.
ELIG-CONS-T1-LOC-INDIA-TIER-1-ARCHITECTURE-SECURITY,CONS-T1,CONS-T1,LOC-INDIA-TIER-1,India Tier 1,offshore,architecture_security,not_eligible,false,hand-authored-global-pricing-extension,active,1.0.0,Explicit provider/location/role eligibility contract used before materializing rates.
ELIG-CONS-T1-LOC-INDIA-TIER-1-COMMODITY-DELIVERY,CONS-T1,CONS-T1,LOC-INDIA-TIER-1,India Tier 1,offshore,commodity_delivery,not_eligible,false,hand-authored-global-pricing-extension,active,1.0.0,Explicit provider/location/role eligibility contract used before materializing rates.
ELIG-CONS-T1-LOC-INDIA-TIER-1-EXECUTIVE-ADVISORY,CONS-T1,CONS-T1,LOC-INDIA-TIER-1,India Tier 1,offshore,executive_advisory,not_eligible,false,hand-authored-global-pricing-extension,active,1.0.0,Explicit provider/location/role eligibility contract used before materializing rates.
ELIG-CONS-T1-LOC-INDIA-TIER-1-PLATFORM-DELIVERY,CONS-T1,CONS-T1,LOC-INDIA-TIER-1,India Tier 1,offshore,platform_delivery,not_eligible,false,hand-authored-global-pricing-extension,active,1.0.0,Explicit provider/location/role eligibility contract used before materializing rates.
ELIG-CONS-T1-LOC-INDIA-TIER-1-REGULATED-DOMAIN,CONS-T1,CONS-T1,LOC-INDIA-TIER-1,India Tier 1,offshore,regulated_domain,not_eligible,false,hand-authored-global-pricing-extension,active,1.0.0,Explicit provider/location/role eligibility contract used before materializing rates.
ELIG-CONS-T1-LOC-INDIA-TIER-2-ARCHITECTURE-SECURITY,CONS-T1,CONS-T1,LOC-INDIA-TIER-2,India Tier 2,offshore,architecture_security,not_eligible,false,hand-authored-global-pricing-extension,active,1.0.0,Explicit provider/location/role eligibility contract used before materializing rates.
ELIG-CONS-T1-LOC-INDIA-TIER-2-COMMODITY-DELIVERY,CONS-T1,CONS-T1,LOC-INDIA-TIER-2,India Tier 2,offshore,commodity_delivery,not_eligible,false,hand-authored-global-pricing-extension,active,1.0.0,Explicit provider/location/role eligibility contract used before materializing rates.
ELIG-CONS-T1-LOC-INDIA-TIER-2-EXECUTIVE-ADVISORY,CONS-T1,CONS-T1,LOC-INDIA-TIER-2,India Tier 2,offshore,executive_advisory,not_eligible,false,hand-authored-global-pricing-extension,active,1.0.0,Explicit provider/location/role eligibility contract used before materializing rates.
ELIG-CONS-T1-LOC-INDIA-TIER-2-PLATFORM-DELIVERY,CONS-T1,CONS-T1,LOC-INDIA-TIER-2,India Tier 2,offshore,platform_delivery,not_eligible,false,hand-authored-global-pricing-extension,active,1.0.0,Explicit provider/location/role eligibility contract used before materializing rates.
ELIG-CONS-T1-LOC-INDIA-TIER-2-REGULATED-DOMAIN,CONS-T1,CONS-T1,LOC-INDIA-TIER-2,India Tier 2,offshore,regulated_domain,not_eligible,false,hand-authored-global-pricing-extension,active,1.0.0,Explicit provider/location/role eligibility contract used before materializing rates.
ELIG-CONS-T1-LOC-LATAM-ARCHITECTURE-SECURITY,CONS-T1,CONS-T1,LOC-LATAM,LATAM,nearshore,architecture_security,not_eligible,true,hand-authored-global-pricing-extension,active,1.0.0,Explicit provider/location/role eligibility contract used before materializing rates.
ELIG-CONS-T1-LOC-LATAM-COMMODITY-DELIVERY,CONS-T1,CONS-T1,LOC-LATAM,LATAM,nearshore,commodity_delivery,eligible,false,hand-authored-global-pricing-extension,active,1.0.0,Explicit provider/location/role eligibility contract used before materializing rates.
ELIG-CONS-T1-LOC-LATAM-EXECUTIVE-ADVISORY,CONS-T1,CONS-T1,LOC-LATAM,LATAM,nearshore,executive_advisory,conditional_review,true,hand-authored-global-pricing-extension,active,1.0.0,Explicit provider/location/role eligibility contract used before materializing rates.
ELIG-CONS-T1-LOC-LATAM-PLATFORM-DELIVERY,CONS-T1,CONS-T1,LOC-LATAM,LATAM,nearshore,platform_delivery,conditional_review,true,hand-authored-global-pricing-extension,active,1.0.0,Explicit provider/location/role eligibility contract used before materializing rates.
ELIG-CONS-T1-LOC-LATAM-REGULATED-DOMAIN,CONS-T1,CONS-T1,LOC-LATAM,LATAM,nearshore,regulated_domain,not_eligible,true,hand-authored-global-pricing-extension,active,1.0.0,Explicit provider/location/role eligibility contract used before materializing rates.
ELIG-CONS-T1-LOC-MIDDLE-EAST-ARCHITECTURE-SECURITY,CONS-T1,CONS-T1,LOC-MIDDLE-EAST,Middle East,onshore,architecture_security,eligible,false,hand-authored-global-pricing-extension,active,1.0.0,Explicit provider/location/role eligibility contract used before materializing rates.
ELIG-CONS-T1-LOC-MIDDLE-EAST-COMMODITY-DELIVERY,CONS-T1,CONS-T1,LOC-MIDDLE-EAST,Middle East,onshore,commodity_delivery,eligible,false,hand-authored-global-pricing-extension,active,1.0.0,Explicit provider/location/role eligibility contract used before materializing rates.
ELIG-CONS-T1-LOC-MIDDLE-EAST-EXECUTIVE-ADVISORY,CONS-T1,CONS-T1,LOC-MIDDLE-EAST,Middle East,onshore,executive_advisory,eligible,false,hand-authored-global-pricing-extension,active,1.0.0,Explicit provider/location/role eligibility contract used before materializing rates.
ELIG-CONS-T1-LOC-MIDDLE-EAST-PLATFORM-DELIVERY,CONS-T1,CONS-T1,LOC-MIDDLE-EAST,Middle East,onshore,platform_delivery,eligible,false,hand-authored-global-pricing-extension,active,1.0.0,Explicit provider/location/role eligibility contract used before materializing rates.
ELIG-CONS-T1-LOC-MIDDLE-EAST-REGULATED-DOMAIN,CONS-T1,CONS-T1,LOC-MIDDLE-EAST,Middle East,onshore,regulated_domain,eligible,false,hand-authored-global-pricing-extension,active,1.0.0,Explicit provider/location/role eligibility contract used before materializing rates.
ELIG-CONS-T1-LOC-NYC-ARCHITECTURE-SECURITY,CONS-T1,CONS-T1,LOC-NYC,NYC,onshore,architecture_security,eligible,false,hand-authored-global-pricing-extension,active,1.0.0,Explicit provider/location/role eligibility contract used before materializing rates.
ELIG-CONS-T1-LOC-NYC-COMMODITY-DELIVERY,CONS-T1,CONS-T1,LOC-NYC,NYC,onshore,commodity_delivery,eligible,false,hand-authored-global-pricing-extension,active,1.0.0,Explicit provider/location/role eligibility contract used before materializing rates.
ELIG-CONS-T1-LOC-NYC-EXECUTIVE-ADVISORY,CONS-T1,CONS-T1,LOC-NYC,NYC,onshore,executive_advisory,eligible,false,hand-authored-global-pricing-extension,active,1.0.0,Explicit provider/location/role eligibility contract used before materializing rates.
ELIG-CONS-T1-LOC-NYC-PLATFORM-DELIVERY,CONS-T1,CONS-T1,LOC-NYC,NYC,onshore,platform_delivery,eligible,false,hand-authored-global-pricing-extension,active,1.0.0,Explicit provider/location/role eligibility contract used before materializing rates.
ELIG-CONS-T1-LOC-NYC-REGULATED-DOMAIN,CONS-T1,CONS-T1,LOC-NYC,NYC,onshore,regulated_domain,eligible,false,hand-authored-global-pricing-extension,active,1.0.0,Explicit provider/location/role eligibility contract used before materializing rates.
ELIG-CONS-T1-LOC-PHILIPPINES-ARCHITECTURE-SECURITY,CONS-T1,CONS-T1,LOC-PHILIPPINES,Philippines,offshore,architecture_security,not_eligible,false,hand-authored-global-pricing-extension,active,1.0.0,Explicit provider/location/role eligibility contract used before materializing rates.
ELIG-CONS-T1-LOC-PHILIPPINES-COMMODITY-DELIVERY,CONS-T1,CONS-T1,LOC-PHILIPPINES,Philippines,offshore,commodity_delivery,not_eligible,false,hand-authored-global-pricing-extension,active,1.0.0,Explicit provider/location/role eligibility contract used before materializing rates.
ELIG-CONS-T1-LOC-PHILIPPINES-EXECUTIVE-ADVISORY,CONS-T1,CONS-T1,LOC-PHILIPPINES,Philippines,offshore,executive_advisory,not_eligible,false,hand-authored-global-pricing-extension,active,1.0.0,Explicit provider/location/role eligibility contract used before materializing rates.
ELIG-CONS-T1-LOC-PHILIPPINES-PLATFORM-DELIVERY,CONS-T1,CONS-T1,LOC-PHILIPPINES,Philippines,offshore,platform_delivery,not_eligible,false,hand-authored-global-pricing-extension,active,1.0.0,Explicit provider/location/role eligibility contract used before materializing rates.
ELIG-CONS-T1-LOC-PHILIPPINES-REGULATED-DOMAIN,CONS-T1,CONS-T1,LOC-PHILIPPINES,Philippines,offshore,regulated_domain,not_eligible,false,hand-authored-global-pricing-extension,active,1.0.0,Explicit provider/location/role eligibility contract used before materializing rates.
ELIG-CONS-T1-LOC-SEATTLE-ARCHITECTURE-SECURITY,CONS-T1,CONS-T1,LOC-SEATTLE,Seattle,onshore,architecture_security,eligible,false,hand-authored-global-pricing-extension,active,1.0.0,Explicit provider/location/role eligibility contract used before materializing rates.
ELIG-CONS-T1-LOC-SEATTLE-COMMODITY-DELIVERY,CONS-T1,CONS-T1,LOC-SEATTLE,Seattle,onshore,commodity_delivery,eligible,false,hand-authored-global-pricing-extension,active,1.0.0,Explicit provider/location/role eligibility contract used before materializing rates.
ELIG-CONS-T1-LOC-SEATTLE-EXECUTIVE-ADVISORY,CONS-T1,CONS-T1,LOC-SEATTLE,Seattle,onshore,executive_advisory,eligible,false,hand-authored-global-pricing-extension,active,1.0.0,Explicit provider/location/role eligibility contract used before materializing rates.
ELIG-CONS-T1-LOC-SEATTLE-PLATFORM-DELIVERY,CONS-T1,CONS-T1,LOC-SEATTLE,Seattle,onshore,platform_delivery,eligible,false,hand-authored-global-pricing-extension,active,1.0.0,Explicit provider/location/role eligibility contract used before materializing rates.
ELIG-CONS-T1-LOC-SEATTLE-REGULATED-DOMAIN,CONS-T1,CONS-T1,LOC-SEATTLE,Seattle,onshore,regulated_domain,eligible,false,hand-authored-global-pricing-extension,active,1.0.0,Explicit provider/location/role eligibility contract used before materializing rates.
ELIG-CONS-T1-LOC-SF-BAY-AREA-ARCHITECTURE-SECURITY,CONS-T1,CONS-T1,LOC-SF-BAY-AREA,SF / Bay Area,onshore,architecture_security,eligible,false,hand-authored-global-pricing-extension,active,1.0.0,Explicit provider/location/role eligibility contract used before materializing rates.
ELIG-CONS-T1-LOC-SF-BAY-AREA-COMMODITY-DELIVERY,CONS-T1,CONS-T1,LOC-SF-BAY-AREA,SF / Bay Area,onshore,commodity_delivery,eligible,false,hand-authored-global-pricing-extension,active,1.0.0,Explicit provider/location/role eligibility contract used before materializing rates.
ELIG-CONS-T1-LOC-SF-BAY-AREA-EXECUTIVE-ADVISORY,CONS-T1,CONS-T1,LOC-SF-BAY-AREA,SF / Bay Area,onshore,executive_advisory,eligible,false,hand-authored-global-pricing-extension,active,1.0.0,Explicit provider/location/role eligibility contract used before materializing rates.
ELIG-CONS-T1-LOC-SF-BAY-AREA-PLATFORM-DELIVERY,CONS-T1,CONS-T1,LOC-SF-BAY-AREA,SF / Bay Area,onshore,platform_delivery,eligible,false,hand-authored-global-pricing-extension,active,1.0.0,Explicit provider/location/role eligibility contract used before materializing rates.
ELIG-CONS-T1-LOC-SF-BAY-AREA-REGULATED-DOMAIN,CONS-T1,CONS-T1,LOC-SF-BAY-AREA,SF / Bay Area,onshore,regulated_domain,eligible,false,hand-authored-global-pricing-extension,active,1.0.0,Explicit provider/location/role eligibility contract used before materializing rates.
ELIG-CONS-T1-LOC-UK-ARCHITECTURE-SECURITY,CONS-T1,CONS-T1,LOC-UK,UK,onshore,architecture_security,eligible,false,hand-authored-global-pricing-extension,active,1.0.0,Explicit provider/location/role eligibility contract used before materializing rates.
ELIG-CONS-T1-LOC-UK-COMMODITY-DELIVERY,CONS-T1,CONS-T1,LOC-UK,UK,onshore,commodity_delivery,eligible,false,hand-authored-global-pricing-extension,active,1.0.0,Explicit provider/location/role eligibility contract used before materializing rates.
ELIG-CONS-T1-LOC-UK-EXECUTIVE-ADVISORY,CONS-T1,CONS-T1,LOC-UK,UK,onshore,executive_advisory,eligible,false,hand-authored-global-pricing-extension,active,1.0.0,Explicit provider/location/role eligibility contract used before materializing rates.
ELIG-CONS-T1-LOC-UK-PLATFORM-DELIVERY,CONS-T1,CONS-T1,LOC-UK,UK,onshore,platform_delivery,eligible,false,hand-authored-global-pricing-extension,active,1.0.0,Explicit provider/location/role eligibility contract used before materializing rates.
ELIG-CONS-T1-LOC-UK-REGULATED-DOMAIN,CONS-T1,CONS-T1,LOC-UK,UK,onshore,regulated_domain,eligible,false,hand-authored-global-pricing-extension,active,1.0.0,Explicit provider/location/role eligibility contract used before materializing rates.
ELIG-CONS-T1-LOC-WESTERN-EUROPE-ARCHITECTURE-SECURITY,CONS-T1,CONS-T1,LOC-WESTERN-EUROPE,Western Europe,onshore,architecture_security,eligible,false,hand-authored-global-pricing-extension,active,1.0.0,Explicit provider/location/role eligibility contract used before materializing rates.
ELIG-CONS-T1-LOC-WESTERN-EUROPE-COMMODITY-DELIVERY,CONS-T1,CONS-T1,LOC-WESTERN-EUROPE,Western Europe,onshore,commodity_delivery,eligible,false,hand-authored-global-pricing-extension,active,1.0.0,Explicit provider/location/role eligibility contract used before materializing rates.
ELIG-CONS-T1-LOC-WESTERN-EUROPE-EXECUTIVE-ADVISORY,CONS-T1,CONS-T1,LOC-WESTERN-EUROPE,Western Europe,onshore,executive_advisory,eligible,false,hand-authored-global-pricing-extension,active,1.0.0,Explicit provider/location/role eligibility contract used before materializing rates.
ELIG-CONS-T1-LOC-WESTERN-EUROPE-PLATFORM-DELIVERY,CONS-T1,CONS-T1,LOC-WESTERN-EUROPE,Western Europe,onshore,platform_delivery,eligible,false,hand-authored-global-pricing-extension,active,1.0.0,Explicit provider/location/role eligibility contract used before materializing rates.
ELIG-CONS-T1-LOC-WESTERN-EUROPE-REGULATED-DOMAIN,CONS-T1,CONS-T1,LOC-WESTERN-EUROPE,Western Europe,onshore,regulated_domain,eligible,false,hand-authored-global-pricing-extension,active,1.0.0,Explicit provider/location/role eligibility contract used before materializing rates.
ELIG-ENG-B-LOC-ATLANTA-ARCHITECTURE-SECURITY,ENG-B,ENG-B,LOC-ATLANTA,Atlanta,onshore,architecture_security,eligible,false,hand-authored-global-pricing-extension,active,1.0.0,Explicit provider/location/role eligibility contract used before materializing rates.
ELIG-ENG-B-LOC-ATLANTA-COMMODITY-DELIVERY,ENG-B,ENG-B,LOC-ATLANTA,Atlanta,onshore,commodity_delivery,eligible,false,hand-authored-global-pricing-extension,active,1.0.0,Explicit provider/location/role eligibility contract used before materializing rates.
ELIG-ENG-B-LOC-ATLANTA-EXECUTIVE-ADVISORY,ENG-B,ENG-B,LOC-ATLANTA,Atlanta,onshore,executive_advisory,not_eligible,false,hand-authored-global-pricing-extension,active,1.0.0,Explicit provider/location/role eligibility contract used before materializing rates.
ELIG-ENG-B-LOC-ATLANTA-PLATFORM-DELIVERY,ENG-B,ENG-B,LOC-ATLANTA,Atlanta,onshore,platform_delivery,eligible,false,hand-authored-global-pricing-extension,active,1.0.0,Explicit provider/location/role eligibility contract used before materializing rates.
ELIG-ENG-B-LOC-ATLANTA-REGULATED-DOMAIN,ENG-B,ENG-B,LOC-ATLANTA,Atlanta,onshore,regulated_domain,eligible,false,hand-authored-global-pricing-extension,active,1.0.0,Explicit provider/location/role eligibility contract used before materializing rates.
ELIG-ENG-B-LOC-AUSTRALIA-ARCHITECTURE-SECURITY,ENG-B,ENG-B,LOC-AUSTRALIA,Australia,onshore,architecture_security,eligible,false,hand-authored-global-pricing-extension,active,1.0.0,Explicit provider/location/role eligibility contract used before materializing rates.
ELIG-ENG-B-LOC-AUSTRALIA-COMMODITY-DELIVERY,ENG-B,ENG-B,LOC-AUSTRALIA,Australia,onshore,commodity_delivery,eligible,false,hand-authored-global-pricing-extension,active,1.0.0,Explicit provider/location/role eligibility contract used before materializing rates.
ELIG-ENG-B-LOC-AUSTRALIA-EXECUTIVE-ADVISORY,ENG-B,ENG-B,LOC-AUSTRALIA,Australia,onshore,executive_advisory,not_eligible,false,hand-authored-global-pricing-extension,active,1.0.0,Explicit provider/location/role eligibility contract used before materializing rates.
ELIG-ENG-B-LOC-AUSTRALIA-PLATFORM-DELIVERY,ENG-B,ENG-B,LOC-AUSTRALIA,Australia,onshore,platform_delivery,eligible,false,hand-authored-global-pricing-extension,active,1.0.0,Explicit provider/location/role eligibility contract used before materializing rates.
ELIG-ENG-B-LOC-AUSTRALIA-REGULATED-DOMAIN,ENG-B,ENG-B,LOC-AUSTRALIA,Australia,onshore,regulated_domain,eligible,false,hand-authored-global-pricing-extension,active,1.0.0,Explicit provider/location/role eligibility contract used before materializing rates.
ELIG-ENG-B-LOC-CANADA-ARCHITECTURE-SECURITY,ENG-B,ENG-B,LOC-CANADA,Canada,nearshore,architecture_security,conditional_review,true,hand-authored-global-pricing-extension,active,1.0.0,Explicit provider/location/role eligibility contract used before materializing rates.
ELIG-ENG-B-LOC-CANADA-COMMODITY-DELIVERY,ENG-B,ENG-B,LOC-CANADA,Canada,nearshore,commodity_delivery,eligible,false,hand-authored-global-pricing-extension,active,1.0.0,Explicit provider/location/role eligibility contract used before materializing rates.
ELIG-ENG-B-LOC-CANADA-EXECUTIVE-ADVISORY,ENG-B,ENG-B,LOC-CANADA,Canada,nearshore,executive_advisory,not_eligible,true,hand-authored-global-pricing-extension,active,1.0.0,Explicit provider/location/role eligibility contract used before materializing rates.
ELIG-ENG-B-LOC-CANADA-PLATFORM-DELIVERY,ENG-B,ENG-B,LOC-CANADA,Canada,nearshore,platform_delivery,conditional_review,true,hand-authored-global-pricing-extension,active,1.0.0,Explicit provider/location/role eligibility contract used before materializing rates.
ELIG-ENG-B-LOC-CANADA-REGULATED-DOMAIN,ENG-B,ENG-B,LOC-CANADA,Canada,nearshore,regulated_domain,conditional_review,true,hand-authored-global-pricing-extension,active,1.0.0,Explicit provider/location/role eligibility contract used before materializing rates.
ELIG-ENG-B-LOC-CHICAGO-ARCHITECTURE-SECURITY,ENG-B,ENG-B,LOC-CHICAGO,Chicago,onshore,architecture_security,eligible,false,hand-authored-global-pricing-extension,active,1.0.0,Explicit provider/location/role eligibility contract used before materializing rates.
ELIG-ENG-B-LOC-CHICAGO-COMMODITY-DELIVERY,ENG-B,ENG-B,LOC-CHICAGO,Chicago,onshore,commodity_delivery,eligible,false,hand-authored-global-pricing-extension,active,1.0.0,Explicit provider/location/role eligibility contract used before materializing rates.
ELIG-ENG-B-LOC-CHICAGO-EXECUTIVE-ADVISORY,ENG-B,ENG-B,LOC-CHICAGO,Chicago,onshore,executive_advisory,not_eligible,false,hand-authored-global-pricing-extension,active,1.0.0,Explicit provider/location/role eligibility contract used before materializing rates.
ELIG-ENG-B-LOC-CHICAGO-PLATFORM-DELIVERY,ENG-B,ENG-B,LOC-CHICAGO,Chicago,onshore,platform_delivery,eligible,false,hand-authored-global-pricing-extension,active,1.0.0,Explicit provider/location/role eligibility contract used before materializing rates.
ELIG-ENG-B-LOC-CHICAGO-REGULATED-DOMAIN,ENG-B,ENG-B,LOC-CHICAGO,Chicago,onshore,regulated_domain,eligible,false,hand-authored-global-pricing-extension,active,1.0.0,Explicit provider/location/role eligibility contract used before materializing rates.
ELIG-ENG-B-LOC-DALLAS-ARCHITECTURE-SECURITY,ENG-B,ENG-B,LOC-DALLAS,Dallas,onshore,architecture_security,eligible,false,hand-authored-global-pricing-extension,active,1.0.0,Explicit provider/location/role eligibility contract used before materializing rates.
ELIG-ENG-B-LOC-DALLAS-COMMODITY-DELIVERY,ENG-B,ENG-B,LOC-DALLAS,Dallas,onshore,commodity_delivery,eligible,false,hand-authored-global-pricing-extension,active,1.0.0,Explicit provider/location/role eligibility contract used before materializing rates.
ELIG-ENG-B-LOC-DALLAS-EXECUTIVE-ADVISORY,ENG-B,ENG-B,LOC-DALLAS,Dallas,onshore,executive_advisory,not_eligible,false,hand-authored-global-pricing-extension,active,1.0.0,Explicit provider/location/role eligibility contract used before materializing rates.
ELIG-ENG-B-LOC-DALLAS-PLATFORM-DELIVERY,ENG-B,ENG-B,LOC-DALLAS,Dallas,onshore,platform_delivery,eligible,false,hand-authored-global-pricing-extension,active,1.0.0,Explicit provider/location/role eligibility contract used before materializing rates.
ELIG-ENG-B-LOC-DALLAS-REGULATED-DOMAIN,ENG-B,ENG-B,LOC-DALLAS,Dallas,onshore,regulated_domain,eligible,false,hand-authored-global-pricing-extension,active,1.0.0,Explicit provider/location/role eligibility contract used before materializing rates.
ELIG-ENG-B-LOC-EASTERN-EUROPE-ARCHITECTURE-SECURITY,ENG-B,ENG-B,LOC-EASTERN-EUROPE,Eastern Europe,nearshore,architecture_security,conditional_review,true,hand-authored-global-pricing-extension,active,1.0.0,Explicit provider/location/role eligibility contract used before materializing rates.
ELIG-ENG-B-LOC-EASTERN-EUROPE-COMMODITY-DELIVERY,ENG-B,ENG-B,LOC-EASTERN-EUROPE,Eastern Europe,nearshore,commodity_delivery,eligible,false,hand-authored-global-pricing-extension,active,1.0.0,Explicit provider/location/role eligibility contract used before materializing rates.
ELIG-ENG-B-LOC-EASTERN-EUROPE-EXECUTIVE-ADVISORY,ENG-B,ENG-B,LOC-EASTERN-EUROPE,Eastern Europe,nearshore,executive_advisory,not_eligible,true,hand-authored-global-pricing-extension,active,1.0.0,Explicit provider/location/role eligibility contract used before materializing rates.
ELIG-ENG-B-LOC-EASTERN-EUROPE-PLATFORM-DELIVERY,ENG-B,ENG-B,LOC-EASTERN-EUROPE,Eastern Europe,nearshore,platform_delivery,conditional_review,true,hand-authored-global-pricing-extension,active,1.0.0,Explicit provider/location/role eligibility contract used before materializing rates.
ELIG-ENG-B-LOC-EASTERN-EUROPE-REGULATED-DOMAIN,ENG-B,ENG-B,LOC-EASTERN-EUROPE,Eastern Europe,nearshore,regulated_domain,conditional_review,true,hand-authored-global-pricing-extension,active,1.0.0,Explicit provider/location/role eligibility contract used before materializing rates.
ELIG-ENG-B-LOC-HOUSTON-ARCHITECTURE-SECURITY,ENG-B,ENG-B,LOC-HOUSTON,Houston,onshore,architecture_security,eligible,false,hand-authored-global-pricing-extension,active,1.0.0,Explicit provider/location/role eligibility contract used before materializing rates.
ELIG-ENG-B-LOC-HOUSTON-COMMODITY-DELIVERY,ENG-B,ENG-B,LOC-HOUSTON,Houston,onshore,commodity_delivery,eligible,false,hand-authored-global-pricing-extension,active,1.0.0,Explicit provider/location/role eligibility contract used before materializing rates.
ELIG-ENG-B-LOC-HOUSTON-EXECUTIVE-ADVISORY,ENG-B,ENG-B,LOC-HOUSTON,Houston,onshore,executive_advisory,not_eligible,false,hand-authored-global-pricing-extension,active,1.0.0,Explicit provider/location/role eligibility contract used before materializing rates.
ELIG-ENG-B-LOC-HOUSTON-PLATFORM-DELIVERY,ENG-B,ENG-B,LOC-HOUSTON,Houston,onshore,platform_delivery,eligible,false,hand-authored-global-pricing-extension,active,1.0.0,Explicit provider/location/role eligibility contract used before materializing rates.
ELIG-ENG-B-LOC-HOUSTON-REGULATED-DOMAIN,ENG-B,ENG-B,LOC-HOUSTON,Houston,onshore,regulated_domain,eligible,false,hand-authored-global-pricing-extension,active,1.0.0,Explicit provider/location/role eligibility contract used before materializing rates.
ELIG-ENG-B-LOC-INDIA-TIER-1-ARCHITECTURE-SECURITY,ENG-B,ENG-B,LOC-INDIA-TIER-1,India Tier 1,offshore,architecture_security,not_eligible,false,hand-authored-global-pricing-extension,active,1.0.0,Explicit provider/location/role eligibility contract used before materializing rates.
ELIG-ENG-B-LOC-INDIA-TIER-1-COMMODITY-DELIVERY,ENG-B,ENG-B,LOC-INDIA-TIER-1,India Tier 1,offshore,commodity_delivery,eligible,false,hand-authored-global-pricing-extension,active,1.0.0,Explicit provider/location/role eligibility contract used before materializing rates.
ELIG-ENG-B-LOC-INDIA-TIER-1-EXECUTIVE-ADVISORY,ENG-B,ENG-B,LOC-INDIA-TIER-1,India Tier 1,offshore,executive_advisory,not_eligible,false,hand-authored-global-pricing-extension,active,1.0.0,Explicit provider/location/role eligibility contract used before materializing rates.
ELIG-ENG-B-LOC-INDIA-TIER-1-PLATFORM-DELIVERY,ENG-B,ENG-B,LOC-INDIA-TIER-1,India Tier 1,offshore,platform_delivery,conditional_review,true,hand-authored-global-pricing-extension,active,1.0.0,Explicit provider/location/role eligibility contract used before materializing rates.
ELIG-ENG-B-LOC-INDIA-TIER-1-REGULATED-DOMAIN,ENG-B,ENG-B,LOC-INDIA-TIER-1,India Tier 1,offshore,regulated_domain,not_eligible,false,hand-authored-global-pricing-extension,active,1.0.0,Explicit provider/location/role eligibility contract used before materializing rates.
ELIG-ENG-B-LOC-INDIA-TIER-2-ARCHITECTURE-SECURITY,ENG-B,ENG-B,LOC-INDIA-TIER-2,India Tier 2,offshore,architecture_security,not_eligible,false,hand-authored-global-pricing-extension,active,1.0.0,Explicit provider/location/role eligibility contract used before materializing rates.
ELIG-ENG-B-LOC-INDIA-TIER-2-COMMODITY-DELIVERY,ENG-B,ENG-B,LOC-INDIA-TIER-2,India Tier 2,offshore,commodity_delivery,eligible,false,hand-authored-global-pricing-extension,active,1.0.0,Explicit provider/location/role eligibility contract used before materializing rates.
ELIG-ENG-B-LOC-INDIA-TIER-2-EXECUTIVE-ADVISORY,ENG-B,ENG-B,LOC-INDIA-TIER-2,India Tier 2,offshore,executive_advisory,not_eligible,false,hand-authored-global-pricing-extension,active,1.0.0,Explicit provider/location/role eligibility contract used before materializing rates.
ELIG-ENG-B-LOC-INDIA-TIER-2-PLATFORM-DELIVERY,ENG-B,ENG-B,LOC-INDIA-TIER-2,India Tier 2,offshore,platform_delivery,conditional_review,true,hand-authored-global-pricing-extension,active,1.0.0,Explicit provider/location/role eligibility contract used before materializing rates.
ELIG-ENG-B-LOC-INDIA-TIER-2-REGULATED-DOMAIN,ENG-B,ENG-B,LOC-INDIA-TIER-2,India Tier 2,offshore,regulated_domain,not_eligible,false,hand-authored-global-pricing-extension,active,1.0.0,Explicit provider/location/role eligibility contract used before materializing rates.
ELIG-ENG-B-LOC-LATAM-ARCHITECTURE-SECURITY,ENG-B,ENG-B,LOC-LATAM,LATAM,nearshore,architecture_security,conditional_review,true,hand-authored-global-pricing-extension,active,1.0.0,Explicit provider/location/role eligibility contract used before materializing rates.
ELIG-ENG-B-LOC-LATAM-COMMODITY-DELIVERY,ENG-B,ENG-B,LOC-LATAM,LATAM,nearshore,commodity_delivery,eligible,false,hand-authored-global-pricing-extension,active,1.0.0,Explicit provider/location/role eligibility contract used before materializing rates.
ELIG-ENG-B-LOC-LATAM-EXECUTIVE-ADVISORY,ENG-B,ENG-B,LOC-LATAM,LATAM,nearshore,executive_advisory,not_eligible,true,hand-authored-global-pricing-extension,active,1.0.0,Explicit provider/location/role eligibility contract used before materializing rates.
ELIG-ENG-B-LOC-LATAM-PLATFORM-DELIVERY,ENG-B,ENG-B,LOC-LATAM,LATAM,nearshore,platform_delivery,conditional_review,true,hand-authored-global-pricing-extension,active,1.0.0,Explicit provider/location/role eligibility contract used before materializing rates.
ELIG-ENG-B-LOC-LATAM-REGULATED-DOMAIN,ENG-B,ENG-B,LOC-LATAM,LATAM,nearshore,regulated_domain,conditional_review,true,hand-authored-global-pricing-extension,active,1.0.0,Explicit provider/location/role eligibility contract used before materializing rates.
ELIG-ENG-B-LOC-MIDDLE-EAST-ARCHITECTURE-SECURITY,ENG-B,ENG-B,LOC-MIDDLE-EAST,Middle East,onshore,architecture_security,eligible,false,hand-authored-global-pricing-extension,active,1.0.0,Explicit provider/location/role eligibility contract used before materializing rates.
ELIG-ENG-B-LOC-MIDDLE-EAST-COMMODITY-DELIVERY,ENG-B,ENG-B,LOC-MIDDLE-EAST,Middle East,onshore,commodity_delivery,eligible,false,hand-authored-global-pricing-extension,active,1.0.0,Explicit provider/location/role eligibility contract used before materializing rates.
ELIG-ENG-B-LOC-MIDDLE-EAST-EXECUTIVE-ADVISORY,ENG-B,ENG-B,LOC-MIDDLE-EAST,Middle East,onshore,executive_advisory,not_eligible,false,hand-authored-global-pricing-extension,active,1.0.0,Explicit provider/location/role eligibility contract used before materializing rates.
ELIG-ENG-B-LOC-MIDDLE-EAST-PLATFORM-DELIVERY,ENG-B,ENG-B,LOC-MIDDLE-EAST,Middle East,onshore,platform_delivery,eligible,false,hand-authored-global-pricing-extension,active,1.0.0,Explicit provider/location/role eligibility contract used before materializing rates.
ELIG-ENG-B-LOC-MIDDLE-EAST-REGULATED-DOMAIN,ENG-B,ENG-B,LOC-MIDDLE-EAST,Middle East,onshore,regulated_domain,eligible,false,hand-authored-global-pricing-extension,active,1.0.0,Explicit provider/location/role eligibility contract used before materializing rates.
ELIG-ENG-B-LOC-NYC-ARCHITECTURE-SECURITY,ENG-B,ENG-B,LOC-NYC,NYC,onshore,architecture_security,eligible,false,hand-authored-global-pricing-extension,active,1.0.0,Explicit provider/location/role eligibility contract used before materializing rates.
ELIG-ENG-B-LOC-NYC-COMMODITY-DELIVERY,ENG-B,ENG-B,LOC-NYC,NYC,onshore,commodity_delivery,eligible,false,hand-authored-global-pricing-extension,active,1.0.0,Explicit provider/location/role eligibility contract used before materializing rates.
ELIG-ENG-B-LOC-NYC-EXECUTIVE-ADVISORY,ENG-B,ENG-B,LOC-NYC,NYC,onshore,executive_advisory,not_eligible,false,hand-authored-global-pricing-extension,active,1.0.0,Explicit provider/location/role eligibility contract used before materializing rates.
ELIG-ENG-B-LOC-NYC-PLATFORM-DELIVERY,ENG-B,ENG-B,LOC-NYC,NYC,onshore,platform_delivery,eligible,false,hand-authored-global-pricing-extension,active,1.0.0,Explicit provider/location/role eligibility contract used before materializing rates.
ELIG-ENG-B-LOC-NYC-REGULATED-DOMAIN,ENG-B,ENG-B,LOC-NYC,NYC,onshore,regulated_domain,eligible,false,hand-authored-global-pricing-extension,active,1.0.0,Explicit provider/location/role eligibility contract used before materializing rates.
ELIG-ENG-B-LOC-PHILIPPINES-ARCHITECTURE-SECURITY,ENG-B,ENG-B,LOC-PHILIPPINES,Philippines,offshore,architecture_security,not_eligible,false,hand-authored-global-pricing-extension,active,1.0.0,Explicit provider/location/role eligibility contract used before materializing rates.
ELIG-ENG-B-LOC-PHILIPPINES-COMMODITY-DELIVERY,ENG-B,ENG-B,LOC-PHILIPPINES,Philippines,offshore,commodity_delivery,eligible,false,hand-authored-global-pricing-extension,active,1.0.0,Explicit provider/location/role eligibility contract used before materializing rates.
ELIG-ENG-B-LOC-PHILIPPINES-EXECUTIVE-ADVISORY,ENG-B,ENG-B,LOC-PHILIPPINES,Philippines,offshore,executive_advisory,not_eligible,false,hand-authored-global-pricing-extension,active,1.0.0,Explicit provider/location/role eligibility contract used before materializing rates.
ELIG-ENG-B-LOC-PHILIPPINES-PLATFORM-DELIVERY,ENG-B,ENG-B,LOC-PHILIPPINES,Philippines,offshore,platform_delivery,conditional_review,true,hand-authored-global-pricing-extension,active,1.0.0,Explicit provider/location/role eligibility contract used before materializing rates.
ELIG-ENG-B-LOC-PHILIPPINES-REGULATED-DOMAIN,ENG-B,ENG-B,LOC-PHILIPPINES,Philippines,offshore,regulated_domain,not_eligible,false,hand-authored-global-pricing-extension,active,1.0.0,Explicit provider/location/role eligibility contract used before materializing rates.
ELIG-ENG-B-LOC-SEATTLE-ARCHITECTURE-SECURITY,ENG-B,ENG-B,LOC-SEATTLE,Seattle,onshore,architecture_security,eligible,false,hand-authored-global-pricing-extension,active,1.0.0,Explicit provider/location/role eligibility contract used before materializing rates.
ELIG-ENG-B-LOC-SEATTLE-COMMODITY-DELIVERY,ENG-B,ENG-B,LOC-SEATTLE,Seattle,onshore,commodity_delivery,eligible,false,hand-authored-global-pricing-extension,active,1.0.0,Explicit provider/location/role eligibility contract used before materializing rates.
ELIG-ENG-B-LOC-SEATTLE-EXECUTIVE-ADVISORY,ENG-B,ENG-B,LOC-SEATTLE,Seattle,onshore,executive_advisory,not_eligible,false,hand-authored-global-pricing-extension,active,1.0.0,Explicit provider/location/role eligibility contract used before materializing rates.
ELIG-ENG-B-LOC-SEATTLE-PLATFORM-DELIVERY,ENG-B,ENG-B,LOC-SEATTLE,Seattle,onshore,platform_delivery,eligible,false,hand-authored-global-pricing-extension,active,1.0.0,Explicit provider/location/role eligibility contract used before materializing rates.
ELIG-ENG-B-LOC-SEATTLE-REGULATED-DOMAIN,ENG-B,ENG-B,LOC-SEATTLE,Seattle,onshore,regulated_domain,eligible,false,hand-authored-global-pricing-extension,active,1.0.0,Explicit provider/location/role eligibility contract used before materializing rates.
ELIG-ENG-B-LOC-SF-BAY-AREA-ARCHITECTURE-SECURITY,ENG-B,ENG-B,LOC-SF-BAY-AREA,SF / Bay Area,onshore,architecture_security,eligible,false,hand-authored-global-pricing-extension,active,1.0.0,Explicit provider/location/role eligibility contract used before materializing rates.
ELIG-ENG-B-LOC-SF-BAY-AREA-COMMODITY-DELIVERY,ENG-B,ENG-B,LOC-SF-BAY-AREA,SF / Bay Area,onshore,commodity_delivery,eligible,false,hand-authored-global-pricing-extension,active,1.0.0,Explicit provider/location/role eligibility contract used before materializing rates.
ELIG-ENG-B-LOC-SF-BAY-AREA-EXECUTIVE-ADVISORY,ENG-B,ENG-B,LOC-SF-BAY-AREA,SF / Bay Area,onshore,executive_advisory,not_eligible,false,hand-authored-global-pricing-extension,active,1.0.0,Explicit provider/location/role eligibility contract used before materializing rates.
ELIG-ENG-B-LOC-SF-BAY-AREA-PLATFORM-DELIVERY,ENG-B,ENG-B,LOC-SF-BAY-AREA,SF / Bay Area,onshore,platform_delivery,eligible,false,hand-authored-global-pricing-extension,active,1.0.0,Explicit provider/location/role eligibility contract used before materializing rates.
ELIG-ENG-B-LOC-SF-BAY-AREA-REGULATED-DOMAIN,ENG-B,ENG-B,LOC-SF-BAY-AREA,SF / Bay Area,onshore,regulated_domain,eligible,false,hand-authored-global-pricing-extension,active,1.0.0,Explicit provider/location/role eligibility contract used before materializing rates.
ELIG-ENG-B-LOC-UK-ARCHITECTURE-SECURITY,ENG-B,ENG-B,LOC-UK,UK,onshore,architecture_security,eligible,false,hand-authored-global-pricing-extension,active,1.0.0,Explicit provider/location/role eligibility contract used before materializing rates.
ELIG-ENG-B-LOC-UK-COMMODITY-DELIVERY,ENG-B,ENG-B,LOC-UK,UK,onshore,commodity_delivery,eligible,false,hand-authored-global-pricing-extension,active,1.0.0,Explicit provider/location/role eligibility contract used before materializing rates.
ELIG-ENG-B-LOC-UK-EXECUTIVE-ADVISORY,ENG-B,ENG-B,LOC-UK,UK,onshore,executive_advisory,not_eligible,false,hand-authored-global-pricing-extension,active,1.0.0,Explicit provider/location/role eligibility contract used before materializing rates.
ELIG-ENG-B-LOC-UK-PLATFORM-DELIVERY,ENG-B,ENG-B,LOC-UK,UK,onshore,platform_delivery,eligible,false,hand-authored-global-pricing-extension,active,1.0.0,Explicit provider/location/role eligibility contract used before materializing rates.
ELIG-ENG-B-LOC-UK-REGULATED-DOMAIN,ENG-B,ENG-B,LOC-UK,UK,onshore,regulated_domain,eligible,false,hand-authored-global-pricing-extension,active,1.0.0,Explicit provider/location/role eligibility contract used before materializing rates.
ELIG-ENG-B-LOC-WESTERN-EUROPE-ARCHITECTURE-SECURITY,ENG-B,ENG-B,LOC-WESTERN-EUROPE,Western Europe,onshore,architecture_security,eligible,false,hand-authored-global-pricing-extension,active,1.0.0,Explicit provider/location/role eligibility contract used before materializing rates.
ELIG-ENG-B-LOC-WESTERN-EUROPE-COMMODITY-DELIVERY,ENG-B,ENG-B,LOC-WESTERN-EUROPE,Western Europe,onshore,commodity_delivery,eligible,false,hand-authored-global-pricing-extension,active,1.0.0,Explicit provider/location/role eligibility contract used before materializing rates.
ELIG-ENG-B-LOC-WESTERN-EUROPE-EXECUTIVE-ADVISORY,ENG-B,ENG-B,LOC-WESTERN-EUROPE,Western Europe,onshore,executive_advisory,not_eligible,false,hand-authored-global-pricing-extension,active,1.0.0,Explicit provider/location/role eligibility contract used before materializing rates.
ELIG-ENG-B-LOC-WESTERN-EUROPE-PLATFORM-DELIVERY,ENG-B,ENG-B,LOC-WESTERN-EUROPE,Western Europe,onshore,platform_delivery,eligible,false,hand-authored-global-pricing-extension,active,1.0.0,Explicit provider/location/role eligibility contract used before materializing rates.
ELIG-ENG-B-LOC-WESTERN-EUROPE-REGULATED-DOMAIN,ENG-B,ENG-B,LOC-WESTERN-EUROPE,Western Europe,onshore,regulated_domain,eligible,false,hand-authored-global-pricing-extension,active,1.0.0,Explicit provider/location/role eligibility contract used before materializing rates.
ELIG-INTERNAL-LOC-ATLANTA-ARCHITECTURE-SECURITY,INTERNAL,Internal team,LOC-ATLANTA,Atlanta,onshore,architecture_security,eligible,false,hand-authored-global-pricing-extension,active,1.0.0,Explicit provider/location/role eligibility contract used before materializing rates.
ELIG-INTERNAL-LOC-ATLANTA-COMMODITY-DELIVERY,INTERNAL,Internal team,LOC-ATLANTA,Atlanta,onshore,commodity_delivery,eligible,false,hand-authored-global-pricing-extension,active,1.0.0,Explicit provider/location/role eligibility contract used before materializing rates.
ELIG-INTERNAL-LOC-ATLANTA-EXECUTIVE-ADVISORY,INTERNAL,Internal team,LOC-ATLANTA,Atlanta,onshore,executive_advisory,eligible,false,hand-authored-global-pricing-extension,active,1.0.0,Explicit provider/location/role eligibility contract used before materializing rates.
ELIG-INTERNAL-LOC-ATLANTA-PLATFORM-DELIVERY,INTERNAL,Internal team,LOC-ATLANTA,Atlanta,onshore,platform_delivery,eligible,false,hand-authored-global-pricing-extension,active,1.0.0,Explicit provider/location/role eligibility contract used before materializing rates.
ELIG-INTERNAL-LOC-ATLANTA-REGULATED-DOMAIN,INTERNAL,Internal team,LOC-ATLANTA,Atlanta,onshore,regulated_domain,eligible,false,hand-authored-global-pricing-extension,active,1.0.0,Explicit provider/location/role eligibility contract used before materializing rates.
ELIG-INTERNAL-LOC-AUSTRALIA-ARCHITECTURE-SECURITY,INTERNAL,Internal team,LOC-AUSTRALIA,Australia,onshore,architecture_security,eligible,false,hand-authored-global-pricing-extension,active,1.0.0,Explicit provider/location/role eligibility contract used before materializing rates.
ELIG-INTERNAL-LOC-AUSTRALIA-COMMODITY-DELIVERY,INTERNAL,Internal team,LOC-AUSTRALIA,Australia,onshore,commodity_delivery,eligible,false,hand-authored-global-pricing-extension,active,1.0.0,Explicit provider/location/role eligibility contract used before materializing rates.
ELIG-INTERNAL-LOC-AUSTRALIA-EXECUTIVE-ADVISORY,INTERNAL,Internal team,LOC-AUSTRALIA,Australia,onshore,executive_advisory,eligible,false,hand-authored-global-pricing-extension,active,1.0.0,Explicit provider/location/role eligibility contract used before materializing rates.
ELIG-INTERNAL-LOC-AUSTRALIA-PLATFORM-DELIVERY,INTERNAL,Internal team,LOC-AUSTRALIA,Australia,onshore,platform_delivery,eligible,false,hand-authored-global-pricing-extension,active,1.0.0,Explicit provider/location/role eligibility contract used before materializing rates.
ELIG-INTERNAL-LOC-AUSTRALIA-REGULATED-DOMAIN,INTERNAL,Internal team,LOC-AUSTRALIA,Australia,onshore,regulated_domain,eligible,false,hand-authored-global-pricing-extension,active,1.0.0,Explicit provider/location/role eligibility contract used before materializing rates.
ELIG-INTERNAL-LOC-CANADA-ARCHITECTURE-SECURITY,INTERNAL,Internal team,LOC-CANADA,Canada,nearshore,architecture_security,eligible,false,hand-authored-global-pricing-extension,active,1.0.0,Explicit provider/location/role eligibility contract used before materializing rates.
ELIG-INTERNAL-LOC-CANADA-COMMODITY-DELIVERY,INTERNAL,Internal team,LOC-CANADA,Canada,nearshore,commodity_delivery,eligible,false,hand-authored-global-pricing-extension,active,1.0.0,Explicit provider/location/role eligibility contract used before materializing rates.
ELIG-INTERNAL-LOC-CANADA-EXECUTIVE-ADVISORY,INTERNAL,Internal team,LOC-CANADA,Canada,nearshore,executive_advisory,eligible,false,hand-authored-global-pricing-extension,active,1.0.0,Explicit provider/location/role eligibility contract used before materializing rates.
ELIG-INTERNAL-LOC-CANADA-PLATFORM-DELIVERY,INTERNAL,Internal team,LOC-CANADA,Canada,nearshore,platform_delivery,eligible,false,hand-authored-global-pricing-extension,active,1.0.0,Explicit provider/location/role eligibility contract used before materializing rates.
ELIG-INTERNAL-LOC-CANADA-REGULATED-DOMAIN,INTERNAL,Internal team,LOC-CANADA,Canada,nearshore,regulated_domain,eligible,false,hand-authored-global-pricing-extension,active,1.0.0,Explicit provider/location/role eligibility contract used before materializing rates.
ELIG-INTERNAL-LOC-CHICAGO-ARCHITECTURE-SECURITY,INTERNAL,Internal team,LOC-CHICAGO,Chicago,onshore,architecture_security,eligible,false,hand-authored-global-pricing-extension,active,1.0.0,Explicit provider/location/role eligibility contract used before materializing rates.
ELIG-INTERNAL-LOC-CHICAGO-COMMODITY-DELIVERY,INTERNAL,Internal team,LOC-CHICAGO,Chicago,onshore,commodity_delivery,eligible,false,hand-authored-global-pricing-extension,active,1.0.0,Explicit provider/location/role eligibility contract used before materializing rates.
ELIG-INTERNAL-LOC-CHICAGO-EXECUTIVE-ADVISORY,INTERNAL,Internal team,LOC-CHICAGO,Chicago,onshore,executive_advisory,eligible,false,hand-authored-global-pricing-extension,active,1.0.0,Explicit provider/location/role eligibility contract used before materializing rates.
ELIG-INTERNAL-LOC-CHICAGO-PLATFORM-DELIVERY,INTERNAL,Internal team,LOC-CHICAGO,Chicago,onshore,platform_delivery,eligible,false,hand-authored-global-pricing-extension,active,1.0.0,Explicit provider/location/role eligibility contract used before materializing rates.
ELIG-INTERNAL-LOC-CHICAGO-REGULATED-DOMAIN,INTERNAL,Internal team,LOC-CHICAGO,Chicago,onshore,regulated_domain,eligible,false,hand-authored-global-pricing-extension,active,1.0.0,Explicit provider/location/role eligibility contract used before materializing rates.
ELIG-INTERNAL-LOC-DALLAS-ARCHITECTURE-SECURITY,INTERNAL,Internal team,LOC-DALLAS,Dallas,onshore,architecture_security,eligible,false,hand-authored-global-pricing-extension,active,1.0.0,Explicit provider/location/role eligibility contract used before materializing rates.
ELIG-INTERNAL-LOC-DALLAS-COMMODITY-DELIVERY,INTERNAL,Internal team,LOC-DALLAS,Dallas,onshore,commodity_delivery,eligible,false,hand-authored-global-pricing-extension,active,1.0.0,Explicit provider/location/role eligibility contract used before materializing rates.
ELIG-INTERNAL-LOC-DALLAS-EXECUTIVE-ADVISORY,INTERNAL,Internal team,LOC-DALLAS,Dallas,onshore,executive_advisory,eligible,false,hand-authored-global-pricing-extension,active,1.0.0,Explicit provider/location/role eligibility contract used before materializing rates.
ELIG-INTERNAL-LOC-DALLAS-PLATFORM-DELIVERY,INTERNAL,Internal team,LOC-DALLAS,Dallas,onshore,platform_delivery,eligible,false,hand-authored-global-pricing-extension,active,1.0.0,Explicit provider/location/role eligibility contract used before materializing rates.
ELIG-INTERNAL-LOC-DALLAS-REGULATED-DOMAIN,INTERNAL,Internal team,LOC-DALLAS,Dallas,onshore,regulated_domain,eligible,false,hand-authored-global-pricing-extension,active,1.0.0,Explicit provider/location/role eligibility contract used before materializing rates.
ELIG-INTERNAL-LOC-EASTERN-EUROPE-ARCHITECTURE-SECURITY,INTERNAL,Internal team,LOC-EASTERN-EUROPE,Eastern Europe,nearshore,architecture_security,eligible,false,hand-authored-global-pricing-extension,active,1.0.0,Explicit provider/location/role eligibility contract used before materializing rates.
ELIG-INTERNAL-LOC-EASTERN-EUROPE-COMMODITY-DELIVERY,INTERNAL,Internal team,LOC-EASTERN-EUROPE,Eastern Europe,nearshore,commodity_delivery,eligible,false,hand-authored-global-pricing-extension,active,1.0.0,Explicit provider/location/role eligibility contract used before materializing rates.
ELIG-INTERNAL-LOC-EASTERN-EUROPE-EXECUTIVE-ADVISORY,INTERNAL,Internal team,LOC-EASTERN-EUROPE,Eastern Europe,nearshore,executive_advisory,eligible,false,hand-authored-global-pricing-extension,active,1.0.0,Explicit provider/location/role eligibility contract used before materializing rates.
ELIG-INTERNAL-LOC-EASTERN-EUROPE-PLATFORM-DELIVERY,INTERNAL,Internal team,LOC-EASTERN-EUROPE,Eastern Europe,nearshore,platform_delivery,eligible,false,hand-authored-global-pricing-extension,active,1.0.0,Explicit provider/location/role eligibility contract used before materializing rates.
ELIG-INTERNAL-LOC-EASTERN-EUROPE-REGULATED-DOMAIN,INTERNAL,Internal team,LOC-EASTERN-EUROPE,Eastern Europe,nearshore,regulated_domain,eligible,false,hand-authored-global-pricing-extension,active,1.0.0,Explicit provider/location/role eligibility contract used before materializing rates.
ELIG-INTERNAL-LOC-HOUSTON-ARCHITECTURE-SECURITY,INTERNAL,Internal team,LOC-HOUSTON,Houston,onshore,architecture_security,eligible,false,hand-authored-global-pricing-extension,active,1.0.0,Explicit provider/location/role eligibility contract used before materializing rates.
ELIG-INTERNAL-LOC-HOUSTON-COMMODITY-DELIVERY,INTERNAL,Internal team,LOC-HOUSTON,Houston,onshore,commodity_delivery,eligible,false,hand-authored-global-pricing-extension,active,1.0.0,Explicit provider/location/role eligibility contract used before materializing rates.
ELIG-INTERNAL-LOC-HOUSTON-EXECUTIVE-ADVISORY,INTERNAL,Internal team,LOC-HOUSTON,Houston,onshore,executive_advisory,eligible,false,hand-authored-global-pricing-extension,active,1.0.0,Explicit provider/location/role eligibility contract used before materializing rates.
ELIG-INTERNAL-LOC-HOUSTON-PLATFORM-DELIVERY,INTERNAL,Internal team,LOC-HOUSTON,Houston,onshore,platform_delivery,eligible,false,hand-authored-global-pricing-extension,active,1.0.0,Explicit provider/location/role eligibility contract used before materializing rates.
ELIG-INTERNAL-LOC-HOUSTON-REGULATED-DOMAIN,INTERNAL,Internal team,LOC-HOUSTON,Houston,onshore,regulated_domain,eligible,false,hand-authored-global-pricing-extension,active,1.0.0,Explicit provider/location/role eligibility contract used before materializing rates.
ELIG-INTERNAL-LOC-INDIA-TIER-1-ARCHITECTURE-SECURITY,INTERNAL,Internal team,LOC-INDIA-TIER-1,India Tier 1,offshore,architecture_security,eligible,false,hand-authored-global-pricing-extension,active,1.0.0,Explicit provider/location/role eligibility contract used before materializing rates.
ELIG-INTERNAL-LOC-INDIA-TIER-1-COMMODITY-DELIVERY,INTERNAL,Internal team,LOC-INDIA-TIER-1,India Tier 1,offshore,commodity_delivery,eligible,false,hand-authored-global-pricing-extension,active,1.0.0,Explicit provider/location/role eligibility contract used before materializing rates.
ELIG-INTERNAL-LOC-INDIA-TIER-1-EXECUTIVE-ADVISORY,INTERNAL,Internal team,LOC-INDIA-TIER-1,India Tier 1,offshore,executive_advisory,eligible,false,hand-authored-global-pricing-extension,active,1.0.0,Explicit provider/location/role eligibility contract used before materializing rates.
ELIG-INTERNAL-LOC-INDIA-TIER-1-PLATFORM-DELIVERY,INTERNAL,Internal team,LOC-INDIA-TIER-1,India Tier 1,offshore,platform_delivery,eligible,false,hand-authored-global-pricing-extension,active,1.0.0,Explicit provider/location/role eligibility contract used before materializing rates.
ELIG-INTERNAL-LOC-INDIA-TIER-1-REGULATED-DOMAIN,INTERNAL,Internal team,LOC-INDIA-TIER-1,India Tier 1,offshore,regulated_domain,eligible,false,hand-authored-global-pricing-extension,active,1.0.0,Explicit provider/location/role eligibility contract used before materializing rates.
ELIG-INTERNAL-LOC-INDIA-TIER-2-ARCHITECTURE-SECURITY,INTERNAL,Internal team,LOC-INDIA-TIER-2,India Tier 2,offshore,architecture_security,eligible,false,hand-authored-global-pricing-extension,active,1.0.0,Explicit provider/location/role eligibility contract used before materializing rates.
ELIG-INTERNAL-LOC-INDIA-TIER-2-COMMODITY-DELIVERY,INTERNAL,Internal team,LOC-INDIA-TIER-2,India Tier 2,offshore,commodity_delivery,eligible,false,hand-authored-global-pricing-extension,active,1.0.0,Explicit provider/location/role eligibility contract used before materializing rates.
ELIG-INTERNAL-LOC-INDIA-TIER-2-EXECUTIVE-ADVISORY,INTERNAL,Internal team,LOC-INDIA-TIER-2,India Tier 2,offshore,executive_advisory,eligible,false,hand-authored-global-pricing-extension,active,1.0.0,Explicit provider/location/role eligibility contract used before materializing rates.
ELIG-INTERNAL-LOC-INDIA-TIER-2-PLATFORM-DELIVERY,INTERNAL,Internal team,LOC-INDIA-TIER-2,India Tier 2,offshore,platform_delivery,eligible,false,hand-authored-global-pricing-extension,active,1.0.0,Explicit provider/location/role eligibility contract used before materializing rates.
ELIG-INTERNAL-LOC-INDIA-TIER-2-REGULATED-DOMAIN,INTERNAL,Internal team,LOC-INDIA-TIER-2,India Tier 2,offshore,regulated_domain,eligible,false,hand-authored-global-pricing-extension,active,1.0.0,Explicit provider/location/role eligibility contract used before materializing rates.
ELIG-INTERNAL-LOC-LATAM-ARCHITECTURE-SECURITY,INTERNAL,Internal team,LOC-LATAM,LATAM,nearshore,architecture_security,eligible,false,hand-authored-global-pricing-extension,active,1.0.0,Explicit provider/location/role eligibility contract used before materializing rates.
ELIG-INTERNAL-LOC-LATAM-COMMODITY-DELIVERY,INTERNAL,Internal team,LOC-LATAM,LATAM,nearshore,commodity_delivery,eligible,false,hand-authored-global-pricing-extension,active,1.0.0,Explicit provider/location/role eligibility contract used before materializing rates.
ELIG-INTERNAL-LOC-LATAM-EXECUTIVE-ADVISORY,INTERNAL,Internal team,LOC-LATAM,LATAM,nearshore,executive_advisory,eligible,false,hand-authored-global-pricing-extension,active,1.0.0,Explicit provider/location/role eligibility contract used before materializing rates.
ELIG-INTERNAL-LOC-LATAM-PLATFORM-DELIVERY,INTERNAL,Internal team,LOC-LATAM,LATAM,nearshore,platform_delivery,eligible,false,hand-authored-global-pricing-extension,active,1.0.0,Explicit provider/location/role eligibility contract used before materializing rates.
ELIG-INTERNAL-LOC-LATAM-REGULATED-DOMAIN,INTERNAL,Internal team,LOC-LATAM,LATAM,nearshore,regulated_domain,eligible,false,hand-authored-global-pricing-extension,active,1.0.0,Explicit provider/location/role eligibility contract used before materializing rates.
ELIG-INTERNAL-LOC-MIDDLE-EAST-ARCHITECTURE-SECURITY,INTERNAL,Internal team,LOC-MIDDLE-EAST,Middle East,onshore,architecture_security,eligible,false,hand-authored-global-pricing-extension,active,1.0.0,Explicit provider/location/role eligibility contract used before materializing rates.
ELIG-INTERNAL-LOC-MIDDLE-EAST-COMMODITY-DELIVERY,INTERNAL,Internal team,LOC-MIDDLE-EAST,Middle East,onshore,commodity_delivery,eligible,false,hand-authored-global-pricing-extension,active,1.0.0,Explicit provider/location/role eligibility contract used before materializing rates.
ELIG-INTERNAL-LOC-MIDDLE-EAST-EXECUTIVE-ADVISORY,INTERNAL,Internal team,LOC-MIDDLE-EAST,Middle East,onshore,executive_advisory,eligible,false,hand-authored-global-pricing-extension,active,1.0.0,Explicit provider/location/role eligibility contract used before materializing rates.
ELIG-INTERNAL-LOC-MIDDLE-EAST-PLATFORM-DELIVERY,INTERNAL,Internal team,LOC-MIDDLE-EAST,Middle East,onshore,platform_delivery,eligible,false,hand-authored-global-pricing-extension,active,1.0.0,Explicit provider/location/role eligibility contract used before materializing rates.
ELIG-INTERNAL-LOC-MIDDLE-EAST-REGULATED-DOMAIN,INTERNAL,Internal team,LOC-MIDDLE-EAST,Middle East,onshore,regulated_domain,eligible,false,hand-authored-global-pricing-extension,active,1.0.0,Explicit provider/location/role eligibility contract used before materializing rates.
ELIG-INTERNAL-LOC-NYC-ARCHITECTURE-SECURITY,INTERNAL,Internal team,LOC-NYC,NYC,onshore,architecture_security,eligible,false,hand-authored-global-pricing-extension,active,1.0.0,Explicit provider/location/role eligibility contract used before materializing rates.
ELIG-INTERNAL-LOC-NYC-COMMODITY-DELIVERY,INTERNAL,Internal team,LOC-NYC,NYC,onshore,commodity_delivery,eligible,false,hand-authored-global-pricing-extension,active,1.0.0,Explicit provider/location/role eligibility contract used before materializing rates.
ELIG-INTERNAL-LOC-NYC-EXECUTIVE-ADVISORY,INTERNAL,Internal team,LOC-NYC,NYC,onshore,executive_advisory,eligible,false,hand-authored-global-pricing-extension,active,1.0.0,Explicit provider/location/role eligibility contract used before materializing rates.
ELIG-INTERNAL-LOC-NYC-PLATFORM-DELIVERY,INTERNAL,Internal team,LOC-NYC,NYC,onshore,platform_delivery,eligible,false,hand-authored-global-pricing-extension,active,1.0.0,Explicit provider/location/role eligibility contract used before materializing rates.
ELIG-INTERNAL-LOC-NYC-REGULATED-DOMAIN,INTERNAL,Internal team,LOC-NYC,NYC,onshore,regulated_domain,eligible,false,hand-authored-global-pricing-extension,active,1.0.0,Explicit provider/location/role eligibility contract used before materializing rates.
ELIG-INTERNAL-LOC-PHILIPPINES-ARCHITECTURE-SECURITY,INTERNAL,Internal team,LOC-PHILIPPINES,Philippines,offshore,architecture_security,eligible,false,hand-authored-global-pricing-extension,active,1.0.0,Explicit provider/location/role eligibility contract used before materializing rates.
ELIG-INTERNAL-LOC-PHILIPPINES-COMMODITY-DELIVERY,INTERNAL,Internal team,LOC-PHILIPPINES,Philippines,offshore,commodity_delivery,eligible,false,hand-authored-global-pricing-extension,active,1.0.0,Explicit provider/location/role eligibility contract used before materializing rates.
ELIG-INTERNAL-LOC-PHILIPPINES-EXECUTIVE-ADVISORY,INTERNAL,Internal team,LOC-PHILIPPINES,Philippines,offshore,executive_advisory,eligible,false,hand-authored-global-pricing-extension,active,1.0.0,Explicit provider/location/role eligibility contract used before materializing rates.
ELIG-INTERNAL-LOC-PHILIPPINES-PLATFORM-DELIVERY,INTERNAL,Internal team,LOC-PHILIPPINES,Philippines,offshore,platform_delivery,eligible,false,hand-authored-global-pricing-extension,active,1.0.0,Explicit provider/location/role eligibility contract used before materializing rates.
ELIG-INTERNAL-LOC-PHILIPPINES-REGULATED-DOMAIN,INTERNAL,Internal team,LOC-PHILIPPINES,Philippines,offshore,regulated_domain,eligible,false,hand-authored-global-pricing-extension,active,1.0.0,Explicit provider/location/role eligibility contract used before materializing rates.
ELIG-INTERNAL-LOC-SEATTLE-ARCHITECTURE-SECURITY,INTERNAL,Internal team,LOC-SEATTLE,Seattle,onshore,architecture_security,eligible,false,hand-authored-global-pricing-extension,active,1.0.0,Explicit provider/location/role eligibility contract used before materializing rates.
ELIG-INTERNAL-LOC-SEATTLE-COMMODITY-DELIVERY,INTERNAL,Internal team,LOC-SEATTLE,Seattle,onshore,commodity_delivery,eligible,false,hand-authored-global-pricing-extension,active,1.0.0,Explicit provider/location/role eligibility contract used before materializing rates.
ELIG-INTERNAL-LOC-SEATTLE-EXECUTIVE-ADVISORY,INTERNAL,Internal team,LOC-SEATTLE,Seattle,onshore,executive_advisory,eligible,false,hand-authored-global-pricing-extension,active,1.0.0,Explicit provider/location/role eligibility contract used before materializing rates.
ELIG-INTERNAL-LOC-SEATTLE-PLATFORM-DELIVERY,INTERNAL,Internal team,LOC-SEATTLE,Seattle,onshore,platform_delivery,eligible,false,hand-authored-global-pricing-extension,active,1.0.0,Explicit provider/location/role eligibility contract used before materializing rates.
ELIG-INTERNAL-LOC-SEATTLE-REGULATED-DOMAIN,INTERNAL,Internal team,LOC-SEATTLE,Seattle,onshore,regulated_domain,eligible,false,hand-authored-global-pricing-extension,active,1.0.0,Explicit provider/location/role eligibility contract used before materializing rates.
ELIG-INTERNAL-LOC-SF-BAY-AREA-ARCHITECTURE-SECURITY,INTERNAL,Internal team,LOC-SF-BAY-AREA,SF / Bay Area,onshore,architecture_security,eligible,false,hand-authored-global-pricing-extension,active,1.0.0,Explicit provider/location/role eligibility contract used before materializing rates.
ELIG-INTERNAL-LOC-SF-BAY-AREA-COMMODITY-DELIVERY,INTERNAL,Internal team,LOC-SF-BAY-AREA,SF / Bay Area,onshore,commodity_delivery,eligible,false,hand-authored-global-pricing-extension,active,1.0.0,Explicit provider/location/role eligibility contract used before materializing rates.
ELIG-INTERNAL-LOC-SF-BAY-AREA-EXECUTIVE-ADVISORY,INTERNAL,Internal team,LOC-SF-BAY-AREA,SF / Bay Area,onshore,executive_advisory,eligible,false,hand-authored-global-pricing-extension,active,1.0.0,Explicit provider/location/role eligibility contract used before materializing rates.
ELIG-INTERNAL-LOC-SF-BAY-AREA-PLATFORM-DELIVERY,INTERNAL,Internal team,LOC-SF-BAY-AREA,SF / Bay Area,onshore,platform_delivery,eligible,false,hand-authored-global-pricing-extension,active,1.0.0,Explicit provider/location/role eligibility contract used before materializing rates.
ELIG-INTERNAL-LOC-SF-BAY-AREA-REGULATED-DOMAIN,INTERNAL,Internal team,LOC-SF-BAY-AREA,SF / Bay Area,onshore,regulated_domain,eligible,false,hand-authored-global-pricing-extension,active,1.0.0,Explicit provider/location/role eligibility contract used before materializing rates.
ELIG-INTERNAL-LOC-UK-ARCHITECTURE-SECURITY,INTERNAL,Internal team,LOC-UK,UK,onshore,architecture_security,eligible,false,hand-authored-global-pricing-extension,active,1.0.0,Explicit provider/location/role eligibility contract used before materializing rates.
ELIG-INTERNAL-LOC-UK-COMMODITY-DELIVERY,INTERNAL,Internal team,LOC-UK,UK,onshore,commodity_delivery,eligible,false,hand-authored-global-pricing-extension,active,1.0.0,Explicit provider/location/role eligibility contract used before materializing rates.
ELIG-INTERNAL-LOC-UK-EXECUTIVE-ADVISORY,INTERNAL,Internal team,LOC-UK,UK,onshore,executive_advisory,eligible,false,hand-authored-global-pricing-extension,active,1.0.0,Explicit provider/location/role eligibility contract used before materializing rates.
ELIG-INTERNAL-LOC-UK-PLATFORM-DELIVERY,INTERNAL,Internal team,LOC-UK,UK,onshore,platform_delivery,eligible,false,hand-authored-global-pricing-extension,active,1.0.0,Explicit provider/location/role eligibility contract used before materializing rates.
ELIG-INTERNAL-LOC-UK-REGULATED-DOMAIN,INTERNAL,Internal team,LOC-UK,UK,onshore,regulated_domain,eligible,false,hand-authored-global-pricing-extension,active,1.0.0,Explicit provider/location/role eligibility contract used before materializing rates.
ELIG-INTERNAL-LOC-WESTERN-EUROPE-ARCHITECTURE-SECURITY,INTERNAL,Internal team,LOC-WESTERN-EUROPE,Western Europe,onshore,architecture_security,eligible,false,hand-authored-global-pricing-extension,active,1.0.0,Explicit provider/location/role eligibility contract used before materializing rates.
ELIG-INTERNAL-LOC-WESTERN-EUROPE-COMMODITY-DELIVERY,INTERNAL,Internal team,LOC-WESTERN-EUROPE,Western Europe,onshore,commodity_delivery,eligible,false,hand-authored-global-pricing-extension,active,1.0.0,Explicit provider/location/role eligibility contract used before materializing rates.
ELIG-INTERNAL-LOC-WESTERN-EUROPE-EXECUTIVE-ADVISORY,INTERNAL,Internal team,LOC-WESTERN-EUROPE,Western Europe,onshore,executive_advisory,eligible,false,hand-authored-global-pricing-extension,active,1.0.0,Explicit provider/location/role eligibility contract used before materializing rates.
ELIG-INTERNAL-LOC-WESTERN-EUROPE-PLATFORM-DELIVERY,INTERNAL,Internal team,LOC-WESTERN-EUROPE,Western Europe,onshore,platform_delivery,eligible,false,hand-authored-global-pricing-extension,active,1.0.0,Explicit provider/location/role eligibility contract used before materializing rates.
ELIG-INTERNAL-LOC-WESTERN-EUROPE-REGULATED-DOMAIN,INTERNAL,Internal team,LOC-WESTERN-EUROPE,Western Europe,onshore,regulated_domain,eligible,false,hand-authored-global-pricing-extension,active,1.0.0,Explicit provider/location/role eligibility contract used before materializing rates.
ELIG-SI-T1-LOC-ATLANTA-ARCHITECTURE-SECURITY,SI-T1,SI-T1,LOC-ATLANTA,Atlanta,onshore,architecture_security,eligible,false,hand-authored-global-pricing-extension,active,1.0.0,Explicit provider/location/role eligibility contract used before materializing rates.
ELIG-SI-T1-LOC-ATLANTA-COMMODITY-DELIVERY,SI-T1,SI-T1,LOC-ATLANTA,Atlanta,onshore,commodity_delivery,eligible,false,hand-authored-global-pricing-extension,active,1.0.0,Explicit provider/location/role eligibility contract used before materializing rates.
ELIG-SI-T1-LOC-ATLANTA-EXECUTIVE-ADVISORY,SI-T1,SI-T1,LOC-ATLANTA,Atlanta,onshore,executive_advisory,eligible,false,hand-authored-global-pricing-extension,active,1.0.0,Explicit provider/location/role eligibility contract used before materializing rates.
ELIG-SI-T1-LOC-ATLANTA-PLATFORM-DELIVERY,SI-T1,SI-T1,LOC-ATLANTA,Atlanta,onshore,platform_delivery,eligible,false,hand-authored-global-pricing-extension,active,1.0.0,Explicit provider/location/role eligibility contract used before materializing rates.
ELIG-SI-T1-LOC-ATLANTA-REGULATED-DOMAIN,SI-T1,SI-T1,LOC-ATLANTA,Atlanta,onshore,regulated_domain,eligible,false,hand-authored-global-pricing-extension,active,1.0.0,Explicit provider/location/role eligibility contract used before materializing rates.
ELIG-SI-T1-LOC-AUSTRALIA-ARCHITECTURE-SECURITY,SI-T1,SI-T1,LOC-AUSTRALIA,Australia,onshore,architecture_security,eligible,false,hand-authored-global-pricing-extension,active,1.0.0,Explicit provider/location/role eligibility contract used before materializing rates.
ELIG-SI-T1-LOC-AUSTRALIA-COMMODITY-DELIVERY,SI-T1,SI-T1,LOC-AUSTRALIA,Australia,onshore,commodity_delivery,eligible,false,hand-authored-global-pricing-extension,active,1.0.0,Explicit provider/location/role eligibility contract used before materializing rates.
ELIG-SI-T1-LOC-AUSTRALIA-EXECUTIVE-ADVISORY,SI-T1,SI-T1,LOC-AUSTRALIA,Australia,onshore,executive_advisory,eligible,false,hand-authored-global-pricing-extension,active,1.0.0,Explicit provider/location/role eligibility contract used before materializing rates.
ELIG-SI-T1-LOC-AUSTRALIA-PLATFORM-DELIVERY,SI-T1,SI-T1,LOC-AUSTRALIA,Australia,onshore,platform_delivery,eligible,false,hand-authored-global-pricing-extension,active,1.0.0,Explicit provider/location/role eligibility contract used before materializing rates.
ELIG-SI-T1-LOC-AUSTRALIA-REGULATED-DOMAIN,SI-T1,SI-T1,LOC-AUSTRALIA,Australia,onshore,regulated_domain,eligible,false,hand-authored-global-pricing-extension,active,1.0.0,Explicit provider/location/role eligibility contract used before materializing rates.
ELIG-SI-T1-LOC-CANADA-ARCHITECTURE-SECURITY,SI-T1,SI-T1,LOC-CANADA,Canada,nearshore,architecture_security,conditional_review,true,hand-authored-global-pricing-extension,active,1.0.0,Explicit provider/location/role eligibility contract used before materializing rates.
ELIG-SI-T1-LOC-CANADA-COMMODITY-DELIVERY,SI-T1,SI-T1,LOC-CANADA,Canada,nearshore,commodity_delivery,eligible,false,hand-authored-global-pricing-extension,active,1.0.0,Explicit provider/location/role eligibility contract used before materializing rates.
ELIG-SI-T1-LOC-CANADA-EXECUTIVE-ADVISORY,SI-T1,SI-T1,LOC-CANADA,Canada,nearshore,executive_advisory,conditional_review,true,hand-authored-global-pricing-extension,active,1.0.0,Explicit provider/location/role eligibility contract used before materializing rates.
ELIG-SI-T1-LOC-CANADA-PLATFORM-DELIVERY,SI-T1,SI-T1,LOC-CANADA,Canada,nearshore,platform_delivery,conditional_review,true,hand-authored-global-pricing-extension,active,1.0.0,Explicit provider/location/role eligibility contract used before materializing rates.
ELIG-SI-T1-LOC-CANADA-REGULATED-DOMAIN,SI-T1,SI-T1,LOC-CANADA,Canada,nearshore,regulated_domain,conditional_review,true,hand-authored-global-pricing-extension,active,1.0.0,Explicit provider/location/role eligibility contract used before materializing rates.
ELIG-SI-T1-LOC-CHICAGO-ARCHITECTURE-SECURITY,SI-T1,SI-T1,LOC-CHICAGO,Chicago,onshore,architecture_security,eligible,false,hand-authored-global-pricing-extension,active,1.0.0,Explicit provider/location/role eligibility contract used before materializing rates.
ELIG-SI-T1-LOC-CHICAGO-COMMODITY-DELIVERY,SI-T1,SI-T1,LOC-CHICAGO,Chicago,onshore,commodity_delivery,eligible,false,hand-authored-global-pricing-extension,active,1.0.0,Explicit provider/location/role eligibility contract used before materializing rates.
ELIG-SI-T1-LOC-CHICAGO-EXECUTIVE-ADVISORY,SI-T1,SI-T1,LOC-CHICAGO,Chicago,onshore,executive_advisory,eligible,false,hand-authored-global-pricing-extension,active,1.0.0,Explicit provider/location/role eligibility contract used before materializing rates.
ELIG-SI-T1-LOC-CHICAGO-PLATFORM-DELIVERY,SI-T1,SI-T1,LOC-CHICAGO,Chicago,onshore,platform_delivery,eligible,false,hand-authored-global-pricing-extension,active,1.0.0,Explicit provider/location/role eligibility contract used before materializing rates.
ELIG-SI-T1-LOC-CHICAGO-REGULATED-DOMAIN,SI-T1,SI-T1,LOC-CHICAGO,Chicago,onshore,regulated_domain,eligible,false,hand-authored-global-pricing-extension,active,1.0.0,Explicit provider/location/role eligibility contract used before materializing rates.
ELIG-SI-T1-LOC-DALLAS-ARCHITECTURE-SECURITY,SI-T1,SI-T1,LOC-DALLAS,Dallas,onshore,architecture_security,eligible,false,hand-authored-global-pricing-extension,active,1.0.0,Explicit provider/location/role eligibility contract used before materializing rates.
ELIG-SI-T1-LOC-DALLAS-COMMODITY-DELIVERY,SI-T1,SI-T1,LOC-DALLAS,Dallas,onshore,commodity_delivery,eligible,false,hand-authored-global-pricing-extension,active,1.0.0,Explicit provider/location/role eligibility contract used before materializing rates.
ELIG-SI-T1-LOC-DALLAS-EXECUTIVE-ADVISORY,SI-T1,SI-T1,LOC-DALLAS,Dallas,onshore,executive_advisory,eligible,false,hand-authored-global-pricing-extension,active,1.0.0,Explicit provider/location/role eligibility contract used before materializing rates.
ELIG-SI-T1-LOC-DALLAS-PLATFORM-DELIVERY,SI-T1,SI-T1,LOC-DALLAS,Dallas,onshore,platform_delivery,eligible,false,hand-authored-global-pricing-extension,active,1.0.0,Explicit provider/location/role eligibility contract used before materializing rates.
ELIG-SI-T1-LOC-DALLAS-REGULATED-DOMAIN,SI-T1,SI-T1,LOC-DALLAS,Dallas,onshore,regulated_domain,eligible,false,hand-authored-global-pricing-extension,active,1.0.0,Explicit provider/location/role eligibility contract used before materializing rates.
ELIG-SI-T1-LOC-EASTERN-EUROPE-ARCHITECTURE-SECURITY,SI-T1,SI-T1,LOC-EASTERN-EUROPE,Eastern Europe,nearshore,architecture_security,conditional_review,true,hand-authored-global-pricing-extension,active,1.0.0,Explicit provider/location/role eligibility contract used before materializing rates.
ELIG-SI-T1-LOC-EASTERN-EUROPE-COMMODITY-DELIVERY,SI-T1,SI-T1,LOC-EASTERN-EUROPE,Eastern Europe,nearshore,commodity_delivery,eligible,false,hand-authored-global-pricing-extension,active,1.0.0,Explicit provider/location/role eligibility contract used before materializing rates.
ELIG-SI-T1-LOC-EASTERN-EUROPE-EXECUTIVE-ADVISORY,SI-T1,SI-T1,LOC-EASTERN-EUROPE,Eastern Europe,nearshore,executive_advisory,conditional_review,true,hand-authored-global-pricing-extension,active,1.0.0,Explicit provider/location/role eligibility contract used before materializing rates.
ELIG-SI-T1-LOC-EASTERN-EUROPE-PLATFORM-DELIVERY,SI-T1,SI-T1,LOC-EASTERN-EUROPE,Eastern Europe,nearshore,platform_delivery,conditional_review,true,hand-authored-global-pricing-extension,active,1.0.0,Explicit provider/location/role eligibility contract used before materializing rates.
ELIG-SI-T1-LOC-EASTERN-EUROPE-REGULATED-DOMAIN,SI-T1,SI-T1,LOC-EASTERN-EUROPE,Eastern Europe,nearshore,regulated_domain,conditional_review,true,hand-authored-global-pricing-extension,active,1.0.0,Explicit provider/location/role eligibility contract used before materializing rates.
ELIG-SI-T1-LOC-HOUSTON-ARCHITECTURE-SECURITY,SI-T1,SI-T1,LOC-HOUSTON,Houston,onshore,architecture_security,eligible,false,hand-authored-global-pricing-extension,active,1.0.0,Explicit provider/location/role eligibility contract used before materializing rates.
ELIG-SI-T1-LOC-HOUSTON-COMMODITY-DELIVERY,SI-T1,SI-T1,LOC-HOUSTON,Houston,onshore,commodity_delivery,eligible,false,hand-authored-global-pricing-extension,active,1.0.0,Explicit provider/location/role eligibility contract used before materializing rates.
ELIG-SI-T1-LOC-HOUSTON-EXECUTIVE-ADVISORY,SI-T1,SI-T1,LOC-HOUSTON,Houston,onshore,executive_advisory,eligible,false,hand-authored-global-pricing-extension,active,1.0.0,Explicit provider/location/role eligibility contract used before materializing rates.
ELIG-SI-T1-LOC-HOUSTON-PLATFORM-DELIVERY,SI-T1,SI-T1,LOC-HOUSTON,Houston,onshore,platform_delivery,eligible,false,hand-authored-global-pricing-extension,active,1.0.0,Explicit provider/location/role eligibility contract used before materializing rates.
ELIG-SI-T1-LOC-HOUSTON-REGULATED-DOMAIN,SI-T1,SI-T1,LOC-HOUSTON,Houston,onshore,regulated_domain,eligible,false,hand-authored-global-pricing-extension,active,1.0.0,Explicit provider/location/role eligibility contract used before materializing rates.
ELIG-SI-T1-LOC-INDIA-TIER-1-ARCHITECTURE-SECURITY,SI-T1,SI-T1,LOC-INDIA-TIER-1,India Tier 1,offshore,architecture_security,not_eligible,false,hand-authored-global-pricing-extension,active,1.0.0,Explicit provider/location/role eligibility contract used before materializing rates.
ELIG-SI-T1-LOC-INDIA-TIER-1-COMMODITY-DELIVERY,SI-T1,SI-T1,LOC-INDIA-TIER-1,India Tier 1,offshore,commodity_delivery,eligible,false,hand-authored-global-pricing-extension,active,1.0.0,Explicit provider/location/role eligibility contract used before materializing rates.
ELIG-SI-T1-LOC-INDIA-TIER-1-EXECUTIVE-ADVISORY,SI-T1,SI-T1,LOC-INDIA-TIER-1,India Tier 1,offshore,executive_advisory,not_eligible,false,hand-authored-global-pricing-extension,active,1.0.0,Explicit provider/location/role eligibility contract used before materializing rates.
ELIG-SI-T1-LOC-INDIA-TIER-1-PLATFORM-DELIVERY,SI-T1,SI-T1,LOC-INDIA-TIER-1,India Tier 1,offshore,platform_delivery,conditional_review,true,hand-authored-global-pricing-extension,active,1.0.0,Explicit provider/location/role eligibility contract used before materializing rates.
ELIG-SI-T1-LOC-INDIA-TIER-1-REGULATED-DOMAIN,SI-T1,SI-T1,LOC-INDIA-TIER-1,India Tier 1,offshore,regulated_domain,not_eligible,false,hand-authored-global-pricing-extension,active,1.0.0,Explicit provider/location/role eligibility contract used before materializing rates.
ELIG-SI-T1-LOC-INDIA-TIER-2-ARCHITECTURE-SECURITY,SI-T1,SI-T1,LOC-INDIA-TIER-2,India Tier 2,offshore,architecture_security,not_eligible,false,hand-authored-global-pricing-extension,active,1.0.0,Explicit provider/location/role eligibility contract used before materializing rates.
ELIG-SI-T1-LOC-INDIA-TIER-2-COMMODITY-DELIVERY,SI-T1,SI-T1,LOC-INDIA-TIER-2,India Tier 2,offshore,commodity_delivery,eligible,false,hand-authored-global-pricing-extension,active,1.0.0,Explicit provider/location/role eligibility contract used before materializing rates.
ELIG-SI-T1-LOC-INDIA-TIER-2-EXECUTIVE-ADVISORY,SI-T1,SI-T1,LOC-INDIA-TIER-2,India Tier 2,offshore,executive_advisory,not_eligible,false,hand-authored-global-pricing-extension,active,1.0.0,Explicit provider/location/role eligibility contract used before materializing rates.
ELIG-SI-T1-LOC-INDIA-TIER-2-PLATFORM-DELIVERY,SI-T1,SI-T1,LOC-INDIA-TIER-2,India Tier 2,offshore,platform_delivery,conditional_review,true,hand-authored-global-pricing-extension,active,1.0.0,Explicit provider/location/role eligibility contract used before materializing rates.
ELIG-SI-T1-LOC-INDIA-TIER-2-REGULATED-DOMAIN,SI-T1,SI-T1,LOC-INDIA-TIER-2,India Tier 2,offshore,regulated_domain,not_eligible,false,hand-authored-global-pricing-extension,active,1.0.0,Explicit provider/location/role eligibility contract used before materializing rates.
ELIG-SI-T1-LOC-LATAM-ARCHITECTURE-SECURITY,SI-T1,SI-T1,LOC-LATAM,LATAM,nearshore,architecture_security,conditional_review,true,hand-authored-global-pricing-extension,active,1.0.0,Explicit provider/location/role eligibility contract used before materializing rates.
ELIG-SI-T1-LOC-LATAM-COMMODITY-DELIVERY,SI-T1,SI-T1,LOC-LATAM,LATAM,nearshore,commodity_delivery,eligible,false,hand-authored-global-pricing-extension,active,1.0.0,Explicit provider/location/role eligibility contract used before materializing rates.
ELIG-SI-T1-LOC-LATAM-EXECUTIVE-ADVISORY,SI-T1,SI-T1,LOC-LATAM,LATAM,nearshore,executive_advisory,conditional_review,true,hand-authored-global-pricing-extension,active,1.0.0,Explicit provider/location/role eligibility contract used before materializing rates.
ELIG-SI-T1-LOC-LATAM-PLATFORM-DELIVERY,SI-T1,SI-T1,LOC-LATAM,LATAM,nearshore,platform_delivery,conditional_review,true,hand-authored-global-pricing-extension,active,1.0.0,Explicit provider/location/role eligibility contract used before materializing rates.
ELIG-SI-T1-LOC-LATAM-REGULATED-DOMAIN,SI-T1,SI-T1,LOC-LATAM,LATAM,nearshore,regulated_domain,conditional_review,true,hand-authored-global-pricing-extension,active,1.0.0,Explicit provider/location/role eligibility contract used before materializing rates.
ELIG-SI-T1-LOC-MIDDLE-EAST-ARCHITECTURE-SECURITY,SI-T1,SI-T1,LOC-MIDDLE-EAST,Middle East,onshore,architecture_security,eligible,false,hand-authored-global-pricing-extension,active,1.0.0,Explicit provider/location/role eligibility contract used before materializing rates.
ELIG-SI-T1-LOC-MIDDLE-EAST-COMMODITY-DELIVERY,SI-T1,SI-T1,LOC-MIDDLE-EAST,Middle East,onshore,commodity_delivery,eligible,false,hand-authored-global-pricing-extension,active,1.0.0,Explicit provider/location/role eligibility contract used before materializing rates.
ELIG-SI-T1-LOC-MIDDLE-EAST-EXECUTIVE-ADVISORY,SI-T1,SI-T1,LOC-MIDDLE-EAST,Middle East,onshore,executive_advisory,eligible,false,hand-authored-global-pricing-extension,active,1.0.0,Explicit provider/location/role eligibility contract used before materializing rates.
ELIG-SI-T1-LOC-MIDDLE-EAST-PLATFORM-DELIVERY,SI-T1,SI-T1,LOC-MIDDLE-EAST,Middle East,onshore,platform_delivery,eligible,false,hand-authored-global-pricing-extension,active,1.0.0,Explicit provider/location/role eligibility contract used before materializing rates.
ELIG-SI-T1-LOC-MIDDLE-EAST-REGULATED-DOMAIN,SI-T1,SI-T1,LOC-MIDDLE-EAST,Middle East,onshore,regulated_domain,eligible,false,hand-authored-global-pricing-extension,active,1.0.0,Explicit provider/location/role eligibility contract used before materializing rates.
ELIG-SI-T1-LOC-NYC-ARCHITECTURE-SECURITY,SI-T1,SI-T1,LOC-NYC,NYC,onshore,architecture_security,eligible,false,hand-authored-global-pricing-extension,active,1.0.0,Explicit provider/location/role eligibility contract used before materializing rates.
ELIG-SI-T1-LOC-NYC-COMMODITY-DELIVERY,SI-T1,SI-T1,LOC-NYC,NYC,onshore,commodity_delivery,eligible,false,hand-authored-global-pricing-extension,active,1.0.0,Explicit provider/location/role eligibility contract used before materializing rates.
ELIG-SI-T1-LOC-NYC-EXECUTIVE-ADVISORY,SI-T1,SI-T1,LOC-NYC,NYC,onshore,executive_advisory,eligible,false,hand-authored-global-pricing-extension,active,1.0.0,Explicit provider/location/role eligibility contract used before materializing rates.
ELIG-SI-T1-LOC-NYC-PLATFORM-DELIVERY,SI-T1,SI-T1,LOC-NYC,NYC,onshore,platform_delivery,eligible,false,hand-authored-global-pricing-extension,active,1.0.0,Explicit provider/location/role eligibility contract used before materializing rates.
ELIG-SI-T1-LOC-NYC-REGULATED-DOMAIN,SI-T1,SI-T1,LOC-NYC,NYC,onshore,regulated_domain,eligible,false,hand-authored-global-pricing-extension,active,1.0.0,Explicit provider/location/role eligibility contract used before materializing rates.
ELIG-SI-T1-LOC-PHILIPPINES-ARCHITECTURE-SECURITY,SI-T1,SI-T1,LOC-PHILIPPINES,Philippines,offshore,architecture_security,not_eligible,false,hand-authored-global-pricing-extension,active,1.0.0,Explicit provider/location/role eligibility contract used before materializing rates.
ELIG-SI-T1-LOC-PHILIPPINES-COMMODITY-DELIVERY,SI-T1,SI-T1,LOC-PHILIPPINES,Philippines,offshore,commodity_delivery,eligible,false,hand-authored-global-pricing-extension,active,1.0.0,Explicit provider/location/role eligibility contract used before materializing rates.
ELIG-SI-T1-LOC-PHILIPPINES-EXECUTIVE-ADVISORY,SI-T1,SI-T1,LOC-PHILIPPINES,Philippines,offshore,executive_advisory,not_eligible,false,hand-authored-global-pricing-extension,active,1.0.0,Explicit provider/location/role eligibility contract used before materializing rates.
ELIG-SI-T1-LOC-PHILIPPINES-PLATFORM-DELIVERY,SI-T1,SI-T1,LOC-PHILIPPINES,Philippines,offshore,platform_delivery,conditional_review,true,hand-authored-global-pricing-extension,active,1.0.0,Explicit provider/location/role eligibility contract used before materializing rates.
ELIG-SI-T1-LOC-PHILIPPINES-REGULATED-DOMAIN,SI-T1,SI-T1,LOC-PHILIPPINES,Philippines,offshore,regulated_domain,not_eligible,false,hand-authored-global-pricing-extension,active,1.0.0,Explicit provider/location/role eligibility contract used before materializing rates.
ELIG-SI-T1-LOC-SEATTLE-ARCHITECTURE-SECURITY,SI-T1,SI-T1,LOC-SEATTLE,Seattle,onshore,architecture_security,eligible,false,hand-authored-global-pricing-extension,active,1.0.0,Explicit provider/location/role eligibility contract used before materializing rates.
ELIG-SI-T1-LOC-SEATTLE-COMMODITY-DELIVERY,SI-T1,SI-T1,LOC-SEATTLE,Seattle,onshore,commodity_delivery,eligible,false,hand-authored-global-pricing-extension,active,1.0.0,Explicit provider/location/role eligibility contract used before materializing rates.
ELIG-SI-T1-LOC-SEATTLE-EXECUTIVE-ADVISORY,SI-T1,SI-T1,LOC-SEATTLE,Seattle,onshore,executive_advisory,eligible,false,hand-authored-global-pricing-extension,active,1.0.0,Explicit provider/location/role eligibility contract used before materializing rates.
ELIG-SI-T1-LOC-SEATTLE-PLATFORM-DELIVERY,SI-T1,SI-T1,LOC-SEATTLE,Seattle,onshore,platform_delivery,eligible,false,hand-authored-global-pricing-extension,active,1.0.0,Explicit provider/location/role eligibility contract used before materializing rates.
ELIG-SI-T1-LOC-SEATTLE-REGULATED-DOMAIN,SI-T1,SI-T1,LOC-SEATTLE,Seattle,onshore,regulated_domain,eligible,false,hand-authored-global-pricing-extension,active,1.0.0,Explicit provider/location/role eligibility contract used before materializing rates.
ELIG-SI-T1-LOC-SF-BAY-AREA-ARCHITECTURE-SECURITY,SI-T1,SI-T1,LOC-SF-BAY-AREA,SF / Bay Area,onshore,architecture_security,eligible,false,hand-authored-global-pricing-extension,active,1.0.0,Explicit provider/location/role eligibility contract used before materializing rates.
ELIG-SI-T1-LOC-SF-BAY-AREA-COMMODITY-DELIVERY,SI-T1,SI-T1,LOC-SF-BAY-AREA,SF / Bay Area,onshore,commodity_delivery,eligible,false,hand-authored-global-pricing-extension,active,1.0.0,Explicit provider/location/role eligibility contract used before materializing rates.
ELIG-SI-T1-LOC-SF-BAY-AREA-EXECUTIVE-ADVISORY,SI-T1,SI-T1,LOC-SF-BAY-AREA,SF / Bay Area,onshore,executive_advisory,eligible,false,hand-authored-global-pricing-extension,active,1.0.0,Explicit provider/location/role eligibility contract used before materializing rates.
ELIG-SI-T1-LOC-SF-BAY-AREA-PLATFORM-DELIVERY,SI-T1,SI-T1,LOC-SF-BAY-AREA,SF / Bay Area,onshore,platform_delivery,eligible,false,hand-authored-global-pricing-extension,active,1.0.0,Explicit provider/location/role eligibility contract used before materializing rates.
ELIG-SI-T1-LOC-SF-BAY-AREA-REGULATED-DOMAIN,SI-T1,SI-T1,LOC-SF-BAY-AREA,SF / Bay Area,onshore,regulated_domain,eligible,false,hand-authored-global-pricing-extension,active,1.0.0,Explicit provider/location/role eligibility contract used before materializing rates.
ELIG-SI-T1-LOC-UK-ARCHITECTURE-SECURITY,SI-T1,SI-T1,LOC-UK,UK,onshore,architecture_security,eligible,false,hand-authored-global-pricing-extension,active,1.0.0,Explicit provider/location/role eligibility contract used before materializing rates.
ELIG-SI-T1-LOC-UK-COMMODITY-DELIVERY,SI-T1,SI-T1,LOC-UK,UK,onshore,commodity_delivery,eligible,false,hand-authored-global-pricing-extension,active,1.0.0,Explicit provider/location/role eligibility contract used before materializing rates.
ELIG-SI-T1-LOC-UK-EXECUTIVE-ADVISORY,SI-T1,SI-T1,LOC-UK,UK,onshore,executive_advisory,eligible,false,hand-authored-global-pricing-extension,active,1.0.0,Explicit provider/location/role eligibility contract used before materializing rates.
ELIG-SI-T1-LOC-UK-PLATFORM-DELIVERY,SI-T1,SI-T1,LOC-UK,UK,onshore,platform_delivery,eligible,false,hand-authored-global-pricing-extension,active,1.0.0,Explicit provider/location/role eligibility contract used before materializing rates.
ELIG-SI-T1-LOC-UK-REGULATED-DOMAIN,SI-T1,SI-T1,LOC-UK,UK,onshore,regulated_domain,eligible,false,hand-authored-global-pricing-extension,active,1.0.0,Explicit provider/location/role eligibility contract used before materializing rates.
ELIG-SI-T1-LOC-WESTERN-EUROPE-ARCHITECTURE-SECURITY,SI-T1,SI-T1,LOC-WESTERN-EUROPE,Western Europe,onshore,architecture_security,eligible,false,hand-authored-global-pricing-extension,active,1.0.0,Explicit provider/location/role eligibility contract used before materializing rates.
ELIG-SI-T1-LOC-WESTERN-EUROPE-COMMODITY-DELIVERY,SI-T1,SI-T1,LOC-WESTERN-EUROPE,Western Europe,onshore,commodity_delivery,eligible,false,hand-authored-global-pricing-extension,active,1.0.0,Explicit provider/location/role eligibility contract used before materializing rates.
ELIG-SI-T1-LOC-WESTERN-EUROPE-EXECUTIVE-ADVISORY,SI-T1,SI-T1,LOC-WESTERN-EUROPE,Western Europe,onshore,executive_advisory,eligible,false,hand-authored-global-pricing-extension,active,1.0.0,Explicit provider/location/role eligibility contract used before materializing rates.
ELIG-SI-T1-LOC-WESTERN-EUROPE-PLATFORM-DELIVERY,SI-T1,SI-T1,LOC-WESTERN-EUROPE,Western Europe,onshore,platform_delivery,eligible,false,hand-authored-global-pricing-extension,active,1.0.0,Explicit provider/location/role eligibility contract used before materializing rates.
ELIG-SI-T1-LOC-WESTERN-EUROPE-REGULATED-DOMAIN,SI-T1,SI-T1,LOC-WESTERN-EUROPE,Western Europe,onshore,regulated_domain,eligible,false,hand-authored-global-pricing-extension,active,1.0.0,Explicit provider/location/role eligibility contract used before materializing rates.
ELIG-SI-T2-LOC-ATLANTA-ARCHITECTURE-SECURITY,SI-T2,SI-T2,LOC-ATLANTA,Atlanta,onshore,architecture_security,conditional_review,true,hand-authored-global-pricing-extension,active,1.0.0,Explicit provider/location/role eligibility contract used before materializing rates.
ELIG-SI-T2-LOC-ATLANTA-COMMODITY-DELIVERY,SI-T2,SI-T2,LOC-ATLANTA,Atlanta,onshore,commodity_delivery,eligible,false,hand-authored-global-pricing-extension,active,1.0.0,Explicit provider/location/role eligibility contract used before materializing rates.
ELIG-SI-T2-LOC-ATLANTA-EXECUTIVE-ADVISORY,SI-T2,SI-T2,LOC-ATLANTA,Atlanta,onshore,executive_advisory,not_eligible,false,hand-authored-global-pricing-extension,active,1.0.0,Explicit provider/location/role eligibility contract used before materializing rates.
ELIG-SI-T2-LOC-ATLANTA-PLATFORM-DELIVERY,SI-T2,SI-T2,LOC-ATLANTA,Atlanta,onshore,platform_delivery,eligible,false,hand-authored-global-pricing-extension,active,1.0.0,Explicit provider/location/role eligibility contract used before materializing rates.
ELIG-SI-T2-LOC-ATLANTA-REGULATED-DOMAIN,SI-T2,SI-T2,LOC-ATLANTA,Atlanta,onshore,regulated_domain,conditional_review,true,hand-authored-global-pricing-extension,active,1.0.0,Explicit provider/location/role eligibility contract used before materializing rates.
ELIG-SI-T2-LOC-AUSTRALIA-ARCHITECTURE-SECURITY,SI-T2,SI-T2,LOC-AUSTRALIA,Australia,onshore,architecture_security,conditional_review,true,hand-authored-global-pricing-extension,active,1.0.0,Explicit provider/location/role eligibility contract used before materializing rates.
ELIG-SI-T2-LOC-AUSTRALIA-COMMODITY-DELIVERY,SI-T2,SI-T2,LOC-AUSTRALIA,Australia,onshore,commodity_delivery,eligible,false,hand-authored-global-pricing-extension,active,1.0.0,Explicit provider/location/role eligibility contract used before materializing rates.
ELIG-SI-T2-LOC-AUSTRALIA-EXECUTIVE-ADVISORY,SI-T2,SI-T2,LOC-AUSTRALIA,Australia,onshore,executive_advisory,not_eligible,false,hand-authored-global-pricing-extension,active,1.0.0,Explicit provider/location/role eligibility contract used before materializing rates.
ELIG-SI-T2-LOC-AUSTRALIA-PLATFORM-DELIVERY,SI-T2,SI-T2,LOC-AUSTRALIA,Australia,onshore,platform_delivery,eligible,false,hand-authored-global-pricing-extension,active,1.0.0,Explicit provider/location/role eligibility contract used before materializing rates.
ELIG-SI-T2-LOC-AUSTRALIA-REGULATED-DOMAIN,SI-T2,SI-T2,LOC-AUSTRALIA,Australia,onshore,regulated_domain,conditional_review,true,hand-authored-global-pricing-extension,active,1.0.0,Explicit provider/location/role eligibility contract used before materializing rates.
ELIG-SI-T2-LOC-CANADA-ARCHITECTURE-SECURITY,SI-T2,SI-T2,LOC-CANADA,Canada,nearshore,architecture_security,conditional_review,true,hand-authored-global-pricing-extension,active,1.0.0,Explicit provider/location/role eligibility contract used before materializing rates.
ELIG-SI-T2-LOC-CANADA-COMMODITY-DELIVERY,SI-T2,SI-T2,LOC-CANADA,Canada,nearshore,commodity_delivery,eligible,false,hand-authored-global-pricing-extension,active,1.0.0,Explicit provider/location/role eligibility contract used before materializing rates.
ELIG-SI-T2-LOC-CANADA-EXECUTIVE-ADVISORY,SI-T2,SI-T2,LOC-CANADA,Canada,nearshore,executive_advisory,not_eligible,true,hand-authored-global-pricing-extension,active,1.0.0,Explicit provider/location/role eligibility contract used before materializing rates.
ELIG-SI-T2-LOC-CANADA-PLATFORM-DELIVERY,SI-T2,SI-T2,LOC-CANADA,Canada,nearshore,platform_delivery,conditional_review,true,hand-authored-global-pricing-extension,active,1.0.0,Explicit provider/location/role eligibility contract used before materializing rates.
ELIG-SI-T2-LOC-CANADA-REGULATED-DOMAIN,SI-T2,SI-T2,LOC-CANADA,Canada,nearshore,regulated_domain,conditional_review,true,hand-authored-global-pricing-extension,active,1.0.0,Explicit provider/location/role eligibility contract used before materializing rates.
ELIG-SI-T2-LOC-CHICAGO-ARCHITECTURE-SECURITY,SI-T2,SI-T2,LOC-CHICAGO,Chicago,onshore,architecture_security,conditional_review,true,hand-authored-global-pricing-extension,active,1.0.0,Explicit provider/location/role eligibility contract used before materializing rates.
ELIG-SI-T2-LOC-CHICAGO-COMMODITY-DELIVERY,SI-T2,SI-T2,LOC-CHICAGO,Chicago,onshore,commodity_delivery,eligible,false,hand-authored-global-pricing-extension,active,1.0.0,Explicit provider/location/role eligibility contract used before materializing rates.
ELIG-SI-T2-LOC-CHICAGO-EXECUTIVE-ADVISORY,SI-T2,SI-T2,LOC-CHICAGO,Chicago,onshore,executive_advisory,not_eligible,false,hand-authored-global-pricing-extension,active,1.0.0,Explicit provider/location/role eligibility contract used before materializing rates.
ELIG-SI-T2-LOC-CHICAGO-PLATFORM-DELIVERY,SI-T2,SI-T2,LOC-CHICAGO,Chicago,onshore,platform_delivery,eligible,false,hand-authored-global-pricing-extension,active,1.0.0,Explicit provider/location/role eligibility contract used before materializing rates.
ELIG-SI-T2-LOC-CHICAGO-REGULATED-DOMAIN,SI-T2,SI-T2,LOC-CHICAGO,Chicago,onshore,regulated_domain,conditional_review,true,hand-authored-global-pricing-extension,active,1.0.0,Explicit provider/location/role eligibility contract used before materializing rates.
ELIG-SI-T2-LOC-DALLAS-ARCHITECTURE-SECURITY,SI-T2,SI-T2,LOC-DALLAS,Dallas,onshore,architecture_security,conditional_review,true,hand-authored-global-pricing-extension,active,1.0.0,Explicit provider/location/role eligibility contract used before materializing rates.
ELIG-SI-T2-LOC-DALLAS-COMMODITY-DELIVERY,SI-T2,SI-T2,LOC-DALLAS,Dallas,onshore,commodity_delivery,eligible,false,hand-authored-global-pricing-extension,active,1.0.0,Explicit provider/location/role eligibility contract used before materializing rates.
ELIG-SI-T2-LOC-DALLAS-EXECUTIVE-ADVISORY,SI-T2,SI-T2,LOC-DALLAS,Dallas,onshore,executive_advisory,not_eligible,false,hand-authored-global-pricing-extension,active,1.0.0,Explicit provider/location/role eligibility contract used before materializing rates.
ELIG-SI-T2-LOC-DALLAS-PLATFORM-DELIVERY,SI-T2,SI-T2,LOC-DALLAS,Dallas,onshore,platform_delivery,eligible,false,hand-authored-global-pricing-extension,active,1.0.0,Explicit provider/location/role eligibility contract used before materializing rates.
ELIG-SI-T2-LOC-DALLAS-REGULATED-DOMAIN,SI-T2,SI-T2,LOC-DALLAS,Dallas,onshore,regulated_domain,conditional_review,true,hand-authored-global-pricing-extension,active,1.0.0,Explicit provider/location/role eligibility contract used before materializing rates.
ELIG-SI-T2-LOC-EASTERN-EUROPE-ARCHITECTURE-SECURITY,SI-T2,SI-T2,LOC-EASTERN-EUROPE,Eastern Europe,nearshore,architecture_security,conditional_review,true,hand-authored-global-pricing-extension,active,1.0.0,Explicit provider/location/role eligibility contract used before materializing rates.
ELIG-SI-T2-LOC-EASTERN-EUROPE-COMMODITY-DELIVERY,SI-T2,SI-T2,LOC-EASTERN-EUROPE,Eastern Europe,nearshore,commodity_delivery,eligible,false,hand-authored-global-pricing-extension,active,1.0.0,Explicit provider/location/role eligibility contract used before materializing rates.
ELIG-SI-T2-LOC-EASTERN-EUROPE-EXECUTIVE-ADVISORY,SI-T2,SI-T2,LOC-EASTERN-EUROPE,Eastern Europe,nearshore,executive_advisory,not_eligible,true,hand-authored-global-pricing-extension,active,1.0.0,Explicit provider/location/role eligibility contract used before materializing rates.
ELIG-SI-T2-LOC-EASTERN-EUROPE-PLATFORM-DELIVERY,SI-T2,SI-T2,LOC-EASTERN-EUROPE,Eastern Europe,nearshore,platform_delivery,conditional_review,true,hand-authored-global-pricing-extension,active,1.0.0,Explicit provider/location/role eligibility contract used before materializing rates.
ELIG-SI-T2-LOC-EASTERN-EUROPE-REGULATED-DOMAIN,SI-T2,SI-T2,LOC-EASTERN-EUROPE,Eastern Europe,nearshore,regulated_domain,conditional_review,true,hand-authored-global-pricing-extension,active,1.0.0,Explicit provider/location/role eligibility contract used before materializing rates.
ELIG-SI-T2-LOC-HOUSTON-ARCHITECTURE-SECURITY,SI-T2,SI-T2,LOC-HOUSTON,Houston,onshore,architecture_security,conditional_review,true,hand-authored-global-pricing-extension,active,1.0.0,Explicit provider/location/role eligibility contract used before materializing rates.
ELIG-SI-T2-LOC-HOUSTON-COMMODITY-DELIVERY,SI-T2,SI-T2,LOC-HOUSTON,Houston,onshore,commodity_delivery,eligible,false,hand-authored-global-pricing-extension,active,1.0.0,Explicit provider/location/role eligibility contract used before materializing rates.
ELIG-SI-T2-LOC-HOUSTON-EXECUTIVE-ADVISORY,SI-T2,SI-T2,LOC-HOUSTON,Houston,onshore,executive_advisory,not_eligible,false,hand-authored-global-pricing-extension,active,1.0.0,Explicit provider/location/role eligibility contract used before materializing rates.
ELIG-SI-T2-LOC-HOUSTON-PLATFORM-DELIVERY,SI-T2,SI-T2,LOC-HOUSTON,Houston,onshore,platform_delivery,eligible,false,hand-authored-global-pricing-extension,active,1.0.0,Explicit provider/location/role eligibility contract used before materializing rates.
ELIG-SI-T2-LOC-HOUSTON-REGULATED-DOMAIN,SI-T2,SI-T2,LOC-HOUSTON,Houston,onshore,regulated_domain,conditional_review,true,hand-authored-global-pricing-extension,active,1.0.0,Explicit provider/location/role eligibility contract used before materializing rates.
ELIG-SI-T2-LOC-INDIA-TIER-1-ARCHITECTURE-SECURITY,SI-T2,SI-T2,LOC-INDIA-TIER-1,India Tier 1,offshore,architecture_security,not_eligible,false,hand-authored-global-pricing-extension,active,1.0.0,Explicit provider/location/role eligibility contract used before materializing rates.
ELIG-SI-T2-LOC-INDIA-TIER-1-COMMODITY-DELIVERY,SI-T2,SI-T2,LOC-INDIA-TIER-1,India Tier 1,offshore,commodity_delivery,eligible,false,hand-authored-global-pricing-extension,active,1.0.0,Explicit provider/location/role eligibility contract used before materializing rates.
ELIG-SI-T2-LOC-INDIA-TIER-1-EXECUTIVE-ADVISORY,SI-T2,SI-T2,LOC-INDIA-TIER-1,India Tier 1,offshore,executive_advisory,not_eligible,false,hand-authored-global-pricing-extension,active,1.0.0,Explicit provider/location/role eligibility contract used before materializing rates.
ELIG-SI-T2-LOC-INDIA-TIER-1-PLATFORM-DELIVERY,SI-T2,SI-T2,LOC-INDIA-TIER-1,India Tier 1,offshore,platform_delivery,conditional_review,true,hand-authored-global-pricing-extension,active,1.0.0,Explicit provider/location/role eligibility contract used before materializing rates.
ELIG-SI-T2-LOC-INDIA-TIER-1-REGULATED-DOMAIN,SI-T2,SI-T2,LOC-INDIA-TIER-1,India Tier 1,offshore,regulated_domain,not_eligible,false,hand-authored-global-pricing-extension,active,1.0.0,Explicit provider/location/role eligibility contract used before materializing rates.
ELIG-SI-T2-LOC-INDIA-TIER-2-ARCHITECTURE-SECURITY,SI-T2,SI-T2,LOC-INDIA-TIER-2,India Tier 2,offshore,architecture_security,not_eligible,false,hand-authored-global-pricing-extension,active,1.0.0,Explicit provider/location/role eligibility contract used before materializing rates.
ELIG-SI-T2-LOC-INDIA-TIER-2-COMMODITY-DELIVERY,SI-T2,SI-T2,LOC-INDIA-TIER-2,India Tier 2,offshore,commodity_delivery,eligible,false,hand-authored-global-pricing-extension,active,1.0.0,Explicit provider/location/role eligibility contract used before materializing rates.
ELIG-SI-T2-LOC-INDIA-TIER-2-EXECUTIVE-ADVISORY,SI-T2,SI-T2,LOC-INDIA-TIER-2,India Tier 2,offshore,executive_advisory,not_eligible,false,hand-authored-global-pricing-extension,active,1.0.0,Explicit provider/location/role eligibility contract used before materializing rates.
ELIG-SI-T2-LOC-INDIA-TIER-2-PLATFORM-DELIVERY,SI-T2,SI-T2,LOC-INDIA-TIER-2,India Tier 2,offshore,platform_delivery,conditional_review,true,hand-authored-global-pricing-extension,active,1.0.0,Explicit provider/location/role eligibility contract used before materializing rates.
ELIG-SI-T2-LOC-INDIA-TIER-2-REGULATED-DOMAIN,SI-T2,SI-T2,LOC-INDIA-TIER-2,India Tier 2,offshore,regulated_domain,not_eligible,false,hand-authored-global-pricing-extension,active,1.0.0,Explicit provider/location/role eligibility contract used before materializing rates.
ELIG-SI-T2-LOC-LATAM-ARCHITECTURE-SECURITY,SI-T2,SI-T2,LOC-LATAM,LATAM,nearshore,architecture_security,conditional_review,true,hand-authored-global-pricing-extension,active,1.0.0,Explicit provider/location/role eligibility contract used before materializing rates.
ELIG-SI-T2-LOC-LATAM-COMMODITY-DELIVERY,SI-T2,SI-T2,LOC-LATAM,LATAM,nearshore,commodity_delivery,eligible,false,hand-authored-global-pricing-extension,active,1.0.0,Explicit provider/location/role eligibility contract used before materializing rates.
ELIG-SI-T2-LOC-LATAM-EXECUTIVE-ADVISORY,SI-T2,SI-T2,LOC-LATAM,LATAM,nearshore,executive_advisory,not_eligible,true,hand-authored-global-pricing-extension,active,1.0.0,Explicit provider/location/role eligibility contract used before materializing rates.
ELIG-SI-T2-LOC-LATAM-PLATFORM-DELIVERY,SI-T2,SI-T2,LOC-LATAM,LATAM,nearshore,platform_delivery,conditional_review,true,hand-authored-global-pricing-extension,active,1.0.0,Explicit provider/location/role eligibility contract used before materializing rates.
ELIG-SI-T2-LOC-LATAM-REGULATED-DOMAIN,SI-T2,SI-T2,LOC-LATAM,LATAM,nearshore,regulated_domain,conditional_review,true,hand-authored-global-pricing-extension,active,1.0.0,Explicit provider/location/role eligibility contract used before materializing rates.
ELIG-SI-T2-LOC-MIDDLE-EAST-ARCHITECTURE-SECURITY,SI-T2,SI-T2,LOC-MIDDLE-EAST,Middle East,onshore,architecture_security,conditional_review,true,hand-authored-global-pricing-extension,active,1.0.0,Explicit provider/location/role eligibility contract used before materializing rates.
ELIG-SI-T2-LOC-MIDDLE-EAST-COMMODITY-DELIVERY,SI-T2,SI-T2,LOC-MIDDLE-EAST,Middle East,onshore,commodity_delivery,eligible,false,hand-authored-global-pricing-extension,active,1.0.0,Explicit provider/location/role eligibility contract used before materializing rates.
ELIG-SI-T2-LOC-MIDDLE-EAST-EXECUTIVE-ADVISORY,SI-T2,SI-T2,LOC-MIDDLE-EAST,Middle East,onshore,executive_advisory,not_eligible,false,hand-authored-global-pricing-extension,active,1.0.0,Explicit provider/location/role eligibility contract used before materializing rates.
ELIG-SI-T2-LOC-MIDDLE-EAST-PLATFORM-DELIVERY,SI-T2,SI-T2,LOC-MIDDLE-EAST,Middle East,onshore,platform_delivery,eligible,false,hand-authored-global-pricing-extension,active,1.0.0,Explicit provider/location/role eligibility contract used before materializing rates.
ELIG-SI-T2-LOC-MIDDLE-EAST-REGULATED-DOMAIN,SI-T2,SI-T2,LOC-MIDDLE-EAST,Middle East,onshore,regulated_domain,conditional_review,true,hand-authored-global-pricing-extension,active,1.0.0,Explicit provider/location/role eligibility contract used before materializing rates.
ELIG-SI-T2-LOC-NYC-ARCHITECTURE-SECURITY,SI-T2,SI-T2,LOC-NYC,NYC,onshore,architecture_security,conditional_review,true,hand-authored-global-pricing-extension,active,1.0.0,Explicit provider/location/role eligibility contract used before materializing rates.
ELIG-SI-T2-LOC-NYC-COMMODITY-DELIVERY,SI-T2,SI-T2,LOC-NYC,NYC,onshore,commodity_delivery,eligible,false,hand-authored-global-pricing-extension,active,1.0.0,Explicit provider/location/role eligibility contract used before materializing rates.
ELIG-SI-T2-LOC-NYC-EXECUTIVE-ADVISORY,SI-T2,SI-T2,LOC-NYC,NYC,onshore,executive_advisory,not_eligible,false,hand-authored-global-pricing-extension,active,1.0.0,Explicit provider/location/role eligibility contract used before materializing rates.
ELIG-SI-T2-LOC-NYC-PLATFORM-DELIVERY,SI-T2,SI-T2,LOC-NYC,NYC,onshore,platform_delivery,eligible,false,hand-authored-global-pricing-extension,active,1.0.0,Explicit provider/location/role eligibility contract used before materializing rates.
ELIG-SI-T2-LOC-NYC-REGULATED-DOMAIN,SI-T2,SI-T2,LOC-NYC,NYC,onshore,regulated_domain,conditional_review,true,hand-authored-global-pricing-extension,active,1.0.0,Explicit provider/location/role eligibility contract used before materializing rates.
ELIG-SI-T2-LOC-PHILIPPINES-ARCHITECTURE-SECURITY,SI-T2,SI-T2,LOC-PHILIPPINES,Philippines,offshore,architecture_security,not_eligible,false,hand-authored-global-pricing-extension,active,1.0.0,Explicit provider/location/role eligibility contract used before materializing rates.
ELIG-SI-T2-LOC-PHILIPPINES-COMMODITY-DELIVERY,SI-T2,SI-T2,LOC-PHILIPPINES,Philippines,offshore,commodity_delivery,eligible,false,hand-authored-global-pricing-extension,active,1.0.0,Explicit provider/location/role eligibility contract used before materializing rates.
ELIG-SI-T2-LOC-PHILIPPINES-EXECUTIVE-ADVISORY,SI-T2,SI-T2,LOC-PHILIPPINES,Philippines,offshore,executive_advisory,not_eligible,false,hand-authored-global-pricing-extension,active,1.0.0,Explicit provider/location/role eligibility contract used before materializing rates.
ELIG-SI-T2-LOC-PHILIPPINES-PLATFORM-DELIVERY,SI-T2,SI-T2,LOC-PHILIPPINES,Philippines,offshore,platform_delivery,conditional_review,true,hand-authored-global-pricing-extension,active,1.0.0,Explicit provider/location/role eligibility contract used before materializing rates.
ELIG-SI-T2-LOC-PHILIPPINES-REGULATED-DOMAIN,SI-T2,SI-T2,LOC-PHILIPPINES,Philippines,offshore,regulated_domain,not_eligible,false,hand-authored-global-pricing-extension,active,1.0.0,Explicit provider/location/role eligibility contract used before materializing rates.
ELIG-SI-T2-LOC-SEATTLE-ARCHITECTURE-SECURITY,SI-T2,SI-T2,LOC-SEATTLE,Seattle,onshore,architecture_security,conditional_review,true,hand-authored-global-pricing-extension,active,1.0.0,Explicit provider/location/role eligibility contract used before materializing rates.
ELIG-SI-T2-LOC-SEATTLE-COMMODITY-DELIVERY,SI-T2,SI-T2,LOC-SEATTLE,Seattle,onshore,commodity_delivery,eligible,false,hand-authored-global-pricing-extension,active,1.0.0,Explicit provider/location/role eligibility contract used before materializing rates.
ELIG-SI-T2-LOC-SEATTLE-EXECUTIVE-ADVISORY,SI-T2,SI-T2,LOC-SEATTLE,Seattle,onshore,executive_advisory,not_eligible,false,hand-authored-global-pricing-extension,active,1.0.0,Explicit provider/location/role eligibility contract used before materializing rates.
ELIG-SI-T2-LOC-SEATTLE-PLATFORM-DELIVERY,SI-T2,SI-T2,LOC-SEATTLE,Seattle,onshore,platform_delivery,eligible,false,hand-authored-global-pricing-extension,active,1.0.0,Explicit provider/location/role eligibility contract used before materializing rates.
ELIG-SI-T2-LOC-SEATTLE-REGULATED-DOMAIN,SI-T2,SI-T2,LOC-SEATTLE,Seattle,onshore,regulated_domain,conditional_review,true,hand-authored-global-pricing-extension,active,1.0.0,Explicit provider/location/role eligibility contract used before materializing rates.
ELIG-SI-T2-LOC-SF-BAY-AREA-ARCHITECTURE-SECURITY,SI-T2,SI-T2,LOC-SF-BAY-AREA,SF / Bay Area,onshore,architecture_security,conditional_review,true,hand-authored-global-pricing-extension,active,1.0.0,Explicit provider/location/role eligibility contract used before materializing rates.
ELIG-SI-T2-LOC-SF-BAY-AREA-COMMODITY-DELIVERY,SI-T2,SI-T2,LOC-SF-BAY-AREA,SF / Bay Area,onshore,commodity_delivery,eligible,false,hand-authored-global-pricing-extension,active,1.0.0,Explicit provider/location/role eligibility contract used before materializing rates.
ELIG-SI-T2-LOC-SF-BAY-AREA-EXECUTIVE-ADVISORY,SI-T2,SI-T2,LOC-SF-BAY-AREA,SF / Bay Area,onshore,executive_advisory,not_eligible,false,hand-authored-global-pricing-extension,active,1.0.0,Explicit provider/location/role eligibility contract used before materializing rates.
ELIG-SI-T2-LOC-SF-BAY-AREA-PLATFORM-DELIVERY,SI-T2,SI-T2,LOC-SF-BAY-AREA,SF / Bay Area,onshore,platform_delivery,eligible,false,hand-authored-global-pricing-extension,active,1.0.0,Explicit provider/location/role eligibility contract used before materializing rates.
ELIG-SI-T2-LOC-SF-BAY-AREA-REGULATED-DOMAIN,SI-T2,SI-T2,LOC-SF-BAY-AREA,SF / Bay Area,onshore,regulated_domain,conditional_review,true,hand-authored-global-pricing-extension,active,1.0.0,Explicit provider/location/role eligibility contract used before materializing rates.
ELIG-SI-T2-LOC-UK-ARCHITECTURE-SECURITY,SI-T2,SI-T2,LOC-UK,UK,onshore,architecture_security,conditional_review,true,hand-authored-global-pricing-extension,active,1.0.0,Explicit provider/location/role eligibility contract used before materializing rates.
ELIG-SI-T2-LOC-UK-COMMODITY-DELIVERY,SI-T2,SI-T2,LOC-UK,UK,onshore,commodity_delivery,eligible,false,hand-authored-global-pricing-extension,active,1.0.0,Explicit provider/location/role eligibility contract used before materializing rates.
ELIG-SI-T2-LOC-UK-EXECUTIVE-ADVISORY,SI-T2,SI-T2,LOC-UK,UK,onshore,executive_advisory,not_eligible,false,hand-authored-global-pricing-extension,active,1.0.0,Explicit provider/location/role eligibility contract used before materializing rates.
ELIG-SI-T2-LOC-UK-PLATFORM-DELIVERY,SI-T2,SI-T2,LOC-UK,UK,onshore,platform_delivery,eligible,false,hand-authored-global-pricing-extension,active,1.0.0,Explicit provider/location/role eligibility contract used before materializing rates.
ELIG-SI-T2-LOC-UK-REGULATED-DOMAIN,SI-T2,SI-T2,LOC-UK,UK,onshore,regulated_domain,conditional_review,true,hand-authored-global-pricing-extension,active,1.0.0,Explicit provider/location/role eligibility contract used before materializing rates.
ELIG-SI-T2-LOC-WESTERN-EUROPE-ARCHITECTURE-SECURITY,SI-T2,SI-T2,LOC-WESTERN-EUROPE,Western Europe,onshore,architecture_security,conditional_review,true,hand-authored-global-pricing-extension,active,1.0.0,Explicit provider/location/role eligibility contract used before materializing rates.
ELIG-SI-T2-LOC-WESTERN-EUROPE-COMMODITY-DELIVERY,SI-T2,SI-T2,LOC-WESTERN-EUROPE,Western Europe,onshore,commodity_delivery,eligible,false,hand-authored-global-pricing-extension,active,1.0.0,Explicit provider/location/role eligibility contract used before materializing rates.
ELIG-SI-T2-LOC-WESTERN-EUROPE-EXECUTIVE-ADVISORY,SI-T2,SI-T2,LOC-WESTERN-EUROPE,Western Europe,onshore,executive_advisory,not_eligible,false,hand-authored-global-pricing-extension,active,1.0.0,Explicit provider/location/role eligibility contract used before materializing rates.
ELIG-SI-T2-LOC-WESTERN-EUROPE-PLATFORM-DELIVERY,SI-T2,SI-T2,LOC-WESTERN-EUROPE,Western Europe,onshore,platform_delivery,eligible,false,hand-authored-global-pricing-extension,active,1.0.0,Explicit provider/location/role eligibility contract used before materializing rates.
ELIG-SI-T2-LOC-WESTERN-EUROPE-REGULATED-DOMAIN,SI-T2,SI-T2,LOC-WESTERN-EUROPE,Western Europe,onshore,regulated_domain,conditional_review,true,hand-authored-global-pricing-extension,active,1.0.0,Explicit provider/location/role eligibility contract used before materializing rates.
