tenant_key,dataset_version,contract_id,vendor_id,vendor_name,invoice_id,invoice_line_id,po_number,invoice_date,service_period_start,service_period_end,sku_or_service_code,line_description,invoiced_amount_usd,matched_contract_rate_usd,billed_rate_usd,exception_type,exception_amount_usd,payment_status,source_system,source_system_examples,source_record_id,source_file_report,extraction_grain,refresh_frequency,review_status
meridian_health_global,v1-golden-evidence,CF-001,VND-001,Crestline Analytics Services LLC,INV-CF-001-01,INV-CF-001-01-1,MER-PO-CF-001-001,2025-07-01,2025-07-01,2025-07-01,DATA-OPS-MANAGED,24x7 data platform operations and monitoring,1542450,32500,36725,rate_above_contract_or_uncovered_line,177450,paid,AP / ERP financial subledger,Sterling Supplier Invoices; Oracle AP; SAP AP; Coupa invoice match,AP-CF-001-01-1,CF-001_invoice_lines.csv,one row per supplier invoice line,Monthly controlled extract; refresh before each optimization gate,synthetic_demo_reviewed
meridian_health_global,v1-golden-evidence,CF-001,VND-001,Crestline Analytics Services LLC,INV-CF-001-01,INV-CF-001-01-2,MER-PO-CF-001-001,2025-07-01,2025-07-01,2025-07-01,DATA-ENG-SQUAD,Data engineering product squad capacity,86043,1771,2001,rate_above_contract_or_uncovered_line,9890,paid,AP / ERP financial subledger,Sterling Supplier Invoices; Oracle AP; SAP AP; Coupa invoice match,AP-CF-001-01-2,CF-001_invoice_lines.csv,one row per supplier invoice line,Monthly controlled extract; refresh before each optimization gate,synthetic_demo_reviewed
meridian_health_global,v1-golden-evidence,CF-001,VND-001,Crestline Analytics Services LLC,INV-CF-001-01,INV-CF-001-01-3,MER-PO-CF-001-001,2025-07-01,2025-07-01,2025-07-01,BI-SUPPORT,Northgate Insight premium workspace administration and report support,264,5,6,rate_above_contract_or_uncovered_line,44,paid,AP / ERP financial subledger,Sterling Supplier Invoices; Oracle AP; SAP AP; Coupa invoice match,AP-CF-001-01-3,CF-001_invoice_lines.csv,one row per supplier invoice line,Monthly controlled extract; refresh before each optimization gate,synthetic_demo_reviewed
meridian_health_global,v1-golden-evidence,CF-001,VND-001,Crestline Analytics Services LLC,INV-CF-001-01,INV-CF-001-01-4,MER-PO-CF-001-001,2025-07-01,2025-07-01,2025-07-01,CLIN-MARTS,Clinical quality and payer performance data product support,519075,10208,11535,rate_above_contract_or_uncovered_line,59715,paid,AP / ERP financial subledger,Sterling Supplier Invoices; Oracle AP; SAP AP; Coupa invoice match,AP-CF-001-01-4,CF-001_invoice_lines.csv,one row per supplier invoice line,Monthly controlled extract; refresh before each optimization gate,synthetic_demo_reviewed
meridian_health_global,v1-golden-evidence,CF-001,VND-001,Crestline Analytics Services LLC,INV-CF-001-02,INV-CF-001-02-1,MER-PO-CF-001-002,2025-08-01,2025-08-01,2025-08-01,DATA-OPS-MANAGED,24x7 data platform operations and monitoring,1430000,32500,32500,none,0,paid,AP / ERP financial subledger,Sterling Supplier Invoices; Oracle AP; SAP AP; Coupa invoice match,AP-CF-001-02-1,CF-001_invoice_lines.csv,one row per supplier invoice line,Monthly controlled extract; refresh before each optimization gate,synthetic_demo_reviewed
meridian_health_global,v1-golden-evidence,CF-001,VND-001,Crestline Analytics Services LLC,INV-CF-001-02,INV-CF-001-02-2,MER-PO-CF-001-002,2025-08-01,2025-08-01,2025-08-01,DATA-ENG-SQUAD,Data engineering product squad capacity,81466,1771,1771,none,0,paid,AP / ERP financial subledger,Sterling Supplier Invoices; Oracle AP; SAP AP; Coupa invoice match,AP-CF-001-02-2,CF-001_invoice_lines.csv,one row per supplier invoice line,Monthly controlled extract; refresh before each optimization gate,synthetic_demo_reviewed
meridian_health_global,v1-golden-evidence,CF-001,VND-001,Crestline Analytics Services LLC,INV-CF-001-02,INV-CF-001-02-3,MER-PO-CF-001-002,2025-08-01,2025-08-01,2025-08-01,BI-SUPPORT,Northgate Insight premium workspace administration and report support,240,5,5,none,0,paid,AP / ERP financial subledger,Sterling Supplier Invoices; Oracle AP; SAP AP; Coupa invoice match,AP-CF-001-02-3,CF-001_invoice_lines.csv,one row per supplier invoice line,Monthly controlled extract; refresh before each optimization gate,synthetic_demo_reviewed
meridian_health_global,v1-golden-evidence,CF-001,VND-001,Crestline Analytics Services LLC,INV-CF-001-02,INV-CF-001-02-4,MER-PO-CF-001-002,2025-08-01,2025-08-01,2025-08-01,CLIN-MARTS,Clinical quality and payer performance data product support,510400,10208,10208,none,0,paid,AP / ERP financial subledger,Sterling Supplier Invoices; Oracle AP; SAP AP; Coupa invoice match,AP-CF-001-02-4,CF-001_invoice_lines.csv,one row per supplier invoice line,Monthly controlled extract; refresh before each optimization gate,synthetic_demo_reviewed
meridian_health_global,v1-golden-evidence,CF-001,VND-001,Crestline Analytics Services LLC,INV-CF-001-03,INV-CF-001-03-1,MER-PO-CF-001-003,2025-09-01,2025-09-01,2025-09-01,DATA-OPS-MANAGED,24x7 data platform operations and monitoring,1495000,32500,32500,none,0,paid,AP / ERP financial subledger,Sterling Supplier Invoices; Oracle AP; SAP AP; Coupa invoice match,AP-CF-001-03-1,CF-001_invoice_lines.csv,one row per supplier invoice line,Monthly controlled extract; refresh before each optimization gate,synthetic_demo_reviewed
meridian_health_global,v1-golden-evidence,CF-001,VND-001,Crestline Analytics Services LLC,INV-CF-001-03,INV-CF-001-03-2,MER-PO-CF-001-003,2025-09-01,2025-09-01,2025-09-01,DATA-ENG-SQUAD,Data engineering product squad capacity,86779,1771,1771,none,0,paid,AP / ERP financial subledger,Sterling Supplier Invoices; Oracle AP; SAP AP; Coupa invoice match,AP-CF-001-03-2,CF-001_invoice_lines.csv,one row per supplier invoice line,Monthly controlled extract; refresh before each optimization gate,synthetic_demo_reviewed
meridian_health_global,v1-golden-evidence,CF-001,VND-001,Crestline Analytics Services LLC,INV-CF-001-03,INV-CF-001-03-3,MER-PO-CF-001-003,2025-09-01,2025-09-01,2025-09-01,BI-SUPPORT,Northgate Insight premium workspace administration and report support,260,5,5,none,0,paid,AP / ERP financial subledger,Sterling Supplier Invoices; Oracle AP; SAP AP; Coupa invoice match,AP-CF-001-03-3,CF-001_invoice_lines.csv,one row per supplier invoice line,Monthly controlled extract; refresh before each optimization gate,synthetic_demo_reviewed
meridian_health_global,v1-golden-evidence,CF-001,VND-001,Crestline Analytics Services LLC,INV-CF-001-03,INV-CF-001-03-4,MER-PO-CF-001-003,2025-09-01,2025-09-01,2025-09-01,CLIN-MARTS,Clinical quality and payer performance data product support,561440,10208,10208,none,0,paid,AP / ERP financial subledger,Sterling Supplier Invoices; Oracle AP; SAP AP; Coupa invoice match,AP-CF-001-03-4,CF-001_invoice_lines.csv,one row per supplier invoice line,Monthly controlled extract; refresh before each optimization gate,synthetic_demo_reviewed
meridian_health_global,v1-golden-evidence,CF-001,VND-001,Crestline Analytics Services LLC,INV-CF-001-04,INV-CF-001-04-1,MER-PO-CF-001-004,2025-10-01,2025-10-01,2025-10-01,DATA-OPS-MANAGED,24x7 data platform operations and monitoring,1560000,32500,32500,none,0,paid,AP / ERP financial subledger,Sterling Supplier Invoices; Oracle AP; SAP AP; Coupa invoice match,AP-CF-001-04-1,CF-001_invoice_lines.csv,one row per supplier invoice line,Monthly controlled extract; refresh before each optimization gate,synthetic_demo_reviewed
meridian_health_global,v1-golden-evidence,CF-001,VND-001,Crestline Analytics Services LLC,INV-CF-001-04,INV-CF-001-04-2,MER-PO-CF-001-004,2025-10-01,2025-10-01,2025-10-01,DATA-ENG-SQUAD,Data engineering product squad capacity,92092,1771,1771,none,0,paid,AP / ERP financial subledger,Sterling Supplier Invoices; Oracle AP; SAP AP; Coupa invoice match,AP-CF-001-04-2,CF-001_invoice_lines.csv,one row per supplier invoice line,Monthly controlled extract; refresh before each optimization gate,synthetic_demo_reviewed
meridian_health_global,v1-golden-evidence,CF-001,VND-001,Crestline Analytics Services LLC,INV-CF-001-04,INV-CF-001-04-3,MER-PO-CF-001-004,2025-10-01,2025-10-01,2025-10-01,BI-SUPPORT,Northgate Insight premium workspace administration and report support,280,5,5,none,0,paid,AP / ERP financial subledger,Sterling Supplier Invoices; Oracle AP; SAP AP; Coupa invoice match,AP-CF-001-04-3,CF-001_invoice_lines.csv,one row per supplier invoice line,Monthly controlled extract; refresh before each optimization gate,synthetic_demo_reviewed
meridian_health_global,v1-golden-evidence,CF-001,VND-001,Crestline Analytics Services LLC,INV-CF-001-04,INV-CF-001-04-4,MER-PO-CF-001-004,2025-10-01,2025-10-01,2025-10-01,CLIN-MARTS,Clinical quality and payer performance data product support,612480,10208,10208,none,0,paid,AP / ERP financial subledger,Sterling Supplier Invoices; Oracle AP; SAP AP; Coupa invoice match,AP-CF-001-04-4,CF-001_invoice_lines.csv,one row per supplier invoice line,Monthly controlled extract; refresh before each optimization gate,synthetic_demo_reviewed
meridian_health_global,v1-golden-evidence,CF-001,VND-001,Crestline Analytics Services LLC,INV-CF-001-05,INV-CF-001-05-1,MER-PO-CF-001-005,2025-11-01,2025-11-01,2025-11-01,DATA-OPS-MANAGED,24x7 data platform operations and monitoring,1625000,32500,32500,none,0,paid,AP / ERP financial subledger,Sterling Supplier Invoices; Oracle AP; SAP AP; Coupa invoice match,AP-CF-001-05-1,CF-001_invoice_lines.csv,one row per supplier invoice line,Monthly controlled extract; refresh before each optimization gate,synthetic_demo_reviewed
meridian_health_global,v1-golden-evidence,CF-001,VND-001,Crestline Analytics Services LLC,INV-CF-001-05,INV-CF-001-05-2,MER-PO-CF-001-005,2025-11-01,2025-11-01,2025-11-01,DATA-ENG-SQUAD,Data engineering product squad capacity,97405,1771,1771,none,0,paid,AP / ERP financial subledger,Sterling Supplier Invoices; Oracle AP; SAP AP; Coupa invoice match,AP-CF-001-05-2,CF-001_invoice_lines.csv,one row per supplier invoice line,Monthly controlled extract; refresh before each optimization gate,synthetic_demo_reviewed
meridian_health_global,v1-golden-evidence,CF-001,VND-001,Crestline Analytics Services LLC,INV-CF-001-05,INV-CF-001-05-3,MER-PO-CF-001-005,2025-11-01,2025-11-01,2025-11-01,BI-SUPPORT,Northgate Insight premium workspace administration and report support,300,5,5,none,0,paid,AP / ERP financial subledger,Sterling Supplier Invoices; Oracle AP; SAP AP; Coupa invoice match,AP-CF-001-05-3,CF-001_invoice_lines.csv,one row per supplier invoice line,Monthly controlled extract; refresh before each optimization gate,synthetic_demo_reviewed
meridian_health_global,v1-golden-evidence,CF-001,VND-001,Crestline Analytics Services LLC,INV-CF-001-05,INV-CF-001-05-4,MER-PO-CF-001-005,2025-11-01,2025-11-01,2025-11-01,CLIN-MARTS,Clinical quality and payer performance data product support,663520,10208,10208,none,0,paid,AP / ERP financial subledger,Sterling Supplier Invoices; Oracle AP; SAP AP; Coupa invoice match,AP-CF-001-05-4,CF-001_invoice_lines.csv,one row per supplier invoice line,Monthly controlled extract; refresh before each optimization gate,synthetic_demo_reviewed
meridian_health_global,v1-golden-evidence,CF-001,VND-001,Crestline Analytics Services LLC,INV-CF-001-06,INV-CF-001-06-1,MER-PO-CF-001-006,2025-12-01,2025-12-01,2025-12-01,DATA-OPS-MANAGED,24x7 data platform operations and monitoring,1909700,32500,36725,rate_above_contract_or_uncovered_line,219700,paid,AP / ERP financial subledger,Sterling Supplier Invoices; Oracle AP; SAP AP; Coupa invoice match,AP-CF-001-06-1,CF-001_invoice_lines.csv,one row per supplier invoice line,Monthly controlled extract; refresh before each optimization gate,synthetic_demo_reviewed
meridian_health_global,v1-golden-evidence,CF-001,VND-001,Crestline Analytics Services LLC,INV-CF-001-06,INV-CF-001-06-2,MER-PO-CF-001-006,2025-12-01,2025-12-01,2025-12-01,DATA-ENG-SQUAD,Data engineering product squad capacity,116058,1771,2001,rate_above_contract_or_uncovered_line,13340,paid,AP / ERP financial subledger,Sterling Supplier Invoices; Oracle AP; SAP AP; Coupa invoice match,AP-CF-001-06-2,CF-001_invoice_lines.csv,one row per supplier invoice line,Monthly controlled extract; refresh before each optimization gate,synthetic_demo_reviewed
meridian_health_global,v1-golden-evidence,CF-001,VND-001,Crestline Analytics Services LLC,INV-CF-001-06,INV-CF-001-06-3,MER-PO-CF-001-006,2025-12-01,2025-12-01,2025-12-01,BI-SUPPORT,Northgate Insight premium workspace administration and report support,384,5,6,rate_above_contract_or_uncovered_line,64,paid,AP / ERP financial subledger,Sterling Supplier Invoices; Oracle AP; SAP AP; Coupa invoice match,AP-CF-001-06-3,CF-001_invoice_lines.csv,one row per supplier invoice line,Monthly controlled extract; refresh before each optimization gate,synthetic_demo_reviewed
meridian_health_global,v1-golden-evidence,CF-001,VND-001,Crestline Analytics Services LLC,INV-CF-001-06,INV-CF-001-06-4,MER-PO-CF-001-006,2025-12-01,2025-12-01,2025-12-01,CLIN-MARTS,Clinical quality and payer performance data product support,807450,10208,11535,rate_above_contract_or_uncovered_line,92890,paid,AP / ERP financial subledger,Sterling Supplier Invoices; Oracle AP; SAP AP; Coupa invoice match,AP-CF-001-06-4,CF-001_invoice_lines.csv,one row per supplier invoice line,Monthly controlled extract; refresh before each optimization gate,synthetic_demo_reviewed
meridian_health_global,v1-golden-evidence,CF-001,VND-001,Crestline Analytics Services LLC,INV-CF-001-07,INV-CF-001-07-1,MER-PO-CF-001-007,2026-01-01,2026-01-01,2026-01-01,DATA-OPS-MANAGED,24x7 data platform operations and monitoring,1755000,32500,32500,none,0,paid,AP / ERP financial subledger,Sterling Supplier Invoices; Oracle AP; SAP AP; Coupa invoice match,AP-CF-001-07-1,CF-001_invoice_lines.csv,one row per supplier invoice line,Monthly controlled extract; refresh before each optimization gate,synthetic_demo_reviewed
meridian_health_global,v1-golden-evidence,CF-001,VND-001,Crestline Analytics Services LLC,INV-CF-001-07,INV-CF-001-07-2,MER-PO-CF-001-007,2026-01-01,2026-01-01,2026-01-01,DATA-ENG-SQUAD,Data engineering product squad capacity,108031,1771,1771,none,0,paid,AP / ERP financial subledger,Sterling Supplier Invoices; Oracle AP; SAP AP; Coupa invoice match,AP-CF-001-07-2,CF-001_invoice_lines.csv,one row per supplier invoice line,Monthly controlled extract; refresh before each optimization gate,synthetic_demo_reviewed
meridian_health_global,v1-golden-evidence,CF-001,VND-001,Crestline Analytics Services LLC,INV-CF-001-07,INV-CF-001-07-3,MER-PO-CF-001-007,2026-01-01,2026-01-01,2026-01-01,BI-SUPPORT,Northgate Insight premium workspace administration and report support,340,5,5,none,0,paid,AP / ERP financial subledger,Sterling Supplier Invoices; Oracle AP; SAP AP; Coupa invoice match,AP-CF-001-07-3,CF-001_invoice_lines.csv,one row per supplier invoice line,Monthly controlled extract; refresh before each optimization gate,synthetic_demo_reviewed
meridian_health_global,v1-golden-evidence,CF-001,VND-001,Crestline Analytics Services LLC,INV-CF-001-07,INV-CF-001-07-4,MER-PO-CF-001-007,2026-01-01,2026-01-01,2026-01-01,CLIN-MARTS,Clinical quality and payer performance data product support,765600,10208,10208,none,0,paid,AP / ERP financial subledger,Sterling Supplier Invoices; Oracle AP; SAP AP; Coupa invoice match,AP-CF-001-07-4,CF-001_invoice_lines.csv,one row per supplier invoice line,Monthly controlled extract; refresh before each optimization gate,synthetic_demo_reviewed
meridian_health_global,v1-golden-evidence,CF-001,VND-001,Crestline Analytics Services LLC,INV-CF-001-08,INV-CF-001-08-1,MER-PO-CF-001-008,2026-02-01,2026-02-01,2026-02-01,DATA-OPS-MANAGED,24x7 data platform operations and monitoring,1965600,32500,35100,rate_above_contract_or_uncovered_line,145600,paid,AP / ERP financial subledger,Sterling Supplier Invoices; Oracle AP; SAP AP; Coupa invoice match,AP-CF-001-08-1,CF-001_invoice_lines.csv,one row per supplier invoice line,Monthly controlled extract; refresh before each optimization gate,synthetic_demo_reviewed
meridian_health_global,v1-golden-evidence,CF-001,VND-001,Crestline Analytics Services LLC,INV-CF-001-08,INV-CF-001-08-2,MER-PO-CF-001-008,2026-02-01,2026-02-01,2026-02-01,DATA-ENG-SQUAD,Data engineering product squad capacity,122432,1771,1913,rate_above_contract_or_uncovered_line,9088,paid,AP / ERP financial subledger,Sterling Supplier Invoices; Oracle AP; SAP AP; Coupa invoice match,AP-CF-001-08-2,CF-001_invoice_lines.csv,one row per supplier invoice line,Monthly controlled extract; refresh before each optimization gate,synthetic_demo_reviewed
meridian_health_global,v1-golden-evidence,CF-001,VND-001,Crestline Analytics Services LLC,INV-CF-001-08,INV-CF-001-08-3,MER-PO-CF-001-008,2026-02-01,2026-02-01,2026-02-01,BI-SUPPORT,Northgate Insight premium workspace administration and report support,360,5,5,none,0,paid,AP / ERP financial subledger,Sterling Supplier Invoices; Oracle AP; SAP AP; Coupa invoice match,AP-CF-001-08-3,CF-001_invoice_lines.csv,one row per supplier invoice line,Monthly controlled extract; refresh before each optimization gate,synthetic_demo_reviewed
meridian_health_global,v1-golden-evidence,CF-001,VND-001,Crestline Analytics Services LLC,INV-CF-001-08,INV-CF-001-08-4,MER-PO-CF-001-008,2026-02-01,2026-02-01,2026-02-01,CLIN-MARTS,Clinical quality and payer performance data product support,882000,10208,11025,rate_above_contract_or_uncovered_line,65360,paid,AP / ERP financial subledger,Sterling Supplier Invoices; Oracle AP; SAP AP; Coupa invoice match,AP-CF-001-08-4,CF-001_invoice_lines.csv,one row per supplier invoice line,Monthly controlled extract; refresh before each optimization gate,synthetic_demo_reviewed
meridian_health_global,v1-golden-evidence,CF-001,VND-001,Crestline Analytics Services LLC,INV-CF-001-09,INV-CF-001-09-1,MER-PO-CF-001-009,2026-03-01,2026-03-01,2026-03-01,DATA-OPS-MANAGED,24x7 data platform operations and monitoring,1885000,32500,32500,none,0,paid,AP / ERP financial subledger,Sterling Supplier Invoices; Oracle AP; SAP AP; Coupa invoice match,AP-CF-001-09-1,CF-001_invoice_lines.csv,one row per supplier invoice line,Monthly controlled extract; refresh before each optimization gate,synthetic_demo_reviewed
meridian_health_global,v1-golden-evidence,CF-001,VND-001,Crestline Analytics Services LLC,INV-CF-001-09,INV-CF-001-09-2,MER-PO-CF-001-009,2026-03-01,2026-03-01,2026-03-01,DATA-ENG-SQUAD,Data engineering product squad capacity,118657,1771,1771,none,0,paid,AP / ERP financial subledger,Sterling Supplier Invoices; Oracle AP; SAP AP; Coupa invoice match,AP-CF-001-09-2,CF-001_invoice_lines.csv,one row per supplier invoice line,Monthly controlled extract; refresh before each optimization gate,synthetic_demo_reviewed
meridian_health_global,v1-golden-evidence,CF-001,VND-001,Crestline Analytics Services LLC,INV-CF-001-09,INV-CF-001-09-3,MER-PO-CF-001-009,2026-03-01,2026-03-01,2026-03-01,BI-SUPPORT,Northgate Insight premium workspace administration and report support,380,5,5,none,0,paid,AP / ERP financial subledger,Sterling Supplier Invoices; Oracle AP; SAP AP; Coupa invoice match,AP-CF-001-09-3,CF-001_invoice_lines.csv,one row per supplier invoice line,Monthly controlled extract; refresh before each optimization gate,synthetic_demo_reviewed
meridian_health_global,v1-golden-evidence,CF-001,VND-001,Crestline Analytics Services LLC,INV-CF-001-09,INV-CF-001-09-4,MER-PO-CF-001-009,2026-03-01,2026-03-01,2026-03-01,CLIN-MARTS,Clinical quality and payer performance data product support,867680,10208,10208,none,0,paid,AP / ERP financial subledger,Sterling Supplier Invoices; Oracle AP; SAP AP; Coupa invoice match,AP-CF-001-09-4,CF-001_invoice_lines.csv,one row per supplier invoice line,Monthly controlled extract; refresh before each optimization gate,synthetic_demo_reviewed
meridian_health_global,v1-golden-evidence,CF-001,VND-001,Crestline Analytics Services LLC,INV-CF-001-10,INV-CF-001-10-1,MER-PO-CF-001-010,2026-04-01,2026-04-01,2026-04-01,DATA-OPS-MANAGED,24x7 data platform operations and monitoring,1950000,32500,32500,none,0,paid,AP / ERP financial subledger,Sterling Supplier Invoices; Oracle AP; SAP AP; Coupa invoice match,AP-CF-001-10-1,CF-001_invoice_lines.csv,one row per supplier invoice line,Monthly controlled extract; refresh before each optimization gate,synthetic_demo_reviewed
meridian_health_global,v1-golden-evidence,CF-001,VND-001,Crestline Analytics Services LLC,INV-CF-001-10,INV-CF-001-10-2,MER-PO-CF-001-010,2026-04-01,2026-04-01,2026-04-01,DATA-ENG-SQUAD,Data engineering product squad capacity,123970,1771,1771,none,0,paid,AP / ERP financial subledger,Sterling Supplier Invoices; Oracle AP; SAP AP; Coupa invoice match,AP-CF-001-10-2,CF-001_invoice_lines.csv,one row per supplier invoice line,Monthly controlled extract; refresh before each optimization gate,synthetic_demo_reviewed
meridian_health_global,v1-golden-evidence,CF-001,VND-001,Crestline Analytics Services LLC,INV-CF-001-10,INV-CF-001-10-3,MER-PO-CF-001-010,2026-04-01,2026-04-01,2026-04-01,BI-SUPPORT,Northgate Insight premium workspace administration and report support,400,5,5,none,0,paid,AP / ERP financial subledger,Sterling Supplier Invoices; Oracle AP; SAP AP; Coupa invoice match,AP-CF-001-10-3,CF-001_invoice_lines.csv,one row per supplier invoice line,Monthly controlled extract; refresh before each optimization gate,synthetic_demo_reviewed
meridian_health_global,v1-golden-evidence,CF-001,VND-001,Crestline Analytics Services LLC,INV-CF-001-10,INV-CF-001-10-4,MER-PO-CF-001-010,2026-04-01,2026-04-01,2026-04-01,CLIN-MARTS,Clinical quality and payer performance data product support,918720,10208,10208,none,0,paid,AP / ERP financial subledger,Sterling Supplier Invoices; Oracle AP; SAP AP; Coupa invoice match,AP-CF-001-10-4,CF-001_invoice_lines.csv,one row per supplier invoice line,Monthly controlled extract; refresh before each optimization gate,synthetic_demo_reviewed
meridian_health_global,v1-golden-evidence,CF-001,VND-001,Crestline Analytics Services LLC,INV-CF-001-11,INV-CF-001-11-1,MER-PO-CF-001-011,2026-05-01,2026-05-01,2026-05-01,DATA-OPS-MANAGED,24x7 data platform operations and monitoring,2276950,32500,36725,rate_above_contract_or_uncovered_line,261950,paid,AP / ERP financial subledger,Sterling Supplier Invoices; Oracle AP; SAP AP; Coupa invoice match,AP-CF-001-11-1,CF-001_invoice_lines.csv,one row per supplier invoice line,Monthly controlled extract; refresh before each optimization gate,synthetic_demo_reviewed
meridian_health_global,v1-golden-evidence,CF-001,VND-001,Crestline Analytics Services LLC,INV-CF-001-11,INV-CF-001-11-2,MER-PO-CF-001-011,2026-05-01,2026-05-01,2026-05-01,DATA-ENG-SQUAD,Data engineering product squad capacity,146073,1771,2001,rate_above_contract_or_uncovered_line,16790,paid,AP / ERP financial subledger,Sterling Supplier Invoices; Oracle AP; SAP AP; Coupa invoice match,AP-CF-001-11-2,CF-001_invoice_lines.csv,one row per supplier invoice line,Monthly controlled extract; refresh before each optimization gate,synthetic_demo_reviewed
meridian_health_global,v1-golden-evidence,CF-001,VND-001,Crestline Analytics Services LLC,INV-CF-001-11,INV-CF-001-11-3,MER-PO-CF-001-011,2026-05-01,2026-05-01,2026-05-01,BI-SUPPORT,Northgate Insight premium workspace administration and report support,504,5,6,rate_above_contract_or_uncovered_line,84,paid,AP / ERP financial subledger,Sterling Supplier Invoices; Oracle AP; SAP AP; Coupa invoice match,AP-CF-001-11-3,CF-001_invoice_lines.csv,one row per supplier invoice line,Monthly controlled extract; refresh before each optimization gate,synthetic_demo_reviewed
meridian_health_global,v1-golden-evidence,CF-001,VND-001,Crestline Analytics Services LLC,INV-CF-001-11,INV-CF-001-11-4,MER-PO-CF-001-011,2026-05-01,2026-05-01,2026-05-01,CLIN-MARTS,Clinical quality and payer performance data product support,1095825,10208,11535,rate_above_contract_or_uncovered_line,126065,paid,AP / ERP financial subledger,Sterling Supplier Invoices; Oracle AP; SAP AP; Coupa invoice match,AP-CF-001-11-4,CF-001_invoice_lines.csv,one row per supplier invoice line,Monthly controlled extract; refresh before each optimization gate,synthetic_demo_reviewed
meridian_health_global,v1-golden-evidence,CF-001,VND-001,Crestline Analytics Services LLC,INV-CF-001-12,INV-CF-001-12-1,MER-PO-CF-001-012,2026-06-01,2026-06-01,2026-06-01,DATA-OPS-MANAGED,24x7 data platform operations and monitoring,2080000,32500,32500,none,0,paid,AP / ERP financial subledger,Sterling Supplier Invoices; Oracle AP; SAP AP; Coupa invoice match,AP-CF-001-12-1,CF-001_invoice_lines.csv,one row per supplier invoice line,Monthly controlled extract; refresh before each optimization gate,synthetic_demo_reviewed
meridian_health_global,v1-golden-evidence,CF-001,VND-001,Crestline Analytics Services LLC,INV-CF-001-12,INV-CF-001-12-2,MER-PO-CF-001-012,2026-06-01,2026-06-01,2026-06-01,DATA-ENG-SQUAD,Data engineering product squad capacity,134596,1771,1771,none,0,paid,AP / ERP financial subledger,Sterling Supplier Invoices; Oracle AP; SAP AP; Coupa invoice match,AP-CF-001-12-2,CF-001_invoice_lines.csv,one row per supplier invoice line,Monthly controlled extract; refresh before each optimization gate,synthetic_demo_reviewed
meridian_health_global,v1-golden-evidence,CF-001,VND-001,Crestline Analytics Services LLC,INV-CF-001-12,INV-CF-001-12-3,MER-PO-CF-001-012,2026-06-01,2026-06-01,2026-06-01,BI-SUPPORT,Northgate Insight premium workspace administration and report support,440,5,5,none,0,paid,AP / ERP financial subledger,Sterling Supplier Invoices; Oracle AP; SAP AP; Coupa invoice match,AP-CF-001-12-3,CF-001_invoice_lines.csv,one row per supplier invoice line,Monthly controlled extract; refresh before each optimization gate,synthetic_demo_reviewed
meridian_health_global,v1-golden-evidence,CF-001,VND-001,Crestline Analytics Services LLC,INV-CF-001-12,INV-CF-001-12-4,MER-PO-CF-001-012,2026-06-01,2026-06-01,2026-06-01,CLIN-MARTS,Clinical quality and payer performance data product support,1020800,10208,10208,none,0,paid,AP / ERP financial subledger,Sterling Supplier Invoices; Oracle AP; SAP AP; Coupa invoice match,AP-CF-001-12-4,CF-001_invoice_lines.csv,one row per supplier invoice line,Monthly controlled extract; refresh before each optimization gate,synthetic_demo_reviewed
meridian_health_global,v1-golden-evidence,CF-001,VND-001,Crestline Analytics Services LLC,INV-CF-001-13,INV-CF-001-13-1,MER-PO-CF-001-001,2026-07-01,2026-07-01,2026-07-01,DATA-OPS-MANAGED,24x7 data platform operations and monitoring,2145000,32500,32500,none,0,paid,AP / ERP financial subledger,Sterling Supplier Invoices; Oracle AP; SAP AP; Coupa invoice match,AP-CF-001-13-1,CF-001_invoice_lines.csv,one row per supplier invoice line,Monthly controlled extract; refresh before each optimization gate,synthetic_demo_reviewed
meridian_health_global,v1-golden-evidence,CF-001,VND-001,Crestline Analytics Services LLC,INV-CF-001-13,INV-CF-001-13-2,MER-PO-CF-001-001,2026-07-01,2026-07-01,2026-07-01,DATA-ENG-SQUAD,Data engineering product squad capacity,139909,1771,1771,none,0,paid,AP / ERP financial subledger,Sterling Supplier Invoices; Oracle AP; SAP AP; Coupa invoice match,AP-CF-001-13-2,CF-001_invoice_lines.csv,one row per supplier invoice line,Monthly controlled extract; refresh before each optimization gate,synthetic_demo_reviewed
meridian_health_global,v1-golden-evidence,CF-001,VND-001,Crestline Analytics Services LLC,INV-CF-001-13,INV-CF-001-13-3,MER-PO-CF-001-001,2026-07-01,2026-07-01,2026-07-01,BI-SUPPORT,Northgate Insight premium workspace administration and report support,460,5,5,none,0,paid,AP / ERP financial subledger,Sterling Supplier Invoices; Oracle AP; SAP AP; Coupa invoice match,AP-CF-001-13-3,CF-001_invoice_lines.csv,one row per supplier invoice line,Monthly controlled extract; refresh before each optimization gate,synthetic_demo_reviewed
meridian_health_global,v1-golden-evidence,CF-001,VND-001,Crestline Analytics Services LLC,INV-CF-001-13,INV-CF-001-13-4,MER-PO-CF-001-001,2026-07-01,2026-07-01,2026-07-01,CLIN-MARTS,Clinical quality and payer performance data product support,1071840,10208,10208,none,0,paid,AP / ERP financial subledger,Sterling Supplier Invoices; Oracle AP; SAP AP; Coupa invoice match,AP-CF-001-13-4,CF-001_invoice_lines.csv,one row per supplier invoice line,Monthly controlled extract; refresh before each optimization gate,synthetic_demo_reviewed
meridian_health_global,v1-golden-evidence,CF-001,VND-001,Crestline Analytics Services LLC,INV-CF-001-14,INV-CF-001-14-1,MER-PO-CF-001-002,2026-08-01,2026-08-01,2026-08-01,DATA-OPS-MANAGED,24x7 data platform operations and monitoring,2210000,32500,32500,none,0,paid,AP / ERP financial subledger,Sterling Supplier Invoices; Oracle AP; SAP AP; Coupa invoice match,AP-CF-001-14-1,CF-001_invoice_lines.csv,one row per supplier invoice line,Monthly controlled extract; refresh before each optimization gate,synthetic_demo_reviewed
meridian_health_global,v1-golden-evidence,CF-001,VND-001,Crestline Analytics Services LLC,INV-CF-001-14,INV-CF-001-14-2,MER-PO-CF-001-002,2026-08-01,2026-08-01,2026-08-01,DATA-ENG-SQUAD,Data engineering product squad capacity,145222,1771,1771,none,0,paid,AP / ERP financial subledger,Sterling Supplier Invoices; Oracle AP; SAP AP; Coupa invoice match,AP-CF-001-14-2,CF-001_invoice_lines.csv,one row per supplier invoice line,Monthly controlled extract; refresh before each optimization gate,synthetic_demo_reviewed
meridian_health_global,v1-golden-evidence,CF-001,VND-001,Crestline Analytics Services LLC,INV-CF-001-14,INV-CF-001-14-3,MER-PO-CF-001-002,2026-08-01,2026-08-01,2026-08-01,BI-SUPPORT,Northgate Insight premium workspace administration and report support,480,5,5,none,0,paid,AP / ERP financial subledger,Sterling Supplier Invoices; Oracle AP; SAP AP; Coupa invoice match,AP-CF-001-14-3,CF-001_invoice_lines.csv,one row per supplier invoice line,Monthly controlled extract; refresh before each optimization gate,synthetic_demo_reviewed
meridian_health_global,v1-golden-evidence,CF-001,VND-001,Crestline Analytics Services LLC,INV-CF-001-14,INV-CF-001-14-4,MER-PO-CF-001-002,2026-08-01,2026-08-01,2026-08-01,CLIN-MARTS,Clinical quality and payer performance data product support,1122880,10208,10208,none,0,paid,AP / ERP financial subledger,Sterling Supplier Invoices; Oracle AP; SAP AP; Coupa invoice match,AP-CF-001-14-4,CF-001_invoice_lines.csv,one row per supplier invoice line,Monthly controlled extract; refresh before each optimization gate,synthetic_demo_reviewed
meridian_health_global,v1-golden-evidence,CF-001,VND-001,Crestline Analytics Services LLC,INV-CF-001-15,INV-CF-001-15-1,MER-PO-CF-001-003,2026-09-01,2026-09-01,2026-09-01,DATA-OPS-MANAGED,24x7 data platform operations and monitoring,2457000,32500,35100,rate_above_contract_or_uncovered_line,182000,paid,AP / ERP financial subledger,Sterling Supplier Invoices; Oracle AP; SAP AP; Coupa invoice match,AP-CF-001-15-1,CF-001_invoice_lines.csv,one row per supplier invoice line,Monthly controlled extract; refresh before each optimization gate,synthetic_demo_reviewed
meridian_health_global,v1-golden-evidence,CF-001,VND-001,Crestline Analytics Services LLC,INV-CF-001-15,INV-CF-001-15-2,MER-PO-CF-001-003,2026-09-01,2026-09-01,2026-09-01,DATA-ENG-SQUAD,Data engineering product squad capacity,162605,1771,1913,rate_above_contract_or_uncovered_line,12070,paid,AP / ERP financial subledger,Sterling Supplier Invoices; Oracle AP; SAP AP; Coupa invoice match,AP-CF-001-15-2,CF-001_invoice_lines.csv,one row per supplier invoice line,Monthly controlled extract; refresh before each optimization gate,synthetic_demo_reviewed
meridian_health_global,v1-golden-evidence,CF-001,VND-001,Crestline Analytics Services LLC,INV-CF-001-15,INV-CF-001-15-3,MER-PO-CF-001-003,2026-09-01,2026-09-01,2026-09-01,BI-SUPPORT,Northgate Insight premium workspace administration and report support,500,5,5,none,0,paid,AP / ERP financial subledger,Sterling Supplier Invoices; Oracle AP; SAP AP; Coupa invoice match,AP-CF-001-15-3,CF-001_invoice_lines.csv,one row per supplier invoice line,Monthly controlled extract; refresh before each optimization gate,synthetic_demo_reviewed
meridian_health_global,v1-golden-evidence,CF-001,VND-001,Crestline Analytics Services LLC,INV-CF-001-15,INV-CF-001-15-4,MER-PO-CF-001-003,2026-09-01,2026-09-01,2026-09-01,CLIN-MARTS,Clinical quality and payer performance data product support,1267875,10208,11025,rate_above_contract_or_uncovered_line,93955,paid,AP / ERP financial subledger,Sterling Supplier Invoices; Oracle AP; SAP AP; Coupa invoice match,AP-CF-001-15-4,CF-001_invoice_lines.csv,one row per supplier invoice line,Monthly controlled extract; refresh before each optimization gate,synthetic_demo_reviewed
meridian_health_global,v1-golden-evidence,CF-001,VND-001,Crestline Analytics Services LLC,INV-CF-001-16,INV-CF-001-16-1,MER-PO-CF-001-004,2026-10-01,2026-10-01,2026-10-01,DATA-OPS-MANAGED,24x7 data platform operations and monitoring,2644200,32500,36725,rate_above_contract_or_uncovered_line,304200,paid,AP / ERP financial subledger,Sterling Supplier Invoices; Oracle AP; SAP AP; Coupa invoice match,AP-CF-001-16-1,CF-001_invoice_lines.csv,one row per supplier invoice line,Monthly controlled extract; refresh before each optimization gate,synthetic_demo_reviewed
meridian_health_global,v1-golden-evidence,CF-001,VND-001,Crestline Analytics Services LLC,INV-CF-001-16,INV-CF-001-16-2,MER-PO-CF-001-004,2026-10-01,2026-10-01,2026-10-01,DATA-ENG-SQUAD,Data engineering product squad capacity,176088,1771,2001,rate_above_contract_or_uncovered_line,20240,paid,AP / ERP financial subledger,Sterling Supplier Invoices; Oracle AP; SAP AP; Coupa invoice match,AP-CF-001-16-2,CF-001_invoice_lines.csv,one row per supplier invoice line,Monthly controlled extract; refresh before each optimization gate,synthetic_demo_reviewed
meridian_health_global,v1-golden-evidence,CF-001,VND-001,Crestline Analytics Services LLC,INV-CF-001-16,INV-CF-001-16-3,MER-PO-CF-001-004,2026-10-01,2026-10-01,2026-10-01,BI-SUPPORT,Northgate Insight premium workspace administration and report support,624,5,6,rate_above_contract_or_uncovered_line,104,paid,AP / ERP financial subledger,Sterling Supplier Invoices; Oracle AP; SAP AP; Coupa invoice match,AP-CF-001-16-3,CF-001_invoice_lines.csv,one row per supplier invoice line,Monthly controlled extract; refresh before each optimization gate,synthetic_demo_reviewed
meridian_health_global,v1-golden-evidence,CF-001,VND-001,Crestline Analytics Services LLC,INV-CF-001-16,INV-CF-001-16-4,MER-PO-CF-001-004,2026-10-01,2026-10-01,2026-10-01,CLIN-MARTS,Clinical quality and payer performance data product support,1384200,10208,11535,rate_above_contract_or_uncovered_line,159240,paid,AP / ERP financial subledger,Sterling Supplier Invoices; Oracle AP; SAP AP; Coupa invoice match,AP-CF-001-16-4,CF-001_invoice_lines.csv,one row per supplier invoice line,Monthly controlled extract; refresh before each optimization gate,synthetic_demo_reviewed
meridian_health_global,v1-golden-evidence,CF-001,VND-001,Crestline Analytics Services LLC,INV-CF-001-17,INV-CF-001-17-1,MER-PO-CF-001-005,2026-11-01,2026-11-01,2026-11-01,DATA-OPS-MANAGED,24x7 data platform operations and monitoring,2405000,32500,32500,none,0,paid,AP / ERP financial subledger,Sterling Supplier Invoices; Oracle AP; SAP AP; Coupa invoice match,AP-CF-001-17-1,CF-001_invoice_lines.csv,one row per supplier invoice line,Monthly controlled extract; refresh before each optimization gate,synthetic_demo_reviewed
meridian_health_global,v1-golden-evidence,CF-001,VND-001,Crestline Analytics Services LLC,INV-CF-001-17,INV-CF-001-17-2,MER-PO-CF-001-005,2026-11-01,2026-11-01,2026-11-01,DATA-ENG-SQUAD,Data engineering product squad capacity,161161,1771,1771,none,0,paid,AP / ERP financial subledger,Sterling Supplier Invoices; Oracle AP; SAP AP; Coupa invoice match,AP-CF-001-17-2,CF-001_invoice_lines.csv,one row per supplier invoice line,Monthly controlled extract; refresh before each optimization gate,synthetic_demo_reviewed
meridian_health_global,v1-golden-evidence,CF-001,VND-001,Crestline Analytics Services LLC,INV-CF-001-17,INV-CF-001-17-3,MER-PO-CF-001-005,2026-11-01,2026-11-01,2026-11-01,BI-SUPPORT,Northgate Insight premium workspace administration and report support,540,5,5,none,0,paid,AP / ERP financial subledger,Sterling Supplier Invoices; Oracle AP; SAP AP; Coupa invoice match,AP-CF-001-17-3,CF-001_invoice_lines.csv,one row per supplier invoice line,Monthly controlled extract; refresh before each optimization gate,synthetic_demo_reviewed
meridian_health_global,v1-golden-evidence,CF-001,VND-001,Crestline Analytics Services LLC,INV-CF-001-17,INV-CF-001-17-4,MER-PO-CF-001-005,2026-11-01,2026-11-01,2026-11-01,CLIN-MARTS,Clinical quality and payer performance data product support,1276000,10208,10208,none,0,paid,AP / ERP financial subledger,Sterling Supplier Invoices; Oracle AP; SAP AP; Coupa invoice match,AP-CF-001-17-4,CF-001_invoice_lines.csv,one row per supplier invoice line,Monthly controlled extract; refresh before each optimization gate,synthetic_demo_reviewed
meridian_health_global,v1-golden-evidence,CF-001,VND-001,Crestline Analytics Services LLC,INV-CF-001-18,INV-CF-001-18-1,MER-PO-CF-001-006,2026-12-01,2026-12-01,2026-12-01,DATA-OPS-MANAGED,24x7 data platform operations and monitoring,2470000,32500,32500,none,0,paid,AP / ERP financial subledger,Sterling Supplier Invoices; Oracle AP; SAP AP; Coupa invoice match,AP-CF-001-18-1,CF-001_invoice_lines.csv,one row per supplier invoice line,Monthly controlled extract; refresh before each optimization gate,synthetic_demo_reviewed
meridian_health_global,v1-golden-evidence,CF-001,VND-001,Crestline Analytics Services LLC,INV-CF-001-18,INV-CF-001-18-2,MER-PO-CF-001-006,2026-12-01,2026-12-01,2026-12-01,DATA-ENG-SQUAD,Data engineering product squad capacity,166474,1771,1771,none,0,paid,AP / ERP financial subledger,Sterling Supplier Invoices; Oracle AP; SAP AP; Coupa invoice match,AP-CF-001-18-2,CF-001_invoice_lines.csv,one row per supplier invoice line,Monthly controlled extract; refresh before each optimization gate,synthetic_demo_reviewed
meridian_health_global,v1-golden-evidence,CF-001,VND-001,Crestline Analytics Services LLC,INV-CF-001-18,INV-CF-001-18-3,MER-PO-CF-001-006,2026-12-01,2026-12-01,2026-12-01,BI-SUPPORT,Northgate Insight premium workspace administration and report support,560,5,5,none,0,paid,AP / ERP financial subledger,Sterling Supplier Invoices; Oracle AP; SAP AP; Coupa invoice match,AP-CF-001-18-3,CF-001_invoice_lines.csv,one row per supplier invoice line,Monthly controlled extract; refresh before each optimization gate,synthetic_demo_reviewed
meridian_health_global,v1-golden-evidence,CF-001,VND-001,Crestline Analytics Services LLC,INV-CF-001-18,INV-CF-001-18-4,MER-PO-CF-001-006,2026-12-01,2026-12-01,2026-12-01,CLIN-MARTS,Clinical quality and payer performance data product support,1327040,10208,10208,none,0,paid,AP / ERP financial subledger,Sterling Supplier Invoices; Oracle AP; SAP AP; Coupa invoice match,AP-CF-001-18-4,CF-001_invoice_lines.csv,one row per supplier invoice line,Monthly controlled extract; refresh before each optimization gate,synthetic_demo_reviewed
meridian_health_global,v1-golden-evidence,CF-001,VND-001,Crestline Analytics Services LLC,INV-CF-001-19,INV-CF-001-19-1,MER-PO-CF-001-007,2027-01-01,2027-01-01,2027-01-01,DATA-OPS-MANAGED,24x7 data platform operations and monitoring,2535000,32500,32500,none,0,paid,AP / ERP financial subledger,Sterling Supplier Invoices; Oracle AP; SAP AP; Coupa invoice match,AP-CF-001-19-1,CF-001_invoice_lines.csv,one row per supplier invoice line,Monthly controlled extract; refresh before each optimization gate,synthetic_demo_reviewed
meridian_health_global,v1-golden-evidence,CF-001,VND-001,Crestline Analytics Services LLC,INV-CF-001-19,INV-CF-001-19-2,MER-PO-CF-001-007,2027-01-01,2027-01-01,2027-01-01,DATA-ENG-SQUAD,Data engineering product squad capacity,171787,1771,1771,none,0,paid,AP / ERP financial subledger,Sterling Supplier Invoices; Oracle AP; SAP AP; Coupa invoice match,AP-CF-001-19-2,CF-001_invoice_lines.csv,one row per supplier invoice line,Monthly controlled extract; refresh before each optimization gate,synthetic_demo_reviewed
meridian_health_global,v1-golden-evidence,CF-001,VND-001,Crestline Analytics Services LLC,INV-CF-001-19,INV-CF-001-19-3,MER-PO-CF-001-007,2027-01-01,2027-01-01,2027-01-01,BI-SUPPORT,Northgate Insight premium workspace administration and report support,580,5,5,none,0,paid,AP / ERP financial subledger,Sterling Supplier Invoices; Oracle AP; SAP AP; Coupa invoice match,AP-CF-001-19-3,CF-001_invoice_lines.csv,one row per supplier invoice line,Monthly controlled extract; refresh before each optimization gate,synthetic_demo_reviewed
meridian_health_global,v1-golden-evidence,CF-001,VND-001,Crestline Analytics Services LLC,INV-CF-001-19,INV-CF-001-19-4,MER-PO-CF-001-007,2027-01-01,2027-01-01,2027-01-01,CLIN-MARTS,Clinical quality and payer performance data product support,1378080,10208,10208,none,0,paid,AP / ERP financial subledger,Sterling Supplier Invoices; Oracle AP; SAP AP; Coupa invoice match,AP-CF-001-19-4,CF-001_invoice_lines.csv,one row per supplier invoice line,Monthly controlled extract; refresh before each optimization gate,synthetic_demo_reviewed
meridian_health_global,v1-golden-evidence,CF-001,VND-001,Crestline Analytics Services LLC,INV-CF-001-20,INV-CF-001-20-1,MER-PO-CF-001-008,2027-02-01,2027-02-01,2027-02-01,DATA-OPS-MANAGED,24x7 data platform operations and monitoring,2600000,32500,32500,none,0,paid,AP / ERP financial subledger,Sterling Supplier Invoices; Oracle AP; SAP AP; Coupa invoice match,AP-CF-001-20-1,CF-001_invoice_lines.csv,one row per supplier invoice line,Monthly controlled extract; refresh before each optimization gate,synthetic_demo_reviewed
meridian_health_global,v1-golden-evidence,CF-001,VND-001,Crestline Analytics Services LLC,INV-CF-001-20,INV-CF-001-20-2,MER-PO-CF-001-008,2027-02-01,2027-02-01,2027-02-01,DATA-ENG-SQUAD,Data engineering product squad capacity,177100,1771,1771,none,0,paid,AP / ERP financial subledger,Sterling Supplier Invoices; Oracle AP; SAP AP; Coupa invoice match,AP-CF-001-20-2,CF-001_invoice_lines.csv,one row per supplier invoice line,Monthly controlled extract; refresh before each optimization gate,synthetic_demo_reviewed
meridian_health_global,v1-golden-evidence,CF-001,VND-001,Crestline Analytics Services LLC,INV-CF-001-20,INV-CF-001-20-3,MER-PO-CF-001-008,2027-02-01,2027-02-01,2027-02-01,BI-SUPPORT,Northgate Insight premium workspace administration and report support,600,5,5,none,0,paid,AP / ERP financial subledger,Sterling Supplier Invoices; Oracle AP; SAP AP; Coupa invoice match,AP-CF-001-20-3,CF-001_invoice_lines.csv,one row per supplier invoice line,Monthly controlled extract; refresh before each optimization gate,synthetic_demo_reviewed
meridian_health_global,v1-golden-evidence,CF-001,VND-001,Crestline Analytics Services LLC,INV-CF-001-20,INV-CF-001-20-4,MER-PO-CF-001-008,2027-02-01,2027-02-01,2027-02-01,CLIN-MARTS,Clinical quality and payer performance data product support,1429120,10208,10208,none,0,paid,AP / ERP financial subledger,Sterling Supplier Invoices; Oracle AP; SAP AP; Coupa invoice match,AP-CF-001-20-4,CF-001_invoice_lines.csv,one row per supplier invoice line,Monthly controlled extract; refresh before each optimization gate,synthetic_demo_reviewed
meridian_health_global,v1-golden-evidence,CF-001,VND-001,Crestline Analytics Services LLC,INV-CF-001-21,INV-CF-001-21-1,MER-PO-CF-001-009,2027-03-01,2027-03-01,2027-03-01,DATA-OPS-MANAGED,24x7 data platform operations and monitoring,3011450,32500,36725,rate_above_contract_or_uncovered_line,346450,approved_not_paid,AP / ERP financial subledger,Sterling Supplier Invoices; Oracle AP; SAP AP; Coupa invoice match,AP-CF-001-21-1,CF-001_invoice_lines.csv,one row per supplier invoice line,Monthly controlled extract; refresh before each optimization gate,synthetic_demo_reviewed
meridian_health_global,v1-golden-evidence,CF-001,VND-001,Crestline Analytics Services LLC,INV-CF-001-21,INV-CF-001-21-2,MER-PO-CF-001-009,2027-03-01,2027-03-01,2027-03-01,DATA-ENG-SQUAD,Data engineering product squad capacity,206103,1771,2001,rate_above_contract_or_uncovered_line,23690,approved_not_paid,AP / ERP financial subledger,Sterling Supplier Invoices; Oracle AP; SAP AP; Coupa invoice match,AP-CF-001-21-2,CF-001_invoice_lines.csv,one row per supplier invoice line,Monthly controlled extract; refresh before each optimization gate,synthetic_demo_reviewed
meridian_health_global,v1-golden-evidence,CF-001,VND-001,Crestline Analytics Services LLC,INV-CF-001-21,INV-CF-001-21-3,MER-PO-CF-001-009,2027-03-01,2027-03-01,2027-03-01,BI-SUPPORT,Northgate Insight premium workspace administration and report support,744,5,6,rate_above_contract_or_uncovered_line,124,approved_not_paid,AP / ERP financial subledger,Sterling Supplier Invoices; Oracle AP; SAP AP; Coupa invoice match,AP-CF-001-21-3,CF-001_invoice_lines.csv,one row per supplier invoice line,Monthly controlled extract; refresh before each optimization gate,synthetic_demo_reviewed
meridian_health_global,v1-golden-evidence,CF-001,VND-001,Crestline Analytics Services LLC,INV-CF-001-21,INV-CF-001-21-4,MER-PO-CF-001-009,2027-03-01,2027-03-01,2027-03-01,CLIN-MARTS,Clinical quality and payer performance data product support,1672575,10208,11535,rate_above_contract_or_uncovered_line,192415,approved_not_paid,AP / ERP financial subledger,Sterling Supplier Invoices; Oracle AP; SAP AP; Coupa invoice match,AP-CF-001-21-4,CF-001_invoice_lines.csv,one row per supplier invoice line,Monthly controlled extract; refresh before each optimization gate,synthetic_demo_reviewed
meridian_health_global,v1-golden-evidence,CF-001,VND-001,Crestline Analytics Services LLC,INV-CF-001-22,INV-CF-001-22-1,MER-PO-CF-001-010,2027-04-01,2027-04-01,2027-04-01,DATA-OPS-MANAGED,24x7 data platform operations and monitoring,2948400,32500,35100,rate_above_contract_or_uncovered_line,218400,approved_not_paid,AP / ERP financial subledger,Sterling Supplier Invoices; Oracle AP; SAP AP; Coupa invoice match,AP-CF-001-22-1,CF-001_invoice_lines.csv,one row per supplier invoice line,Monthly controlled extract; refresh before each optimization gate,synthetic_demo_reviewed
meridian_health_global,v1-golden-evidence,CF-001,VND-001,Crestline Analytics Services LLC,INV-CF-001-22,INV-CF-001-22-2,MER-PO-CF-001-010,2027-04-01,2027-04-01,2027-04-01,DATA-ENG-SQUAD,Data engineering product squad capacity,202778,1771,1913,rate_above_contract_or_uncovered_line,15052,approved_not_paid,AP / ERP financial subledger,Sterling Supplier Invoices; Oracle AP; SAP AP; Coupa invoice match,AP-CF-001-22-2,CF-001_invoice_lines.csv,one row per supplier invoice line,Monthly controlled extract; refresh before each optimization gate,synthetic_demo_reviewed
meridian_health_global,v1-golden-evidence,CF-001,VND-001,Crestline Analytics Services LLC,INV-CF-001-22,INV-CF-001-22-3,MER-PO-CF-001-010,2027-04-01,2027-04-01,2027-04-01,BI-SUPPORT,Northgate Insight premium workspace administration and report support,640,5,5,none,0,approved_not_paid,AP / ERP financial subledger,Sterling Supplier Invoices; Oracle AP; SAP AP; Coupa invoice match,AP-CF-001-22-3,CF-001_invoice_lines.csv,one row per supplier invoice line,Monthly controlled extract; refresh before each optimization gate,synthetic_demo_reviewed
meridian_health_global,v1-golden-evidence,CF-001,VND-001,Crestline Analytics Services LLC,INV-CF-001-22,INV-CF-001-22-4,MER-PO-CF-001-010,2027-04-01,2027-04-01,2027-04-01,CLIN-MARTS,Clinical quality and payer performance data product support,1653750,10208,11025,rate_above_contract_or_uncovered_line,122550,approved_not_paid,AP / ERP financial subledger,Sterling Supplier Invoices; Oracle AP; SAP AP; Coupa invoice match,AP-CF-001-22-4,CF-001_invoice_lines.csv,one row per supplier invoice line,Monthly controlled extract; refresh before each optimization gate,synthetic_demo_reviewed
meridian_health_global,v1-golden-evidence,CF-001,VND-001,Crestline Analytics Services LLC,INV-CF-001-23,INV-CF-001-23-1,MER-PO-CF-001-011,2027-05-01,2027-05-01,2027-05-01,DATA-OPS-MANAGED,24x7 data platform operations and monitoring,2795000,32500,32500,none,0,approved_not_paid,AP / ERP financial subledger,Sterling Supplier Invoices; Oracle AP; SAP AP; Coupa invoice match,AP-CF-001-23-1,CF-001_invoice_lines.csv,one row per supplier invoice line,Monthly controlled extract; refresh before each optimization gate,synthetic_demo_reviewed
meridian_health_global,v1-golden-evidence,CF-001,VND-001,Crestline Analytics Services LLC,INV-CF-001-23,INV-CF-001-23-2,MER-PO-CF-001-011,2027-05-01,2027-05-01,2027-05-01,DATA-ENG-SQUAD,Data engineering product squad capacity,193039,1771,1771,none,0,approved_not_paid,AP / ERP financial subledger,Sterling Supplier Invoices; Oracle AP; SAP AP; Coupa invoice match,AP-CF-001-23-2,CF-001_invoice_lines.csv,one row per supplier invoice line,Monthly controlled extract; refresh before each optimization gate,synthetic_demo_reviewed
meridian_health_global,v1-golden-evidence,CF-001,VND-001,Crestline Analytics Services LLC,INV-CF-001-23,INV-CF-001-23-3,MER-PO-CF-001-011,2027-05-01,2027-05-01,2027-05-01,BI-SUPPORT,Northgate Insight premium workspace administration and report support,660,5,5,none,0,approved_not_paid,AP / ERP financial subledger,Sterling Supplier Invoices; Oracle AP; SAP AP; Coupa invoice match,AP-CF-001-23-3,CF-001_invoice_lines.csv,one row per supplier invoice line,Monthly controlled extract; refresh before each optimization gate,synthetic_demo_reviewed
meridian_health_global,v1-golden-evidence,CF-001,VND-001,Crestline Analytics Services LLC,INV-CF-001-23,INV-CF-001-23-4,MER-PO-CF-001-011,2027-05-01,2027-05-01,2027-05-01,CLIN-MARTS,Clinical quality and payer performance data product support,1582240,10208,10208,none,0,approved_not_paid,AP / ERP financial subledger,Sterling Supplier Invoices; Oracle AP; SAP AP; Coupa invoice match,AP-CF-001-23-4,CF-001_invoice_lines.csv,one row per supplier invoice line,Monthly controlled extract; refresh before each optimization gate,synthetic_demo_reviewed
meridian_health_global,v1-golden-evidence,CF-001,VND-001,Crestline Analytics Services LLC,INV-CF-001-24,INV-CF-001-24-1,MER-PO-CF-001-012,2027-06-01,2027-06-01,2027-06-01,DATA-OPS-MANAGED,24x7 data platform operations and monitoring,2860000,32500,32500,none,0,approved_not_paid,AP / ERP financial subledger,Sterling Supplier Invoices; Oracle AP; SAP AP; Coupa invoice match,AP-CF-001-24-1,CF-001_invoice_lines.csv,one row per supplier invoice line,Monthly controlled extract; refresh before each optimization gate,synthetic_demo_reviewed
meridian_health_global,v1-golden-evidence,CF-001,VND-001,Crestline Analytics Services LLC,INV-CF-001-24,INV-CF-001-24-2,MER-PO-CF-001-012,2027-06-01,2027-06-01,2027-06-01,DATA-ENG-SQUAD,Data engineering product squad capacity,198352,1771,1771,none,0,approved_not_paid,AP / ERP financial subledger,Sterling Supplier Invoices; Oracle AP; SAP AP; Coupa invoice match,AP-CF-001-24-2,CF-001_invoice_lines.csv,one row per supplier invoice line,Monthly controlled extract; refresh before each optimization gate,synthetic_demo_reviewed
meridian_health_global,v1-golden-evidence,CF-001,VND-001,Crestline Analytics Services LLC,INV-CF-001-24,INV-CF-001-24-3,MER-PO-CF-001-012,2027-06-01,2027-06-01,2027-06-01,BI-SUPPORT,Northgate Insight premium workspace administration and report support,680,5,5,none,0,approved_not_paid,AP / ERP financial subledger,Sterling Supplier Invoices; Oracle AP; SAP AP; Coupa invoice match,AP-CF-001-24-3,CF-001_invoice_lines.csv,one row per supplier invoice line,Monthly controlled extract; refresh before each optimization gate,synthetic_demo_reviewed
meridian_health_global,v1-golden-evidence,CF-001,VND-001,Crestline Analytics Services LLC,INV-CF-001-24,INV-CF-001-24-4,MER-PO-CF-001-012,2027-06-01,2027-06-01,2027-06-01,CLIN-MARTS,Clinical quality and payer performance data product support,1633280,10208,10208,none,0,approved_not_paid,AP / ERP financial subledger,Sterling Supplier Invoices; Oracle AP; SAP AP; Coupa invoice match,AP-CF-001-24-4,CF-001_invoice_lines.csv,one row per supplier invoice line,Monthly controlled extract; refresh before each optimization gate,synthetic_demo_reviewed
meridian_health_global,v1-golden-evidence,CF-003,VND-003,Sterling Workforce Systems, Inc.,INV-CF-003-01,INV-CF-003-01-1,MER-PO-CF-003-001,2025-07-01,2025-07-01,2025-07-01,WD-FIN-CORE,Sterling Financials enterprise subscription,336,7,8,rate_above_contract_or_uncovered_line,42,paid,AP / ERP financial subledger,Sterling Supplier Invoices; Oracle AP; SAP AP; Coupa invoice match,AP-CF-003-01-1,CF-003_invoice_lines.csv,one row per supplier invoice line,Monthly controlled extract; refresh before each optimization gate,synthetic_demo_reviewed
meridian_health_global,v1-golden-evidence,CF-003,VND-003,Sterling Workforce Systems, Inc.,INV-CF-003-01,INV-CF-003-01-2,MER-PO-CF-003-001,2025-07-01,2025-07-01,2025-07-01,WD-HCM-CORE,Sterling HCM enterprise subscription,258,5,6,rate_above_contract_or_uncovered_line,43,paid,AP / ERP financial subledger,Sterling Supplier Invoices; Oracle AP; SAP AP; Coupa invoice match,AP-CF-003-01-2,CF-003_invoice_lines.csv,one row per supplier invoice line,Monthly controlled extract; refresh before each optimization gate,synthetic_demo_reviewed
meridian_health_global,v1-golden-evidence,CF-003,VND-003,Sterling Workforce Systems, Inc.,INV-CF-003-01,INV-CF-003-01-3,MER-PO-CF-003-001,2025-07-01,2025-07-01,2025-07-01,WD-PRISM,Sterling Prism capacity,440,9,10,rate_above_contract_or_uncovered_line,44,paid,AP / ERP financial subledger,Sterling Supplier Invoices; Oracle AP; SAP AP; Coupa invoice match,AP-CF-003-01-3,CF-003_invoice_lines.csv,one row per supplier invoice line,Monthly controlled extract; refresh before each optimization gate,synthetic_demo_reviewed
meridian_health_global,v1-golden-evidence,CF-003,VND-003,Sterling Workforce Systems, Inc.,INV-CF-003-01,INV-CF-003-01-4,MER-PO-CF-003-001,2025-07-01,2025-07-01,2025-07-01,WD-EXTEND,Sterling Extend app capacity,88965,1750,1977,rate_above_contract_or_uncovered_line,10215,paid,AP / ERP financial subledger,Sterling Supplier Invoices; Oracle AP; SAP AP; Coupa invoice match,AP-CF-003-01-4,CF-003_invoice_lines.csv,one row per supplier invoice line,Monthly controlled extract; refresh before each optimization gate,synthetic_demo_reviewed
meridian_health_global,v1-golden-evidence,CF-003,VND-003,Sterling Workforce Systems, Inc.,INV-CF-003-02,INV-CF-003-02-1,MER-PO-CF-003-002,2025-08-01,2025-08-01,2025-08-01,WD-FIN-CORE,Sterling Financials enterprise subscription,308,7,7,none,0,paid,AP / ERP financial subledger,Sterling Supplier Invoices; Oracle AP; SAP AP; Coupa invoice match,AP-CF-003-02-1,CF-003_invoice_lines.csv,one row per supplier invoice line,Monthly controlled extract; refresh before each optimization gate,synthetic_demo_reviewed
meridian_health_global,v1-golden-evidence,CF-003,VND-003,Sterling Workforce Systems, Inc.,INV-CF-003-02,INV-CF-003-02-2,MER-PO-CF-003-002,2025-08-01,2025-08-01,2025-08-01,WD-HCM-CORE,Sterling HCM enterprise subscription,230,5,5,none,0,paid,AP / ERP financial subledger,Sterling Supplier Invoices; Oracle AP; SAP AP; Coupa invoice match,AP-CF-003-02-2,CF-003_invoice_lines.csv,one row per supplier invoice line,Monthly controlled extract; refresh before each optimization gate,synthetic_demo_reviewed
meridian_health_global,v1-golden-evidence,CF-003,VND-003,Sterling Workforce Systems, Inc.,INV-CF-003-02,INV-CF-003-02-3,MER-PO-CF-003-002,2025-08-01,2025-08-01,2025-08-01,WD-PRISM,Sterling Prism capacity,432,9,9,none,0,paid,AP / ERP financial subledger,Sterling Supplier Invoices; Oracle AP; SAP AP; Coupa invoice match,AP-CF-003-02-3,CF-003_invoice_lines.csv,one row per supplier invoice line,Monthly controlled extract; refresh before each optimization gate,synthetic_demo_reviewed
meridian_health_global,v1-golden-evidence,CF-003,VND-003,Sterling Workforce Systems, Inc.,INV-CF-003-02,INV-CF-003-02-4,MER-PO-CF-003-002,2025-08-01,2025-08-01,2025-08-01,WD-EXTEND,Sterling Extend app capacity,87500,1750,1750,none,0,paid,AP / ERP financial subledger,Sterling Supplier Invoices; Oracle AP; SAP AP; Coupa invoice match,AP-CF-003-02-4,CF-003_invoice_lines.csv,one row per supplier invoice line,Monthly controlled extract; refresh before each optimization gate,synthetic_demo_reviewed
meridian_health_global,v1-golden-evidence,CF-003,VND-003,Sterling Workforce Systems, Inc.,INV-CF-003-03,INV-CF-003-03-1,MER-PO-CF-003-003,2025-09-01,2025-09-01,2025-09-01,WD-FIN-CORE,Sterling Financials enterprise subscription,322,7,7,none,0,paid,AP / ERP financial subledger,Sterling Supplier Invoices; Oracle AP; SAP AP; Coupa invoice match,AP-CF-003-03-1,CF-003_invoice_lines.csv,one row per supplier invoice line,Monthly controlled extract; refresh before each optimization gate,synthetic_demo_reviewed
meridian_health_global,v1-golden-evidence,CF-003,VND-003,Sterling Workforce Systems, Inc.,INV-CF-003-03,INV-CF-003-03-2,MER-PO-CF-003-003,2025-09-01,2025-09-01,2025-09-01,WD-HCM-CORE,Sterling HCM enterprise subscription,245,5,5,none,0,paid,AP / ERP financial subledger,Sterling Supplier Invoices; Oracle AP; SAP AP; Coupa invoice match,AP-CF-003-03-2,CF-003_invoice_lines.csv,one row per supplier invoice line,Monthly controlled extract; refresh before each optimization gate,synthetic_demo_reviewed
meridian_health_global,v1-golden-evidence,CF-003,VND-003,Sterling Workforce Systems, Inc.,INV-CF-003-03,INV-CF-003-03-3,MER-PO-CF-003-003,2025-09-01,2025-09-01,2025-09-01,WD-PRISM,Sterling Prism capacity,468,9,9,none,0,paid,AP / ERP financial subledger,Sterling Supplier Invoices; Oracle AP; SAP AP; Coupa invoice match,AP-CF-003-03-3,CF-003_invoice_lines.csv,one row per supplier invoice line,Monthly controlled extract; refresh before each optimization gate,synthetic_demo_reviewed
meridian_health_global,v1-golden-evidence,CF-003,VND-003,Sterling Workforce Systems, Inc.,INV-CF-003-03,INV-CF-003-03-4,MER-PO-CF-003-003,2025-09-01,2025-09-01,2025-09-01,WD-EXTEND,Sterling Extend app capacity,96250,1750,1750,none,0,paid,AP / ERP financial subledger,Sterling Supplier Invoices; Oracle AP; SAP AP; Coupa invoice match,AP-CF-003-03-4,CF-003_invoice_lines.csv,one row per supplier invoice line,Monthly controlled extract; refresh before each optimization gate,synthetic_demo_reviewed
meridian_health_global,v1-golden-evidence,CF-003,VND-003,Sterling Workforce Systems, Inc.,INV-CF-003-04,INV-CF-003-04-1,MER-PO-CF-003-004,2025-10-01,2025-10-01,2025-10-01,WD-FIN-CORE,Sterling Financials enterprise subscription,336,7,7,none,0,paid,AP / ERP financial subledger,Sterling Supplier Invoices; Oracle AP; SAP AP; Coupa invoice match,AP-CF-003-04-1,CF-003_invoice_lines.csv,one row per supplier invoice line,Monthly controlled extract; refresh before each optimization gate,synthetic_demo_reviewed
meridian_health_global,v1-golden-evidence,CF-003,VND-003,Sterling Workforce Systems, Inc.,INV-CF-003-04,INV-CF-003-04-2,MER-PO-CF-003-004,2025-10-01,2025-10-01,2025-10-01,WD-HCM-CORE,Sterling HCM enterprise subscription,260,5,5,none,0,paid,AP / ERP financial subledger,Sterling Supplier Invoices; Oracle AP; SAP AP; Coupa invoice match,AP-CF-003-04-2,CF-003_invoice_lines.csv,one row per supplier invoice line,Monthly controlled extract; refresh before each optimization gate,synthetic_demo_reviewed
meridian_health_global,v1-golden-evidence,CF-003,VND-003,Sterling Workforce Systems, Inc.,INV-CF-003-04,INV-CF-003-04-3,MER-PO-CF-003-004,2025-10-01,2025-10-01,2025-10-01,WD-PRISM,Sterling Prism capacity,504,9,9,none,0,paid,AP / ERP financial subledger,Sterling Supplier Invoices; Oracle AP; SAP AP; Coupa invoice match,AP-CF-003-04-3,CF-003_invoice_lines.csv,one row per supplier invoice line,Monthly controlled extract; refresh before each optimization gate,synthetic_demo_reviewed
meridian_health_global,v1-golden-evidence,CF-003,VND-003,Sterling Workforce Systems, Inc.,INV-CF-003-04,INV-CF-003-04-4,MER-PO-CF-003-004,2025-10-01,2025-10-01,2025-10-01,WD-EXTEND,Sterling Extend app capacity,105000,1750,1750,none,0,paid,AP / ERP financial subledger,Sterling Supplier Invoices; Oracle AP; SAP AP; Coupa invoice match,AP-CF-003-04-4,CF-003_invoice_lines.csv,one row per supplier invoice line,Monthly controlled extract; refresh before each optimization gate,synthetic_demo_reviewed
meridian_health_global,v1-golden-evidence,CF-003,VND-003,Sterling Workforce Systems, Inc.,INV-CF-003-05,INV-CF-003-05-1,MER-PO-CF-003-005,2025-11-01,2025-11-01,2025-11-01,WD-FIN-CORE,Sterling Financials enterprise subscription,350,7,7,none,0,paid,AP / ERP financial subledger,Sterling Supplier Invoices; Oracle AP; SAP AP; Coupa invoice match,AP-CF-003-05-1,CF-003_invoice_lines.csv,one row per supplier invoice line,Monthly controlled extract; refresh before each optimization gate,synthetic_demo_reviewed
meridian_health_global,v1-golden-evidence,CF-003,VND-003,Sterling Workforce Systems, Inc.,INV-CF-003-05,INV-CF-003-05-2,MER-PO-CF-003-005,2025-11-01,2025-11-01,2025-11-01,WD-HCM-CORE,Sterling HCM enterprise subscription,275,5,5,none,0,paid,AP / ERP financial subledger,Sterling Supplier Invoices; Oracle AP; SAP AP; Coupa invoice match,AP-CF-003-05-2,CF-003_invoice_lines.csv,one row per supplier invoice line,Monthly controlled extract; refresh before each optimization gate,synthetic_demo_reviewed
meridian_health_global,v1-golden-evidence,CF-003,VND-003,Sterling Workforce Systems, Inc.,INV-CF-003-05,INV-CF-003-05-3,MER-PO-CF-003-005,2025-11-01,2025-11-01,2025-11-01,WD-PRISM,Sterling Prism capacity,540,9,9,none,0,paid,AP / ERP financial subledger,Sterling Supplier Invoices; Oracle AP; SAP AP; Coupa invoice match,AP-CF-003-05-3,CF-003_invoice_lines.csv,one row per supplier invoice line,Monthly controlled extract; refresh before each optimization gate,synthetic_demo_reviewed
meridian_health_global,v1-golden-evidence,CF-003,VND-003,Sterling Workforce Systems, Inc.,INV-CF-003-05,INV-CF-003-05-4,MER-PO-CF-003-005,2025-11-01,2025-11-01,2025-11-01,WD-EXTEND,Sterling Extend app capacity,113750,1750,1750,none,0,paid,AP / ERP financial subledger,Sterling Supplier Invoices; Oracle AP; SAP AP; Coupa invoice match,AP-CF-003-05-4,CF-003_invoice_lines.csv,one row per supplier invoice line,Monthly controlled extract; refresh before each optimization gate,synthetic_demo_reviewed
meridian_health_global,v1-golden-evidence,CF-003,VND-003,Sterling Workforce Systems, Inc.,INV-CF-003-06,INV-CF-003-06-1,MER-PO-CF-003-006,2025-12-01,2025-12-01,2025-12-01,WD-FIN-CORE,Sterling Financials enterprise subscription,416,7,8,rate_above_contract_or_uncovered_line,52,paid,AP / ERP financial subledger,Sterling Supplier Invoices; Oracle AP; SAP AP; Coupa invoice match,AP-CF-003-06-1,CF-003_invoice_lines.csv,one row per supplier invoice line,Monthly controlled extract; refresh before each optimization gate,synthetic_demo_reviewed
meridian_health_global,v1-golden-evidence,CF-003,VND-003,Sterling Workforce Systems, Inc.,INV-CF-003-06,INV-CF-003-06-2,MER-PO-CF-003-006,2025-12-01,2025-12-01,2025-12-01,WD-HCM-CORE,Sterling HCM enterprise subscription,348,5,6,rate_above_contract_or_uncovered_line,58,paid,AP / ERP financial subledger,Sterling Supplier Invoices; Oracle AP; SAP AP; Coupa invoice match,AP-CF-003-06-2,CF-003_invoice_lines.csv,one row per supplier invoice line,Monthly controlled extract; refresh before each optimization gate,synthetic_demo_reviewed
meridian_health_global,v1-golden-evidence,CF-003,VND-003,Sterling Workforce Systems, Inc.,INV-CF-003-06,INV-CF-003-06-3,MER-PO-CF-003-006,2025-12-01,2025-12-01,2025-12-01,WD-PRISM,Sterling Prism capacity,640,9,10,rate_above_contract_or_uncovered_line,64,paid,AP / ERP financial subledger,Sterling Supplier Invoices; Oracle AP; SAP AP; Coupa invoice match,AP-CF-003-06-3,CF-003_invoice_lines.csv,one row per supplier invoice line,Monthly controlled extract; refresh before each optimization gate,synthetic_demo_reviewed
meridian_health_global,v1-golden-evidence,CF-003,VND-003,Sterling Workforce Systems, Inc.,INV-CF-003-06,INV-CF-003-06-4,MER-PO-CF-003-006,2025-12-01,2025-12-01,2025-12-01,WD-EXTEND,Sterling Extend app capacity,138390,1750,1977,rate_above_contract_or_uncovered_line,15890,paid,AP / ERP financial subledger,Sterling Supplier Invoices; Oracle AP; SAP AP; Coupa invoice match,AP-CF-003-06-4,CF-003_invoice_lines.csv,one row per supplier invoice line,Monthly controlled extract; refresh before each optimization gate,synthetic_demo_reviewed
meridian_health_global,v1-golden-evidence,CF-003,VND-003,Sterling Workforce Systems, Inc.,INV-CF-003-07,INV-CF-003-07-1,MER-PO-CF-003-007,2026-01-01,2026-01-01,2026-01-01,WD-FIN-CORE,Sterling Financials enterprise subscription,378,7,7,none,0,paid,AP / ERP financial subledger,Sterling Supplier Invoices; Oracle AP; SAP AP; Coupa invoice match,AP-CF-003-07-1,CF-003_invoice_lines.csv,one row per supplier invoice line,Monthly controlled extract; refresh before each optimization gate,synthetic_demo_reviewed
meridian_health_global,v1-golden-evidence,CF-003,VND-003,Sterling Workforce Systems, Inc.,INV-CF-003-07,INV-CF-003-07-2,MER-PO-CF-003-007,2026-01-01,2026-01-01,2026-01-01,WD-HCM-CORE,Sterling HCM enterprise subscription,305,5,5,none,0,paid,AP / ERP financial subledger,Sterling Supplier Invoices; Oracle AP; SAP AP; Coupa invoice match,AP-CF-003-07-2,CF-003_invoice_lines.csv,one row per supplier invoice line,Monthly controlled extract; refresh before each optimization gate,synthetic_demo_reviewed
meridian_health_global,v1-golden-evidence,CF-003,VND-003,Sterling Workforce Systems, Inc.,INV-CF-003-07,INV-CF-003-07-3,MER-PO-CF-003-007,2026-01-01,2026-01-01,2026-01-01,WD-PRISM,Sterling Prism capacity,612,9,9,none,0,paid,AP / ERP financial subledger,Sterling Supplier Invoices; Oracle AP; SAP AP; Coupa invoice match,AP-CF-003-07-3,CF-003_invoice_lines.csv,one row per supplier invoice line,Monthly controlled extract; refresh before each optimization gate,synthetic_demo_reviewed
meridian_health_global,v1-golden-evidence,CF-003,VND-003,Sterling Workforce Systems, Inc.,INV-CF-003-07,INV-CF-003-07-4,MER-PO-CF-003-007,2026-01-01,2026-01-01,2026-01-01,WD-EXTEND,Sterling Extend app capacity,131250,1750,1750,none,0,paid,AP / ERP financial subledger,Sterling Supplier Invoices; Oracle AP; SAP AP; Coupa invoice match,AP-CF-003-07-4,CF-003_invoice_lines.csv,one row per supplier invoice line,Monthly controlled extract; refresh before each optimization gate,synthetic_demo_reviewed
meridian_health_global,v1-golden-evidence,CF-003,VND-003,Sterling Workforce Systems, Inc.,INV-CF-003-08,INV-CF-003-08-1,MER-PO-CF-003-008,2026-02-01,2026-02-01,2026-02-01,WD-FIN-CORE,Sterling Financials enterprise subscription,448,7,8,rate_above_contract_or_uncovered_line,56,paid,AP / ERP financial subledger,Sterling Supplier Invoices; Oracle AP; SAP AP; Coupa invoice match,AP-CF-003-08-1,CF-003_invoice_lines.csv,one row per supplier invoice line,Monthly controlled extract; refresh before each optimization gate,synthetic_demo_reviewed
meridian_health_global,v1-golden-evidence,CF-003,VND-003,Sterling Workforce Systems, Inc.,INV-CF-003-08,INV-CF-003-08-2,MER-PO-CF-003-008,2026-02-01,2026-02-01,2026-02-01,WD-HCM-CORE,Sterling HCM enterprise subscription,320,5,5,none,0,paid,AP / ERP financial subledger,Sterling Supplier Invoices; Oracle AP; SAP AP; Coupa invoice match,AP-CF-003-08-2,CF-003_invoice_lines.csv,one row per supplier invoice line,Monthly controlled extract; refresh before each optimization gate,synthetic_demo_reviewed
meridian_health_global,v1-golden-evidence,CF-003,VND-003,Sterling Workforce Systems, Inc.,INV-CF-003-08,INV-CF-003-08-3,MER-PO-CF-003-008,2026-02-01,2026-02-01,2026-02-01,WD-PRISM,Sterling Prism capacity,720,9,10,rate_above_contract_or_uncovered_line,72,paid,AP / ERP financial subledger,Sterling Supplier Invoices; Oracle AP; SAP AP; Coupa invoice match,AP-CF-003-08-3,CF-003_invoice_lines.csv,one row per supplier invoice line,Monthly controlled extract; refresh before each optimization gate,synthetic_demo_reviewed
meridian_health_global,v1-golden-evidence,CF-003,VND-003,Sterling Workforce Systems, Inc.,INV-CF-003-08,INV-CF-003-08-4,MER-PO-CF-003-008,2026-02-01,2026-02-01,2026-02-01,WD-EXTEND,Sterling Extend app capacity,151200,1750,1890,rate_above_contract_or_uncovered_line,11200,paid,AP / ERP financial subledger,Sterling Supplier Invoices; Oracle AP; SAP AP; Coupa invoice match,AP-CF-003-08-4,CF-003_invoice_lines.csv,one row per supplier invoice line,Monthly controlled extract; refresh before each optimization gate,synthetic_demo_reviewed
meridian_health_global,v1-golden-evidence,CF-003,VND-003,Sterling Workforce Systems, Inc.,INV-CF-003-09,INV-CF-003-09-1,MER-PO-CF-003-009,2026-03-01,2026-03-01,2026-03-01,WD-FIN-CORE,Sterling Financials enterprise subscription,406,7,7,none,0,paid,AP / ERP financial subledger,Sterling Supplier Invoices; Oracle AP; SAP AP; Coupa invoice match,AP-CF-003-09-1,CF-003_invoice_lines.csv,one row per supplier invoice line,Monthly controlled extract; refresh before each optimization gate,synthetic_demo_reviewed
meridian_health_global,v1-golden-evidence,CF-003,VND-003,Sterling Workforce Systems, Inc.,INV-CF-003-09,INV-CF-003-09-2,MER-PO-CF-003-009,2026-03-01,2026-03-01,2026-03-01,WD-HCM-CORE,Sterling HCM enterprise subscription,335,5,5,none,0,paid,AP / ERP financial subledger,Sterling Supplier Invoices; Oracle AP; SAP AP; Coupa invoice match,AP-CF-003-09-2,CF-003_invoice_lines.csv,one row per supplier invoice line,Monthly controlled extract; refresh before each optimization gate,synthetic_demo_reviewed
meridian_health_global,v1-golden-evidence,CF-003,VND-003,Sterling Workforce Systems, Inc.,INV-CF-003-09,INV-CF-003-09-3,MER-PO-CF-003-009,2026-03-01,2026-03-01,2026-03-01,WD-PRISM,Sterling Prism capacity,684,9,9,none,0,paid,AP / ERP financial subledger,Sterling Supplier Invoices; Oracle AP; SAP AP; Coupa invoice match,AP-CF-003-09-3,CF-003_invoice_lines.csv,one row per supplier invoice line,Monthly controlled extract; refresh before each optimization gate,synthetic_demo_reviewed
meridian_health_global,v1-golden-evidence,CF-003,VND-003,Sterling Workforce Systems, Inc.,INV-CF-003-09,INV-CF-003-09-4,MER-PO-CF-003-009,2026-03-01,2026-03-01,2026-03-01,WD-EXTEND,Sterling Extend app capacity,148750,1750,1750,none,0,paid,AP / ERP financial subledger,Sterling Supplier Invoices; Oracle AP; SAP AP; Coupa invoice match,AP-CF-003-09-4,CF-003_invoice_lines.csv,one row per supplier invoice line,Monthly controlled extract; refresh before each optimization gate,synthetic_demo_reviewed
meridian_health_global,v1-golden-evidence,CF-003,VND-003,Sterling Workforce Systems, Inc.,INV-CF-003-10,INV-CF-003-10-1,MER-PO-CF-003-010,2026-04-01,2026-04-01,2026-04-01,WD-FIN-CORE,Sterling Financials enterprise subscription,420,7,7,none,0,paid,AP / ERP financial subledger,Sterling Supplier Invoices; Oracle AP; SAP AP; Coupa invoice match,AP-CF-003-10-1,CF-003_invoice_lines.csv,one row per supplier invoice line,Monthly controlled extract; refresh before each optimization gate,synthetic_demo_reviewed
meridian_health_global,v1-golden-evidence,CF-003,VND-003,Sterling Workforce Systems, Inc.,INV-CF-003-10,INV-CF-003-10-2,MER-PO-CF-003-010,2026-04-01,2026-04-01,2026-04-01,WD-HCM-CORE,Sterling HCM enterprise subscription,350,5,5,none,0,paid,AP / ERP financial subledger,Sterling Supplier Invoices; Oracle AP; SAP AP; Coupa invoice match,AP-CF-003-10-2,CF-003_invoice_lines.csv,one row per supplier invoice line,Monthly controlled extract; refresh before each optimization gate,synthetic_demo_reviewed
meridian_health_global,v1-golden-evidence,CF-003,VND-003,Sterling Workforce Systems, Inc.,INV-CF-003-10,INV-CF-003-10-3,MER-PO-CF-003-010,2026-04-01,2026-04-01,2026-04-01,WD-PRISM,Sterling Prism capacity,720,9,9,none,0,paid,AP / ERP financial subledger,Sterling Supplier Invoices; Oracle AP; SAP AP; Coupa invoice match,AP-CF-003-10-3,CF-003_invoice_lines.csv,one row per supplier invoice line,Monthly controlled extract; refresh before each optimization gate,synthetic_demo_reviewed
meridian_health_global,v1-golden-evidence,CF-003,VND-003,Sterling Workforce Systems, Inc.,INV-CF-003-10,INV-CF-003-10-4,MER-PO-CF-003-010,2026-04-01,2026-04-01,2026-04-01,WD-EXTEND,Sterling Extend app capacity,157500,1750,1750,none,0,paid,AP / ERP financial subledger,Sterling Supplier Invoices; Oracle AP; SAP AP; Coupa invoice match,AP-CF-003-10-4,CF-003_invoice_lines.csv,one row per supplier invoice line,Monthly controlled extract; refresh before each optimization gate,synthetic_demo_reviewed
meridian_health_global,v1-golden-evidence,CF-003,VND-003,Sterling Workforce Systems, Inc.,INV-CF-003-11,INV-CF-003-11-1,MER-PO-CF-003-011,2026-05-01,2026-05-01,2026-05-01,WD-FIN-CORE,Sterling Financials enterprise subscription,496,7,8,rate_above_contract_or_uncovered_line,62,paid,AP / ERP financial subledger,Sterling Supplier Invoices; Oracle AP; SAP AP; Coupa invoice match,AP-CF-003-11-1,CF-003_invoice_lines.csv,one row per supplier invoice line,Monthly controlled extract; refresh before each optimization gate,synthetic_demo_reviewed
meridian_health_global,v1-golden-evidence,CF-003,VND-003,Sterling Workforce Systems, Inc.,INV-CF-003-11,INV-CF-003-11-2,MER-PO-CF-003-011,2026-05-01,2026-05-01,2026-05-01,WD-HCM-CORE,Sterling HCM enterprise subscription,438,5,6,rate_above_contract_or_uncovered_line,73,paid,AP / ERP financial subledger,Sterling Supplier Invoices; Oracle AP; SAP AP; Coupa invoice match,AP-CF-003-11-2,CF-003_invoice_lines.csv,one row per supplier invoice line,Monthly controlled extract; refresh before each optimization gate,synthetic_demo_reviewed
meridian_health_global,v1-golden-evidence,CF-003,VND-003,Sterling Workforce Systems, Inc.,INV-CF-003-11,INV-CF-003-11-3,MER-PO-CF-003-011,2026-05-01,2026-05-01,2026-05-01,WD-PRISM,Sterling Prism capacity,840,9,10,rate_above_contract_or_uncovered_line,84,paid,AP / ERP financial subledger,Sterling Supplier Invoices; Oracle AP; SAP AP; Coupa invoice match,AP-CF-003-11-3,CF-003_invoice_lines.csv,one row per supplier invoice line,Monthly controlled extract; refresh before each optimization gate,synthetic_demo_reviewed
meridian_health_global,v1-golden-evidence,CF-003,VND-003,Sterling Workforce Systems, Inc.,INV-CF-003-11,INV-CF-003-11-4,MER-PO-CF-003-011,2026-05-01,2026-05-01,2026-05-01,WD-EXTEND,Sterling Extend app capacity,187815,1750,1977,rate_above_contract_or_uncovered_line,21565,paid,AP / ERP financial subledger,Sterling Supplier Invoices; Oracle AP; SAP AP; Coupa invoice match,AP-CF-003-11-4,CF-003_invoice_lines.csv,one row per supplier invoice line,Monthly controlled extract; refresh before each optimization gate,synthetic_demo_reviewed
meridian_health_global,v1-golden-evidence,CF-003,VND-003,Sterling Workforce Systems, Inc.,INV-CF-003-12,INV-CF-003-12-1,MER-PO-CF-003-012,2026-06-01,2026-06-01,2026-06-01,WD-FIN-CORE,Sterling Financials enterprise subscription,448,7,7,none,0,paid,AP / ERP financial subledger,Sterling Supplier Invoices; Oracle AP; SAP AP; Coupa invoice match,AP-CF-003-12-1,CF-003_invoice_lines.csv,one row per supplier invoice line,Monthly controlled extract; refresh before each optimization gate,synthetic_demo_reviewed
meridian_health_global,v1-golden-evidence,CF-003,VND-003,Sterling Workforce Systems, Inc.,INV-CF-003-12,INV-CF-003-12-2,MER-PO-CF-003-012,2026-06-01,2026-06-01,2026-06-01,WD-HCM-CORE,Sterling HCM enterprise subscription,380,5,5,none,0,paid,AP / ERP financial subledger,Sterling Supplier Invoices; Oracle AP; SAP AP; Coupa invoice match,AP-CF-003-12-2,CF-003_invoice_lines.csv,one row per supplier invoice line,Monthly controlled extract; refresh before each optimization gate,synthetic_demo_reviewed
meridian_health_global,v1-golden-evidence,CF-003,VND-003,Sterling Workforce Systems, Inc.,INV-CF-003-12,INV-CF-003-12-3,MER-PO-CF-003-012,2026-06-01,2026-06-01,2026-06-01,WD-PRISM,Sterling Prism capacity,792,9,9,none,0,paid,AP / ERP financial subledger,Sterling Supplier Invoices; Oracle AP; SAP AP; Coupa invoice match,AP-CF-003-12-3,CF-003_invoice_lines.csv,one row per supplier invoice line,Monthly controlled extract; refresh before each optimization gate,synthetic_demo_reviewed
meridian_health_global,v1-golden-evidence,CF-003,VND-003,Sterling Workforce Systems, Inc.,INV-CF-003-12,INV-CF-003-12-4,MER-PO-CF-003-012,2026-06-01,2026-06-01,2026-06-01,WD-EXTEND,Sterling Extend app capacity,175000,1750,1750,none,0,paid,AP / ERP financial subledger,Sterling Supplier Invoices; Oracle AP; SAP AP; Coupa invoice match,AP-CF-003-12-4,CF-003_invoice_lines.csv,one row per supplier invoice line,Monthly controlled extract; refresh before each optimization gate,synthetic_demo_reviewed
meridian_health_global,v1-golden-evidence,CF-003,VND-003,Sterling Workforce Systems, Inc.,INV-CF-003-13,INV-CF-003-13-1,MER-PO-CF-003-001,2026-07-01,2026-07-01,2026-07-01,WD-FIN-CORE,Sterling Financials enterprise subscription,462,7,7,none,0,paid,AP / ERP financial subledger,Sterling Supplier Invoices; Oracle AP; SAP AP; Coupa invoice match,AP-CF-003-13-1,CF-003_invoice_lines.csv,one row per supplier invoice line,Monthly controlled extract; refresh before each optimization gate,synthetic_demo_reviewed
meridian_health_global,v1-golden-evidence,CF-003,VND-003,Sterling Workforce Systems, Inc.,INV-CF-003-13,INV-CF-003-13-2,MER-PO-CF-003-001,2026-07-01,2026-07-01,2026-07-01,WD-HCM-CORE,Sterling HCM enterprise subscription,395,5,5,none,0,paid,AP / ERP financial subledger,Sterling Supplier Invoices; Oracle AP; SAP AP; Coupa invoice match,AP-CF-003-13-2,CF-003_invoice_lines.csv,one row per supplier invoice line,Monthly controlled extract; refresh before each optimization gate,synthetic_demo_reviewed
meridian_health_global,v1-golden-evidence,CF-003,VND-003,Sterling Workforce Systems, Inc.,INV-CF-003-13,INV-CF-003-13-3,MER-PO-CF-003-001,2026-07-01,2026-07-01,2026-07-01,WD-PRISM,Sterling Prism capacity,828,9,9,none,0,paid,AP / ERP financial subledger,Sterling Supplier Invoices; Oracle AP; SAP AP; Coupa invoice match,AP-CF-003-13-3,CF-003_invoice_lines.csv,one row per supplier invoice line,Monthly controlled extract; refresh before each optimization gate,synthetic_demo_reviewed
meridian_health_global,v1-golden-evidence,CF-003,VND-003,Sterling Workforce Systems, Inc.,INV-CF-003-13,INV-CF-003-13-4,MER-PO-CF-003-001,2026-07-01,2026-07-01,2026-07-01,WD-EXTEND,Sterling Extend app capacity,183750,1750,1750,none,0,paid,AP / ERP financial subledger,Sterling Supplier Invoices; Oracle AP; SAP AP; Coupa invoice match,AP-CF-003-13-4,CF-003_invoice_lines.csv,one row per supplier invoice line,Monthly controlled extract; refresh before each optimization gate,synthetic_demo_reviewed
meridian_health_global,v1-golden-evidence,CF-003,VND-003,Sterling Workforce Systems, Inc.,INV-CF-003-14,INV-CF-003-14-1,MER-PO-CF-003-002,2026-08-01,2026-08-01,2026-08-01,WD-FIN-CORE,Sterling Financials enterprise subscription,476,7,7,none,0,paid,AP / ERP financial subledger,Sterling Supplier Invoices; Oracle AP; SAP AP; Coupa invoice match,AP-CF-003-14-1,CF-003_invoice_lines.csv,one row per supplier invoice line,Monthly controlled extract; refresh before each optimization gate,synthetic_demo_reviewed
meridian_health_global,v1-golden-evidence,CF-003,VND-003,Sterling Workforce Systems, Inc.,INV-CF-003-14,INV-CF-003-14-2,MER-PO-CF-003-002,2026-08-01,2026-08-01,2026-08-01,WD-HCM-CORE,Sterling HCM enterprise subscription,410,5,5,none,0,paid,AP / ERP financial subledger,Sterling Supplier Invoices; Oracle AP; SAP AP; Coupa invoice match,AP-CF-003-14-2,CF-003_invoice_lines.csv,one row per supplier invoice line,Monthly controlled extract; refresh before each optimization gate,synthetic_demo_reviewed
meridian_health_global,v1-golden-evidence,CF-003,VND-003,Sterling Workforce Systems, Inc.,INV-CF-003-14,INV-CF-003-14-3,MER-PO-CF-003-002,2026-08-01,2026-08-01,2026-08-01,WD-PRISM,Sterling Prism capacity,864,9,9,none,0,paid,AP / ERP financial subledger,Sterling Supplier Invoices; Oracle AP; SAP AP; Coupa invoice match,AP-CF-003-14-3,CF-003_invoice_lines.csv,one row per supplier invoice line,Monthly controlled extract; refresh before each optimization gate,synthetic_demo_reviewed
meridian_health_global,v1-golden-evidence,CF-003,VND-003,Sterling Workforce Systems, Inc.,INV-CF-003-14,INV-CF-003-14-4,MER-PO-CF-003-002,2026-08-01,2026-08-01,2026-08-01,WD-EXTEND,Sterling Extend app capacity,192500,1750,1750,none,0,paid,AP / ERP financial subledger,Sterling Supplier Invoices; Oracle AP; SAP AP; Coupa invoice match,AP-CF-003-14-4,CF-003_invoice_lines.csv,one row per supplier invoice line,Monthly controlled extract; refresh before each optimization gate,synthetic_demo_reviewed
meridian_health_global,v1-golden-evidence,CF-003,VND-003,Sterling Workforce Systems, Inc.,INV-CF-003-15,INV-CF-003-15-1,MER-PO-CF-003-003,2026-09-01,2026-09-01,2026-09-01,WD-FIN-CORE,Sterling Financials enterprise subscription,560,7,8,rate_above_contract_or_uncovered_line,70,paid,AP / ERP financial subledger,Sterling Supplier Invoices; Oracle AP; SAP AP; Coupa invoice match,AP-CF-003-15-1,CF-003_invoice_lines.csv,one row per supplier invoice line,Monthly controlled extract; refresh before each optimization gate,synthetic_demo_reviewed
meridian_health_global,v1-golden-evidence,CF-003,VND-003,Sterling Workforce Systems, Inc.,INV-CF-003-15,INV-CF-003-15-2,MER-PO-CF-003-003,2026-09-01,2026-09-01,2026-09-01,WD-HCM-CORE,Sterling HCM enterprise subscription,425,5,5,none,0,paid,AP / ERP financial subledger,Sterling Supplier Invoices; Oracle AP; SAP AP; Coupa invoice match,AP-CF-003-15-2,CF-003_invoice_lines.csv,one row per supplier invoice line,Monthly controlled extract; refresh before each optimization gate,synthetic_demo_reviewed
meridian_health_global,v1-golden-evidence,CF-003,VND-003,Sterling Workforce Systems, Inc.,INV-CF-003-15,INV-CF-003-15-3,MER-PO-CF-003-003,2026-09-01,2026-09-01,2026-09-01,WD-PRISM,Sterling Prism capacity,1000,9,10,rate_above_contract_or_uncovered_line,100,paid,AP / ERP financial subledger,Sterling Supplier Invoices; Oracle AP; SAP AP; Coupa invoice match,AP-CF-003-15-3,CF-003_invoice_lines.csv,one row per supplier invoice line,Monthly controlled extract; refresh before each optimization gate,synthetic_demo_reviewed
meridian_health_global,v1-golden-evidence,CF-003,VND-003,Sterling Workforce Systems, Inc.,INV-CF-003-15,INV-CF-003-15-4,MER-PO-CF-003-003,2026-09-01,2026-09-01,2026-09-01,WD-EXTEND,Sterling Extend app capacity,217350,1750,1890,rate_above_contract_or_uncovered_line,16100,paid,AP / ERP financial subledger,Sterling Supplier Invoices; Oracle AP; SAP AP; Coupa invoice match,AP-CF-003-15-4,CF-003_invoice_lines.csv,one row per supplier invoice line,Monthly controlled extract; refresh before each optimization gate,synthetic_demo_reviewed
meridian_health_global,v1-golden-evidence,CF-003,VND-003,Sterling Workforce Systems, Inc.,INV-CF-003-16,INV-CF-003-16-1,MER-PO-CF-003-004,2026-10-01,2026-10-01,2026-10-01,WD-FIN-CORE,Sterling Financials enterprise subscription,576,7,8,rate_above_contract_or_uncovered_line,72,paid,AP / ERP financial subledger,Sterling Supplier Invoices; Oracle AP; SAP AP; Coupa invoice match,AP-CF-003-16-1,CF-003_invoice_lines.csv,one row per supplier invoice line,Monthly controlled extract; refresh before each optimization gate,synthetic_demo_reviewed
meridian_health_global,v1-golden-evidence,CF-003,VND-003,Sterling Workforce Systems, Inc.,INV-CF-003-16,INV-CF-003-16-2,MER-PO-CF-003-004,2026-10-01,2026-10-01,2026-10-01,WD-HCM-CORE,Sterling HCM enterprise subscription,528,5,6,rate_above_contract_or_uncovered_line,88,paid,AP / ERP financial subledger,Sterling Supplier Invoices; Oracle AP; SAP AP; Coupa invoice match,AP-CF-003-16-2,CF-003_invoice_lines.csv,one row per supplier invoice line,Monthly controlled extract; refresh before each optimization gate,synthetic_demo_reviewed
meridian_health_global,v1-golden-evidence,CF-003,VND-003,Sterling Workforce Systems, Inc.,INV-CF-003-16,INV-CF-003-16-3,MER-PO-CF-003-004,2026-10-01,2026-10-01,2026-10-01,WD-PRISM,Sterling Prism capacity,1040,9,10,rate_above_contract_or_uncovered_line,104,paid,AP / ERP financial subledger,Sterling Supplier Invoices; Oracle AP; SAP AP; Coupa invoice match,AP-CF-003-16-3,CF-003_invoice_lines.csv,one row per supplier invoice line,Monthly controlled extract; refresh before each optimization gate,synthetic_demo_reviewed
meridian_health_global,v1-golden-evidence,CF-003,VND-003,Sterling Workforce Systems, Inc.,INV-CF-003-16,INV-CF-003-16-4,MER-PO-CF-003-004,2026-10-01,2026-10-01,2026-10-01,WD-EXTEND,Sterling Extend app capacity,237240,1750,1977,rate_above_contract_or_uncovered_line,27240,paid,AP / ERP financial subledger,Sterling Supplier Invoices; Oracle AP; SAP AP; Coupa invoice match,AP-CF-003-16-4,CF-003_invoice_lines.csv,one row per supplier invoice line,Monthly controlled extract; refresh before each optimization gate,synthetic_demo_reviewed
meridian_health_global,v1-golden-evidence,CF-003,VND-003,Sterling Workforce Systems, Inc.,INV-CF-003-17,INV-CF-003-17-1,MER-PO-CF-003-005,2026-11-01,2026-11-01,2026-11-01,WD-FIN-CORE,Sterling Financials enterprise subscription,518,7,7,none,0,paid,AP / ERP financial subledger,Sterling Supplier Invoices; Oracle AP; SAP AP; Coupa invoice match,AP-CF-003-17-1,CF-003_invoice_lines.csv,one row per supplier invoice line,Monthly controlled extract; refresh before each optimization gate,synthetic_demo_reviewed
meridian_health_global,v1-golden-evidence,CF-003,VND-003,Sterling Workforce Systems, Inc.,INV-CF-003-17,INV-CF-003-17-2,MER-PO-CF-003-005,2026-11-01,2026-11-01,2026-11-01,WD-HCM-CORE,Sterling HCM enterprise subscription,455,5,5,none,0,paid,AP / ERP financial subledger,Sterling Supplier Invoices; Oracle AP; SAP AP; Coupa invoice match,AP-CF-003-17-2,CF-003_invoice_lines.csv,one row per supplier invoice line,Monthly controlled extract; refresh before each optimization gate,synthetic_demo_reviewed
meridian_health_global,v1-golden-evidence,CF-003,VND-003,Sterling Workforce Systems, Inc.,INV-CF-003-17,INV-CF-003-17-3,MER-PO-CF-003-005,2026-11-01,2026-11-01,2026-11-01,WD-PRISM,Sterling Prism capacity,972,9,9,none,0,paid,AP / ERP financial subledger,Sterling Supplier Invoices; Oracle AP; SAP AP; Coupa invoice match,AP-CF-003-17-3,CF-003_invoice_lines.csv,one row per supplier invoice line,Monthly controlled extract; refresh before each optimization gate,synthetic_demo_reviewed
meridian_health_global,v1-golden-evidence,CF-003,VND-003,Sterling Workforce Systems, Inc.,INV-CF-003-17,INV-CF-003-17-4,MER-PO-CF-003-005,2026-11-01,2026-11-01,2026-11-01,WD-EXTEND,Sterling Extend app capacity,218750,1750,1750,none,0,paid,AP / ERP financial subledger,Sterling Supplier Invoices; Oracle AP; SAP AP; Coupa invoice match,AP-CF-003-17-4,CF-003_invoice_lines.csv,one row per supplier invoice line,Monthly controlled extract; refresh before each optimization gate,synthetic_demo_reviewed
meridian_health_global,v1-golden-evidence,CF-003,VND-003,Sterling Workforce Systems, Inc.,INV-CF-003-18,INV-CF-003-18-1,MER-PO-CF-003-006,2026-12-01,2026-12-01,2026-12-01,WD-FIN-CORE,Sterling Financials enterprise subscription,532,7,7,none,0,paid,AP / ERP financial subledger,Sterling Supplier Invoices; Oracle AP; SAP AP; Coupa invoice match,AP-CF-003-18-1,CF-003_invoice_lines.csv,one row per supplier invoice line,Monthly controlled extract; refresh before each optimization gate,synthetic_demo_reviewed
meridian_health_global,v1-golden-evidence,CF-003,VND-003,Sterling Workforce Systems, Inc.,INV-CF-003-18,INV-CF-003-18-2,MER-PO-CF-003-006,2026-12-01,2026-12-01,2026-12-01,WD-HCM-CORE,Sterling HCM enterprise subscription,470,5,5,none,0,paid,AP / ERP financial subledger,Sterling Supplier Invoices; Oracle AP; SAP AP; Coupa invoice match,AP-CF-003-18-2,CF-003_invoice_lines.csv,one row per supplier invoice line,Monthly controlled extract; refresh before each optimization gate,synthetic_demo_reviewed
meridian_health_global,v1-golden-evidence,CF-003,VND-003,Sterling Workforce Systems, Inc.,INV-CF-003-18,INV-CF-003-18-3,MER-PO-CF-003-006,2026-12-01,2026-12-01,2026-12-01,WD-PRISM,Sterling Prism capacity,1008,9,9,none,0,paid,AP / ERP financial subledger,Sterling Supplier Invoices; Oracle AP; SAP AP; Coupa invoice match,AP-CF-003-18-3,CF-003_invoice_lines.csv,one row per supplier invoice line,Monthly controlled extract; refresh before each optimization gate,synthetic_demo_reviewed
meridian_health_global,v1-golden-evidence,CF-003,VND-003,Sterling Workforce Systems, Inc.,INV-CF-003-18,INV-CF-003-18-4,MER-PO-CF-003-006,2026-12-01,2026-12-01,2026-12-01,WD-EXTEND,Sterling Extend app capacity,227500,1750,1750,none,0,paid,AP / ERP financial subledger,Sterling Supplier Invoices; Oracle AP; SAP AP; Coupa invoice match,AP-CF-003-18-4,CF-003_invoice_lines.csv,one row per supplier invoice line,Monthly controlled extract; refresh before each optimization gate,synthetic_demo_reviewed
meridian_health_global,v1-golden-evidence,CF-003,VND-003,Sterling Workforce Systems, Inc.,INV-CF-003-19,INV-CF-003-19-1,MER-PO-CF-003-007,2027-01-01,2027-01-01,2027-01-01,WD-FIN-CORE,Sterling Financials enterprise subscription,546,7,7,none,0,paid,AP / ERP financial subledger,Sterling Supplier Invoices; Oracle AP; SAP AP; Coupa invoice match,AP-CF-003-19-1,CF-003_invoice_lines.csv,one row per supplier invoice line,Monthly controlled extract; refresh before each optimization gate,synthetic_demo_reviewed
meridian_health_global,v1-golden-evidence,CF-003,VND-003,Sterling Workforce Systems, Inc.,INV-CF-003-19,INV-CF-003-19-2,MER-PO-CF-003-007,2027-01-01,2027-01-01,2027-01-01,WD-HCM-CORE,Sterling HCM enterprise subscription,485,5,5,none,0,paid,AP / ERP financial subledger,Sterling Supplier Invoices; Oracle AP; SAP AP; Coupa invoice match,AP-CF-003-19-2,CF-003_invoice_lines.csv,one row per supplier invoice line,Monthly controlled extract; refresh before each optimization gate,synthetic_demo_reviewed
meridian_health_global,v1-golden-evidence,CF-003,VND-003,Sterling Workforce Systems, Inc.,INV-CF-003-19,INV-CF-003-19-3,MER-PO-CF-003-007,2027-01-01,2027-01-01,2027-01-01,WD-PRISM,Sterling Prism capacity,1044,9,9,none,0,paid,AP / ERP financial subledger,Sterling Supplier Invoices; Oracle AP; SAP AP; Coupa invoice match,AP-CF-003-19-3,CF-003_invoice_lines.csv,one row per supplier invoice line,Monthly controlled extract; refresh before each optimization gate,synthetic_demo_reviewed
meridian_health_global,v1-golden-evidence,CF-003,VND-003,Sterling Workforce Systems, Inc.,INV-CF-003-19,INV-CF-003-19-4,MER-PO-CF-003-007,2027-01-01,2027-01-01,2027-01-01,WD-EXTEND,Sterling Extend app capacity,236250,1750,1750,none,0,paid,AP / ERP financial subledger,Sterling Supplier Invoices; Oracle AP; SAP AP; Coupa invoice match,AP-CF-003-19-4,CF-003_invoice_lines.csv,one row per supplier invoice line,Monthly controlled extract; refresh before each optimization gate,synthetic_demo_reviewed
meridian_health_global,v1-golden-evidence,CF-003,VND-003,Sterling Workforce Systems, Inc.,INV-CF-003-20,INV-CF-003-20-1,MER-PO-CF-003-008,2027-02-01,2027-02-01,2027-02-01,WD-FIN-CORE,Sterling Financials enterprise subscription,560,7,7,none,0,paid,AP / ERP financial subledger,Sterling Supplier Invoices; Oracle AP; SAP AP; Coupa invoice match,AP-CF-003-20-1,CF-003_invoice_lines.csv,one row per supplier invoice line,Monthly controlled extract; refresh before each optimization gate,synthetic_demo_reviewed
meridian_health_global,v1-golden-evidence,CF-003,VND-003,Sterling Workforce Systems, Inc.,INV-CF-003-20,INV-CF-003-20-2,MER-PO-CF-003-008,2027-02-01,2027-02-01,2027-02-01,WD-HCM-CORE,Sterling HCM enterprise subscription,500,5,5,none,0,paid,AP / ERP financial subledger,Sterling Supplier Invoices; Oracle AP; SAP AP; Coupa invoice match,AP-CF-003-20-2,CF-003_invoice_lines.csv,one row per supplier invoice line,Monthly controlled extract; refresh before each optimization gate,synthetic_demo_reviewed
meridian_health_global,v1-golden-evidence,CF-003,VND-003,Sterling Workforce Systems, Inc.,INV-CF-003-20,INV-CF-003-20-3,MER-PO-CF-003-008,2027-02-01,2027-02-01,2027-02-01,WD-PRISM,Sterling Prism capacity,1080,9,9,none,0,paid,AP / ERP financial subledger,Sterling Supplier Invoices; Oracle AP; SAP AP; Coupa invoice match,AP-CF-003-20-3,CF-003_invoice_lines.csv,one row per supplier invoice line,Monthly controlled extract; refresh before each optimization gate,synthetic_demo_reviewed
meridian_health_global,v1-golden-evidence,CF-003,VND-003,Sterling Workforce Systems, Inc.,INV-CF-003-20,INV-CF-003-20-4,MER-PO-CF-003-008,2027-02-01,2027-02-01,2027-02-01,WD-EXTEND,Sterling Extend app capacity,245000,1750,1750,none,0,paid,AP / ERP financial subledger,Sterling Supplier Invoices; Oracle AP; SAP AP; Coupa invoice match,AP-CF-003-20-4,CF-003_invoice_lines.csv,one row per supplier invoice line,Monthly controlled extract; refresh before each optimization gate,synthetic_demo_reviewed
meridian_health_global,v1-golden-evidence,CF-003,VND-003,Sterling Workforce Systems, Inc.,INV-CF-003-21,INV-CF-003-21-1,MER-PO-CF-003-009,2027-03-01,2027-03-01,2027-03-01,WD-FIN-CORE,Sterling Financials enterprise subscription,656,7,8,rate_above_contract_or_uncovered_line,82,approved_not_paid,AP / ERP financial subledger,Sterling Supplier Invoices; Oracle AP; SAP AP; Coupa invoice match,AP-CF-003-21-1,CF-003_invoice_lines.csv,one row per supplier invoice line,Monthly controlled extract; refresh before each optimization gate,synthetic_demo_reviewed
meridian_health_global,v1-golden-evidence,CF-003,VND-003,Sterling Workforce Systems, Inc.,INV-CF-003-21,INV-CF-003-21-2,MER-PO-CF-003-009,2027-03-01,2027-03-01,2027-03-01,WD-HCM-CORE,Sterling HCM enterprise subscription,618,5,6,rate_above_contract_or_uncovered_line,103,approved_not_paid,AP / ERP financial subledger,Sterling Supplier Invoices; Oracle AP; SAP AP; Coupa invoice match,AP-CF-003-21-2,CF-003_invoice_lines.csv,one row per supplier invoice line,Monthly controlled extract; refresh before each optimization gate,synthetic_demo_reviewed
meridian_health_global,v1-golden-evidence,CF-003,VND-003,Sterling Workforce Systems, Inc.,INV-CF-003-21,INV-CF-003-21-3,MER-PO-CF-003-009,2027-03-01,2027-03-01,2027-03-01,WD-PRISM,Sterling Prism capacity,1240,9,10,rate_above_contract_or_uncovered_line,124,approved_not_paid,AP / ERP financial subledger,Sterling Supplier Invoices; Oracle AP; SAP AP; Coupa invoice match,AP-CF-003-21-3,CF-003_invoice_lines.csv,one row per supplier invoice line,Monthly controlled extract; refresh before each optimization gate,synthetic_demo_reviewed
meridian_health_global,v1-golden-evidence,CF-003,VND-003,Sterling Workforce Systems, Inc.,INV-CF-003-21,INV-CF-003-21-4,MER-PO-CF-003-009,2027-03-01,2027-03-01,2027-03-01,WD-EXTEND,Sterling Extend app capacity,286665,1750,1977,rate_above_contract_or_uncovered_line,32915,approved_not_paid,AP / ERP financial subledger,Sterling Supplier Invoices; Oracle AP; SAP AP; Coupa invoice match,AP-CF-003-21-4,CF-003_invoice_lines.csv,one row per supplier invoice line,Monthly controlled extract; refresh before each optimization gate,synthetic_demo_reviewed
meridian_health_global,v1-golden-evidence,CF-003,VND-003,Sterling Workforce Systems, Inc.,INV-CF-003-22,INV-CF-003-22-1,MER-PO-CF-003-010,2027-04-01,2027-04-01,2027-04-01,WD-FIN-CORE,Sterling Financials enterprise subscription,672,7,8,rate_above_contract_or_uncovered_line,84,approved_not_paid,AP / ERP financial subledger,Sterling Supplier Invoices; Oracle AP; SAP AP; Coupa invoice match,AP-CF-003-22-1,CF-003_invoice_lines.csv,one row per supplier invoice line,Monthly controlled extract; refresh before each optimization gate,synthetic_demo_reviewed
meridian_health_global,v1-golden-evidence,CF-003,VND-003,Sterling Workforce Systems, Inc.,INV-CF-003-22,INV-CF-003-22-2,MER-PO-CF-003-010,2027-04-01,2027-04-01,2027-04-01,WD-HCM-CORE,Sterling HCM enterprise subscription,530,5,5,none,0,approved_not_paid,AP / ERP financial subledger,Sterling Supplier Invoices; Oracle AP; SAP AP; Coupa invoice match,AP-CF-003-22-2,CF-003_invoice_lines.csv,one row per supplier invoice line,Monthly controlled extract; refresh before each optimization gate,synthetic_demo_reviewed
meridian_health_global,v1-golden-evidence,CF-003,VND-003,Sterling Workforce Systems, Inc.,INV-CF-003-22,INV-CF-003-22-3,MER-PO-CF-003-010,2027-04-01,2027-04-01,2027-04-01,WD-PRISM,Sterling Prism capacity,1280,9,10,rate_above_contract_or_uncovered_line,128,approved_not_paid,AP / ERP financial subledger,Sterling Supplier Invoices; Oracle AP; SAP AP; Coupa invoice match,AP-CF-003-22-3,CF-003_invoice_lines.csv,one row per supplier invoice line,Monthly controlled extract; refresh before each optimization gate,synthetic_demo_reviewed
meridian_health_global,v1-golden-evidence,CF-003,VND-003,Sterling Workforce Systems, Inc.,INV-CF-003-22,INV-CF-003-22-4,MER-PO-CF-003-010,2027-04-01,2027-04-01,2027-04-01,WD-EXTEND,Sterling Extend app capacity,283500,1750,1890,rate_above_contract_or_uncovered_line,21000,approved_not_paid,AP / ERP financial subledger,Sterling Supplier Invoices; Oracle AP; SAP AP; Coupa invoice match,AP-CF-003-22-4,CF-003_invoice_lines.csv,one row per supplier invoice line,Monthly controlled extract; refresh before each optimization gate,synthetic_demo_reviewed
meridian_health_global,v1-golden-evidence,CF-003,VND-003,Sterling Workforce Systems, Inc.,INV-CF-003-23,INV-CF-003-23-1,MER-PO-CF-003-011,2027-05-01,2027-05-01,2027-05-01,WD-FIN-CORE,Sterling Financials enterprise subscription,602,7,7,none,0,approved_not_paid,AP / ERP financial subledger,Sterling Supplier Invoices; Oracle AP; SAP AP; Coupa invoice match,AP-CF-003-23-1,CF-003_invoice_lines.csv,one row per supplier invoice line,Monthly controlled extract; refresh before each optimization gate,synthetic_demo_reviewed
meridian_health_global,v1-golden-evidence,CF-003,VND-003,Sterling Workforce Systems, Inc.,INV-CF-003-23,INV-CF-003-23-2,MER-PO-CF-003-011,2027-05-01,2027-05-01,2027-05-01,WD-HCM-CORE,Sterling HCM enterprise subscription,545,5,5,none,0,approved_not_paid,AP / ERP financial subledger,Sterling Supplier Invoices; Oracle AP; SAP AP; Coupa invoice match,AP-CF-003-23-2,CF-003_invoice_lines.csv,one row per supplier invoice line,Monthly controlled extract; refresh before each optimization gate,synthetic_demo_reviewed
meridian_health_global,v1-golden-evidence,CF-003,VND-003,Sterling Workforce Systems, Inc.,INV-CF-003-23,INV-CF-003-23-3,MER-PO-CF-003-011,2027-05-01,2027-05-01,2027-05-01,WD-PRISM,Sterling Prism capacity,1188,9,9,none,0,approved_not_paid,AP / ERP financial subledger,Sterling Supplier Invoices; Oracle AP; SAP AP; Coupa invoice match,AP-CF-003-23-3,CF-003_invoice_lines.csv,one row per supplier invoice line,Monthly controlled extract; refresh before each optimization gate,synthetic_demo_reviewed
meridian_health_global,v1-golden-evidence,CF-003,VND-003,Sterling Workforce Systems, Inc.,INV-CF-003-23,INV-CF-003-23-4,MER-PO-CF-003-011,2027-05-01,2027-05-01,2027-05-01,WD-EXTEND,Sterling Extend app capacity,271250,1750,1750,none,0,approved_not_paid,AP / ERP financial subledger,Sterling Supplier Invoices; Oracle AP; SAP AP; Coupa invoice match,AP-CF-003-23-4,CF-003_invoice_lines.csv,one row per supplier invoice line,Monthly controlled extract; refresh before each optimization gate,synthetic_demo_reviewed
meridian_health_global,v1-golden-evidence,CF-003,VND-003,Sterling Workforce Systems, Inc.,INV-CF-003-24,INV-CF-003-24-1,MER-PO-CF-003-012,2027-06-01,2027-06-01,2027-06-01,WD-FIN-CORE,Sterling Financials enterprise subscription,616,7,7,none,0,approved_not_paid,AP / ERP financial subledger,Sterling Supplier Invoices; Oracle AP; SAP AP; Coupa invoice match,AP-CF-003-24-1,CF-003_invoice_lines.csv,one row per supplier invoice line,Monthly controlled extract; refresh before each optimization gate,synthetic_demo_reviewed
meridian_health_global,v1-golden-evidence,CF-003,VND-003,Sterling Workforce Systems, Inc.,INV-CF-003-24,INV-CF-003-24-2,MER-PO-CF-003-012,2027-06-01,2027-06-01,2027-06-01,WD-HCM-CORE,Sterling HCM enterprise subscription,560,5,5,none,0,approved_not_paid,AP / ERP financial subledger,Sterling Supplier Invoices; Oracle AP; SAP AP; Coupa invoice match,AP-CF-003-24-2,CF-003_invoice_lines.csv,one row per supplier invoice line,Monthly controlled extract; refresh before each optimization gate,synthetic_demo_reviewed
meridian_health_global,v1-golden-evidence,CF-003,VND-003,Sterling Workforce Systems, Inc.,INV-CF-003-24,INV-CF-003-24-3,MER-PO-CF-003-012,2027-06-01,2027-06-01,2027-06-01,WD-PRISM,Sterling Prism capacity,1224,9,9,none,0,approved_not_paid,AP / ERP financial subledger,Sterling Supplier Invoices; Oracle AP; SAP AP; Coupa invoice match,AP-CF-003-24-3,CF-003_invoice_lines.csv,one row per supplier invoice line,Monthly controlled extract; refresh before each optimization gate,synthetic_demo_reviewed
meridian_health_global,v1-golden-evidence,CF-003,VND-003,Sterling Workforce Systems, Inc.,INV-CF-003-24,INV-CF-003-24-4,MER-PO-CF-003-012,2027-06-01,2027-06-01,2027-06-01,WD-EXTEND,Sterling Extend app capacity,280000,1750,1750,none,0,approved_not_paid,AP / ERP financial subledger,Sterling Supplier Invoices; Oracle AP; SAP AP; Coupa invoice match,AP-CF-003-24-4,CF-003_invoice_lines.csv,one row per supplier invoice line,Monthly controlled extract; refresh before each optimization gate,synthetic_demo_reviewed
