sql_asset_id,asset_type,business_function,version_family,hosting_model,upstream_source,lifecycle_status,evidence_gap
SQL-HCDN-00001,SQL database,Quality and Stars,SQL Server 2014,departmental server,legacy EDW,stale,source-backed candidate
SQL-HCDN-00002,departmental mart,Revenue Cycle,SQL Server 2016,private cloud,claims warehouse,duplicate,source-backed candidate
SQL-HCDN-00003,SSIS package group,Population Health,SQL Server 2019,on-prem data center,manual spreadsheet upload,retire candidate,source-backed candidate
SQL-HCDN-00004,SSAS cube/model,Claims Operations,SQL Server 2022,departmental server,Oracle feed,owner conflict,source-backed candidate
SQL-HCDN-00005,SSRS report server,Clinical Analytics,SQL Server 2012,private cloud,flat-file/SFTP,active,source-backed candidate
SQL-HCDN-00006,SQL Agent schedule group,Departmental Reporting,SQL Server 2014,on-prem data center,Epic Clarity,stale,source-backed candidate
SQL-HCDN-00007,SQL Server instance,Actuarial,SQL Server 2016,departmental server,legacy EDW,duplicate,source-backed candidate
SQL-HCDN-00008,SQL database,Finance,SQL Server 2019,private cloud,claims warehouse,retire candidate,measure definition conflict
SQL-HCDN-00009,departmental mart,Quality and Stars,SQL Server 2022,on-prem data center,manual spreadsheet upload,owner conflict,source-backed candidate
SQL-HCDN-00010,SSIS package group,Revenue Cycle,SQL Server 2012,departmental server,Oracle feed,active,source-backed candidate
SQL-HCDN-00011,SSAS cube/model,Population Health,SQL Server 2014,private cloud,flat-file/SFTP,stale,lineage incomplete
SQL-HCDN-00012,SSRS report server,Claims Operations,SQL Server 2016,on-prem data center,Epic Clarity,duplicate,source-backed candidate
SQL-HCDN-00013,SQL Agent schedule group,Clinical Analytics,SQL Server 2019,departmental server,legacy EDW,retire candidate,source-backed candidate
SQL-HCDN-00014,SQL Server instance,Departmental Reporting,SQL Server 2022,private cloud,claims warehouse,owner conflict,source-backed candidate
SQL-HCDN-00015,SQL database,Actuarial,SQL Server 2012,on-prem data center,manual spreadsheet upload,active,source-backed candidate
SQL-HCDN-00016,departmental mart,Finance,SQL Server 2014,departmental server,Oracle feed,stale,measure definition conflict
SQL-HCDN-00017,SSIS package group,Quality and Stars,SQL Server 2016,private cloud,flat-file/SFTP,duplicate,source-backed candidate
SQL-HCDN-00018,SSAS cube/model,Revenue Cycle,SQL Server 2019,on-prem data center,Epic Clarity,retire candidate,source-backed candidate
SQL-HCDN-00019,SSRS report server,Population Health,SQL Server 2022,departmental server,legacy EDW,owner conflict,source-backed candidate
SQL-HCDN-00020,SQL Agent schedule group,Claims Operations,SQL Server 2012,private cloud,claims warehouse,active,source-backed candidate
SQL-HCDN-00021,SQL Server instance,Clinical Analytics,SQL Server 2014,on-prem data center,manual spreadsheet upload,stale,source-backed candidate
SQL-HCDN-00022,SQL database,Departmental Reporting,SQL Server 2016,departmental server,Oracle feed,duplicate,lineage incomplete
SQL-HCDN-00023,departmental mart,Actuarial,SQL Server 2019,private cloud,flat-file/SFTP,retire candidate,source-backed candidate
SQL-HCDN-00024,SSIS package group,Finance,SQL Server 2022,on-prem data center,Epic Clarity,owner conflict,measure definition conflict
SQL-HCDN-00025,SSAS cube/model,Quality and Stars,SQL Server 2012,departmental server,legacy EDW,active,source-backed candidate
SQL-HCDN-00026,SSRS report server,Revenue Cycle,SQL Server 2014,private cloud,claims warehouse,stale,source-backed candidate
SQL-HCDN-00027,SQL Agent schedule group,Population Health,SQL Server 2016,on-prem data center,manual spreadsheet upload,duplicate,source-backed candidate
SQL-HCDN-00028,SQL Server instance,Claims Operations,SQL Server 2019,departmental server,Oracle feed,retire candidate,source-backed candidate
SQL-HCDN-00029,SQL database,Clinical Analytics,SQL Server 2022,private cloud,flat-file/SFTP,owner conflict,source-backed candidate
SQL-HCDN-00030,departmental mart,Departmental Reporting,SQL Server 2012,on-prem data center,Epic Clarity,active,source-backed candidate
SQL-HCDN-00031,SSIS package group,Actuarial,SQL Server 2014,departmental server,legacy EDW,stale,source-backed candidate
SQL-HCDN-00032,SSAS cube/model,Finance,SQL Server 2016,private cloud,claims warehouse,duplicate,measure definition conflict
SQL-HCDN-00033,SSRS report server,Quality and Stars,SQL Server 2019,on-prem data center,manual spreadsheet upload,retire candidate,lineage incomplete
SQL-HCDN-00034,SQL Agent schedule group,Revenue Cycle,SQL Server 2022,departmental server,Oracle feed,owner conflict,source-backed candidate
SQL-HCDN-00035,SQL Server instance,Population Health,SQL Server 2012,private cloud,flat-file/SFTP,active,source-backed candidate
SQL-HCDN-00036,SQL database,Claims Operations,SQL Server 2014,on-prem data center,Epic Clarity,stale,source-backed candidate
SQL-HCDN-00037,departmental mart,Clinical Analytics,SQL Server 2016,departmental server,legacy EDW,duplicate,source-backed candidate
SQL-HCDN-00038,SSIS package group,Departmental Reporting,SQL Server 2019,private cloud,claims warehouse,retire candidate,source-backed candidate
SQL-HCDN-00039,SSAS cube/model,Actuarial,SQL Server 2022,on-prem data center,manual spreadsheet upload,owner conflict,source-backed candidate
SQL-HCDN-00040,SSRS report server,Finance,SQL Server 2012,departmental server,Oracle feed,active,measure definition conflict
SQL-HCDN-00041,SQL Agent schedule group,Quality and Stars,SQL Server 2014,private cloud,flat-file/SFTP,stale,source-backed candidate
SQL-HCDN-00042,SQL Server instance,Revenue Cycle,SQL Server 2016,on-prem data center,Epic Clarity,duplicate,source-backed candidate
SQL-HCDN-00043,SQL database,Population Health,SQL Server 2019,departmental server,legacy EDW,retire candidate,source-backed candidate
SQL-HCDN-00044,departmental mart,Claims Operations,SQL Server 2022,private cloud,claims warehouse,owner conflict,lineage incomplete
SQL-HCDN-00045,SSIS package group,Clinical Analytics,SQL Server 2012,on-prem data center,manual spreadsheet upload,active,source-backed candidate
SQL-HCDN-00046,SSAS cube/model,Departmental Reporting,SQL Server 2014,departmental server,Oracle feed,stale,source-backed candidate
SQL-HCDN-00047,SSRS report server,Actuarial,SQL Server 2016,private cloud,flat-file/SFTP,duplicate,source-backed candidate
SQL-HCDN-00048,SQL Agent schedule group,Finance,SQL Server 2019,on-prem data center,Epic Clarity,retire candidate,measure definition conflict
SQL-HCDN-00049,SQL Server instance,Quality and Stars,SQL Server 2022,departmental server,legacy EDW,owner conflict,source-backed candidate
SQL-HCDN-00050,SQL database,Revenue Cycle,SQL Server 2012,private cloud,claims warehouse,active,source-backed candidate
SQL-HCDN-00051,departmental mart,Population Health,SQL Server 2014,on-prem data center,manual spreadsheet upload,stale,source-backed candidate
SQL-HCDN-00052,SSIS package group,Claims Operations,SQL Server 2016,departmental server,Oracle feed,duplicate,source-backed candidate
SQL-HCDN-00053,SSAS cube/model,Clinical Analytics,SQL Server 2019,private cloud,flat-file/SFTP,retire candidate,source-backed candidate
SQL-HCDN-00054,SSRS report server,Departmental Reporting,SQL Server 2022,on-prem data center,Epic Clarity,owner conflict,source-backed candidate
SQL-HCDN-00055,SQL Agent schedule group,Actuarial,SQL Server 2012,departmental server,legacy EDW,active,lineage incomplete
SQL-HCDN-00056,SQL Server instance,Finance,SQL Server 2014,private cloud,claims warehouse,stale,measure definition conflict
SQL-HCDN-00057,SQL database,Quality and Stars,SQL Server 2016,on-prem data center,manual spreadsheet upload,duplicate,source-backed candidate
SQL-HCDN-00058,departmental mart,Revenue Cycle,SQL Server 2019,departmental server,Oracle feed,retire candidate,source-backed candidate
SQL-HCDN-00059,SSIS package group,Population Health,SQL Server 2022,private cloud,flat-file/SFTP,owner conflict,source-backed candidate
SQL-HCDN-00060,SSAS cube/model,Claims Operations,SQL Server 2012,on-prem data center,Epic Clarity,active,source-backed candidate
SQL-HCDN-00061,SSRS report server,Clinical Analytics,SQL Server 2014,departmental server,legacy EDW,stale,source-backed candidate
SQL-HCDN-00062,SQL Agent schedule group,Departmental Reporting,SQL Server 2016,private cloud,claims warehouse,duplicate,source-backed candidate
SQL-HCDN-00063,SQL Server instance,Actuarial,SQL Server 2019,on-prem data center,manual spreadsheet upload,retire candidate,source-backed candidate
SQL-HCDN-00064,SQL database,Finance,SQL Server 2022,departmental server,Oracle feed,owner conflict,measure definition conflict
SQL-HCDN-00065,departmental mart,Quality and Stars,SQL Server 2012,private cloud,flat-file/SFTP,active,source-backed candidate
SQL-HCDN-00066,SSIS package group,Revenue Cycle,SQL Server 2014,on-prem data center,Epic Clarity,stale,lineage incomplete
SQL-HCDN-00067,SSAS cube/model,Population Health,SQL Server 2016,departmental server,legacy EDW,duplicate,source-backed candidate
SQL-HCDN-00068,SSRS report server,Claims Operations,SQL Server 2019,private cloud,claims warehouse,retire candidate,source-backed candidate
SQL-HCDN-00069,SQL Agent schedule group,Clinical Analytics,SQL Server 2022,on-prem data center,manual spreadsheet upload,owner conflict,source-backed candidate
SQL-HCDN-00070,SQL Server instance,Departmental Reporting,SQL Server 2012,departmental server,Oracle feed,active,source-backed candidate
SQL-HCDN-00071,SQL database,Actuarial,SQL Server 2014,private cloud,flat-file/SFTP,stale,source-backed candidate
SQL-HCDN-00072,departmental mart,Finance,SQL Server 2016,on-prem data center,Epic Clarity,duplicate,measure definition conflict
SQL-HCDN-00073,SSIS package group,Quality and Stars,SQL Server 2019,departmental server,legacy EDW,retire candidate,source-backed candidate
SQL-HCDN-00074,SSAS cube/model,Revenue Cycle,SQL Server 2022,private cloud,claims warehouse,owner conflict,source-backed candidate
SQL-HCDN-00075,SSRS report server,Population Health,SQL Server 2012,on-prem data center,manual spreadsheet upload,active,source-backed candidate
SQL-HCDN-00076,SQL Agent schedule group,Claims Operations,SQL Server 2014,departmental server,Oracle feed,stale,source-backed candidate
SQL-HCDN-00077,SQL Server instance,Clinical Analytics,SQL Server 2016,private cloud,flat-file/SFTP,duplicate,lineage incomplete
SQL-HCDN-00078,SQL database,Departmental Reporting,SQL Server 2019,on-prem data center,Epic Clarity,retire candidate,source-backed candidate
SQL-HCDN-00079,departmental mart,Actuarial,SQL Server 2022,departmental server,legacy EDW,owner conflict,source-backed candidate
SQL-HCDN-00080,SSIS package group,Finance,SQL Server 2012,private cloud,claims warehouse,active,measure definition conflict
SQL-HCDN-00081,SSAS cube/model,Quality and Stars,SQL Server 2014,on-prem data center,manual spreadsheet upload,stale,source-backed candidate
SQL-HCDN-00082,SSRS report server,Revenue Cycle,SQL Server 2016,departmental server,Oracle feed,duplicate,source-backed candidate
SQL-HCDN-00083,SQL Agent schedule group,Population Health,SQL Server 2019,private cloud,flat-file/SFTP,retire candidate,source-backed candidate
SQL-HCDN-00084,SQL Server instance,Claims Operations,SQL Server 2022,on-prem data center,Epic Clarity,owner conflict,source-backed candidate
SQL-HCDN-00085,SQL database,Clinical Analytics,SQL Server 2012,departmental server,legacy EDW,active,source-backed candidate
SQL-HCDN-00086,departmental mart,Departmental Reporting,SQL Server 2014,private cloud,claims warehouse,stale,source-backed candidate
SQL-HCDN-00087,SSIS package group,Actuarial,SQL Server 2016,on-prem data center,manual spreadsheet upload,duplicate,source-backed candidate
SQL-HCDN-00088,SSAS cube/model,Finance,SQL Server 2019,departmental server,Oracle feed,retire candidate,measure definition conflict
SQL-HCDN-00089,SSRS report server,Quality and Stars,SQL Server 2022,private cloud,flat-file/SFTP,owner conflict,source-backed candidate
SQL-HCDN-00090,SQL Agent schedule group,Revenue Cycle,SQL Server 2012,on-prem data center,Epic Clarity,active,source-backed candidate
SQL-HCDN-00091,SQL Server instance,Population Health,SQL Server 2014,departmental server,legacy EDW,stale,source-backed candidate
SQL-HCDN-00092,SQL database,Claims Operations,SQL Server 2016,private cloud,claims warehouse,duplicate,source-backed candidate
SQL-HCDN-00093,departmental mart,Clinical Analytics,SQL Server 2019,on-prem data center,manual spreadsheet upload,retire candidate,source-backed candidate
SQL-HCDN-00094,SSIS package group,Departmental Reporting,SQL Server 2022,departmental server,Oracle feed,owner conflict,source-backed candidate
SQL-HCDN-00095,SSAS cube/model,Actuarial,SQL Server 2012,private cloud,flat-file/SFTP,active,source-backed candidate
SQL-HCDN-00096,SSRS report server,Finance,SQL Server 2014,on-prem data center,Epic Clarity,stale,measure definition conflict
SQL-HCDN-00097,SQL Agent schedule group,Quality and Stars,SQL Server 2016,departmental server,legacy EDW,duplicate,source-backed candidate
SQL-HCDN-00098,SQL Server instance,Revenue Cycle,SQL Server 2019,private cloud,claims warehouse,retire candidate,source-backed candidate
SQL-HCDN-00099,SQL database,Population Health,SQL Server 2022,on-prem data center,manual spreadsheet upload,owner conflict,lineage incomplete
SQL-HCDN-00100,departmental mart,Claims Operations,SQL Server 2012,departmental server,Oracle feed,active,source-backed candidate
SQL-HCDN-00101,SSIS package group,Clinical Analytics,SQL Server 2014,private cloud,flat-file/SFTP,stale,source-backed candidate
SQL-HCDN-00102,SSAS cube/model,Departmental Reporting,SQL Server 2016,on-prem data center,Epic Clarity,duplicate,source-backed candidate
SQL-HCDN-00103,SSRS report server,Actuarial,SQL Server 2019,departmental server,legacy EDW,retire candidate,source-backed candidate
SQL-HCDN-00104,SQL Agent schedule group,Finance,SQL Server 2022,private cloud,claims warehouse,owner conflict,measure definition conflict
SQL-HCDN-00105,SQL Server instance,Quality and Stars,SQL Server 2012,on-prem data center,manual spreadsheet upload,active,source-backed candidate
SQL-HCDN-00106,SQL database,Revenue Cycle,SQL Server 2014,departmental server,Oracle feed,stale,source-backed candidate
SQL-HCDN-00107,departmental mart,Population Health,SQL Server 2016,private cloud,flat-file/SFTP,duplicate,source-backed candidate
SQL-HCDN-00108,SSIS package group,Claims Operations,SQL Server 2019,on-prem data center,Epic Clarity,retire candidate,source-backed candidate
SQL-HCDN-00109,SSAS cube/model,Clinical Analytics,SQL Server 2022,departmental server,legacy EDW,owner conflict,source-backed candidate
SQL-HCDN-00110,SSRS report server,Departmental Reporting,SQL Server 2012,private cloud,claims warehouse,active,lineage incomplete
SQL-HCDN-00111,SQL Agent schedule group,Actuarial,SQL Server 2014,on-prem data center,manual spreadsheet upload,stale,source-backed candidate
SQL-HCDN-00112,SQL Server instance,Finance,SQL Server 2016,departmental server,Oracle feed,duplicate,measure definition conflict
SQL-HCDN-00113,SQL database,Quality and Stars,SQL Server 2019,private cloud,flat-file/SFTP,retire candidate,source-backed candidate
SQL-HCDN-00114,departmental mart,Revenue Cycle,SQL Server 2022,on-prem data center,Epic Clarity,owner conflict,source-backed candidate
SQL-HCDN-00115,SSIS package group,Population Health,SQL Server 2012,departmental server,legacy EDW,active,source-backed candidate
SQL-HCDN-00116,SSAS cube/model,Claims Operations,SQL Server 2014,private cloud,claims warehouse,stale,source-backed candidate
SQL-HCDN-00117,SSRS report server,Clinical Analytics,SQL Server 2016,on-prem data center,manual spreadsheet upload,duplicate,source-backed candidate
SQL-HCDN-00118,SQL Agent schedule group,Departmental Reporting,SQL Server 2019,departmental server,Oracle feed,retire candidate,source-backed candidate
SQL-HCDN-00119,SQL Server instance,Actuarial,SQL Server 2022,private cloud,flat-file/SFTP,owner conflict,source-backed candidate
SQL-HCDN-00120,SQL database,Finance,SQL Server 2012,on-prem data center,Epic Clarity,active,measure definition conflict
SQL-HCDN-00121,departmental mart,Quality and Stars,SQL Server 2014,departmental server,legacy EDW,stale,lineage incomplete
SQL-HCDN-00122,SSIS package group,Revenue Cycle,SQL Server 2016,private cloud,claims warehouse,duplicate,source-backed candidate
SQL-HCDN-00123,SSAS cube/model,Population Health,SQL Server 2019,on-prem data center,manual spreadsheet upload,retire candidate,source-backed candidate
SQL-HCDN-00124,SSRS report server,Claims Operations,SQL Server 2022,departmental server,Oracle feed,owner conflict,source-backed candidate
SQL-HCDN-00125,SQL Agent schedule group,Clinical Analytics,SQL Server 2012,private cloud,flat-file/SFTP,active,source-backed candidate
SQL-HCDN-00126,SQL Server instance,Departmental Reporting,SQL Server 2014,on-prem data center,Epic Clarity,stale,source-backed candidate
SQL-HCDN-00127,SQL database,Actuarial,SQL Server 2016,departmental server,legacy EDW,duplicate,source-backed candidate
SQL-HCDN-00128,departmental mart,Finance,SQL Server 2019,private cloud,claims warehouse,retire candidate,measure definition conflict
SQL-HCDN-00129,SSIS package group,Quality and Stars,SQL Server 2022,on-prem data center,manual spreadsheet upload,owner conflict,source-backed candidate
SQL-HCDN-00130,SSAS cube/model,Revenue Cycle,SQL Server 2012,departmental server,Oracle feed,active,source-backed candidate
SQL-HCDN-00131,SSRS report server,Population Health,SQL Server 2014,private cloud,flat-file/SFTP,stale,source-backed candidate
SQL-HCDN-00132,SQL Agent schedule group,Claims Operations,SQL Server 2016,on-prem data center,Epic Clarity,duplicate,lineage incomplete
SQL-HCDN-00133,SQL Server instance,Clinical Analytics,SQL Server 2019,departmental server,legacy EDW,retire candidate,source-backed candidate
SQL-HCDN-00134,SQL database,Departmental Reporting,SQL Server 2022,private cloud,claims warehouse,owner conflict,source-backed candidate
SQL-HCDN-00135,departmental mart,Actuarial,SQL Server 2012,on-prem data center,manual spreadsheet upload,active,source-backed candidate
SQL-HCDN-00136,SSIS package group,Finance,SQL Server 2014,departmental server,Oracle feed,stale,measure definition conflict
SQL-HCDN-00137,SSAS cube/model,Quality and Stars,SQL Server 2016,private cloud,flat-file/SFTP,duplicate,source-backed candidate
SQL-HCDN-00138,SSRS report server,Revenue Cycle,SQL Server 2019,on-prem data center,Epic Clarity,retire candidate,source-backed candidate
SQL-HCDN-00139,SQL Agent schedule group,Population Health,SQL Server 2022,departmental server,legacy EDW,owner conflict,source-backed candidate
SQL-HCDN-00140,SQL Server instance,Claims Operations,SQL Server 2012,private cloud,claims warehouse,active,source-backed candidate
SQL-HCDN-00141,SQL database,Clinical Analytics,SQL Server 2014,on-prem data center,manual spreadsheet upload,stale,source-backed candidate
SQL-HCDN-00142,departmental mart,Departmental Reporting,SQL Server 2016,departmental server,Oracle feed,duplicate,source-backed candidate
SQL-HCDN-00143,SSIS package group,Actuarial,SQL Server 2019,private cloud,flat-file/SFTP,retire candidate,lineage incomplete
SQL-HCDN-00144,SSAS cube/model,Finance,SQL Server 2022,on-prem data center,Epic Clarity,owner conflict,measure definition conflict
SQL-HCDN-00145,SSRS report server,Quality and Stars,SQL Server 2012,departmental server,legacy EDW,active,source-backed candidate
SQL-HCDN-00146,SQL Agent schedule group,Revenue Cycle,SQL Server 2014,private cloud,claims warehouse,stale,source-backed candidate
SQL-HCDN-00147,SQL Server instance,Population Health,SQL Server 2016,on-prem data center,manual spreadsheet upload,duplicate,source-backed candidate
SQL-HCDN-00148,SQL database,Claims Operations,SQL Server 2019,departmental server,Oracle feed,retire candidate,source-backed candidate
SQL-HCDN-00149,departmental mart,Clinical Analytics,SQL Server 2022,private cloud,flat-file/SFTP,owner conflict,source-backed candidate
SQL-HCDN-00150,SSIS package group,Departmental Reporting,SQL Server 2012,on-prem data center,Epic Clarity,active,source-backed candidate
SQL-HCDN-00151,SSAS cube/model,Actuarial,SQL Server 2014,departmental server,legacy EDW,stale,source-backed candidate
SQL-HCDN-00152,SSRS report server,Finance,SQL Server 2016,private cloud,claims warehouse,duplicate,measure definition conflict
SQL-HCDN-00153,SQL Agent schedule group,Quality and Stars,SQL Server 2019,on-prem data center,manual spreadsheet upload,retire candidate,source-backed candidate
SQL-HCDN-00154,SQL Server instance,Revenue Cycle,SQL Server 2022,departmental server,Oracle feed,owner conflict,lineage incomplete
SQL-HCDN-00155,SQL database,Population Health,SQL Server 2012,private cloud,flat-file/SFTP,active,source-backed candidate
SQL-HCDN-00156,departmental mart,Claims Operations,SQL Server 2014,on-prem data center,Epic Clarity,stale,source-backed candidate
SQL-HCDN-00157,SSIS package group,Clinical Analytics,SQL Server 2016,departmental server,legacy EDW,duplicate,source-backed candidate
SQL-HCDN-00158,SSAS cube/model,Departmental Reporting,SQL Server 2019,private cloud,claims warehouse,retire candidate,source-backed candidate
SQL-HCDN-00159,SSRS report server,Actuarial,SQL Server 2022,on-prem data center,manual spreadsheet upload,owner conflict,source-backed candidate
SQL-HCDN-00160,SQL Agent schedule group,Finance,SQL Server 2012,departmental server,Oracle feed,active,measure definition conflict
SQL-HCDN-00161,SQL Server instance,Quality and Stars,SQL Server 2014,private cloud,flat-file/SFTP,stale,source-backed candidate
SQL-HCDN-00162,SQL database,Revenue Cycle,SQL Server 2016,on-prem data center,Epic Clarity,duplicate,source-backed candidate
SQL-HCDN-00163,departmental mart,Population Health,SQL Server 2019,departmental server,legacy EDW,retire candidate,source-backed candidate
SQL-HCDN-00164,SSIS package group,Claims Operations,SQL Server 2022,private cloud,claims warehouse,owner conflict,source-backed candidate
SQL-HCDN-00165,SSAS cube/model,Clinical Analytics,SQL Server 2012,on-prem data center,manual spreadsheet upload,active,lineage incomplete
SQL-HCDN-00166,SSRS report server,Departmental Reporting,SQL Server 2014,departmental server,Oracle feed,stale,source-backed candidate
SQL-HCDN-00167,SQL Agent schedule group,Actuarial,SQL Server 2016,private cloud,flat-file/SFTP,duplicate,source-backed candidate
SQL-HCDN-00168,SQL Server instance,Finance,SQL Server 2019,on-prem data center,Epic Clarity,retire candidate,measure definition conflict
SQL-HCDN-00169,SQL database,Quality and Stars,SQL Server 2022,departmental server,legacy EDW,owner conflict,source-backed candidate
SQL-HCDN-00170,departmental mart,Revenue Cycle,SQL Server 2012,private cloud,claims warehouse,active,source-backed candidate
SQL-HCDN-00171,SSIS package group,Population Health,SQL Server 2014,on-prem data center,manual spreadsheet upload,stale,source-backed candidate
SQL-HCDN-00172,SSAS cube/model,Claims Operations,SQL Server 2016,departmental server,Oracle feed,duplicate,source-backed candidate
SQL-HCDN-00173,SSRS report server,Clinical Analytics,SQL Server 2019,private cloud,flat-file/SFTP,retire candidate,source-backed candidate
SQL-HCDN-00174,SQL Agent schedule group,Departmental Reporting,SQL Server 2022,on-prem data center,Epic Clarity,owner conflict,source-backed candidate
SQL-HCDN-00175,SQL Server instance,Actuarial,SQL Server 2012,departmental server,legacy EDW,active,source-backed candidate
SQL-HCDN-00176,SQL database,Finance,SQL Server 2014,private cloud,claims warehouse,stale,measure definition conflict
SQL-HCDN-00177,departmental mart,Quality and Stars,SQL Server 2016,on-prem data center,manual spreadsheet upload,duplicate,source-backed candidate
SQL-HCDN-00178,SSIS package group,Revenue Cycle,SQL Server 2019,departmental server,Oracle feed,retire candidate,source-backed candidate
SQL-HCDN-00179,SSAS cube/model,Population Health,SQL Server 2022,private cloud,flat-file/SFTP,owner conflict,source-backed candidate
SQL-HCDN-00180,SSRS report server,Claims Operations,SQL Server 2012,on-prem data center,Epic Clarity,active,source-backed candidate
SQL-HCDN-00181,SQL Agent schedule group,Clinical Analytics,SQL Server 2014,departmental server,legacy EDW,stale,source-backed candidate
SQL-HCDN-00182,SQL Server instance,Departmental Reporting,SQL Server 2016,private cloud,claims warehouse,duplicate,source-backed candidate
SQL-HCDN-00183,SQL database,Actuarial,SQL Server 2019,on-prem data center,manual spreadsheet upload,retire candidate,source-backed candidate
SQL-HCDN-00184,departmental mart,Finance,SQL Server 2022,departmental server,Oracle feed,owner conflict,measure definition conflict
SQL-HCDN-00185,SSIS package group,Quality and Stars,SQL Server 2012,private cloud,flat-file/SFTP,active,source-backed candidate
SQL-HCDN-00186,SSAS cube/model,Revenue Cycle,SQL Server 2014,on-prem data center,Epic Clarity,stale,source-backed candidate
SQL-HCDN-00187,SSRS report server,Population Health,SQL Server 2016,departmental server,legacy EDW,duplicate,lineage incomplete
SQL-HCDN-00188,SQL Agent schedule group,Claims Operations,SQL Server 2019,private cloud,claims warehouse,retire candidate,source-backed candidate
SQL-HCDN-00189,SQL Server instance,Clinical Analytics,SQL Server 2022,on-prem data center,manual spreadsheet upload,owner conflict,source-backed candidate
SQL-HCDN-00190,SQL database,Departmental Reporting,SQL Server 2012,departmental server,Oracle feed,active,source-backed candidate
SQL-HCDN-00191,departmental mart,Actuarial,SQL Server 2014,private cloud,flat-file/SFTP,stale,source-backed candidate
SQL-HCDN-00192,SSIS package group,Finance,SQL Server 2016,on-prem data center,Epic Clarity,duplicate,measure definition conflict
SQL-HCDN-00193,SSAS cube/model,Quality and Stars,SQL Server 2019,departmental server,legacy EDW,retire candidate,source-backed candidate
SQL-HCDN-00194,SSRS report server,Revenue Cycle,SQL Server 2022,private cloud,claims warehouse,owner conflict,source-backed candidate
SQL-HCDN-00195,SQL Agent schedule group,Population Health,SQL Server 2012,on-prem data center,manual spreadsheet upload,active,source-backed candidate
SQL-HCDN-00196,SQL Server instance,Claims Operations,SQL Server 2014,departmental server,Oracle feed,stale,source-backed candidate
SQL-HCDN-00197,SQL database,Clinical Analytics,SQL Server 2016,private cloud,flat-file/SFTP,duplicate,source-backed candidate
SQL-HCDN-00198,departmental mart,Departmental Reporting,SQL Server 2019,on-prem data center,Epic Clarity,retire candidate,lineage incomplete
SQL-HCDN-00199,SSIS package group,Actuarial,SQL Server 2022,departmental server,legacy EDW,owner conflict,source-backed candidate
SQL-HCDN-00200,SSAS cube/model,Finance,SQL Server 2012,private cloud,claims warehouse,active,measure definition conflict
SQL-HCDN-00201,SSRS report server,Quality and Stars,SQL Server 2014,on-prem data center,manual spreadsheet upload,stale,source-backed candidate
SQL-HCDN-00202,SQL Agent schedule group,Revenue Cycle,SQL Server 2016,departmental server,Oracle feed,duplicate,source-backed candidate
SQL-HCDN-00203,SQL Server instance,Population Health,SQL Server 2019,private cloud,flat-file/SFTP,retire candidate,source-backed candidate
SQL-HCDN-00204,SQL database,Claims Operations,SQL Server 2022,on-prem data center,Epic Clarity,owner conflict,source-backed candidate
SQL-HCDN-00205,departmental mart,Clinical Analytics,SQL Server 2012,departmental server,legacy EDW,active,source-backed candidate
SQL-HCDN-00206,SSIS package group,Departmental Reporting,SQL Server 2014,private cloud,claims warehouse,stale,source-backed candidate
SQL-HCDN-00207,SSAS cube/model,Actuarial,SQL Server 2016,on-prem data center,manual spreadsheet upload,duplicate,source-backed candidate
SQL-HCDN-00208,SSRS report server,Finance,SQL Server 2019,departmental server,Oracle feed,retire candidate,measure definition conflict
SQL-HCDN-00209,SQL Agent schedule group,Quality and Stars,SQL Server 2022,private cloud,flat-file/SFTP,owner conflict,lineage incomplete
SQL-HCDN-00210,SQL Server instance,Revenue Cycle,SQL Server 2012,on-prem data center,Epic Clarity,active,source-backed candidate
SQL-HCDN-00211,SQL database,Population Health,SQL Server 2014,departmental server,legacy EDW,stale,source-backed candidate
SQL-HCDN-00212,departmental mart,Claims Operations,SQL Server 2016,private cloud,claims warehouse,duplicate,source-backed candidate
SQL-HCDN-00213,SSIS package group,Clinical Analytics,SQL Server 2019,on-prem data center,manual spreadsheet upload,retire candidate,source-backed candidate
SQL-HCDN-00214,SSAS cube/model,Departmental Reporting,SQL Server 2022,departmental server,Oracle feed,owner conflict,source-backed candidate
SQL-HCDN-00215,SSRS report server,Actuarial,SQL Server 2012,private cloud,flat-file/SFTP,active,source-backed candidate
SQL-HCDN-00216,SQL Agent schedule group,Finance,SQL Server 2014,on-prem data center,Epic Clarity,stale,measure definition conflict
SQL-HCDN-00217,SQL Server instance,Quality and Stars,SQL Server 2016,departmental server,legacy EDW,duplicate,source-backed candidate
SQL-HCDN-00218,SQL database,Revenue Cycle,SQL Server 2019,private cloud,claims warehouse,retire candidate,source-backed candidate
SQL-HCDN-00219,departmental mart,Population Health,SQL Server 2022,on-prem data center,manual spreadsheet upload,owner conflict,source-backed candidate
SQL-HCDN-00220,SSIS package group,Claims Operations,SQL Server 2012,departmental server,Oracle feed,active,lineage incomplete
SQL-HCDN-00221,SSAS cube/model,Clinical Analytics,SQL Server 2014,private cloud,flat-file/SFTP,stale,source-backed candidate
SQL-HCDN-00222,SSRS report server,Departmental Reporting,SQL Server 2016,on-prem data center,Epic Clarity,duplicate,source-backed candidate
SQL-HCDN-00223,SQL Agent schedule group,Actuarial,SQL Server 2019,departmental server,legacy EDW,retire candidate,source-backed candidate
SQL-HCDN-00224,SQL Server instance,Finance,SQL Server 2022,private cloud,claims warehouse,owner conflict,measure definition conflict
SQL-HCDN-00225,SQL database,Quality and Stars,SQL Server 2012,on-prem data center,manual spreadsheet upload,active,source-backed candidate
SQL-HCDN-00226,departmental mart,Revenue Cycle,SQL Server 2014,departmental server,Oracle feed,stale,source-backed candidate
SQL-HCDN-00227,SSIS package group,Population Health,SQL Server 2016,private cloud,flat-file/SFTP,duplicate,source-backed candidate
SQL-HCDN-00228,SSAS cube/model,Claims Operations,SQL Server 2019,on-prem data center,Epic Clarity,retire candidate,source-backed candidate
SQL-HCDN-00229,SSRS report server,Clinical Analytics,SQL Server 2022,departmental server,legacy EDW,owner conflict,source-backed candidate
SQL-HCDN-00230,SQL Agent schedule group,Departmental Reporting,SQL Server 2012,private cloud,claims warehouse,active,source-backed candidate
SQL-HCDN-00231,SQL Server instance,Actuarial,SQL Server 2014,on-prem data center,manual spreadsheet upload,stale,lineage incomplete
SQL-HCDN-00232,SQL database,Finance,SQL Server 2016,departmental server,Oracle feed,duplicate,measure definition conflict
SQL-HCDN-00233,departmental mart,Quality and Stars,SQL Server 2019,private cloud,flat-file/SFTP,retire candidate,source-backed candidate
SQL-HCDN-00234,SSIS package group,Revenue Cycle,SQL Server 2022,on-prem data center,Epic Clarity,owner conflict,source-backed candidate
SQL-HCDN-00235,SSAS cube/model,Population Health,SQL Server 2012,departmental server,legacy EDW,active,source-backed candidate
SQL-HCDN-00236,SSRS report server,Claims Operations,SQL Server 2014,private cloud,claims warehouse,stale,source-backed candidate
SQL-HCDN-00237,SQL Agent schedule group,Clinical Analytics,SQL Server 2016,on-prem data center,manual spreadsheet upload,duplicate,source-backed candidate
SQL-HCDN-00238,SQL Server instance,Departmental Reporting,SQL Server 2019,departmental server,Oracle feed,retire candidate,source-backed candidate
SQL-HCDN-00239,SQL database,Actuarial,SQL Server 2022,private cloud,flat-file/SFTP,owner conflict,source-backed candidate
SQL-HCDN-00240,departmental mart,Finance,SQL Server 2012,on-prem data center,Epic Clarity,active,measure definition conflict
SQL-HCDN-00241,SSIS package group,Quality and Stars,SQL Server 2014,departmental server,legacy EDW,stale,source-backed candidate
SQL-HCDN-00242,SSAS cube/model,Revenue Cycle,SQL Server 2016,private cloud,claims warehouse,duplicate,lineage incomplete
SQL-HCDN-00243,SSRS report server,Population Health,SQL Server 2019,on-prem data center,manual spreadsheet upload,retire candidate,source-backed candidate
SQL-HCDN-00244,SQL Agent schedule group,Claims Operations,SQL Server 2022,departmental server,Oracle feed,owner conflict,source-backed candidate
SQL-HCDN-00245,SQL Server instance,Clinical Analytics,SQL Server 2012,private cloud,flat-file/SFTP,active,source-backed candidate
SQL-HCDN-00246,SQL database,Departmental Reporting,SQL Server 2014,on-prem data center,Epic Clarity,stale,source-backed candidate
SQL-HCDN-00247,departmental mart,Actuarial,SQL Server 2016,departmental server,legacy EDW,duplicate,source-backed candidate
SQL-HCDN-00248,SSIS package group,Finance,SQL Server 2019,private cloud,claims warehouse,retire candidate,measure definition conflict
SQL-HCDN-00249,SSAS cube/model,Quality and Stars,SQL Server 2022,on-prem data center,manual spreadsheet upload,owner conflict,source-backed candidate
SQL-HCDN-00250,SSRS report server,Revenue Cycle,SQL Server 2012,departmental server,Oracle feed,active,source-backed candidate
SQL-HCDN-00251,SQL Agent schedule group,Population Health,SQL Server 2014,private cloud,flat-file/SFTP,stale,source-backed candidate
SQL-HCDN-00252,SQL Server instance,Claims Operations,SQL Server 2016,on-prem data center,Epic Clarity,duplicate,source-backed candidate
SQL-HCDN-00253,SQL database,Clinical Analytics,SQL Server 2019,departmental server,legacy EDW,retire candidate,lineage incomplete
SQL-HCDN-00254,departmental mart,Departmental Reporting,SQL Server 2022,private cloud,claims warehouse,owner conflict,source-backed candidate
SQL-HCDN-00255,SSIS package group,Actuarial,SQL Server 2012,on-prem data center,manual spreadsheet upload,active,source-backed candidate
SQL-HCDN-00256,SSAS cube/model,Finance,SQL Server 2014,departmental server,Oracle feed,stale,measure definition conflict
SQL-HCDN-00257,SSRS report server,Quality and Stars,SQL Server 2016,private cloud,flat-file/SFTP,duplicate,source-backed candidate
SQL-HCDN-00258,SQL Agent schedule group,Revenue Cycle,SQL Server 2019,on-prem data center,Epic Clarity,retire candidate,source-backed candidate
SQL-HCDN-00259,SQL Server instance,Population Health,SQL Server 2022,departmental server,legacy EDW,owner conflict,source-backed candidate
SQL-HCDN-00260,SQL database,Claims Operations,SQL Server 2012,private cloud,claims warehouse,active,source-backed candidate
SQL-HCDN-00261,departmental mart,Clinical Analytics,SQL Server 2014,on-prem data center,manual spreadsheet upload,stale,source-backed candidate
SQL-HCDN-00262,SSIS package group,Departmental Reporting,SQL Server 2016,departmental server,Oracle feed,duplicate,source-backed candidate
SQL-HCDN-00263,SSAS cube/model,Actuarial,SQL Server 2019,private cloud,flat-file/SFTP,retire candidate,source-backed candidate
SQL-HCDN-00264,SSRS report server,Finance,SQL Server 2022,on-prem data center,Epic Clarity,owner conflict,measure definition conflict
SQL-HCDN-00265,SQL Agent schedule group,Quality and Stars,SQL Server 2012,departmental server,legacy EDW,active,source-backed candidate
SQL-HCDN-00266,SQL Server instance,Revenue Cycle,SQL Server 2014,private cloud,claims warehouse,stale,source-backed candidate
SQL-HCDN-00267,SQL database,Population Health,SQL Server 2016,on-prem data center,manual spreadsheet upload,duplicate,source-backed candidate
SQL-HCDN-00268,departmental mart,Claims Operations,SQL Server 2019,departmental server,Oracle feed,retire candidate,source-backed candidate
SQL-HCDN-00269,SSIS package group,Clinical Analytics,SQL Server 2022,private cloud,flat-file/SFTP,owner conflict,source-backed candidate
SQL-HCDN-00270,SSAS cube/model,Departmental Reporting,SQL Server 2012,on-prem data center,Epic Clarity,active,source-backed candidate
SQL-HCDN-00271,SSRS report server,Actuarial,SQL Server 2014,departmental server,legacy EDW,stale,source-backed candidate
SQL-HCDN-00272,SQL Agent schedule group,Finance,SQL Server 2016,private cloud,claims warehouse,duplicate,measure definition conflict
SQL-HCDN-00273,SQL Server instance,Quality and Stars,SQL Server 2019,on-prem data center,manual spreadsheet upload,retire candidate,source-backed candidate
SQL-HCDN-00274,SQL database,Revenue Cycle,SQL Server 2022,departmental server,Oracle feed,owner conflict,source-backed candidate
SQL-HCDN-00275,departmental mart,Population Health,SQL Server 2012,private cloud,flat-file/SFTP,active,lineage incomplete
SQL-HCDN-00276,SSIS package group,Claims Operations,SQL Server 2014,on-prem data center,Epic Clarity,stale,source-backed candidate
SQL-HCDN-00277,SSAS cube/model,Clinical Analytics,SQL Server 2016,departmental server,legacy EDW,duplicate,source-backed candidate
SQL-HCDN-00278,SSRS report server,Departmental Reporting,SQL Server 2019,private cloud,claims warehouse,retire candidate,source-backed candidate
SQL-HCDN-00279,SQL Agent schedule group,Actuarial,SQL Server 2022,on-prem data center,manual spreadsheet upload,owner conflict,source-backed candidate
SQL-HCDN-00280,SQL Server instance,Finance,SQL Server 2012,departmental server,Oracle feed,active,measure definition conflict
SQL-HCDN-00281,SQL database,Quality and Stars,SQL Server 2014,private cloud,flat-file/SFTP,stale,source-backed candidate
SQL-HCDN-00282,departmental mart,Revenue Cycle,SQL Server 2016,on-prem data center,Epic Clarity,duplicate,source-backed candidate
SQL-HCDN-00283,SSIS package group,Population Health,SQL Server 2019,departmental server,legacy EDW,retire candidate,source-backed candidate
SQL-HCDN-00284,SSAS cube/model,Claims Operations,SQL Server 2022,private cloud,claims warehouse,owner conflict,source-backed candidate
SQL-HCDN-00285,SSRS report server,Clinical Analytics,SQL Server 2012,on-prem data center,manual spreadsheet upload,active,source-backed candidate
SQL-HCDN-00286,SQL Agent schedule group,Departmental Reporting,SQL Server 2014,departmental server,Oracle feed,stale,lineage incomplete
SQL-HCDN-00287,SQL Server instance,Actuarial,SQL Server 2016,private cloud,flat-file/SFTP,duplicate,source-backed candidate
SQL-HCDN-00288,SQL database,Finance,SQL Server 2019,on-prem data center,Epic Clarity,retire candidate,measure definition conflict
SQL-HCDN-00289,departmental mart,Quality and Stars,SQL Server 2022,departmental server,legacy EDW,owner conflict,source-backed candidate
SQL-HCDN-00290,SSIS package group,Revenue Cycle,SQL Server 2012,private cloud,claims warehouse,active,source-backed candidate
SQL-HCDN-00291,SSAS cube/model,Population Health,SQL Server 2014,on-prem data center,manual spreadsheet upload,stale,source-backed candidate
SQL-HCDN-00292,SSRS report server,Claims Operations,SQL Server 2016,departmental server,Oracle feed,duplicate,source-backed candidate
SQL-HCDN-00293,SQL Agent schedule group,Clinical Analytics,SQL Server 2019,private cloud,flat-file/SFTP,retire candidate,source-backed candidate
SQL-HCDN-00294,SQL Server instance,Departmental Reporting,SQL Server 2022,on-prem data center,Epic Clarity,owner conflict,source-backed candidate
SQL-HCDN-00295,SQL database,Actuarial,SQL Server 2012,departmental server,legacy EDW,active,source-backed candidate
SQL-HCDN-00296,departmental mart,Finance,SQL Server 2014,private cloud,claims warehouse,stale,measure definition conflict
SQL-HCDN-00297,SSIS package group,Quality and Stars,SQL Server 2016,on-prem data center,manual spreadsheet upload,duplicate,lineage incomplete
SQL-HCDN-00298,SSAS cube/model,Revenue Cycle,SQL Server 2019,departmental server,Oracle feed,retire candidate,source-backed candidate
SQL-HCDN-00299,SSRS report server,Population Health,SQL Server 2022,private cloud,flat-file/SFTP,owner conflict,source-backed candidate
SQL-HCDN-00300,SQL Agent schedule group,Claims Operations,SQL Server 2012,on-prem data center,Epic Clarity,active,source-backed candidate
SQL-HCDN-00301,SQL Server instance,Clinical Analytics,SQL Server 2014,departmental server,legacy EDW,stale,source-backed candidate
SQL-HCDN-00302,SQL database,Departmental Reporting,SQL Server 2016,private cloud,claims warehouse,duplicate,source-backed candidate
SQL-HCDN-00303,departmental mart,Actuarial,SQL Server 2019,on-prem data center,manual spreadsheet upload,retire candidate,source-backed candidate
SQL-HCDN-00304,SSIS package group,Finance,SQL Server 2022,departmental server,Oracle feed,owner conflict,measure definition conflict
SQL-HCDN-00305,SSAS cube/model,Quality and Stars,SQL Server 2012,private cloud,flat-file/SFTP,active,source-backed candidate
SQL-HCDN-00306,SSRS report server,Revenue Cycle,SQL Server 2014,on-prem data center,Epic Clarity,stale,source-backed candidate
SQL-HCDN-00307,SQL Agent schedule group,Population Health,SQL Server 2016,departmental server,legacy EDW,duplicate,source-backed candidate
SQL-HCDN-00308,SQL Server instance,Claims Operations,SQL Server 2019,private cloud,claims warehouse,retire candidate,lineage incomplete
SQL-HCDN-00309,SQL database,Clinical Analytics,SQL Server 2022,on-prem data center,manual spreadsheet upload,owner conflict,source-backed candidate
SQL-HCDN-00310,departmental mart,Departmental Reporting,SQL Server 2012,departmental server,Oracle feed,active,source-backed candidate
SQL-HCDN-00311,SSIS package group,Actuarial,SQL Server 2014,private cloud,flat-file/SFTP,stale,source-backed candidate
SQL-HCDN-00312,SSAS cube/model,Finance,SQL Server 2016,on-prem data center,Epic Clarity,duplicate,measure definition conflict
SQL-HCDN-00313,SSRS report server,Quality and Stars,SQL Server 2019,departmental server,legacy EDW,retire candidate,source-backed candidate
SQL-HCDN-00314,SQL Agent schedule group,Revenue Cycle,SQL Server 2022,private cloud,claims warehouse,owner conflict,source-backed candidate
SQL-HCDN-00315,SQL Server instance,Population Health,SQL Server 2012,on-prem data center,manual spreadsheet upload,active,source-backed candidate
SQL-HCDN-00316,SQL database,Claims Operations,SQL Server 2014,departmental server,Oracle feed,stale,source-backed candidate
SQL-HCDN-00317,departmental mart,Clinical Analytics,SQL Server 2016,private cloud,flat-file/SFTP,duplicate,source-backed candidate
SQL-HCDN-00318,SSIS package group,Departmental Reporting,SQL Server 2019,on-prem data center,Epic Clarity,retire candidate,source-backed candidate
SQL-HCDN-00319,SSAS cube/model,Actuarial,SQL Server 2022,departmental server,legacy EDW,owner conflict,lineage incomplete
SQL-HCDN-00320,SSRS report server,Finance,SQL Server 2012,private cloud,claims warehouse,active,measure definition conflict
SQL-HCDN-00321,SQL Agent schedule group,Quality and Stars,SQL Server 2014,on-prem data center,manual spreadsheet upload,stale,source-backed candidate
SQL-HCDN-00322,SQL Server instance,Revenue Cycle,SQL Server 2016,departmental server,Oracle feed,duplicate,source-backed candidate
SQL-HCDN-00323,SQL database,Population Health,SQL Server 2019,private cloud,flat-file/SFTP,retire candidate,source-backed candidate
SQL-HCDN-00324,departmental mart,Claims Operations,SQL Server 2022,on-prem data center,Epic Clarity,owner conflict,source-backed candidate
SQL-HCDN-00325,SSIS package group,Clinical Analytics,SQL Server 2012,departmental server,legacy EDW,active,source-backed candidate
SQL-HCDN-00326,SSAS cube/model,Departmental Reporting,SQL Server 2014,private cloud,claims warehouse,stale,source-backed candidate
SQL-HCDN-00327,SSRS report server,Actuarial,SQL Server 2016,on-prem data center,manual spreadsheet upload,duplicate,source-backed candidate
SQL-HCDN-00328,SQL Agent schedule group,Finance,SQL Server 2019,departmental server,Oracle feed,retire candidate,measure definition conflict
SQL-HCDN-00329,SQL Server instance,Quality and Stars,SQL Server 2022,private cloud,flat-file/SFTP,owner conflict,source-backed candidate
SQL-HCDN-00330,SQL database,Revenue Cycle,SQL Server 2012,on-prem data center,Epic Clarity,active,lineage incomplete
SQL-HCDN-00331,departmental mart,Population Health,SQL Server 2014,departmental server,legacy EDW,stale,source-backed candidate
SQL-HCDN-00332,SSIS package group,Claims Operations,SQL Server 2016,private cloud,claims warehouse,duplicate,source-backed candidate
SQL-HCDN-00333,SSAS cube/model,Clinical Analytics,SQL Server 2019,on-prem data center,manual spreadsheet upload,retire candidate,source-backed candidate
SQL-HCDN-00334,SSRS report server,Departmental Reporting,SQL Server 2022,departmental server,Oracle feed,owner conflict,source-backed candidate
SQL-HCDN-00335,SQL Agent schedule group,Actuarial,SQL Server 2012,private cloud,flat-file/SFTP,active,source-backed candidate
SQL-HCDN-00336,SQL Server instance,Finance,SQL Server 2014,on-prem data center,Epic Clarity,stale,measure definition conflict
SQL-HCDN-00337,SQL database,Quality and Stars,SQL Server 2016,departmental server,legacy EDW,duplicate,source-backed candidate
SQL-HCDN-00338,departmental mart,Revenue Cycle,SQL Server 2019,private cloud,claims warehouse,retire candidate,source-backed candidate
SQL-HCDN-00339,SSIS package group,Population Health,SQL Server 2022,on-prem data center,manual spreadsheet upload,owner conflict,source-backed candidate
SQL-HCDN-00340,SSAS cube/model,Claims Operations,SQL Server 2012,departmental server,Oracle feed,active,source-backed candidate
SQL-HCDN-00341,SSRS report server,Clinical Analytics,SQL Server 2014,private cloud,flat-file/SFTP,stale,lineage incomplete
SQL-HCDN-00342,SQL Agent schedule group,Departmental Reporting,SQL Server 2016,on-prem data center,Epic Clarity,duplicate,source-backed candidate
SQL-HCDN-00343,SQL Server instance,Actuarial,SQL Server 2019,departmental server,legacy EDW,retire candidate,source-backed candidate
SQL-HCDN-00344,SQL database,Finance,SQL Server 2022,private cloud,claims warehouse,owner conflict,measure definition conflict
SQL-HCDN-00345,departmental mart,Quality and Stars,SQL Server 2012,on-prem data center,manual spreadsheet upload,active,source-backed candidate
SQL-HCDN-00346,SSIS package group,Revenue Cycle,SQL Server 2014,departmental server,Oracle feed,stale,source-backed candidate
SQL-HCDN-00347,SSAS cube/model,Population Health,SQL Server 2016,private cloud,flat-file/SFTP,duplicate,source-backed candidate
SQL-HCDN-00348,SSRS report server,Claims Operations,SQL Server 2019,on-prem data center,Epic Clarity,retire candidate,source-backed candidate
SQL-HCDN-00349,SQL Agent schedule group,Clinical Analytics,SQL Server 2022,departmental server,legacy EDW,owner conflict,source-backed candidate
SQL-HCDN-00350,SQL Server instance,Departmental Reporting,SQL Server 2012,private cloud,claims warehouse,active,source-backed candidate
SQL-HCDN-00351,SQL database,Actuarial,SQL Server 2014,on-prem data center,manual spreadsheet upload,stale,source-backed candidate
SQL-HCDN-00352,departmental mart,Finance,SQL Server 2016,departmental server,Oracle feed,duplicate,measure definition conflict
SQL-HCDN-00353,SSIS package group,Quality and Stars,SQL Server 2019,private cloud,flat-file/SFTP,retire candidate,source-backed candidate
SQL-HCDN-00354,SSAS cube/model,Revenue Cycle,SQL Server 2022,on-prem data center,Epic Clarity,owner conflict,source-backed candidate
SQL-HCDN-00355,SSRS report server,Population Health,SQL Server 2012,departmental server,legacy EDW,active,source-backed candidate
SQL-HCDN-00356,SQL Agent schedule group,Claims Operations,SQL Server 2014,private cloud,claims warehouse,stale,source-backed candidate
SQL-HCDN-00357,SQL Server instance,Clinical Analytics,SQL Server 2016,on-prem data center,manual spreadsheet upload,duplicate,source-backed candidate
SQL-HCDN-00358,SQL database,Departmental Reporting,SQL Server 2019,departmental server,Oracle feed,retire candidate,source-backed candidate
SQL-HCDN-00359,departmental mart,Actuarial,SQL Server 2022,private cloud,flat-file/SFTP,owner conflict,source-backed candidate
SQL-HCDN-00360,SSIS package group,Finance,SQL Server 2012,on-prem data center,Epic Clarity,active,measure definition conflict
SQL-HCDN-00361,SSAS cube/model,Quality and Stars,SQL Server 2014,departmental server,legacy EDW,stale,source-backed candidate
SQL-HCDN-00362,SSRS report server,Revenue Cycle,SQL Server 2016,private cloud,claims warehouse,duplicate,source-backed candidate
SQL-HCDN-00363,SQL Agent schedule group,Population Health,SQL Server 2019,on-prem data center,manual spreadsheet upload,retire candidate,lineage incomplete
SQL-HCDN-00364,SQL Server instance,Claims Operations,SQL Server 2022,departmental server,Oracle feed,owner conflict,source-backed candidate
SQL-HCDN-00365,SQL database,Clinical Analytics,SQL Server 2012,private cloud,flat-file/SFTP,active,source-backed candidate
SQL-HCDN-00366,departmental mart,Departmental Reporting,SQL Server 2014,on-prem data center,Epic Clarity,stale,source-backed candidate
SQL-HCDN-00367,SSIS package group,Actuarial,SQL Server 2016,departmental server,legacy EDW,duplicate,source-backed candidate
SQL-HCDN-00368,SSAS cube/model,Finance,SQL Server 2019,private cloud,claims warehouse,retire candidate,measure definition conflict
SQL-HCDN-00369,SSRS report server,Quality and Stars,SQL Server 2022,on-prem data center,manual spreadsheet upload,owner conflict,source-backed candidate
SQL-HCDN-00370,SQL Agent schedule group,Revenue Cycle,SQL Server 2012,departmental server,Oracle feed,active,source-backed candidate
SQL-HCDN-00371,SQL Server instance,Population Health,SQL Server 2014,private cloud,flat-file/SFTP,stale,source-backed candidate
SQL-HCDN-00372,SQL database,Claims Operations,SQL Server 2016,on-prem data center,Epic Clarity,duplicate,source-backed candidate
SQL-HCDN-00373,departmental mart,Clinical Analytics,SQL Server 2019,departmental server,legacy EDW,retire candidate,source-backed candidate
SQL-HCDN-00374,SSIS package group,Departmental Reporting,SQL Server 2022,private cloud,claims warehouse,owner conflict,lineage incomplete
SQL-HCDN-00375,SSAS cube/model,Actuarial,SQL Server 2012,on-prem data center,manual spreadsheet upload,active,source-backed candidate
SQL-HCDN-00376,SSRS report server,Finance,SQL Server 2014,departmental server,Oracle feed,stale,measure definition conflict
SQL-HCDN-00377,SQL Agent schedule group,Quality and Stars,SQL Server 2016,private cloud,flat-file/SFTP,duplicate,source-backed candidate
SQL-HCDN-00378,SQL Server instance,Revenue Cycle,SQL Server 2019,on-prem data center,Epic Clarity,retire candidate,source-backed candidate
SQL-HCDN-00379,SQL database,Population Health,SQL Server 2022,departmental server,legacy EDW,owner conflict,source-backed candidate
SQL-HCDN-00380,departmental mart,Claims Operations,SQL Server 2012,private cloud,claims warehouse,active,source-backed candidate
SQL-HCDN-00381,SSIS package group,Clinical Analytics,SQL Server 2014,on-prem data center,manual spreadsheet upload,stale,source-backed candidate
SQL-HCDN-00382,SSAS cube/model,Departmental Reporting,SQL Server 2016,departmental server,Oracle feed,duplicate,source-backed candidate
SQL-HCDN-00383,SSRS report server,Actuarial,SQL Server 2019,private cloud,flat-file/SFTP,retire candidate,source-backed candidate
SQL-HCDN-00384,SQL Agent schedule group,Finance,SQL Server 2022,on-prem data center,Epic Clarity,owner conflict,measure definition conflict
SQL-HCDN-00385,SQL Server instance,Quality and Stars,SQL Server 2012,departmental server,legacy EDW,active,lineage incomplete
SQL-HCDN-00386,SQL database,Revenue Cycle,SQL Server 2014,private cloud,claims warehouse,stale,source-backed candidate
SQL-HCDN-00387,departmental mart,Population Health,SQL Server 2016,on-prem data center,manual spreadsheet upload,duplicate,source-backed candidate
SQL-HCDN-00388,SSIS package group,Claims Operations,SQL Server 2019,departmental server,Oracle feed,retire candidate,source-backed candidate
SQL-HCDN-00389,SSAS cube/model,Clinical Analytics,SQL Server 2022,private cloud,flat-file/SFTP,owner conflict,source-backed candidate
SQL-HCDN-00390,SSRS report server,Departmental Reporting,SQL Server 2012,on-prem data center,Epic Clarity,active,source-backed candidate
SQL-HCDN-00391,SQL Agent schedule group,Actuarial,SQL Server 2014,departmental server,legacy EDW,stale,source-backed candidate
SQL-HCDN-00392,SQL Server instance,Finance,SQL Server 2016,private cloud,claims warehouse,duplicate,measure definition conflict
SQL-HCDN-00393,SQL database,Quality and Stars,SQL Server 2019,on-prem data center,manual spreadsheet upload,retire candidate,source-backed candidate
SQL-HCDN-00394,departmental mart,Revenue Cycle,SQL Server 2022,departmental server,Oracle feed,owner conflict,source-backed candidate
SQL-HCDN-00395,SSIS package group,Population Health,SQL Server 2012,private cloud,flat-file/SFTP,active,source-backed candidate
SQL-HCDN-00396,SSAS cube/model,Claims Operations,SQL Server 2014,on-prem data center,Epic Clarity,stale,lineage incomplete
SQL-HCDN-00397,SSRS report server,Clinical Analytics,SQL Server 2016,departmental server,legacy EDW,duplicate,source-backed candidate
SQL-HCDN-00398,SQL Agent schedule group,Departmental Reporting,SQL Server 2019,private cloud,claims warehouse,retire candidate,source-backed candidate
SQL-HCDN-00399,SQL Server instance,Actuarial,SQL Server 2022,on-prem data center,manual spreadsheet upload,owner conflict,source-backed candidate
SQL-HCDN-00400,SQL database,Finance,SQL Server 2012,departmental server,Oracle feed,active,measure definition conflict
SQL-HCDN-00401,departmental mart,Quality and Stars,SQL Server 2014,private cloud,flat-file/SFTP,stale,source-backed candidate
SQL-HCDN-00402,SSIS package group,Revenue Cycle,SQL Server 2016,on-prem data center,Epic Clarity,duplicate,source-backed candidate
SQL-HCDN-00403,SSAS cube/model,Population Health,SQL Server 2019,departmental server,legacy EDW,retire candidate,source-backed candidate
SQL-HCDN-00404,SSRS report server,Claims Operations,SQL Server 2022,private cloud,claims warehouse,owner conflict,source-backed candidate
SQL-HCDN-00405,SQL Agent schedule group,Clinical Analytics,SQL Server 2012,on-prem data center,manual spreadsheet upload,active,source-backed candidate
SQL-HCDN-00406,SQL Server instance,Departmental Reporting,SQL Server 2014,departmental server,Oracle feed,stale,source-backed candidate
SQL-HCDN-00407,SQL database,Actuarial,SQL Server 2016,private cloud,flat-file/SFTP,duplicate,lineage incomplete
SQL-HCDN-00408,departmental mart,Finance,SQL Server 2019,on-prem data center,Epic Clarity,retire candidate,measure definition conflict
SQL-HCDN-00409,SSIS package group,Quality and Stars,SQL Server 2022,departmental server,legacy EDW,owner conflict,source-backed candidate
SQL-HCDN-00410,SSAS cube/model,Revenue Cycle,SQL Server 2012,private cloud,claims warehouse,active,source-backed candidate
SQL-HCDN-00411,SSRS report server,Population Health,SQL Server 2014,on-prem data center,manual spreadsheet upload,stale,source-backed candidate
SQL-HCDN-00412,SQL Agent schedule group,Claims Operations,SQL Server 2016,departmental server,Oracle feed,duplicate,source-backed candidate
SQL-HCDN-00413,SQL Server instance,Clinical Analytics,SQL Server 2019,private cloud,flat-file/SFTP,retire candidate,source-backed candidate
SQL-HCDN-00414,SQL database,Departmental Reporting,SQL Server 2022,on-prem data center,Epic Clarity,owner conflict,source-backed candidate
SQL-HCDN-00415,departmental mart,Actuarial,SQL Server 2012,departmental server,legacy EDW,active,source-backed candidate
SQL-HCDN-00416,SSIS package group,Finance,SQL Server 2014,private cloud,claims warehouse,stale,measure definition conflict
SQL-HCDN-00417,SSAS cube/model,Quality and Stars,SQL Server 2016,on-prem data center,manual spreadsheet upload,duplicate,source-backed candidate
SQL-HCDN-00418,SSRS report server,Revenue Cycle,SQL Server 2019,departmental server,Oracle feed,retire candidate,lineage incomplete
SQL-HCDN-00419,SQL Agent schedule group,Population Health,SQL Server 2022,private cloud,flat-file/SFTP,owner conflict,source-backed candidate
SQL-HCDN-00420,SQL Server instance,Claims Operations,SQL Server 2012,on-prem data center,Epic Clarity,active,source-backed candidate
SQL-HCDN-00421,SQL database,Clinical Analytics,SQL Server 2014,departmental server,legacy EDW,stale,source-backed candidate
SQL-HCDN-00422,departmental mart,Departmental Reporting,SQL Server 2016,private cloud,claims warehouse,duplicate,source-backed candidate
SQL-HCDN-00423,SSIS package group,Actuarial,SQL Server 2019,on-prem data center,manual spreadsheet upload,retire candidate,source-backed candidate
SQL-HCDN-00424,SSAS cube/model,Finance,SQL Server 2022,departmental server,Oracle feed,owner conflict,measure definition conflict
SQL-HCDN-00425,SSRS report server,Quality and Stars,SQL Server 2012,private cloud,flat-file/SFTP,active,source-backed candidate
SQL-HCDN-00426,SQL Agent schedule group,Revenue Cycle,SQL Server 2014,on-prem data center,Epic Clarity,stale,source-backed candidate
SQL-HCDN-00427,SQL Server instance,Population Health,SQL Server 2016,departmental server,legacy EDW,duplicate,source-backed candidate
SQL-HCDN-00428,SQL database,Claims Operations,SQL Server 2019,private cloud,claims warehouse,retire candidate,source-backed candidate
SQL-HCDN-00429,departmental mart,Clinical Analytics,SQL Server 2022,on-prem data center,manual spreadsheet upload,owner conflict,lineage incomplete
SQL-HCDN-00430,SSIS package group,Departmental Reporting,SQL Server 2012,departmental server,Oracle feed,active,source-backed candidate
SQL-HCDN-00431,SSAS cube/model,Actuarial,SQL Server 2014,private cloud,flat-file/SFTP,stale,source-backed candidate
SQL-HCDN-00432,SSRS report server,Finance,SQL Server 2016,on-prem data center,Epic Clarity,duplicate,measure definition conflict
SQL-HCDN-00433,SQL Agent schedule group,Quality and Stars,SQL Server 2019,departmental server,legacy EDW,retire candidate,source-backed candidate
SQL-HCDN-00434,SQL Server instance,Revenue Cycle,SQL Server 2022,private cloud,claims warehouse,owner conflict,source-backed candidate
SQL-HCDN-00435,SQL database,Population Health,SQL Server 2012,on-prem data center,manual spreadsheet upload,active,source-backed candidate
SQL-HCDN-00436,departmental mart,Claims Operations,SQL Server 2014,departmental server,Oracle feed,stale,source-backed candidate
SQL-HCDN-00437,SSIS package group,Clinical Analytics,SQL Server 2016,private cloud,flat-file/SFTP,duplicate,source-backed candidate
SQL-HCDN-00438,SSAS cube/model,Departmental Reporting,SQL Server 2019,on-prem data center,Epic Clarity,retire candidate,source-backed candidate
SQL-HCDN-00439,SSRS report server,Actuarial,SQL Server 2022,departmental server,legacy EDW,owner conflict,source-backed candidate
SQL-HCDN-00440,SQL Agent schedule group,Finance,SQL Server 2012,private cloud,claims warehouse,active,measure definition conflict
SQL-HCDN-00441,SQL Server instance,Quality and Stars,SQL Server 2014,on-prem data center,manual spreadsheet upload,stale,source-backed candidate
SQL-HCDN-00442,SQL database,Revenue Cycle,SQL Server 2016,departmental server,Oracle feed,duplicate,source-backed candidate
SQL-HCDN-00443,departmental mart,Population Health,SQL Server 2019,private cloud,flat-file/SFTP,retire candidate,source-backed candidate
SQL-HCDN-00444,SSIS package group,Claims Operations,SQL Server 2022,on-prem data center,Epic Clarity,owner conflict,source-backed candidate
SQL-HCDN-00445,SSAS cube/model,Clinical Analytics,SQL Server 2012,departmental server,legacy EDW,active,source-backed candidate
SQL-HCDN-00446,SSRS report server,Departmental Reporting,SQL Server 2014,private cloud,claims warehouse,stale,source-backed candidate
SQL-HCDN-00447,SQL Agent schedule group,Actuarial,SQL Server 2016,on-prem data center,manual spreadsheet upload,duplicate,source-backed candidate
SQL-HCDN-00448,SQL Server instance,Finance,SQL Server 2019,departmental server,Oracle feed,retire candidate,measure definition conflict
SQL-HCDN-00449,SQL database,Quality and Stars,SQL Server 2022,private cloud,flat-file/SFTP,owner conflict,source-backed candidate
SQL-HCDN-00450,departmental mart,Revenue Cycle,SQL Server 2012,on-prem data center,Epic Clarity,active,source-backed candidate
SQL-HCDN-00451,SSIS package group,Population Health,SQL Server 2014,departmental server,legacy EDW,stale,lineage incomplete
SQL-HCDN-00452,SSAS cube/model,Claims Operations,SQL Server 2016,private cloud,claims warehouse,duplicate,source-backed candidate
SQL-HCDN-00453,SSRS report server,Clinical Analytics,SQL Server 2019,on-prem data center,manual spreadsheet upload,retire candidate,source-backed candidate
SQL-HCDN-00454,SQL Agent schedule group,Departmental Reporting,SQL Server 2022,departmental server,Oracle feed,owner conflict,source-backed candidate
SQL-HCDN-00455,SQL Server instance,Actuarial,SQL Server 2012,private cloud,flat-file/SFTP,active,source-backed candidate
SQL-HCDN-00456,SQL database,Finance,SQL Server 2014,on-prem data center,Epic Clarity,stale,measure definition conflict
SQL-HCDN-00457,departmental mart,Quality and Stars,SQL Server 2016,departmental server,legacy EDW,duplicate,source-backed candidate
SQL-HCDN-00458,SSIS package group,Revenue Cycle,SQL Server 2019,private cloud,claims warehouse,retire candidate,source-backed candidate
SQL-HCDN-00459,SSAS cube/model,Population Health,SQL Server 2022,on-prem data center,manual spreadsheet upload,owner conflict,source-backed candidate
SQL-HCDN-00460,SSRS report server,Claims Operations,SQL Server 2012,departmental server,Oracle feed,active,source-backed candidate
SQL-HCDN-00461,SQL Agent schedule group,Clinical Analytics,SQL Server 2014,private cloud,flat-file/SFTP,stale,source-backed candidate
SQL-HCDN-00462,SQL Server instance,Departmental Reporting,SQL Server 2016,on-prem data center,Epic Clarity,duplicate,lineage incomplete
SQL-HCDN-00463,SQL database,Actuarial,SQL Server 2019,departmental server,legacy EDW,retire candidate,source-backed candidate
SQL-HCDN-00464,departmental mart,Finance,SQL Server 2022,private cloud,claims warehouse,owner conflict,measure definition conflict
SQL-HCDN-00465,SSIS package group,Quality and Stars,SQL Server 2012,on-prem data center,manual spreadsheet upload,active,source-backed candidate
SQL-HCDN-00466,SSAS cube/model,Revenue Cycle,SQL Server 2014,departmental server,Oracle feed,stale,source-backed candidate
SQL-HCDN-00467,SSRS report server,Population Health,SQL Server 2016,private cloud,flat-file/SFTP,duplicate,source-backed candidate
SQL-HCDN-00468,SQL Agent schedule group,Claims Operations,SQL Server 2019,on-prem data center,Epic Clarity,retire candidate,source-backed candidate
SQL-HCDN-00469,SQL Server instance,Clinical Analytics,SQL Server 2022,departmental server,legacy EDW,owner conflict,source-backed candidate
SQL-HCDN-00470,SQL database,Departmental Reporting,SQL Server 2012,private cloud,claims warehouse,active,source-backed candidate
SQL-HCDN-00471,departmental mart,Actuarial,SQL Server 2014,on-prem data center,manual spreadsheet upload,stale,source-backed candidate
SQL-HCDN-00472,SSIS package group,Finance,SQL Server 2016,departmental server,Oracle feed,duplicate,measure definition conflict
SQL-HCDN-00473,SSAS cube/model,Quality and Stars,SQL Server 2019,private cloud,flat-file/SFTP,retire candidate,lineage incomplete
SQL-HCDN-00474,SSRS report server,Revenue Cycle,SQL Server 2022,on-prem data center,Epic Clarity,owner conflict,source-backed candidate
SQL-HCDN-00475,SQL Agent schedule group,Population Health,SQL Server 2012,departmental server,legacy EDW,active,source-backed candidate
SQL-HCDN-00476,SQL Server instance,Claims Operations,SQL Server 2014,private cloud,claims warehouse,stale,source-backed candidate
SQL-HCDN-00477,SQL database,Clinical Analytics,SQL Server 2016,on-prem data center,manual spreadsheet upload,duplicate,source-backed candidate
SQL-HCDN-00478,departmental mart,Departmental Reporting,SQL Server 2019,departmental server,Oracle feed,retire candidate,source-backed candidate
SQL-HCDN-00479,SSIS package group,Actuarial,SQL Server 2022,private cloud,flat-file/SFTP,owner conflict,source-backed candidate
SQL-HCDN-00480,SSAS cube/model,Finance,SQL Server 2012,on-prem data center,Epic Clarity,active,measure definition conflict
SQL-HCDN-00481,SSRS report server,Quality and Stars,SQL Server 2014,departmental server,legacy EDW,stale,source-backed candidate
SQL-HCDN-00482,SQL Agent schedule group,Revenue Cycle,SQL Server 2016,private cloud,claims warehouse,duplicate,source-backed candidate
SQL-HCDN-00483,SQL Server instance,Population Health,SQL Server 2019,on-prem data center,manual spreadsheet upload,retire candidate,source-backed candidate
SQL-HCDN-00484,SQL database,Claims Operations,SQL Server 2022,departmental server,Oracle feed,owner conflict,lineage incomplete
SQL-HCDN-00485,departmental mart,Clinical Analytics,SQL Server 2012,private cloud,flat-file/SFTP,active,source-backed candidate
SQL-HCDN-00486,SSIS package group,Departmental Reporting,SQL Server 2014,on-prem data center,Epic Clarity,stale,source-backed candidate
SQL-HCDN-00487,SSAS cube/model,Actuarial,SQL Server 2016,departmental server,legacy EDW,duplicate,source-backed candidate
SQL-HCDN-00488,SSRS report server,Finance,SQL Server 2019,private cloud,claims warehouse,retire candidate,measure definition conflict
SQL-HCDN-00489,SQL Agent schedule group,Quality and Stars,SQL Server 2022,on-prem data center,manual spreadsheet upload,owner conflict,source-backed candidate
SQL-HCDN-00490,SQL Server instance,Revenue Cycle,SQL Server 2012,departmental server,Oracle feed,active,source-backed candidate
SQL-HCDN-00491,SQL database,Population Health,SQL Server 2014,private cloud,flat-file/SFTP,stale,source-backed candidate
SQL-HCDN-00492,departmental mart,Claims Operations,SQL Server 2016,on-prem data center,Epic Clarity,duplicate,source-backed candidate
SQL-HCDN-00493,SSIS package group,Clinical Analytics,SQL Server 2019,departmental server,legacy EDW,retire candidate,source-backed candidate
SQL-HCDN-00494,SSAS cube/model,Departmental Reporting,SQL Server 2022,private cloud,claims warehouse,owner conflict,source-backed candidate
SQL-HCDN-00495,SSRS report server,Actuarial,SQL Server 2012,on-prem data center,manual spreadsheet upload,active,lineage incomplete
SQL-HCDN-00496,SQL Agent schedule group,Finance,SQL Server 2014,departmental server,Oracle feed,stale,measure definition conflict
SQL-HCDN-00497,SQL Server instance,Quality and Stars,SQL Server 2016,private cloud,flat-file/SFTP,duplicate,source-backed candidate
SQL-HCDN-00498,SQL database,Revenue Cycle,SQL Server 2019,on-prem data center,Epic Clarity,retire candidate,source-backed candidate
SQL-HCDN-00499,departmental mart,Population Health,SQL Server 2022,departmental server,legacy EDW,owner conflict,source-backed candidate
SQL-HCDN-00500,SSIS package group,Claims Operations,SQL Server 2012,private cloud,claims warehouse,active,source-backed candidate
SQL-HCDN-00501,SSAS cube/model,Clinical Analytics,SQL Server 2014,on-prem data center,manual spreadsheet upload,stale,source-backed candidate
SQL-HCDN-00502,SSRS report server,Departmental Reporting,SQL Server 2016,departmental server,Oracle feed,duplicate,source-backed candidate
SQL-HCDN-00503,SQL Agent schedule group,Actuarial,SQL Server 2019,private cloud,flat-file/SFTP,retire candidate,source-backed candidate
SQL-HCDN-00504,SQL Server instance,Finance,SQL Server 2022,on-prem data center,Epic Clarity,owner conflict,measure definition conflict
SQL-HCDN-00505,SQL database,Quality and Stars,SQL Server 2012,departmental server,legacy EDW,active,source-backed candidate
SQL-HCDN-00506,departmental mart,Revenue Cycle,SQL Server 2014,private cloud,claims warehouse,stale,lineage incomplete
SQL-HCDN-00507,SSIS package group,Population Health,SQL Server 2016,on-prem data center,manual spreadsheet upload,duplicate,source-backed candidate
SQL-HCDN-00508,SSAS cube/model,Claims Operations,SQL Server 2019,departmental server,Oracle feed,retire candidate,source-backed candidate
SQL-HCDN-00509,SSRS report server,Clinical Analytics,SQL Server 2022,private cloud,flat-file/SFTP,owner conflict,source-backed candidate
SQL-HCDN-00510,SQL Agent schedule group,Departmental Reporting,SQL Server 2012,on-prem data center,Epic Clarity,active,source-backed candidate
SQL-HCDN-00511,SQL Server instance,Actuarial,SQL Server 2014,departmental server,legacy EDW,stale,source-backed candidate
SQL-HCDN-00512,SQL database,Finance,SQL Server 2016,private cloud,claims warehouse,duplicate,measure definition conflict
SQL-HCDN-00513,departmental mart,Quality and Stars,SQL Server 2019,on-prem data center,manual spreadsheet upload,retire candidate,source-backed candidate
SQL-HCDN-00514,SSIS package group,Revenue Cycle,SQL Server 2022,departmental server,Oracle feed,owner conflict,source-backed candidate
SQL-HCDN-00515,SSAS cube/model,Population Health,SQL Server 2012,private cloud,flat-file/SFTP,active,source-backed candidate
SQL-HCDN-00516,SSRS report server,Claims Operations,SQL Server 2014,on-prem data center,Epic Clarity,stale,source-backed candidate
SQL-HCDN-00517,SQL Agent schedule group,Clinical Analytics,SQL Server 2016,departmental server,legacy EDW,duplicate,lineage incomplete
SQL-HCDN-00518,SQL Server instance,Departmental Reporting,SQL Server 2019,private cloud,claims warehouse,retire candidate,source-backed candidate
SQL-HCDN-00519,SQL database,Actuarial,SQL Server 2022,on-prem data center,manual spreadsheet upload,owner conflict,source-backed candidate
SQL-HCDN-00520,departmental mart,Finance,SQL Server 2012,departmental server,Oracle feed,active,measure definition conflict
SQL-HCDN-00521,SSIS package group,Quality and Stars,SQL Server 2014,private cloud,flat-file/SFTP,stale,source-backed candidate
SQL-HCDN-00522,SSAS cube/model,Revenue Cycle,SQL Server 2016,on-prem data center,Epic Clarity,duplicate,source-backed candidate
SQL-HCDN-00523,SSRS report server,Population Health,SQL Server 2019,departmental server,legacy EDW,retire candidate,source-backed candidate
SQL-HCDN-00524,SQL Agent schedule group,Claims Operations,SQL Server 2022,private cloud,claims warehouse,owner conflict,source-backed candidate
SQL-HCDN-00525,SQL Server instance,Clinical Analytics,SQL Server 2012,on-prem data center,manual spreadsheet upload,active,source-backed candidate
SQL-HCDN-00526,SQL database,Departmental Reporting,SQL Server 2014,departmental server,Oracle feed,stale,source-backed candidate
SQL-HCDN-00527,departmental mart,Actuarial,SQL Server 2016,private cloud,flat-file/SFTP,duplicate,source-backed candidate
SQL-HCDN-00528,SSIS package group,Finance,SQL Server 2019,on-prem data center,Epic Clarity,retire candidate,measure definition conflict
SQL-HCDN-00529,SSAS cube/model,Quality and Stars,SQL Server 2022,departmental server,legacy EDW,owner conflict,source-backed candidate
SQL-HCDN-00530,SSRS report server,Revenue Cycle,SQL Server 2012,private cloud,claims warehouse,active,source-backed candidate
SQL-HCDN-00531,SQL Agent schedule group,Population Health,SQL Server 2014,on-prem data center,manual spreadsheet upload,stale,source-backed candidate
SQL-HCDN-00532,SQL Server instance,Claims Operations,SQL Server 2016,departmental server,Oracle feed,duplicate,source-backed candidate
SQL-HCDN-00533,SQL database,Clinical Analytics,SQL Server 2019,private cloud,flat-file/SFTP,retire candidate,source-backed candidate
SQL-HCDN-00534,departmental mart,Departmental Reporting,SQL Server 2022,on-prem data center,Epic Clarity,owner conflict,source-backed candidate
SQL-HCDN-00535,SSIS package group,Actuarial,SQL Server 2012,departmental server,legacy EDW,active,source-backed candidate
SQL-HCDN-00536,SSAS cube/model,Finance,SQL Server 2014,private cloud,claims warehouse,stale,measure definition conflict
SQL-HCDN-00537,SSRS report server,Quality and Stars,SQL Server 2016,on-prem data center,manual spreadsheet upload,duplicate,source-backed candidate
SQL-HCDN-00538,SQL Agent schedule group,Revenue Cycle,SQL Server 2019,departmental server,Oracle feed,retire candidate,source-backed candidate
SQL-HCDN-00539,SQL Server instance,Population Health,SQL Server 2022,private cloud,flat-file/SFTP,owner conflict,lineage incomplete
SQL-HCDN-00540,SQL database,Claims Operations,SQL Server 2012,on-prem data center,Epic Clarity,active,source-backed candidate
SQL-HCDN-00541,departmental mart,Clinical Analytics,SQL Server 2014,departmental server,legacy EDW,stale,source-backed candidate
SQL-HCDN-00542,SSIS package group,Departmental Reporting,SQL Server 2016,private cloud,claims warehouse,duplicate,source-backed candidate
SQL-HCDN-00543,SSAS cube/model,Actuarial,SQL Server 2019,on-prem data center,manual spreadsheet upload,retire candidate,source-backed candidate
SQL-HCDN-00544,SSRS report server,Finance,SQL Server 2022,departmental server,Oracle feed,owner conflict,measure definition conflict
SQL-HCDN-00545,SQL Agent schedule group,Quality and Stars,SQL Server 2012,private cloud,flat-file/SFTP,active,source-backed candidate
SQL-HCDN-00546,SQL Server instance,Revenue Cycle,SQL Server 2014,on-prem data center,Epic Clarity,stale,source-backed candidate
SQL-HCDN-00547,SQL database,Population Health,SQL Server 2016,departmental server,legacy EDW,duplicate,source-backed candidate
SQL-HCDN-00548,departmental mart,Claims Operations,SQL Server 2019,private cloud,claims warehouse,retire candidate,source-backed candidate
SQL-HCDN-00549,SSIS package group,Clinical Analytics,SQL Server 2022,on-prem data center,manual spreadsheet upload,owner conflict,source-backed candidate
SQL-HCDN-00550,SSAS cube/model,Departmental Reporting,SQL Server 2012,departmental server,Oracle feed,active,lineage incomplete
SQL-HCDN-00551,SSRS report server,Actuarial,SQL Server 2014,private cloud,flat-file/SFTP,stale,source-backed candidate
SQL-HCDN-00552,SQL Agent schedule group,Finance,SQL Server 2016,on-prem data center,Epic Clarity,duplicate,measure definition conflict
SQL-HCDN-00553,SQL Server instance,Quality and Stars,SQL Server 2019,departmental server,legacy EDW,retire candidate,source-backed candidate
SQL-HCDN-00554,SQL database,Revenue Cycle,SQL Server 2022,private cloud,claims warehouse,owner conflict,source-backed candidate
SQL-HCDN-00555,departmental mart,Population Health,SQL Server 2012,on-prem data center,manual spreadsheet upload,active,source-backed candidate
SQL-HCDN-00556,SSIS package group,Claims Operations,SQL Server 2014,departmental server,Oracle feed,stale,source-backed candidate
SQL-HCDN-00557,SSAS cube/model,Clinical Analytics,SQL Server 2016,private cloud,flat-file/SFTP,duplicate,source-backed candidate
SQL-HCDN-00558,SSRS report server,Departmental Reporting,SQL Server 2019,on-prem data center,Epic Clarity,retire candidate,source-backed candidate
SQL-HCDN-00559,SQL Agent schedule group,Actuarial,SQL Server 2022,departmental server,legacy EDW,owner conflict,source-backed candidate
SQL-HCDN-00560,SQL Server instance,Finance,SQL Server 2012,private cloud,claims warehouse,active,measure definition conflict
SQL-HCDN-00561,SQL database,Quality and Stars,SQL Server 2014,on-prem data center,manual spreadsheet upload,stale,lineage incomplete
SQL-HCDN-00562,departmental mart,Revenue Cycle,SQL Server 2016,departmental server,Oracle feed,duplicate,source-backed candidate
SQL-HCDN-00563,SSIS package group,Population Health,SQL Server 2019,private cloud,flat-file/SFTP,retire candidate,source-backed candidate
SQL-HCDN-00564,SSAS cube/model,Claims Operations,SQL Server 2022,on-prem data center,Epic Clarity,owner conflict,source-backed candidate
SQL-HCDN-00565,SSRS report server,Clinical Analytics,SQL Server 2012,departmental server,legacy EDW,active,source-backed candidate
SQL-HCDN-00566,SQL Agent schedule group,Departmental Reporting,SQL Server 2014,private cloud,claims warehouse,stale,source-backed candidate
SQL-HCDN-00567,SQL Server instance,Actuarial,SQL Server 2016,on-prem data center,manual spreadsheet upload,duplicate,source-backed candidate
SQL-HCDN-00568,SQL database,Finance,SQL Server 2019,departmental server,Oracle feed,retire candidate,measure definition conflict
SQL-HCDN-00569,departmental mart,Quality and Stars,SQL Server 2022,private cloud,flat-file/SFTP,owner conflict,source-backed candidate
SQL-HCDN-00570,SSIS package group,Revenue Cycle,SQL Server 2012,on-prem data center,Epic Clarity,active,source-backed candidate
SQL-HCDN-00571,SSAS cube/model,Population Health,SQL Server 2014,departmental server,legacy EDW,stale,source-backed candidate
SQL-HCDN-00572,SSRS report server,Claims Operations,SQL Server 2016,private cloud,claims warehouse,duplicate,lineage incomplete
SQL-HCDN-00573,SQL Agent schedule group,Clinical Analytics,SQL Server 2019,on-prem data center,manual spreadsheet upload,retire candidate,source-backed candidate
SQL-HCDN-00574,SQL Server instance,Departmental Reporting,SQL Server 2022,departmental server,Oracle feed,owner conflict,source-backed candidate
SQL-HCDN-00575,SQL database,Actuarial,SQL Server 2012,private cloud,flat-file/SFTP,active,source-backed candidate
SQL-HCDN-00576,departmental mart,Finance,SQL Server 2014,on-prem data center,Epic Clarity,stale,measure definition conflict
SQL-HCDN-00577,SSIS package group,Quality and Stars,SQL Server 2016,departmental server,legacy EDW,duplicate,source-backed candidate
SQL-HCDN-00578,SSAS cube/model,Revenue Cycle,SQL Server 2019,private cloud,claims warehouse,retire candidate,source-backed candidate
SQL-HCDN-00579,SSRS report server,Population Health,SQL Server 2022,on-prem data center,manual spreadsheet upload,owner conflict,source-backed candidate
SQL-HCDN-00580,SQL Agent schedule group,Claims Operations,SQL Server 2012,departmental server,Oracle feed,active,source-backed candidate
SQL-HCDN-00581,SQL Server instance,Clinical Analytics,SQL Server 2014,private cloud,flat-file/SFTP,stale,source-backed candidate
SQL-HCDN-00582,SQL database,Departmental Reporting,SQL Server 2016,on-prem data center,Epic Clarity,duplicate,source-backed candidate
SQL-HCDN-00583,departmental mart,Actuarial,SQL Server 2019,departmental server,legacy EDW,retire candidate,lineage incomplete
SQL-HCDN-00584,SSIS package group,Finance,SQL Server 2022,private cloud,claims warehouse,owner conflict,measure definition conflict
SQL-HCDN-00585,SSAS cube/model,Quality and Stars,SQL Server 2012,on-prem data center,manual spreadsheet upload,active,source-backed candidate
SQL-HCDN-00586,SSRS report server,Revenue Cycle,SQL Server 2014,departmental server,Oracle feed,stale,source-backed candidate
SQL-HCDN-00587,SQL Agent schedule group,Population Health,SQL Server 2016,private cloud,flat-file/SFTP,duplicate,source-backed candidate
SQL-HCDN-00588,SQL Server instance,Claims Operations,SQL Server 2019,on-prem data center,Epic Clarity,retire candidate,source-backed candidate
SQL-HCDN-00589,SQL database,Clinical Analytics,SQL Server 2022,departmental server,legacy EDW,owner conflict,source-backed candidate
SQL-HCDN-00590,departmental mart,Departmental Reporting,SQL Server 2012,private cloud,claims warehouse,active,source-backed candidate
SQL-HCDN-00591,SSIS package group,Actuarial,SQL Server 2014,on-prem data center,manual spreadsheet upload,stale,source-backed candidate
SQL-HCDN-00592,SSAS cube/model,Finance,SQL Server 2016,departmental server,Oracle feed,duplicate,measure definition conflict
SQL-HCDN-00593,SSRS report server,Quality and Stars,SQL Server 2019,private cloud,flat-file/SFTP,retire candidate,source-backed candidate
SQL-HCDN-00594,SQL Agent schedule group,Revenue Cycle,SQL Server 2022,on-prem data center,Epic Clarity,owner conflict,lineage incomplete
SQL-HCDN-00595,SQL Server instance,Population Health,SQL Server 2012,departmental server,legacy EDW,active,source-backed candidate
SQL-HCDN-00596,SQL database,Claims Operations,SQL Server 2014,private cloud,claims warehouse,stale,source-backed candidate
SQL-HCDN-00597,departmental mart,Clinical Analytics,SQL Server 2016,on-prem data center,manual spreadsheet upload,duplicate,source-backed candidate
SQL-HCDN-00598,SSIS package group,Departmental Reporting,SQL Server 2019,departmental server,Oracle feed,retire candidate,source-backed candidate
SQL-HCDN-00599,SSAS cube/model,Actuarial,SQL Server 2022,private cloud,flat-file/SFTP,owner conflict,source-backed candidate
SQL-HCDN-00600,SSRS report server,Finance,SQL Server 2012,on-prem data center,Epic Clarity,active,measure definition conflict
SQL-HCDN-00601,SQL Agent schedule group,Quality and Stars,SQL Server 2014,departmental server,legacy EDW,stale,source-backed candidate
SQL-HCDN-00602,SQL Server instance,Revenue Cycle,SQL Server 2016,private cloud,claims warehouse,duplicate,source-backed candidate
SQL-HCDN-00603,SQL database,Population Health,SQL Server 2019,on-prem data center,manual spreadsheet upload,retire candidate,source-backed candidate
SQL-HCDN-00604,departmental mart,Claims Operations,SQL Server 2022,departmental server,Oracle feed,owner conflict,source-backed candidate
SQL-HCDN-00605,SSIS package group,Clinical Analytics,SQL Server 2012,private cloud,flat-file/SFTP,active,lineage incomplete
SQL-HCDN-00606,SSAS cube/model,Departmental Reporting,SQL Server 2014,on-prem data center,Epic Clarity,stale,source-backed candidate
SQL-HCDN-00607,SSRS report server,Actuarial,SQL Server 2016,departmental server,legacy EDW,duplicate,source-backed candidate
SQL-HCDN-00608,SQL Agent schedule group,Finance,SQL Server 2019,private cloud,claims warehouse,retire candidate,measure definition conflict
SQL-HCDN-00609,SQL Server instance,Quality and Stars,SQL Server 2022,on-prem data center,manual spreadsheet upload,owner conflict,source-backed candidate
SQL-HCDN-00610,SQL database,Revenue Cycle,SQL Server 2012,departmental server,Oracle feed,active,source-backed candidate
SQL-HCDN-00611,departmental mart,Population Health,SQL Server 2014,private cloud,flat-file/SFTP,stale,source-backed candidate
SQL-HCDN-00612,SSIS package group,Claims Operations,SQL Server 2016,on-prem data center,Epic Clarity,duplicate,source-backed candidate
SQL-HCDN-00613,SSAS cube/model,Clinical Analytics,SQL Server 2019,departmental server,legacy EDW,retire candidate,source-backed candidate
SQL-HCDN-00614,SSRS report server,Departmental Reporting,SQL Server 2022,private cloud,claims warehouse,owner conflict,source-backed candidate
SQL-HCDN-00615,SQL Agent schedule group,Actuarial,SQL Server 2012,on-prem data center,manual spreadsheet upload,active,source-backed candidate
SQL-HCDN-00616,SQL Server instance,Finance,SQL Server 2014,departmental server,Oracle feed,stale,measure definition conflict
SQL-HCDN-00617,SQL database,Quality and Stars,SQL Server 2016,private cloud,flat-file/SFTP,duplicate,source-backed candidate
SQL-HCDN-00618,departmental mart,Revenue Cycle,SQL Server 2019,on-prem data center,Epic Clarity,retire candidate,source-backed candidate
SQL-HCDN-00619,SSIS package group,Population Health,SQL Server 2022,departmental server,legacy EDW,owner conflict,source-backed candidate
SQL-HCDN-00620,SSAS cube/model,Claims Operations,SQL Server 2012,private cloud,claims warehouse,active,source-backed candidate
SQL-HCDN-00621,SSRS report server,Clinical Analytics,SQL Server 2014,on-prem data center,manual spreadsheet upload,stale,source-backed candidate
SQL-HCDN-00622,SQL Agent schedule group,Departmental Reporting,SQL Server 2016,departmental server,Oracle feed,duplicate,source-backed candidate
SQL-HCDN-00623,SQL Server instance,Actuarial,SQL Server 2019,private cloud,flat-file/SFTP,retire candidate,source-backed candidate
SQL-HCDN-00624,SQL database,Finance,SQL Server 2022,on-prem data center,Epic Clarity,owner conflict,measure definition conflict
SQL-HCDN-00625,departmental mart,Quality and Stars,SQL Server 2012,departmental server,legacy EDW,active,source-backed candidate
SQL-HCDN-00626,SSIS package group,Revenue Cycle,SQL Server 2014,private cloud,claims warehouse,stale,source-backed candidate
SQL-HCDN-00627,SSAS cube/model,Population Health,SQL Server 2016,on-prem data center,manual spreadsheet upload,duplicate,lineage incomplete
SQL-HCDN-00628,SSRS report server,Claims Operations,SQL Server 2019,departmental server,Oracle feed,retire candidate,source-backed candidate
SQL-HCDN-00629,SQL Agent schedule group,Clinical Analytics,SQL Server 2022,private cloud,flat-file/SFTP,owner conflict,source-backed candidate
SQL-HCDN-00630,SQL Server instance,Departmental Reporting,SQL Server 2012,on-prem data center,Epic Clarity,active,source-backed candidate
SQL-HCDN-00631,SQL database,Actuarial,SQL Server 2014,departmental server,legacy EDW,stale,source-backed candidate
SQL-HCDN-00632,departmental mart,Finance,SQL Server 2016,private cloud,claims warehouse,duplicate,measure definition conflict
SQL-HCDN-00633,SSIS package group,Quality and Stars,SQL Server 2019,on-prem data center,manual spreadsheet upload,retire candidate,source-backed candidate
SQL-HCDN-00634,SSAS cube/model,Revenue Cycle,SQL Server 2022,departmental server,Oracle feed,owner conflict,source-backed candidate
SQL-HCDN-00635,SSRS report server,Population Health,SQL Server 2012,private cloud,flat-file/SFTP,active,source-backed candidate
SQL-HCDN-00636,SQL Agent schedule group,Claims Operations,SQL Server 2014,on-prem data center,Epic Clarity,stale,source-backed candidate
SQL-HCDN-00637,SQL Server instance,Clinical Analytics,SQL Server 2016,departmental server,legacy EDW,duplicate,source-backed candidate
SQL-HCDN-00638,SQL database,Departmental Reporting,SQL Server 2019,private cloud,claims warehouse,retire candidate,lineage incomplete
SQL-HCDN-00639,departmental mart,Actuarial,SQL Server 2022,on-prem data center,manual spreadsheet upload,owner conflict,source-backed candidate
SQL-HCDN-00640,SSIS package group,Finance,SQL Server 2012,departmental server,Oracle feed,active,measure definition conflict
SQL-HCDN-00641,SSAS cube/model,Quality and Stars,SQL Server 2014,private cloud,flat-file/SFTP,stale,source-backed candidate
SQL-HCDN-00642,SSRS report server,Revenue Cycle,SQL Server 2016,on-prem data center,Epic Clarity,duplicate,source-backed candidate
SQL-HCDN-00643,SQL Agent schedule group,Population Health,SQL Server 2019,departmental server,legacy EDW,retire candidate,source-backed candidate
SQL-HCDN-00644,SQL Server instance,Claims Operations,SQL Server 2022,private cloud,claims warehouse,owner conflict,source-backed candidate
SQL-HCDN-00645,SQL database,Clinical Analytics,SQL Server 2012,on-prem data center,manual spreadsheet upload,active,source-backed candidate
SQL-HCDN-00646,departmental mart,Departmental Reporting,SQL Server 2014,departmental server,Oracle feed,stale,source-backed candidate
SQL-HCDN-00647,SSIS package group,Actuarial,SQL Server 2016,private cloud,flat-file/SFTP,duplicate,source-backed candidate
SQL-HCDN-00648,SSAS cube/model,Finance,SQL Server 2019,on-prem data center,Epic Clarity,retire candidate,measure definition conflict
SQL-HCDN-00649,SSRS report server,Quality and Stars,SQL Server 2022,departmental server,legacy EDW,owner conflict,lineage incomplete
SQL-HCDN-00650,SQL Agent schedule group,Revenue Cycle,SQL Server 2012,private cloud,claims warehouse,active,source-backed candidate
SQL-HCDN-00651,SQL Server instance,Population Health,SQL Server 2014,on-prem data center,manual spreadsheet upload,stale,source-backed candidate
SQL-HCDN-00652,SQL database,Claims Operations,SQL Server 2016,departmental server,Oracle feed,duplicate,source-backed candidate
SQL-HCDN-00653,departmental mart,Clinical Analytics,SQL Server 2019,private cloud,flat-file/SFTP,retire candidate,source-backed candidate
SQL-HCDN-00654,SSIS package group,Departmental Reporting,SQL Server 2022,on-prem data center,Epic Clarity,owner conflict,source-backed candidate
SQL-HCDN-00655,SSAS cube/model,Actuarial,SQL Server 2012,departmental server,legacy EDW,active,source-backed candidate
SQL-HCDN-00656,SSRS report server,Finance,SQL Server 2014,private cloud,claims warehouse,stale,measure definition conflict
SQL-HCDN-00657,SQL Agent schedule group,Quality and Stars,SQL Server 2016,on-prem data center,manual spreadsheet upload,duplicate,source-backed candidate
SQL-HCDN-00658,SQL Server instance,Revenue Cycle,SQL Server 2019,departmental server,Oracle feed,retire candidate,source-backed candidate
SQL-HCDN-00659,SQL database,Population Health,SQL Server 2022,private cloud,flat-file/SFTP,owner conflict,source-backed candidate
SQL-HCDN-00660,departmental mart,Claims Operations,SQL Server 2012,on-prem data center,Epic Clarity,active,lineage incomplete
SQL-HCDN-00661,SSIS package group,Clinical Analytics,SQL Server 2014,departmental server,legacy EDW,stale,source-backed candidate
SQL-HCDN-00662,SSAS cube/model,Departmental Reporting,SQL Server 2016,private cloud,claims warehouse,duplicate,source-backed candidate
SQL-HCDN-00663,SSRS report server,Actuarial,SQL Server 2019,on-prem data center,manual spreadsheet upload,retire candidate,source-backed candidate
SQL-HCDN-00664,SQL Agent schedule group,Finance,SQL Server 2022,departmental server,Oracle feed,owner conflict,measure definition conflict
SQL-HCDN-00665,SQL Server instance,Quality and Stars,SQL Server 2012,private cloud,flat-file/SFTP,active,source-backed candidate
SQL-HCDN-00666,SQL database,Revenue Cycle,SQL Server 2014,on-prem data center,Epic Clarity,stale,source-backed candidate
SQL-HCDN-00667,departmental mart,Population Health,SQL Server 2016,departmental server,legacy EDW,duplicate,source-backed candidate
SQL-HCDN-00668,SSIS package group,Claims Operations,SQL Server 2019,private cloud,claims warehouse,retire candidate,source-backed candidate
SQL-HCDN-00669,SSAS cube/model,Clinical Analytics,SQL Server 2022,on-prem data center,manual spreadsheet upload,owner conflict,source-backed candidate
SQL-HCDN-00670,SSRS report server,Departmental Reporting,SQL Server 2012,departmental server,Oracle feed,active,source-backed candidate
SQL-HCDN-00671,SQL Agent schedule group,Actuarial,SQL Server 2014,private cloud,flat-file/SFTP,stale,lineage incomplete
SQL-HCDN-00672,SQL Server instance,Finance,SQL Server 2016,on-prem data center,Epic Clarity,duplicate,measure definition conflict
SQL-HCDN-00673,SQL database,Quality and Stars,SQL Server 2019,departmental server,legacy EDW,retire candidate,source-backed candidate
SQL-HCDN-00674,departmental mart,Revenue Cycle,SQL Server 2022,private cloud,claims warehouse,owner conflict,source-backed candidate
SQL-HCDN-00675,SSIS package group,Population Health,SQL Server 2012,on-prem data center,manual spreadsheet upload,active,source-backed candidate
SQL-HCDN-00676,SSAS cube/model,Claims Operations,SQL Server 2014,departmental server,Oracle feed,stale,source-backed candidate
SQL-HCDN-00677,SSRS report server,Clinical Analytics,SQL Server 2016,private cloud,flat-file/SFTP,duplicate,source-backed candidate
SQL-HCDN-00678,SQL Agent schedule group,Departmental Reporting,SQL Server 2019,on-prem data center,Epic Clarity,retire candidate,source-backed candidate
SQL-HCDN-00679,SQL Server instance,Actuarial,SQL Server 2022,departmental server,legacy EDW,owner conflict,source-backed candidate
SQL-HCDN-00680,SQL database,Finance,SQL Server 2012,private cloud,claims warehouse,active,measure definition conflict
SQL-HCDN-00681,departmental mart,Quality and Stars,SQL Server 2014,on-prem data center,manual spreadsheet upload,stale,source-backed candidate
SQL-HCDN-00682,SSIS package group,Revenue Cycle,SQL Server 2016,departmental server,Oracle feed,duplicate,lineage incomplete
SQL-HCDN-00683,SSAS cube/model,Population Health,SQL Server 2019,private cloud,flat-file/SFTP,retire candidate,source-backed candidate
SQL-HCDN-00684,SSRS report server,Claims Operations,SQL Server 2022,on-prem data center,Epic Clarity,owner conflict,source-backed candidate
SQL-HCDN-00685,SQL Agent schedule group,Clinical Analytics,SQL Server 2012,departmental server,legacy EDW,active,source-backed candidate
SQL-HCDN-00686,SQL Server instance,Departmental Reporting,SQL Server 2014,private cloud,claims warehouse,stale,source-backed candidate
SQL-HCDN-00687,SQL database,Actuarial,SQL Server 2016,on-prem data center,manual spreadsheet upload,duplicate,source-backed candidate
SQL-HCDN-00688,departmental mart,Finance,SQL Server 2019,departmental server,Oracle feed,retire candidate,measure definition conflict
SQL-HCDN-00689,SSIS package group,Quality and Stars,SQL Server 2022,private cloud,flat-file/SFTP,owner conflict,source-backed candidate
SQL-HCDN-00690,SSAS cube/model,Revenue Cycle,SQL Server 2012,on-prem data center,Epic Clarity,active,source-backed candidate
SQL-HCDN-00691,SSRS report server,Population Health,SQL Server 2014,departmental server,legacy EDW,stale,source-backed candidate
SQL-HCDN-00692,SQL Agent schedule group,Claims Operations,SQL Server 2016,private cloud,claims warehouse,duplicate,source-backed candidate
SQL-HCDN-00693,SQL Server instance,Clinical Analytics,SQL Server 2019,on-prem data center,manual spreadsheet upload,retire candidate,lineage incomplete
SQL-HCDN-00694,SQL database,Departmental Reporting,SQL Server 2022,departmental server,Oracle feed,owner conflict,source-backed candidate
SQL-HCDN-00695,departmental mart,Actuarial,SQL Server 2012,private cloud,flat-file/SFTP,active,source-backed candidate
SQL-HCDN-00696,SSIS package group,Finance,SQL Server 2014,on-prem data center,Epic Clarity,stale,measure definition conflict
SQL-HCDN-00697,SSAS cube/model,Quality and Stars,SQL Server 2016,departmental server,legacy EDW,duplicate,source-backed candidate
SQL-HCDN-00698,SSRS report server,Revenue Cycle,SQL Server 2019,private cloud,claims warehouse,retire candidate,source-backed candidate
SQL-HCDN-00699,SQL Agent schedule group,Population Health,SQL Server 2022,on-prem data center,manual spreadsheet upload,owner conflict,source-backed candidate
SQL-HCDN-00700,SQL Server instance,Claims Operations,SQL Server 2012,departmental server,Oracle feed,active,source-backed candidate
SQL-HCDN-00701,SQL database,Clinical Analytics,SQL Server 2014,private cloud,flat-file/SFTP,stale,source-backed candidate
SQL-HCDN-00702,departmental mart,Departmental Reporting,SQL Server 2016,on-prem data center,Epic Clarity,duplicate,source-backed candidate
SQL-HCDN-00703,SSIS package group,Actuarial,SQL Server 2019,departmental server,legacy EDW,retire candidate,source-backed candidate
SQL-HCDN-00704,SSAS cube/model,Finance,SQL Server 2022,private cloud,claims warehouse,owner conflict,measure definition conflict
SQL-HCDN-00705,SSRS report server,Quality and Stars,SQL Server 2012,on-prem data center,manual spreadsheet upload,active,source-backed candidate
SQL-HCDN-00706,SQL Agent schedule group,Revenue Cycle,SQL Server 2014,departmental server,Oracle feed,stale,source-backed candidate
SQL-HCDN-00707,SQL Server instance,Population Health,SQL Server 2016,private cloud,flat-file/SFTP,duplicate,source-backed candidate
SQL-HCDN-00708,SQL database,Claims Operations,SQL Server 2019,on-prem data center,Epic Clarity,retire candidate,source-backed candidate
SQL-HCDN-00709,departmental mart,Clinical Analytics,SQL Server 2022,departmental server,legacy EDW,owner conflict,source-backed candidate
SQL-HCDN-00710,SSIS package group,Departmental Reporting,SQL Server 2012,private cloud,claims warehouse,active,source-backed candidate
SQL-HCDN-00711,SSAS cube/model,Actuarial,SQL Server 2014,on-prem data center,manual spreadsheet upload,stale,source-backed candidate
SQL-HCDN-00712,SSRS report server,Finance,SQL Server 2016,departmental server,Oracle feed,duplicate,measure definition conflict
SQL-HCDN-00713,SQL Agent schedule group,Quality and Stars,SQL Server 2019,private cloud,flat-file/SFTP,retire candidate,source-backed candidate
SQL-HCDN-00714,SQL Server instance,Revenue Cycle,SQL Server 2022,on-prem data center,Epic Clarity,owner conflict,source-backed candidate
SQL-HCDN-00715,SQL database,Population Health,SQL Server 2012,departmental server,legacy EDW,active,lineage incomplete
SQL-HCDN-00716,departmental mart,Claims Operations,SQL Server 2014,private cloud,claims warehouse,stale,source-backed candidate
SQL-HCDN-00717,SSIS package group,Clinical Analytics,SQL Server 2016,on-prem data center,manual spreadsheet upload,duplicate,source-backed candidate
SQL-HCDN-00718,SSAS cube/model,Departmental Reporting,SQL Server 2019,departmental server,Oracle feed,retire candidate,source-backed candidate
SQL-HCDN-00719,SSRS report server,Actuarial,SQL Server 2022,private cloud,flat-file/SFTP,owner conflict,source-backed candidate
SQL-HCDN-00720,SQL Agent schedule group,Finance,SQL Server 2012,on-prem data center,Epic Clarity,active,measure definition conflict
SQL-HCDN-00721,SQL Server instance,Quality and Stars,SQL Server 2014,departmental server,legacy EDW,stale,source-backed candidate
SQL-HCDN-00722,SQL database,Revenue Cycle,SQL Server 2016,private cloud,claims warehouse,duplicate,source-backed candidate
SQL-HCDN-00723,departmental mart,Population Health,SQL Server 2019,on-prem data center,manual spreadsheet upload,retire candidate,source-backed candidate
SQL-HCDN-00724,SSIS package group,Claims Operations,SQL Server 2022,departmental server,Oracle feed,owner conflict,source-backed candidate
SQL-HCDN-00725,SSAS cube/model,Clinical Analytics,SQL Server 2012,private cloud,flat-file/SFTP,active,source-backed candidate
SQL-HCDN-00726,SSRS report server,Departmental Reporting,SQL Server 2014,on-prem data center,Epic Clarity,stale,lineage incomplete
SQL-HCDN-00727,SQL Agent schedule group,Actuarial,SQL Server 2016,departmental server,legacy EDW,duplicate,source-backed candidate
SQL-HCDN-00728,SQL Server instance,Finance,SQL Server 2019,private cloud,claims warehouse,retire candidate,measure definition conflict
SQL-HCDN-00729,SQL database,Quality and Stars,SQL Server 2022,on-prem data center,manual spreadsheet upload,owner conflict,source-backed candidate
SQL-HCDN-00730,departmental mart,Revenue Cycle,SQL Server 2012,departmental server,Oracle feed,active,source-backed candidate
SQL-HCDN-00731,SSIS package group,Population Health,SQL Server 2014,private cloud,flat-file/SFTP,stale,source-backed candidate
SQL-HCDN-00732,SSAS cube/model,Claims Operations,SQL Server 2016,on-prem data center,Epic Clarity,duplicate,source-backed candidate
SQL-HCDN-00733,SSRS report server,Clinical Analytics,SQL Server 2019,departmental server,legacy EDW,retire candidate,source-backed candidate
SQL-HCDN-00734,SQL Agent schedule group,Departmental Reporting,SQL Server 2022,private cloud,claims warehouse,owner conflict,source-backed candidate
SQL-HCDN-00735,SQL Server instance,Actuarial,SQL Server 2012,on-prem data center,manual spreadsheet upload,active,source-backed candidate
SQL-HCDN-00736,SQL database,Finance,SQL Server 2014,departmental server,Oracle feed,stale,measure definition conflict
SQL-HCDN-00737,departmental mart,Quality and Stars,SQL Server 2016,private cloud,flat-file/SFTP,duplicate,lineage incomplete
SQL-HCDN-00738,SSIS package group,Revenue Cycle,SQL Server 2019,on-prem data center,Epic Clarity,retire candidate,source-backed candidate
SQL-HCDN-00739,SSAS cube/model,Population Health,SQL Server 2022,departmental server,legacy EDW,owner conflict,source-backed candidate
SQL-HCDN-00740,SSRS report server,Claims Operations,SQL Server 2012,private cloud,claims warehouse,active,source-backed candidate
SQL-HCDN-00741,SQL Agent schedule group,Clinical Analytics,SQL Server 2014,on-prem data center,manual spreadsheet upload,stale,source-backed candidate
SQL-HCDN-00742,SQL Server instance,Departmental Reporting,SQL Server 2016,departmental server,Oracle feed,duplicate,source-backed candidate
SQL-HCDN-00743,SQL database,Actuarial,SQL Server 2019,private cloud,flat-file/SFTP,retire candidate,source-backed candidate
SQL-HCDN-00744,departmental mart,Finance,SQL Server 2022,on-prem data center,Epic Clarity,owner conflict,measure definition conflict
SQL-HCDN-00745,SSIS package group,Quality and Stars,SQL Server 2012,departmental server,legacy EDW,active,source-backed candidate
SQL-HCDN-00746,SSAS cube/model,Revenue Cycle,SQL Server 2014,private cloud,claims warehouse,stale,source-backed candidate
SQL-HCDN-00747,SSRS report server,Population Health,SQL Server 2016,on-prem data center,manual spreadsheet upload,duplicate,source-backed candidate
SQL-HCDN-00748,SQL Agent schedule group,Claims Operations,SQL Server 2019,departmental server,Oracle feed,retire candidate,lineage incomplete
SQL-HCDN-00749,SQL Server instance,Clinical Analytics,SQL Server 2022,private cloud,flat-file/SFTP,owner conflict,source-backed candidate
SQL-HCDN-00750,SQL database,Departmental Reporting,SQL Server 2012,on-prem data center,Epic Clarity,active,source-backed candidate
SQL-HCDN-00751,departmental mart,Actuarial,SQL Server 2014,departmental server,legacy EDW,stale,source-backed candidate
SQL-HCDN-00752,SSIS package group,Finance,SQL Server 2016,private cloud,claims warehouse,duplicate,measure definition conflict
SQL-HCDN-00753,SSAS cube/model,Quality and Stars,SQL Server 2019,on-prem data center,manual spreadsheet upload,retire candidate,source-backed candidate
SQL-HCDN-00754,SSRS report server,Revenue Cycle,SQL Server 2022,departmental server,Oracle feed,owner conflict,source-backed candidate
SQL-HCDN-00755,SQL Agent schedule group,Population Health,SQL Server 2012,private cloud,flat-file/SFTP,active,source-backed candidate
SQL-HCDN-00756,SQL Server instance,Claims Operations,SQL Server 2014,on-prem data center,Epic Clarity,stale,source-backed candidate
SQL-HCDN-00757,SQL database,Clinical Analytics,SQL Server 2016,departmental server,legacy EDW,duplicate,source-backed candidate
SQL-HCDN-00758,departmental mart,Departmental Reporting,SQL Server 2019,private cloud,claims warehouse,retire candidate,source-backed candidate
SQL-HCDN-00759,SSIS package group,Actuarial,SQL Server 2022,on-prem data center,manual spreadsheet upload,owner conflict,lineage incomplete
SQL-HCDN-00760,SSAS cube/model,Finance,SQL Server 2012,departmental server,Oracle feed,active,measure definition conflict
SQL-HCDN-00761,SSRS report server,Quality and Stars,SQL Server 2014,private cloud,flat-file/SFTP,stale,source-backed candidate
SQL-HCDN-00762,SQL Agent schedule group,Revenue Cycle,SQL Server 2016,on-prem data center,Epic Clarity,duplicate,source-backed candidate
SQL-HCDN-00763,SQL Server instance,Population Health,SQL Server 2019,departmental server,legacy EDW,retire candidate,source-backed candidate
SQL-HCDN-00764,SQL database,Claims Operations,SQL Server 2022,private cloud,claims warehouse,owner conflict,source-backed candidate
SQL-HCDN-00765,departmental mart,Clinical Analytics,SQL Server 2012,on-prem data center,manual spreadsheet upload,active,source-backed candidate
SQL-HCDN-00766,SSIS package group,Departmental Reporting,SQL Server 2014,departmental server,Oracle feed,stale,source-backed candidate
SQL-HCDN-00767,SSAS cube/model,Actuarial,SQL Server 2016,private cloud,flat-file/SFTP,duplicate,source-backed candidate
SQL-HCDN-00768,SSRS report server,Finance,SQL Server 2019,on-prem data center,Epic Clarity,retire candidate,measure definition conflict
SQL-HCDN-00769,SQL Agent schedule group,Quality and Stars,SQL Server 2022,departmental server,legacy EDW,owner conflict,source-backed candidate
SQL-HCDN-00770,SQL Server instance,Revenue Cycle,SQL Server 2012,private cloud,claims warehouse,active,lineage incomplete
SQL-HCDN-00771,SQL database,Population Health,SQL Server 2014,on-prem data center,manual spreadsheet upload,stale,source-backed candidate
SQL-HCDN-00772,departmental mart,Claims Operations,SQL Server 2016,departmental server,Oracle feed,duplicate,source-backed candidate
SQL-HCDN-00773,SSIS package group,Clinical Analytics,SQL Server 2019,private cloud,flat-file/SFTP,retire candidate,source-backed candidate
SQL-HCDN-00774,SSAS cube/model,Departmental Reporting,SQL Server 2022,on-prem data center,Epic Clarity,owner conflict,source-backed candidate
SQL-HCDN-00775,SSRS report server,Actuarial,SQL Server 2012,departmental server,legacy EDW,active,source-backed candidate
SQL-HCDN-00776,SQL Agent schedule group,Finance,SQL Server 2014,private cloud,claims warehouse,stale,measure definition conflict
SQL-HCDN-00777,SQL Server instance,Quality and Stars,SQL Server 2016,on-prem data center,manual spreadsheet upload,duplicate,source-backed candidate
SQL-HCDN-00778,SQL database,Revenue Cycle,SQL Server 2019,departmental server,Oracle feed,retire candidate,source-backed candidate
SQL-HCDN-00779,departmental mart,Population Health,SQL Server 2022,private cloud,flat-file/SFTP,owner conflict,source-backed candidate
SQL-HCDN-00780,SSIS package group,Claims Operations,SQL Server 2012,on-prem data center,Epic Clarity,active,source-backed candidate
SQL-HCDN-00781,SSAS cube/model,Clinical Analytics,SQL Server 2014,departmental server,legacy EDW,stale,lineage incomplete
SQL-HCDN-00782,SSRS report server,Departmental Reporting,SQL Server 2016,private cloud,claims warehouse,duplicate,source-backed candidate
SQL-HCDN-00783,SQL Agent schedule group,Actuarial,SQL Server 2019,on-prem data center,manual spreadsheet upload,retire candidate,source-backed candidate
SQL-HCDN-00784,SQL Server instance,Finance,SQL Server 2022,departmental server,Oracle feed,owner conflict,measure definition conflict
SQL-HCDN-00785,SQL database,Quality and Stars,SQL Server 2012,private cloud,flat-file/SFTP,active,source-backed candidate
SQL-HCDN-00786,departmental mart,Revenue Cycle,SQL Server 2014,on-prem data center,Epic Clarity,stale,source-backed candidate
SQL-HCDN-00787,SSIS package group,Population Health,SQL Server 2016,departmental server,legacy EDW,duplicate,source-backed candidate
SQL-HCDN-00788,SSAS cube/model,Claims Operations,SQL Server 2019,private cloud,claims warehouse,retire candidate,source-backed candidate
SQL-HCDN-00789,SSRS report server,Clinical Analytics,SQL Server 2022,on-prem data center,manual spreadsheet upload,owner conflict,source-backed candidate
SQL-HCDN-00790,SQL Agent schedule group,Departmental Reporting,SQL Server 2012,departmental server,Oracle feed,active,source-backed candidate
SQL-HCDN-00791,SQL Server instance,Actuarial,SQL Server 2014,private cloud,flat-file/SFTP,stale,source-backed candidate
SQL-HCDN-00792,SQL database,Finance,SQL Server 2016,on-prem data center,Epic Clarity,duplicate,measure definition conflict
SQL-HCDN-00793,departmental mart,Quality and Stars,SQL Server 2019,departmental server,legacy EDW,retire candidate,source-backed candidate
SQL-HCDN-00794,SSIS package group,Revenue Cycle,SQL Server 2022,private cloud,claims warehouse,owner conflict,source-backed candidate
SQL-HCDN-00795,SSAS cube/model,Population Health,SQL Server 2012,on-prem data center,manual spreadsheet upload,active,source-backed candidate
SQL-HCDN-00796,SSRS report server,Claims Operations,SQL Server 2014,departmental server,Oracle feed,stale,source-backed candidate
SQL-HCDN-00797,SQL Agent schedule group,Clinical Analytics,SQL Server 2016,private cloud,flat-file/SFTP,duplicate,source-backed candidate
SQL-HCDN-00798,SQL Server instance,Departmental Reporting,SQL Server 2019,on-prem data center,Epic Clarity,retire candidate,source-backed candidate
SQL-HCDN-00799,SQL database,Actuarial,SQL Server 2022,departmental server,legacy EDW,owner conflict,source-backed candidate
SQL-HCDN-00800,departmental mart,Finance,SQL Server 2012,private cloud,claims warehouse,active,measure definition conflict
SQL-HCDN-00801,SSIS package group,Quality and Stars,SQL Server 2014,on-prem data center,manual spreadsheet upload,stale,source-backed candidate
SQL-HCDN-00802,SSAS cube/model,Revenue Cycle,SQL Server 2016,departmental server,Oracle feed,duplicate,source-backed candidate
SQL-HCDN-00803,SSRS report server,Population Health,SQL Server 2019,private cloud,flat-file/SFTP,retire candidate,lineage incomplete
SQL-HCDN-00804,SQL Agent schedule group,Claims Operations,SQL Server 2022,on-prem data center,Epic Clarity,owner conflict,source-backed candidate
SQL-HCDN-00805,SQL Server instance,Clinical Analytics,SQL Server 2012,departmental server,legacy EDW,active,source-backed candidate
SQL-HCDN-00806,SQL database,Departmental Reporting,SQL Server 2014,private cloud,claims warehouse,stale,source-backed candidate
SQL-HCDN-00807,departmental mart,Actuarial,SQL Server 2016,on-prem data center,manual spreadsheet upload,duplicate,source-backed candidate
SQL-HCDN-00808,SSIS package group,Finance,SQL Server 2019,departmental server,Oracle feed,retire candidate,measure definition conflict
SQL-HCDN-00809,SSAS cube/model,Quality and Stars,SQL Server 2022,private cloud,flat-file/SFTP,owner conflict,source-backed candidate
SQL-HCDN-00810,SSRS report server,Revenue Cycle,SQL Server 2012,on-prem data center,Epic Clarity,active,source-backed candidate
SQL-HCDN-00811,SQL Agent schedule group,Population Health,SQL Server 2014,departmental server,legacy EDW,stale,source-backed candidate
SQL-HCDN-00812,SQL Server instance,Claims Operations,SQL Server 2016,private cloud,claims warehouse,duplicate,source-backed candidate
SQL-HCDN-00813,SQL database,Clinical Analytics,SQL Server 2019,on-prem data center,manual spreadsheet upload,retire candidate,source-backed candidate
SQL-HCDN-00814,departmental mart,Departmental Reporting,SQL Server 2022,departmental server,Oracle feed,owner conflict,lineage incomplete
SQL-HCDN-00815,SSIS package group,Actuarial,SQL Server 2012,private cloud,flat-file/SFTP,active,source-backed candidate
SQL-HCDN-00816,SSAS cube/model,Finance,SQL Server 2014,on-prem data center,Epic Clarity,stale,measure definition conflict
SQL-HCDN-00817,SSRS report server,Quality and Stars,SQL Server 2016,departmental server,legacy EDW,duplicate,source-backed candidate
SQL-HCDN-00818,SQL Agent schedule group,Revenue Cycle,SQL Server 2019,private cloud,claims warehouse,retire candidate,source-backed candidate
SQL-HCDN-00819,SQL Server instance,Population Health,SQL Server 2022,on-prem data center,manual spreadsheet upload,owner conflict,source-backed candidate
SQL-HCDN-00820,SQL database,Claims Operations,SQL Server 2012,departmental server,Oracle feed,active,source-backed candidate
SQL-HCDN-00821,departmental mart,Clinical Analytics,SQL Server 2014,private cloud,flat-file/SFTP,stale,source-backed candidate
SQL-HCDN-00822,SSIS package group,Departmental Reporting,SQL Server 2016,on-prem data center,Epic Clarity,duplicate,source-backed candidate
SQL-HCDN-00823,SSAS cube/model,Actuarial,SQL Server 2019,departmental server,legacy EDW,retire candidate,source-backed candidate
SQL-HCDN-00824,SSRS report server,Finance,SQL Server 2022,private cloud,claims warehouse,owner conflict,measure definition conflict
SQL-HCDN-00825,SQL Agent schedule group,Quality and Stars,SQL Server 2012,on-prem data center,manual spreadsheet upload,active,lineage incomplete
SQL-HCDN-00826,SQL Server instance,Revenue Cycle,SQL Server 2014,departmental server,Oracle feed,stale,source-backed candidate
SQL-HCDN-00827,SQL database,Population Health,SQL Server 2016,private cloud,flat-file/SFTP,duplicate,source-backed candidate
SQL-HCDN-00828,departmental mart,Claims Operations,SQL Server 2019,on-prem data center,Epic Clarity,retire candidate,source-backed candidate
SQL-HCDN-00829,SSIS package group,Clinical Analytics,SQL Server 2022,departmental server,legacy EDW,owner conflict,source-backed candidate
SQL-HCDN-00830,SSAS cube/model,Departmental Reporting,SQL Server 2012,private cloud,claims warehouse,active,source-backed candidate
SQL-HCDN-00831,SSRS report server,Actuarial,SQL Server 2014,on-prem data center,manual spreadsheet upload,stale,source-backed candidate
SQL-HCDN-00832,SQL Agent schedule group,Finance,SQL Server 2016,departmental server,Oracle feed,duplicate,measure definition conflict
SQL-HCDN-00833,SQL Server instance,Quality and Stars,SQL Server 2019,private cloud,flat-file/SFTP,retire candidate,source-backed candidate
SQL-HCDN-00834,SQL database,Revenue Cycle,SQL Server 2022,on-prem data center,Epic Clarity,owner conflict,source-backed candidate
SQL-HCDN-00835,departmental mart,Population Health,SQL Server 2012,departmental server,legacy EDW,active,source-backed candidate
SQL-HCDN-00836,SSIS package group,Claims Operations,SQL Server 2014,private cloud,claims warehouse,stale,lineage incomplete
SQL-HCDN-00837,SSAS cube/model,Clinical Analytics,SQL Server 2016,on-prem data center,manual spreadsheet upload,duplicate,source-backed candidate
SQL-HCDN-00838,SSRS report server,Departmental Reporting,SQL Server 2019,departmental server,Oracle feed,retire candidate,source-backed candidate
SQL-HCDN-00839,SQL Agent schedule group,Actuarial,SQL Server 2022,private cloud,flat-file/SFTP,owner conflict,source-backed candidate
SQL-HCDN-00840,SQL Server instance,Finance,SQL Server 2012,on-prem data center,Epic Clarity,active,measure definition conflict
SQL-HCDN-00841,SQL database,Quality and Stars,SQL Server 2014,departmental server,legacy EDW,stale,source-backed candidate
SQL-HCDN-00842,departmental mart,Revenue Cycle,SQL Server 2016,private cloud,claims warehouse,duplicate,source-backed candidate
SQL-HCDN-00843,SSIS package group,Population Health,SQL Server 2019,on-prem data center,manual spreadsheet upload,retire candidate,source-backed candidate
SQL-HCDN-00844,SSAS cube/model,Claims Operations,SQL Server 2022,departmental server,Oracle feed,owner conflict,source-backed candidate
SQL-HCDN-00845,SSRS report server,Clinical Analytics,SQL Server 2012,private cloud,flat-file/SFTP,active,source-backed candidate
SQL-HCDN-00846,SQL Agent schedule group,Departmental Reporting,SQL Server 2014,on-prem data center,Epic Clarity,stale,source-backed candidate
SQL-HCDN-00847,SQL Server instance,Actuarial,SQL Server 2016,departmental server,legacy EDW,duplicate,lineage incomplete
SQL-HCDN-00848,SQL database,Finance,SQL Server 2019,private cloud,claims warehouse,retire candidate,measure definition conflict
SQL-HCDN-00849,departmental mart,Quality and Stars,SQL Server 2022,on-prem data center,manual spreadsheet upload,owner conflict,source-backed candidate
SQL-HCDN-00850,SSIS package group,Revenue Cycle,SQL Server 2012,departmental server,Oracle feed,active,source-backed candidate
SQL-HCDN-00851,SSAS cube/model,Population Health,SQL Server 2014,private cloud,flat-file/SFTP,stale,source-backed candidate
SQL-HCDN-00852,SSRS report server,Claims Operations,SQL Server 2016,on-prem data center,Epic Clarity,duplicate,source-backed candidate
SQL-HCDN-00853,SQL Agent schedule group,Clinical Analytics,SQL Server 2019,departmental server,legacy EDW,retire candidate,source-backed candidate
SQL-HCDN-00854,SQL Server instance,Departmental Reporting,SQL Server 2022,private cloud,claims warehouse,owner conflict,source-backed candidate
SQL-HCDN-00855,SQL database,Actuarial,SQL Server 2012,on-prem data center,manual spreadsheet upload,active,source-backed candidate
SQL-HCDN-00856,departmental mart,Finance,SQL Server 2014,departmental server,Oracle feed,stale,measure definition conflict
SQL-HCDN-00857,SSIS package group,Quality and Stars,SQL Server 2016,private cloud,flat-file/SFTP,duplicate,source-backed candidate
SQL-HCDN-00858,SSAS cube/model,Revenue Cycle,SQL Server 2019,on-prem data center,Epic Clarity,retire candidate,lineage incomplete
SQL-HCDN-00859,SSRS report server,Population Health,SQL Server 2022,departmental server,legacy EDW,owner conflict,source-backed candidate
SQL-HCDN-00860,SQL Agent schedule group,Claims Operations,SQL Server 2012,private cloud,claims warehouse,active,source-backed candidate
SQL-HCDN-00861,SQL Server instance,Clinical Analytics,SQL Server 2014,on-prem data center,manual spreadsheet upload,stale,source-backed candidate
SQL-HCDN-00862,SQL database,Departmental Reporting,SQL Server 2016,departmental server,Oracle feed,duplicate,source-backed candidate
SQL-HCDN-00863,departmental mart,Actuarial,SQL Server 2019,private cloud,flat-file/SFTP,retire candidate,source-backed candidate
SQL-HCDN-00864,SSIS package group,Finance,SQL Server 2022,on-prem data center,Epic Clarity,owner conflict,measure definition conflict
SQL-HCDN-00865,SSAS cube/model,Quality and Stars,SQL Server 2012,departmental server,legacy EDW,active,source-backed candidate
SQL-HCDN-00866,SSRS report server,Revenue Cycle,SQL Server 2014,private cloud,claims warehouse,stale,source-backed candidate
SQL-HCDN-00867,SQL Agent schedule group,Population Health,SQL Server 2016,on-prem data center,manual spreadsheet upload,duplicate,source-backed candidate
SQL-HCDN-00868,SQL Server instance,Claims Operations,SQL Server 2019,departmental server,Oracle feed,retire candidate,source-backed candidate
SQL-HCDN-00869,SQL database,Clinical Analytics,SQL Server 2022,private cloud,flat-file/SFTP,owner conflict,lineage incomplete
SQL-HCDN-00870,departmental mart,Departmental Reporting,SQL Server 2012,on-prem data center,Epic Clarity,active,source-backed candidate
SQL-HCDN-00871,SSIS package group,Actuarial,SQL Server 2014,departmental server,legacy EDW,stale,source-backed candidate
SQL-HCDN-00872,SSAS cube/model,Finance,SQL Server 2016,private cloud,claims warehouse,duplicate,measure definition conflict
SQL-HCDN-00873,SSRS report server,Quality and Stars,SQL Server 2019,on-prem data center,manual spreadsheet upload,retire candidate,source-backed candidate
SQL-HCDN-00874,SQL Agent schedule group,Revenue Cycle,SQL Server 2022,departmental server,Oracle feed,owner conflict,source-backed candidate
SQL-HCDN-00875,SQL Server instance,Population Health,SQL Server 2012,private cloud,flat-file/SFTP,active,source-backed candidate
SQL-HCDN-00876,SQL database,Claims Operations,SQL Server 2014,on-prem data center,Epic Clarity,stale,source-backed candidate
SQL-HCDN-00877,departmental mart,Clinical Analytics,SQL Server 2016,departmental server,legacy EDW,duplicate,source-backed candidate
SQL-HCDN-00878,SSIS package group,Departmental Reporting,SQL Server 2019,private cloud,claims warehouse,retire candidate,source-backed candidate
SQL-HCDN-00879,SSAS cube/model,Actuarial,SQL Server 2022,on-prem data center,manual spreadsheet upload,owner conflict,source-backed candidate
SQL-HCDN-00880,SSRS report server,Finance,SQL Server 2012,departmental server,Oracle feed,active,measure definition conflict
SQL-HCDN-00881,SQL Agent schedule group,Quality and Stars,SQL Server 2014,private cloud,flat-file/SFTP,stale,source-backed candidate
SQL-HCDN-00882,SQL Server instance,Revenue Cycle,SQL Server 2016,on-prem data center,Epic Clarity,duplicate,source-backed candidate
SQL-HCDN-00883,SQL database,Population Health,SQL Server 2019,departmental server,legacy EDW,retire candidate,source-backed candidate
SQL-HCDN-00884,departmental mart,Claims Operations,SQL Server 2022,private cloud,claims warehouse,owner conflict,source-backed candidate
SQL-HCDN-00885,SSIS package group,Clinical Analytics,SQL Server 2012,on-prem data center,manual spreadsheet upload,active,source-backed candidate
SQL-HCDN-00886,SSAS cube/model,Departmental Reporting,SQL Server 2014,departmental server,Oracle feed,stale,source-backed candidate
SQL-HCDN-00887,SSRS report server,Actuarial,SQL Server 2016,private cloud,flat-file/SFTP,duplicate,source-backed candidate
SQL-HCDN-00888,SQL Agent schedule group,Finance,SQL Server 2019,on-prem data center,Epic Clarity,retire candidate,measure definition conflict
SQL-HCDN-00889,SQL Server instance,Quality and Stars,SQL Server 2022,departmental server,legacy EDW,owner conflict,source-backed candidate
SQL-HCDN-00890,SQL database,Revenue Cycle,SQL Server 2012,private cloud,claims warehouse,active,source-backed candidate
SQL-HCDN-00891,departmental mart,Population Health,SQL Server 2014,on-prem data center,manual spreadsheet upload,stale,lineage incomplete
SQL-HCDN-00892,SSIS package group,Claims Operations,SQL Server 2016,departmental server,Oracle feed,duplicate,source-backed candidate
SQL-HCDN-00893,SSAS cube/model,Clinical Analytics,SQL Server 2019,private cloud,flat-file/SFTP,retire candidate,source-backed candidate
SQL-HCDN-00894,SSRS report server,Departmental Reporting,SQL Server 2022,on-prem data center,Epic Clarity,owner conflict,source-backed candidate
SQL-HCDN-00895,SQL Agent schedule group,Actuarial,SQL Server 2012,departmental server,legacy EDW,active,source-backed candidate
SQL-HCDN-00896,SQL Server instance,Finance,SQL Server 2014,private cloud,claims warehouse,stale,measure definition conflict
SQL-HCDN-00897,SQL database,Quality and Stars,SQL Server 2016,on-prem data center,manual spreadsheet upload,duplicate,source-backed candidate
SQL-HCDN-00898,departmental mart,Revenue Cycle,SQL Server 2019,departmental server,Oracle feed,retire candidate,source-backed candidate
SQL-HCDN-00899,SSIS package group,Population Health,SQL Server 2022,private cloud,flat-file/SFTP,owner conflict,source-backed candidate
SQL-HCDN-00900,SSAS cube/model,Claims Operations,SQL Server 2012,on-prem data center,Epic Clarity,active,source-backed candidate
SQL-HCDN-00901,SSRS report server,Clinical Analytics,SQL Server 2014,departmental server,legacy EDW,stale,source-backed candidate
SQL-HCDN-00902,SQL Agent schedule group,Departmental Reporting,SQL Server 2016,private cloud,claims warehouse,duplicate,lineage incomplete
SQL-HCDN-00903,SQL Server instance,Actuarial,SQL Server 2019,on-prem data center,manual spreadsheet upload,retire candidate,source-backed candidate
SQL-HCDN-00904,SQL database,Finance,SQL Server 2022,departmental server,Oracle feed,owner conflict,measure definition conflict
SQL-HCDN-00905,departmental mart,Quality and Stars,SQL Server 2012,private cloud,flat-file/SFTP,active,source-backed candidate
SQL-HCDN-00906,SSIS package group,Revenue Cycle,SQL Server 2014,on-prem data center,Epic Clarity,stale,source-backed candidate
SQL-HCDN-00907,SSAS cube/model,Population Health,SQL Server 2016,departmental server,legacy EDW,duplicate,source-backed candidate
SQL-HCDN-00908,SSRS report server,Claims Operations,SQL Server 2019,private cloud,claims warehouse,retire candidate,source-backed candidate
SQL-HCDN-00909,SQL Agent schedule group,Clinical Analytics,SQL Server 2022,on-prem data center,manual spreadsheet upload,owner conflict,source-backed candidate
SQL-HCDN-00910,SQL Server instance,Departmental Reporting,SQL Server 2012,departmental server,Oracle feed,active,source-backed candidate
SQL-HCDN-00911,SQL database,Actuarial,SQL Server 2014,private cloud,flat-file/SFTP,stale,source-backed candidate
SQL-HCDN-00912,departmental mart,Finance,SQL Server 2016,on-prem data center,Epic Clarity,duplicate,measure definition conflict
SQL-HCDN-00913,SSIS package group,Quality and Stars,SQL Server 2019,departmental server,legacy EDW,retire candidate,lineage incomplete
SQL-HCDN-00914,SSAS cube/model,Revenue Cycle,SQL Server 2022,private cloud,claims warehouse,owner conflict,source-backed candidate
SQL-HCDN-00915,SSRS report server,Population Health,SQL Server 2012,on-prem data center,manual spreadsheet upload,active,source-backed candidate
SQL-HCDN-00916,SQL Agent schedule group,Claims Operations,SQL Server 2014,departmental server,Oracle feed,stale,source-backed candidate
SQL-HCDN-00917,SQL Server instance,Clinical Analytics,SQL Server 2016,private cloud,flat-file/SFTP,duplicate,source-backed candidate
SQL-HCDN-00918,SQL database,Departmental Reporting,SQL Server 2019,on-prem data center,Epic Clarity,retire candidate,source-backed candidate
SQL-HCDN-00919,departmental mart,Actuarial,SQL Server 2022,departmental server,legacy EDW,owner conflict,source-backed candidate
SQL-HCDN-00920,SSIS package group,Finance,SQL Server 2012,private cloud,claims warehouse,active,measure definition conflict
SQL-HCDN-00921,SSAS cube/model,Quality and Stars,SQL Server 2014,on-prem data center,manual spreadsheet upload,stale,source-backed candidate
SQL-HCDN-00922,SSRS report server,Revenue Cycle,SQL Server 2016,departmental server,Oracle feed,duplicate,source-backed candidate
SQL-HCDN-00923,SQL Agent schedule group,Population Health,SQL Server 2019,private cloud,flat-file/SFTP,retire candidate,source-backed candidate
SQL-HCDN-00924,SQL Server instance,Claims Operations,SQL Server 2022,on-prem data center,Epic Clarity,owner conflict,lineage incomplete
SQL-HCDN-00925,SQL database,Clinical Analytics,SQL Server 2012,departmental server,legacy EDW,active,source-backed candidate
SQL-HCDN-00926,departmental mart,Departmental Reporting,SQL Server 2014,private cloud,claims warehouse,stale,source-backed candidate
SQL-HCDN-00927,SSIS package group,Actuarial,SQL Server 2016,on-prem data center,manual spreadsheet upload,duplicate,source-backed candidate
SQL-HCDN-00928,SSAS cube/model,Finance,SQL Server 2019,departmental server,Oracle feed,retire candidate,measure definition conflict
SQL-HCDN-00929,SSRS report server,Quality and Stars,SQL Server 2022,private cloud,flat-file/SFTP,owner conflict,source-backed candidate
SQL-HCDN-00930,SQL Agent schedule group,Revenue Cycle,SQL Server 2012,on-prem data center,Epic Clarity,active,source-backed candidate
SQL-HCDN-00931,SQL Server instance,Population Health,SQL Server 2014,departmental server,legacy EDW,stale,source-backed candidate
SQL-HCDN-00932,SQL database,Claims Operations,SQL Server 2016,private cloud,claims warehouse,duplicate,source-backed candidate
SQL-HCDN-00933,departmental mart,Clinical Analytics,SQL Server 2019,on-prem data center,manual spreadsheet upload,retire candidate,source-backed candidate
SQL-HCDN-00934,SSIS package group,Departmental Reporting,SQL Server 2022,departmental server,Oracle feed,owner conflict,source-backed candidate
SQL-HCDN-00935,SSAS cube/model,Actuarial,SQL Server 2012,private cloud,flat-file/SFTP,active,lineage incomplete
SQL-HCDN-00936,SSRS report server,Finance,SQL Server 2014,on-prem data center,Epic Clarity,stale,measure definition conflict
SQL-HCDN-00937,SQL Agent schedule group,Quality and Stars,SQL Server 2016,departmental server,legacy EDW,duplicate,source-backed candidate
SQL-HCDN-00938,SQL Server instance,Revenue Cycle,SQL Server 2019,private cloud,claims warehouse,retire candidate,source-backed candidate
SQL-HCDN-00939,SQL database,Population Health,SQL Server 2022,on-prem data center,manual spreadsheet upload,owner conflict,source-backed candidate
SQL-HCDN-00940,departmental mart,Claims Operations,SQL Server 2012,departmental server,Oracle feed,active,source-backed candidate
SQL-HCDN-00941,SSIS package group,Clinical Analytics,SQL Server 2014,private cloud,flat-file/SFTP,stale,source-backed candidate
SQL-HCDN-00942,SSAS cube/model,Departmental Reporting,SQL Server 2016,on-prem data center,Epic Clarity,duplicate,source-backed candidate
SQL-HCDN-00943,SSRS report server,Actuarial,SQL Server 2019,departmental server,legacy EDW,retire candidate,source-backed candidate
SQL-HCDN-00944,SQL Agent schedule group,Finance,SQL Server 2022,private cloud,claims warehouse,owner conflict,measure definition conflict
SQL-HCDN-00945,SQL Server instance,Quality and Stars,SQL Server 2012,on-prem data center,manual spreadsheet upload,active,source-backed candidate
SQL-HCDN-00946,SQL database,Revenue Cycle,SQL Server 2014,departmental server,Oracle feed,stale,lineage incomplete
SQL-HCDN-00947,departmental mart,Population Health,SQL Server 2016,private cloud,flat-file/SFTP,duplicate,source-backed candidate
SQL-HCDN-00948,SSIS package group,Claims Operations,SQL Server 2019,on-prem data center,Epic Clarity,retire candidate,source-backed candidate
SQL-HCDN-00949,SSAS cube/model,Clinical Analytics,SQL Server 2022,departmental server,legacy EDW,owner conflict,source-backed candidate
SQL-HCDN-00950,SSRS report server,Departmental Reporting,SQL Server 2012,private cloud,claims warehouse,active,source-backed candidate
SQL-HCDN-00951,SQL Agent schedule group,Actuarial,SQL Server 2014,on-prem data center,manual spreadsheet upload,stale,source-backed candidate
SQL-HCDN-00952,SQL Server instance,Finance,SQL Server 2016,departmental server,Oracle feed,duplicate,measure definition conflict
SQL-HCDN-00953,SQL database,Quality and Stars,SQL Server 2019,private cloud,flat-file/SFTP,retire candidate,source-backed candidate
SQL-HCDN-00954,departmental mart,Revenue Cycle,SQL Server 2022,on-prem data center,Epic Clarity,owner conflict,source-backed candidate
SQL-HCDN-00955,SSIS package group,Population Health,SQL Server 2012,departmental server,legacy EDW,active,source-backed candidate
SQL-HCDN-00956,SSAS cube/model,Claims Operations,SQL Server 2014,private cloud,claims warehouse,stale,source-backed candidate
SQL-HCDN-00957,SSRS report server,Clinical Analytics,SQL Server 2016,on-prem data center,manual spreadsheet upload,duplicate,lineage incomplete
SQL-HCDN-00958,SQL Agent schedule group,Departmental Reporting,SQL Server 2019,departmental server,Oracle feed,retire candidate,source-backed candidate
SQL-HCDN-00959,SQL Server instance,Actuarial,SQL Server 2022,private cloud,flat-file/SFTP,owner conflict,source-backed candidate
SQL-HCDN-00960,SQL database,Finance,SQL Server 2012,on-prem data center,Epic Clarity,active,measure definition conflict
SQL-HCDN-00961,departmental mart,Quality and Stars,SQL Server 2014,departmental server,legacy EDW,stale,source-backed candidate
SQL-HCDN-00962,SSIS package group,Revenue Cycle,SQL Server 2016,private cloud,claims warehouse,duplicate,source-backed candidate
SQL-HCDN-00963,SSAS cube/model,Population Health,SQL Server 2019,on-prem data center,manual spreadsheet upload,retire candidate,source-backed candidate
SQL-HCDN-00964,SSRS report server,Claims Operations,SQL Server 2022,departmental server,Oracle feed,owner conflict,source-backed candidate
SQL-HCDN-00965,SQL Agent schedule group,Clinical Analytics,SQL Server 2012,private cloud,flat-file/SFTP,active,source-backed candidate
SQL-HCDN-00966,SQL Server instance,Departmental Reporting,SQL Server 2014,on-prem data center,Epic Clarity,stale,source-backed candidate
SQL-HCDN-00967,SQL database,Actuarial,SQL Server 2016,departmental server,legacy EDW,duplicate,source-backed candidate
SQL-HCDN-00968,departmental mart,Finance,SQL Server 2019,private cloud,claims warehouse,retire candidate,measure definition conflict
SQL-HCDN-00969,SSIS package group,Quality and Stars,SQL Server 2022,on-prem data center,manual spreadsheet upload,owner conflict,source-backed candidate
SQL-HCDN-00970,SSAS cube/model,Revenue Cycle,SQL Server 2012,departmental server,Oracle feed,active,source-backed candidate
SQL-HCDN-00971,SSRS report server,Population Health,SQL Server 2014,private cloud,flat-file/SFTP,stale,source-backed candidate
SQL-HCDN-00972,SQL Agent schedule group,Claims Operations,SQL Server 2016,on-prem data center,Epic Clarity,duplicate,source-backed candidate
SQL-HCDN-00973,SQL Server instance,Clinical Analytics,SQL Server 2019,departmental server,legacy EDW,retire candidate,source-backed candidate
SQL-HCDN-00974,SQL database,Departmental Reporting,SQL Server 2022,private cloud,claims warehouse,owner conflict,source-backed candidate
SQL-HCDN-00975,departmental mart,Actuarial,SQL Server 2012,on-prem data center,manual spreadsheet upload,active,source-backed candidate
SQL-HCDN-00976,SSIS package group,Finance,SQL Server 2014,departmental server,Oracle feed,stale,measure definition conflict
SQL-HCDN-00977,SSAS cube/model,Quality and Stars,SQL Server 2016,private cloud,flat-file/SFTP,duplicate,source-backed candidate
SQL-HCDN-00978,SSRS report server,Revenue Cycle,SQL Server 2019,on-prem data center,Epic Clarity,retire candidate,source-backed candidate
SQL-HCDN-00979,SQL Agent schedule group,Population Health,SQL Server 2022,departmental server,legacy EDW,owner conflict,lineage incomplete
SQL-HCDN-00980,SQL Server instance,Claims Operations,SQL Server 2012,private cloud,claims warehouse,active,source-backed candidate
SQL-HCDN-00981,SQL database,Clinical Analytics,SQL Server 2014,on-prem data center,manual spreadsheet upload,stale,source-backed candidate
SQL-HCDN-00982,departmental mart,Departmental Reporting,SQL Server 2016,departmental server,Oracle feed,duplicate,source-backed candidate
SQL-HCDN-00983,SSIS package group,Actuarial,SQL Server 2019,private cloud,flat-file/SFTP,retire candidate,source-backed candidate
SQL-HCDN-00984,SSAS cube/model,Finance,SQL Server 2022,on-prem data center,Epic Clarity,owner conflict,measure definition conflict
SQL-HCDN-00985,SSRS report server,Quality and Stars,SQL Server 2012,departmental server,legacy EDW,active,source-backed candidate
SQL-HCDN-00986,SQL Agent schedule group,Revenue Cycle,SQL Server 2014,private cloud,claims warehouse,stale,source-backed candidate
SQL-HCDN-00987,SQL Server instance,Population Health,SQL Server 2016,on-prem data center,manual spreadsheet upload,duplicate,source-backed candidate
SQL-HCDN-00988,SQL database,Claims Operations,SQL Server 2019,departmental server,Oracle feed,retire candidate,source-backed candidate
SQL-HCDN-00989,departmental mart,Clinical Analytics,SQL Server 2022,private cloud,flat-file/SFTP,owner conflict,source-backed candidate
SQL-HCDN-00990,SSIS package group,Departmental Reporting,SQL Server 2012,on-prem data center,Epic Clarity,active,lineage incomplete
SQL-HCDN-00991,SSAS cube/model,Actuarial,SQL Server 2014,departmental server,legacy EDW,stale,source-backed candidate
SQL-HCDN-00992,SSRS report server,Finance,SQL Server 2016,private cloud,claims warehouse,duplicate,measure definition conflict
SQL-HCDN-00993,SQL Agent schedule group,Quality and Stars,SQL Server 2019,on-prem data center,manual spreadsheet upload,retire candidate,source-backed candidate
SQL-HCDN-00994,SQL Server instance,Revenue Cycle,SQL Server 2022,departmental server,Oracle feed,owner conflict,source-backed candidate
SQL-HCDN-00995,SQL database,Population Health,SQL Server 2012,private cloud,flat-file/SFTP,active,source-backed candidate
SQL-HCDN-00996,departmental mart,Claims Operations,SQL Server 2014,on-prem data center,Epic Clarity,stale,source-backed candidate
SQL-HCDN-00997,SSIS package group,Clinical Analytics,SQL Server 2016,departmental server,legacy EDW,duplicate,source-backed candidate
SQL-HCDN-00998,SSAS cube/model,Departmental Reporting,SQL Server 2019,private cloud,claims warehouse,retire candidate,source-backed candidate
SQL-HCDN-00999,SSRS report server,Actuarial,SQL Server 2022,on-prem data center,manual spreadsheet upload,owner conflict,source-backed candidate
SQL-HCDN-01000,SQL Agent schedule group,Finance,SQL Server 2012,departmental server,Oracle feed,active,measure definition conflict
SQL-HCDN-01001,SQL Server instance,Quality and Stars,SQL Server 2014,private cloud,flat-file/SFTP,stale,lineage incomplete
SQL-HCDN-01002,SQL database,Revenue Cycle,SQL Server 2016,on-prem data center,Epic Clarity,duplicate,source-backed candidate
SQL-HCDN-01003,departmental mart,Population Health,SQL Server 2019,departmental server,legacy EDW,retire candidate,source-backed candidate
SQL-HCDN-01004,SSIS package group,Claims Operations,SQL Server 2022,private cloud,claims warehouse,owner conflict,source-backed candidate
SQL-HCDN-01005,SSAS cube/model,Clinical Analytics,SQL Server 2012,on-prem data center,manual spreadsheet upload,active,source-backed candidate
SQL-HCDN-01006,SSRS report server,Departmental Reporting,SQL Server 2014,departmental server,Oracle feed,stale,source-backed candidate
SQL-HCDN-01007,SQL Agent schedule group,Actuarial,SQL Server 2016,private cloud,flat-file/SFTP,duplicate,source-backed candidate
SQL-HCDN-01008,SQL Server instance,Finance,SQL Server 2019,on-prem data center,Epic Clarity,retire candidate,measure definition conflict
SQL-HCDN-01009,SQL database,Quality and Stars,SQL Server 2022,departmental server,legacy EDW,owner conflict,source-backed candidate
SQL-HCDN-01010,departmental mart,Revenue Cycle,SQL Server 2012,private cloud,claims warehouse,active,source-backed candidate
SQL-HCDN-01011,SSIS package group,Population Health,SQL Server 2014,on-prem data center,manual spreadsheet upload,stale,source-backed candidate
SQL-HCDN-01012,SSAS cube/model,Claims Operations,SQL Server 2016,departmental server,Oracle feed,duplicate,lineage incomplete
SQL-HCDN-01013,SSRS report server,Clinical Analytics,SQL Server 2019,private cloud,flat-file/SFTP,retire candidate,source-backed candidate
SQL-HCDN-01014,SQL Agent schedule group,Departmental Reporting,SQL Server 2022,on-prem data center,Epic Clarity,owner conflict,source-backed candidate
SQL-HCDN-01015,SQL Server instance,Actuarial,SQL Server 2012,departmental server,legacy EDW,active,source-backed candidate
SQL-HCDN-01016,SQL database,Finance,SQL Server 2014,private cloud,claims warehouse,stale,measure definition conflict
SQL-HCDN-01017,departmental mart,Quality and Stars,SQL Server 2016,on-prem data center,manual spreadsheet upload,duplicate,source-backed candidate
SQL-HCDN-01018,SSIS package group,Revenue Cycle,SQL Server 2019,departmental server,Oracle feed,retire candidate,source-backed candidate
SQL-HCDN-01019,SSAS cube/model,Population Health,SQL Server 2022,private cloud,flat-file/SFTP,owner conflict,source-backed candidate
SQL-HCDN-01020,SSRS report server,Claims Operations,SQL Server 2012,on-prem data center,Epic Clarity,active,source-backed candidate
SQL-HCDN-01021,SQL Agent schedule group,Clinical Analytics,SQL Server 2014,departmental server,legacy EDW,stale,source-backed candidate
SQL-HCDN-01022,SQL Server instance,Departmental Reporting,SQL Server 2016,private cloud,claims warehouse,duplicate,source-backed candidate
SQL-HCDN-01023,SQL database,Actuarial,SQL Server 2019,on-prem data center,manual spreadsheet upload,retire candidate,lineage incomplete
SQL-HCDN-01024,departmental mart,Finance,SQL Server 2022,departmental server,Oracle feed,owner conflict,measure definition conflict
SQL-HCDN-01025,SSIS package group,Quality and Stars,SQL Server 2012,private cloud,flat-file/SFTP,active,source-backed candidate
SQL-HCDN-01026,SSAS cube/model,Revenue Cycle,SQL Server 2014,on-prem data center,Epic Clarity,stale,source-backed candidate
SQL-HCDN-01027,SSRS report server,Population Health,SQL Server 2016,departmental server,legacy EDW,duplicate,source-backed candidate
SQL-HCDN-01028,SQL Agent schedule group,Claims Operations,SQL Server 2019,private cloud,claims warehouse,retire candidate,source-backed candidate
SQL-HCDN-01029,SQL Server instance,Clinical Analytics,SQL Server 2022,on-prem data center,manual spreadsheet upload,owner conflict,source-backed candidate
SQL-HCDN-01030,SQL database,Departmental Reporting,SQL Server 2012,departmental server,Oracle feed,active,source-backed candidate
SQL-HCDN-01031,departmental mart,Actuarial,SQL Server 2014,private cloud,flat-file/SFTP,stale,source-backed candidate
SQL-HCDN-01032,SSIS package group,Finance,SQL Server 2016,on-prem data center,Epic Clarity,duplicate,measure definition conflict
SQL-HCDN-01033,SSAS cube/model,Quality and Stars,SQL Server 2019,departmental server,legacy EDW,retire candidate,source-backed candidate
SQL-HCDN-01034,SSRS report server,Revenue Cycle,SQL Server 2022,private cloud,claims warehouse,owner conflict,lineage incomplete
SQL-HCDN-01035,SQL Agent schedule group,Population Health,SQL Server 2012,on-prem data center,manual spreadsheet upload,active,source-backed candidate
SQL-HCDN-01036,SQL Server instance,Claims Operations,SQL Server 2014,departmental server,Oracle feed,stale,source-backed candidate
SQL-HCDN-01037,SQL database,Clinical Analytics,SQL Server 2016,private cloud,flat-file/SFTP,duplicate,source-backed candidate
SQL-HCDN-01038,departmental mart,Departmental Reporting,SQL Server 2019,on-prem data center,Epic Clarity,retire candidate,source-backed candidate
SQL-HCDN-01039,SSIS package group,Actuarial,SQL Server 2022,departmental server,legacy EDW,owner conflict,source-backed candidate
SQL-HCDN-01040,SSAS cube/model,Finance,SQL Server 2012,private cloud,claims warehouse,active,measure definition conflict
SQL-HCDN-01041,SSRS report server,Quality and Stars,SQL Server 2014,on-prem data center,manual spreadsheet upload,stale,source-backed candidate
SQL-HCDN-01042,SQL Agent schedule group,Revenue Cycle,SQL Server 2016,departmental server,Oracle feed,duplicate,source-backed candidate
SQL-HCDN-01043,SQL Server instance,Population Health,SQL Server 2019,private cloud,flat-file/SFTP,retire candidate,source-backed candidate
SQL-HCDN-01044,SQL database,Claims Operations,SQL Server 2022,on-prem data center,Epic Clarity,owner conflict,source-backed candidate
SQL-HCDN-01045,departmental mart,Clinical Analytics,SQL Server 2012,departmental server,legacy EDW,active,lineage incomplete
SQL-HCDN-01046,SSIS package group,Departmental Reporting,SQL Server 2014,private cloud,claims warehouse,stale,source-backed candidate
SQL-HCDN-01047,SSAS cube/model,Actuarial,SQL Server 2016,on-prem data center,manual spreadsheet upload,duplicate,source-backed candidate
SQL-HCDN-01048,SSRS report server,Finance,SQL Server 2019,departmental server,Oracle feed,retire candidate,measure definition conflict
SQL-HCDN-01049,SQL Agent schedule group,Quality and Stars,SQL Server 2022,private cloud,flat-file/SFTP,owner conflict,source-backed candidate
SQL-HCDN-01050,SQL Server instance,Revenue Cycle,SQL Server 2012,on-prem data center,Epic Clarity,active,source-backed candidate
SQL-HCDN-01051,SQL database,Population Health,SQL Server 2014,departmental server,legacy EDW,stale,source-backed candidate
SQL-HCDN-01052,departmental mart,Claims Operations,SQL Server 2016,private cloud,claims warehouse,duplicate,source-backed candidate
SQL-HCDN-01053,SSIS package group,Clinical Analytics,SQL Server 2019,on-prem data center,manual spreadsheet upload,retire candidate,source-backed candidate
SQL-HCDN-01054,SSAS cube/model,Departmental Reporting,SQL Server 2022,departmental server,Oracle feed,owner conflict,source-backed candidate
SQL-HCDN-01055,SSRS report server,Actuarial,SQL Server 2012,private cloud,flat-file/SFTP,active,source-backed candidate
SQL-HCDN-01056,SQL Agent schedule group,Finance,SQL Server 2014,on-prem data center,Epic Clarity,stale,measure definition conflict
SQL-HCDN-01057,SQL Server instance,Quality and Stars,SQL Server 2016,departmental server,legacy EDW,duplicate,source-backed candidate
SQL-HCDN-01058,SQL database,Revenue Cycle,SQL Server 2019,private cloud,claims warehouse,retire candidate,source-backed candidate
SQL-HCDN-01059,departmental mart,Population Health,SQL Server 2022,on-prem data center,manual spreadsheet upload,owner conflict,source-backed candidate
SQL-HCDN-01060,SSIS package group,Claims Operations,SQL Server 2012,departmental server,Oracle feed,active,source-backed candidate
SQL-HCDN-01061,SSAS cube/model,Clinical Analytics,SQL Server 2014,private cloud,flat-file/SFTP,stale,source-backed candidate
SQL-HCDN-01062,SSRS report server,Departmental Reporting,SQL Server 2016,on-prem data center,Epic Clarity,duplicate,source-backed candidate
SQL-HCDN-01063,SQL Agent schedule group,Actuarial,SQL Server 2019,departmental server,legacy EDW,retire candidate,source-backed candidate
SQL-HCDN-01064,SQL Server instance,Finance,SQL Server 2022,private cloud,claims warehouse,owner conflict,measure definition conflict
SQL-HCDN-01065,SQL database,Quality and Stars,SQL Server 2012,on-prem data center,manual spreadsheet upload,active,source-backed candidate
SQL-HCDN-01066,departmental mart,Revenue Cycle,SQL Server 2014,departmental server,Oracle feed,stale,source-backed candidate
SQL-HCDN-01067,SSIS package group,Population Health,SQL Server 2016,private cloud,flat-file/SFTP,duplicate,lineage incomplete
SQL-HCDN-01068,SSAS cube/model,Claims Operations,SQL Server 2019,on-prem data center,Epic Clarity,retire candidate,source-backed candidate
SQL-HCDN-01069,SSRS report server,Clinical Analytics,SQL Server 2022,departmental server,legacy EDW,owner conflict,source-backed candidate
SQL-HCDN-01070,SQL Agent schedule group,Departmental Reporting,SQL Server 2012,private cloud,claims warehouse,active,source-backed candidate
SQL-HCDN-01071,SQL Server instance,Actuarial,SQL Server 2014,on-prem data center,manual spreadsheet upload,stale,source-backed candidate
SQL-HCDN-01072,SQL database,Finance,SQL Server 2016,departmental server,Oracle feed,duplicate,measure definition conflict
SQL-HCDN-01073,departmental mart,Quality and Stars,SQL Server 2019,private cloud,flat-file/SFTP,retire candidate,source-backed candidate
SQL-HCDN-01074,SSIS package group,Revenue Cycle,SQL Server 2022,on-prem data center,Epic Clarity,owner conflict,source-backed candidate
SQL-HCDN-01075,SSAS cube/model,Population Health,SQL Server 2012,departmental server,legacy EDW,active,source-backed candidate
SQL-HCDN-01076,SSRS report server,Claims Operations,SQL Server 2014,private cloud,claims warehouse,stale,source-backed candidate
SQL-HCDN-01077,SQL Agent schedule group,Clinical Analytics,SQL Server 2016,on-prem data center,manual spreadsheet upload,duplicate,source-backed candidate
SQL-HCDN-01078,SQL Server instance,Departmental Reporting,SQL Server 2019,departmental server,Oracle feed,retire candidate,lineage incomplete
SQL-HCDN-01079,SQL database,Actuarial,SQL Server 2022,private cloud,flat-file/SFTP,owner conflict,source-backed candidate
SQL-HCDN-01080,departmental mart,Finance,SQL Server 2012,on-prem data center,Epic Clarity,active,measure definition conflict
SQL-HCDN-01081,SSIS package group,Quality and Stars,SQL Server 2014,departmental server,legacy EDW,stale,source-backed candidate
SQL-HCDN-01082,SSAS cube/model,Revenue Cycle,SQL Server 2016,private cloud,claims warehouse,duplicate,source-backed candidate
SQL-HCDN-01083,SSRS report server,Population Health,SQL Server 2019,on-prem data center,manual spreadsheet upload,retire candidate,source-backed candidate
SQL-HCDN-01084,SQL Agent schedule group,Claims Operations,SQL Server 2022,departmental server,Oracle feed,owner conflict,source-backed candidate
SQL-HCDN-01085,SQL Server instance,Clinical Analytics,SQL Server 2012,private cloud,flat-file/SFTP,active,source-backed candidate
SQL-HCDN-01086,SQL database,Departmental Reporting,SQL Server 2014,on-prem data center,Epic Clarity,stale,source-backed candidate
SQL-HCDN-01087,departmental mart,Actuarial,SQL Server 2016,departmental server,legacy EDW,duplicate,source-backed candidate
SQL-HCDN-01088,SSIS package group,Finance,SQL Server 2019,private cloud,claims warehouse,retire candidate,measure definition conflict
SQL-HCDN-01089,SSAS cube/model,Quality and Stars,SQL Server 2022,on-prem data center,manual spreadsheet upload,owner conflict,lineage incomplete
SQL-HCDN-01090,SSRS report server,Revenue Cycle,SQL Server 2012,departmental server,Oracle feed,active,source-backed candidate
SQL-HCDN-01091,SQL Agent schedule group,Population Health,SQL Server 2014,private cloud,flat-file/SFTP,stale,source-backed candidate
SQL-HCDN-01092,SQL Server instance,Claims Operations,SQL Server 2016,on-prem data center,Epic Clarity,duplicate,source-backed candidate
SQL-HCDN-01093,SQL database,Clinical Analytics,SQL Server 2019,departmental server,legacy EDW,retire candidate,source-backed candidate
SQL-HCDN-01094,departmental mart,Departmental Reporting,SQL Server 2022,private cloud,claims warehouse,owner conflict,source-backed candidate
SQL-HCDN-01095,SSIS package group,Actuarial,SQL Server 2012,on-prem data center,manual spreadsheet upload,active,source-backed candidate
SQL-HCDN-01096,SSAS cube/model,Finance,SQL Server 2014,departmental server,Oracle feed,stale,measure definition conflict
SQL-HCDN-01097,SSRS report server,Quality and Stars,SQL Server 2016,private cloud,flat-file/SFTP,duplicate,source-backed candidate
SQL-HCDN-01098,SQL Agent schedule group,Revenue Cycle,SQL Server 2019,on-prem data center,Epic Clarity,retire candidate,source-backed candidate
SQL-HCDN-01099,SQL Server instance,Population Health,SQL Server 2022,departmental server,legacy EDW,owner conflict,source-backed candidate
SQL-HCDN-01100,SQL database,Claims Operations,SQL Server 2012,private cloud,claims warehouse,active,lineage incomplete
SQL-HCDN-01101,departmental mart,Clinical Analytics,SQL Server 2014,on-prem data center,manual spreadsheet upload,stale,source-backed candidate
SQL-HCDN-01102,SSIS package group,Departmental Reporting,SQL Server 2016,departmental server,Oracle feed,duplicate,source-backed candidate
SQL-HCDN-01103,SSAS cube/model,Actuarial,SQL Server 2019,private cloud,flat-file/SFTP,retire candidate,source-backed candidate
SQL-HCDN-01104,SSRS report server,Finance,SQL Server 2022,on-prem data center,Epic Clarity,owner conflict,measure definition conflict
SQL-HCDN-01105,SQL Agent schedule group,Quality and Stars,SQL Server 2012,departmental server,legacy EDW,active,source-backed candidate
SQL-HCDN-01106,SQL Server instance,Revenue Cycle,SQL Server 2014,private cloud,claims warehouse,stale,source-backed candidate
SQL-HCDN-01107,SQL database,Population Health,SQL Server 2016,on-prem data center,manual spreadsheet upload,duplicate,source-backed candidate
SQL-HCDN-01108,departmental mart,Claims Operations,SQL Server 2019,departmental server,Oracle feed,retire candidate,source-backed candidate
SQL-HCDN-01109,SSIS package group,Clinical Analytics,SQL Server 2022,private cloud,flat-file/SFTP,owner conflict,source-backed candidate
SQL-HCDN-01110,SSAS cube/model,Departmental Reporting,SQL Server 2012,on-prem data center,Epic Clarity,active,source-backed candidate
SQL-HCDN-01111,SSRS report server,Actuarial,SQL Server 2014,departmental server,legacy EDW,stale,lineage incomplete
SQL-HCDN-01112,SQL Agent schedule group,Finance,SQL Server 2016,private cloud,claims warehouse,duplicate,measure definition conflict
SQL-HCDN-01113,SQL Server instance,Quality and Stars,SQL Server 2019,on-prem data center,manual spreadsheet upload,retire candidate,source-backed candidate
SQL-HCDN-01114,SQL database,Revenue Cycle,SQL Server 2022,departmental server,Oracle feed,owner conflict,source-backed candidate
SQL-HCDN-01115,departmental mart,Population Health,SQL Server 2012,private cloud,flat-file/SFTP,active,source-backed candidate
SQL-HCDN-01116,SSIS package group,Claims Operations,SQL Server 2014,on-prem data center,Epic Clarity,stale,source-backed candidate
SQL-HCDN-01117,SSAS cube/model,Clinical Analytics,SQL Server 2016,departmental server,legacy EDW,duplicate,source-backed candidate
SQL-HCDN-01118,SSRS report server,Departmental Reporting,SQL Server 2019,private cloud,claims warehouse,retire candidate,source-backed candidate
SQL-HCDN-01119,SQL Agent schedule group,Actuarial,SQL Server 2022,on-prem data center,manual spreadsheet upload,owner conflict,source-backed candidate
SQL-HCDN-01120,SQL Server instance,Finance,SQL Server 2012,departmental server,Oracle feed,active,measure definition conflict
SQL-HCDN-01121,SQL database,Quality and Stars,SQL Server 2014,private cloud,flat-file/SFTP,stale,source-backed candidate
SQL-HCDN-01122,departmental mart,Revenue Cycle,SQL Server 2016,on-prem data center,Epic Clarity,duplicate,lineage incomplete
SQL-HCDN-01123,SSIS package group,Population Health,SQL Server 2019,departmental server,legacy EDW,retire candidate,source-backed candidate
SQL-HCDN-01124,SSAS cube/model,Claims Operations,SQL Server 2022,private cloud,claims warehouse,owner conflict,source-backed candidate
SQL-HCDN-01125,SSRS report server,Clinical Analytics,SQL Server 2012,on-prem data center,manual spreadsheet upload,active,source-backed candidate
SQL-HCDN-01126,SQL Agent schedule group,Departmental Reporting,SQL Server 2014,departmental server,Oracle feed,stale,source-backed candidate
SQL-HCDN-01127,SQL Server instance,Actuarial,SQL Server 2016,private cloud,flat-file/SFTP,duplicate,source-backed candidate
SQL-HCDN-01128,SQL database,Finance,SQL Server 2019,on-prem data center,Epic Clarity,retire candidate,measure definition conflict
SQL-HCDN-01129,departmental mart,Quality and Stars,SQL Server 2022,departmental server,legacy EDW,owner conflict,source-backed candidate
SQL-HCDN-01130,SSIS package group,Revenue Cycle,SQL Server 2012,private cloud,claims warehouse,active,source-backed candidate
SQL-HCDN-01131,SSAS cube/model,Population Health,SQL Server 2014,on-prem data center,manual spreadsheet upload,stale,source-backed candidate
SQL-HCDN-01132,SSRS report server,Claims Operations,SQL Server 2016,departmental server,Oracle feed,duplicate,source-backed candidate
SQL-HCDN-01133,SQL Agent schedule group,Clinical Analytics,SQL Server 2019,private cloud,flat-file/SFTP,retire candidate,lineage incomplete
SQL-HCDN-01134,SQL Server instance,Departmental Reporting,SQL Server 2022,on-prem data center,Epic Clarity,owner conflict,source-backed candidate
SQL-HCDN-01135,SQL database,Actuarial,SQL Server 2012,departmental server,legacy EDW,active,source-backed candidate
SQL-HCDN-01136,departmental mart,Finance,SQL Server 2014,private cloud,claims warehouse,stale,measure definition conflict
SQL-HCDN-01137,SSIS package group,Quality and Stars,SQL Server 2016,on-prem data center,manual spreadsheet upload,duplicate,source-backed candidate
SQL-HCDN-01138,SSAS cube/model,Revenue Cycle,SQL Server 2019,departmental server,Oracle feed,retire candidate,source-backed candidate
SQL-HCDN-01139,SSRS report server,Population Health,SQL Server 2022,private cloud,flat-file/SFTP,owner conflict,source-backed candidate
SQL-HCDN-01140,SQL Agent schedule group,Claims Operations,SQL Server 2012,on-prem data center,Epic Clarity,active,source-backed candidate
SQL-HCDN-01141,SQL Server instance,Clinical Analytics,SQL Server 2014,departmental server,legacy EDW,stale,source-backed candidate
SQL-HCDN-01142,SQL database,Departmental Reporting,SQL Server 2016,private cloud,claims warehouse,duplicate,source-backed candidate
SQL-HCDN-01143,departmental mart,Actuarial,SQL Server 2019,on-prem data center,manual spreadsheet upload,retire candidate,source-backed candidate
SQL-HCDN-01144,SSIS package group,Finance,SQL Server 2022,departmental server,Oracle feed,owner conflict,measure definition conflict
SQL-HCDN-01145,SSAS cube/model,Quality and Stars,SQL Server 2012,private cloud,flat-file/SFTP,active,source-backed candidate
SQL-HCDN-01146,SSRS report server,Revenue Cycle,SQL Server 2014,on-prem data center,Epic Clarity,stale,source-backed candidate
SQL-HCDN-01147,SQL Agent schedule group,Population Health,SQL Server 2016,departmental server,legacy EDW,duplicate,source-backed candidate
SQL-HCDN-01148,SQL Server instance,Claims Operations,SQL Server 2019,private cloud,claims warehouse,retire candidate,source-backed candidate
SQL-HCDN-01149,SQL database,Clinical Analytics,SQL Server 2022,on-prem data center,manual spreadsheet upload,owner conflict,source-backed candidate
SQL-HCDN-01150,departmental mart,Departmental Reporting,SQL Server 2012,departmental server,Oracle feed,active,source-backed candidate
SQL-HCDN-01151,SSIS package group,Actuarial,SQL Server 2014,private cloud,flat-file/SFTP,stale,source-backed candidate
SQL-HCDN-01152,SSAS cube/model,Finance,SQL Server 2016,on-prem data center,Epic Clarity,duplicate,measure definition conflict
SQL-HCDN-01153,SSRS report server,Quality and Stars,SQL Server 2019,departmental server,legacy EDW,retire candidate,source-backed candidate
SQL-HCDN-01154,SQL Agent schedule group,Revenue Cycle,SQL Server 2022,private cloud,claims warehouse,owner conflict,source-backed candidate
SQL-HCDN-01155,SQL Server instance,Population Health,SQL Server 2012,on-prem data center,manual spreadsheet upload,active,lineage incomplete
SQL-HCDN-01156,SQL database,Claims Operations,SQL Server 2014,departmental server,Oracle feed,stale,source-backed candidate
SQL-HCDN-01157,departmental mart,Clinical Analytics,SQL Server 2016,private cloud,flat-file/SFTP,duplicate,source-backed candidate
SQL-HCDN-01158,SSIS package group,Departmental Reporting,SQL Server 2019,on-prem data center,Epic Clarity,retire candidate,source-backed candidate
SQL-HCDN-01159,SSAS cube/model,Actuarial,SQL Server 2022,departmental server,legacy EDW,owner conflict,source-backed candidate
SQL-HCDN-01160,SSRS report server,Finance,SQL Server 2012,private cloud,claims warehouse,active,measure definition conflict
SQL-HCDN-01161,SQL Agent schedule group,Quality and Stars,SQL Server 2014,on-prem data center,manual spreadsheet upload,stale,source-backed candidate
SQL-HCDN-01162,SQL Server instance,Revenue Cycle,SQL Server 2016,departmental server,Oracle feed,duplicate,source-backed candidate
SQL-HCDN-01163,SQL database,Population Health,SQL Server 2019,private cloud,flat-file/SFTP,retire candidate,source-backed candidate
SQL-HCDN-01164,departmental mart,Claims Operations,SQL Server 2022,on-prem data center,Epic Clarity,owner conflict,source-backed candidate
SQL-HCDN-01165,SSIS package group,Clinical Analytics,SQL Server 2012,departmental server,legacy EDW,active,source-backed candidate
SQL-HCDN-01166,SSAS cube/model,Departmental Reporting,SQL Server 2014,private cloud,claims warehouse,stale,lineage incomplete
SQL-HCDN-01167,SSRS report server,Actuarial,SQL Server 2016,on-prem data center,manual spreadsheet upload,duplicate,source-backed candidate
SQL-HCDN-01168,SQL Agent schedule group,Finance,SQL Server 2019,departmental server,Oracle feed,retire candidate,measure definition conflict
SQL-HCDN-01169,SQL Server instance,Quality and Stars,SQL Server 2022,private cloud,flat-file/SFTP,owner conflict,source-backed candidate
SQL-HCDN-01170,SQL database,Revenue Cycle,SQL Server 2012,on-prem data center,Epic Clarity,active,source-backed candidate
SQL-HCDN-01171,departmental mart,Population Health,SQL Server 2014,departmental server,legacy EDW,stale,source-backed candidate
SQL-HCDN-01172,SSIS package group,Claims Operations,SQL Server 2016,private cloud,claims warehouse,duplicate,source-backed candidate
SQL-HCDN-01173,SSAS cube/model,Clinical Analytics,SQL Server 2019,on-prem data center,manual spreadsheet upload,retire candidate,source-backed candidate
SQL-HCDN-01174,SSRS report server,Departmental Reporting,SQL Server 2022,departmental server,Oracle feed,owner conflict,source-backed candidate
SQL-HCDN-01175,SQL Agent schedule group,Actuarial,SQL Server 2012,private cloud,flat-file/SFTP,active,source-backed candidate
SQL-HCDN-01176,SQL Server instance,Finance,SQL Server 2014,on-prem data center,Epic Clarity,stale,measure definition conflict
SQL-HCDN-01177,SQL database,Quality and Stars,SQL Server 2016,departmental server,legacy EDW,duplicate,lineage incomplete
SQL-HCDN-01178,departmental mart,Revenue Cycle,SQL Server 2019,private cloud,claims warehouse,retire candidate,source-backed candidate
SQL-HCDN-01179,SSIS package group,Population Health,SQL Server 2022,on-prem data center,manual spreadsheet upload,owner conflict,source-backed candidate
SQL-HCDN-01180,SSAS cube/model,Claims Operations,SQL Server 2012,departmental server,Oracle feed,active,source-backed candidate
SQL-HCDN-01181,SSRS report server,Clinical Analytics,SQL Server 2014,private cloud,flat-file/SFTP,stale,source-backed candidate
SQL-HCDN-01182,SQL Agent schedule group,Departmental Reporting,SQL Server 2016,on-prem data center,Epic Clarity,duplicate,source-backed candidate
SQL-HCDN-01183,SQL Server instance,Actuarial,SQL Server 2019,departmental server,legacy EDW,retire candidate,source-backed candidate
SQL-HCDN-01184,SQL database,Finance,SQL Server 2022,private cloud,claims warehouse,owner conflict,measure definition conflict
SQL-HCDN-01185,departmental mart,Quality and Stars,SQL Server 2012,on-prem data center,manual spreadsheet upload,active,source-backed candidate
SQL-HCDN-01186,SSIS package group,Revenue Cycle,SQL Server 2014,departmental server,Oracle feed,stale,source-backed candidate
SQL-HCDN-01187,SSAS cube/model,Population Health,SQL Server 2016,private cloud,flat-file/SFTP,duplicate,source-backed candidate
SQL-HCDN-01188,SSRS report server,Claims Operations,SQL Server 2019,on-prem data center,Epic Clarity,retire candidate,lineage incomplete
SQL-HCDN-01189,SQL Agent schedule group,Clinical Analytics,SQL Server 2022,departmental server,legacy EDW,owner conflict,source-backed candidate
SQL-HCDN-01190,SQL Server instance,Departmental Reporting,SQL Server 2012,private cloud,claims warehouse,active,source-backed candidate
SQL-HCDN-01191,SQL database,Actuarial,SQL Server 2014,on-prem data center,manual spreadsheet upload,stale,source-backed candidate
SQL-HCDN-01192,departmental mart,Finance,SQL Server 2016,departmental server,Oracle feed,duplicate,measure definition conflict
SQL-HCDN-01193,SSIS package group,Quality and Stars,SQL Server 2019,private cloud,flat-file/SFTP,retire candidate,source-backed candidate
SQL-HCDN-01194,SSAS cube/model,Revenue Cycle,SQL Server 2022,on-prem data center,Epic Clarity,owner conflict,source-backed candidate
SQL-HCDN-01195,SSRS report server,Population Health,SQL Server 2012,departmental server,legacy EDW,active,source-backed candidate
SQL-HCDN-01196,SQL Agent schedule group,Claims Operations,SQL Server 2014,private cloud,claims warehouse,stale,source-backed candidate
SQL-HCDN-01197,SQL Server instance,Clinical Analytics,SQL Server 2016,on-prem data center,manual spreadsheet upload,duplicate,source-backed candidate
SQL-HCDN-01198,SQL database,Departmental Reporting,SQL Server 2019,departmental server,Oracle feed,retire candidate,source-backed candidate
SQL-HCDN-01199,departmental mart,Actuarial,SQL Server 2022,private cloud,flat-file/SFTP,owner conflict,lineage incomplete
SQL-HCDN-01200,SSIS package group,Finance,SQL Server 2012,on-prem data center,Epic Clarity,active,measure definition conflict
SQL-HCDN-01201,SSAS cube/model,Quality and Stars,SQL Server 2014,departmental server,legacy EDW,stale,source-backed candidate
SQL-HCDN-01202,SSRS report server,Revenue Cycle,SQL Server 2016,private cloud,claims warehouse,duplicate,source-backed candidate
SQL-HCDN-01203,SQL Agent schedule group,Population Health,SQL Server 2019,on-prem data center,manual spreadsheet upload,retire candidate,source-backed candidate
SQL-HCDN-01204,SQL Server instance,Claims Operations,SQL Server 2022,departmental server,Oracle feed,owner conflict,source-backed candidate
SQL-HCDN-01205,SQL database,Clinical Analytics,SQL Server 2012,private cloud,flat-file/SFTP,active,source-backed candidate
SQL-HCDN-01206,departmental mart,Departmental Reporting,SQL Server 2014,on-prem data center,Epic Clarity,stale,source-backed candidate
SQL-HCDN-01207,SSIS package group,Actuarial,SQL Server 2016,departmental server,legacy EDW,duplicate,source-backed candidate
SQL-HCDN-01208,SSAS cube/model,Finance,SQL Server 2019,private cloud,claims warehouse,retire candidate,measure definition conflict
SQL-HCDN-01209,SSRS report server,Quality and Stars,SQL Server 2022,on-prem data center,manual spreadsheet upload,owner conflict,source-backed candidate
SQL-HCDN-01210,SQL Agent schedule group,Revenue Cycle,SQL Server 2012,departmental server,Oracle feed,active,lineage incomplete
SQL-HCDN-01211,SQL Server instance,Population Health,SQL Server 2014,private cloud,flat-file/SFTP,stale,source-backed candidate
SQL-HCDN-01212,SQL database,Claims Operations,SQL Server 2016,on-prem data center,Epic Clarity,duplicate,source-backed candidate
SQL-HCDN-01213,departmental mart,Clinical Analytics,SQL Server 2019,departmental server,legacy EDW,retire candidate,source-backed candidate
SQL-HCDN-01214,SSIS package group,Departmental Reporting,SQL Server 2022,private cloud,claims warehouse,owner conflict,source-backed candidate
SQL-HCDN-01215,SSAS cube/model,Actuarial,SQL Server 2012,on-prem data center,manual spreadsheet upload,active,source-backed candidate
SQL-HCDN-01216,SSRS report server,Finance,SQL Server 2014,departmental server,Oracle feed,stale,measure definition conflict
SQL-HCDN-01217,SQL Agent schedule group,Quality and Stars,SQL Server 2016,private cloud,flat-file/SFTP,duplicate,source-backed candidate
SQL-HCDN-01218,SQL Server instance,Revenue Cycle,SQL Server 2019,on-prem data center,Epic Clarity,retire candidate,source-backed candidate
SQL-HCDN-01219,SQL database,Population Health,SQL Server 2022,departmental server,legacy EDW,owner conflict,source-backed candidate
SQL-HCDN-01220,departmental mart,Claims Operations,SQL Server 2012,private cloud,claims warehouse,active,source-backed candidate
SQL-HCDN-01221,SSIS package group,Clinical Analytics,SQL Server 2014,on-prem data center,manual spreadsheet upload,stale,lineage incomplete
SQL-HCDN-01222,SSAS cube/model,Departmental Reporting,SQL Server 2016,departmental server,Oracle feed,duplicate,source-backed candidate
SQL-HCDN-01223,SSRS report server,Actuarial,SQL Server 2019,private cloud,flat-file/SFTP,retire candidate,source-backed candidate
SQL-HCDN-01224,SQL Agent schedule group,Finance,SQL Server 2022,on-prem data center,Epic Clarity,owner conflict,measure definition conflict
SQL-HCDN-01225,SQL Server instance,Quality and Stars,SQL Server 2012,departmental server,legacy EDW,active,source-backed candidate
SQL-HCDN-01226,SQL database,Revenue Cycle,SQL Server 2014,private cloud,claims warehouse,stale,source-backed candidate
SQL-HCDN-01227,departmental mart,Population Health,SQL Server 2016,on-prem data center,manual spreadsheet upload,duplicate,source-backed candidate
SQL-HCDN-01228,SSIS package group,Claims Operations,SQL Server 2019,departmental server,Oracle feed,retire candidate,source-backed candidate
SQL-HCDN-01229,SSAS cube/model,Clinical Analytics,SQL Server 2022,private cloud,flat-file/SFTP,owner conflict,source-backed candidate
SQL-HCDN-01230,SSRS report server,Departmental Reporting,SQL Server 2012,on-prem data center,Epic Clarity,active,source-backed candidate
SQL-HCDN-01231,SQL Agent schedule group,Actuarial,SQL Server 2014,departmental server,legacy EDW,stale,source-backed candidate
SQL-HCDN-01232,SQL Server instance,Finance,SQL Server 2016,private cloud,claims warehouse,duplicate,measure definition conflict
SQL-HCDN-01233,SQL database,Quality and Stars,SQL Server 2019,on-prem data center,manual spreadsheet upload,retire candidate,source-backed candidate
SQL-HCDN-01234,departmental mart,Revenue Cycle,SQL Server 2022,departmental server,Oracle feed,owner conflict,source-backed candidate
SQL-HCDN-01235,SSIS package group,Population Health,SQL Server 2012,private cloud,flat-file/SFTP,active,source-backed candidate
SQL-HCDN-01236,SSAS cube/model,Claims Operations,SQL Server 2014,on-prem data center,Epic Clarity,stale,source-backed candidate
SQL-HCDN-01237,SSRS report server,Clinical Analytics,SQL Server 2016,departmental server,legacy EDW,duplicate,source-backed candidate
SQL-HCDN-01238,SQL Agent schedule group,Departmental Reporting,SQL Server 2019,private cloud,claims warehouse,retire candidate,source-backed candidate
SQL-HCDN-01239,SQL Server instance,Actuarial,SQL Server 2022,on-prem data center,manual spreadsheet upload,owner conflict,source-backed candidate
SQL-HCDN-01240,SQL database,Finance,SQL Server 2012,departmental server,Oracle feed,active,measure definition conflict
SQL-HCDN-01241,departmental mart,Quality and Stars,SQL Server 2014,private cloud,flat-file/SFTP,stale,source-backed candidate
SQL-HCDN-01242,SSIS package group,Revenue Cycle,SQL Server 2016,on-prem data center,Epic Clarity,duplicate,source-backed candidate
SQL-HCDN-01243,SSAS cube/model,Population Health,SQL Server 2019,departmental server,legacy EDW,retire candidate,lineage incomplete
SQL-HCDN-01244,SSRS report server,Claims Operations,SQL Server 2022,private cloud,claims warehouse,owner conflict,source-backed candidate
SQL-HCDN-01245,SQL Agent schedule group,Clinical Analytics,SQL Server 2012,on-prem data center,manual spreadsheet upload,active,source-backed candidate
SQL-HCDN-01246,SQL Server instance,Departmental Reporting,SQL Server 2014,departmental server,Oracle feed,stale,source-backed candidate
SQL-HCDN-01247,SQL database,Actuarial,SQL Server 2016,private cloud,flat-file/SFTP,duplicate,source-backed candidate
SQL-HCDN-01248,departmental mart,Finance,SQL Server 2019,on-prem data center,Epic Clarity,retire candidate,measure definition conflict
SQL-HCDN-01249,SSIS package group,Quality and Stars,SQL Server 2022,departmental server,legacy EDW,owner conflict,source-backed candidate
SQL-HCDN-01250,SSAS cube/model,Revenue Cycle,SQL Server 2012,private cloud,claims warehouse,active,source-backed candidate
SQL-HCDN-01251,SSRS report server,Population Health,SQL Server 2014,on-prem data center,manual spreadsheet upload,stale,source-backed candidate
SQL-HCDN-01252,SQL Agent schedule group,Claims Operations,SQL Server 2016,departmental server,Oracle feed,duplicate,source-backed candidate
SQL-HCDN-01253,SQL Server instance,Clinical Analytics,SQL Server 2019,private cloud,flat-file/SFTP,retire candidate,source-backed candidate
SQL-HCDN-01254,SQL database,Departmental Reporting,SQL Server 2022,on-prem data center,Epic Clarity,owner conflict,lineage incomplete
SQL-HCDN-01255,departmental mart,Actuarial,SQL Server 2012,departmental server,legacy EDW,active,source-backed candidate
SQL-HCDN-01256,SSIS package group,Finance,SQL Server 2014,private cloud,claims warehouse,stale,measure definition conflict
SQL-HCDN-01257,SSAS cube/model,Quality and Stars,SQL Server 2016,on-prem data center,manual spreadsheet upload,duplicate,source-backed candidate
SQL-HCDN-01258,SSRS report server,Revenue Cycle,SQL Server 2019,departmental server,Oracle feed,retire candidate,source-backed candidate
SQL-HCDN-01259,SQL Agent schedule group,Population Health,SQL Server 2022,private cloud,flat-file/SFTP,owner conflict,source-backed candidate
SQL-HCDN-01260,SQL Server instance,Claims Operations,SQL Server 2012,on-prem data center,Epic Clarity,active,source-backed candidate
SQL-HCDN-01261,SQL database,Clinical Analytics,SQL Server 2014,departmental server,legacy EDW,stale,source-backed candidate
SQL-HCDN-01262,departmental mart,Departmental Reporting,SQL Server 2016,private cloud,claims warehouse,duplicate,source-backed candidate
SQL-HCDN-01263,SSIS package group,Actuarial,SQL Server 2019,on-prem data center,manual spreadsheet upload,retire candidate,source-backed candidate
SQL-HCDN-01264,SSAS cube/model,Finance,SQL Server 2022,departmental server,Oracle feed,owner conflict,measure definition conflict
SQL-HCDN-01265,SSRS report server,Quality and Stars,SQL Server 2012,private cloud,flat-file/SFTP,active,lineage incomplete
SQL-HCDN-01266,SQL Agent schedule group,Revenue Cycle,SQL Server 2014,on-prem data center,Epic Clarity,stale,source-backed candidate
SQL-HCDN-01267,SQL Server instance,Population Health,SQL Server 2016,departmental server,legacy EDW,duplicate,source-backed candidate
SQL-HCDN-01268,SQL database,Claims Operations,SQL Server 2019,private cloud,claims warehouse,retire candidate,source-backed candidate
SQL-HCDN-01269,departmental mart,Clinical Analytics,SQL Server 2022,on-prem data center,manual spreadsheet upload,owner conflict,source-backed candidate
SQL-HCDN-01270,SSIS package group,Departmental Reporting,SQL Server 2012,departmental server,Oracle feed,active,source-backed candidate
SQL-HCDN-01271,SSAS cube/model,Actuarial,SQL Server 2014,private cloud,flat-file/SFTP,stale,source-backed candidate
SQL-HCDN-01272,SSRS report server,Finance,SQL Server 2016,on-prem data center,Epic Clarity,duplicate,measure definition conflict
SQL-HCDN-01273,SQL Agent schedule group,Quality and Stars,SQL Server 2019,departmental server,legacy EDW,retire candidate,source-backed candidate
SQL-HCDN-01274,SQL Server instance,Revenue Cycle,SQL Server 2022,private cloud,claims warehouse,owner conflict,source-backed candidate
SQL-HCDN-01275,SQL database,Population Health,SQL Server 2012,on-prem data center,manual spreadsheet upload,active,source-backed candidate
SQL-HCDN-01276,departmental mart,Claims Operations,SQL Server 2014,departmental server,Oracle feed,stale,lineage incomplete
SQL-HCDN-01277,SSIS package group,Clinical Analytics,SQL Server 2016,private cloud,flat-file/SFTP,duplicate,source-backed candidate
SQL-HCDN-01278,SSAS cube/model,Departmental Reporting,SQL Server 2019,on-prem data center,Epic Clarity,retire candidate,source-backed candidate
SQL-HCDN-01279,SSRS report server,Actuarial,SQL Server 2022,departmental server,legacy EDW,owner conflict,source-backed candidate
SQL-HCDN-01280,SQL Agent schedule group,Finance,SQL Server 2012,private cloud,claims warehouse,active,measure definition conflict
SQL-HCDN-01281,SQL Server instance,Quality and Stars,SQL Server 2014,on-prem data center,manual spreadsheet upload,stale,source-backed candidate
SQL-HCDN-01282,SQL database,Revenue Cycle,SQL Server 2016,departmental server,Oracle feed,duplicate,source-backed candidate
SQL-HCDN-01283,departmental mart,Population Health,SQL Server 2019,private cloud,flat-file/SFTP,retire candidate,source-backed candidate
SQL-HCDN-01284,SSIS package group,Claims Operations,SQL Server 2022,on-prem data center,Epic Clarity,owner conflict,source-backed candidate
SQL-HCDN-01285,SSAS cube/model,Clinical Analytics,SQL Server 2012,departmental server,legacy EDW,active,source-backed candidate
SQL-HCDN-01286,SSRS report server,Departmental Reporting,SQL Server 2014,private cloud,claims warehouse,stale,source-backed candidate
SQL-HCDN-01287,SQL Agent schedule group,Actuarial,SQL Server 2016,on-prem data center,manual spreadsheet upload,duplicate,lineage incomplete
SQL-HCDN-01288,SQL Server instance,Finance,SQL Server 2019,departmental server,Oracle feed,retire candidate,measure definition conflict
SQL-HCDN-01289,SQL database,Quality and Stars,SQL Server 2022,private cloud,flat-file/SFTP,owner conflict,source-backed candidate
SQL-HCDN-01290,departmental mart,Revenue Cycle,SQL Server 2012,on-prem data center,Epic Clarity,active,source-backed candidate
SQL-HCDN-01291,SSIS package group,Population Health,SQL Server 2014,departmental server,legacy EDW,stale,source-backed candidate
SQL-HCDN-01292,SSAS cube/model,Claims Operations,SQL Server 2016,private cloud,claims warehouse,duplicate,source-backed candidate
SQL-HCDN-01293,SSRS report server,Clinical Analytics,SQL Server 2019,on-prem data center,manual spreadsheet upload,retire candidate,source-backed candidate
SQL-HCDN-01294,SQL Agent schedule group,Departmental Reporting,SQL Server 2022,departmental server,Oracle feed,owner conflict,source-backed candidate
SQL-HCDN-01295,SQL Server instance,Actuarial,SQL Server 2012,private cloud,flat-file/SFTP,active,source-backed candidate
SQL-HCDN-01296,SQL database,Finance,SQL Server 2014,on-prem data center,Epic Clarity,stale,measure definition conflict
SQL-HCDN-01297,departmental mart,Quality and Stars,SQL Server 2016,departmental server,legacy EDW,duplicate,source-backed candidate
SQL-HCDN-01298,SSIS package group,Revenue Cycle,SQL Server 2019,private cloud,claims warehouse,retire candidate,lineage incomplete
SQL-HCDN-01299,SSAS cube/model,Population Health,SQL Server 2022,on-prem data center,manual spreadsheet upload,owner conflict,source-backed candidate
SQL-HCDN-01300,SSRS report server,Claims Operations,SQL Server 2012,departmental server,Oracle feed,active,source-backed candidate
SQL-HCDN-01301,SQL Agent schedule group,Clinical Analytics,SQL Server 2014,private cloud,flat-file/SFTP,stale,source-backed candidate
SQL-HCDN-01302,SQL Server instance,Departmental Reporting,SQL Server 2016,on-prem data center,Epic Clarity,duplicate,source-backed candidate
SQL-HCDN-01303,SQL database,Actuarial,SQL Server 2019,departmental server,legacy EDW,retire candidate,source-backed candidate
SQL-HCDN-01304,departmental mart,Finance,SQL Server 2022,private cloud,claims warehouse,owner conflict,measure definition conflict
SQL-HCDN-01305,SSIS package group,Quality and Stars,SQL Server 2012,on-prem data center,manual spreadsheet upload,active,source-backed candidate
SQL-HCDN-01306,SSAS cube/model,Revenue Cycle,SQL Server 2014,departmental server,Oracle feed,stale,source-backed candidate
SQL-HCDN-01307,SSRS report server,Population Health,SQL Server 2016,private cloud,flat-file/SFTP,duplicate,source-backed candidate
SQL-HCDN-01308,SQL Agent schedule group,Claims Operations,SQL Server 2019,on-prem data center,Epic Clarity,retire candidate,source-backed candidate
SQL-HCDN-01309,SQL Server instance,Clinical Analytics,SQL Server 2022,departmental server,legacy EDW,owner conflict,lineage incomplete
SQL-HCDN-01310,SQL database,Departmental Reporting,SQL Server 2012,private cloud,claims warehouse,active,source-backed candidate
SQL-HCDN-01311,departmental mart,Actuarial,SQL Server 2014,on-prem data center,manual spreadsheet upload,stale,source-backed candidate
SQL-HCDN-01312,SSIS package group,Finance,SQL Server 2016,departmental server,Oracle feed,duplicate,measure definition conflict
SQL-HCDN-01313,SSAS cube/model,Quality and Stars,SQL Server 2019,private cloud,flat-file/SFTP,retire candidate,source-backed candidate
SQL-HCDN-01314,SSRS report server,Revenue Cycle,SQL Server 2022,on-prem data center,Epic Clarity,owner conflict,source-backed candidate
SQL-HCDN-01315,SQL Agent schedule group,Population Health,SQL Server 2012,departmental server,legacy EDW,active,source-backed candidate
SQL-HCDN-01316,SQL Server instance,Claims Operations,SQL Server 2014,private cloud,claims warehouse,stale,source-backed candidate
SQL-HCDN-01317,SQL database,Clinical Analytics,SQL Server 2016,on-prem data center,manual spreadsheet upload,duplicate,source-backed candidate
SQL-HCDN-01318,departmental mart,Departmental Reporting,SQL Server 2019,departmental server,Oracle feed,retire candidate,source-backed candidate
SQL-HCDN-01319,SSIS package group,Actuarial,SQL Server 2022,private cloud,flat-file/SFTP,owner conflict,source-backed candidate
SQL-HCDN-01320,SSAS cube/model,Finance,SQL Server 2012,on-prem data center,Epic Clarity,active,measure definition conflict
SQL-HCDN-01321,SSRS report server,Quality and Stars,SQL Server 2014,departmental server,legacy EDW,stale,source-backed candidate
SQL-HCDN-01322,SQL Agent schedule group,Revenue Cycle,SQL Server 2016,private cloud,claims warehouse,duplicate,source-backed candidate
SQL-HCDN-01323,SQL Server instance,Population Health,SQL Server 2019,on-prem data center,manual spreadsheet upload,retire candidate,source-backed candidate
SQL-HCDN-01324,SQL database,Claims Operations,SQL Server 2022,departmental server,Oracle feed,owner conflict,source-backed candidate
SQL-HCDN-01325,departmental mart,Clinical Analytics,SQL Server 2012,private cloud,flat-file/SFTP,active,source-backed candidate
SQL-HCDN-01326,SSIS package group,Departmental Reporting,SQL Server 2014,on-prem data center,Epic Clarity,stale,source-backed candidate
SQL-HCDN-01327,SSAS cube/model,Actuarial,SQL Server 2016,departmental server,legacy EDW,duplicate,source-backed candidate
SQL-HCDN-01328,SSRS report server,Finance,SQL Server 2019,private cloud,claims warehouse,retire candidate,measure definition conflict
SQL-HCDN-01329,SQL Agent schedule group,Quality and Stars,SQL Server 2022,on-prem data center,manual spreadsheet upload,owner conflict,source-backed candidate
SQL-HCDN-01330,SQL Server instance,Revenue Cycle,SQL Server 2012,departmental server,Oracle feed,active,source-backed candidate
SQL-HCDN-01331,SQL database,Population Health,SQL Server 2014,private cloud,flat-file/SFTP,stale,lineage incomplete
SQL-HCDN-01332,departmental mart,Claims Operations,SQL Server 2016,on-prem data center,Epic Clarity,duplicate,source-backed candidate
SQL-HCDN-01333,SSIS package group,Clinical Analytics,SQL Server 2019,departmental server,legacy EDW,retire candidate,source-backed candidate
SQL-HCDN-01334,SSAS cube/model,Departmental Reporting,SQL Server 2022,private cloud,claims warehouse,owner conflict,source-backed candidate
SQL-HCDN-01335,SSRS report server,Actuarial,SQL Server 2012,on-prem data center,manual spreadsheet upload,active,source-backed candidate
SQL-HCDN-01336,SQL Agent schedule group,Finance,SQL Server 2014,departmental server,Oracle feed,stale,measure definition conflict
SQL-HCDN-01337,SQL Server instance,Quality and Stars,SQL Server 2016,private cloud,flat-file/SFTP,duplicate,source-backed candidate
SQL-HCDN-01338,SQL database,Revenue Cycle,SQL Server 2019,on-prem data center,Epic Clarity,retire candidate,source-backed candidate
SQL-HCDN-01339,departmental mart,Population Health,SQL Server 2022,departmental server,legacy EDW,owner conflict,source-backed candidate
SQL-HCDN-01340,SSIS package group,Claims Operations,SQL Server 2012,private cloud,claims warehouse,active,source-backed candidate
SQL-HCDN-01341,SSAS cube/model,Clinical Analytics,SQL Server 2014,on-prem data center,manual spreadsheet upload,stale,source-backed candidate
SQL-HCDN-01342,SSRS report server,Departmental Reporting,SQL Server 2016,departmental server,Oracle feed,duplicate,lineage incomplete
SQL-HCDN-01343,SQL Agent schedule group,Actuarial,SQL Server 2019,private cloud,flat-file/SFTP,retire candidate,source-backed candidate
SQL-HCDN-01344,SQL Server instance,Finance,SQL Server 2022,on-prem data center,Epic Clarity,owner conflict,measure definition conflict
SQL-HCDN-01345,SQL database,Quality and Stars,SQL Server 2012,departmental server,legacy EDW,active,source-backed candidate
SQL-HCDN-01346,departmental mart,Revenue Cycle,SQL Server 2014,private cloud,claims warehouse,stale,source-backed candidate
SQL-HCDN-01347,SSIS package group,Population Health,SQL Server 2016,on-prem data center,manual spreadsheet upload,duplicate,source-backed candidate
SQL-HCDN-01348,SSAS cube/model,Claims Operations,SQL Server 2019,departmental server,Oracle feed,retire candidate,source-backed candidate
SQL-HCDN-01349,SSRS report server,Clinical Analytics,SQL Server 2022,private cloud,flat-file/SFTP,owner conflict,source-backed candidate
SQL-HCDN-01350,SQL Agent schedule group,Departmental Reporting,SQL Server 2012,on-prem data center,Epic Clarity,active,source-backed candidate
SQL-HCDN-01351,SQL Server instance,Actuarial,SQL Server 2014,departmental server,legacy EDW,stale,source-backed candidate
SQL-HCDN-01352,SQL database,Finance,SQL Server 2016,private cloud,claims warehouse,duplicate,measure definition conflict
SQL-HCDN-01353,departmental mart,Quality and Stars,SQL Server 2019,on-prem data center,manual spreadsheet upload,retire candidate,lineage incomplete
SQL-HCDN-01354,SSIS package group,Revenue Cycle,SQL Server 2022,departmental server,Oracle feed,owner conflict,source-backed candidate
SQL-HCDN-01355,SSAS cube/model,Population Health,SQL Server 2012,private cloud,flat-file/SFTP,active,source-backed candidate
SQL-HCDN-01356,SSRS report server,Claims Operations,SQL Server 2014,on-prem data center,Epic Clarity,stale,source-backed candidate
SQL-HCDN-01357,SQL Agent schedule group,Clinical Analytics,SQL Server 2016,departmental server,legacy EDW,duplicate,source-backed candidate
SQL-HCDN-01358,SQL Server instance,Departmental Reporting,SQL Server 2019,private cloud,claims warehouse,retire candidate,source-backed candidate
SQL-HCDN-01359,SQL database,Actuarial,SQL Server 2022,on-prem data center,manual spreadsheet upload,owner conflict,source-backed candidate
SQL-HCDN-01360,departmental mart,Finance,SQL Server 2012,departmental server,Oracle feed,active,measure definition conflict
SQL-HCDN-01361,SSIS package group,Quality and Stars,SQL Server 2014,private cloud,flat-file/SFTP,stale,source-backed candidate
SQL-HCDN-01362,SSAS cube/model,Revenue Cycle,SQL Server 2016,on-prem data center,Epic Clarity,duplicate,source-backed candidate
SQL-HCDN-01363,SSRS report server,Population Health,SQL Server 2019,departmental server,legacy EDW,retire candidate,source-backed candidate
SQL-HCDN-01364,SQL Agent schedule group,Claims Operations,SQL Server 2022,private cloud,claims warehouse,owner conflict,lineage incomplete
SQL-HCDN-01365,SQL Server instance,Clinical Analytics,SQL Server 2012,on-prem data center,manual spreadsheet upload,active,source-backed candidate
SQL-HCDN-01366,SQL database,Departmental Reporting,SQL Server 2014,departmental server,Oracle feed,stale,source-backed candidate
SQL-HCDN-01367,departmental mart,Actuarial,SQL Server 2016,private cloud,flat-file/SFTP,duplicate,source-backed candidate
SQL-HCDN-01368,SSIS package group,Finance,SQL Server 2019,on-prem data center,Epic Clarity,retire candidate,measure definition conflict
SQL-HCDN-01369,SSAS cube/model,Quality and Stars,SQL Server 2022,departmental server,legacy EDW,owner conflict,source-backed candidate
SQL-HCDN-01370,SSRS report server,Revenue Cycle,SQL Server 2012,private cloud,claims warehouse,active,source-backed candidate
SQL-HCDN-01371,SQL Agent schedule group,Population Health,SQL Server 2014,on-prem data center,manual spreadsheet upload,stale,source-backed candidate
SQL-HCDN-01372,SQL Server instance,Claims Operations,SQL Server 2016,departmental server,Oracle feed,duplicate,source-backed candidate
SQL-HCDN-01373,SQL database,Clinical Analytics,SQL Server 2019,private cloud,flat-file/SFTP,retire candidate,source-backed candidate
SQL-HCDN-01374,departmental mart,Departmental Reporting,SQL Server 2022,on-prem data center,Epic Clarity,owner conflict,source-backed candidate
SQL-HCDN-01375,SSIS package group,Actuarial,SQL Server 2012,departmental server,legacy EDW,active,lineage incomplete
SQL-HCDN-01376,SSAS cube/model,Finance,SQL Server 2014,private cloud,claims warehouse,stale,measure definition conflict
SQL-HCDN-01377,SSRS report server,Quality and Stars,SQL Server 2016,on-prem data center,manual spreadsheet upload,duplicate,source-backed candidate
SQL-HCDN-01378,SQL Agent schedule group,Revenue Cycle,SQL Server 2019,departmental server,Oracle feed,retire candidate,source-backed candidate
SQL-HCDN-01379,SQL Server instance,Population Health,SQL Server 2022,private cloud,flat-file/SFTP,owner conflict,source-backed candidate
SQL-HCDN-01380,SQL database,Claims Operations,SQL Server 2012,on-prem data center,Epic Clarity,active,source-backed candidate
SQL-HCDN-01381,departmental mart,Clinical Analytics,SQL Server 2014,departmental server,legacy EDW,stale,source-backed candidate
SQL-HCDN-01382,SSIS package group,Departmental Reporting,SQL Server 2016,private cloud,claims warehouse,duplicate,source-backed candidate
SQL-HCDN-01383,SSAS cube/model,Actuarial,SQL Server 2019,on-prem data center,manual spreadsheet upload,retire candidate,source-backed candidate
SQL-HCDN-01384,SSRS report server,Finance,SQL Server 2022,departmental server,Oracle feed,owner conflict,measure definition conflict
SQL-HCDN-01385,SQL Agent schedule group,Quality and Stars,SQL Server 2012,private cloud,flat-file/SFTP,active,source-backed candidate
SQL-HCDN-01386,SQL Server instance,Revenue Cycle,SQL Server 2014,on-prem data center,Epic Clarity,stale,lineage incomplete
SQL-HCDN-01387,SQL database,Population Health,SQL Server 2016,departmental server,legacy EDW,duplicate,source-backed candidate
SQL-HCDN-01388,departmental mart,Claims Operations,SQL Server 2019,private cloud,claims warehouse,retire candidate,source-backed candidate
SQL-HCDN-01389,SSIS package group,Clinical Analytics,SQL Server 2022,on-prem data center,manual spreadsheet upload,owner conflict,source-backed candidate
SQL-HCDN-01390,SSAS cube/model,Departmental Reporting,SQL Server 2012,departmental server,Oracle feed,active,source-backed candidate
SQL-HCDN-01391,SSRS report server,Actuarial,SQL Server 2014,private cloud,flat-file/SFTP,stale,source-backed candidate
SQL-HCDN-01392,SQL Agent schedule group,Finance,SQL Server 2016,on-prem data center,Epic Clarity,duplicate,measure definition conflict
SQL-HCDN-01393,SQL Server instance,Quality and Stars,SQL Server 2019,departmental server,legacy EDW,retire candidate,source-backed candidate
SQL-HCDN-01394,SQL database,Revenue Cycle,SQL Server 2022,private cloud,claims warehouse,owner conflict,source-backed candidate
SQL-HCDN-01395,departmental mart,Population Health,SQL Server 2012,on-prem data center,manual spreadsheet upload,active,source-backed candidate
SQL-HCDN-01396,SSIS package group,Claims Operations,SQL Server 2014,departmental server,Oracle feed,stale,source-backed candidate
SQL-HCDN-01397,SSAS cube/model,Clinical Analytics,SQL Server 2016,private cloud,flat-file/SFTP,duplicate,lineage incomplete
SQL-HCDN-01398,SSRS report server,Departmental Reporting,SQL Server 2019,on-prem data center,Epic Clarity,retire candidate,source-backed candidate
SQL-HCDN-01399,SQL Agent schedule group,Actuarial,SQL Server 2022,departmental server,legacy EDW,owner conflict,source-backed candidate
SQL-HCDN-01400,SQL Server instance,Finance,SQL Server 2012,private cloud,claims warehouse,active,measure definition conflict
SQL-HCDN-01401,SQL database,Quality and Stars,SQL Server 2014,on-prem data center,manual spreadsheet upload,stale,source-backed candidate
SQL-HCDN-01402,departmental mart,Revenue Cycle,SQL Server 2016,departmental server,Oracle feed,duplicate,source-backed candidate
SQL-HCDN-01403,SSIS package group,Population Health,SQL Server 2019,private cloud,flat-file/SFTP,retire candidate,source-backed candidate
SQL-HCDN-01404,SSAS cube/model,Claims Operations,SQL Server 2022,on-prem data center,Epic Clarity,owner conflict,source-backed candidate
SQL-HCDN-01405,SSRS report server,Clinical Analytics,SQL Server 2012,departmental server,legacy EDW,active,source-backed candidate
SQL-HCDN-01406,SQL Agent schedule group,Departmental Reporting,SQL Server 2014,private cloud,claims warehouse,stale,source-backed candidate
SQL-HCDN-01407,SQL Server instance,Actuarial,SQL Server 2016,on-prem data center,manual spreadsheet upload,duplicate,source-backed candidate
SQL-HCDN-01408,SQL database,Finance,SQL Server 2019,departmental server,Oracle feed,retire candidate,measure definition conflict
SQL-HCDN-01409,departmental mart,Quality and Stars,SQL Server 2022,private cloud,flat-file/SFTP,owner conflict,source-backed candidate
SQL-HCDN-01410,SSIS package group,Revenue Cycle,SQL Server 2012,on-prem data center,Epic Clarity,active,source-backed candidate
SQL-HCDN-01411,SSAS cube/model,Population Health,SQL Server 2014,departmental server,legacy EDW,stale,source-backed candidate
SQL-HCDN-01412,SSRS report server,Claims Operations,SQL Server 2016,private cloud,claims warehouse,duplicate,source-backed candidate
SQL-HCDN-01413,SQL Agent schedule group,Clinical Analytics,SQL Server 2019,on-prem data center,manual spreadsheet upload,retire candidate,source-backed candidate
SQL-HCDN-01414,SQL Server instance,Departmental Reporting,SQL Server 2022,departmental server,Oracle feed,owner conflict,source-backed candidate
SQL-HCDN-01415,SQL database,Actuarial,SQL Server 2012,private cloud,flat-file/SFTP,active,source-backed candidate
SQL-HCDN-01416,departmental mart,Finance,SQL Server 2014,on-prem data center,Epic Clarity,stale,measure definition conflict
SQL-HCDN-01417,SSIS package group,Quality and Stars,SQL Server 2016,departmental server,legacy EDW,duplicate,source-backed candidate
SQL-HCDN-01418,SSAS cube/model,Revenue Cycle,SQL Server 2019,private cloud,claims warehouse,retire candidate,source-backed candidate
SQL-HCDN-01419,SSRS report server,Population Health,SQL Server 2022,on-prem data center,manual spreadsheet upload,owner conflict,lineage incomplete
SQL-HCDN-01420,SQL Agent schedule group,Claims Operations,SQL Server 2012,departmental server,Oracle feed,active,source-backed candidate
SQL-HCDN-01421,SQL Server instance,Clinical Analytics,SQL Server 2014,private cloud,flat-file/SFTP,stale,source-backed candidate
SQL-HCDN-01422,SQL database,Departmental Reporting,SQL Server 2016,on-prem data center,Epic Clarity,duplicate,source-backed candidate
SQL-HCDN-01423,departmental mart,Actuarial,SQL Server 2019,departmental server,legacy EDW,retire candidate,source-backed candidate
SQL-HCDN-01424,SSIS package group,Finance,SQL Server 2022,private cloud,claims warehouse,owner conflict,measure definition conflict
SQL-HCDN-01425,SSAS cube/model,Quality and Stars,SQL Server 2012,on-prem data center,manual spreadsheet upload,active,source-backed candidate
SQL-HCDN-01426,SSRS report server,Revenue Cycle,SQL Server 2014,departmental server,Oracle feed,stale,source-backed candidate
SQL-HCDN-01427,SQL Agent schedule group,Population Health,SQL Server 2016,private cloud,flat-file/SFTP,duplicate,source-backed candidate
SQL-HCDN-01428,SQL Server instance,Claims Operations,SQL Server 2019,on-prem data center,Epic Clarity,retire candidate,source-backed candidate
SQL-HCDN-01429,SQL database,Clinical Analytics,SQL Server 2022,departmental server,legacy EDW,owner conflict,source-backed candidate
SQL-HCDN-01430,departmental mart,Departmental Reporting,SQL Server 2012,private cloud,claims warehouse,active,lineage incomplete
SQL-HCDN-01431,SSIS package group,Actuarial,SQL Server 2014,on-prem data center,manual spreadsheet upload,stale,source-backed candidate
SQL-HCDN-01432,SSAS cube/model,Finance,SQL Server 2016,departmental server,Oracle feed,duplicate,measure definition conflict
SQL-HCDN-01433,SSRS report server,Quality and Stars,SQL Server 2019,private cloud,flat-file/SFTP,retire candidate,source-backed candidate
SQL-HCDN-01434,SQL Agent schedule group,Revenue Cycle,SQL Server 2022,on-prem data center,Epic Clarity,owner conflict,source-backed candidate
SQL-HCDN-01435,SQL Server instance,Population Health,SQL Server 2012,departmental server,legacy EDW,active,source-backed candidate
SQL-HCDN-01436,SQL database,Claims Operations,SQL Server 2014,private cloud,claims warehouse,stale,source-backed candidate
SQL-HCDN-01437,departmental mart,Clinical Analytics,SQL Server 2016,on-prem data center,manual spreadsheet upload,duplicate,source-backed candidate
SQL-HCDN-01438,SSIS package group,Departmental Reporting,SQL Server 2019,departmental server,Oracle feed,retire candidate,source-backed candidate
SQL-HCDN-01439,SSAS cube/model,Actuarial,SQL Server 2022,private cloud,flat-file/SFTP,owner conflict,source-backed candidate
SQL-HCDN-01440,SSRS report server,Finance,SQL Server 2012,on-prem data center,Epic Clarity,active,measure definition conflict
SQL-HCDN-01441,SQL Agent schedule group,Quality and Stars,SQL Server 2014,departmental server,legacy EDW,stale,lineage incomplete
SQL-HCDN-01442,SQL Server instance,Revenue Cycle,SQL Server 2016,private cloud,claims warehouse,duplicate,source-backed candidate
SQL-HCDN-01443,SQL database,Population Health,SQL Server 2019,on-prem data center,manual spreadsheet upload,retire candidate,source-backed candidate
SQL-HCDN-01444,departmental mart,Claims Operations,SQL Server 2022,departmental server,Oracle feed,owner conflict,source-backed candidate
SQL-HCDN-01445,SSIS package group,Clinical Analytics,SQL Server 2012,private cloud,flat-file/SFTP,active,source-backed candidate
SQL-HCDN-01446,SSAS cube/model,Departmental Reporting,SQL Server 2014,on-prem data center,Epic Clarity,stale,source-backed candidate
SQL-HCDN-01447,SSRS report server,Actuarial,SQL Server 2016,departmental server,legacy EDW,duplicate,source-backed candidate
SQL-HCDN-01448,SQL Agent schedule group,Finance,SQL Server 2019,private cloud,claims warehouse,retire candidate,measure definition conflict
SQL-HCDN-01449,SQL Server instance,Quality and Stars,SQL Server 2022,on-prem data center,manual spreadsheet upload,owner conflict,source-backed candidate
SQL-HCDN-01450,SQL database,Revenue Cycle,SQL Server 2012,departmental server,Oracle feed,active,source-backed candidate
SQL-HCDN-01451,departmental mart,Population Health,SQL Server 2014,private cloud,flat-file/SFTP,stale,source-backed candidate
SQL-HCDN-01452,SSIS package group,Claims Operations,SQL Server 2016,on-prem data center,Epic Clarity,duplicate,lineage incomplete
SQL-HCDN-01453,SSAS cube/model,Clinical Analytics,SQL Server 2019,departmental server,legacy EDW,retire candidate,source-backed candidate
SQL-HCDN-01454,SSRS report server,Departmental Reporting,SQL Server 2022,private cloud,claims warehouse,owner conflict,source-backed candidate
SQL-HCDN-01455,SQL Agent schedule group,Actuarial,SQL Server 2012,on-prem data center,manual spreadsheet upload,active,source-backed candidate
SQL-HCDN-01456,SQL Server instance,Finance,SQL Server 2014,departmental server,Oracle feed,stale,measure definition conflict
SQL-HCDN-01457,SQL database,Quality and Stars,SQL Server 2016,private cloud,flat-file/SFTP,duplicate,source-backed candidate
SQL-HCDN-01458,departmental mart,Revenue Cycle,SQL Server 2019,on-prem data center,Epic Clarity,retire candidate,source-backed candidate
SQL-HCDN-01459,SSIS package group,Population Health,SQL Server 2022,departmental server,legacy EDW,owner conflict,source-backed candidate
SQL-HCDN-01460,SSAS cube/model,Claims Operations,SQL Server 2012,private cloud,claims warehouse,active,source-backed candidate
SQL-HCDN-01461,SSRS report server,Clinical Analytics,SQL Server 2014,on-prem data center,manual spreadsheet upload,stale,source-backed candidate
SQL-HCDN-01462,SQL Agent schedule group,Departmental Reporting,SQL Server 2016,departmental server,Oracle feed,duplicate,source-backed candidate
SQL-HCDN-01463,SQL Server instance,Actuarial,SQL Server 2019,private cloud,flat-file/SFTP,retire candidate,lineage incomplete
SQL-HCDN-01464,SQL database,Finance,SQL Server 2022,on-prem data center,Epic Clarity,owner conflict,measure definition conflict
SQL-HCDN-01465,departmental mart,Quality and Stars,SQL Server 2012,departmental server,legacy EDW,active,source-backed candidate
SQL-HCDN-01466,SSIS package group,Revenue Cycle,SQL Server 2014,private cloud,claims warehouse,stale,source-backed candidate
SQL-HCDN-01467,SSAS cube/model,Population Health,SQL Server 2016,on-prem data center,manual spreadsheet upload,duplicate,source-backed candidate
SQL-HCDN-01468,SSRS report server,Claims Operations,SQL Server 2019,departmental server,Oracle feed,retire candidate,source-backed candidate
SQL-HCDN-01469,SQL Agent schedule group,Clinical Analytics,SQL Server 2022,private cloud,flat-file/SFTP,owner conflict,source-backed candidate
SQL-HCDN-01470,SQL Server instance,Departmental Reporting,SQL Server 2012,on-prem data center,Epic Clarity,active,source-backed candidate
SQL-HCDN-01471,SQL database,Actuarial,SQL Server 2014,departmental server,legacy EDW,stale,source-backed candidate
SQL-HCDN-01472,departmental mart,Finance,SQL Server 2016,private cloud,claims warehouse,duplicate,measure definition conflict
SQL-HCDN-01473,SSIS package group,Quality and Stars,SQL Server 2019,on-prem data center,manual spreadsheet upload,retire candidate,source-backed candidate
SQL-HCDN-01474,SSAS cube/model,Revenue Cycle,SQL Server 2022,departmental server,Oracle feed,owner conflict,lineage incomplete
SQL-HCDN-01475,SSRS report server,Population Health,SQL Server 2012,private cloud,flat-file/SFTP,active,source-backed candidate
SQL-HCDN-01476,SQL Agent schedule group,Claims Operations,SQL Server 2014,on-prem data center,Epic Clarity,stale,source-backed candidate
SQL-HCDN-01477,SQL Server instance,Clinical Analytics,SQL Server 2016,departmental server,legacy EDW,duplicate,source-backed candidate
SQL-HCDN-01478,SQL database,Departmental Reporting,SQL Server 2019,private cloud,claims warehouse,retire candidate,source-backed candidate
SQL-HCDN-01479,departmental mart,Actuarial,SQL Server 2022,on-prem data center,manual spreadsheet upload,owner conflict,source-backed candidate
SQL-HCDN-01480,SSIS package group,Finance,SQL Server 2012,departmental server,Oracle feed,active,measure definition conflict
SQL-HCDN-01481,SSAS cube/model,Quality and Stars,SQL Server 2014,private cloud,flat-file/SFTP,stale,source-backed candidate
SQL-HCDN-01482,SSRS report server,Revenue Cycle,SQL Server 2016,on-prem data center,Epic Clarity,duplicate,source-backed candidate
SQL-HCDN-01483,SQL Agent schedule group,Population Health,SQL Server 2019,departmental server,legacy EDW,retire candidate,source-backed candidate
SQL-HCDN-01484,SQL Server instance,Claims Operations,SQL Server 2022,private cloud,claims warehouse,owner conflict,source-backed candidate
SQL-HCDN-01485,SQL database,Clinical Analytics,SQL Server 2012,on-prem data center,manual spreadsheet upload,active,lineage incomplete
SQL-HCDN-01486,departmental mart,Departmental Reporting,SQL Server 2014,departmental server,Oracle feed,stale,source-backed candidate
SQL-HCDN-01487,SSIS package group,Actuarial,SQL Server 2016,private cloud,flat-file/SFTP,duplicate,source-backed candidate
SQL-HCDN-01488,SSAS cube/model,Finance,SQL Server 2019,on-prem data center,Epic Clarity,retire candidate,measure definition conflict
SQL-HCDN-01489,SSRS report server,Quality and Stars,SQL Server 2022,departmental server,legacy EDW,owner conflict,source-backed candidate
SQL-HCDN-01490,SQL Agent schedule group,Revenue Cycle,SQL Server 2012,private cloud,claims warehouse,active,source-backed candidate
SQL-HCDN-01491,SQL Server instance,Population Health,SQL Server 2014,on-prem data center,manual spreadsheet upload,stale,source-backed candidate
SQL-HCDN-01492,SQL database,Claims Operations,SQL Server 2016,departmental server,Oracle feed,duplicate,source-backed candidate
SQL-HCDN-01493,departmental mart,Clinical Analytics,SQL Server 2019,private cloud,flat-file/SFTP,retire candidate,source-backed candidate
SQL-HCDN-01494,SSIS package group,Departmental Reporting,SQL Server 2022,on-prem data center,Epic Clarity,owner conflict,source-backed candidate
SQL-HCDN-01495,SSAS cube/model,Actuarial,SQL Server 2012,departmental server,legacy EDW,active,source-backed candidate
SQL-HCDN-01496,SSRS report server,Finance,SQL Server 2014,private cloud,claims warehouse,stale,measure definition conflict
SQL-HCDN-01497,SQL Agent schedule group,Quality and Stars,SQL Server 2016,on-prem data center,manual spreadsheet upload,duplicate,source-backed candidate
SQL-HCDN-01498,SQL Server instance,Revenue Cycle,SQL Server 2019,departmental server,Oracle feed,retire candidate,source-backed candidate
SQL-HCDN-01499,SQL database,Population Health,SQL Server 2022,private cloud,flat-file/SFTP,owner conflict,source-backed candidate
SQL-HCDN-01500,departmental mart,Claims Operations,SQL Server 2012,on-prem data center,Epic Clarity,active,source-backed candidate
SQL-HCDN-01501,SSIS package group,Clinical Analytics,SQL Server 2014,departmental server,legacy EDW,stale,source-backed candidate
SQL-HCDN-01502,SSAS cube/model,Departmental Reporting,SQL Server 2016,private cloud,claims warehouse,duplicate,source-backed candidate
SQL-HCDN-01503,SSRS report server,Actuarial,SQL Server 2019,on-prem data center,manual spreadsheet upload,retire candidate,source-backed candidate
SQL-HCDN-01504,SQL Agent schedule group,Finance,SQL Server 2022,departmental server,Oracle feed,owner conflict,measure definition conflict
SQL-HCDN-01505,SQL Server instance,Quality and Stars,SQL Server 2012,private cloud,flat-file/SFTP,active,source-backed candidate
SQL-HCDN-01506,SQL database,Revenue Cycle,SQL Server 2014,on-prem data center,Epic Clarity,stale,source-backed candidate
SQL-HCDN-01507,departmental mart,Population Health,SQL Server 2016,departmental server,legacy EDW,duplicate,lineage incomplete
SQL-HCDN-01508,SSIS package group,Claims Operations,SQL Server 2019,private cloud,claims warehouse,retire candidate,source-backed candidate
SQL-HCDN-01509,SSAS cube/model,Clinical Analytics,SQL Server 2022,on-prem data center,manual spreadsheet upload,owner conflict,source-backed candidate
SQL-HCDN-01510,SSRS report server,Departmental Reporting,SQL Server 2012,departmental server,Oracle feed,active,source-backed candidate
SQL-HCDN-01511,SQL Agent schedule group,Actuarial,SQL Server 2014,private cloud,flat-file/SFTP,stale,source-backed candidate
SQL-HCDN-01512,SQL Server instance,Finance,SQL Server 2016,on-prem data center,Epic Clarity,duplicate,measure definition conflict
SQL-HCDN-01513,SQL database,Quality and Stars,SQL Server 2019,departmental server,legacy EDW,retire candidate,source-backed candidate
SQL-HCDN-01514,departmental mart,Revenue Cycle,SQL Server 2022,private cloud,claims warehouse,owner conflict,source-backed candidate
SQL-HCDN-01515,SSIS package group,Population Health,SQL Server 2012,on-prem data center,manual spreadsheet upload,active,source-backed candidate
SQL-HCDN-01516,SSAS cube/model,Claims Operations,SQL Server 2014,departmental server,Oracle feed,stale,source-backed candidate
SQL-HCDN-01517,SSRS report server,Clinical Analytics,SQL Server 2016,private cloud,flat-file/SFTP,duplicate,source-backed candidate
SQL-HCDN-01518,SQL Agent schedule group,Departmental Reporting,SQL Server 2019,on-prem data center,Epic Clarity,retire candidate,lineage incomplete
SQL-HCDN-01519,SQL Server instance,Actuarial,SQL Server 2022,departmental server,legacy EDW,owner conflict,source-backed candidate
SQL-HCDN-01520,SQL database,Finance,SQL Server 2012,private cloud,claims warehouse,active,measure definition conflict
SQL-HCDN-01521,departmental mart,Quality and Stars,SQL Server 2014,on-prem data center,manual spreadsheet upload,stale,source-backed candidate
SQL-HCDN-01522,SSIS package group,Revenue Cycle,SQL Server 2016,departmental server,Oracle feed,duplicate,source-backed candidate
SQL-HCDN-01523,SSAS cube/model,Population Health,SQL Server 2019,private cloud,flat-file/SFTP,retire candidate,source-backed candidate
SQL-HCDN-01524,SSRS report server,Claims Operations,SQL Server 2022,on-prem data center,Epic Clarity,owner conflict,source-backed candidate
SQL-HCDN-01525,SQL Agent schedule group,Clinical Analytics,SQL Server 2012,departmental server,legacy EDW,active,source-backed candidate
SQL-HCDN-01526,SQL Server instance,Departmental Reporting,SQL Server 2014,private cloud,claims warehouse,stale,source-backed candidate
SQL-HCDN-01527,SQL database,Actuarial,SQL Server 2016,on-prem data center,manual spreadsheet upload,duplicate,source-backed candidate
SQL-HCDN-01528,departmental mart,Finance,SQL Server 2019,departmental server,Oracle feed,retire candidate,measure definition conflict
SQL-HCDN-01529,SSIS package group,Quality and Stars,SQL Server 2022,private cloud,flat-file/SFTP,owner conflict,lineage incomplete
SQL-HCDN-01530,SSAS cube/model,Revenue Cycle,SQL Server 2012,on-prem data center,Epic Clarity,active,source-backed candidate
SQL-HCDN-01531,SSRS report server,Population Health,SQL Server 2014,departmental server,legacy EDW,stale,source-backed candidate
SQL-HCDN-01532,SQL Agent schedule group,Claims Operations,SQL Server 2016,private cloud,claims warehouse,duplicate,source-backed candidate
SQL-HCDN-01533,SQL Server instance,Clinical Analytics,SQL Server 2019,on-prem data center,manual spreadsheet upload,retire candidate,source-backed candidate
SQL-HCDN-01534,SQL database,Departmental Reporting,SQL Server 2022,departmental server,Oracle feed,owner conflict,source-backed candidate
SQL-HCDN-01535,departmental mart,Actuarial,SQL Server 2012,private cloud,flat-file/SFTP,active,source-backed candidate
SQL-HCDN-01536,SSIS package group,Finance,SQL Server 2014,on-prem data center,Epic Clarity,stale,measure definition conflict
SQL-HCDN-01537,SSAS cube/model,Quality and Stars,SQL Server 2016,departmental server,legacy EDW,duplicate,source-backed candidate
SQL-HCDN-01538,SSRS report server,Revenue Cycle,SQL Server 2019,private cloud,claims warehouse,retire candidate,source-backed candidate
SQL-HCDN-01539,SQL Agent schedule group,Population Health,SQL Server 2022,on-prem data center,manual spreadsheet upload,owner conflict,source-backed candidate
SQL-HCDN-01540,SQL Server instance,Claims Operations,SQL Server 2012,departmental server,Oracle feed,active,lineage incomplete
SQL-HCDN-01541,SQL database,Clinical Analytics,SQL Server 2014,private cloud,flat-file/SFTP,stale,source-backed candidate
SQL-HCDN-01542,departmental mart,Departmental Reporting,SQL Server 2016,on-prem data center,Epic Clarity,duplicate,source-backed candidate
SQL-HCDN-01543,SSIS package group,Actuarial,SQL Server 2019,departmental server,legacy EDW,retire candidate,source-backed candidate
SQL-HCDN-01544,SSAS cube/model,Finance,SQL Server 2022,private cloud,claims warehouse,owner conflict,measure definition conflict
SQL-HCDN-01545,SSRS report server,Quality and Stars,SQL Server 2012,on-prem data center,manual spreadsheet upload,active,source-backed candidate
SQL-HCDN-01546,SQL Agent schedule group,Revenue Cycle,SQL Server 2014,departmental server,Oracle feed,stale,source-backed candidate
SQL-HCDN-01547,SQL Server instance,Population Health,SQL Server 2016,private cloud,flat-file/SFTP,duplicate,source-backed candidate
SQL-HCDN-01548,SQL database,Claims Operations,SQL Server 2019,on-prem data center,Epic Clarity,retire candidate,source-backed candidate
SQL-HCDN-01549,departmental mart,Clinical Analytics,SQL Server 2022,departmental server,legacy EDW,owner conflict,source-backed candidate
SQL-HCDN-01550,SSIS package group,Departmental Reporting,SQL Server 2012,private cloud,claims warehouse,active,source-backed candidate
SQL-HCDN-01551,SSAS cube/model,Actuarial,SQL Server 2014,on-prem data center,manual spreadsheet upload,stale,lineage incomplete
SQL-HCDN-01552,SSRS report server,Finance,SQL Server 2016,departmental server,Oracle feed,duplicate,measure definition conflict
SQL-HCDN-01553,SQL Agent schedule group,Quality and Stars,SQL Server 2019,private cloud,flat-file/SFTP,retire candidate,source-backed candidate
SQL-HCDN-01554,SQL Server instance,Revenue Cycle,SQL Server 2022,on-prem data center,Epic Clarity,owner conflict,source-backed candidate
SQL-HCDN-01555,SQL database,Population Health,SQL Server 2012,departmental server,legacy EDW,active,source-backed candidate
SQL-HCDN-01556,departmental mart,Claims Operations,SQL Server 2014,private cloud,claims warehouse,stale,source-backed candidate
SQL-HCDN-01557,SSIS package group,Clinical Analytics,SQL Server 2016,on-prem data center,manual spreadsheet upload,duplicate,source-backed candidate
SQL-HCDN-01558,SSAS cube/model,Departmental Reporting,SQL Server 2019,departmental server,Oracle feed,retire candidate,source-backed candidate
SQL-HCDN-01559,SSRS report server,Actuarial,SQL Server 2022,private cloud,flat-file/SFTP,owner conflict,source-backed candidate
SQL-HCDN-01560,SQL Agent schedule group,Finance,SQL Server 2012,on-prem data center,Epic Clarity,active,measure definition conflict
SQL-HCDN-01561,SQL Server instance,Quality and Stars,SQL Server 2014,departmental server,legacy EDW,stale,source-backed candidate
SQL-HCDN-01562,SQL database,Revenue Cycle,SQL Server 2016,private cloud,claims warehouse,duplicate,lineage incomplete
SQL-HCDN-01563,departmental mart,Population Health,SQL Server 2019,on-prem data center,manual spreadsheet upload,retire candidate,source-backed candidate
SQL-HCDN-01564,SSIS package group,Claims Operations,SQL Server 2022,departmental server,Oracle feed,owner conflict,source-backed candidate
SQL-HCDN-01565,SSAS cube/model,Clinical Analytics,SQL Server 2012,private cloud,flat-file/SFTP,active,source-backed candidate
SQL-HCDN-01566,SSRS report server,Departmental Reporting,SQL Server 2014,on-prem data center,Epic Clarity,stale,source-backed candidate
SQL-HCDN-01567,SQL Agent schedule group,Actuarial,SQL Server 2016,departmental server,legacy EDW,duplicate,source-backed candidate
SQL-HCDN-01568,SQL Server instance,Finance,SQL Server 2019,private cloud,claims warehouse,retire candidate,measure definition conflict
SQL-HCDN-01569,SQL database,Quality and Stars,SQL Server 2022,on-prem data center,manual spreadsheet upload,owner conflict,source-backed candidate
SQL-HCDN-01570,departmental mart,Revenue Cycle,SQL Server 2012,departmental server,Oracle feed,active,source-backed candidate
SQL-HCDN-01571,SSIS package group,Population Health,SQL Server 2014,private cloud,flat-file/SFTP,stale,source-backed candidate
SQL-HCDN-01572,SSAS cube/model,Claims Operations,SQL Server 2016,on-prem data center,Epic Clarity,duplicate,source-backed candidate
SQL-HCDN-01573,SSRS report server,Clinical Analytics,SQL Server 2019,departmental server,legacy EDW,retire candidate,lineage incomplete
SQL-HCDN-01574,SQL Agent schedule group,Departmental Reporting,SQL Server 2022,private cloud,claims warehouse,owner conflict,source-backed candidate
SQL-HCDN-01575,SQL Server instance,Actuarial,SQL Server 2012,on-prem data center,manual spreadsheet upload,active,source-backed candidate
SQL-HCDN-01576,SQL database,Finance,SQL Server 2014,departmental server,Oracle feed,stale,measure definition conflict
SQL-HCDN-01577,departmental mart,Quality and Stars,SQL Server 2016,private cloud,flat-file/SFTP,duplicate,source-backed candidate
SQL-HCDN-01578,SSIS package group,Revenue Cycle,SQL Server 2019,on-prem data center,Epic Clarity,retire candidate,source-backed candidate
SQL-HCDN-01579,SSAS cube/model,Population Health,SQL Server 2022,departmental server,legacy EDW,owner conflict,source-backed candidate
SQL-HCDN-01580,SSRS report server,Claims Operations,SQL Server 2012,private cloud,claims warehouse,active,source-backed candidate
SQL-HCDN-01581,SQL Agent schedule group,Clinical Analytics,SQL Server 2014,on-prem data center,manual spreadsheet upload,stale,source-backed candidate
SQL-HCDN-01582,SQL Server instance,Departmental Reporting,SQL Server 2016,departmental server,Oracle feed,duplicate,source-backed candidate
SQL-HCDN-01583,SQL database,Actuarial,SQL Server 2019,private cloud,flat-file/SFTP,retire candidate,source-backed candidate
SQL-HCDN-01584,departmental mart,Finance,SQL Server 2022,on-prem data center,Epic Clarity,owner conflict,measure definition conflict
SQL-HCDN-01585,SSIS package group,Quality and Stars,SQL Server 2012,departmental server,legacy EDW,active,source-backed candidate
SQL-HCDN-01586,SSAS cube/model,Revenue Cycle,SQL Server 2014,private cloud,claims warehouse,stale,source-backed candidate
SQL-HCDN-01587,SSRS report server,Population Health,SQL Server 2016,on-prem data center,manual spreadsheet upload,duplicate,source-backed candidate
SQL-HCDN-01588,SQL Agent schedule group,Claims Operations,SQL Server 2019,departmental server,Oracle feed,retire candidate,source-backed candidate
SQL-HCDN-01589,SQL Server instance,Clinical Analytics,SQL Server 2022,private cloud,flat-file/SFTP,owner conflict,source-backed candidate
SQL-HCDN-01590,SQL database,Departmental Reporting,SQL Server 2012,on-prem data center,Epic Clarity,active,source-backed candidate
SQL-HCDN-01591,departmental mart,Actuarial,SQL Server 2014,departmental server,legacy EDW,stale,source-backed candidate
SQL-HCDN-01592,SSIS package group,Finance,SQL Server 2016,private cloud,claims warehouse,duplicate,measure definition conflict
SQL-HCDN-01593,SSAS cube/model,Quality and Stars,SQL Server 2019,on-prem data center,manual spreadsheet upload,retire candidate,source-backed candidate
SQL-HCDN-01594,SSRS report server,Revenue Cycle,SQL Server 2022,departmental server,Oracle feed,owner conflict,source-backed candidate
SQL-HCDN-01595,SQL Agent schedule group,Population Health,SQL Server 2012,private cloud,flat-file/SFTP,active,lineage incomplete
SQL-HCDN-01596,SQL Server instance,Claims Operations,SQL Server 2014,on-prem data center,Epic Clarity,stale,source-backed candidate
SQL-HCDN-01597,SQL database,Clinical Analytics,SQL Server 2016,departmental server,legacy EDW,duplicate,source-backed candidate
SQL-HCDN-01598,departmental mart,Departmental Reporting,SQL Server 2019,private cloud,claims warehouse,retire candidate,source-backed candidate
SQL-HCDN-01599,SSIS package group,Actuarial,SQL Server 2022,on-prem data center,manual spreadsheet upload,owner conflict,source-backed candidate
SQL-HCDN-01600,SSAS cube/model,Finance,SQL Server 2012,departmental server,Oracle feed,active,measure definition conflict
SQL-HCDN-01601,SSRS report server,Quality and Stars,SQL Server 2014,private cloud,flat-file/SFTP,stale,source-backed candidate
SQL-HCDN-01602,SQL Agent schedule group,Revenue Cycle,SQL Server 2016,on-prem data center,Epic Clarity,duplicate,source-backed candidate
SQL-HCDN-01603,SQL Server instance,Population Health,SQL Server 2019,departmental server,legacy EDW,retire candidate,source-backed candidate
SQL-HCDN-01604,SQL database,Claims Operations,SQL Server 2022,private cloud,claims warehouse,owner conflict,source-backed candidate
SQL-HCDN-01605,departmental mart,Clinical Analytics,SQL Server 2012,on-prem data center,manual spreadsheet upload,active,source-backed candidate
SQL-HCDN-01606,SSIS package group,Departmental Reporting,SQL Server 2014,departmental server,Oracle feed,stale,lineage incomplete
SQL-HCDN-01607,SSAS cube/model,Actuarial,SQL Server 2016,private cloud,flat-file/SFTP,duplicate,source-backed candidate
SQL-HCDN-01608,SSRS report server,Finance,SQL Server 2019,on-prem data center,Epic Clarity,retire candidate,measure definition conflict
SQL-HCDN-01609,SQL Agent schedule group,Quality and Stars,SQL Server 2022,departmental server,legacy EDW,owner conflict,source-backed candidate
SQL-HCDN-01610,SQL Server instance,Revenue Cycle,SQL Server 2012,private cloud,claims warehouse,active,source-backed candidate
SQL-HCDN-01611,SQL database,Population Health,SQL Server 2014,on-prem data center,manual spreadsheet upload,stale,source-backed candidate
SQL-HCDN-01612,departmental mart,Claims Operations,SQL Server 2016,departmental server,Oracle feed,duplicate,source-backed candidate
SQL-HCDN-01613,SSIS package group,Clinical Analytics,SQL Server 2019,private cloud,flat-file/SFTP,retire candidate,source-backed candidate
SQL-HCDN-01614,SSAS cube/model,Departmental Reporting,SQL Server 2022,on-prem data center,Epic Clarity,owner conflict,source-backed candidate
SQL-HCDN-01615,SSRS report server,Actuarial,SQL Server 2012,departmental server,legacy EDW,active,source-backed candidate
SQL-HCDN-01616,SQL Agent schedule group,Finance,SQL Server 2014,private cloud,claims warehouse,stale,measure definition conflict
SQL-HCDN-01617,SQL Server instance,Quality and Stars,SQL Server 2016,on-prem data center,manual spreadsheet upload,duplicate,lineage incomplete
SQL-HCDN-01618,SQL database,Revenue Cycle,SQL Server 2019,departmental server,Oracle feed,retire candidate,source-backed candidate
SQL-HCDN-01619,departmental mart,Population Health,SQL Server 2022,private cloud,flat-file/SFTP,owner conflict,source-backed candidate
SQL-HCDN-01620,SSIS package group,Claims Operations,SQL Server 2012,on-prem data center,Epic Clarity,active,source-backed candidate
SQL-HCDN-01621,SSAS cube/model,Clinical Analytics,SQL Server 2014,departmental server,legacy EDW,stale,source-backed candidate
SQL-HCDN-01622,SSRS report server,Departmental Reporting,SQL Server 2016,private cloud,claims warehouse,duplicate,source-backed candidate
SQL-HCDN-01623,SQL Agent schedule group,Actuarial,SQL Server 2019,on-prem data center,manual spreadsheet upload,retire candidate,source-backed candidate
SQL-HCDN-01624,SQL Server instance,Finance,SQL Server 2022,departmental server,Oracle feed,owner conflict,measure definition conflict
SQL-HCDN-01625,SQL database,Quality and Stars,SQL Server 2012,private cloud,flat-file/SFTP,active,source-backed candidate
SQL-HCDN-01626,departmental mart,Revenue Cycle,SQL Server 2014,on-prem data center,Epic Clarity,stale,source-backed candidate
SQL-HCDN-01627,SSIS package group,Population Health,SQL Server 2016,departmental server,legacy EDW,duplicate,source-backed candidate
SQL-HCDN-01628,SSAS cube/model,Claims Operations,SQL Server 2019,private cloud,claims warehouse,retire candidate,lineage incomplete
SQL-HCDN-01629,SSRS report server,Clinical Analytics,SQL Server 2022,on-prem data center,manual spreadsheet upload,owner conflict,source-backed candidate
SQL-HCDN-01630,SQL Agent schedule group,Departmental Reporting,SQL Server 2012,departmental server,Oracle feed,active,source-backed candidate
SQL-HCDN-01631,SQL Server instance,Actuarial,SQL Server 2014,private cloud,flat-file/SFTP,stale,source-backed candidate
SQL-HCDN-01632,SQL database,Finance,SQL Server 2016,on-prem data center,Epic Clarity,duplicate,measure definition conflict
SQL-HCDN-01633,departmental mart,Quality and Stars,SQL Server 2019,departmental server,legacy EDW,retire candidate,source-backed candidate
SQL-HCDN-01634,SSIS package group,Revenue Cycle,SQL Server 2022,private cloud,claims warehouse,owner conflict,source-backed candidate
SQL-HCDN-01635,SSAS cube/model,Population Health,SQL Server 2012,on-prem data center,manual spreadsheet upload,active,source-backed candidate
SQL-HCDN-01636,SSRS report server,Claims Operations,SQL Server 2014,departmental server,Oracle feed,stale,source-backed candidate
SQL-HCDN-01637,SQL Agent schedule group,Clinical Analytics,SQL Server 2016,private cloud,flat-file/SFTP,duplicate,source-backed candidate
SQL-HCDN-01638,SQL Server instance,Departmental Reporting,SQL Server 2019,on-prem data center,Epic Clarity,retire candidate,source-backed candidate
SQL-HCDN-01639,SQL database,Actuarial,SQL Server 2022,departmental server,legacy EDW,owner conflict,lineage incomplete
SQL-HCDN-01640,departmental mart,Finance,SQL Server 2012,private cloud,claims warehouse,active,measure definition conflict
SQL-HCDN-01641,SSIS package group,Quality and Stars,SQL Server 2014,on-prem data center,manual spreadsheet upload,stale,source-backed candidate
SQL-HCDN-01642,SSAS cube/model,Revenue Cycle,SQL Server 2016,departmental server,Oracle feed,duplicate,source-backed candidate
SQL-HCDN-01643,SSRS report server,Population Health,SQL Server 2019,private cloud,flat-file/SFTP,retire candidate,source-backed candidate
SQL-HCDN-01644,SQL Agent schedule group,Claims Operations,SQL Server 2022,on-prem data center,Epic Clarity,owner conflict,source-backed candidate
SQL-HCDN-01645,SQL Server instance,Clinical Analytics,SQL Server 2012,departmental server,legacy EDW,active,source-backed candidate
SQL-HCDN-01646,SQL database,Departmental Reporting,SQL Server 2014,private cloud,claims warehouse,stale,source-backed candidate
SQL-HCDN-01647,departmental mart,Actuarial,SQL Server 2016,on-prem data center,manual spreadsheet upload,duplicate,source-backed candidate
SQL-HCDN-01648,SSIS package group,Finance,SQL Server 2019,departmental server,Oracle feed,retire candidate,measure definition conflict
SQL-HCDN-01649,SSAS cube/model,Quality and Stars,SQL Server 2022,private cloud,flat-file/SFTP,owner conflict,source-backed candidate
SQL-HCDN-01650,SSRS report server,Revenue Cycle,SQL Server 2012,on-prem data center,Epic Clarity,active,lineage incomplete
SQL-HCDN-01651,SQL Agent schedule group,Population Health,SQL Server 2014,departmental server,legacy EDW,stale,source-backed candidate
SQL-HCDN-01652,SQL Server instance,Claims Operations,SQL Server 2016,private cloud,claims warehouse,duplicate,source-backed candidate
SQL-HCDN-01653,SQL database,Clinical Analytics,SQL Server 2019,on-prem data center,manual spreadsheet upload,retire candidate,source-backed candidate
SQL-HCDN-01654,departmental mart,Departmental Reporting,SQL Server 2022,departmental server,Oracle feed,owner conflict,source-backed candidate
SQL-HCDN-01655,SSIS package group,Actuarial,SQL Server 2012,private cloud,flat-file/SFTP,active,source-backed candidate
SQL-HCDN-01656,SSAS cube/model,Finance,SQL Server 2014,on-prem data center,Epic Clarity,stale,measure definition conflict
SQL-HCDN-01657,SSRS report server,Quality and Stars,SQL Server 2016,departmental server,legacy EDW,duplicate,source-backed candidate
SQL-HCDN-01658,SQL Agent schedule group,Revenue Cycle,SQL Server 2019,private cloud,claims warehouse,retire candidate,source-backed candidate
SQL-HCDN-01659,SQL Server instance,Population Health,SQL Server 2022,on-prem data center,manual spreadsheet upload,owner conflict,source-backed candidate
SQL-HCDN-01660,SQL database,Claims Operations,SQL Server 2012,departmental server,Oracle feed,active,source-backed candidate
SQL-HCDN-01661,departmental mart,Clinical Analytics,SQL Server 2014,private cloud,flat-file/SFTP,stale,lineage incomplete
SQL-HCDN-01662,SSIS package group,Departmental Reporting,SQL Server 2016,on-prem data center,Epic Clarity,duplicate,source-backed candidate
SQL-HCDN-01663,SSAS cube/model,Actuarial,SQL Server 2019,departmental server,legacy EDW,retire candidate,source-backed candidate
SQL-HCDN-01664,SSRS report server,Finance,SQL Server 2022,private cloud,claims warehouse,owner conflict,measure definition conflict
SQL-HCDN-01665,SQL Agent schedule group,Quality and Stars,SQL Server 2012,on-prem data center,manual spreadsheet upload,active,source-backed candidate
SQL-HCDN-01666,SQL Server instance,Revenue Cycle,SQL Server 2014,departmental server,Oracle feed,stale,source-backed candidate
SQL-HCDN-01667,SQL database,Population Health,SQL Server 2016,private cloud,flat-file/SFTP,duplicate,source-backed candidate
SQL-HCDN-01668,departmental mart,Claims Operations,SQL Server 2019,on-prem data center,Epic Clarity,retire candidate,source-backed candidate
SQL-HCDN-01669,SSIS package group,Clinical Analytics,SQL Server 2022,departmental server,legacy EDW,owner conflict,source-backed candidate
SQL-HCDN-01670,SSAS cube/model,Departmental Reporting,SQL Server 2012,private cloud,claims warehouse,active,source-backed candidate
SQL-HCDN-01671,SSRS report server,Actuarial,SQL Server 2014,on-prem data center,manual spreadsheet upload,stale,source-backed candidate
SQL-HCDN-01672,SQL Agent schedule group,Finance,SQL Server 2016,departmental server,Oracle feed,duplicate,measure definition conflict
SQL-HCDN-01673,SQL Server instance,Quality and Stars,SQL Server 2019,private cloud,flat-file/SFTP,retire candidate,source-backed candidate
SQL-HCDN-01674,SQL database,Revenue Cycle,SQL Server 2022,on-prem data center,Epic Clarity,owner conflict,source-backed candidate
SQL-HCDN-01675,departmental mart,Population Health,SQL Server 2012,departmental server,legacy EDW,active,source-backed candidate
SQL-HCDN-01676,SSIS package group,Claims Operations,SQL Server 2014,private cloud,claims warehouse,stale,source-backed candidate
SQL-HCDN-01677,SSAS cube/model,Clinical Analytics,SQL Server 2016,on-prem data center,manual spreadsheet upload,duplicate,source-backed candidate
SQL-HCDN-01678,SSRS report server,Departmental Reporting,SQL Server 2019,departmental server,Oracle feed,retire candidate,source-backed candidate
SQL-HCDN-01679,SQL Agent schedule group,Actuarial,SQL Server 2022,private cloud,flat-file/SFTP,owner conflict,source-backed candidate
SQL-HCDN-01680,SQL Server instance,Finance,SQL Server 2012,on-prem data center,Epic Clarity,active,measure definition conflict
SQL-HCDN-01681,SQL database,Quality and Stars,SQL Server 2014,departmental server,legacy EDW,stale,source-backed candidate
SQL-HCDN-01682,departmental mart,Revenue Cycle,SQL Server 2016,private cloud,claims warehouse,duplicate,source-backed candidate
SQL-HCDN-01683,SSIS package group,Population Health,SQL Server 2019,on-prem data center,manual spreadsheet upload,retire candidate,lineage incomplete
SQL-HCDN-01684,SSAS cube/model,Claims Operations,SQL Server 2022,departmental server,Oracle feed,owner conflict,source-backed candidate
SQL-HCDN-01685,SSRS report server,Clinical Analytics,SQL Server 2012,private cloud,flat-file/SFTP,active,source-backed candidate
SQL-HCDN-01686,SQL Agent schedule group,Departmental Reporting,SQL Server 2014,on-prem data center,Epic Clarity,stale,source-backed candidate
SQL-HCDN-01687,SQL Server instance,Actuarial,SQL Server 2016,departmental server,legacy EDW,duplicate,source-backed candidate
SQL-HCDN-01688,SQL database,Finance,SQL Server 2019,private cloud,claims warehouse,retire candidate,measure definition conflict
SQL-HCDN-01689,departmental mart,Quality and Stars,SQL Server 2022,on-prem data center,manual spreadsheet upload,owner conflict,source-backed candidate
SQL-HCDN-01690,SSIS package group,Revenue Cycle,SQL Server 2012,departmental server,Oracle feed,active,source-backed candidate
SQL-HCDN-01691,SSAS cube/model,Population Health,SQL Server 2014,private cloud,flat-file/SFTP,stale,source-backed candidate
SQL-HCDN-01692,SSRS report server,Claims Operations,SQL Server 2016,on-prem data center,Epic Clarity,duplicate,source-backed candidate
SQL-HCDN-01693,SQL Agent schedule group,Clinical Analytics,SQL Server 2019,departmental server,legacy EDW,retire candidate,source-backed candidate
SQL-HCDN-01694,SQL Server instance,Departmental Reporting,SQL Server 2022,private cloud,claims warehouse,owner conflict,lineage incomplete
SQL-HCDN-01695,SQL database,Actuarial,SQL Server 2012,on-prem data center,manual spreadsheet upload,active,source-backed candidate
SQL-HCDN-01696,departmental mart,Finance,SQL Server 2014,departmental server,Oracle feed,stale,measure definition conflict
SQL-HCDN-01697,SSIS package group,Quality and Stars,SQL Server 2016,private cloud,flat-file/SFTP,duplicate,source-backed candidate
SQL-HCDN-01698,SSAS cube/model,Revenue Cycle,SQL Server 2019,on-prem data center,Epic Clarity,retire candidate,source-backed candidate
SQL-HCDN-01699,SSRS report server,Population Health,SQL Server 2022,departmental server,legacy EDW,owner conflict,source-backed candidate
SQL-HCDN-01700,SQL Agent schedule group,Claims Operations,SQL Server 2012,private cloud,claims warehouse,active,source-backed candidate
SQL-HCDN-01701,SQL Server instance,Clinical Analytics,SQL Server 2014,on-prem data center,manual spreadsheet upload,stale,source-backed candidate
SQL-HCDN-01702,SQL database,Departmental Reporting,SQL Server 2016,departmental server,Oracle feed,duplicate,source-backed candidate
SQL-HCDN-01703,departmental mart,Actuarial,SQL Server 2019,private cloud,flat-file/SFTP,retire candidate,source-backed candidate
SQL-HCDN-01704,SSIS package group,Finance,SQL Server 2022,on-prem data center,Epic Clarity,owner conflict,measure definition conflict
SQL-HCDN-01705,SSAS cube/model,Quality and Stars,SQL Server 2012,departmental server,legacy EDW,active,lineage incomplete
SQL-HCDN-01706,SSRS report server,Revenue Cycle,SQL Server 2014,private cloud,claims warehouse,stale,source-backed candidate
SQL-HCDN-01707,SQL Agent schedule group,Population Health,SQL Server 2016,on-prem data center,manual spreadsheet upload,duplicate,source-backed candidate
SQL-HCDN-01708,SQL Server instance,Claims Operations,SQL Server 2019,departmental server,Oracle feed,retire candidate,source-backed candidate
SQL-HCDN-01709,SQL database,Clinical Analytics,SQL Server 2022,private cloud,flat-file/SFTP,owner conflict,source-backed candidate
SQL-HCDN-01710,departmental mart,Departmental Reporting,SQL Server 2012,on-prem data center,Epic Clarity,active,source-backed candidate
SQL-HCDN-01711,SSIS package group,Actuarial,SQL Server 2014,departmental server,legacy EDW,stale,source-backed candidate
SQL-HCDN-01712,SSAS cube/model,Finance,SQL Server 2016,private cloud,claims warehouse,duplicate,measure definition conflict
SQL-HCDN-01713,SSRS report server,Quality and Stars,SQL Server 2019,on-prem data center,manual spreadsheet upload,retire candidate,source-backed candidate
SQL-HCDN-01714,SQL Agent schedule group,Revenue Cycle,SQL Server 2022,departmental server,Oracle feed,owner conflict,source-backed candidate
SQL-HCDN-01715,SQL Server instance,Population Health,SQL Server 2012,private cloud,flat-file/SFTP,active,source-backed candidate
SQL-HCDN-01716,SQL database,Claims Operations,SQL Server 2014,on-prem data center,Epic Clarity,stale,lineage incomplete
SQL-HCDN-01717,departmental mart,Clinical Analytics,SQL Server 2016,departmental server,legacy EDW,duplicate,source-backed candidate
SQL-HCDN-01718,SSIS package group,Departmental Reporting,SQL Server 2019,private cloud,claims warehouse,retire candidate,source-backed candidate
SQL-HCDN-01719,SSAS cube/model,Actuarial,SQL Server 2022,on-prem data center,manual spreadsheet upload,owner conflict,source-backed candidate
SQL-HCDN-01720,SSRS report server,Finance,SQL Server 2012,departmental server,Oracle feed,active,measure definition conflict
SQL-HCDN-01721,SQL Agent schedule group,Quality and Stars,SQL Server 2014,private cloud,flat-file/SFTP,stale,source-backed candidate
SQL-HCDN-01722,SQL Server instance,Revenue Cycle,SQL Server 2016,on-prem data center,Epic Clarity,duplicate,source-backed candidate
SQL-HCDN-01723,SQL database,Population Health,SQL Server 2019,departmental server,legacy EDW,retire candidate,source-backed candidate
SQL-HCDN-01724,departmental mart,Claims Operations,SQL Server 2022,private cloud,claims warehouse,owner conflict,source-backed candidate
SQL-HCDN-01725,SSIS package group,Clinical Analytics,SQL Server 2012,on-prem data center,manual spreadsheet upload,active,source-backed candidate
SQL-HCDN-01726,SSAS cube/model,Departmental Reporting,SQL Server 2014,departmental server,Oracle feed,stale,source-backed candidate
SQL-HCDN-01727,SSRS report server,Actuarial,SQL Server 2016,private cloud,flat-file/SFTP,duplicate,lineage incomplete
SQL-HCDN-01728,SQL Agent schedule group,Finance,SQL Server 2019,on-prem data center,Epic Clarity,retire candidate,measure definition conflict
SQL-HCDN-01729,SQL Server instance,Quality and Stars,SQL Server 2022,departmental server,legacy EDW,owner conflict,source-backed candidate
SQL-HCDN-01730,SQL database,Revenue Cycle,SQL Server 2012,private cloud,claims warehouse,active,source-backed candidate
SQL-HCDN-01731,departmental mart,Population Health,SQL Server 2014,on-prem data center,manual spreadsheet upload,stale,source-backed candidate
SQL-HCDN-01732,SSIS package group,Claims Operations,SQL Server 2016,departmental server,Oracle feed,duplicate,source-backed candidate
SQL-HCDN-01733,SSAS cube/model,Clinical Analytics,SQL Server 2019,private cloud,flat-file/SFTP,retire candidate,source-backed candidate
SQL-HCDN-01734,SSRS report server,Departmental Reporting,SQL Server 2022,on-prem data center,Epic Clarity,owner conflict,source-backed candidate
SQL-HCDN-01735,SQL Agent schedule group,Actuarial,SQL Server 2012,departmental server,legacy EDW,active,source-backed candidate
SQL-HCDN-01736,SQL Server instance,Finance,SQL Server 2014,private cloud,claims warehouse,stale,measure definition conflict
SQL-HCDN-01737,SQL database,Quality and Stars,SQL Server 2016,on-prem data center,manual spreadsheet upload,duplicate,source-backed candidate
SQL-HCDN-01738,departmental mart,Revenue Cycle,SQL Server 2019,departmental server,Oracle feed,retire candidate,lineage incomplete
SQL-HCDN-01739,SSIS package group,Population Health,SQL Server 2022,private cloud,flat-file/SFTP,owner conflict,source-backed candidate
SQL-HCDN-01740,SSAS cube/model,Claims Operations,SQL Server 2012,on-prem data center,Epic Clarity,active,source-backed candidate
SQL-HCDN-01741,SSRS report server,Clinical Analytics,SQL Server 2014,departmental server,legacy EDW,stale,source-backed candidate
SQL-HCDN-01742,SQL Agent schedule group,Departmental Reporting,SQL Server 2016,private cloud,claims warehouse,duplicate,source-backed candidate
SQL-HCDN-01743,SQL Server instance,Actuarial,SQL Server 2019,on-prem data center,manual spreadsheet upload,retire candidate,source-backed candidate
SQL-HCDN-01744,SQL database,Finance,SQL Server 2022,departmental server,Oracle feed,owner conflict,measure definition conflict
SQL-HCDN-01745,departmental mart,Quality and Stars,SQL Server 2012,private cloud,flat-file/SFTP,active,source-backed candidate
SQL-HCDN-01746,SSIS package group,Revenue Cycle,SQL Server 2014,on-prem data center,Epic Clarity,stale,source-backed candidate
SQL-HCDN-01747,SSAS cube/model,Population Health,SQL Server 2016,departmental server,legacy EDW,duplicate,source-backed candidate
SQL-HCDN-01748,SSRS report server,Claims Operations,SQL Server 2019,private cloud,claims warehouse,retire candidate,source-backed candidate
SQL-HCDN-01749,SQL Agent schedule group,Clinical Analytics,SQL Server 2022,on-prem data center,manual spreadsheet upload,owner conflict,lineage incomplete
SQL-HCDN-01750,SQL Server instance,Departmental Reporting,SQL Server 2012,departmental server,Oracle feed,active,source-backed candidate
SQL-HCDN-01751,SQL database,Actuarial,SQL Server 2014,private cloud,flat-file/SFTP,stale,source-backed candidate
SQL-HCDN-01752,departmental mart,Finance,SQL Server 2016,on-prem data center,Epic Clarity,duplicate,measure definition conflict
SQL-HCDN-01753,SSIS package group,Quality and Stars,SQL Server 2019,departmental server,legacy EDW,retire candidate,source-backed candidate
SQL-HCDN-01754,SSAS cube/model,Revenue Cycle,SQL Server 2022,private cloud,claims warehouse,owner conflict,source-backed candidate
SQL-HCDN-01755,SSRS report server,Population Health,SQL Server 2012,on-prem data center,manual spreadsheet upload,active,source-backed candidate
SQL-HCDN-01756,SQL Agent schedule group,Claims Operations,SQL Server 2014,departmental server,Oracle feed,stale,source-backed candidate
SQL-HCDN-01757,SQL Server instance,Clinical Analytics,SQL Server 2016,private cloud,flat-file/SFTP,duplicate,source-backed candidate
SQL-HCDN-01758,SQL database,Departmental Reporting,SQL Server 2019,on-prem data center,Epic Clarity,retire candidate,source-backed candidate
SQL-HCDN-01759,departmental mart,Actuarial,SQL Server 2022,departmental server,legacy EDW,owner conflict,source-backed candidate
SQL-HCDN-01760,SSIS package group,Finance,SQL Server 2012,private cloud,claims warehouse,active,measure definition conflict
SQL-HCDN-01761,SSAS cube/model,Quality and Stars,SQL Server 2014,on-prem data center,manual spreadsheet upload,stale,source-backed candidate
SQL-HCDN-01762,SSRS report server,Revenue Cycle,SQL Server 2016,departmental server,Oracle feed,duplicate,source-backed candidate
SQL-HCDN-01763,SQL Agent schedule group,Population Health,SQL Server 2019,private cloud,flat-file/SFTP,retire candidate,source-backed candidate
SQL-HCDN-01764,SQL Server instance,Claims Operations,SQL Server 2022,on-prem data center,Epic Clarity,owner conflict,source-backed candidate
SQL-HCDN-01765,SQL database,Clinical Analytics,SQL Server 2012,departmental server,legacy EDW,active,source-backed candidate
SQL-HCDN-01766,departmental mart,Departmental Reporting,SQL Server 2014,private cloud,claims warehouse,stale,source-backed candidate
SQL-HCDN-01767,SSIS package group,Actuarial,SQL Server 2016,on-prem data center,manual spreadsheet upload,duplicate,source-backed candidate
SQL-HCDN-01768,SSAS cube/model,Finance,SQL Server 2019,departmental server,Oracle feed,retire candidate,measure definition conflict
SQL-HCDN-01769,SSRS report server,Quality and Stars,SQL Server 2022,private cloud,flat-file/SFTP,owner conflict,source-backed candidate
SQL-HCDN-01770,SQL Agent schedule group,Revenue Cycle,SQL Server 2012,on-prem data center,Epic Clarity,active,source-backed candidate
SQL-HCDN-01771,SQL Server instance,Population Health,SQL Server 2014,departmental server,legacy EDW,stale,lineage incomplete
SQL-HCDN-01772,SQL database,Claims Operations,SQL Server 2016,private cloud,claims warehouse,duplicate,source-backed candidate
SQL-HCDN-01773,departmental mart,Clinical Analytics,SQL Server 2019,on-prem data center,manual spreadsheet upload,retire candidate,source-backed candidate
SQL-HCDN-01774,SSIS package group,Departmental Reporting,SQL Server 2022,departmental server,Oracle feed,owner conflict,source-backed candidate
SQL-HCDN-01775,SSAS cube/model,Actuarial,SQL Server 2012,private cloud,flat-file/SFTP,active,source-backed candidate
SQL-HCDN-01776,SSRS report server,Finance,SQL Server 2014,on-prem data center,Epic Clarity,stale,measure definition conflict
SQL-HCDN-01777,SQL Agent schedule group,Quality and Stars,SQL Server 2016,departmental server,legacy EDW,duplicate,source-backed candidate
SQL-HCDN-01778,SQL Server instance,Revenue Cycle,SQL Server 2019,private cloud,claims warehouse,retire candidate,source-backed candidate
SQL-HCDN-01779,SQL database,Population Health,SQL Server 2022,on-prem data center,manual spreadsheet upload,owner conflict,source-backed candidate
SQL-HCDN-01780,departmental mart,Claims Operations,SQL Server 2012,departmental server,Oracle feed,active,source-backed candidate
SQL-HCDN-01781,SSIS package group,Clinical Analytics,SQL Server 2014,private cloud,flat-file/SFTP,stale,source-backed candidate
SQL-HCDN-01782,SSAS cube/model,Departmental Reporting,SQL Server 2016,on-prem data center,Epic Clarity,duplicate,lineage incomplete
SQL-HCDN-01783,SSRS report server,Actuarial,SQL Server 2019,departmental server,legacy EDW,retire candidate,source-backed candidate
SQL-HCDN-01784,SQL Agent schedule group,Finance,SQL Server 2022,private cloud,claims warehouse,owner conflict,measure definition conflict
SQL-HCDN-01785,SQL Server instance,Quality and Stars,SQL Server 2012,on-prem data center,manual spreadsheet upload,active,source-backed candidate
SQL-HCDN-01786,SQL database,Revenue Cycle,SQL Server 2014,departmental server,Oracle feed,stale,source-backed candidate
SQL-HCDN-01787,departmental mart,Population Health,SQL Server 2016,private cloud,flat-file/SFTP,duplicate,source-backed candidate
SQL-HCDN-01788,SSIS package group,Claims Operations,SQL Server 2019,on-prem data center,Epic Clarity,retire candidate,source-backed candidate
SQL-HCDN-01789,SSAS cube/model,Clinical Analytics,SQL Server 2022,departmental server,legacy EDW,owner conflict,source-backed candidate
SQL-HCDN-01790,SSRS report server,Departmental Reporting,SQL Server 2012,private cloud,claims warehouse,active,source-backed candidate
SQL-HCDN-01791,SQL Agent schedule group,Actuarial,SQL Server 2014,on-prem data center,manual spreadsheet upload,stale,source-backed candidate
SQL-HCDN-01792,SQL Server instance,Finance,SQL Server 2016,departmental server,Oracle feed,duplicate,measure definition conflict
SQL-HCDN-01793,SQL database,Quality and Stars,SQL Server 2019,private cloud,flat-file/SFTP,retire candidate,lineage incomplete
SQL-HCDN-01794,departmental mart,Revenue Cycle,SQL Server 2022,on-prem data center,Epic Clarity,owner conflict,source-backed candidate
SQL-HCDN-01795,SSIS package group,Population Health,SQL Server 2012,departmental server,legacy EDW,active,source-backed candidate
SQL-HCDN-01796,SSAS cube/model,Claims Operations,SQL Server 2014,private cloud,claims warehouse,stale,source-backed candidate
SQL-HCDN-01797,SSRS report server,Clinical Analytics,SQL Server 2016,on-prem data center,manual spreadsheet upload,duplicate,source-backed candidate
SQL-HCDN-01798,SQL Agent schedule group,Departmental Reporting,SQL Server 2019,departmental server,Oracle feed,retire candidate,source-backed candidate
SQL-HCDN-01799,SQL Server instance,Actuarial,SQL Server 2022,private cloud,flat-file/SFTP,owner conflict,source-backed candidate
SQL-HCDN-01800,SQL database,Finance,SQL Server 2012,on-prem data center,Epic Clarity,active,measure definition conflict
SQL-HCDN-01801,departmental mart,Quality and Stars,SQL Server 2014,departmental server,legacy EDW,stale,source-backed candidate
SQL-HCDN-01802,SSIS package group,Revenue Cycle,SQL Server 2016,private cloud,claims warehouse,duplicate,source-backed candidate
SQL-HCDN-01803,SSAS cube/model,Population Health,SQL Server 2019,on-prem data center,manual spreadsheet upload,retire candidate,source-backed candidate
SQL-HCDN-01804,SSRS report server,Claims Operations,SQL Server 2022,departmental server,Oracle feed,owner conflict,lineage incomplete
SQL-HCDN-01805,SQL Agent schedule group,Clinical Analytics,SQL Server 2012,private cloud,flat-file/SFTP,active,source-backed candidate
SQL-HCDN-01806,SQL Server instance,Departmental Reporting,SQL Server 2014,on-prem data center,Epic Clarity,stale,source-backed candidate
SQL-HCDN-01807,SQL database,Actuarial,SQL Server 2016,departmental server,legacy EDW,duplicate,source-backed candidate
SQL-HCDN-01808,departmental mart,Finance,SQL Server 2019,private cloud,claims warehouse,retire candidate,measure definition conflict
SQL-HCDN-01809,SSIS package group,Quality and Stars,SQL Server 2022,on-prem data center,manual spreadsheet upload,owner conflict,source-backed candidate
SQL-HCDN-01810,SSAS cube/model,Revenue Cycle,SQL Server 2012,departmental server,Oracle feed,active,source-backed candidate
SQL-HCDN-01811,SSRS report server,Population Health,SQL Server 2014,private cloud,flat-file/SFTP,stale,source-backed candidate
SQL-HCDN-01812,SQL Agent schedule group,Claims Operations,SQL Server 2016,on-prem data center,Epic Clarity,duplicate,source-backed candidate
SQL-HCDN-01813,SQL Server instance,Clinical Analytics,SQL Server 2019,departmental server,legacy EDW,retire candidate,source-backed candidate
SQL-HCDN-01814,SQL database,Departmental Reporting,SQL Server 2022,private cloud,claims warehouse,owner conflict,source-backed candidate
SQL-HCDN-01815,departmental mart,Actuarial,SQL Server 2012,on-prem data center,manual spreadsheet upload,active,lineage incomplete
SQL-HCDN-01816,SSIS package group,Finance,SQL Server 2014,departmental server,Oracle feed,stale,measure definition conflict
SQL-HCDN-01817,SSAS cube/model,Quality and Stars,SQL Server 2016,private cloud,flat-file/SFTP,duplicate,source-backed candidate
SQL-HCDN-01818,SSRS report server,Revenue Cycle,SQL Server 2019,on-prem data center,Epic Clarity,retire candidate,source-backed candidate
SQL-HCDN-01819,SQL Agent schedule group,Population Health,SQL Server 2022,departmental server,legacy EDW,owner conflict,source-backed candidate
SQL-HCDN-01820,SQL Server instance,Claims Operations,SQL Server 2012,private cloud,claims warehouse,active,source-backed candidate
SQL-HCDN-01821,SQL database,Clinical Analytics,SQL Server 2014,on-prem data center,manual spreadsheet upload,stale,source-backed candidate
SQL-HCDN-01822,departmental mart,Departmental Reporting,SQL Server 2016,departmental server,Oracle feed,duplicate,source-backed candidate
SQL-HCDN-01823,SSIS package group,Actuarial,SQL Server 2019,private cloud,flat-file/SFTP,retire candidate,source-backed candidate
SQL-HCDN-01824,SSAS cube/model,Finance,SQL Server 2022,on-prem data center,Epic Clarity,owner conflict,measure definition conflict
SQL-HCDN-01825,SSRS report server,Quality and Stars,SQL Server 2012,departmental server,legacy EDW,active,source-backed candidate
SQL-HCDN-01826,SQL Agent schedule group,Revenue Cycle,SQL Server 2014,private cloud,claims warehouse,stale,lineage incomplete
SQL-HCDN-01827,SQL Server instance,Population Health,SQL Server 2016,on-prem data center,manual spreadsheet upload,duplicate,source-backed candidate
SQL-HCDN-01828,SQL database,Claims Operations,SQL Server 2019,departmental server,Oracle feed,retire candidate,source-backed candidate
SQL-HCDN-01829,departmental mart,Clinical Analytics,SQL Server 2022,private cloud,flat-file/SFTP,owner conflict,source-backed candidate
SQL-HCDN-01830,SSIS package group,Departmental Reporting,SQL Server 2012,on-prem data center,Epic Clarity,active,source-backed candidate
SQL-HCDN-01831,SSAS cube/model,Actuarial,SQL Server 2014,departmental server,legacy EDW,stale,source-backed candidate
SQL-HCDN-01832,SSRS report server,Finance,SQL Server 2016,private cloud,claims warehouse,duplicate,measure definition conflict
SQL-HCDN-01833,SQL Agent schedule group,Quality and Stars,SQL Server 2019,on-prem data center,manual spreadsheet upload,retire candidate,source-backed candidate
SQL-HCDN-01834,SQL Server instance,Revenue Cycle,SQL Server 2022,departmental server,Oracle feed,owner conflict,source-backed candidate
SQL-HCDN-01835,SQL database,Population Health,SQL Server 2012,private cloud,flat-file/SFTP,active,source-backed candidate
SQL-HCDN-01836,departmental mart,Claims Operations,SQL Server 2014,on-prem data center,Epic Clarity,stale,source-backed candidate
SQL-HCDN-01837,SSIS package group,Clinical Analytics,SQL Server 2016,departmental server,legacy EDW,duplicate,lineage incomplete
SQL-HCDN-01838,SSAS cube/model,Departmental Reporting,SQL Server 2019,private cloud,claims warehouse,retire candidate,source-backed candidate
SQL-HCDN-01839,SSRS report server,Actuarial,SQL Server 2022,on-prem data center,manual spreadsheet upload,owner conflict,source-backed candidate
SQL-HCDN-01840,SQL Agent schedule group,Finance,SQL Server 2012,departmental server,Oracle feed,active,measure definition conflict
SQL-HCDN-01841,SQL Server instance,Quality and Stars,SQL Server 2014,private cloud,flat-file/SFTP,stale,source-backed candidate
SQL-HCDN-01842,SQL database,Revenue Cycle,SQL Server 2016,on-prem data center,Epic Clarity,duplicate,source-backed candidate
SQL-HCDN-01843,departmental mart,Population Health,SQL Server 2019,departmental server,legacy EDW,retire candidate,source-backed candidate
SQL-HCDN-01844,SSIS package group,Claims Operations,SQL Server 2022,private cloud,claims warehouse,owner conflict,source-backed candidate
SQL-HCDN-01845,SSAS cube/model,Clinical Analytics,SQL Server 2012,on-prem data center,manual spreadsheet upload,active,source-backed candidate
SQL-HCDN-01846,SSRS report server,Departmental Reporting,SQL Server 2014,departmental server,Oracle feed,stale,source-backed candidate
SQL-HCDN-01847,SQL Agent schedule group,Actuarial,SQL Server 2016,private cloud,flat-file/SFTP,duplicate,source-backed candidate
SQL-HCDN-01848,SQL Server instance,Finance,SQL Server 2019,on-prem data center,Epic Clarity,retire candidate,measure definition conflict
SQL-HCDN-01849,SQL database,Quality and Stars,SQL Server 2022,departmental server,legacy EDW,owner conflict,source-backed candidate
SQL-HCDN-01850,departmental mart,Revenue Cycle,SQL Server 2012,private cloud,claims warehouse,active,source-backed candidate
SQL-HCDN-01851,SSIS package group,Population Health,SQL Server 2014,on-prem data center,manual spreadsheet upload,stale,source-backed candidate
SQL-HCDN-01852,SSAS cube/model,Claims Operations,SQL Server 2016,departmental server,Oracle feed,duplicate,source-backed candidate
SQL-HCDN-01853,SSRS report server,Clinical Analytics,SQL Server 2019,private cloud,flat-file/SFTP,retire candidate,source-backed candidate
SQL-HCDN-01854,SQL Agent schedule group,Departmental Reporting,SQL Server 2022,on-prem data center,Epic Clarity,owner conflict,source-backed candidate
SQL-HCDN-01855,SQL Server instance,Actuarial,SQL Server 2012,departmental server,legacy EDW,active,source-backed candidate
SQL-HCDN-01856,SQL database,Finance,SQL Server 2014,private cloud,claims warehouse,stale,measure definition conflict
SQL-HCDN-01857,departmental mart,Quality and Stars,SQL Server 2016,on-prem data center,manual spreadsheet upload,duplicate,source-backed candidate
SQL-HCDN-01858,SSIS package group,Revenue Cycle,SQL Server 2019,departmental server,Oracle feed,retire candidate,source-backed candidate
SQL-HCDN-01859,SSAS cube/model,Population Health,SQL Server 2022,private cloud,flat-file/SFTP,owner conflict,lineage incomplete
SQL-HCDN-01860,SSRS report server,Claims Operations,SQL Server 2012,on-prem data center,Epic Clarity,active,source-backed candidate
SQL-HCDN-01861,SQL Agent schedule group,Clinical Analytics,SQL Server 2014,departmental server,legacy EDW,stale,source-backed candidate
SQL-HCDN-01862,SQL Server instance,Departmental Reporting,SQL Server 2016,private cloud,claims warehouse,duplicate,source-backed candidate
SQL-HCDN-01863,SQL database,Actuarial,SQL Server 2019,on-prem data center,manual spreadsheet upload,retire candidate,source-backed candidate
SQL-HCDN-01864,departmental mart,Finance,SQL Server 2022,departmental server,Oracle feed,owner conflict,measure definition conflict
SQL-HCDN-01865,SSIS package group,Quality and Stars,SQL Server 2012,private cloud,flat-file/SFTP,active,source-backed candidate
SQL-HCDN-01866,SSAS cube/model,Revenue Cycle,SQL Server 2014,on-prem data center,Epic Clarity,stale,source-backed candidate
SQL-HCDN-01867,SSRS report server,Population Health,SQL Server 2016,departmental server,legacy EDW,duplicate,source-backed candidate
SQL-HCDN-01868,SQL Agent schedule group,Claims Operations,SQL Server 2019,private cloud,claims warehouse,retire candidate,source-backed candidate
SQL-HCDN-01869,SQL Server instance,Clinical Analytics,SQL Server 2022,on-prem data center,manual spreadsheet upload,owner conflict,source-backed candidate
SQL-HCDN-01870,SQL database,Departmental Reporting,SQL Server 2012,departmental server,Oracle feed,active,lineage incomplete
SQL-HCDN-01871,departmental mart,Actuarial,SQL Server 2014,private cloud,flat-file/SFTP,stale,source-backed candidate
SQL-HCDN-01872,SSIS package group,Finance,SQL Server 2016,on-prem data center,Epic Clarity,duplicate,measure definition conflict
SQL-HCDN-01873,SSAS cube/model,Quality and Stars,SQL Server 2019,departmental server,legacy EDW,retire candidate,source-backed candidate
SQL-HCDN-01874,SSRS report server,Revenue Cycle,SQL Server 2022,private cloud,claims warehouse,owner conflict,source-backed candidate
SQL-HCDN-01875,SQL Agent schedule group,Population Health,SQL Server 2012,on-prem data center,manual spreadsheet upload,active,source-backed candidate
SQL-HCDN-01876,SQL Server instance,Claims Operations,SQL Server 2014,departmental server,Oracle feed,stale,source-backed candidate
SQL-HCDN-01877,SQL database,Clinical Analytics,SQL Server 2016,private cloud,flat-file/SFTP,duplicate,source-backed candidate
SQL-HCDN-01878,departmental mart,Departmental Reporting,SQL Server 2019,on-prem data center,Epic Clarity,retire candidate,source-backed candidate
SQL-HCDN-01879,SSIS package group,Actuarial,SQL Server 2022,departmental server,legacy EDW,owner conflict,source-backed candidate
SQL-HCDN-01880,SSAS cube/model,Finance,SQL Server 2012,private cloud,claims warehouse,active,measure definition conflict
SQL-HCDN-01881,SSRS report server,Quality and Stars,SQL Server 2014,on-prem data center,manual spreadsheet upload,stale,lineage incomplete
SQL-HCDN-01882,SQL Agent schedule group,Revenue Cycle,SQL Server 2016,departmental server,Oracle feed,duplicate,source-backed candidate
SQL-HCDN-01883,SQL Server instance,Population Health,SQL Server 2019,private cloud,flat-file/SFTP,retire candidate,source-backed candidate
SQL-HCDN-01884,SQL database,Claims Operations,SQL Server 2022,on-prem data center,Epic Clarity,owner conflict,source-backed candidate
SQL-HCDN-01885,departmental mart,Clinical Analytics,SQL Server 2012,departmental server,legacy EDW,active,source-backed candidate
SQL-HCDN-01886,SSIS package group,Departmental Reporting,SQL Server 2014,private cloud,claims warehouse,stale,source-backed candidate
SQL-HCDN-01887,SSAS cube/model,Actuarial,SQL Server 2016,on-prem data center,manual spreadsheet upload,duplicate,source-backed candidate
SQL-HCDN-01888,SSRS report server,Finance,SQL Server 2019,departmental server,Oracle feed,retire candidate,measure definition conflict
SQL-HCDN-01889,SQL Agent schedule group,Quality and Stars,SQL Server 2022,private cloud,flat-file/SFTP,owner conflict,source-backed candidate
SQL-HCDN-01890,SQL Server instance,Revenue Cycle,SQL Server 2012,on-prem data center,Epic Clarity,active,source-backed candidate
SQL-HCDN-01891,SQL database,Population Health,SQL Server 2014,departmental server,legacy EDW,stale,source-backed candidate
SQL-HCDN-01892,departmental mart,Claims Operations,SQL Server 2016,private cloud,claims warehouse,duplicate,lineage incomplete
SQL-HCDN-01893,SSIS package group,Clinical Analytics,SQL Server 2019,on-prem data center,manual spreadsheet upload,retire candidate,source-backed candidate
SQL-HCDN-01894,SSAS cube/model,Departmental Reporting,SQL Server 2022,departmental server,Oracle feed,owner conflict,source-backed candidate
SQL-HCDN-01895,SSRS report server,Actuarial,SQL Server 2012,private cloud,flat-file/SFTP,active,source-backed candidate
SQL-HCDN-01896,SQL Agent schedule group,Finance,SQL Server 2014,on-prem data center,Epic Clarity,stale,measure definition conflict
SQL-HCDN-01897,SQL Server instance,Quality and Stars,SQL Server 2016,departmental server,legacy EDW,duplicate,source-backed candidate
SQL-HCDN-01898,SQL database,Revenue Cycle,SQL Server 2019,private cloud,claims warehouse,retire candidate,source-backed candidate
SQL-HCDN-01899,departmental mart,Population Health,SQL Server 2022,on-prem data center,manual spreadsheet upload,owner conflict,source-backed candidate
SQL-HCDN-01900,SSIS package group,Claims Operations,SQL Server 2012,departmental server,Oracle feed,active,source-backed candidate
SQL-HCDN-01901,SSAS cube/model,Clinical Analytics,SQL Server 2014,private cloud,flat-file/SFTP,stale,source-backed candidate
SQL-HCDN-01902,SSRS report server,Departmental Reporting,SQL Server 2016,on-prem data center,Epic Clarity,duplicate,source-backed candidate
SQL-HCDN-01903,SQL Agent schedule group,Actuarial,SQL Server 2019,departmental server,legacy EDW,retire candidate,lineage incomplete
SQL-HCDN-01904,SQL Server instance,Finance,SQL Server 2022,private cloud,claims warehouse,owner conflict,measure definition conflict
SQL-HCDN-01905,SQL database,Quality and Stars,SQL Server 2012,on-prem data center,manual spreadsheet upload,active,source-backed candidate
SQL-HCDN-01906,departmental mart,Revenue Cycle,SQL Server 2014,departmental server,Oracle feed,stale,source-backed candidate
SQL-HCDN-01907,SSIS package group,Population Health,SQL Server 2016,private cloud,flat-file/SFTP,duplicate,source-backed candidate
SQL-HCDN-01908,SSAS cube/model,Claims Operations,SQL Server 2019,on-prem data center,Epic Clarity,retire candidate,source-backed candidate
SQL-HCDN-01909,SSRS report server,Clinical Analytics,SQL Server 2022,departmental server,legacy EDW,owner conflict,source-backed candidate
SQL-HCDN-01910,SQL Agent schedule group,Departmental Reporting,SQL Server 2012,private cloud,claims warehouse,active,source-backed candidate
SQL-HCDN-01911,SQL Server instance,Actuarial,SQL Server 2014,on-prem data center,manual spreadsheet upload,stale,source-backed candidate
SQL-HCDN-01912,SQL database,Finance,SQL Server 2016,departmental server,Oracle feed,duplicate,measure definition conflict
SQL-HCDN-01913,departmental mart,Quality and Stars,SQL Server 2019,private cloud,flat-file/SFTP,retire candidate,source-backed candidate
SQL-HCDN-01914,SSIS package group,Revenue Cycle,SQL Server 2022,on-prem data center,Epic Clarity,owner conflict,lineage incomplete
SQL-HCDN-01915,SSAS cube/model,Population Health,SQL Server 2012,departmental server,legacy EDW,active,source-backed candidate
SQL-HCDN-01916,SSRS report server,Claims Operations,SQL Server 2014,private cloud,claims warehouse,stale,source-backed candidate
SQL-HCDN-01917,SQL Agent schedule group,Clinical Analytics,SQL Server 2016,on-prem data center,manual spreadsheet upload,duplicate,source-backed candidate
SQL-HCDN-01918,SQL Server instance,Departmental Reporting,SQL Server 2019,departmental server,Oracle feed,retire candidate,source-backed candidate
SQL-HCDN-01919,SQL database,Actuarial,SQL Server 2022,private cloud,flat-file/SFTP,owner conflict,source-backed candidate
SQL-HCDN-01920,departmental mart,Finance,SQL Server 2012,on-prem data center,Epic Clarity,active,measure definition conflict
SQL-HCDN-01921,SSIS package group,Quality and Stars,SQL Server 2014,departmental server,legacy EDW,stale,source-backed candidate
SQL-HCDN-01922,SSAS cube/model,Revenue Cycle,SQL Server 2016,private cloud,claims warehouse,duplicate,source-backed candidate
SQL-HCDN-01923,SSRS report server,Population Health,SQL Server 2019,on-prem data center,manual spreadsheet upload,retire candidate,source-backed candidate
SQL-HCDN-01924,SQL Agent schedule group,Claims Operations,SQL Server 2022,departmental server,Oracle feed,owner conflict,source-backed candidate
SQL-HCDN-01925,SQL Server instance,Clinical Analytics,SQL Server 2012,private cloud,flat-file/SFTP,active,lineage incomplete
SQL-HCDN-01926,SQL database,Departmental Reporting,SQL Server 2014,on-prem data center,Epic Clarity,stale,source-backed candidate
SQL-HCDN-01927,departmental mart,Actuarial,SQL Server 2016,departmental server,legacy EDW,duplicate,source-backed candidate
SQL-HCDN-01928,SSIS package group,Finance,SQL Server 2019,private cloud,claims warehouse,retire candidate,measure definition conflict
SQL-HCDN-01929,SSAS cube/model,Quality and Stars,SQL Server 2022,on-prem data center,manual spreadsheet upload,owner conflict,source-backed candidate
SQL-HCDN-01930,SSRS report server,Revenue Cycle,SQL Server 2012,departmental server,Oracle feed,active,source-backed candidate
SQL-HCDN-01931,SQL Agent schedule group,Population Health,SQL Server 2014,private cloud,flat-file/SFTP,stale,source-backed candidate
SQL-HCDN-01932,SQL Server instance,Claims Operations,SQL Server 2016,on-prem data center,Epic Clarity,duplicate,source-backed candidate
SQL-HCDN-01933,SQL database,Clinical Analytics,SQL Server 2019,departmental server,legacy EDW,retire candidate,source-backed candidate
SQL-HCDN-01934,departmental mart,Departmental Reporting,SQL Server 2022,private cloud,claims warehouse,owner conflict,source-backed candidate
SQL-HCDN-01935,SSIS package group,Actuarial,SQL Server 2012,on-prem data center,manual spreadsheet upload,active,source-backed candidate
SQL-HCDN-01936,SSAS cube/model,Finance,SQL Server 2014,departmental server,Oracle feed,stale,measure definition conflict
SQL-HCDN-01937,SSRS report server,Quality and Stars,SQL Server 2016,private cloud,flat-file/SFTP,duplicate,source-backed candidate
SQL-HCDN-01938,SQL Agent schedule group,Revenue Cycle,SQL Server 2019,on-prem data center,Epic Clarity,retire candidate,source-backed candidate
SQL-HCDN-01939,SQL Server instance,Population Health,SQL Server 2022,departmental server,legacy EDW,owner conflict,source-backed candidate
SQL-HCDN-01940,SQL database,Claims Operations,SQL Server 2012,private cloud,claims warehouse,active,source-backed candidate
SQL-HCDN-01941,departmental mart,Clinical Analytics,SQL Server 2014,on-prem data center,manual spreadsheet upload,stale,source-backed candidate
SQL-HCDN-01942,SSIS package group,Departmental Reporting,SQL Server 2016,departmental server,Oracle feed,duplicate,source-backed candidate
SQL-HCDN-01943,SSAS cube/model,Actuarial,SQL Server 2019,private cloud,flat-file/SFTP,retire candidate,source-backed candidate
SQL-HCDN-01944,SSRS report server,Finance,SQL Server 2022,on-prem data center,Epic Clarity,owner conflict,measure definition conflict
SQL-HCDN-01945,SQL Agent schedule group,Quality and Stars,SQL Server 2012,departmental server,legacy EDW,active,source-backed candidate
SQL-HCDN-01946,SQL Server instance,Revenue Cycle,SQL Server 2014,private cloud,claims warehouse,stale,source-backed candidate
SQL-HCDN-01947,SQL database,Population Health,SQL Server 2016,on-prem data center,manual spreadsheet upload,duplicate,lineage incomplete
SQL-HCDN-01948,departmental mart,Claims Operations,SQL Server 2019,departmental server,Oracle feed,retire candidate,source-backed candidate
SQL-HCDN-01949,SSIS package group,Clinical Analytics,SQL Server 2022,private cloud,flat-file/SFTP,owner conflict,source-backed candidate
SQL-HCDN-01950,SSAS cube/model,Departmental Reporting,SQL Server 2012,on-prem data center,Epic Clarity,active,source-backed candidate
SQL-HCDN-01951,SSRS report server,Actuarial,SQL Server 2014,departmental server,legacy EDW,stale,source-backed candidate
SQL-HCDN-01952,SQL Agent schedule group,Finance,SQL Server 2016,private cloud,claims warehouse,duplicate,measure definition conflict
SQL-HCDN-01953,SQL Server instance,Quality and Stars,SQL Server 2019,on-prem data center,manual spreadsheet upload,retire candidate,source-backed candidate
SQL-HCDN-01954,SQL database,Revenue Cycle,SQL Server 2022,departmental server,Oracle feed,owner conflict,source-backed candidate
SQL-HCDN-01955,departmental mart,Population Health,SQL Server 2012,private cloud,flat-file/SFTP,active,source-backed candidate
SQL-HCDN-01956,SSIS package group,Claims Operations,SQL Server 2014,on-prem data center,Epic Clarity,stale,source-backed candidate
SQL-HCDN-01957,SSAS cube/model,Clinical Analytics,SQL Server 2016,departmental server,legacy EDW,duplicate,source-backed candidate
SQL-HCDN-01958,SSRS report server,Departmental Reporting,SQL Server 2019,private cloud,claims warehouse,retire candidate,lineage incomplete
SQL-HCDN-01959,SQL Agent schedule group,Actuarial,SQL Server 2022,on-prem data center,manual spreadsheet upload,owner conflict,source-backed candidate
SQL-HCDN-01960,SQL Server instance,Finance,SQL Server 2012,departmental server,Oracle feed,active,measure definition conflict
SQL-HCDN-01961,SQL database,Quality and Stars,SQL Server 2014,private cloud,flat-file/SFTP,stale,source-backed candidate
SQL-HCDN-01962,departmental mart,Revenue Cycle,SQL Server 2016,on-prem data center,Epic Clarity,duplicate,source-backed candidate
SQL-HCDN-01963,SSIS package group,Population Health,SQL Server 2019,departmental server,legacy EDW,retire candidate,source-backed candidate
SQL-HCDN-01964,SSAS cube/model,Claims Operations,SQL Server 2022,private cloud,claims warehouse,owner conflict,source-backed candidate
SQL-HCDN-01965,SSRS report server,Clinical Analytics,SQL Server 2012,on-prem data center,manual spreadsheet upload,active,source-backed candidate
SQL-HCDN-01966,SQL Agent schedule group,Departmental Reporting,SQL Server 2014,departmental server,Oracle feed,stale,source-backed candidate
SQL-HCDN-01967,SQL Server instance,Actuarial,SQL Server 2016,private cloud,flat-file/SFTP,duplicate,source-backed candidate
SQL-HCDN-01968,SQL database,Finance,SQL Server 2019,on-prem data center,Epic Clarity,retire candidate,measure definition conflict
SQL-HCDN-01969,departmental mart,Quality and Stars,SQL Server 2022,departmental server,legacy EDW,owner conflict,lineage incomplete
SQL-HCDN-01970,SSIS package group,Revenue Cycle,SQL Server 2012,private cloud,claims warehouse,active,source-backed candidate
SQL-HCDN-01971,SSAS cube/model,Population Health,SQL Server 2014,on-prem data center,manual spreadsheet upload,stale,source-backed candidate
SQL-HCDN-01972,SSRS report server,Claims Operations,SQL Server 2016,departmental server,Oracle feed,duplicate,source-backed candidate
SQL-HCDN-01973,SQL Agent schedule group,Clinical Analytics,SQL Server 2019,private cloud,flat-file/SFTP,retire candidate,source-backed candidate
SQL-HCDN-01974,SQL Server instance,Departmental Reporting,SQL Server 2022,on-prem data center,Epic Clarity,owner conflict,source-backed candidate
SQL-HCDN-01975,SQL database,Actuarial,SQL Server 2012,departmental server,legacy EDW,active,source-backed candidate
SQL-HCDN-01976,departmental mart,Finance,SQL Server 2014,private cloud,claims warehouse,stale,measure definition conflict
SQL-HCDN-01977,SSIS package group,Quality and Stars,SQL Server 2016,on-prem data center,manual spreadsheet upload,duplicate,source-backed candidate
SQL-HCDN-01978,SSAS cube/model,Revenue Cycle,SQL Server 2019,departmental server,Oracle feed,retire candidate,source-backed candidate
SQL-HCDN-01979,SSRS report server,Population Health,SQL Server 2022,private cloud,flat-file/SFTP,owner conflict,source-backed candidate
SQL-HCDN-01980,SQL Agent schedule group,Claims Operations,SQL Server 2012,on-prem data center,Epic Clarity,active,lineage incomplete
SQL-HCDN-01981,SQL Server instance,Clinical Analytics,SQL Server 2014,departmental server,legacy EDW,stale,source-backed candidate
SQL-HCDN-01982,SQL database,Departmental Reporting,SQL Server 2016,private cloud,claims warehouse,duplicate,source-backed candidate
SQL-HCDN-01983,departmental mart,Actuarial,SQL Server 2019,on-prem data center,manual spreadsheet upload,retire candidate,source-backed candidate
SQL-HCDN-01984,SSIS package group,Finance,SQL Server 2022,departmental server,Oracle feed,owner conflict,measure definition conflict
SQL-HCDN-01985,SSAS cube/model,Quality and Stars,SQL Server 2012,private cloud,flat-file/SFTP,active,source-backed candidate
SQL-HCDN-01986,SSRS report server,Revenue Cycle,SQL Server 2014,on-prem data center,Epic Clarity,stale,source-backed candidate
SQL-HCDN-01987,SQL Agent schedule group,Population Health,SQL Server 2016,departmental server,legacy EDW,duplicate,source-backed candidate
SQL-HCDN-01988,SQL Server instance,Claims Operations,SQL Server 2019,private cloud,claims warehouse,retire candidate,source-backed candidate
SQL-HCDN-01989,SQL database,Clinical Analytics,SQL Server 2022,on-prem data center,manual spreadsheet upload,owner conflict,source-backed candidate
SQL-HCDN-01990,departmental mart,Departmental Reporting,SQL Server 2012,departmental server,Oracle feed,active,source-backed candidate
SQL-HCDN-01991,SSIS package group,Actuarial,SQL Server 2014,private cloud,flat-file/SFTP,stale,lineage incomplete
SQL-HCDN-01992,SSAS cube/model,Finance,SQL Server 2016,on-prem data center,Epic Clarity,duplicate,measure definition conflict
SQL-HCDN-01993,SSRS report server,Quality and Stars,SQL Server 2019,departmental server,legacy EDW,retire candidate,source-backed candidate
SQL-HCDN-01994,SQL Agent schedule group,Revenue Cycle,SQL Server 2022,private cloud,claims warehouse,owner conflict,source-backed candidate
SQL-HCDN-01995,SQL Server instance,Population Health,SQL Server 2012,on-prem data center,manual spreadsheet upload,active,source-backed candidate
SQL-HCDN-01996,SQL database,Claims Operations,SQL Server 2014,departmental server,Oracle feed,stale,source-backed candidate
SQL-HCDN-01997,departmental mart,Clinical Analytics,SQL Server 2016,private cloud,flat-file/SFTP,duplicate,source-backed candidate
SQL-HCDN-01998,SSIS package group,Departmental Reporting,SQL Server 2019,on-prem data center,Epic Clarity,retire candidate,source-backed candidate
SQL-HCDN-01999,SSAS cube/model,Actuarial,SQL Server 2022,departmental server,legacy EDW,owner conflict,source-backed candidate
SQL-HCDN-02000,SSRS report server,Finance,SQL Server 2012,private cloud,claims warehouse,active,measure definition conflict
SQL-HCDN-02001,SQL Agent schedule group,Quality and Stars,SQL Server 2014,on-prem data center,manual spreadsheet upload,stale,source-backed candidate
SQL-HCDN-02002,SQL Server instance,Revenue Cycle,SQL Server 2016,departmental server,Oracle feed,duplicate,lineage incomplete
SQL-HCDN-02003,SQL database,Population Health,SQL Server 2019,private cloud,flat-file/SFTP,retire candidate,source-backed candidate
SQL-HCDN-02004,departmental mart,Claims Operations,SQL Server 2022,on-prem data center,Epic Clarity,owner conflict,source-backed candidate
SQL-HCDN-02005,SSIS package group,Clinical Analytics,SQL Server 2012,departmental server,legacy EDW,active,source-backed candidate
SQL-HCDN-02006,SSAS cube/model,Departmental Reporting,SQL Server 2014,private cloud,claims warehouse,stale,source-backed candidate
SQL-HCDN-02007,SSRS report server,Actuarial,SQL Server 2016,on-prem data center,manual spreadsheet upload,duplicate,source-backed candidate
SQL-HCDN-02008,SQL Agent schedule group,Finance,SQL Server 2019,departmental server,Oracle feed,retire candidate,measure definition conflict
SQL-HCDN-02009,SQL Server instance,Quality and Stars,SQL Server 2022,private cloud,flat-file/SFTP,owner conflict,source-backed candidate
SQL-HCDN-02010,SQL database,Revenue Cycle,SQL Server 2012,on-prem data center,Epic Clarity,active,source-backed candidate
SQL-HCDN-02011,departmental mart,Population Health,SQL Server 2014,departmental server,legacy EDW,stale,source-backed candidate
SQL-HCDN-02012,SSIS package group,Claims Operations,SQL Server 2016,private cloud,claims warehouse,duplicate,source-backed candidate
SQL-HCDN-02013,SSAS cube/model,Clinical Analytics,SQL Server 2019,on-prem data center,manual spreadsheet upload,retire candidate,lineage incomplete
SQL-HCDN-02014,SSRS report server,Departmental Reporting,SQL Server 2022,departmental server,Oracle feed,owner conflict,source-backed candidate
SQL-HCDN-02015,SQL Agent schedule group,Actuarial,SQL Server 2012,private cloud,flat-file/SFTP,active,source-backed candidate
SQL-HCDN-02016,SQL Server instance,Finance,SQL Server 2014,on-prem data center,Epic Clarity,stale,measure definition conflict
SQL-HCDN-02017,SQL database,Quality and Stars,SQL Server 2016,departmental server,legacy EDW,duplicate,source-backed candidate
SQL-HCDN-02018,departmental mart,Revenue Cycle,SQL Server 2019,private cloud,claims warehouse,retire candidate,source-backed candidate
SQL-HCDN-02019,SSIS package group,Population Health,SQL Server 2022,on-prem data center,manual spreadsheet upload,owner conflict,source-backed candidate
SQL-HCDN-02020,SSAS cube/model,Claims Operations,SQL Server 2012,departmental server,Oracle feed,active,source-backed candidate
SQL-HCDN-02021,SSRS report server,Clinical Analytics,SQL Server 2014,private cloud,flat-file/SFTP,stale,source-backed candidate
SQL-HCDN-02022,SQL Agent schedule group,Departmental Reporting,SQL Server 2016,on-prem data center,Epic Clarity,duplicate,source-backed candidate
SQL-HCDN-02023,SQL Server instance,Actuarial,SQL Server 2019,departmental server,legacy EDW,retire candidate,source-backed candidate
SQL-HCDN-02024,SQL database,Finance,SQL Server 2022,private cloud,claims warehouse,owner conflict,measure definition conflict
SQL-HCDN-02025,departmental mart,Quality and Stars,SQL Server 2012,on-prem data center,manual spreadsheet upload,active,source-backed candidate
SQL-HCDN-02026,SSIS package group,Revenue Cycle,SQL Server 2014,departmental server,Oracle feed,stale,source-backed candidate
SQL-HCDN-02027,SSAS cube/model,Population Health,SQL Server 2016,private cloud,flat-file/SFTP,duplicate,source-backed candidate
SQL-HCDN-02028,SSRS report server,Claims Operations,SQL Server 2019,on-prem data center,Epic Clarity,retire candidate,source-backed candidate
SQL-HCDN-02029,SQL Agent schedule group,Clinical Analytics,SQL Server 2022,departmental server,legacy EDW,owner conflict,source-backed candidate
SQL-HCDN-02030,SQL Server instance,Departmental Reporting,SQL Server 2012,private cloud,claims warehouse,active,source-backed candidate
SQL-HCDN-02031,SQL database,Actuarial,SQL Server 2014,on-prem data center,manual spreadsheet upload,stale,source-backed candidate
SQL-HCDN-02032,departmental mart,Finance,SQL Server 2016,departmental server,Oracle feed,duplicate,measure definition conflict
SQL-HCDN-02033,SSIS package group,Quality and Stars,SQL Server 2019,private cloud,flat-file/SFTP,retire candidate,source-backed candidate
SQL-HCDN-02034,SSAS cube/model,Revenue Cycle,SQL Server 2022,on-prem data center,Epic Clarity,owner conflict,source-backed candidate
SQL-HCDN-02035,SSRS report server,Population Health,SQL Server 2012,departmental server,legacy EDW,active,lineage incomplete
SQL-HCDN-02036,SQL Agent schedule group,Claims Operations,SQL Server 2014,private cloud,claims warehouse,stale,source-backed candidate
SQL-HCDN-02037,SQL Server instance,Clinical Analytics,SQL Server 2016,on-prem data center,manual spreadsheet upload,duplicate,source-backed candidate
SQL-HCDN-02038,SQL database,Departmental Reporting,SQL Server 2019,departmental server,Oracle feed,retire candidate,source-backed candidate
SQL-HCDN-02039,departmental mart,Actuarial,SQL Server 2022,private cloud,flat-file/SFTP,owner conflict,source-backed candidate
SQL-HCDN-02040,SSIS package group,Finance,SQL Server 2012,on-prem data center,Epic Clarity,active,measure definition conflict
SQL-HCDN-02041,SSAS cube/model,Quality and Stars,SQL Server 2014,departmental server,legacy EDW,stale,source-backed candidate
SQL-HCDN-02042,SSRS report server,Revenue Cycle,SQL Server 2016,private cloud,claims warehouse,duplicate,source-backed candidate
SQL-HCDN-02043,SQL Agent schedule group,Population Health,SQL Server 2019,on-prem data center,manual spreadsheet upload,retire candidate,source-backed candidate
SQL-HCDN-02044,SQL Server instance,Claims Operations,SQL Server 2022,departmental server,Oracle feed,owner conflict,source-backed candidate
SQL-HCDN-02045,SQL database,Clinical Analytics,SQL Server 2012,private cloud,flat-file/SFTP,active,source-backed candidate
SQL-HCDN-02046,departmental mart,Departmental Reporting,SQL Server 2014,on-prem data center,Epic Clarity,stale,lineage incomplete
SQL-HCDN-02047,SSIS package group,Actuarial,SQL Server 2016,departmental server,legacy EDW,duplicate,source-backed candidate
SQL-HCDN-02048,SSAS cube/model,Finance,SQL Server 2019,private cloud,claims warehouse,retire candidate,measure definition conflict
SQL-HCDN-02049,SSRS report server,Quality and Stars,SQL Server 2022,on-prem data center,manual spreadsheet upload,owner conflict,source-backed candidate
SQL-HCDN-02050,SQL Agent schedule group,Revenue Cycle,SQL Server 2012,departmental server,Oracle feed,active,source-backed candidate
