contract_id,vendor_id,vendor_public_reference,contract_type,service_tower,business_function,scope,effective_date,expiration_date,term_status,pricing_model,value_disclosure_mode,termination_rights,minimum_commitment,rate_card_id,service_credit_terms,inflation_provision,change_control_terms,subcontracting_terms,data_residency,transition_assistance,sla_history_source,invoice_source,change_order_source,lot_id,proposal_id,bafo_revision_id,evaluation_criteria_id,risk_note
CONT-HCDN-0001,VEND-HCDN-008,Synthetic Healthcare Supplier 008,SOW,Payer Platform Operations,Revenue Cycle,claims operations,2021-02-01,2027-12-31,renewal within 24 months,T&M,range,standard termination rights,no minimum beyond SOW baseline,RATE-HCDN-002,standard service credits,fixed or negotiated escalator,standard change-control language,subcontracting permitted with controls,US data residency,transition assistance to confirm,SRC-HCDN-SLA-002,SRC-HCDN-INV-002,SRC-HCDN-CO-002,LOT-HCDN-02,,,EVAL-HCDN-002,standard commercial review
CONT-HCDN-0002,VEND-HCDN-015,Synthetic Healthcare Supplier 015,rate card,Data Analytics and AI,Patient Access,Medicare Advantage quality services,2022-03-01,2028-12-31,active multi-year,unit rate,indexed,standard termination rights,no minimum beyond SOW baseline,RATE-HCDN-003,standard service credits,fixed or negotiated escalator,standard change-control language,subcontracting permitted with controls,US data residency,transition assistance to confirm,SRC-HCDN-SLA-003,SRC-HCDN-INV-003,SRC-HCDN-CO-003,LOT-HCDN-03,,,EVAL-HCDN-003,standard commercial review
CONT-HCDN-0003,VEND-HCDN-022,Synthetic Healthcare Supplier 022,Epic support agreement,Revenue Cycle Technology,Interoperability,risk adjustment analytics,2023-04-01,2026-12-31,extension option,per member per month,trend-only,standard termination rights,no minimum beyond SOW baseline,RATE-HCDN-004,standard service credits,fixed or negotiated escalator,standard change-control language,subcontracting permitted with controls,US data residency,transition assistance to confirm,SRC-HCDN-SLA-004,SRC-HCDN-INV-004,SRC-HCDN-CO-004,LOT-HCDN-04,PROP-HCDN-01,,EVAL-HCDN-004,standard commercial review
CONT-HCDN-0004,VEND-HCDN-029,Synthetic Healthcare Supplier 029,claims admin agreement,Cloud Infrastructure and Data Center,Population Health,prior authorization operations,2020-05-01,2027-12-31,transition assistance required,per claim,withheld,standard termination rights,no minimum beyond SOW baseline,RATE-HCDN-005,standard service credits,fixed or negotiated escalator,standard change-control language,subcontracting permitted with controls,US data residency,transition assistance explicit,SRC-HCDN-SLA-005,SRC-HCDN-INV-005,SRC-HCDN-CO-005,LOT-HCDN-05,,,EVAL-HCDN-005,standard commercial review
CONT-HCDN-0005,VEND-HCDN-036,Synthetic Healthcare Supplier 036,PBM services SOW,Workplace and Contact Center,Health Plan Operations,revenue-cycle outsourcing,2021-06-01,2028-12-31,exit rights need review,per encounter,exact,standard termination rights,no minimum beyond SOW baseline,RATE-HCDN-006,service credits capped and under-defined,fixed or negotiated escalator,standard change-control language,subcontracting permitted with controls,US data residency,transition assistance to confirm,SRC-HCDN-SLA-006,SRC-HCDN-INV-006,SRC-HCDN-CO-006,LOT-HCDN-06,,,EVAL-HCDN-006,standard commercial review
CONT-HCDN-0006,VEND-HCDN-043,Synthetic Healthcare Supplier 043,BPO services SOW,Security Identity and Compliance,Medicare Advantage,cloud/data platform operations,2022-07-01,2026-12-31,renewal within 12 months,consumption,range,termination for convenience with notice,no minimum beyond SOW baseline,RATE-HCDN-007,standard service credits,fixed or negotiated escalator,standard change-control language,subcontracting permitted with controls,US data residency,transition assistance to confirm,SRC-HCDN-SLA-007,SRC-HCDN-INV-007,SRC-HCDN-CO-007,LOT-HCDN-07,PROP-HCDN-01,BAFO-HCDN-01,EVAL-HCDN-007,standard commercial review
CONT-HCDN-0007,VEND-HCDN-050,Synthetic Healthcare Supplier 050,cloud commit,Integration and Interoperability,Claims Operations,SQL Server/EDW managed services,2023-08-01,2027-12-31,renewal within 24 months,hybrid fixed plus variable,indexed,standard termination rights,minimum annual commitment applies,RATE-HCDN-008,standard service credits,fixed or negotiated escalator,standard change-control language,subcontracting permitted with controls,US data residency,transition assistance to confirm,SRC-HCDN-SLA-008,SRC-HCDN-INV-008,SRC-HCDN-CO-008,LOT-HCDN-08,,,EVAL-HCDN-008,standard commercial review
CONT-HCDN-0008,VEND-HCDN-057,Synthetic Healthcare Supplier 057,data platform subscription,ERP and Corporate Platforms,Utilization Management,contact center operations,2020-09-01,2028-12-31,active multi-year,committed spend,trend-only,termination limited during transition,no minimum beyond SOW baseline,RATE-HCDN-009,standard service credits,fixed or negotiated escalator,standard change-control language,subcontracting permitted with controls,US data residency,transition assistance explicit,SRC-HCDN-SLA-009,SRC-HCDN-INV-009,SRC-HCDN-CO-009,LOT-HCDN-09,,,EVAL-HCDN-009,high exit-term sensitivity
CONT-HCDN-0009,VEND-HCDN-064,Synthetic Healthcare Supplier 064,software subscription,Clinical and Epic AMS,Member Services,payment integrity,2021-01-01,2026-12-31,extension option,outcome-linked,withheld,standard termination rights,no minimum beyond SOW baseline,RATE-HCDN-010,standard service credits,CPI escalator above threshold,standard change-control language,subcontracting permitted with controls,US data residency,transition assistance to confirm,SRC-HCDN-SLA-010,SRC-HCDN-INV-010,SRC-HCDN-CO-010,LOT-HCDN-01,PROP-HCDN-01,,EVAL-HCDN-010,standard commercial review
CONT-HCDN-0010,VEND-HCDN-071,Synthetic Healthcare Supplier 071,professional services SOW,Payer Platform Operations,Quality and Stars,identity/security operations,2022-02-01,2027-12-31,transition assistance required,fixed fee,exact,standard termination rights,no minimum beyond SOW baseline,RATE-HCDN-011,service credits capped and under-defined,fixed or negotiated escalator,standard change-control language,subcontracting permitted with controls,PHI/data residency review required,transition assistance to confirm,SRC-HCDN-SLA-011,SRC-HCDN-INV-011,SRC-HCDN-CO-011,LOT-HCDN-02,,,EVAL-HCDN-011,supplier concentration
CONT-HCDN-0011,VEND-HCDN-078,Synthetic Healthcare Supplier 078,maintenance agreement,Data Analytics and AI,Risk Adjustment,interoperability services,2023-03-01,2028-12-31,exit rights need review,T&M,range,standard termination rights,no minimum beyond SOW baseline,RATE-HCDN-012,standard service credits,fixed or negotiated escalator,change-control ambiguity,subcontracting permitted with controls,US data residency,transition assistance to confirm,SRC-HCDN-SLA-012,SRC-HCDN-INV-012,SRC-HCDN-CO-012,LOT-HCDN-03,,,EVAL-HCDN-012,standard commercial review
CONT-HCDN-0012,VEND-HCDN-085,Synthetic Healthcare Supplier 085,telecom services,Revenue Cycle Technology,Care Management,Epic support and optimization,2020-04-01,2026-12-31,renewal within 12 months,unit rate,indexed,termination for convenience with notice,no minimum beyond SOW baseline,RATE-HCDN-013,standard service credits,fixed or negotiated escalator,standard change-control language,subcontractor approval required,US data residency,transition assistance explicit,SRC-HCDN-SLA-013,SRC-HCDN-INV-013,SRC-HCDN-CO-013,LOT-HCDN-04,PROP-HCDN-01,BAFO-HCDN-01,EVAL-HCDN-013,standard commercial review
CONT-HCDN-0013,VEND-HCDN-092,Synthetic Healthcare Supplier 092,cybersecurity services,Cloud Infrastructure and Data Center,Finance,claims operations,2021-05-01,2027-12-31,renewal within 24 months,per member per month,trend-only,standard termination rights,no minimum beyond SOW baseline,RATE-HCDN-014,standard service credits,fixed or negotiated escalator,standard change-control language,subcontracting permitted with controls,US data residency,transition assistance to confirm,SRC-HCDN-SLA-014,SRC-HCDN-INV-014,SRC-HCDN-CO-014,LOT-HCDN-05,,,EVAL-HCDN-014,standard commercial review
CONT-HCDN-0014,VEND-HCDN-099,Synthetic Healthcare Supplier 099,AI/document automation SOW,Workplace and Contact Center,Coding,Medicare Advantage quality services,2022-06-01,2028-12-31,active multi-year,per claim,withheld,standard termination rights,minimum annual commitment applies,RATE-HCDN-015,standard service credits,fixed or negotiated escalator,standard change-control language,subcontracting permitted with controls,US data residency,transition assistance to confirm,SRC-HCDN-SLA-015,SRC-HCDN-INV-015,SRC-HCDN-CO-015,LOT-HCDN-06,,,EVAL-HCDN-015,standard commercial review
CONT-HCDN-0015,VEND-HCDN-106,Synthetic Healthcare Supplier 106,MSA,Security Identity and Compliance,Payer Contracting,risk adjustment analytics,2023-07-01,2026-12-31,extension option,per encounter,exact,standard termination rights,no minimum beyond SOW baseline,RATE-HCDN-016,service credits capped and under-defined,fixed or negotiated escalator,standard change-control language,subcontracting permitted with controls,US data residency,transition assistance to confirm,SRC-HCDN-SLA-016,SRC-HCDN-INV-016,SRC-HCDN-CO-016,LOT-HCDN-07,PROP-HCDN-01,,EVAL-HCDN-016,standard commercial review
CONT-HCDN-0016,VEND-HCDN-113,Synthetic Healthcare Supplier 113,SOW,Integration and Interoperability,Digital Front Door,prior authorization operations,2020-08-01,2027-12-31,transition assistance required,consumption,range,termination limited during transition,no minimum beyond SOW baseline,RATE-HCDN-017,standard service credits,fixed or negotiated escalator,standard change-control language,subcontracting permitted with controls,US data residency,transition assistance explicit,SRC-HCDN-SLA-017,SRC-HCDN-INV-017,SRC-HCDN-CO-017,LOT-HCDN-08,,,EVAL-HCDN-017,high exit-term sensitivity
CONT-HCDN-0017,VEND-HCDN-120,Synthetic Healthcare Supplier 120,rate card,ERP and Corporate Platforms,Contact Center,revenue-cycle outsourcing,2021-09-01,2028-12-31,exit rights need review,hybrid fixed plus variable,indexed,standard termination rights,no minimum beyond SOW baseline,RATE-HCDN-018,standard service credits,fixed or negotiated escalator,standard change-control language,subcontracting permitted with controls,US data residency,transition assistance to confirm,SRC-HCDN-SLA-018,SRC-HCDN-INV-018,SRC-HCDN-CO-018,LOT-HCDN-09,,,EVAL-HCDN-018,standard commercial review
CONT-HCDN-0018,VEND-HCDN-127,Synthetic Healthcare Supplier 127,Epic support agreement,Clinical and Epic AMS,Ambulatory Care,cloud/data platform operations,2022-01-01,2026-12-31,renewal within 12 months,committed spend,trend-only,termination for convenience with notice,no minimum beyond SOW baseline,RATE-HCDN-019,standard service credits,CPI escalator above threshold,standard change-control language,subcontracting permitted with controls,US data residency,transition assistance to confirm,SRC-HCDN-SLA-019,SRC-HCDN-INV-019,SRC-HCDN-CO-019,LOT-HCDN-01,PROP-HCDN-01,BAFO-HCDN-01,EVAL-HCDN-019,standard commercial review
CONT-HCDN-0019,VEND-HCDN-134,Synthetic Healthcare Supplier 134,claims admin agreement,Payer Platform Operations,Emergency Department,SQL Server/EDW managed services,2023-02-01,2027-12-31,renewal within 24 months,outcome-linked,withheld,standard termination rights,no minimum beyond SOW baseline,RATE-HCDN-020,standard service credits,fixed or negotiated escalator,standard change-control language,subcontracting permitted with controls,US data residency,transition assistance to confirm,SRC-HCDN-SLA-020,SRC-HCDN-INV-020,SRC-HCDN-CO-020,LOT-HCDN-02,,,EVAL-HCDN-020,standard commercial review
CONT-HCDN-0020,VEND-HCDN-141,Synthetic Healthcare Supplier 141,PBM services SOW,Data Analytics and AI,Inpatient,contact center operations,2020-03-01,2028-12-31,active multi-year,fixed fee,exact,standard termination rights,no minimum beyond SOW baseline,RATE-HCDN-021,service credits capped and under-defined,fixed or negotiated escalator,standard change-control language,subcontracting permitted with controls,PHI/data residency review required,transition assistance explicit,SRC-HCDN-SLA-021,SRC-HCDN-INV-021,SRC-HCDN-CO-021,LOT-HCDN-03,,,EVAL-HCDN-021,supplier concentration
CONT-HCDN-0021,VEND-HCDN-148,Synthetic Healthcare Supplier 148,BPO services SOW,Revenue Cycle Technology,Surgery,payment integrity,2021-04-01,2026-12-31,extension option,T&M,range,standard termination rights,minimum annual commitment applies,RATE-HCDN-022,standard service credits,fixed or negotiated escalator,standard change-control language,subcontracting permitted with controls,US data residency,transition assistance to confirm,SRC-HCDN-SLA-022,SRC-HCDN-INV-022,SRC-HCDN-CO-022,LOT-HCDN-04,PROP-HCDN-01,,EVAL-HCDN-022,standard commercial review
CONT-HCDN-0022,VEND-HCDN-155,Synthetic Healthcare Supplier 155,cloud commit,Cloud Infrastructure and Data Center,Imaging,identity/security operations,2022-05-01,2027-12-31,transition assistance required,unit rate,indexed,standard termination rights,no minimum beyond SOW baseline,RATE-HCDN-023,standard service credits,fixed or negotiated escalator,change-control ambiguity,subcontracting permitted with controls,US data residency,transition assistance to confirm,SRC-HCDN-SLA-023,SRC-HCDN-INV-023,SRC-HCDN-CO-023,LOT-HCDN-05,,,EVAL-HCDN-023,standard commercial review
CONT-HCDN-0023,VEND-HCDN-162,Synthetic Healthcare Supplier 162,data platform subscription,Workplace and Contact Center,Lab,interoperability services,2023-06-01,2028-12-31,exit rights need review,per member per month,trend-only,standard termination rights,no minimum beyond SOW baseline,RATE-HCDN-024,standard service credits,fixed or negotiated escalator,standard change-control language,subcontracting permitted with controls,US data residency,transition assistance to confirm,SRC-HCDN-SLA-024,SRC-HCDN-INV-024,SRC-HCDN-CO-024,LOT-HCDN-06,,,EVAL-HCDN-024,standard commercial review
CONT-HCDN-0024,VEND-HCDN-169,Synthetic Healthcare Supplier 169,software subscription,Security Identity and Compliance,Pharmacy,Epic support and optimization,2020-07-01,2026-12-31,renewal within 12 months,per claim,withheld,termination for convenience with notice,no minimum beyond SOW baseline,RATE-HCDN-025,standard service credits,fixed or negotiated escalator,standard change-control language,subcontractor approval required,US data residency,transition assistance explicit,SRC-HCDN-SLA-025,SRC-HCDN-INV-025,SRC-HCDN-CO-025,LOT-HCDN-07,PROP-HCDN-01,BAFO-HCDN-01,EVAL-HCDN-001,high exit-term sensitivity
CONT-HCDN-0025,VEND-HCDN-176,Synthetic Healthcare Supplier 176,professional services SOW,Integration and Interoperability,Oncology,claims operations,2021-08-01,2027-12-31,renewal within 24 months,per encounter,exact,standard termination rights,no minimum beyond SOW baseline,RATE-HCDN-026,service credits capped and under-defined,fixed or negotiated escalator,standard change-control language,subcontracting permitted with controls,US data residency,transition assistance to confirm,SRC-HCDN-SLA-026,SRC-HCDN-INV-026,SRC-HCDN-CO-026,LOT-HCDN-08,,,EVAL-HCDN-002,standard commercial review
CONT-HCDN-0026,VEND-HCDN-183,Synthetic Healthcare Supplier 183,maintenance agreement,ERP and Corporate Platforms,Cardiology,Medicare Advantage quality services,2022-09-01,2028-12-31,active multi-year,consumption,range,standard termination rights,no minimum beyond SOW baseline,RATE-HCDN-027,standard service credits,fixed or negotiated escalator,standard change-control language,subcontracting permitted with controls,US data residency,transition assistance to confirm,SRC-HCDN-SLA-027,SRC-HCDN-INV-027,SRC-HCDN-CO-027,LOT-HCDN-09,,,EVAL-HCDN-003,standard commercial review
CONT-HCDN-0027,VEND-HCDN-190,Synthetic Healthcare Supplier 190,telecom services,Clinical and Epic AMS,Data and Analytics,risk adjustment analytics,2023-01-01,2026-12-31,extension option,hybrid fixed plus variable,indexed,standard termination rights,no minimum beyond SOW baseline,RATE-HCDN-028,standard service credits,CPI escalator above threshold,standard change-control language,subcontracting permitted with controls,US data residency,transition assistance to confirm,SRC-HCDN-SLA-028,SRC-HCDN-INV-028,SRC-HCDN-CO-028,LOT-HCDN-01,PROP-HCDN-01,,EVAL-HCDN-004,standard commercial review
CONT-HCDN-0028,VEND-HCDN-197,Synthetic Healthcare Supplier 197,cybersecurity services,Payer Platform Operations,Clinical Analytics,prior authorization operations,2020-02-01,2027-12-31,transition assistance required,committed spend,trend-only,standard termination rights,minimum annual commitment applies,RATE-HCDN-029,standard service credits,fixed or negotiated escalator,standard change-control language,subcontracting permitted with controls,US data residency,transition assistance explicit,SRC-HCDN-SLA-029,SRC-HCDN-INV-029,SRC-HCDN-CO-029,LOT-HCDN-02,,,EVAL-HCDN-005,standard commercial review
CONT-HCDN-0029,VEND-HCDN-204,Synthetic Healthcare Supplier 204,AI/document automation SOW,Data Analytics and AI,Actuarial,revenue-cycle outsourcing,2021-03-01,2028-12-31,exit rights need review,outcome-linked,withheld,standard termination rights,no minimum beyond SOW baseline,RATE-HCDN-030,standard service credits,fixed or negotiated escalator,standard change-control language,subcontracting permitted with controls,US data residency,transition assistance to confirm,SRC-HCDN-SLA-030,SRC-HCDN-INV-030,SRC-HCDN-CO-030,LOT-HCDN-03,,,EVAL-HCDN-006,standard commercial review
CONT-HCDN-0030,VEND-HCDN-211,Synthetic Healthcare Supplier 211,MSA,Revenue Cycle Technology,Departmental Reporting,cloud/data platform operations,2022-04-01,2026-12-31,renewal within 12 months,fixed fee,exact,termination for convenience with notice,no minimum beyond SOW baseline,RATE-HCDN-031,service credits capped and under-defined,fixed or negotiated escalator,standard change-control language,subcontracting permitted with controls,PHI/data residency review required,transition assistance to confirm,SRC-HCDN-SLA-031,SRC-HCDN-INV-031,SRC-HCDN-CO-031,LOT-HCDN-04,PROP-HCDN-01,BAFO-HCDN-01,EVAL-HCDN-007,supplier concentration
CONT-HCDN-0031,VEND-HCDN-218,Synthetic Healthcare Supplier 218,SOW,Cloud Infrastructure and Data Center,AI Transformation,SQL Server/EDW managed services,2023-05-01,2027-12-31,renewal within 24 months,T&M,range,standard termination rights,no minimum beyond SOW baseline,RATE-HCDN-032,standard service credits,fixed or negotiated escalator,standard change-control language,subcontracting permitted with controls,US data residency,transition assistance to confirm,SRC-HCDN-SLA-032,SRC-HCDN-INV-032,SRC-HCDN-CO-032,LOT-HCDN-05,,,EVAL-HCDN-008,standard commercial review
CONT-HCDN-0032,VEND-HCDN-225,Synthetic Healthcare Supplier 225,rate card,Workplace and Contact Center,Technology,contact center operations,2020-06-01,2028-12-31,active multi-year,unit rate,indexed,termination limited during transition,no minimum beyond SOW baseline,RATE-HCDN-033,standard service credits,fixed or negotiated escalator,standard change-control language,subcontracting permitted with controls,US data residency,transition assistance explicit,SRC-HCDN-SLA-033,SRC-HCDN-INV-033,SRC-HCDN-CO-033,LOT-HCDN-06,,,EVAL-HCDN-009,high exit-term sensitivity
CONT-HCDN-0033,VEND-HCDN-232,Synthetic Healthcare Supplier 232,Epic support agreement,Security Identity and Compliance,Security,payment integrity,2021-07-01,2026-12-31,extension option,per member per month,trend-only,standard termination rights,no minimum beyond SOW baseline,RATE-HCDN-034,standard service credits,fixed or negotiated escalator,change-control ambiguity,subcontracting permitted with controls,US data residency,transition assistance to confirm,SRC-HCDN-SLA-034,SRC-HCDN-INV-034,SRC-HCDN-CO-034,LOT-HCDN-07,PROP-HCDN-01,,EVAL-HCDN-010,standard commercial review
CONT-HCDN-0034,VEND-HCDN-239,Synthetic Healthcare Supplier 239,claims admin agreement,Integration and Interoperability,Procurement,identity/security operations,2022-08-01,2027-12-31,transition assistance required,per claim,withheld,standard termination rights,no minimum beyond SOW baseline,RATE-HCDN-035,standard service credits,fixed or negotiated escalator,standard change-control language,subcontracting permitted with controls,US data residency,transition assistance to confirm,SRC-HCDN-SLA-035,SRC-HCDN-INV-035,SRC-HCDN-CO-035,LOT-HCDN-08,,,EVAL-HCDN-011,standard commercial review
CONT-HCDN-0035,VEND-HCDN-246,Synthetic Healthcare Supplier 246,PBM services SOW,ERP and Corporate Platforms,HR,interoperability services,2023-09-01,2028-12-31,exit rights need review,per encounter,exact,standard termination rights,minimum annual commitment applies,RATE-HCDN-036,service credits capped and under-defined,fixed or negotiated escalator,standard change-control language,subcontracting permitted with controls,US data residency,transition assistance to confirm,SRC-HCDN-SLA-036,SRC-HCDN-INV-036,SRC-HCDN-CO-036,LOT-HCDN-09,,,EVAL-HCDN-012,standard commercial review
CONT-HCDN-0036,VEND-HCDN-253,Synthetic Healthcare Supplier 253,BPO services SOW,Clinical and Epic AMS,Supply Chain,Epic support and optimization,2020-01-01,2026-12-31,renewal within 12 months,consumption,range,termination for convenience with notice,no minimum beyond SOW baseline,RATE-HCDN-037,standard service credits,CPI escalator above threshold,standard change-control language,subcontractor approval required,US data residency,transition assistance explicit,SRC-HCDN-SLA-001,SRC-HCDN-INV-037,SRC-HCDN-CO-037,LOT-HCDN-01,PROP-HCDN-01,BAFO-HCDN-01,EVAL-HCDN-013,standard commercial review
CONT-HCDN-0037,VEND-HCDN-260,Synthetic Healthcare Supplier 260,cloud commit,Payer Platform Operations,Privacy,claims operations,2021-02-01,2027-12-31,renewal within 24 months,hybrid fixed plus variable,indexed,standard termination rights,no minimum beyond SOW baseline,RATE-HCDN-038,standard service credits,fixed or negotiated escalator,standard change-control language,subcontracting permitted with controls,US data residency,transition assistance to confirm,SRC-HCDN-SLA-002,SRC-HCDN-INV-038,SRC-HCDN-CO-038,LOT-HCDN-02,,,EVAL-HCDN-014,standard commercial review
CONT-HCDN-0038,VEND-HCDN-267,Synthetic Healthcare Supplier 267,data platform subscription,Data Analytics and AI,Compliance,Medicare Advantage quality services,2022-03-01,2028-12-31,active multi-year,committed spend,trend-only,standard termination rights,no minimum beyond SOW baseline,RATE-HCDN-039,standard service credits,fixed or negotiated escalator,standard change-control language,subcontracting permitted with controls,US data residency,transition assistance to confirm,SRC-HCDN-SLA-003,SRC-HCDN-INV-039,SRC-HCDN-CO-039,LOT-HCDN-03,,,EVAL-HCDN-015,standard commercial review
CONT-HCDN-0039,VEND-HCDN-274,Synthetic Healthcare Supplier 274,software subscription,Revenue Cycle Technology,Provider Network,risk adjustment analytics,2023-04-01,2026-12-31,extension option,outcome-linked,withheld,standard termination rights,no minimum beyond SOW baseline,RATE-HCDN-040,standard service credits,fixed or negotiated escalator,standard change-control language,subcontracting permitted with controls,US data residency,transition assistance to confirm,SRC-HCDN-SLA-004,SRC-HCDN-INV-040,SRC-HCDN-CO-040,LOT-HCDN-04,PROP-HCDN-01,,EVAL-HCDN-016,standard commercial review
CONT-HCDN-0040,VEND-HCDN-281,Synthetic Healthcare Supplier 281,professional services SOW,Cloud Infrastructure and Data Center,Value-Based Care,prior authorization operations,2020-05-01,2027-12-31,transition assistance required,fixed fee,exact,termination limited during transition,no minimum beyond SOW baseline,RATE-HCDN-041,service credits capped and under-defined,fixed or negotiated escalator,standard change-control language,subcontracting permitted with controls,PHI/data residency review required,transition assistance explicit,SRC-HCDN-SLA-005,SRC-HCDN-INV-041,SRC-HCDN-CO-041,LOT-HCDN-05,,,EVAL-HCDN-017,high exit-term sensitivity
CONT-HCDN-0041,VEND-HCDN-288,Synthetic Healthcare Supplier 288,maintenance agreement,Workplace and Contact Center,Clinical Operations,revenue-cycle outsourcing,2021-06-01,2028-12-31,exit rights need review,T&M,range,standard termination rights,no minimum beyond SOW baseline,RATE-HCDN-042,standard service credits,fixed or negotiated escalator,standard change-control language,subcontracting permitted with controls,US data residency,transition assistance to confirm,SRC-HCDN-SLA-006,SRC-HCDN-INV-042,SRC-HCDN-CO-042,LOT-HCDN-06,,,EVAL-HCDN-018,standard commercial review
CONT-HCDN-0042,VEND-HCDN-295,Synthetic Healthcare Supplier 295,telecom services,Security Identity and Compliance,Revenue Cycle,cloud/data platform operations,2022-07-01,2026-12-31,renewal within 12 months,unit rate,indexed,termination for convenience with notice,minimum annual commitment applies,RATE-HCDN-043,standard service credits,fixed or negotiated escalator,standard change-control language,subcontracting permitted with controls,US data residency,transition assistance to confirm,SRC-HCDN-SLA-007,SRC-HCDN-INV-043,SRC-HCDN-CO-043,LOT-HCDN-07,PROP-HCDN-01,BAFO-HCDN-01,EVAL-HCDN-019,standard commercial review
CONT-HCDN-0043,VEND-HCDN-302,Synthetic Healthcare Supplier 302,cybersecurity services,Integration and Interoperability,Patient Access,SQL Server/EDW managed services,2023-08-01,2027-12-31,renewal within 24 months,per member per month,trend-only,standard termination rights,no minimum beyond SOW baseline,RATE-HCDN-044,standard service credits,fixed or negotiated escalator,standard change-control language,subcontracting permitted with controls,US data residency,transition assistance to confirm,SRC-HCDN-SLA-008,SRC-HCDN-INV-044,SRC-HCDN-CO-044,LOT-HCDN-08,,,EVAL-HCDN-020,standard commercial review
CONT-HCDN-0044,VEND-HCDN-309,Synthetic Healthcare Supplier 309,AI/document automation SOW,ERP and Corporate Platforms,Interoperability,contact center operations,2020-09-01,2028-12-31,active multi-year,per claim,withheld,standard termination rights,no minimum beyond SOW baseline,RATE-HCDN-045,standard service credits,fixed or negotiated escalator,change-control ambiguity,subcontracting permitted with controls,US data residency,transition assistance explicit,SRC-HCDN-SLA-009,SRC-HCDN-INV-045,SRC-HCDN-CO-045,LOT-HCDN-09,,,EVAL-HCDN-021,standard commercial review
CONT-HCDN-0045,VEND-HCDN-316,Synthetic Healthcare Supplier 316,MSA,Clinical and Epic AMS,Population Health,payment integrity,2021-01-01,2026-12-31,extension option,per encounter,exact,standard termination rights,no minimum beyond SOW baseline,RATE-HCDN-046,service credits capped and under-defined,CPI escalator above threshold,standard change-control language,subcontracting permitted with controls,US data residency,transition assistance to confirm,SRC-HCDN-SLA-010,SRC-HCDN-INV-046,SRC-HCDN-CO-046,LOT-HCDN-01,PROP-HCDN-01,,EVAL-HCDN-022,standard commercial review
CONT-HCDN-0046,VEND-HCDN-323,Synthetic Healthcare Supplier 323,SOW,Payer Platform Operations,Health Plan Operations,identity/security operations,2022-02-01,2027-12-31,transition assistance required,consumption,range,standard termination rights,no minimum beyond SOW baseline,RATE-HCDN-047,standard service credits,fixed or negotiated escalator,standard change-control language,subcontracting permitted with controls,US data residency,transition assistance to confirm,SRC-HCDN-SLA-011,SRC-HCDN-INV-047,SRC-HCDN-CO-047,LOT-HCDN-02,,,EVAL-HCDN-023,standard commercial review
CONT-HCDN-0047,VEND-HCDN-330,Synthetic Healthcare Supplier 330,rate card,Data Analytics and AI,Medicare Advantage,interoperability services,2023-03-01,2028-12-31,exit rights need review,hybrid fixed plus variable,indexed,standard termination rights,no minimum beyond SOW baseline,RATE-HCDN-048,standard service credits,fixed or negotiated escalator,standard change-control language,subcontracting permitted with controls,US data residency,transition assistance to confirm,SRC-HCDN-SLA-012,SRC-HCDN-INV-048,SRC-HCDN-CO-048,LOT-HCDN-03,,,EVAL-HCDN-024,standard commercial review
CONT-HCDN-0048,VEND-HCDN-337,Synthetic Healthcare Supplier 337,Epic support agreement,Revenue Cycle Technology,Claims Operations,Epic support and optimization,2020-04-01,2026-12-31,renewal within 12 months,committed spend,trend-only,termination for convenience with notice,no minimum beyond SOW baseline,RATE-HCDN-049,standard service credits,fixed or negotiated escalator,standard change-control language,subcontractor approval required,US data residency,transition assistance explicit,SRC-HCDN-SLA-013,SRC-HCDN-INV-001,SRC-HCDN-CO-049,LOT-HCDN-04,PROP-HCDN-01,BAFO-HCDN-01,EVAL-HCDN-001,high exit-term sensitivity
CONT-HCDN-0049,VEND-HCDN-344,Synthetic Healthcare Supplier 344,claims admin agreement,Cloud Infrastructure and Data Center,Utilization Management,claims operations,2021-05-01,2027-12-31,renewal within 24 months,outcome-linked,withheld,standard termination rights,minimum annual commitment applies,RATE-HCDN-050,standard service credits,fixed or negotiated escalator,standard change-control language,subcontracting permitted with controls,US data residency,transition assistance to confirm,SRC-HCDN-SLA-014,SRC-HCDN-INV-002,SRC-HCDN-CO-050,LOT-HCDN-05,,,EVAL-HCDN-002,standard commercial review
CONT-HCDN-0050,VEND-HCDN-351,Synthetic Healthcare Supplier 351,PBM services SOW,Workplace and Contact Center,Member Services,Medicare Advantage quality services,2022-06-01,2028-12-31,active multi-year,fixed fee,exact,standard termination rights,no minimum beyond SOW baseline,RATE-HCDN-051,service credits capped and under-defined,fixed or negotiated escalator,standard change-control language,subcontracting permitted with controls,PHI/data residency review required,transition assistance to confirm,SRC-HCDN-SLA-015,SRC-HCDN-INV-003,SRC-HCDN-CO-051,LOT-HCDN-06,,,EVAL-HCDN-003,supplier concentration
CONT-HCDN-0051,VEND-HCDN-358,Synthetic Healthcare Supplier 358,BPO services SOW,Security Identity and Compliance,Quality and Stars,risk adjustment analytics,2023-07-01,2026-12-31,extension option,T&M,range,standard termination rights,no minimum beyond SOW baseline,RATE-HCDN-052,standard service credits,fixed or negotiated escalator,standard change-control language,subcontracting permitted with controls,US data residency,transition assistance to confirm,SRC-HCDN-SLA-016,SRC-HCDN-INV-004,SRC-HCDN-CO-052,LOT-HCDN-07,PROP-HCDN-01,,EVAL-HCDN-004,standard commercial review
CONT-HCDN-0052,VEND-HCDN-365,Synthetic Healthcare Supplier 365,cloud commit,Integration and Interoperability,Risk Adjustment,prior authorization operations,2020-08-01,2027-12-31,transition assistance required,unit rate,indexed,standard termination rights,no minimum beyond SOW baseline,RATE-HCDN-053,standard service credits,fixed or negotiated escalator,standard change-control language,subcontracting permitted with controls,US data residency,transition assistance explicit,SRC-HCDN-SLA-017,SRC-HCDN-INV-005,SRC-HCDN-CO-001,LOT-HCDN-08,,,EVAL-HCDN-005,standard commercial review
CONT-HCDN-0053,VEND-HCDN-372,Synthetic Healthcare Supplier 372,data platform subscription,ERP and Corporate Platforms,Care Management,revenue-cycle outsourcing,2021-09-01,2028-12-31,exit rights need review,per member per month,trend-only,standard termination rights,no minimum beyond SOW baseline,RATE-HCDN-054,standard service credits,fixed or negotiated escalator,standard change-control language,subcontracting permitted with controls,US data residency,transition assistance to confirm,SRC-HCDN-SLA-018,SRC-HCDN-INV-006,SRC-HCDN-CO-002,LOT-HCDN-09,,,EVAL-HCDN-006,standard commercial review
CONT-HCDN-0054,VEND-HCDN-379,Synthetic Healthcare Supplier 379,software subscription,Clinical and Epic AMS,Finance,cloud/data platform operations,2022-01-01,2026-12-31,renewal within 12 months,per claim,withheld,termination for convenience with notice,no minimum beyond SOW baseline,RATE-HCDN-055,standard service credits,CPI escalator above threshold,standard change-control language,subcontracting permitted with controls,US data residency,transition assistance to confirm,SRC-HCDN-SLA-019,SRC-HCDN-INV-007,SRC-HCDN-CO-003,LOT-HCDN-01,PROP-HCDN-01,BAFO-HCDN-01,EVAL-HCDN-007,standard commercial review
CONT-HCDN-0055,VEND-HCDN-386,Synthetic Healthcare Supplier 386,professional services SOW,Payer Platform Operations,Coding,SQL Server/EDW managed services,2023-02-01,2027-12-31,renewal within 24 months,per encounter,exact,standard termination rights,no minimum beyond SOW baseline,RATE-HCDN-056,service credits capped and under-defined,fixed or negotiated escalator,change-control ambiguity,subcontracting permitted with controls,US data residency,transition assistance to confirm,SRC-HCDN-SLA-020,SRC-HCDN-INV-008,SRC-HCDN-CO-004,LOT-HCDN-02,,,EVAL-HCDN-008,standard commercial review
CONT-HCDN-0056,VEND-HCDN-393,Synthetic Healthcare Supplier 393,maintenance agreement,Data Analytics and AI,Payer Contracting,contact center operations,2020-03-01,2028-12-31,active multi-year,consumption,range,termination limited during transition,minimum annual commitment applies,RATE-HCDN-057,standard service credits,fixed or negotiated escalator,standard change-control language,subcontracting permitted with controls,US data residency,transition assistance explicit,SRC-HCDN-SLA-021,SRC-HCDN-INV-009,SRC-HCDN-CO-005,LOT-HCDN-03,,,EVAL-HCDN-009,high exit-term sensitivity
CONT-HCDN-0057,VEND-HCDN-400,Synthetic Healthcare Supplier 400,telecom services,Revenue Cycle Technology,Digital Front Door,payment integrity,2021-04-01,2026-12-31,extension option,hybrid fixed plus variable,indexed,standard termination rights,no minimum beyond SOW baseline,RATE-HCDN-058,standard service credits,fixed or negotiated escalator,standard change-control language,subcontracting permitted with controls,US data residency,transition assistance to confirm,SRC-HCDN-SLA-022,SRC-HCDN-INV-010,SRC-HCDN-CO-006,LOT-HCDN-04,PROP-HCDN-01,,EVAL-HCDN-010,standard commercial review
CONT-HCDN-0058,VEND-HCDN-407,Synthetic Healthcare Supplier 407,cybersecurity services,Cloud Infrastructure and Data Center,Contact Center,identity/security operations,2022-05-01,2027-12-31,transition assistance required,committed spend,trend-only,standard termination rights,no minimum beyond SOW baseline,RATE-HCDN-059,standard service credits,fixed or negotiated escalator,standard change-control language,subcontracting permitted with controls,US data residency,transition assistance to confirm,SRC-HCDN-SLA-023,SRC-HCDN-INV-011,SRC-HCDN-CO-007,LOT-HCDN-05,,,EVAL-HCDN-011,standard commercial review
CONT-HCDN-0059,VEND-HCDN-414,Synthetic Healthcare Supplier 414,AI/document automation SOW,Workplace and Contact Center,Ambulatory Care,interoperability services,2023-06-01,2028-12-31,exit rights need review,outcome-linked,withheld,standard termination rights,no minimum beyond SOW baseline,RATE-HCDN-060,standard service credits,fixed or negotiated escalator,standard change-control language,subcontracting permitted with controls,US data residency,transition assistance to confirm,SRC-HCDN-SLA-024,SRC-HCDN-INV-012,SRC-HCDN-CO-008,LOT-HCDN-06,,,EVAL-HCDN-012,standard commercial review
CONT-HCDN-0060,VEND-HCDN-421,Synthetic Healthcare Supplier 421,MSA,Security Identity and Compliance,Emergency Department,Epic support and optimization,2020-07-01,2026-12-31,renewal within 12 months,fixed fee,exact,termination for convenience with notice,no minimum beyond SOW baseline,RATE-HCDN-061,service credits capped and under-defined,fixed or negotiated escalator,standard change-control language,subcontractor approval required,PHI/data residency review required,transition assistance explicit,SRC-HCDN-SLA-025,SRC-HCDN-INV-013,SRC-HCDN-CO-009,LOT-HCDN-07,PROP-HCDN-01,BAFO-HCDN-01,EVAL-HCDN-013,supplier concentration
CONT-HCDN-0061,VEND-HCDN-428,Synthetic Healthcare Supplier 428,SOW,Integration and Interoperability,Inpatient,claims operations,2021-08-01,2027-12-31,renewal within 24 months,T&M,range,standard termination rights,no minimum beyond SOW baseline,RATE-HCDN-062,standard service credits,fixed or negotiated escalator,standard change-control language,subcontracting permitted with controls,US data residency,transition assistance to confirm,SRC-HCDN-SLA-026,SRC-HCDN-INV-014,SRC-HCDN-CO-010,LOT-HCDN-08,,,EVAL-HCDN-014,standard commercial review
CONT-HCDN-0062,VEND-HCDN-435,Synthetic Healthcare Supplier 435,rate card,ERP and Corporate Platforms,Surgery,Medicare Advantage quality services,2022-09-01,2028-12-31,active multi-year,unit rate,indexed,standard termination rights,no minimum beyond SOW baseline,RATE-HCDN-063,standard service credits,fixed or negotiated escalator,standard change-control language,subcontracting permitted with controls,US data residency,transition assistance to confirm,SRC-HCDN-SLA-027,SRC-HCDN-INV-015,SRC-HCDN-CO-011,LOT-HCDN-09,,,EVAL-HCDN-015,standard commercial review
CONT-HCDN-0063,VEND-HCDN-442,Synthetic Healthcare Supplier 442,Epic support agreement,Clinical and Epic AMS,Imaging,risk adjustment analytics,2023-01-01,2026-12-31,extension option,per member per month,trend-only,standard termination rights,minimum annual commitment applies,RATE-HCDN-064,standard service credits,CPI escalator above threshold,standard change-control language,subcontracting permitted with controls,US data residency,transition assistance to confirm,SRC-HCDN-SLA-028,SRC-HCDN-INV-016,SRC-HCDN-CO-012,LOT-HCDN-01,PROP-HCDN-01,,EVAL-HCDN-016,standard commercial review
CONT-HCDN-0064,VEND-HCDN-449,Synthetic Healthcare Supplier 449,claims admin agreement,Payer Platform Operations,Lab,prior authorization operations,2020-02-01,2027-12-31,transition assistance required,per claim,withheld,termination limited during transition,no minimum beyond SOW baseline,RATE-HCDN-065,standard service credits,fixed or negotiated escalator,standard change-control language,subcontracting permitted with controls,US data residency,transition assistance explicit,SRC-HCDN-SLA-029,SRC-HCDN-INV-017,SRC-HCDN-CO-013,LOT-HCDN-02,,,EVAL-HCDN-017,high exit-term sensitivity
CONT-HCDN-0065,VEND-HCDN-456,Synthetic Healthcare Supplier 456,PBM services SOW,Data Analytics and AI,Pharmacy,revenue-cycle outsourcing,2021-03-01,2028-12-31,exit rights need review,per encounter,exact,standard termination rights,no minimum beyond SOW baseline,RATE-HCDN-066,service credits capped and under-defined,fixed or negotiated escalator,standard change-control language,subcontracting permitted with controls,US data residency,transition assistance to confirm,SRC-HCDN-SLA-030,SRC-HCDN-INV-018,SRC-HCDN-CO-014,LOT-HCDN-03,,,EVAL-HCDN-018,standard commercial review
CONT-HCDN-0066,VEND-HCDN-463,Synthetic Healthcare Supplier 463,BPO services SOW,Revenue Cycle Technology,Oncology,cloud/data platform operations,2022-04-01,2026-12-31,renewal within 12 months,consumption,range,termination for convenience with notice,no minimum beyond SOW baseline,RATE-HCDN-067,standard service credits,fixed or negotiated escalator,change-control ambiguity,subcontracting permitted with controls,US data residency,transition assistance to confirm,SRC-HCDN-SLA-031,SRC-HCDN-INV-019,SRC-HCDN-CO-015,LOT-HCDN-04,PROP-HCDN-01,BAFO-HCDN-01,EVAL-HCDN-019,standard commercial review
CONT-HCDN-0067,VEND-HCDN-470,Synthetic Healthcare Supplier 470,cloud commit,Cloud Infrastructure and Data Center,Cardiology,SQL Server/EDW managed services,2023-05-01,2027-12-31,renewal within 24 months,hybrid fixed plus variable,indexed,standard termination rights,no minimum beyond SOW baseline,RATE-HCDN-068,standard service credits,fixed or negotiated escalator,standard change-control language,subcontracting permitted with controls,US data residency,transition assistance to confirm,SRC-HCDN-SLA-032,SRC-HCDN-INV-020,SRC-HCDN-CO-016,LOT-HCDN-05,,,EVAL-HCDN-020,standard commercial review
CONT-HCDN-0068,VEND-HCDN-477,Synthetic Healthcare Supplier 477,data platform subscription,Workplace and Contact Center,Data and Analytics,contact center operations,2020-06-01,2028-12-31,active multi-year,committed spend,trend-only,standard termination rights,no minimum beyond SOW baseline,RATE-HCDN-069,standard service credits,fixed or negotiated escalator,standard change-control language,subcontracting permitted with controls,US data residency,transition assistance explicit,SRC-HCDN-SLA-033,SRC-HCDN-INV-021,SRC-HCDN-CO-017,LOT-HCDN-06,,,EVAL-HCDN-021,standard commercial review
CONT-HCDN-0069,VEND-HCDN-004,Synthetic Healthcare Supplier 004,software subscription,Security Identity and Compliance,Clinical Analytics,payment integrity,2021-07-01,2026-12-31,extension option,outcome-linked,withheld,standard termination rights,no minimum beyond SOW baseline,RATE-HCDN-070,standard service credits,fixed or negotiated escalator,standard change-control language,subcontracting permitted with controls,US data residency,transition assistance to confirm,SRC-HCDN-SLA-034,SRC-HCDN-INV-022,SRC-HCDN-CO-018,LOT-HCDN-07,PROP-HCDN-01,,EVAL-HCDN-022,standard commercial review
CONT-HCDN-0070,VEND-HCDN-011,Synthetic Healthcare Supplier 011,professional services SOW,Integration and Interoperability,Actuarial,identity/security operations,2022-08-01,2027-12-31,transition assistance required,fixed fee,exact,standard termination rights,minimum annual commitment applies,RATE-HCDN-071,service credits capped and under-defined,fixed or negotiated escalator,standard change-control language,subcontracting permitted with controls,PHI/data residency review required,transition assistance to confirm,SRC-HCDN-SLA-035,SRC-HCDN-INV-023,SRC-HCDN-CO-019,LOT-HCDN-08,,,EVAL-HCDN-023,supplier concentration
CONT-HCDN-0071,VEND-HCDN-018,Synthetic Healthcare Supplier 018,maintenance agreement,ERP and Corporate Platforms,Departmental Reporting,interoperability services,2023-09-01,2028-12-31,exit rights need review,T&M,range,standard termination rights,no minimum beyond SOW baseline,RATE-HCDN-072,standard service credits,fixed or negotiated escalator,standard change-control language,subcontracting permitted with controls,US data residency,transition assistance to confirm,SRC-HCDN-SLA-036,SRC-HCDN-INV-024,SRC-HCDN-CO-020,LOT-HCDN-09,,,EVAL-HCDN-024,standard commercial review
CONT-HCDN-0072,VEND-HCDN-025,Synthetic Healthcare Supplier 025,telecom services,Clinical and Epic AMS,AI Transformation,Epic support and optimization,2020-01-01,2026-12-31,renewal within 12 months,unit rate,indexed,termination for convenience with notice,no minimum beyond SOW baseline,RATE-HCDN-073,standard service credits,CPI escalator above threshold,standard change-control language,subcontractor approval required,US data residency,transition assistance explicit,SRC-HCDN-SLA-001,SRC-HCDN-INV-025,SRC-HCDN-CO-021,LOT-HCDN-01,PROP-HCDN-01,BAFO-HCDN-01,EVAL-HCDN-001,high exit-term sensitivity
CONT-HCDN-0073,VEND-HCDN-032,Synthetic Healthcare Supplier 032,cybersecurity services,Payer Platform Operations,Technology,claims operations,2021-02-01,2027-12-31,renewal within 24 months,per member per month,trend-only,standard termination rights,no minimum beyond SOW baseline,RATE-HCDN-074,standard service credits,fixed or negotiated escalator,standard change-control language,subcontracting permitted with controls,US data residency,transition assistance to confirm,SRC-HCDN-SLA-002,SRC-HCDN-INV-026,SRC-HCDN-CO-022,LOT-HCDN-02,,,EVAL-HCDN-002,standard commercial review
CONT-HCDN-0074,VEND-HCDN-039,Synthetic Healthcare Supplier 039,AI/document automation SOW,Data Analytics and AI,Security,Medicare Advantage quality services,2022-03-01,2028-12-31,active multi-year,per claim,withheld,standard termination rights,no minimum beyond SOW baseline,RATE-HCDN-075,standard service credits,fixed or negotiated escalator,standard change-control language,subcontracting permitted with controls,US data residency,transition assistance to confirm,SRC-HCDN-SLA-003,SRC-HCDN-INV-027,SRC-HCDN-CO-023,LOT-HCDN-03,,,EVAL-HCDN-003,standard commercial review
CONT-HCDN-0075,VEND-HCDN-046,Synthetic Healthcare Supplier 046,MSA,Revenue Cycle Technology,Procurement,risk adjustment analytics,2023-04-01,2026-12-31,extension option,per encounter,exact,standard termination rights,no minimum beyond SOW baseline,RATE-HCDN-076,service credits capped and under-defined,fixed or negotiated escalator,standard change-control language,subcontracting permitted with controls,US data residency,transition assistance to confirm,SRC-HCDN-SLA-004,SRC-HCDN-INV-028,SRC-HCDN-CO-024,LOT-HCDN-04,PROP-HCDN-01,,EVAL-HCDN-004,standard commercial review
CONT-HCDN-0076,VEND-HCDN-053,Synthetic Healthcare Supplier 053,SOW,Cloud Infrastructure and Data Center,HR,prior authorization operations,2020-05-01,2027-12-31,transition assistance required,consumption,range,standard termination rights,no minimum beyond SOW baseline,RATE-HCDN-077,standard service credits,fixed or negotiated escalator,standard change-control language,subcontracting permitted with controls,US data residency,transition assistance explicit,SRC-HCDN-SLA-005,SRC-HCDN-INV-029,SRC-HCDN-CO-025,LOT-HCDN-05,,,EVAL-HCDN-005,standard commercial review
CONT-HCDN-0077,VEND-HCDN-060,Synthetic Healthcare Supplier 060,rate card,Workplace and Contact Center,Supply Chain,revenue-cycle outsourcing,2021-06-01,2028-12-31,exit rights need review,hybrid fixed plus variable,indexed,standard termination rights,minimum annual commitment applies,RATE-HCDN-078,standard service credits,fixed or negotiated escalator,change-control ambiguity,subcontracting permitted with controls,US data residency,transition assistance to confirm,SRC-HCDN-SLA-006,SRC-HCDN-INV-030,SRC-HCDN-CO-026,LOT-HCDN-06,,,EVAL-HCDN-006,standard commercial review
CONT-HCDN-0078,VEND-HCDN-067,Synthetic Healthcare Supplier 067,Epic support agreement,Security Identity and Compliance,Privacy,cloud/data platform operations,2022-07-01,2026-12-31,renewal within 12 months,committed spend,trend-only,termination for convenience with notice,no minimum beyond SOW baseline,RATE-HCDN-079,standard service credits,fixed or negotiated escalator,standard change-control language,subcontracting permitted with controls,US data residency,transition assistance to confirm,SRC-HCDN-SLA-007,SRC-HCDN-INV-031,SRC-HCDN-CO-027,LOT-HCDN-07,PROP-HCDN-01,BAFO-HCDN-01,EVAL-HCDN-007,standard commercial review
CONT-HCDN-0079,VEND-HCDN-074,Synthetic Healthcare Supplier 074,claims admin agreement,Integration and Interoperability,Compliance,SQL Server/EDW managed services,2023-08-01,2027-12-31,renewal within 24 months,outcome-linked,withheld,standard termination rights,no minimum beyond SOW baseline,RATE-HCDN-080,standard service credits,fixed or negotiated escalator,standard change-control language,subcontracting permitted with controls,US data residency,transition assistance to confirm,SRC-HCDN-SLA-008,SRC-HCDN-INV-032,SRC-HCDN-CO-028,LOT-HCDN-08,,,EVAL-HCDN-008,standard commercial review
CONT-HCDN-0080,VEND-HCDN-081,Synthetic Healthcare Supplier 081,PBM services SOW,ERP and Corporate Platforms,Provider Network,contact center operations,2020-09-01,2028-12-31,active multi-year,fixed fee,exact,termination limited during transition,no minimum beyond SOW baseline,RATE-HCDN-081,service credits capped and under-defined,fixed or negotiated escalator,standard change-control language,subcontracting permitted with controls,PHI/data residency review required,transition assistance explicit,SRC-HCDN-SLA-009,SRC-HCDN-INV-033,SRC-HCDN-CO-029,LOT-HCDN-09,,,EVAL-HCDN-009,high exit-term sensitivity
CONT-HCDN-0081,VEND-HCDN-088,Synthetic Healthcare Supplier 088,BPO services SOW,Clinical and Epic AMS,Value-Based Care,payment integrity,2021-01-01,2026-12-31,extension option,T&M,range,standard termination rights,no minimum beyond SOW baseline,RATE-HCDN-082,standard service credits,CPI escalator above threshold,standard change-control language,subcontracting permitted with controls,US data residency,transition assistance to confirm,SRC-HCDN-SLA-010,SRC-HCDN-INV-034,SRC-HCDN-CO-030,LOT-HCDN-01,PROP-HCDN-01,,EVAL-HCDN-010,standard commercial review
CONT-HCDN-0082,VEND-HCDN-095,Synthetic Healthcare Supplier 095,cloud commit,Payer Platform Operations,Clinical Operations,identity/security operations,2022-02-01,2027-12-31,transition assistance required,unit rate,indexed,standard termination rights,no minimum beyond SOW baseline,RATE-HCDN-083,standard service credits,fixed or negotiated escalator,standard change-control language,subcontracting permitted with controls,US data residency,transition assistance to confirm,SRC-HCDN-SLA-011,SRC-HCDN-INV-035,SRC-HCDN-CO-031,LOT-HCDN-02,,,EVAL-HCDN-011,standard commercial review
CONT-HCDN-0083,VEND-HCDN-102,Synthetic Healthcare Supplier 102,data platform subscription,Data Analytics and AI,Revenue Cycle,interoperability services,2023-03-01,2028-12-31,exit rights need review,per member per month,trend-only,standard termination rights,no minimum beyond SOW baseline,RATE-HCDN-084,standard service credits,fixed or negotiated escalator,standard change-control language,subcontracting permitted with controls,US data residency,transition assistance to confirm,SRC-HCDN-SLA-012,SRC-HCDN-INV-036,SRC-HCDN-CO-032,LOT-HCDN-03,,,EVAL-HCDN-012,standard commercial review
CONT-HCDN-0084,VEND-HCDN-109,Synthetic Healthcare Supplier 109,software subscription,Revenue Cycle Technology,Patient Access,Epic support and optimization,2020-04-01,2026-12-31,renewal within 12 months,per claim,withheld,termination for convenience with notice,minimum annual commitment applies,RATE-HCDN-085,standard service credits,fixed or negotiated escalator,standard change-control language,subcontractor approval required,US data residency,transition assistance explicit,SRC-HCDN-SLA-013,SRC-HCDN-INV-037,SRC-HCDN-CO-033,LOT-HCDN-04,PROP-HCDN-01,BAFO-HCDN-01,EVAL-HCDN-013,standard commercial review
CONT-HCDN-0085,VEND-HCDN-116,Synthetic Healthcare Supplier 116,professional services SOW,Cloud Infrastructure and Data Center,Interoperability,claims operations,2021-05-01,2027-12-31,renewal within 24 months,per encounter,exact,standard termination rights,no minimum beyond SOW baseline,RATE-HCDN-086,service credits capped and under-defined,fixed or negotiated escalator,standard change-control language,subcontracting permitted with controls,US data residency,transition assistance to confirm,SRC-HCDN-SLA-014,SRC-HCDN-INV-038,SRC-HCDN-CO-034,LOT-HCDN-05,,,EVAL-HCDN-014,standard commercial review
CONT-HCDN-0086,VEND-HCDN-123,Synthetic Healthcare Supplier 123,maintenance agreement,Workplace and Contact Center,Population Health,Medicare Advantage quality services,2022-06-01,2028-12-31,active multi-year,consumption,range,standard termination rights,no minimum beyond SOW baseline,RATE-HCDN-087,standard service credits,fixed or negotiated escalator,standard change-control language,subcontracting permitted with controls,US data residency,transition assistance to confirm,SRC-HCDN-SLA-015,SRC-HCDN-INV-039,SRC-HCDN-CO-035,LOT-HCDN-06,,,EVAL-HCDN-015,standard commercial review
CONT-HCDN-0087,VEND-HCDN-130,Synthetic Healthcare Supplier 130,telecom services,Security Identity and Compliance,Health Plan Operations,risk adjustment analytics,2023-07-01,2026-12-31,extension option,hybrid fixed plus variable,indexed,standard termination rights,no minimum beyond SOW baseline,RATE-HCDN-088,standard service credits,fixed or negotiated escalator,standard change-control language,subcontracting permitted with controls,US data residency,transition assistance to confirm,SRC-HCDN-SLA-016,SRC-HCDN-INV-040,SRC-HCDN-CO-036,LOT-HCDN-07,PROP-HCDN-01,,EVAL-HCDN-016,standard commercial review
CONT-HCDN-0088,VEND-HCDN-137,Synthetic Healthcare Supplier 137,cybersecurity services,Integration and Interoperability,Medicare Advantage,prior authorization operations,2020-08-01,2027-12-31,transition assistance required,committed spend,trend-only,termination limited during transition,no minimum beyond SOW baseline,RATE-HCDN-089,standard service credits,fixed or negotiated escalator,change-control ambiguity,subcontracting permitted with controls,US data residency,transition assistance explicit,SRC-HCDN-SLA-017,SRC-HCDN-INV-041,SRC-HCDN-CO-037,LOT-HCDN-08,,,EVAL-HCDN-017,high exit-term sensitivity
CONT-HCDN-0089,VEND-HCDN-144,Synthetic Healthcare Supplier 144,AI/document automation SOW,ERP and Corporate Platforms,Claims Operations,revenue-cycle outsourcing,2021-09-01,2028-12-31,exit rights need review,outcome-linked,withheld,standard termination rights,no minimum beyond SOW baseline,RATE-HCDN-090,standard service credits,fixed or negotiated escalator,standard change-control language,subcontracting permitted with controls,US data residency,transition assistance to confirm,SRC-HCDN-SLA-018,SRC-HCDN-INV-042,SRC-HCDN-CO-038,LOT-HCDN-09,,,EVAL-HCDN-018,standard commercial review
CONT-HCDN-0090,VEND-HCDN-151,Synthetic Healthcare Supplier 151,MSA,Clinical and Epic AMS,Utilization Management,cloud/data platform operations,2022-01-01,2026-12-31,renewal within 12 months,fixed fee,exact,termination for convenience with notice,no minimum beyond SOW baseline,RATE-HCDN-091,service credits capped and under-defined,CPI escalator above threshold,standard change-control language,subcontracting permitted with controls,PHI/data residency review required,transition assistance to confirm,SRC-HCDN-SLA-019,SRC-HCDN-INV-043,SRC-HCDN-CO-039,LOT-HCDN-01,PROP-HCDN-01,BAFO-HCDN-01,EVAL-HCDN-019,supplier concentration
CONT-HCDN-0091,VEND-HCDN-158,Synthetic Healthcare Supplier 158,SOW,Payer Platform Operations,Member Services,SQL Server/EDW managed services,2023-02-01,2027-12-31,renewal within 24 months,T&M,range,standard termination rights,minimum annual commitment applies,RATE-HCDN-092,standard service credits,fixed or negotiated escalator,standard change-control language,subcontracting permitted with controls,US data residency,transition assistance to confirm,SRC-HCDN-SLA-020,SRC-HCDN-INV-044,SRC-HCDN-CO-040,LOT-HCDN-02,,,EVAL-HCDN-020,standard commercial review
CONT-HCDN-0092,VEND-HCDN-165,Synthetic Healthcare Supplier 165,rate card,Data Analytics and AI,Quality and Stars,contact center operations,2020-03-01,2028-12-31,active multi-year,unit rate,indexed,standard termination rights,no minimum beyond SOW baseline,RATE-HCDN-093,standard service credits,fixed or negotiated escalator,standard change-control language,subcontracting permitted with controls,US data residency,transition assistance explicit,SRC-HCDN-SLA-021,SRC-HCDN-INV-045,SRC-HCDN-CO-041,LOT-HCDN-03,,,EVAL-HCDN-021,standard commercial review
CONT-HCDN-0093,VEND-HCDN-172,Synthetic Healthcare Supplier 172,Epic support agreement,Revenue Cycle Technology,Risk Adjustment,payment integrity,2021-04-01,2026-12-31,extension option,per member per month,trend-only,standard termination rights,no minimum beyond SOW baseline,RATE-HCDN-094,standard service credits,fixed or negotiated escalator,standard change-control language,subcontracting permitted with controls,US data residency,transition assistance to confirm,SRC-HCDN-SLA-022,SRC-HCDN-INV-046,SRC-HCDN-CO-042,LOT-HCDN-04,PROP-HCDN-01,,EVAL-HCDN-022,standard commercial review
CONT-HCDN-0094,VEND-HCDN-179,Synthetic Healthcare Supplier 179,claims admin agreement,Cloud Infrastructure and Data Center,Care Management,identity/security operations,2022-05-01,2027-12-31,transition assistance required,per claim,withheld,standard termination rights,no minimum beyond SOW baseline,RATE-HCDN-095,standard service credits,fixed or negotiated escalator,standard change-control language,subcontracting permitted with controls,US data residency,transition assistance to confirm,SRC-HCDN-SLA-023,SRC-HCDN-INV-047,SRC-HCDN-CO-043,LOT-HCDN-05,,,EVAL-HCDN-023,standard commercial review
CONT-HCDN-0095,VEND-HCDN-186,Synthetic Healthcare Supplier 186,PBM services SOW,Workplace and Contact Center,Finance,interoperability services,2023-06-01,2028-12-31,exit rights need review,per encounter,exact,standard termination rights,no minimum beyond SOW baseline,RATE-HCDN-096,service credits capped and under-defined,fixed or negotiated escalator,standard change-control language,subcontracting permitted with controls,US data residency,transition assistance to confirm,SRC-HCDN-SLA-024,SRC-HCDN-INV-048,SRC-HCDN-CO-044,LOT-HCDN-06,,,EVAL-HCDN-024,standard commercial review
CONT-HCDN-0096,VEND-HCDN-193,Synthetic Healthcare Supplier 193,BPO services SOW,Security Identity and Compliance,Coding,Epic support and optimization,2020-07-01,2026-12-31,renewal within 12 months,consumption,range,termination for convenience with notice,no minimum beyond SOW baseline,RATE-HCDN-097,standard service credits,fixed or negotiated escalator,standard change-control language,subcontractor approval required,US data residency,transition assistance explicit,SRC-HCDN-SLA-025,SRC-HCDN-INV-001,SRC-HCDN-CO-045,LOT-HCDN-07,PROP-HCDN-01,BAFO-HCDN-01,EVAL-HCDN-001,high exit-term sensitivity
CONT-HCDN-0097,VEND-HCDN-200,Synthetic Healthcare Supplier 200,cloud commit,Integration and Interoperability,Payer Contracting,claims operations,2021-08-01,2027-12-31,renewal within 24 months,hybrid fixed plus variable,indexed,standard termination rights,no minimum beyond SOW baseline,RATE-HCDN-098,standard service credits,fixed or negotiated escalator,standard change-control language,subcontracting permitted with controls,US data residency,transition assistance to confirm,SRC-HCDN-SLA-026,SRC-HCDN-INV-002,SRC-HCDN-CO-046,LOT-HCDN-08,,,EVAL-HCDN-002,standard commercial review
CONT-HCDN-0098,VEND-HCDN-207,Synthetic Healthcare Supplier 207,data platform subscription,ERP and Corporate Platforms,Digital Front Door,Medicare Advantage quality services,2022-09-01,2028-12-31,active multi-year,committed spend,trend-only,standard termination rights,minimum annual commitment applies,RATE-HCDN-099,standard service credits,fixed or negotiated escalator,standard change-control language,subcontracting permitted with controls,US data residency,transition assistance to confirm,SRC-HCDN-SLA-027,SRC-HCDN-INV-003,SRC-HCDN-CO-047,LOT-HCDN-09,,,EVAL-HCDN-003,standard commercial review
CONT-HCDN-0099,VEND-HCDN-214,Synthetic Healthcare Supplier 214,software subscription,Clinical and Epic AMS,Contact Center,risk adjustment analytics,2023-01-01,2026-12-31,extension option,outcome-linked,withheld,standard termination rights,no minimum beyond SOW baseline,RATE-HCDN-100,standard service credits,CPI escalator above threshold,change-control ambiguity,subcontracting permitted with controls,US data residency,transition assistance to confirm,SRC-HCDN-SLA-028,SRC-HCDN-INV-004,SRC-HCDN-CO-048,LOT-HCDN-01,PROP-HCDN-01,,EVAL-HCDN-004,standard commercial review
CONT-HCDN-0100,VEND-HCDN-221,Synthetic Healthcare Supplier 221,professional services SOW,Payer Platform Operations,Ambulatory Care,prior authorization operations,2020-02-01,2027-12-31,transition assistance required,fixed fee,exact,standard termination rights,no minimum beyond SOW baseline,RATE-HCDN-101,service credits capped and under-defined,fixed or negotiated escalator,standard change-control language,subcontracting permitted with controls,PHI/data residency review required,transition assistance explicit,SRC-HCDN-SLA-029,SRC-HCDN-INV-005,SRC-HCDN-CO-049,LOT-HCDN-02,,,EVAL-HCDN-005,supplier concentration
CONT-HCDN-0101,VEND-HCDN-228,Synthetic Healthcare Supplier 228,maintenance agreement,Data Analytics and AI,Emergency Department,revenue-cycle outsourcing,2021-03-01,2028-12-31,exit rights need review,T&M,range,standard termination rights,no minimum beyond SOW baseline,RATE-HCDN-102,standard service credits,fixed or negotiated escalator,standard change-control language,subcontracting permitted with controls,US data residency,transition assistance to confirm,SRC-HCDN-SLA-030,SRC-HCDN-INV-006,SRC-HCDN-CO-050,LOT-HCDN-03,,,EVAL-HCDN-006,standard commercial review
CONT-HCDN-0102,VEND-HCDN-235,Synthetic Healthcare Supplier 235,telecom services,Revenue Cycle Technology,Inpatient,cloud/data platform operations,2022-04-01,2026-12-31,renewal within 12 months,unit rate,indexed,termination for convenience with notice,no minimum beyond SOW baseline,RATE-HCDN-103,standard service credits,fixed or negotiated escalator,standard change-control language,subcontracting permitted with controls,US data residency,transition assistance to confirm,SRC-HCDN-SLA-031,SRC-HCDN-INV-007,SRC-HCDN-CO-051,LOT-HCDN-04,PROP-HCDN-01,BAFO-HCDN-01,EVAL-HCDN-007,standard commercial review
CONT-HCDN-0103,VEND-HCDN-242,Synthetic Healthcare Supplier 242,cybersecurity services,Cloud Infrastructure and Data Center,Surgery,SQL Server/EDW managed services,2023-05-01,2027-12-31,renewal within 24 months,per member per month,trend-only,standard termination rights,no minimum beyond SOW baseline,RATE-HCDN-104,standard service credits,fixed or negotiated escalator,standard change-control language,subcontracting permitted with controls,US data residency,transition assistance to confirm,SRC-HCDN-SLA-032,SRC-HCDN-INV-008,SRC-HCDN-CO-052,LOT-HCDN-05,,,EVAL-HCDN-008,standard commercial review
CONT-HCDN-0104,VEND-HCDN-249,Synthetic Healthcare Supplier 249,AI/document automation SOW,Workplace and Contact Center,Imaging,contact center operations,2020-06-01,2028-12-31,active multi-year,per claim,withheld,termination limited during transition,no minimum beyond SOW baseline,RATE-HCDN-105,standard service credits,fixed or negotiated escalator,standard change-control language,subcontracting permitted with controls,US data residency,transition assistance explicit,SRC-HCDN-SLA-033,SRC-HCDN-INV-009,SRC-HCDN-CO-001,LOT-HCDN-06,,,EVAL-HCDN-009,high exit-term sensitivity
CONT-HCDN-0105,VEND-HCDN-256,Synthetic Healthcare Supplier 256,MSA,Security Identity and Compliance,Lab,payment integrity,2021-07-01,2026-12-31,extension option,per encounter,exact,standard termination rights,minimum annual commitment applies,RATE-HCDN-106,service credits capped and under-defined,fixed or negotiated escalator,standard change-control language,subcontracting permitted with controls,US data residency,transition assistance to confirm,SRC-HCDN-SLA-034,SRC-HCDN-INV-010,SRC-HCDN-CO-002,LOT-HCDN-07,PROP-HCDN-01,,EVAL-HCDN-010,standard commercial review
CONT-HCDN-0106,VEND-HCDN-263,Synthetic Healthcare Supplier 263,SOW,Integration and Interoperability,Pharmacy,identity/security operations,2022-08-01,2027-12-31,transition assistance required,consumption,range,standard termination rights,no minimum beyond SOW baseline,RATE-HCDN-107,standard service credits,fixed or negotiated escalator,standard change-control language,subcontracting permitted with controls,US data residency,transition assistance to confirm,SRC-HCDN-SLA-035,SRC-HCDN-INV-011,SRC-HCDN-CO-003,LOT-HCDN-08,,,EVAL-HCDN-011,standard commercial review
CONT-HCDN-0107,VEND-HCDN-270,Synthetic Healthcare Supplier 270,rate card,ERP and Corporate Platforms,Oncology,interoperability services,2023-09-01,2028-12-31,exit rights need review,hybrid fixed plus variable,indexed,standard termination rights,no minimum beyond SOW baseline,RATE-HCDN-108,standard service credits,fixed or negotiated escalator,standard change-control language,subcontracting permitted with controls,US data residency,transition assistance to confirm,SRC-HCDN-SLA-036,SRC-HCDN-INV-012,SRC-HCDN-CO-004,LOT-HCDN-09,,,EVAL-HCDN-012,standard commercial review
CONT-HCDN-0108,VEND-HCDN-277,Synthetic Healthcare Supplier 277,Epic support agreement,Clinical and Epic AMS,Cardiology,Epic support and optimization,2020-01-01,2026-12-31,renewal within 12 months,committed spend,trend-only,termination for convenience with notice,no minimum beyond SOW baseline,RATE-HCDN-109,standard service credits,CPI escalator above threshold,standard change-control language,subcontractor approval required,US data residency,transition assistance explicit,SRC-HCDN-SLA-001,SRC-HCDN-INV-013,SRC-HCDN-CO-005,LOT-HCDN-01,PROP-HCDN-01,BAFO-HCDN-01,EVAL-HCDN-013,standard commercial review
CONT-HCDN-0109,VEND-HCDN-284,Synthetic Healthcare Supplier 284,claims admin agreement,Payer Platform Operations,Data and Analytics,claims operations,2021-02-01,2027-12-31,renewal within 24 months,outcome-linked,withheld,standard termination rights,no minimum beyond SOW baseline,RATE-HCDN-110,standard service credits,fixed or negotiated escalator,standard change-control language,subcontracting permitted with controls,US data residency,transition assistance to confirm,SRC-HCDN-SLA-002,SRC-HCDN-INV-014,SRC-HCDN-CO-006,LOT-HCDN-02,,,EVAL-HCDN-014,standard commercial review
CONT-HCDN-0110,VEND-HCDN-291,Synthetic Healthcare Supplier 291,PBM services SOW,Data Analytics and AI,Clinical Analytics,Medicare Advantage quality services,2022-03-01,2028-12-31,active multi-year,fixed fee,exact,standard termination rights,no minimum beyond SOW baseline,RATE-HCDN-111,service credits capped and under-defined,fixed or negotiated escalator,change-control ambiguity,subcontracting permitted with controls,PHI/data residency review required,transition assistance to confirm,SRC-HCDN-SLA-003,SRC-HCDN-INV-015,SRC-HCDN-CO-007,LOT-HCDN-03,,,EVAL-HCDN-015,supplier concentration
CONT-HCDN-0111,VEND-HCDN-298,Synthetic Healthcare Supplier 298,BPO services SOW,Revenue Cycle Technology,Actuarial,risk adjustment analytics,2023-04-01,2026-12-31,extension option,T&M,range,standard termination rights,no minimum beyond SOW baseline,RATE-HCDN-112,standard service credits,fixed or negotiated escalator,standard change-control language,subcontracting permitted with controls,US data residency,transition assistance to confirm,SRC-HCDN-SLA-004,SRC-HCDN-INV-016,SRC-HCDN-CO-008,LOT-HCDN-04,PROP-HCDN-01,,EVAL-HCDN-016,standard commercial review
CONT-HCDN-0112,VEND-HCDN-305,Synthetic Healthcare Supplier 305,cloud commit,Cloud Infrastructure and Data Center,Departmental Reporting,prior authorization operations,2020-05-01,2027-12-31,transition assistance required,unit rate,indexed,termination limited during transition,minimum annual commitment applies,RATE-HCDN-113,standard service credits,fixed or negotiated escalator,standard change-control language,subcontracting permitted with controls,US data residency,transition assistance explicit,SRC-HCDN-SLA-005,SRC-HCDN-INV-017,SRC-HCDN-CO-009,LOT-HCDN-05,,,EVAL-HCDN-017,high exit-term sensitivity
CONT-HCDN-0113,VEND-HCDN-312,Synthetic Healthcare Supplier 312,data platform subscription,Workplace and Contact Center,AI Transformation,revenue-cycle outsourcing,2021-06-01,2028-12-31,exit rights need review,per member per month,trend-only,standard termination rights,no minimum beyond SOW baseline,RATE-HCDN-114,standard service credits,fixed or negotiated escalator,standard change-control language,subcontracting permitted with controls,US data residency,transition assistance to confirm,SRC-HCDN-SLA-006,SRC-HCDN-INV-018,SRC-HCDN-CO-010,LOT-HCDN-06,,,EVAL-HCDN-018,standard commercial review
CONT-HCDN-0114,VEND-HCDN-319,Synthetic Healthcare Supplier 319,software subscription,Security Identity and Compliance,Technology,cloud/data platform operations,2022-07-01,2026-12-31,renewal within 12 months,per claim,withheld,termination for convenience with notice,no minimum beyond SOW baseline,RATE-HCDN-115,standard service credits,fixed or negotiated escalator,standard change-control language,subcontracting permitted with controls,US data residency,transition assistance to confirm,SRC-HCDN-SLA-007,SRC-HCDN-INV-019,SRC-HCDN-CO-011,LOT-HCDN-07,PROP-HCDN-01,BAFO-HCDN-01,EVAL-HCDN-019,standard commercial review
CONT-HCDN-0115,VEND-HCDN-326,Synthetic Healthcare Supplier 326,professional services SOW,Integration and Interoperability,Security,SQL Server/EDW managed services,2023-08-01,2027-12-31,renewal within 24 months,per encounter,exact,standard termination rights,no minimum beyond SOW baseline,RATE-HCDN-116,service credits capped and under-defined,fixed or negotiated escalator,standard change-control language,subcontracting permitted with controls,US data residency,transition assistance to confirm,SRC-HCDN-SLA-008,SRC-HCDN-INV-020,SRC-HCDN-CO-012,LOT-HCDN-08,,,EVAL-HCDN-020,standard commercial review
CONT-HCDN-0116,VEND-HCDN-333,Synthetic Healthcare Supplier 333,maintenance agreement,ERP and Corporate Platforms,Procurement,contact center operations,2020-09-01,2028-12-31,active multi-year,consumption,range,standard termination rights,no minimum beyond SOW baseline,RATE-HCDN-117,standard service credits,fixed or negotiated escalator,standard change-control language,subcontracting permitted with controls,US data residency,transition assistance explicit,SRC-HCDN-SLA-009,SRC-HCDN-INV-021,SRC-HCDN-CO-013,LOT-HCDN-09,,,EVAL-HCDN-021,standard commercial review
CONT-HCDN-0117,VEND-HCDN-340,Synthetic Healthcare Supplier 340,telecom services,Clinical and Epic AMS,HR,payment integrity,2021-01-01,2026-12-31,extension option,hybrid fixed plus variable,indexed,standard termination rights,no minimum beyond SOW baseline,RATE-HCDN-118,standard service credits,CPI escalator above threshold,standard change-control language,subcontracting permitted with controls,US data residency,transition assistance to confirm,SRC-HCDN-SLA-010,SRC-HCDN-INV-022,SRC-HCDN-CO-014,LOT-HCDN-01,PROP-HCDN-01,,EVAL-HCDN-022,standard commercial review
CONT-HCDN-0118,VEND-HCDN-347,Synthetic Healthcare Supplier 347,cybersecurity services,Payer Platform Operations,Supply Chain,identity/security operations,2022-02-01,2027-12-31,transition assistance required,committed spend,trend-only,standard termination rights,no minimum beyond SOW baseline,RATE-HCDN-119,standard service credits,fixed or negotiated escalator,standard change-control language,subcontracting permitted with controls,US data residency,transition assistance to confirm,SRC-HCDN-SLA-011,SRC-HCDN-INV-023,SRC-HCDN-CO-015,LOT-HCDN-02,,,EVAL-HCDN-023,standard commercial review
CONT-HCDN-0119,VEND-HCDN-354,Synthetic Healthcare Supplier 354,AI/document automation SOW,Data Analytics and AI,Privacy,interoperability services,2023-03-01,2028-12-31,exit rights need review,outcome-linked,withheld,standard termination rights,minimum annual commitment applies,RATE-HCDN-120,standard service credits,fixed or negotiated escalator,standard change-control language,subcontracting permitted with controls,US data residency,transition assistance to confirm,SRC-HCDN-SLA-012,SRC-HCDN-INV-024,SRC-HCDN-CO-016,LOT-HCDN-03,,,EVAL-HCDN-024,standard commercial review
CONT-HCDN-0120,VEND-HCDN-361,Synthetic Healthcare Supplier 361,MSA,Revenue Cycle Technology,Compliance,Epic support and optimization,2020-04-01,2026-12-31,renewal within 12 months,fixed fee,exact,termination for convenience with notice,no minimum beyond SOW baseline,RATE-HCDN-121,service credits capped and under-defined,fixed or negotiated escalator,standard change-control language,subcontractor approval required,PHI/data residency review required,transition assistance explicit,SRC-HCDN-SLA-013,SRC-HCDN-INV-025,SRC-HCDN-CO-017,LOT-HCDN-04,PROP-HCDN-01,BAFO-HCDN-01,EVAL-HCDN-001,high exit-term sensitivity
CONT-HCDN-0121,VEND-HCDN-368,Synthetic Healthcare Supplier 368,SOW,Cloud Infrastructure and Data Center,Provider Network,claims operations,2021-05-01,2027-12-31,renewal within 24 months,T&M,range,standard termination rights,no minimum beyond SOW baseline,RATE-HCDN-122,standard service credits,fixed or negotiated escalator,change-control ambiguity,subcontracting permitted with controls,US data residency,transition assistance to confirm,SRC-HCDN-SLA-014,SRC-HCDN-INV-026,SRC-HCDN-CO-018,LOT-HCDN-05,,,EVAL-HCDN-002,standard commercial review
CONT-HCDN-0122,VEND-HCDN-375,Synthetic Healthcare Supplier 375,rate card,Workplace and Contact Center,Value-Based Care,Medicare Advantage quality services,2022-06-01,2028-12-31,active multi-year,unit rate,indexed,standard termination rights,no minimum beyond SOW baseline,RATE-HCDN-123,standard service credits,fixed or negotiated escalator,standard change-control language,subcontracting permitted with controls,US data residency,transition assistance to confirm,SRC-HCDN-SLA-015,SRC-HCDN-INV-027,SRC-HCDN-CO-019,LOT-HCDN-06,,,EVAL-HCDN-003,standard commercial review
CONT-HCDN-0123,VEND-HCDN-382,Synthetic Healthcare Supplier 382,Epic support agreement,Security Identity and Compliance,Clinical Operations,risk adjustment analytics,2023-07-01,2026-12-31,extension option,per member per month,trend-only,standard termination rights,no minimum beyond SOW baseline,RATE-HCDN-124,standard service credits,fixed or negotiated escalator,standard change-control language,subcontracting permitted with controls,US data residency,transition assistance to confirm,SRC-HCDN-SLA-016,SRC-HCDN-INV-028,SRC-HCDN-CO-020,LOT-HCDN-07,PROP-HCDN-01,,EVAL-HCDN-004,standard commercial review
CONT-HCDN-0124,VEND-HCDN-389,Synthetic Healthcare Supplier 389,claims admin agreement,Integration and Interoperability,Revenue Cycle,prior authorization operations,2020-08-01,2027-12-31,transition assistance required,per claim,withheld,standard termination rights,no minimum beyond SOW baseline,RATE-HCDN-125,standard service credits,fixed or negotiated escalator,standard change-control language,subcontracting permitted with controls,US data residency,transition assistance explicit,SRC-HCDN-SLA-017,SRC-HCDN-INV-029,SRC-HCDN-CO-021,LOT-HCDN-08,,,EVAL-HCDN-005,standard commercial review
CONT-HCDN-0125,VEND-HCDN-396,Synthetic Healthcare Supplier 396,PBM services SOW,ERP and Corporate Platforms,Patient Access,revenue-cycle outsourcing,2021-09-01,2028-12-31,exit rights need review,per encounter,exact,standard termination rights,no minimum beyond SOW baseline,RATE-HCDN-126,service credits capped and under-defined,fixed or negotiated escalator,standard change-control language,subcontracting permitted with controls,US data residency,transition assistance to confirm,SRC-HCDN-SLA-018,SRC-HCDN-INV-030,SRC-HCDN-CO-022,LOT-HCDN-09,,,EVAL-HCDN-006,standard commercial review
CONT-HCDN-0126,VEND-HCDN-403,Synthetic Healthcare Supplier 403,BPO services SOW,Clinical and Epic AMS,Interoperability,cloud/data platform operations,2022-01-01,2026-12-31,renewal within 12 months,consumption,range,termination for convenience with notice,minimum annual commitment applies,RATE-HCDN-127,standard service credits,CPI escalator above threshold,standard change-control language,subcontracting permitted with controls,US data residency,transition assistance to confirm,SRC-HCDN-SLA-019,SRC-HCDN-INV-031,SRC-HCDN-CO-023,LOT-HCDN-01,PROP-HCDN-01,BAFO-HCDN-01,EVAL-HCDN-007,standard commercial review
CONT-HCDN-0127,VEND-HCDN-410,Synthetic Healthcare Supplier 410,cloud commit,Payer Platform Operations,Population Health,SQL Server/EDW managed services,2023-02-01,2027-12-31,renewal within 24 months,hybrid fixed plus variable,indexed,standard termination rights,no minimum beyond SOW baseline,RATE-HCDN-128,standard service credits,fixed or negotiated escalator,standard change-control language,subcontracting permitted with controls,US data residency,transition assistance to confirm,SRC-HCDN-SLA-020,SRC-HCDN-INV-032,SRC-HCDN-CO-024,LOT-HCDN-02,,,EVAL-HCDN-008,standard commercial review
CONT-HCDN-0128,VEND-HCDN-417,Synthetic Healthcare Supplier 417,data platform subscription,Data Analytics and AI,Health Plan Operations,contact center operations,2020-03-01,2028-12-31,active multi-year,committed spend,trend-only,termination limited during transition,no minimum beyond SOW baseline,RATE-HCDN-129,standard service credits,fixed or negotiated escalator,standard change-control language,subcontracting permitted with controls,US data residency,transition assistance explicit,SRC-HCDN-SLA-021,SRC-HCDN-INV-033,SRC-HCDN-CO-025,LOT-HCDN-03,,,EVAL-HCDN-009,high exit-term sensitivity
CONT-HCDN-0129,VEND-HCDN-424,Synthetic Healthcare Supplier 424,software subscription,Revenue Cycle Technology,Medicare Advantage,payment integrity,2021-04-01,2026-12-31,extension option,outcome-linked,withheld,standard termination rights,no minimum beyond SOW baseline,RATE-HCDN-130,standard service credits,fixed or negotiated escalator,standard change-control language,subcontracting permitted with controls,US data residency,transition assistance to confirm,SRC-HCDN-SLA-022,SRC-HCDN-INV-034,SRC-HCDN-CO-026,LOT-HCDN-04,PROP-HCDN-01,,EVAL-HCDN-010,standard commercial review
CONT-HCDN-0130,VEND-HCDN-431,Synthetic Healthcare Supplier 431,professional services SOW,Cloud Infrastructure and Data Center,Claims Operations,identity/security operations,2022-05-01,2027-12-31,transition assistance required,fixed fee,exact,standard termination rights,no minimum beyond SOW baseline,RATE-HCDN-131,service credits capped and under-defined,fixed or negotiated escalator,standard change-control language,subcontracting permitted with controls,PHI/data residency review required,transition assistance to confirm,SRC-HCDN-SLA-023,SRC-HCDN-INV-035,SRC-HCDN-CO-027,LOT-HCDN-05,,,EVAL-HCDN-011,supplier concentration
CONT-HCDN-0131,VEND-HCDN-438,Synthetic Healthcare Supplier 438,maintenance agreement,Workplace and Contact Center,Utilization Management,interoperability services,2023-06-01,2028-12-31,exit rights need review,T&M,range,standard termination rights,no minimum beyond SOW baseline,RATE-HCDN-132,standard service credits,fixed or negotiated escalator,standard change-control language,subcontracting permitted with controls,US data residency,transition assistance to confirm,SRC-HCDN-SLA-024,SRC-HCDN-INV-036,SRC-HCDN-CO-028,LOT-HCDN-06,,,EVAL-HCDN-012,standard commercial review
CONT-HCDN-0132,VEND-HCDN-445,Synthetic Healthcare Supplier 445,telecom services,Security Identity and Compliance,Member Services,Epic support and optimization,2020-07-01,2026-12-31,renewal within 12 months,unit rate,indexed,termination for convenience with notice,no minimum beyond SOW baseline,RATE-HCDN-133,standard service credits,fixed or negotiated escalator,change-control ambiguity,subcontractor approval required,US data residency,transition assistance explicit,SRC-HCDN-SLA-025,SRC-HCDN-INV-037,SRC-HCDN-CO-029,LOT-HCDN-07,PROP-HCDN-01,BAFO-HCDN-01,EVAL-HCDN-013,standard commercial review
CONT-HCDN-0133,VEND-HCDN-452,Synthetic Healthcare Supplier 452,cybersecurity services,Integration and Interoperability,Quality and Stars,claims operations,2021-08-01,2027-12-31,renewal within 24 months,per member per month,trend-only,standard termination rights,minimum annual commitment applies,RATE-HCDN-134,standard service credits,fixed or negotiated escalator,standard change-control language,subcontracting permitted with controls,US data residency,transition assistance to confirm,SRC-HCDN-SLA-026,SRC-HCDN-INV-038,SRC-HCDN-CO-030,LOT-HCDN-08,,,EVAL-HCDN-014,standard commercial review
CONT-HCDN-0134,VEND-HCDN-459,Synthetic Healthcare Supplier 459,AI/document automation SOW,ERP and Corporate Platforms,Risk Adjustment,Medicare Advantage quality services,2022-09-01,2028-12-31,active multi-year,per claim,withheld,standard termination rights,no minimum beyond SOW baseline,RATE-HCDN-135,standard service credits,fixed or negotiated escalator,standard change-control language,subcontracting permitted with controls,US data residency,transition assistance to confirm,SRC-HCDN-SLA-027,SRC-HCDN-INV-039,SRC-HCDN-CO-031,LOT-HCDN-09,,,EVAL-HCDN-015,standard commercial review
CONT-HCDN-0135,VEND-HCDN-466,Synthetic Healthcare Supplier 466,MSA,Clinical and Epic AMS,Care Management,risk adjustment analytics,2023-01-01,2026-12-31,extension option,per encounter,exact,standard termination rights,no minimum beyond SOW baseline,RATE-HCDN-136,service credits capped and under-defined,CPI escalator above threshold,standard change-control language,subcontracting permitted with controls,US data residency,transition assistance to confirm,SRC-HCDN-SLA-028,SRC-HCDN-INV-040,SRC-HCDN-CO-032,LOT-HCDN-01,PROP-HCDN-01,,EVAL-HCDN-016,standard commercial review
CONT-HCDN-0136,VEND-HCDN-473,Synthetic Healthcare Supplier 473,SOW,Payer Platform Operations,Finance,prior authorization operations,2020-02-01,2027-12-31,transition assistance required,consumption,range,termination limited during transition,no minimum beyond SOW baseline,RATE-HCDN-137,standard service credits,fixed or negotiated escalator,standard change-control language,subcontracting permitted with controls,US data residency,transition assistance explicit,SRC-HCDN-SLA-029,SRC-HCDN-INV-041,SRC-HCDN-CO-033,LOT-HCDN-02,,,EVAL-HCDN-017,high exit-term sensitivity
CONT-HCDN-0137,VEND-HCDN-480,Synthetic Healthcare Supplier 480,rate card,Data Analytics and AI,Coding,revenue-cycle outsourcing,2021-03-01,2028-12-31,exit rights need review,hybrid fixed plus variable,indexed,standard termination rights,no minimum beyond SOW baseline,RATE-HCDN-138,standard service credits,fixed or negotiated escalator,standard change-control language,subcontracting permitted with controls,US data residency,transition assistance to confirm,SRC-HCDN-SLA-030,SRC-HCDN-INV-042,SRC-HCDN-CO-034,LOT-HCDN-03,,,EVAL-HCDN-018,standard commercial review
CONT-HCDN-0138,VEND-HCDN-007,Synthetic Healthcare Supplier 007,Epic support agreement,Revenue Cycle Technology,Payer Contracting,cloud/data platform operations,2022-04-01,2026-12-31,renewal within 12 months,committed spend,trend-only,termination for convenience with notice,no minimum beyond SOW baseline,RATE-HCDN-139,standard service credits,fixed or negotiated escalator,standard change-control language,subcontracting permitted with controls,US data residency,transition assistance to confirm,SRC-HCDN-SLA-031,SRC-HCDN-INV-043,SRC-HCDN-CO-035,LOT-HCDN-04,PROP-HCDN-01,BAFO-HCDN-01,EVAL-HCDN-019,standard commercial review
CONT-HCDN-0139,VEND-HCDN-014,Synthetic Healthcare Supplier 014,claims admin agreement,Cloud Infrastructure and Data Center,Digital Front Door,SQL Server/EDW managed services,2023-05-01,2027-12-31,renewal within 24 months,outcome-linked,withheld,standard termination rights,no minimum beyond SOW baseline,RATE-HCDN-140,standard service credits,fixed or negotiated escalator,standard change-control language,subcontracting permitted with controls,US data residency,transition assistance to confirm,SRC-HCDN-SLA-032,SRC-HCDN-INV-044,SRC-HCDN-CO-036,LOT-HCDN-05,,,EVAL-HCDN-020,standard commercial review
CONT-HCDN-0140,VEND-HCDN-021,Synthetic Healthcare Supplier 021,PBM services SOW,Workplace and Contact Center,Contact Center,contact center operations,2020-06-01,2028-12-31,active multi-year,fixed fee,exact,standard termination rights,minimum annual commitment applies,RATE-HCDN-001,service credits capped and under-defined,fixed or negotiated escalator,standard change-control language,subcontracting permitted with controls,PHI/data residency review required,transition assistance explicit,SRC-HCDN-SLA-033,SRC-HCDN-INV-045,SRC-HCDN-CO-037,LOT-HCDN-06,,,EVAL-HCDN-021,supplier concentration
CONT-HCDN-0141,VEND-HCDN-028,Synthetic Healthcare Supplier 028,BPO services SOW,Security Identity and Compliance,Ambulatory Care,payment integrity,2021-07-01,2026-12-31,extension option,T&M,range,standard termination rights,no minimum beyond SOW baseline,RATE-HCDN-002,standard service credits,fixed or negotiated escalator,standard change-control language,subcontracting permitted with controls,US data residency,transition assistance to confirm,SRC-HCDN-SLA-034,SRC-HCDN-INV-046,SRC-HCDN-CO-038,LOT-HCDN-07,PROP-HCDN-01,,EVAL-HCDN-022,standard commercial review
CONT-HCDN-0142,VEND-HCDN-035,Synthetic Healthcare Supplier 035,cloud commit,Integration and Interoperability,Emergency Department,identity/security operations,2022-08-01,2027-12-31,transition assistance required,unit rate,indexed,standard termination rights,no minimum beyond SOW baseline,RATE-HCDN-003,standard service credits,fixed or negotiated escalator,standard change-control language,subcontracting permitted with controls,US data residency,transition assistance to confirm,SRC-HCDN-SLA-035,SRC-HCDN-INV-047,SRC-HCDN-CO-039,LOT-HCDN-08,,,EVAL-HCDN-023,standard commercial review
CONT-HCDN-0143,VEND-HCDN-042,Synthetic Healthcare Supplier 042,data platform subscription,ERP and Corporate Platforms,Inpatient,interoperability services,2023-09-01,2028-12-31,exit rights need review,per member per month,trend-only,standard termination rights,no minimum beyond SOW baseline,RATE-HCDN-004,standard service credits,fixed or negotiated escalator,change-control ambiguity,subcontracting permitted with controls,US data residency,transition assistance to confirm,SRC-HCDN-SLA-036,SRC-HCDN-INV-048,SRC-HCDN-CO-040,LOT-HCDN-09,,,EVAL-HCDN-024,standard commercial review
CONT-HCDN-0144,VEND-HCDN-049,Synthetic Healthcare Supplier 049,software subscription,Clinical and Epic AMS,Surgery,Epic support and optimization,2020-01-01,2026-12-31,renewal within 12 months,per claim,withheld,termination for convenience with notice,no minimum beyond SOW baseline,RATE-HCDN-005,standard service credits,CPI escalator above threshold,standard change-control language,subcontractor approval required,US data residency,transition assistance explicit,SRC-HCDN-SLA-001,SRC-HCDN-INV-001,SRC-HCDN-CO-041,LOT-HCDN-01,PROP-HCDN-01,BAFO-HCDN-01,EVAL-HCDN-001,high exit-term sensitivity
CONT-HCDN-0145,VEND-HCDN-056,Synthetic Healthcare Supplier 056,professional services SOW,Payer Platform Operations,Imaging,claims operations,2021-02-01,2027-12-31,renewal within 24 months,per encounter,exact,standard termination rights,no minimum beyond SOW baseline,RATE-HCDN-006,service credits capped and under-defined,fixed or negotiated escalator,standard change-control language,subcontracting permitted with controls,US data residency,transition assistance to confirm,SRC-HCDN-SLA-002,SRC-HCDN-INV-002,SRC-HCDN-CO-042,LOT-HCDN-02,,,EVAL-HCDN-002,standard commercial review
CONT-HCDN-0146,VEND-HCDN-063,Synthetic Healthcare Supplier 063,maintenance agreement,Data Analytics and AI,Lab,Medicare Advantage quality services,2022-03-01,2028-12-31,active multi-year,consumption,range,standard termination rights,no minimum beyond SOW baseline,RATE-HCDN-007,standard service credits,fixed or negotiated escalator,standard change-control language,subcontracting permitted with controls,US data residency,transition assistance to confirm,SRC-HCDN-SLA-003,SRC-HCDN-INV-003,SRC-HCDN-CO-043,LOT-HCDN-03,,,EVAL-HCDN-003,standard commercial review
CONT-HCDN-0147,VEND-HCDN-070,Synthetic Healthcare Supplier 070,telecom services,Revenue Cycle Technology,Pharmacy,risk adjustment analytics,2023-04-01,2026-12-31,extension option,hybrid fixed plus variable,indexed,standard termination rights,minimum annual commitment applies,RATE-HCDN-008,standard service credits,fixed or negotiated escalator,standard change-control language,subcontracting permitted with controls,US data residency,transition assistance to confirm,SRC-HCDN-SLA-004,SRC-HCDN-INV-004,SRC-HCDN-CO-044,LOT-HCDN-04,PROP-HCDN-01,,EVAL-HCDN-004,standard commercial review
CONT-HCDN-0148,VEND-HCDN-077,Synthetic Healthcare Supplier 077,cybersecurity services,Cloud Infrastructure and Data Center,Oncology,prior authorization operations,2020-05-01,2027-12-31,transition assistance required,committed spend,trend-only,standard termination rights,no minimum beyond SOW baseline,RATE-HCDN-009,standard service credits,fixed or negotiated escalator,standard change-control language,subcontracting permitted with controls,US data residency,transition assistance explicit,SRC-HCDN-SLA-005,SRC-HCDN-INV-005,SRC-HCDN-CO-045,LOT-HCDN-05,,,EVAL-HCDN-005,standard commercial review
CONT-HCDN-0149,VEND-HCDN-084,Synthetic Healthcare Supplier 084,AI/document automation SOW,Workplace and Contact Center,Cardiology,revenue-cycle outsourcing,2021-06-01,2028-12-31,exit rights need review,outcome-linked,withheld,standard termination rights,no minimum beyond SOW baseline,RATE-HCDN-010,standard service credits,fixed or negotiated escalator,standard change-control language,subcontracting permitted with controls,US data residency,transition assistance to confirm,SRC-HCDN-SLA-006,SRC-HCDN-INV-006,SRC-HCDN-CO-046,LOT-HCDN-06,,,EVAL-HCDN-006,standard commercial review
CONT-HCDN-0150,VEND-HCDN-091,Synthetic Healthcare Supplier 091,MSA,Security Identity and Compliance,Data and Analytics,cloud/data platform operations,2022-07-01,2026-12-31,renewal within 12 months,fixed fee,exact,termination for convenience with notice,no minimum beyond SOW baseline,RATE-HCDN-011,service credits capped and under-defined,fixed or negotiated escalator,standard change-control language,subcontracting permitted with controls,PHI/data residency review required,transition assistance to confirm,SRC-HCDN-SLA-007,SRC-HCDN-INV-007,SRC-HCDN-CO-047,LOT-HCDN-07,PROP-HCDN-01,BAFO-HCDN-01,EVAL-HCDN-007,supplier concentration
CONT-HCDN-0151,VEND-HCDN-098,Synthetic Healthcare Supplier 098,SOW,Integration and Interoperability,Clinical Analytics,SQL Server/EDW managed services,2023-08-01,2027-12-31,renewal within 24 months,T&M,range,standard termination rights,no minimum beyond SOW baseline,RATE-HCDN-012,standard service credits,fixed or negotiated escalator,standard change-control language,subcontracting permitted with controls,US data residency,transition assistance to confirm,SRC-HCDN-SLA-008,SRC-HCDN-INV-008,SRC-HCDN-CO-048,LOT-HCDN-08,,,EVAL-HCDN-008,standard commercial review
CONT-HCDN-0152,VEND-HCDN-105,Synthetic Healthcare Supplier 105,rate card,ERP and Corporate Platforms,Actuarial,contact center operations,2020-09-01,2028-12-31,active multi-year,unit rate,indexed,termination limited during transition,no minimum beyond SOW baseline,RATE-HCDN-013,standard service credits,fixed or negotiated escalator,standard change-control language,subcontracting permitted with controls,US data residency,transition assistance explicit,SRC-HCDN-SLA-009,SRC-HCDN-INV-009,SRC-HCDN-CO-049,LOT-HCDN-09,,,EVAL-HCDN-009,high exit-term sensitivity
CONT-HCDN-0153,VEND-HCDN-112,Synthetic Healthcare Supplier 112,Epic support agreement,Clinical and Epic AMS,Departmental Reporting,payment integrity,2021-01-01,2026-12-31,extension option,per member per month,trend-only,standard termination rights,no minimum beyond SOW baseline,RATE-HCDN-014,standard service credits,CPI escalator above threshold,standard change-control language,subcontracting permitted with controls,US data residency,transition assistance to confirm,SRC-HCDN-SLA-010,SRC-HCDN-INV-010,SRC-HCDN-CO-050,LOT-HCDN-01,PROP-HCDN-01,,EVAL-HCDN-010,standard commercial review
CONT-HCDN-0154,VEND-HCDN-119,Synthetic Healthcare Supplier 119,claims admin agreement,Payer Platform Operations,AI Transformation,identity/security operations,2022-02-01,2027-12-31,transition assistance required,per claim,withheld,standard termination rights,minimum annual commitment applies,RATE-HCDN-015,standard service credits,fixed or negotiated escalator,change-control ambiguity,subcontracting permitted with controls,US data residency,transition assistance to confirm,SRC-HCDN-SLA-011,SRC-HCDN-INV-011,SRC-HCDN-CO-051,LOT-HCDN-02,,,EVAL-HCDN-011,standard commercial review
CONT-HCDN-0155,VEND-HCDN-126,Synthetic Healthcare Supplier 126,PBM services SOW,Data Analytics and AI,Technology,interoperability services,2023-03-01,2028-12-31,exit rights need review,per encounter,exact,standard termination rights,no minimum beyond SOW baseline,RATE-HCDN-016,service credits capped and under-defined,fixed or negotiated escalator,standard change-control language,subcontracting permitted with controls,US data residency,transition assistance to confirm,SRC-HCDN-SLA-012,SRC-HCDN-INV-012,SRC-HCDN-CO-052,LOT-HCDN-03,,,EVAL-HCDN-012,standard commercial review
CONT-HCDN-0156,VEND-HCDN-133,Synthetic Healthcare Supplier 133,BPO services SOW,Revenue Cycle Technology,Security,Epic support and optimization,2020-04-01,2026-12-31,renewal within 12 months,consumption,range,termination for convenience with notice,no minimum beyond SOW baseline,RATE-HCDN-017,standard service credits,fixed or negotiated escalator,standard change-control language,subcontractor approval required,US data residency,transition assistance explicit,SRC-HCDN-SLA-013,SRC-HCDN-INV-013,SRC-HCDN-CO-001,LOT-HCDN-04,PROP-HCDN-01,BAFO-HCDN-01,EVAL-HCDN-013,standard commercial review
CONT-HCDN-0157,VEND-HCDN-140,Synthetic Healthcare Supplier 140,cloud commit,Cloud Infrastructure and Data Center,Procurement,claims operations,2021-05-01,2027-12-31,renewal within 24 months,hybrid fixed plus variable,indexed,standard termination rights,no minimum beyond SOW baseline,RATE-HCDN-018,standard service credits,fixed or negotiated escalator,standard change-control language,subcontracting permitted with controls,US data residency,transition assistance to confirm,SRC-HCDN-SLA-014,SRC-HCDN-INV-014,SRC-HCDN-CO-002,LOT-HCDN-05,,,EVAL-HCDN-014,standard commercial review
CONT-HCDN-0158,VEND-HCDN-147,Synthetic Healthcare Supplier 147,data platform subscription,Workplace and Contact Center,HR,Medicare Advantage quality services,2022-06-01,2028-12-31,active multi-year,committed spend,trend-only,standard termination rights,no minimum beyond SOW baseline,RATE-HCDN-019,standard service credits,fixed or negotiated escalator,standard change-control language,subcontracting permitted with controls,US data residency,transition assistance to confirm,SRC-HCDN-SLA-015,SRC-HCDN-INV-015,SRC-HCDN-CO-003,LOT-HCDN-06,,,EVAL-HCDN-015,standard commercial review
CONT-HCDN-0159,VEND-HCDN-154,Synthetic Healthcare Supplier 154,software subscription,Security Identity and Compliance,Supply Chain,risk adjustment analytics,2023-07-01,2026-12-31,extension option,outcome-linked,withheld,standard termination rights,no minimum beyond SOW baseline,RATE-HCDN-020,standard service credits,fixed or negotiated escalator,standard change-control language,subcontracting permitted with controls,US data residency,transition assistance to confirm,SRC-HCDN-SLA-016,SRC-HCDN-INV-016,SRC-HCDN-CO-004,LOT-HCDN-07,PROP-HCDN-01,,EVAL-HCDN-016,standard commercial review
CONT-HCDN-0160,VEND-HCDN-161,Synthetic Healthcare Supplier 161,professional services SOW,Integration and Interoperability,Privacy,prior authorization operations,2020-08-01,2027-12-31,transition assistance required,fixed fee,exact,termination limited during transition,no minimum beyond SOW baseline,RATE-HCDN-021,service credits capped and under-defined,fixed or negotiated escalator,standard change-control language,subcontracting permitted with controls,PHI/data residency review required,transition assistance explicit,SRC-HCDN-SLA-017,SRC-HCDN-INV-017,SRC-HCDN-CO-005,LOT-HCDN-08,,,EVAL-HCDN-017,high exit-term sensitivity
CONT-HCDN-0161,VEND-HCDN-168,Synthetic Healthcare Supplier 168,maintenance agreement,ERP and Corporate Platforms,Compliance,revenue-cycle outsourcing,2021-09-01,2028-12-31,exit rights need review,T&M,range,standard termination rights,minimum annual commitment applies,RATE-HCDN-022,standard service credits,fixed or negotiated escalator,standard change-control language,subcontracting permitted with controls,US data residency,transition assistance to confirm,SRC-HCDN-SLA-018,SRC-HCDN-INV-018,SRC-HCDN-CO-006,LOT-HCDN-09,,,EVAL-HCDN-018,standard commercial review
CONT-HCDN-0162,VEND-HCDN-175,Synthetic Healthcare Supplier 175,telecom services,Clinical and Epic AMS,Provider Network,cloud/data platform operations,2022-01-01,2026-12-31,renewal within 12 months,unit rate,indexed,termination for convenience with notice,no minimum beyond SOW baseline,RATE-HCDN-023,standard service credits,CPI escalator above threshold,standard change-control language,subcontracting permitted with controls,US data residency,transition assistance to confirm,SRC-HCDN-SLA-019,SRC-HCDN-INV-019,SRC-HCDN-CO-007,LOT-HCDN-01,PROP-HCDN-01,BAFO-HCDN-01,EVAL-HCDN-019,standard commercial review
CONT-HCDN-0163,VEND-HCDN-182,Synthetic Healthcare Supplier 182,cybersecurity services,Payer Platform Operations,Value-Based Care,SQL Server/EDW managed services,2023-02-01,2027-12-31,renewal within 24 months,per member per month,trend-only,standard termination rights,no minimum beyond SOW baseline,RATE-HCDN-024,standard service credits,fixed or negotiated escalator,standard change-control language,subcontracting permitted with controls,US data residency,transition assistance to confirm,SRC-HCDN-SLA-020,SRC-HCDN-INV-020,SRC-HCDN-CO-008,LOT-HCDN-02,,,EVAL-HCDN-020,standard commercial review
CONT-HCDN-0164,VEND-HCDN-189,Synthetic Healthcare Supplier 189,AI/document automation SOW,Data Analytics and AI,Clinical Operations,contact center operations,2020-03-01,2028-12-31,active multi-year,per claim,withheld,standard termination rights,no minimum beyond SOW baseline,RATE-HCDN-025,standard service credits,fixed or negotiated escalator,standard change-control language,subcontracting permitted with controls,US data residency,transition assistance explicit,SRC-HCDN-SLA-021,SRC-HCDN-INV-021,SRC-HCDN-CO-009,LOT-HCDN-03,,,EVAL-HCDN-021,standard commercial review
CONT-HCDN-0165,VEND-HCDN-196,Synthetic Healthcare Supplier 196,MSA,Revenue Cycle Technology,Revenue Cycle,payment integrity,2021-04-01,2026-12-31,extension option,per encounter,exact,standard termination rights,no minimum beyond SOW baseline,RATE-HCDN-026,service credits capped and under-defined,fixed or negotiated escalator,change-control ambiguity,subcontracting permitted with controls,US data residency,transition assistance to confirm,SRC-HCDN-SLA-022,SRC-HCDN-INV-022,SRC-HCDN-CO-010,LOT-HCDN-04,PROP-HCDN-01,,EVAL-HCDN-022,standard commercial review
CONT-HCDN-0166,VEND-HCDN-203,Synthetic Healthcare Supplier 203,SOW,Cloud Infrastructure and Data Center,Patient Access,identity/security operations,2022-05-01,2027-12-31,transition assistance required,consumption,range,standard termination rights,no minimum beyond SOW baseline,RATE-HCDN-027,standard service credits,fixed or negotiated escalator,standard change-control language,subcontracting permitted with controls,US data residency,transition assistance to confirm,SRC-HCDN-SLA-023,SRC-HCDN-INV-023,SRC-HCDN-CO-011,LOT-HCDN-05,,,EVAL-HCDN-023,standard commercial review
CONT-HCDN-0167,VEND-HCDN-210,Synthetic Healthcare Supplier 210,rate card,Workplace and Contact Center,Interoperability,interoperability services,2023-06-01,2028-12-31,exit rights need review,hybrid fixed plus variable,indexed,standard termination rights,no minimum beyond SOW baseline,RATE-HCDN-028,standard service credits,fixed or negotiated escalator,standard change-control language,subcontracting permitted with controls,US data residency,transition assistance to confirm,SRC-HCDN-SLA-024,SRC-HCDN-INV-024,SRC-HCDN-CO-012,LOT-HCDN-06,,,EVAL-HCDN-024,standard commercial review
CONT-HCDN-0168,VEND-HCDN-217,Synthetic Healthcare Supplier 217,Epic support agreement,Security Identity and Compliance,Population Health,Epic support and optimization,2020-07-01,2026-12-31,renewal within 12 months,committed spend,trend-only,termination for convenience with notice,minimum annual commitment applies,RATE-HCDN-029,standard service credits,fixed or negotiated escalator,standard change-control language,subcontractor approval required,US data residency,transition assistance explicit,SRC-HCDN-SLA-025,SRC-HCDN-INV-025,SRC-HCDN-CO-013,LOT-HCDN-07,PROP-HCDN-01,BAFO-HCDN-01,EVAL-HCDN-001,high exit-term sensitivity
CONT-HCDN-0169,VEND-HCDN-224,Synthetic Healthcare Supplier 224,claims admin agreement,Integration and Interoperability,Health Plan Operations,claims operations,2021-08-01,2027-12-31,renewal within 24 months,outcome-linked,withheld,standard termination rights,no minimum beyond SOW baseline,RATE-HCDN-030,standard service credits,fixed or negotiated escalator,standard change-control language,subcontracting permitted with controls,US data residency,transition assistance to confirm,SRC-HCDN-SLA-026,SRC-HCDN-INV-026,SRC-HCDN-CO-014,LOT-HCDN-08,,,EVAL-HCDN-002,standard commercial review
CONT-HCDN-0170,VEND-HCDN-231,Synthetic Healthcare Supplier 231,PBM services SOW,ERP and Corporate Platforms,Medicare Advantage,Medicare Advantage quality services,2022-09-01,2028-12-31,active multi-year,fixed fee,exact,standard termination rights,no minimum beyond SOW baseline,RATE-HCDN-031,service credits capped and under-defined,fixed or negotiated escalator,standard change-control language,subcontracting permitted with controls,PHI/data residency review required,transition assistance to confirm,SRC-HCDN-SLA-027,SRC-HCDN-INV-027,SRC-HCDN-CO-015,LOT-HCDN-09,,,EVAL-HCDN-003,supplier concentration
CONT-HCDN-0171,VEND-HCDN-238,Synthetic Healthcare Supplier 238,BPO services SOW,Clinical and Epic AMS,Claims Operations,risk adjustment analytics,2023-01-01,2026-12-31,extension option,T&M,range,standard termination rights,no minimum beyond SOW baseline,RATE-HCDN-032,standard service credits,CPI escalator above threshold,standard change-control language,subcontracting permitted with controls,US data residency,transition assistance to confirm,SRC-HCDN-SLA-028,SRC-HCDN-INV-028,SRC-HCDN-CO-016,LOT-HCDN-01,PROP-HCDN-01,,EVAL-HCDN-004,standard commercial review
CONT-HCDN-0172,VEND-HCDN-245,Synthetic Healthcare Supplier 245,cloud commit,Payer Platform Operations,Utilization Management,prior authorization operations,2020-02-01,2027-12-31,transition assistance required,unit rate,indexed,standard termination rights,no minimum beyond SOW baseline,RATE-HCDN-033,standard service credits,fixed or negotiated escalator,standard change-control language,subcontracting permitted with controls,US data residency,transition assistance explicit,SRC-HCDN-SLA-029,SRC-HCDN-INV-029,SRC-HCDN-CO-017,LOT-HCDN-02,,,EVAL-HCDN-005,standard commercial review
CONT-HCDN-0173,VEND-HCDN-252,Synthetic Healthcare Supplier 252,data platform subscription,Data Analytics and AI,Member Services,revenue-cycle outsourcing,2021-03-01,2028-12-31,exit rights need review,per member per month,trend-only,standard termination rights,no minimum beyond SOW baseline,RATE-HCDN-034,standard service credits,fixed or negotiated escalator,standard change-control language,subcontracting permitted with controls,US data residency,transition assistance to confirm,SRC-HCDN-SLA-030,SRC-HCDN-INV-030,SRC-HCDN-CO-018,LOT-HCDN-03,,,EVAL-HCDN-006,standard commercial review
CONT-HCDN-0174,VEND-HCDN-259,Synthetic Healthcare Supplier 259,software subscription,Revenue Cycle Technology,Quality and Stars,cloud/data platform operations,2022-04-01,2026-12-31,renewal within 12 months,per claim,withheld,termination for convenience with notice,no minimum beyond SOW baseline,RATE-HCDN-035,standard service credits,fixed or negotiated escalator,standard change-control language,subcontracting permitted with controls,US data residency,transition assistance to confirm,SRC-HCDN-SLA-031,SRC-HCDN-INV-031,SRC-HCDN-CO-019,LOT-HCDN-04,PROP-HCDN-01,BAFO-HCDN-01,EVAL-HCDN-007,standard commercial review
CONT-HCDN-0175,VEND-HCDN-266,Synthetic Healthcare Supplier 266,professional services SOW,Cloud Infrastructure and Data Center,Risk Adjustment,SQL Server/EDW managed services,2023-05-01,2027-12-31,renewal within 24 months,per encounter,exact,standard termination rights,minimum annual commitment applies,RATE-HCDN-036,service credits capped and under-defined,fixed or negotiated escalator,standard change-control language,subcontracting permitted with controls,US data residency,transition assistance to confirm,SRC-HCDN-SLA-032,SRC-HCDN-INV-032,SRC-HCDN-CO-020,LOT-HCDN-05,,,EVAL-HCDN-008,standard commercial review
CONT-HCDN-0176,VEND-HCDN-273,Synthetic Healthcare Supplier 273,maintenance agreement,Workplace and Contact Center,Care Management,contact center operations,2020-06-01,2028-12-31,active multi-year,consumption,range,termination limited during transition,no minimum beyond SOW baseline,RATE-HCDN-037,standard service credits,fixed or negotiated escalator,change-control ambiguity,subcontracting permitted with controls,US data residency,transition assistance explicit,SRC-HCDN-SLA-033,SRC-HCDN-INV-033,SRC-HCDN-CO-021,LOT-HCDN-06,,,EVAL-HCDN-009,high exit-term sensitivity
CONT-HCDN-0177,VEND-HCDN-280,Synthetic Healthcare Supplier 280,telecom services,Security Identity and Compliance,Finance,payment integrity,2021-07-01,2026-12-31,extension option,hybrid fixed plus variable,indexed,standard termination rights,no minimum beyond SOW baseline,RATE-HCDN-038,standard service credits,fixed or negotiated escalator,standard change-control language,subcontracting permitted with controls,US data residency,transition assistance to confirm,SRC-HCDN-SLA-034,SRC-HCDN-INV-034,SRC-HCDN-CO-022,LOT-HCDN-07,PROP-HCDN-01,,EVAL-HCDN-010,standard commercial review
CONT-HCDN-0178,VEND-HCDN-287,Synthetic Healthcare Supplier 287,cybersecurity services,Integration and Interoperability,Coding,identity/security operations,2022-08-01,2027-12-31,transition assistance required,committed spend,trend-only,standard termination rights,no minimum beyond SOW baseline,RATE-HCDN-039,standard service credits,fixed or negotiated escalator,standard change-control language,subcontracting permitted with controls,US data residency,transition assistance to confirm,SRC-HCDN-SLA-035,SRC-HCDN-INV-035,SRC-HCDN-CO-023,LOT-HCDN-08,,,EVAL-HCDN-011,standard commercial review
CONT-HCDN-0179,VEND-HCDN-294,Synthetic Healthcare Supplier 294,AI/document automation SOW,ERP and Corporate Platforms,Payer Contracting,interoperability services,2023-09-01,2028-12-31,exit rights need review,outcome-linked,withheld,standard termination rights,no minimum beyond SOW baseline,RATE-HCDN-040,standard service credits,fixed or negotiated escalator,standard change-control language,subcontracting permitted with controls,US data residency,transition assistance to confirm,SRC-HCDN-SLA-036,SRC-HCDN-INV-036,SRC-HCDN-CO-024,LOT-HCDN-09,,,EVAL-HCDN-012,standard commercial review
CONT-HCDN-0180,VEND-HCDN-301,Synthetic Healthcare Supplier 301,MSA,Clinical and Epic AMS,Digital Front Door,Epic support and optimization,2020-01-01,2026-12-31,renewal within 12 months,fixed fee,exact,termination for convenience with notice,no minimum beyond SOW baseline,RATE-HCDN-041,service credits capped and under-defined,CPI escalator above threshold,standard change-control language,subcontractor approval required,PHI/data residency review required,transition assistance explicit,SRC-HCDN-SLA-001,SRC-HCDN-INV-037,SRC-HCDN-CO-025,LOT-HCDN-01,PROP-HCDN-01,BAFO-HCDN-01,EVAL-HCDN-013,supplier concentration
CONT-HCDN-0181,VEND-HCDN-308,Synthetic Healthcare Supplier 308,SOW,Payer Platform Operations,Contact Center,claims operations,2021-02-01,2027-12-31,renewal within 24 months,T&M,range,standard termination rights,no minimum beyond SOW baseline,RATE-HCDN-042,standard service credits,fixed or negotiated escalator,standard change-control language,subcontracting permitted with controls,US data residency,transition assistance to confirm,SRC-HCDN-SLA-002,SRC-HCDN-INV-038,SRC-HCDN-CO-026,LOT-HCDN-02,,,EVAL-HCDN-014,standard commercial review
CONT-HCDN-0182,VEND-HCDN-315,Synthetic Healthcare Supplier 315,rate card,Data Analytics and AI,Ambulatory Care,Medicare Advantage quality services,2022-03-01,2028-12-31,active multi-year,unit rate,indexed,standard termination rights,minimum annual commitment applies,RATE-HCDN-043,standard service credits,fixed or negotiated escalator,standard change-control language,subcontracting permitted with controls,US data residency,transition assistance to confirm,SRC-HCDN-SLA-003,SRC-HCDN-INV-039,SRC-HCDN-CO-027,LOT-HCDN-03,,,EVAL-HCDN-015,standard commercial review
CONT-HCDN-0183,VEND-HCDN-322,Synthetic Healthcare Supplier 322,Epic support agreement,Revenue Cycle Technology,Emergency Department,risk adjustment analytics,2023-04-01,2026-12-31,extension option,per member per month,trend-only,standard termination rights,no minimum beyond SOW baseline,RATE-HCDN-044,standard service credits,fixed or negotiated escalator,standard change-control language,subcontracting permitted with controls,US data residency,transition assistance to confirm,SRC-HCDN-SLA-004,SRC-HCDN-INV-040,SRC-HCDN-CO-028,LOT-HCDN-04,PROP-HCDN-01,,EVAL-HCDN-016,standard commercial review
CONT-HCDN-0184,VEND-HCDN-329,Synthetic Healthcare Supplier 329,claims admin agreement,Cloud Infrastructure and Data Center,Inpatient,prior authorization operations,2020-05-01,2027-12-31,transition assistance required,per claim,withheld,termination limited during transition,no minimum beyond SOW baseline,RATE-HCDN-045,standard service credits,fixed or negotiated escalator,standard change-control language,subcontracting permitted with controls,US data residency,transition assistance explicit,SRC-HCDN-SLA-005,SRC-HCDN-INV-041,SRC-HCDN-CO-029,LOT-HCDN-05,,,EVAL-HCDN-017,high exit-term sensitivity
CONT-HCDN-0185,VEND-HCDN-336,Synthetic Healthcare Supplier 336,PBM services SOW,Workplace and Contact Center,Surgery,revenue-cycle outsourcing,2021-06-01,2028-12-31,exit rights need review,per encounter,exact,standard termination rights,no minimum beyond SOW baseline,RATE-HCDN-046,service credits capped and under-defined,fixed or negotiated escalator,standard change-control language,subcontracting permitted with controls,US data residency,transition assistance to confirm,SRC-HCDN-SLA-006,SRC-HCDN-INV-042,SRC-HCDN-CO-030,LOT-HCDN-06,,,EVAL-HCDN-018,standard commercial review
CONT-HCDN-0186,VEND-HCDN-343,Synthetic Healthcare Supplier 343,BPO services SOW,Security Identity and Compliance,Imaging,cloud/data platform operations,2022-07-01,2026-12-31,renewal within 12 months,consumption,range,termination for convenience with notice,no minimum beyond SOW baseline,RATE-HCDN-047,standard service credits,fixed or negotiated escalator,standard change-control language,subcontracting permitted with controls,US data residency,transition assistance to confirm,SRC-HCDN-SLA-007,SRC-HCDN-INV-043,SRC-HCDN-CO-031,LOT-HCDN-07,PROP-HCDN-01,BAFO-HCDN-01,EVAL-HCDN-019,standard commercial review
CONT-HCDN-0187,VEND-HCDN-350,Synthetic Healthcare Supplier 350,cloud commit,Integration and Interoperability,Lab,SQL Server/EDW managed services,2023-08-01,2027-12-31,renewal within 24 months,hybrid fixed plus variable,indexed,standard termination rights,no minimum beyond SOW baseline,RATE-HCDN-048,standard service credits,fixed or negotiated escalator,change-control ambiguity,subcontracting permitted with controls,US data residency,transition assistance to confirm,SRC-HCDN-SLA-008,SRC-HCDN-INV-044,SRC-HCDN-CO-032,LOT-HCDN-08,,,EVAL-HCDN-020,standard commercial review
CONT-HCDN-0188,VEND-HCDN-357,Synthetic Healthcare Supplier 357,data platform subscription,ERP and Corporate Platforms,Pharmacy,contact center operations,2020-09-01,2028-12-31,active multi-year,committed spend,trend-only,standard termination rights,no minimum beyond SOW baseline,RATE-HCDN-049,standard service credits,fixed or negotiated escalator,standard change-control language,subcontracting permitted with controls,US data residency,transition assistance explicit,SRC-HCDN-SLA-009,SRC-HCDN-INV-045,SRC-HCDN-CO-033,LOT-HCDN-09,,,EVAL-HCDN-021,standard commercial review
CONT-HCDN-0189,VEND-HCDN-364,Synthetic Healthcare Supplier 364,software subscription,Clinical and Epic AMS,Oncology,payment integrity,2021-01-01,2026-12-31,extension option,outcome-linked,withheld,standard termination rights,minimum annual commitment applies,RATE-HCDN-050,standard service credits,CPI escalator above threshold,standard change-control language,subcontracting permitted with controls,US data residency,transition assistance to confirm,SRC-HCDN-SLA-010,SRC-HCDN-INV-046,SRC-HCDN-CO-034,LOT-HCDN-01,PROP-HCDN-01,,EVAL-HCDN-022,standard commercial review
CONT-HCDN-0190,VEND-HCDN-371,Synthetic Healthcare Supplier 371,professional services SOW,Payer Platform Operations,Cardiology,identity/security operations,2022-02-01,2027-12-31,transition assistance required,fixed fee,exact,standard termination rights,no minimum beyond SOW baseline,RATE-HCDN-051,service credits capped and under-defined,fixed or negotiated escalator,standard change-control language,subcontracting permitted with controls,PHI/data residency review required,transition assistance to confirm,SRC-HCDN-SLA-011,SRC-HCDN-INV-047,SRC-HCDN-CO-035,LOT-HCDN-02,,,EVAL-HCDN-023,supplier concentration
CONT-HCDN-0191,VEND-HCDN-378,Synthetic Healthcare Supplier 378,maintenance agreement,Data Analytics and AI,Data and Analytics,interoperability services,2023-03-01,2028-12-31,exit rights need review,T&M,range,standard termination rights,no minimum beyond SOW baseline,RATE-HCDN-052,standard service credits,fixed or negotiated escalator,standard change-control language,subcontracting permitted with controls,US data residency,transition assistance to confirm,SRC-HCDN-SLA-012,SRC-HCDN-INV-048,SRC-HCDN-CO-036,LOT-HCDN-03,,,EVAL-HCDN-024,standard commercial review
CONT-HCDN-0192,VEND-HCDN-385,Synthetic Healthcare Supplier 385,telecom services,Revenue Cycle Technology,Clinical Analytics,Epic support and optimization,2020-04-01,2026-12-31,renewal within 12 months,unit rate,indexed,termination for convenience with notice,no minimum beyond SOW baseline,RATE-HCDN-053,standard service credits,fixed or negotiated escalator,standard change-control language,subcontractor approval required,US data residency,transition assistance explicit,SRC-HCDN-SLA-013,SRC-HCDN-INV-001,SRC-HCDN-CO-037,LOT-HCDN-04,PROP-HCDN-01,BAFO-HCDN-01,EVAL-HCDN-001,high exit-term sensitivity
CONT-HCDN-0193,VEND-HCDN-392,Synthetic Healthcare Supplier 392,cybersecurity services,Cloud Infrastructure and Data Center,Actuarial,claims operations,2021-05-01,2027-12-31,renewal within 24 months,per member per month,trend-only,standard termination rights,no minimum beyond SOW baseline,RATE-HCDN-054,standard service credits,fixed or negotiated escalator,standard change-control language,subcontracting permitted with controls,US data residency,transition assistance to confirm,SRC-HCDN-SLA-014,SRC-HCDN-INV-002,SRC-HCDN-CO-038,LOT-HCDN-05,,,EVAL-HCDN-002,standard commercial review
CONT-HCDN-0194,VEND-HCDN-399,Synthetic Healthcare Supplier 399,AI/document automation SOW,Workplace and Contact Center,Departmental Reporting,Medicare Advantage quality services,2022-06-01,2028-12-31,active multi-year,per claim,withheld,standard termination rights,no minimum beyond SOW baseline,RATE-HCDN-055,standard service credits,fixed or negotiated escalator,standard change-control language,subcontracting permitted with controls,US data residency,transition assistance to confirm,SRC-HCDN-SLA-015,SRC-HCDN-INV-003,SRC-HCDN-CO-039,LOT-HCDN-06,,,EVAL-HCDN-003,standard commercial review
CONT-HCDN-0195,VEND-HCDN-406,Synthetic Healthcare Supplier 406,MSA,Security Identity and Compliance,AI Transformation,risk adjustment analytics,2023-07-01,2026-12-31,extension option,per encounter,exact,standard termination rights,no minimum beyond SOW baseline,RATE-HCDN-056,service credits capped and under-defined,fixed or negotiated escalator,standard change-control language,subcontracting permitted with controls,US data residency,transition assistance to confirm,SRC-HCDN-SLA-016,SRC-HCDN-INV-004,SRC-HCDN-CO-040,LOT-HCDN-07,PROP-HCDN-01,,EVAL-HCDN-004,standard commercial review
CONT-HCDN-0196,VEND-HCDN-413,Synthetic Healthcare Supplier 413,SOW,Integration and Interoperability,Technology,prior authorization operations,2020-08-01,2027-12-31,transition assistance required,consumption,range,standard termination rights,minimum annual commitment applies,RATE-HCDN-057,standard service credits,fixed or negotiated escalator,standard change-control language,subcontracting permitted with controls,US data residency,transition assistance explicit,SRC-HCDN-SLA-017,SRC-HCDN-INV-005,SRC-HCDN-CO-041,LOT-HCDN-08,,,EVAL-HCDN-005,standard commercial review
CONT-HCDN-0197,VEND-HCDN-420,Synthetic Healthcare Supplier 420,rate card,ERP and Corporate Platforms,Security,revenue-cycle outsourcing,2021-09-01,2028-12-31,exit rights need review,hybrid fixed plus variable,indexed,standard termination rights,no minimum beyond SOW baseline,RATE-HCDN-058,standard service credits,fixed or negotiated escalator,standard change-control language,subcontracting permitted with controls,US data residency,transition assistance to confirm,SRC-HCDN-SLA-018,SRC-HCDN-INV-006,SRC-HCDN-CO-042,LOT-HCDN-09,,,EVAL-HCDN-006,standard commercial review
CONT-HCDN-0198,VEND-HCDN-427,Synthetic Healthcare Supplier 427,Epic support agreement,Clinical and Epic AMS,Procurement,cloud/data platform operations,2022-01-01,2026-12-31,renewal within 12 months,committed spend,trend-only,termination for convenience with notice,no minimum beyond SOW baseline,RATE-HCDN-059,standard service credits,CPI escalator above threshold,change-control ambiguity,subcontracting permitted with controls,US data residency,transition assistance to confirm,SRC-HCDN-SLA-019,SRC-HCDN-INV-007,SRC-HCDN-CO-043,LOT-HCDN-01,PROP-HCDN-01,BAFO-HCDN-01,EVAL-HCDN-007,standard commercial review
CONT-HCDN-0199,VEND-HCDN-434,Synthetic Healthcare Supplier 434,claims admin agreement,Payer Platform Operations,HR,SQL Server/EDW managed services,2023-02-01,2027-12-31,renewal within 24 months,outcome-linked,withheld,standard termination rights,no minimum beyond SOW baseline,RATE-HCDN-060,standard service credits,fixed or negotiated escalator,standard change-control language,subcontracting permitted with controls,US data residency,transition assistance to confirm,SRC-HCDN-SLA-020,SRC-HCDN-INV-008,SRC-HCDN-CO-044,LOT-HCDN-02,,,EVAL-HCDN-008,standard commercial review
CONT-HCDN-0200,VEND-HCDN-441,Synthetic Healthcare Supplier 441,PBM services SOW,Data Analytics and AI,Supply Chain,contact center operations,2020-03-01,2028-12-31,active multi-year,fixed fee,exact,termination limited during transition,no minimum beyond SOW baseline,RATE-HCDN-061,service credits capped and under-defined,fixed or negotiated escalator,standard change-control language,subcontracting permitted with controls,PHI/data residency review required,transition assistance explicit,SRC-HCDN-SLA-021,SRC-HCDN-INV-009,SRC-HCDN-CO-045,LOT-HCDN-03,,,EVAL-HCDN-009,high exit-term sensitivity
CONT-HCDN-0201,VEND-HCDN-448,Synthetic Healthcare Supplier 448,BPO services SOW,Revenue Cycle Technology,Privacy,payment integrity,2021-04-01,2026-12-31,extension option,T&M,range,standard termination rights,no minimum beyond SOW baseline,RATE-HCDN-062,standard service credits,fixed or negotiated escalator,standard change-control language,subcontracting permitted with controls,US data residency,transition assistance to confirm,SRC-HCDN-SLA-022,SRC-HCDN-INV-010,SRC-HCDN-CO-046,LOT-HCDN-04,PROP-HCDN-01,,EVAL-HCDN-010,standard commercial review
CONT-HCDN-0202,VEND-HCDN-455,Synthetic Healthcare Supplier 455,cloud commit,Cloud Infrastructure and Data Center,Compliance,identity/security operations,2022-05-01,2027-12-31,transition assistance required,unit rate,indexed,standard termination rights,no minimum beyond SOW baseline,RATE-HCDN-063,standard service credits,fixed or negotiated escalator,standard change-control language,subcontracting permitted with controls,US data residency,transition assistance to confirm,SRC-HCDN-SLA-023,SRC-HCDN-INV-011,SRC-HCDN-CO-047,LOT-HCDN-05,,,EVAL-HCDN-011,standard commercial review
CONT-HCDN-0203,VEND-HCDN-462,Synthetic Healthcare Supplier 462,data platform subscription,Workplace and Contact Center,Provider Network,interoperability services,2023-06-01,2028-12-31,exit rights need review,per member per month,trend-only,standard termination rights,minimum annual commitment applies,RATE-HCDN-064,standard service credits,fixed or negotiated escalator,standard change-control language,subcontracting permitted with controls,US data residency,transition assistance to confirm,SRC-HCDN-SLA-024,SRC-HCDN-INV-012,SRC-HCDN-CO-048,LOT-HCDN-06,,,EVAL-HCDN-012,standard commercial review
CONT-HCDN-0204,VEND-HCDN-469,Synthetic Healthcare Supplier 469,software subscription,Security Identity and Compliance,Value-Based Care,Epic support and optimization,2020-07-01,2026-12-31,renewal within 12 months,per claim,withheld,termination for convenience with notice,no minimum beyond SOW baseline,RATE-HCDN-065,standard service credits,fixed or negotiated escalator,standard change-control language,subcontractor approval required,US data residency,transition assistance explicit,SRC-HCDN-SLA-025,SRC-HCDN-INV-013,SRC-HCDN-CO-049,LOT-HCDN-07,PROP-HCDN-01,BAFO-HCDN-01,EVAL-HCDN-013,standard commercial review
CONT-HCDN-0205,VEND-HCDN-476,Synthetic Healthcare Supplier 476,professional services SOW,Integration and Interoperability,Clinical Operations,claims operations,2021-08-01,2027-12-31,renewal within 24 months,per encounter,exact,standard termination rights,no minimum beyond SOW baseline,RATE-HCDN-066,service credits capped and under-defined,fixed or negotiated escalator,standard change-control language,subcontracting permitted with controls,US data residency,transition assistance to confirm,SRC-HCDN-SLA-026,SRC-HCDN-INV-014,SRC-HCDN-CO-050,LOT-HCDN-08,,,EVAL-HCDN-014,standard commercial review
CONT-HCDN-0206,VEND-HCDN-003,Synthetic Healthcare Supplier 003,maintenance agreement,ERP and Corporate Platforms,Revenue Cycle,Medicare Advantage quality services,2022-09-01,2028-12-31,active multi-year,consumption,range,standard termination rights,no minimum beyond SOW baseline,RATE-HCDN-067,standard service credits,fixed or negotiated escalator,standard change-control language,subcontracting permitted with controls,US data residency,transition assistance to confirm,SRC-HCDN-SLA-027,SRC-HCDN-INV-015,SRC-HCDN-CO-051,LOT-HCDN-09,,,EVAL-HCDN-015,standard commercial review
CONT-HCDN-0207,VEND-HCDN-010,Synthetic Healthcare Supplier 010,telecom services,Clinical and Epic AMS,Patient Access,risk adjustment analytics,2023-01-01,2026-12-31,extension option,hybrid fixed plus variable,indexed,standard termination rights,no minimum beyond SOW baseline,RATE-HCDN-068,standard service credits,CPI escalator above threshold,standard change-control language,subcontracting permitted with controls,US data residency,transition assistance to confirm,SRC-HCDN-SLA-028,SRC-HCDN-INV-016,SRC-HCDN-CO-052,LOT-HCDN-01,PROP-HCDN-01,,EVAL-HCDN-016,standard commercial review
CONT-HCDN-0208,VEND-HCDN-017,Synthetic Healthcare Supplier 017,cybersecurity services,Payer Platform Operations,Interoperability,prior authorization operations,2020-02-01,2027-12-31,transition assistance required,committed spend,trend-only,termination limited during transition,no minimum beyond SOW baseline,RATE-HCDN-069,standard service credits,fixed or negotiated escalator,standard change-control language,subcontracting permitted with controls,US data residency,transition assistance explicit,SRC-HCDN-SLA-029,SRC-HCDN-INV-017,SRC-HCDN-CO-001,LOT-HCDN-02,,,EVAL-HCDN-017,high exit-term sensitivity
CONT-HCDN-0209,VEND-HCDN-024,Synthetic Healthcare Supplier 024,AI/document automation SOW,Data Analytics and AI,Population Health,revenue-cycle outsourcing,2021-03-01,2028-12-31,exit rights need review,outcome-linked,withheld,standard termination rights,no minimum beyond SOW baseline,RATE-HCDN-070,standard service credits,fixed or negotiated escalator,change-control ambiguity,subcontracting permitted with controls,US data residency,transition assistance to confirm,SRC-HCDN-SLA-030,SRC-HCDN-INV-018,SRC-HCDN-CO-002,LOT-HCDN-03,,,EVAL-HCDN-018,standard commercial review
CONT-HCDN-0210,VEND-HCDN-031,Synthetic Healthcare Supplier 031,MSA,Revenue Cycle Technology,Health Plan Operations,cloud/data platform operations,2022-04-01,2026-12-31,renewal within 12 months,fixed fee,exact,termination for convenience with notice,minimum annual commitment applies,RATE-HCDN-071,service credits capped and under-defined,fixed or negotiated escalator,standard change-control language,subcontracting permitted with controls,PHI/data residency review required,transition assistance to confirm,SRC-HCDN-SLA-031,SRC-HCDN-INV-019,SRC-HCDN-CO-003,LOT-HCDN-04,PROP-HCDN-01,BAFO-HCDN-01,EVAL-HCDN-019,supplier concentration
CONT-HCDN-0211,VEND-HCDN-038,Synthetic Healthcare Supplier 038,SOW,Cloud Infrastructure and Data Center,Medicare Advantage,SQL Server/EDW managed services,2023-05-01,2027-12-31,renewal within 24 months,T&M,range,standard termination rights,no minimum beyond SOW baseline,RATE-HCDN-072,standard service credits,fixed or negotiated escalator,standard change-control language,subcontracting permitted with controls,US data residency,transition assistance to confirm,SRC-HCDN-SLA-032,SRC-HCDN-INV-020,SRC-HCDN-CO-004,LOT-HCDN-05,,,EVAL-HCDN-020,standard commercial review
CONT-HCDN-0212,VEND-HCDN-045,Synthetic Healthcare Supplier 045,rate card,Workplace and Contact Center,Claims Operations,contact center operations,2020-06-01,2028-12-31,active multi-year,unit rate,indexed,standard termination rights,no minimum beyond SOW baseline,RATE-HCDN-073,standard service credits,fixed or negotiated escalator,standard change-control language,subcontracting permitted with controls,US data residency,transition assistance explicit,SRC-HCDN-SLA-033,SRC-HCDN-INV-021,SRC-HCDN-CO-005,LOT-HCDN-06,,,EVAL-HCDN-021,standard commercial review
CONT-HCDN-0213,VEND-HCDN-052,Synthetic Healthcare Supplier 052,Epic support agreement,Security Identity and Compliance,Utilization Management,payment integrity,2021-07-01,2026-12-31,extension option,per member per month,trend-only,standard termination rights,no minimum beyond SOW baseline,RATE-HCDN-074,standard service credits,fixed or negotiated escalator,standard change-control language,subcontracting permitted with controls,US data residency,transition assistance to confirm,SRC-HCDN-SLA-034,SRC-HCDN-INV-022,SRC-HCDN-CO-006,LOT-HCDN-07,PROP-HCDN-01,,EVAL-HCDN-022,standard commercial review
CONT-HCDN-0214,VEND-HCDN-059,Synthetic Healthcare Supplier 059,claims admin agreement,Integration and Interoperability,Member Services,identity/security operations,2022-08-01,2027-12-31,transition assistance required,per claim,withheld,standard termination rights,no minimum beyond SOW baseline,RATE-HCDN-075,standard service credits,fixed or negotiated escalator,standard change-control language,subcontracting permitted with controls,US data residency,transition assistance to confirm,SRC-HCDN-SLA-035,SRC-HCDN-INV-023,SRC-HCDN-CO-007,LOT-HCDN-08,,,EVAL-HCDN-023,standard commercial review
CONT-HCDN-0215,VEND-HCDN-066,Synthetic Healthcare Supplier 066,PBM services SOW,ERP and Corporate Platforms,Quality and Stars,interoperability services,2023-09-01,2028-12-31,exit rights need review,per encounter,exact,standard termination rights,no minimum beyond SOW baseline,RATE-HCDN-076,service credits capped and under-defined,fixed or negotiated escalator,standard change-control language,subcontracting permitted with controls,US data residency,transition assistance to confirm,SRC-HCDN-SLA-036,SRC-HCDN-INV-024,SRC-HCDN-CO-008,LOT-HCDN-09,,,EVAL-HCDN-024,standard commercial review
CONT-HCDN-0216,VEND-HCDN-073,Synthetic Healthcare Supplier 073,BPO services SOW,Clinical and Epic AMS,Risk Adjustment,Epic support and optimization,2020-01-01,2026-12-31,renewal within 12 months,consumption,range,termination for convenience with notice,no minimum beyond SOW baseline,RATE-HCDN-077,standard service credits,CPI escalator above threshold,standard change-control language,subcontractor approval required,US data residency,transition assistance explicit,SRC-HCDN-SLA-001,SRC-HCDN-INV-025,SRC-HCDN-CO-009,LOT-HCDN-01,PROP-HCDN-01,BAFO-HCDN-01,EVAL-HCDN-001,high exit-term sensitivity
CONT-HCDN-0217,VEND-HCDN-080,Synthetic Healthcare Supplier 080,cloud commit,Payer Platform Operations,Care Management,claims operations,2021-02-01,2027-12-31,renewal within 24 months,hybrid fixed plus variable,indexed,standard termination rights,minimum annual commitment applies,RATE-HCDN-078,standard service credits,fixed or negotiated escalator,standard change-control language,subcontracting permitted with controls,US data residency,transition assistance to confirm,SRC-HCDN-SLA-002,SRC-HCDN-INV-026,SRC-HCDN-CO-010,LOT-HCDN-02,,,EVAL-HCDN-002,standard commercial review
CONT-HCDN-0218,VEND-HCDN-087,Synthetic Healthcare Supplier 087,data platform subscription,Data Analytics and AI,Finance,Medicare Advantage quality services,2022-03-01,2028-12-31,active multi-year,committed spend,trend-only,standard termination rights,no minimum beyond SOW baseline,RATE-HCDN-079,standard service credits,fixed or negotiated escalator,standard change-control language,subcontracting permitted with controls,US data residency,transition assistance to confirm,SRC-HCDN-SLA-003,SRC-HCDN-INV-027,SRC-HCDN-CO-011,LOT-HCDN-03,,,EVAL-HCDN-003,standard commercial review
CONT-HCDN-0219,VEND-HCDN-094,Synthetic Healthcare Supplier 094,software subscription,Revenue Cycle Technology,Coding,risk adjustment analytics,2023-04-01,2026-12-31,extension option,outcome-linked,withheld,standard termination rights,no minimum beyond SOW baseline,RATE-HCDN-080,standard service credits,fixed or negotiated escalator,standard change-control language,subcontracting permitted with controls,US data residency,transition assistance to confirm,SRC-HCDN-SLA-004,SRC-HCDN-INV-028,SRC-HCDN-CO-012,LOT-HCDN-04,PROP-HCDN-01,,EVAL-HCDN-004,standard commercial review
CONT-HCDN-0220,VEND-HCDN-101,Synthetic Healthcare Supplier 101,professional services SOW,Cloud Infrastructure and Data Center,Payer Contracting,prior authorization operations,2020-05-01,2027-12-31,transition assistance required,fixed fee,exact,standard termination rights,no minimum beyond SOW baseline,RATE-HCDN-081,service credits capped and under-defined,fixed or negotiated escalator,change-control ambiguity,subcontracting permitted with controls,PHI/data residency review required,transition assistance explicit,SRC-HCDN-SLA-005,SRC-HCDN-INV-029,SRC-HCDN-CO-013,LOT-HCDN-05,,,EVAL-HCDN-005,supplier concentration
CONT-HCDN-0221,VEND-HCDN-108,Synthetic Healthcare Supplier 108,maintenance agreement,Workplace and Contact Center,Digital Front Door,revenue-cycle outsourcing,2021-06-01,2028-12-31,exit rights need review,T&M,range,standard termination rights,no minimum beyond SOW baseline,RATE-HCDN-082,standard service credits,fixed or negotiated escalator,standard change-control language,subcontracting permitted with controls,US data residency,transition assistance to confirm,SRC-HCDN-SLA-006,SRC-HCDN-INV-030,SRC-HCDN-CO-014,LOT-HCDN-06,,,EVAL-HCDN-006,standard commercial review
CONT-HCDN-0222,VEND-HCDN-115,Synthetic Healthcare Supplier 115,telecom services,Security Identity and Compliance,Contact Center,cloud/data platform operations,2022-07-01,2026-12-31,renewal within 12 months,unit rate,indexed,termination for convenience with notice,no minimum beyond SOW baseline,RATE-HCDN-083,standard service credits,fixed or negotiated escalator,standard change-control language,subcontracting permitted with controls,US data residency,transition assistance to confirm,SRC-HCDN-SLA-007,SRC-HCDN-INV-031,SRC-HCDN-CO-015,LOT-HCDN-07,PROP-HCDN-01,BAFO-HCDN-01,EVAL-HCDN-007,standard commercial review
CONT-HCDN-0223,VEND-HCDN-122,Synthetic Healthcare Supplier 122,cybersecurity services,Integration and Interoperability,Ambulatory Care,SQL Server/EDW managed services,2023-08-01,2027-12-31,renewal within 24 months,per member per month,trend-only,standard termination rights,no minimum beyond SOW baseline,RATE-HCDN-084,standard service credits,fixed or negotiated escalator,standard change-control language,subcontracting permitted with controls,US data residency,transition assistance to confirm,SRC-HCDN-SLA-008,SRC-HCDN-INV-032,SRC-HCDN-CO-016,LOT-HCDN-08,,,EVAL-HCDN-008,standard commercial review
CONT-HCDN-0224,VEND-HCDN-129,Synthetic Healthcare Supplier 129,AI/document automation SOW,ERP and Corporate Platforms,Emergency Department,contact center operations,2020-09-01,2028-12-31,active multi-year,per claim,withheld,termination limited during transition,minimum annual commitment applies,RATE-HCDN-085,standard service credits,fixed or negotiated escalator,standard change-control language,subcontracting permitted with controls,US data residency,transition assistance explicit,SRC-HCDN-SLA-009,SRC-HCDN-INV-033,SRC-HCDN-CO-017,LOT-HCDN-09,,,EVAL-HCDN-009,high exit-term sensitivity
CONT-HCDN-0225,VEND-HCDN-136,Synthetic Healthcare Supplier 136,MSA,Clinical and Epic AMS,Inpatient,payment integrity,2021-01-01,2026-12-31,extension option,per encounter,exact,standard termination rights,no minimum beyond SOW baseline,RATE-HCDN-086,service credits capped and under-defined,CPI escalator above threshold,standard change-control language,subcontracting permitted with controls,US data residency,transition assistance to confirm,SRC-HCDN-SLA-010,SRC-HCDN-INV-034,SRC-HCDN-CO-018,LOT-HCDN-01,PROP-HCDN-01,,EVAL-HCDN-010,standard commercial review
CONT-HCDN-0226,VEND-HCDN-143,Synthetic Healthcare Supplier 143,SOW,Payer Platform Operations,Surgery,identity/security operations,2022-02-01,2027-12-31,transition assistance required,consumption,range,standard termination rights,no minimum beyond SOW baseline,RATE-HCDN-087,standard service credits,fixed or negotiated escalator,standard change-control language,subcontracting permitted with controls,US data residency,transition assistance to confirm,SRC-HCDN-SLA-011,SRC-HCDN-INV-035,SRC-HCDN-CO-019,LOT-HCDN-02,,,EVAL-HCDN-011,standard commercial review
CONT-HCDN-0227,VEND-HCDN-150,Synthetic Healthcare Supplier 150,rate card,Data Analytics and AI,Imaging,interoperability services,2023-03-01,2028-12-31,exit rights need review,hybrid fixed plus variable,indexed,standard termination rights,no minimum beyond SOW baseline,RATE-HCDN-088,standard service credits,fixed or negotiated escalator,standard change-control language,subcontracting permitted with controls,US data residency,transition assistance to confirm,SRC-HCDN-SLA-012,SRC-HCDN-INV-036,SRC-HCDN-CO-020,LOT-HCDN-03,,,EVAL-HCDN-012,standard commercial review
CONT-HCDN-0228,VEND-HCDN-157,Synthetic Healthcare Supplier 157,Epic support agreement,Revenue Cycle Technology,Lab,Epic support and optimization,2020-04-01,2026-12-31,renewal within 12 months,committed spend,trend-only,termination for convenience with notice,no minimum beyond SOW baseline,RATE-HCDN-089,standard service credits,fixed or negotiated escalator,standard change-control language,subcontractor approval required,US data residency,transition assistance explicit,SRC-HCDN-SLA-013,SRC-HCDN-INV-037,SRC-HCDN-CO-021,LOT-HCDN-04,PROP-HCDN-01,BAFO-HCDN-01,EVAL-HCDN-013,standard commercial review
CONT-HCDN-0229,VEND-HCDN-164,Synthetic Healthcare Supplier 164,claims admin agreement,Cloud Infrastructure and Data Center,Pharmacy,claims operations,2021-05-01,2027-12-31,renewal within 24 months,outcome-linked,withheld,standard termination rights,no minimum beyond SOW baseline,RATE-HCDN-090,standard service credits,fixed or negotiated escalator,standard change-control language,subcontracting permitted with controls,US data residency,transition assistance to confirm,SRC-HCDN-SLA-014,SRC-HCDN-INV-038,SRC-HCDN-CO-022,LOT-HCDN-05,,,EVAL-HCDN-014,standard commercial review
CONT-HCDN-0230,VEND-HCDN-171,Synthetic Healthcare Supplier 171,PBM services SOW,Workplace and Contact Center,Oncology,Medicare Advantage quality services,2022-06-01,2028-12-31,active multi-year,fixed fee,exact,standard termination rights,no minimum beyond SOW baseline,RATE-HCDN-091,service credits capped and under-defined,fixed or negotiated escalator,standard change-control language,subcontracting permitted with controls,PHI/data residency review required,transition assistance to confirm,SRC-HCDN-SLA-015,SRC-HCDN-INV-039,SRC-HCDN-CO-023,LOT-HCDN-06,,,EVAL-HCDN-015,supplier concentration
CONT-HCDN-0231,VEND-HCDN-178,Synthetic Healthcare Supplier 178,BPO services SOW,Security Identity and Compliance,Cardiology,risk adjustment analytics,2023-07-01,2026-12-31,extension option,T&M,range,standard termination rights,minimum annual commitment applies,RATE-HCDN-092,standard service credits,fixed or negotiated escalator,change-control ambiguity,subcontracting permitted with controls,US data residency,transition assistance to confirm,SRC-HCDN-SLA-016,SRC-HCDN-INV-040,SRC-HCDN-CO-024,LOT-HCDN-07,PROP-HCDN-01,,EVAL-HCDN-016,standard commercial review
CONT-HCDN-0232,VEND-HCDN-185,Synthetic Healthcare Supplier 185,cloud commit,Integration and Interoperability,Data and Analytics,prior authorization operations,2020-08-01,2027-12-31,transition assistance required,unit rate,indexed,termination limited during transition,no minimum beyond SOW baseline,RATE-HCDN-093,standard service credits,fixed or negotiated escalator,standard change-control language,subcontracting permitted with controls,US data residency,transition assistance explicit,SRC-HCDN-SLA-017,SRC-HCDN-INV-041,SRC-HCDN-CO-025,LOT-HCDN-08,,,EVAL-HCDN-017,high exit-term sensitivity
CONT-HCDN-0233,VEND-HCDN-192,Synthetic Healthcare Supplier 192,data platform subscription,ERP and Corporate Platforms,Clinical Analytics,revenue-cycle outsourcing,2021-09-01,2028-12-31,exit rights need review,per member per month,trend-only,standard termination rights,no minimum beyond SOW baseline,RATE-HCDN-094,standard service credits,fixed or negotiated escalator,standard change-control language,subcontracting permitted with controls,US data residency,transition assistance to confirm,SRC-HCDN-SLA-018,SRC-HCDN-INV-042,SRC-HCDN-CO-026,LOT-HCDN-09,,,EVAL-HCDN-018,standard commercial review
CONT-HCDN-0234,VEND-HCDN-199,Synthetic Healthcare Supplier 199,software subscription,Clinical and Epic AMS,Actuarial,cloud/data platform operations,2022-01-01,2026-12-31,renewal within 12 months,per claim,withheld,termination for convenience with notice,no minimum beyond SOW baseline,RATE-HCDN-095,standard service credits,CPI escalator above threshold,standard change-control language,subcontracting permitted with controls,US data residency,transition assistance to confirm,SRC-HCDN-SLA-019,SRC-HCDN-INV-043,SRC-HCDN-CO-027,LOT-HCDN-01,PROP-HCDN-01,BAFO-HCDN-01,EVAL-HCDN-019,standard commercial review
CONT-HCDN-0235,VEND-HCDN-206,Synthetic Healthcare Supplier 206,professional services SOW,Payer Platform Operations,Departmental Reporting,SQL Server/EDW managed services,2023-02-01,2027-12-31,renewal within 24 months,per encounter,exact,standard termination rights,no minimum beyond SOW baseline,RATE-HCDN-096,service credits capped and under-defined,fixed or negotiated escalator,standard change-control language,subcontracting permitted with controls,US data residency,transition assistance to confirm,SRC-HCDN-SLA-020,SRC-HCDN-INV-044,SRC-HCDN-CO-028,LOT-HCDN-02,,,EVAL-HCDN-020,standard commercial review
CONT-HCDN-0236,VEND-HCDN-213,Synthetic Healthcare Supplier 213,maintenance agreement,Data Analytics and AI,AI Transformation,contact center operations,2020-03-01,2028-12-31,active multi-year,consumption,range,standard termination rights,no minimum beyond SOW baseline,RATE-HCDN-097,standard service credits,fixed or negotiated escalator,standard change-control language,subcontracting permitted with controls,US data residency,transition assistance explicit,SRC-HCDN-SLA-021,SRC-HCDN-INV-045,SRC-HCDN-CO-029,LOT-HCDN-03,,,EVAL-HCDN-021,standard commercial review
CONT-HCDN-0237,VEND-HCDN-220,Synthetic Healthcare Supplier 220,telecom services,Revenue Cycle Technology,Technology,payment integrity,2021-04-01,2026-12-31,extension option,hybrid fixed plus variable,indexed,standard termination rights,no minimum beyond SOW baseline,RATE-HCDN-098,standard service credits,fixed or negotiated escalator,standard change-control language,subcontracting permitted with controls,US data residency,transition assistance to confirm,SRC-HCDN-SLA-022,SRC-HCDN-INV-046,SRC-HCDN-CO-030,LOT-HCDN-04,PROP-HCDN-01,,EVAL-HCDN-022,standard commercial review
CONT-HCDN-0238,VEND-HCDN-227,Synthetic Healthcare Supplier 227,cybersecurity services,Cloud Infrastructure and Data Center,Security,identity/security operations,2022-05-01,2027-12-31,transition assistance required,committed spend,trend-only,standard termination rights,minimum annual commitment applies,RATE-HCDN-099,standard service credits,fixed or negotiated escalator,standard change-control language,subcontracting permitted with controls,US data residency,transition assistance to confirm,SRC-HCDN-SLA-023,SRC-HCDN-INV-047,SRC-HCDN-CO-031,LOT-HCDN-05,,,EVAL-HCDN-023,standard commercial review
CONT-HCDN-0239,VEND-HCDN-234,Synthetic Healthcare Supplier 234,AI/document automation SOW,Workplace and Contact Center,Procurement,interoperability services,2023-06-01,2028-12-31,exit rights need review,outcome-linked,withheld,standard termination rights,no minimum beyond SOW baseline,RATE-HCDN-100,standard service credits,fixed or negotiated escalator,standard change-control language,subcontracting permitted with controls,US data residency,transition assistance to confirm,SRC-HCDN-SLA-024,SRC-HCDN-INV-048,SRC-HCDN-CO-032,LOT-HCDN-06,,,EVAL-HCDN-024,standard commercial review
CONT-HCDN-0240,VEND-HCDN-241,Synthetic Healthcare Supplier 241,MSA,Security Identity and Compliance,HR,Epic support and optimization,2020-07-01,2026-12-31,renewal within 12 months,fixed fee,exact,termination for convenience with notice,no minimum beyond SOW baseline,RATE-HCDN-101,service credits capped and under-defined,fixed or negotiated escalator,standard change-control language,subcontractor approval required,PHI/data residency review required,transition assistance explicit,SRC-HCDN-SLA-025,SRC-HCDN-INV-001,SRC-HCDN-CO-033,LOT-HCDN-07,PROP-HCDN-01,BAFO-HCDN-01,EVAL-HCDN-001,high exit-term sensitivity
CONT-HCDN-0241,VEND-HCDN-248,Synthetic Healthcare Supplier 248,SOW,Integration and Interoperability,Supply Chain,claims operations,2021-08-01,2027-12-31,renewal within 24 months,T&M,range,standard termination rights,no minimum beyond SOW baseline,RATE-HCDN-102,standard service credits,fixed or negotiated escalator,standard change-control language,subcontracting permitted with controls,US data residency,transition assistance to confirm,SRC-HCDN-SLA-026,SRC-HCDN-INV-002,SRC-HCDN-CO-034,LOT-HCDN-08,,,EVAL-HCDN-002,standard commercial review
CONT-HCDN-0242,VEND-HCDN-255,Synthetic Healthcare Supplier 255,rate card,ERP and Corporate Platforms,Privacy,Medicare Advantage quality services,2022-09-01,2028-12-31,active multi-year,unit rate,indexed,standard termination rights,no minimum beyond SOW baseline,RATE-HCDN-103,standard service credits,fixed or negotiated escalator,change-control ambiguity,subcontracting permitted with controls,US data residency,transition assistance to confirm,SRC-HCDN-SLA-027,SRC-HCDN-INV-003,SRC-HCDN-CO-035,LOT-HCDN-09,,,EVAL-HCDN-003,standard commercial review
CONT-HCDN-0243,VEND-HCDN-262,Synthetic Healthcare Supplier 262,Epic support agreement,Clinical and Epic AMS,Compliance,risk adjustment analytics,2023-01-01,2026-12-31,extension option,per member per month,trend-only,standard termination rights,no minimum beyond SOW baseline,RATE-HCDN-104,standard service credits,CPI escalator above threshold,standard change-control language,subcontracting permitted with controls,US data residency,transition assistance to confirm,SRC-HCDN-SLA-028,SRC-HCDN-INV-004,SRC-HCDN-CO-036,LOT-HCDN-01,PROP-HCDN-01,,EVAL-HCDN-004,standard commercial review
CONT-HCDN-0244,VEND-HCDN-269,Synthetic Healthcare Supplier 269,claims admin agreement,Payer Platform Operations,Provider Network,prior authorization operations,2020-02-01,2027-12-31,transition assistance required,per claim,withheld,standard termination rights,no minimum beyond SOW baseline,RATE-HCDN-105,standard service credits,fixed or negotiated escalator,standard change-control language,subcontracting permitted with controls,US data residency,transition assistance explicit,SRC-HCDN-SLA-029,SRC-HCDN-INV-005,SRC-HCDN-CO-037,LOT-HCDN-02,,,EVAL-HCDN-005,standard commercial review
CONT-HCDN-0245,VEND-HCDN-276,Synthetic Healthcare Supplier 276,PBM services SOW,Data Analytics and AI,Value-Based Care,revenue-cycle outsourcing,2021-03-01,2028-12-31,exit rights need review,per encounter,exact,standard termination rights,minimum annual commitment applies,RATE-HCDN-106,service credits capped and under-defined,fixed or negotiated escalator,standard change-control language,subcontracting permitted with controls,US data residency,transition assistance to confirm,SRC-HCDN-SLA-030,SRC-HCDN-INV-006,SRC-HCDN-CO-038,LOT-HCDN-03,,,EVAL-HCDN-006,standard commercial review
CONT-HCDN-0246,VEND-HCDN-283,Synthetic Healthcare Supplier 283,BPO services SOW,Revenue Cycle Technology,Clinical Operations,cloud/data platform operations,2022-04-01,2026-12-31,renewal within 12 months,consumption,range,termination for convenience with notice,no minimum beyond SOW baseline,RATE-HCDN-107,standard service credits,fixed or negotiated escalator,standard change-control language,subcontracting permitted with controls,US data residency,transition assistance to confirm,SRC-HCDN-SLA-031,SRC-HCDN-INV-007,SRC-HCDN-CO-039,LOT-HCDN-04,PROP-HCDN-01,BAFO-HCDN-01,EVAL-HCDN-007,standard commercial review
CONT-HCDN-0247,VEND-HCDN-290,Synthetic Healthcare Supplier 290,cloud commit,Cloud Infrastructure and Data Center,Revenue Cycle,SQL Server/EDW managed services,2023-05-01,2027-12-31,renewal within 24 months,hybrid fixed plus variable,indexed,standard termination rights,no minimum beyond SOW baseline,RATE-HCDN-108,standard service credits,fixed or negotiated escalator,standard change-control language,subcontracting permitted with controls,US data residency,transition assistance to confirm,SRC-HCDN-SLA-032,SRC-HCDN-INV-008,SRC-HCDN-CO-040,LOT-HCDN-05,,,EVAL-HCDN-008,standard commercial review
CONT-HCDN-0248,VEND-HCDN-297,Synthetic Healthcare Supplier 297,data platform subscription,Workplace and Contact Center,Patient Access,contact center operations,2020-06-01,2028-12-31,active multi-year,committed spend,trend-only,termination limited during transition,no minimum beyond SOW baseline,RATE-HCDN-109,standard service credits,fixed or negotiated escalator,standard change-control language,subcontracting permitted with controls,US data residency,transition assistance explicit,SRC-HCDN-SLA-033,SRC-HCDN-INV-009,SRC-HCDN-CO-041,LOT-HCDN-06,,,EVAL-HCDN-009,high exit-term sensitivity
CONT-HCDN-0249,VEND-HCDN-304,Synthetic Healthcare Supplier 304,software subscription,Security Identity and Compliance,Interoperability,payment integrity,2021-07-01,2026-12-31,extension option,outcome-linked,withheld,standard termination rights,no minimum beyond SOW baseline,RATE-HCDN-110,standard service credits,fixed or negotiated escalator,standard change-control language,subcontracting permitted with controls,US data residency,transition assistance to confirm,SRC-HCDN-SLA-034,SRC-HCDN-INV-010,SRC-HCDN-CO-042,LOT-HCDN-07,PROP-HCDN-01,,EVAL-HCDN-010,standard commercial review
CONT-HCDN-0250,VEND-HCDN-311,Synthetic Healthcare Supplier 311,professional services SOW,Integration and Interoperability,Population Health,identity/security operations,2022-08-01,2027-12-31,transition assistance required,fixed fee,exact,standard termination rights,no minimum beyond SOW baseline,RATE-HCDN-111,service credits capped and under-defined,fixed or negotiated escalator,standard change-control language,subcontracting permitted with controls,PHI/data residency review required,transition assistance to confirm,SRC-HCDN-SLA-035,SRC-HCDN-INV-011,SRC-HCDN-CO-043,LOT-HCDN-08,,,EVAL-HCDN-011,supplier concentration
CONT-HCDN-0251,VEND-HCDN-318,Synthetic Healthcare Supplier 318,maintenance agreement,ERP and Corporate Platforms,Health Plan Operations,interoperability services,2023-09-01,2028-12-31,exit rights need review,T&M,range,standard termination rights,no minimum beyond SOW baseline,RATE-HCDN-112,standard service credits,fixed or negotiated escalator,standard change-control language,subcontracting permitted with controls,US data residency,transition assistance to confirm,SRC-HCDN-SLA-036,SRC-HCDN-INV-012,SRC-HCDN-CO-044,LOT-HCDN-09,,,EVAL-HCDN-012,standard commercial review
CONT-HCDN-0252,VEND-HCDN-325,Synthetic Healthcare Supplier 325,telecom services,Clinical and Epic AMS,Medicare Advantage,Epic support and optimization,2020-01-01,2026-12-31,renewal within 12 months,unit rate,indexed,termination for convenience with notice,minimum annual commitment applies,RATE-HCDN-113,standard service credits,CPI escalator above threshold,standard change-control language,subcontractor approval required,US data residency,transition assistance explicit,SRC-HCDN-SLA-001,SRC-HCDN-INV-013,SRC-HCDN-CO-045,LOT-HCDN-01,PROP-HCDN-01,BAFO-HCDN-01,EVAL-HCDN-013,standard commercial review
CONT-HCDN-0253,VEND-HCDN-332,Synthetic Healthcare Supplier 332,cybersecurity services,Payer Platform Operations,Claims Operations,claims operations,2021-02-01,2027-12-31,renewal within 24 months,per member per month,trend-only,standard termination rights,no minimum beyond SOW baseline,RATE-HCDN-114,standard service credits,fixed or negotiated escalator,change-control ambiguity,subcontracting permitted with controls,US data residency,transition assistance to confirm,SRC-HCDN-SLA-002,SRC-HCDN-INV-014,SRC-HCDN-CO-046,LOT-HCDN-02,,,EVAL-HCDN-014,standard commercial review
CONT-HCDN-0254,VEND-HCDN-339,Synthetic Healthcare Supplier 339,AI/document automation SOW,Data Analytics and AI,Utilization Management,Medicare Advantage quality services,2022-03-01,2028-12-31,active multi-year,per claim,withheld,standard termination rights,no minimum beyond SOW baseline,RATE-HCDN-115,standard service credits,fixed or negotiated escalator,standard change-control language,subcontracting permitted with controls,US data residency,transition assistance to confirm,SRC-HCDN-SLA-003,SRC-HCDN-INV-015,SRC-HCDN-CO-047,LOT-HCDN-03,,,EVAL-HCDN-015,standard commercial review
CONT-HCDN-0255,VEND-HCDN-346,Synthetic Healthcare Supplier 346,MSA,Revenue Cycle Technology,Member Services,risk adjustment analytics,2023-04-01,2026-12-31,extension option,per encounter,exact,standard termination rights,no minimum beyond SOW baseline,RATE-HCDN-116,service credits capped and under-defined,fixed or negotiated escalator,standard change-control language,subcontracting permitted with controls,US data residency,transition assistance to confirm,SRC-HCDN-SLA-004,SRC-HCDN-INV-016,SRC-HCDN-CO-048,LOT-HCDN-04,PROP-HCDN-01,,EVAL-HCDN-016,standard commercial review
CONT-HCDN-0256,VEND-HCDN-353,Synthetic Healthcare Supplier 353,SOW,Cloud Infrastructure and Data Center,Quality and Stars,prior authorization operations,2020-05-01,2027-12-31,transition assistance required,consumption,range,termination limited during transition,no minimum beyond SOW baseline,RATE-HCDN-117,standard service credits,fixed or negotiated escalator,standard change-control language,subcontracting permitted with controls,US data residency,transition assistance explicit,SRC-HCDN-SLA-005,SRC-HCDN-INV-017,SRC-HCDN-CO-049,LOT-HCDN-05,,,EVAL-HCDN-017,high exit-term sensitivity
CONT-HCDN-0257,VEND-HCDN-360,Synthetic Healthcare Supplier 360,rate card,Workplace and Contact Center,Risk Adjustment,revenue-cycle outsourcing,2021-06-01,2028-12-31,exit rights need review,hybrid fixed plus variable,indexed,standard termination rights,no minimum beyond SOW baseline,RATE-HCDN-118,standard service credits,fixed or negotiated escalator,standard change-control language,subcontracting permitted with controls,US data residency,transition assistance to confirm,SRC-HCDN-SLA-006,SRC-HCDN-INV-018,SRC-HCDN-CO-050,LOT-HCDN-06,,,EVAL-HCDN-018,standard commercial review
CONT-HCDN-0258,VEND-HCDN-367,Synthetic Healthcare Supplier 367,Epic support agreement,Security Identity and Compliance,Care Management,cloud/data platform operations,2022-07-01,2026-12-31,renewal within 12 months,committed spend,trend-only,termination for convenience with notice,no minimum beyond SOW baseline,RATE-HCDN-119,standard service credits,fixed or negotiated escalator,standard change-control language,subcontracting permitted with controls,US data residency,transition assistance to confirm,SRC-HCDN-SLA-007,SRC-HCDN-INV-019,SRC-HCDN-CO-051,LOT-HCDN-07,PROP-HCDN-01,BAFO-HCDN-01,EVAL-HCDN-019,standard commercial review
CONT-HCDN-0259,VEND-HCDN-374,Synthetic Healthcare Supplier 374,claims admin agreement,Integration and Interoperability,Finance,SQL Server/EDW managed services,2023-08-01,2027-12-31,renewal within 24 months,outcome-linked,withheld,standard termination rights,minimum annual commitment applies,RATE-HCDN-120,standard service credits,fixed or negotiated escalator,standard change-control language,subcontracting permitted with controls,US data residency,transition assistance to confirm,SRC-HCDN-SLA-008,SRC-HCDN-INV-020,SRC-HCDN-CO-052,LOT-HCDN-08,,,EVAL-HCDN-020,standard commercial review
CONT-HCDN-0260,VEND-HCDN-381,Synthetic Healthcare Supplier 381,PBM services SOW,ERP and Corporate Platforms,Coding,contact center operations,2020-09-01,2028-12-31,active multi-year,fixed fee,exact,standard termination rights,no minimum beyond SOW baseline,RATE-HCDN-121,service credits capped and under-defined,fixed or negotiated escalator,standard change-control language,subcontracting permitted with controls,PHI/data residency review required,transition assistance explicit,SRC-HCDN-SLA-009,SRC-HCDN-INV-021,SRC-HCDN-CO-001,LOT-HCDN-09,,,EVAL-HCDN-021,supplier concentration
CONT-HCDN-0261,VEND-HCDN-388,Synthetic Healthcare Supplier 388,BPO services SOW,Clinical and Epic AMS,Payer Contracting,payment integrity,2021-01-01,2026-12-31,extension option,T&M,range,standard termination rights,no minimum beyond SOW baseline,RATE-HCDN-122,standard service credits,CPI escalator above threshold,standard change-control language,subcontracting permitted with controls,US data residency,transition assistance to confirm,SRC-HCDN-SLA-010,SRC-HCDN-INV-022,SRC-HCDN-CO-002,LOT-HCDN-01,PROP-HCDN-01,,EVAL-HCDN-022,standard commercial review
CONT-HCDN-0262,VEND-HCDN-395,Synthetic Healthcare Supplier 395,cloud commit,Payer Platform Operations,Digital Front Door,identity/security operations,2022-02-01,2027-12-31,transition assistance required,unit rate,indexed,standard termination rights,no minimum beyond SOW baseline,RATE-HCDN-123,standard service credits,fixed or negotiated escalator,standard change-control language,subcontracting permitted with controls,US data residency,transition assistance to confirm,SRC-HCDN-SLA-011,SRC-HCDN-INV-023,SRC-HCDN-CO-003,LOT-HCDN-02,,,EVAL-HCDN-023,standard commercial review
CONT-HCDN-0263,VEND-HCDN-402,Synthetic Healthcare Supplier 402,data platform subscription,Data Analytics and AI,Contact Center,interoperability services,2023-03-01,2028-12-31,exit rights need review,per member per month,trend-only,standard termination rights,no minimum beyond SOW baseline,RATE-HCDN-124,standard service credits,fixed or negotiated escalator,standard change-control language,subcontracting permitted with controls,US data residency,transition assistance to confirm,SRC-HCDN-SLA-012,SRC-HCDN-INV-024,SRC-HCDN-CO-004,LOT-HCDN-03,,,EVAL-HCDN-024,standard commercial review
CONT-HCDN-0264,VEND-HCDN-409,Synthetic Healthcare Supplier 409,software subscription,Revenue Cycle Technology,Ambulatory Care,Epic support and optimization,2020-04-01,2026-12-31,renewal within 12 months,per claim,withheld,termination for convenience with notice,no minimum beyond SOW baseline,RATE-HCDN-125,standard service credits,fixed or negotiated escalator,change-control ambiguity,subcontractor approval required,US data residency,transition assistance explicit,SRC-HCDN-SLA-013,SRC-HCDN-INV-025,SRC-HCDN-CO-005,LOT-HCDN-04,PROP-HCDN-01,BAFO-HCDN-01,EVAL-HCDN-001,high exit-term sensitivity
CONT-HCDN-0265,VEND-HCDN-416,Synthetic Healthcare Supplier 416,professional services SOW,Cloud Infrastructure and Data Center,Emergency Department,claims operations,2021-05-01,2027-12-31,renewal within 24 months,per encounter,exact,standard termination rights,no minimum beyond SOW baseline,RATE-HCDN-126,service credits capped and under-defined,fixed or negotiated escalator,standard change-control language,subcontracting permitted with controls,US data residency,transition assistance to confirm,SRC-HCDN-SLA-014,SRC-HCDN-INV-026,SRC-HCDN-CO-006,LOT-HCDN-05,,,EVAL-HCDN-002,standard commercial review
CONT-HCDN-0266,VEND-HCDN-423,Synthetic Healthcare Supplier 423,maintenance agreement,Workplace and Contact Center,Inpatient,Medicare Advantage quality services,2022-06-01,2028-12-31,active multi-year,consumption,range,standard termination rights,minimum annual commitment applies,RATE-HCDN-127,standard service credits,fixed or negotiated escalator,standard change-control language,subcontracting permitted with controls,US data residency,transition assistance to confirm,SRC-HCDN-SLA-015,SRC-HCDN-INV-027,SRC-HCDN-CO-007,LOT-HCDN-06,,,EVAL-HCDN-003,standard commercial review
CONT-HCDN-0267,VEND-HCDN-430,Synthetic Healthcare Supplier 430,telecom services,Security Identity and Compliance,Surgery,risk adjustment analytics,2023-07-01,2026-12-31,extension option,hybrid fixed plus variable,indexed,standard termination rights,no minimum beyond SOW baseline,RATE-HCDN-128,standard service credits,fixed or negotiated escalator,standard change-control language,subcontracting permitted with controls,US data residency,transition assistance to confirm,SRC-HCDN-SLA-016,SRC-HCDN-INV-028,SRC-HCDN-CO-008,LOT-HCDN-07,PROP-HCDN-01,,EVAL-HCDN-004,standard commercial review
CONT-HCDN-0268,VEND-HCDN-437,Synthetic Healthcare Supplier 437,cybersecurity services,Integration and Interoperability,Imaging,prior authorization operations,2020-08-01,2027-12-31,transition assistance required,committed spend,trend-only,standard termination rights,no minimum beyond SOW baseline,RATE-HCDN-129,standard service credits,fixed or negotiated escalator,standard change-control language,subcontracting permitted with controls,US data residency,transition assistance explicit,SRC-HCDN-SLA-017,SRC-HCDN-INV-029,SRC-HCDN-CO-009,LOT-HCDN-08,,,EVAL-HCDN-005,standard commercial review
CONT-HCDN-0269,VEND-HCDN-444,Synthetic Healthcare Supplier 444,AI/document automation SOW,ERP and Corporate Platforms,Lab,revenue-cycle outsourcing,2021-09-01,2028-12-31,exit rights need review,outcome-linked,withheld,standard termination rights,no minimum beyond SOW baseline,RATE-HCDN-130,standard service credits,fixed or negotiated escalator,standard change-control language,subcontracting permitted with controls,US data residency,transition assistance to confirm,SRC-HCDN-SLA-018,SRC-HCDN-INV-030,SRC-HCDN-CO-010,LOT-HCDN-09,,,EVAL-HCDN-006,standard commercial review
CONT-HCDN-0270,VEND-HCDN-451,Synthetic Healthcare Supplier 451,MSA,Clinical and Epic AMS,Pharmacy,cloud/data platform operations,2022-01-01,2026-12-31,renewal within 12 months,fixed fee,exact,termination for convenience with notice,no minimum beyond SOW baseline,RATE-HCDN-131,service credits capped and under-defined,CPI escalator above threshold,standard change-control language,subcontracting permitted with controls,PHI/data residency review required,transition assistance to confirm,SRC-HCDN-SLA-019,SRC-HCDN-INV-031,SRC-HCDN-CO-011,LOT-HCDN-01,PROP-HCDN-01,BAFO-HCDN-01,EVAL-HCDN-007,supplier concentration
CONT-HCDN-0271,VEND-HCDN-458,Synthetic Healthcare Supplier 458,SOW,Payer Platform Operations,Oncology,SQL Server/EDW managed services,2023-02-01,2027-12-31,renewal within 24 months,T&M,range,standard termination rights,no minimum beyond SOW baseline,RATE-HCDN-132,standard service credits,fixed or negotiated escalator,standard change-control language,subcontracting permitted with controls,US data residency,transition assistance to confirm,SRC-HCDN-SLA-020,SRC-HCDN-INV-032,SRC-HCDN-CO-012,LOT-HCDN-02,,,EVAL-HCDN-008,standard commercial review
CONT-HCDN-0272,VEND-HCDN-465,Synthetic Healthcare Supplier 465,rate card,Data Analytics and AI,Cardiology,contact center operations,2020-03-01,2028-12-31,active multi-year,unit rate,indexed,termination limited during transition,no minimum beyond SOW baseline,RATE-HCDN-133,standard service credits,fixed or negotiated escalator,standard change-control language,subcontracting permitted with controls,US data residency,transition assistance explicit,SRC-HCDN-SLA-021,SRC-HCDN-INV-033,SRC-HCDN-CO-013,LOT-HCDN-03,,,EVAL-HCDN-009,high exit-term sensitivity
CONT-HCDN-0273,VEND-HCDN-472,Synthetic Healthcare Supplier 472,Epic support agreement,Revenue Cycle Technology,Data and Analytics,payment integrity,2021-04-01,2026-12-31,extension option,per member per month,trend-only,standard termination rights,minimum annual commitment applies,RATE-HCDN-134,standard service credits,fixed or negotiated escalator,standard change-control language,subcontracting permitted with controls,US data residency,transition assistance to confirm,SRC-HCDN-SLA-022,SRC-HCDN-INV-034,SRC-HCDN-CO-014,LOT-HCDN-04,PROP-HCDN-01,,EVAL-HCDN-010,standard commercial review
CONT-HCDN-0274,VEND-HCDN-479,Synthetic Healthcare Supplier 479,claims admin agreement,Cloud Infrastructure and Data Center,Clinical Analytics,identity/security operations,2022-05-01,2027-12-31,transition assistance required,per claim,withheld,standard termination rights,no minimum beyond SOW baseline,RATE-HCDN-135,standard service credits,fixed or negotiated escalator,standard change-control language,subcontracting permitted with controls,US data residency,transition assistance to confirm,SRC-HCDN-SLA-023,SRC-HCDN-INV-035,SRC-HCDN-CO-015,LOT-HCDN-05,,,EVAL-HCDN-011,standard commercial review
CONT-HCDN-0275,VEND-HCDN-006,Synthetic Healthcare Supplier 006,PBM services SOW,Workplace and Contact Center,Actuarial,interoperability services,2023-06-01,2028-12-31,exit rights need review,per encounter,exact,standard termination rights,no minimum beyond SOW baseline,RATE-HCDN-136,service credits capped and under-defined,fixed or negotiated escalator,change-control ambiguity,subcontracting permitted with controls,US data residency,transition assistance to confirm,SRC-HCDN-SLA-024,SRC-HCDN-INV-036,SRC-HCDN-CO-016,LOT-HCDN-06,,,EVAL-HCDN-012,standard commercial review
CONT-HCDN-0276,VEND-HCDN-013,Synthetic Healthcare Supplier 013,BPO services SOW,Security Identity and Compliance,Departmental Reporting,Epic support and optimization,2020-07-01,2026-12-31,renewal within 12 months,consumption,range,termination for convenience with notice,no minimum beyond SOW baseline,RATE-HCDN-137,standard service credits,fixed or negotiated escalator,standard change-control language,subcontractor approval required,US data residency,transition assistance explicit,SRC-HCDN-SLA-025,SRC-HCDN-INV-037,SRC-HCDN-CO-017,LOT-HCDN-07,PROP-HCDN-01,BAFO-HCDN-01,EVAL-HCDN-013,standard commercial review
CONT-HCDN-0277,VEND-HCDN-020,Synthetic Healthcare Supplier 020,cloud commit,Integration and Interoperability,AI Transformation,claims operations,2021-08-01,2027-12-31,renewal within 24 months,hybrid fixed plus variable,indexed,standard termination rights,no minimum beyond SOW baseline,RATE-HCDN-138,standard service credits,fixed or negotiated escalator,standard change-control language,subcontracting permitted with controls,US data residency,transition assistance to confirm,SRC-HCDN-SLA-026,SRC-HCDN-INV-038,SRC-HCDN-CO-018,LOT-HCDN-08,,,EVAL-HCDN-014,standard commercial review
CONT-HCDN-0278,VEND-HCDN-027,Synthetic Healthcare Supplier 027,data platform subscription,ERP and Corporate Platforms,Technology,Medicare Advantage quality services,2022-09-01,2028-12-31,active multi-year,committed spend,trend-only,standard termination rights,no minimum beyond SOW baseline,RATE-HCDN-139,standard service credits,fixed or negotiated escalator,standard change-control language,subcontracting permitted with controls,US data residency,transition assistance to confirm,SRC-HCDN-SLA-027,SRC-HCDN-INV-039,SRC-HCDN-CO-019,LOT-HCDN-09,,,EVAL-HCDN-015,standard commercial review
CONT-HCDN-0279,VEND-HCDN-034,Synthetic Healthcare Supplier 034,software subscription,Clinical and Epic AMS,Security,risk adjustment analytics,2023-01-01,2026-12-31,extension option,outcome-linked,withheld,standard termination rights,no minimum beyond SOW baseline,RATE-HCDN-140,standard service credits,CPI escalator above threshold,standard change-control language,subcontracting permitted with controls,US data residency,transition assistance to confirm,SRC-HCDN-SLA-028,SRC-HCDN-INV-040,SRC-HCDN-CO-020,LOT-HCDN-01,PROP-HCDN-01,,EVAL-HCDN-016,standard commercial review
CONT-HCDN-0280,VEND-HCDN-041,Synthetic Healthcare Supplier 041,professional services SOW,Payer Platform Operations,Procurement,prior authorization operations,2020-02-01,2027-12-31,transition assistance required,fixed fee,exact,termination limited during transition,minimum annual commitment applies,RATE-HCDN-001,service credits capped and under-defined,fixed or negotiated escalator,standard change-control language,subcontracting permitted with controls,PHI/data residency review required,transition assistance explicit,SRC-HCDN-SLA-029,SRC-HCDN-INV-041,SRC-HCDN-CO-021,LOT-HCDN-02,,,EVAL-HCDN-017,high exit-term sensitivity
CONT-HCDN-0281,VEND-HCDN-048,Synthetic Healthcare Supplier 048,maintenance agreement,Data Analytics and AI,HR,revenue-cycle outsourcing,2021-03-01,2028-12-31,exit rights need review,T&M,range,standard termination rights,no minimum beyond SOW baseline,RATE-HCDN-002,standard service credits,fixed or negotiated escalator,standard change-control language,subcontracting permitted with controls,US data residency,transition assistance to confirm,SRC-HCDN-SLA-030,SRC-HCDN-INV-042,SRC-HCDN-CO-022,LOT-HCDN-03,,,EVAL-HCDN-018,standard commercial review
CONT-HCDN-0282,VEND-HCDN-055,Synthetic Healthcare Supplier 055,telecom services,Revenue Cycle Technology,Supply Chain,cloud/data platform operations,2022-04-01,2026-12-31,renewal within 12 months,unit rate,indexed,termination for convenience with notice,no minimum beyond SOW baseline,RATE-HCDN-003,standard service credits,fixed or negotiated escalator,standard change-control language,subcontracting permitted with controls,US data residency,transition assistance to confirm,SRC-HCDN-SLA-031,SRC-HCDN-INV-043,SRC-HCDN-CO-023,LOT-HCDN-04,PROP-HCDN-01,BAFO-HCDN-01,EVAL-HCDN-019,standard commercial review
CONT-HCDN-0283,VEND-HCDN-062,Synthetic Healthcare Supplier 062,cybersecurity services,Cloud Infrastructure and Data Center,Privacy,SQL Server/EDW managed services,2023-05-01,2027-12-31,renewal within 24 months,per member per month,trend-only,standard termination rights,no minimum beyond SOW baseline,RATE-HCDN-004,standard service credits,fixed or negotiated escalator,standard change-control language,subcontracting permitted with controls,US data residency,transition assistance to confirm,SRC-HCDN-SLA-032,SRC-HCDN-INV-044,SRC-HCDN-CO-024,LOT-HCDN-05,,,EVAL-HCDN-020,standard commercial review
CONT-HCDN-0284,VEND-HCDN-069,Synthetic Healthcare Supplier 069,AI/document automation SOW,Workplace and Contact Center,Compliance,contact center operations,2020-06-01,2028-12-31,active multi-year,per claim,withheld,standard termination rights,no minimum beyond SOW baseline,RATE-HCDN-005,standard service credits,fixed or negotiated escalator,standard change-control language,subcontracting permitted with controls,US data residency,transition assistance explicit,SRC-HCDN-SLA-033,SRC-HCDN-INV-045,SRC-HCDN-CO-025,LOT-HCDN-06,,,EVAL-HCDN-021,standard commercial review
CONT-HCDN-0285,VEND-HCDN-076,Synthetic Healthcare Supplier 076,MSA,Security Identity and Compliance,Provider Network,payment integrity,2021-07-01,2026-12-31,extension option,per encounter,exact,standard termination rights,no minimum beyond SOW baseline,RATE-HCDN-006,service credits capped and under-defined,fixed or negotiated escalator,standard change-control language,subcontracting permitted with controls,US data residency,transition assistance to confirm,SRC-HCDN-SLA-034,SRC-HCDN-INV-046,SRC-HCDN-CO-026,LOT-HCDN-07,PROP-HCDN-01,,EVAL-HCDN-022,standard commercial review
CONT-HCDN-0286,VEND-HCDN-083,Synthetic Healthcare Supplier 083,SOW,Integration and Interoperability,Value-Based Care,identity/security operations,2022-08-01,2027-12-31,transition assistance required,consumption,range,standard termination rights,no minimum beyond SOW baseline,RATE-HCDN-007,standard service credits,fixed or negotiated escalator,change-control ambiguity,subcontracting permitted with controls,US data residency,transition assistance to confirm,SRC-HCDN-SLA-035,SRC-HCDN-INV-047,SRC-HCDN-CO-027,LOT-HCDN-08,,,EVAL-HCDN-023,standard commercial review
CONT-HCDN-0287,VEND-HCDN-090,Synthetic Healthcare Supplier 090,rate card,ERP and Corporate Platforms,Clinical Operations,interoperability services,2023-09-01,2028-12-31,exit rights need review,hybrid fixed plus variable,indexed,standard termination rights,minimum annual commitment applies,RATE-HCDN-008,standard service credits,fixed or negotiated escalator,standard change-control language,subcontracting permitted with controls,US data residency,transition assistance to confirm,SRC-HCDN-SLA-036,SRC-HCDN-INV-048,SRC-HCDN-CO-028,LOT-HCDN-09,,,EVAL-HCDN-024,standard commercial review
CONT-HCDN-0288,VEND-HCDN-097,Synthetic Healthcare Supplier 097,Epic support agreement,Clinical and Epic AMS,Revenue Cycle,Epic support and optimization,2020-01-01,2026-12-31,renewal within 12 months,committed spend,trend-only,termination for convenience with notice,no minimum beyond SOW baseline,RATE-HCDN-009,standard service credits,CPI escalator above threshold,standard change-control language,subcontractor approval required,US data residency,transition assistance explicit,SRC-HCDN-SLA-001,SRC-HCDN-INV-001,SRC-HCDN-CO-029,LOT-HCDN-01,PROP-HCDN-01,BAFO-HCDN-01,EVAL-HCDN-001,high exit-term sensitivity
CONT-HCDN-0289,VEND-HCDN-104,Synthetic Healthcare Supplier 104,claims admin agreement,Payer Platform Operations,Patient Access,claims operations,2021-02-01,2027-12-31,renewal within 24 months,outcome-linked,withheld,standard termination rights,no minimum beyond SOW baseline,RATE-HCDN-010,standard service credits,fixed or negotiated escalator,standard change-control language,subcontracting permitted with controls,US data residency,transition assistance to confirm,SRC-HCDN-SLA-002,SRC-HCDN-INV-002,SRC-HCDN-CO-030,LOT-HCDN-02,,,EVAL-HCDN-002,standard commercial review
CONT-HCDN-0290,VEND-HCDN-111,Synthetic Healthcare Supplier 111,PBM services SOW,Data Analytics and AI,Interoperability,Medicare Advantage quality services,2022-03-01,2028-12-31,active multi-year,fixed fee,exact,standard termination rights,no minimum beyond SOW baseline,RATE-HCDN-011,service credits capped and under-defined,fixed or negotiated escalator,standard change-control language,subcontracting permitted with controls,PHI/data residency review required,transition assistance to confirm,SRC-HCDN-SLA-003,SRC-HCDN-INV-003,SRC-HCDN-CO-031,LOT-HCDN-03,,,EVAL-HCDN-003,supplier concentration
CONT-HCDN-0291,VEND-HCDN-118,Synthetic Healthcare Supplier 118,BPO services SOW,Revenue Cycle Technology,Population Health,risk adjustment analytics,2023-04-01,2026-12-31,extension option,T&M,range,standard termination rights,no minimum beyond SOW baseline,RATE-HCDN-012,standard service credits,fixed or negotiated escalator,standard change-control language,subcontracting permitted with controls,US data residency,transition assistance to confirm,SRC-HCDN-SLA-004,SRC-HCDN-INV-004,SRC-HCDN-CO-032,LOT-HCDN-04,PROP-HCDN-01,,EVAL-HCDN-004,standard commercial review
CONT-HCDN-0292,VEND-HCDN-125,Synthetic Healthcare Supplier 125,cloud commit,Cloud Infrastructure and Data Center,Health Plan Operations,prior authorization operations,2020-05-01,2027-12-31,transition assistance required,unit rate,indexed,standard termination rights,no minimum beyond SOW baseline,RATE-HCDN-013,standard service credits,fixed or negotiated escalator,standard change-control language,subcontracting permitted with controls,US data residency,transition assistance explicit,SRC-HCDN-SLA-005,SRC-HCDN-INV-005,SRC-HCDN-CO-033,LOT-HCDN-05,,,EVAL-HCDN-005,standard commercial review
CONT-HCDN-0293,VEND-HCDN-132,Synthetic Healthcare Supplier 132,data platform subscription,Workplace and Contact Center,Medicare Advantage,revenue-cycle outsourcing,2021-06-01,2028-12-31,exit rights need review,per member per month,trend-only,standard termination rights,no minimum beyond SOW baseline,RATE-HCDN-014,standard service credits,fixed or negotiated escalator,standard change-control language,subcontracting permitted with controls,US data residency,transition assistance to confirm,SRC-HCDN-SLA-006,SRC-HCDN-INV-006,SRC-HCDN-CO-034,LOT-HCDN-06,,,EVAL-HCDN-006,standard commercial review
CONT-HCDN-0294,VEND-HCDN-139,Synthetic Healthcare Supplier 139,software subscription,Security Identity and Compliance,Claims Operations,cloud/data platform operations,2022-07-01,2026-12-31,renewal within 12 months,per claim,withheld,termination for convenience with notice,minimum annual commitment applies,RATE-HCDN-015,standard service credits,fixed or negotiated escalator,standard change-control language,subcontracting permitted with controls,US data residency,transition assistance to confirm,SRC-HCDN-SLA-007,SRC-HCDN-INV-007,SRC-HCDN-CO-035,LOT-HCDN-07,PROP-HCDN-01,BAFO-HCDN-01,EVAL-HCDN-007,standard commercial review
CONT-HCDN-0295,VEND-HCDN-146,Synthetic Healthcare Supplier 146,professional services SOW,Integration and Interoperability,Utilization Management,SQL Server/EDW managed services,2023-08-01,2027-12-31,renewal within 24 months,per encounter,exact,standard termination rights,no minimum beyond SOW baseline,RATE-HCDN-016,service credits capped and under-defined,fixed or negotiated escalator,standard change-control language,subcontracting permitted with controls,US data residency,transition assistance to confirm,SRC-HCDN-SLA-008,SRC-HCDN-INV-008,SRC-HCDN-CO-036,LOT-HCDN-08,,,EVAL-HCDN-008,standard commercial review
CONT-HCDN-0296,VEND-HCDN-153,Synthetic Healthcare Supplier 153,maintenance agreement,ERP and Corporate Platforms,Member Services,contact center operations,2020-09-01,2028-12-31,active multi-year,consumption,range,termination limited during transition,no minimum beyond SOW baseline,RATE-HCDN-017,standard service credits,fixed or negotiated escalator,standard change-control language,subcontracting permitted with controls,US data residency,transition assistance explicit,SRC-HCDN-SLA-009,SRC-HCDN-INV-009,SRC-HCDN-CO-037,LOT-HCDN-09,,,EVAL-HCDN-009,high exit-term sensitivity
CONT-HCDN-0297,VEND-HCDN-160,Synthetic Healthcare Supplier 160,telecom services,Clinical and Epic AMS,Quality and Stars,payment integrity,2021-01-01,2026-12-31,extension option,hybrid fixed plus variable,indexed,standard termination rights,no minimum beyond SOW baseline,RATE-HCDN-018,standard service credits,CPI escalator above threshold,change-control ambiguity,subcontracting permitted with controls,US data residency,transition assistance to confirm,SRC-HCDN-SLA-010,SRC-HCDN-INV-010,SRC-HCDN-CO-038,LOT-HCDN-01,PROP-HCDN-01,,EVAL-HCDN-010,standard commercial review
CONT-HCDN-0298,VEND-HCDN-167,Synthetic Healthcare Supplier 167,cybersecurity services,Payer Platform Operations,Risk Adjustment,identity/security operations,2022-02-01,2027-12-31,transition assistance required,committed spend,trend-only,standard termination rights,no minimum beyond SOW baseline,RATE-HCDN-019,standard service credits,fixed or negotiated escalator,standard change-control language,subcontracting permitted with controls,US data residency,transition assistance to confirm,SRC-HCDN-SLA-011,SRC-HCDN-INV-011,SRC-HCDN-CO-039,LOT-HCDN-02,,,EVAL-HCDN-011,standard commercial review
CONT-HCDN-0299,VEND-HCDN-174,Synthetic Healthcare Supplier 174,AI/document automation SOW,Data Analytics and AI,Care Management,interoperability services,2023-03-01,2028-12-31,exit rights need review,outcome-linked,withheld,standard termination rights,no minimum beyond SOW baseline,RATE-HCDN-020,standard service credits,fixed or negotiated escalator,standard change-control language,subcontracting permitted with controls,US data residency,transition assistance to confirm,SRC-HCDN-SLA-012,SRC-HCDN-INV-012,SRC-HCDN-CO-040,LOT-HCDN-03,,,EVAL-HCDN-012,standard commercial review
CONT-HCDN-0300,VEND-HCDN-181,Synthetic Healthcare Supplier 181,MSA,Revenue Cycle Technology,Finance,Epic support and optimization,2020-04-01,2026-12-31,renewal within 12 months,fixed fee,exact,termination for convenience with notice,no minimum beyond SOW baseline,RATE-HCDN-021,service credits capped and under-defined,fixed or negotiated escalator,standard change-control language,subcontractor approval required,PHI/data residency review required,transition assistance explicit,SRC-HCDN-SLA-013,SRC-HCDN-INV-013,SRC-HCDN-CO-041,LOT-HCDN-04,PROP-HCDN-01,BAFO-HCDN-01,EVAL-HCDN-013,supplier concentration
CONT-HCDN-0301,VEND-HCDN-188,Synthetic Healthcare Supplier 188,SOW,Cloud Infrastructure and Data Center,Coding,claims operations,2021-05-01,2027-12-31,renewal within 24 months,T&M,range,standard termination rights,minimum annual commitment applies,RATE-HCDN-022,standard service credits,fixed or negotiated escalator,standard change-control language,subcontracting permitted with controls,US data residency,transition assistance to confirm,SRC-HCDN-SLA-014,SRC-HCDN-INV-014,SRC-HCDN-CO-042,LOT-HCDN-05,,,EVAL-HCDN-014,standard commercial review
CONT-HCDN-0302,VEND-HCDN-195,Synthetic Healthcare Supplier 195,rate card,Workplace and Contact Center,Payer Contracting,Medicare Advantage quality services,2022-06-01,2028-12-31,active multi-year,unit rate,indexed,standard termination rights,no minimum beyond SOW baseline,RATE-HCDN-023,standard service credits,fixed or negotiated escalator,standard change-control language,subcontracting permitted with controls,US data residency,transition assistance to confirm,SRC-HCDN-SLA-015,SRC-HCDN-INV-015,SRC-HCDN-CO-043,LOT-HCDN-06,,,EVAL-HCDN-015,standard commercial review
CONT-HCDN-0303,VEND-HCDN-202,Synthetic Healthcare Supplier 202,Epic support agreement,Security Identity and Compliance,Digital Front Door,risk adjustment analytics,2023-07-01,2026-12-31,extension option,per member per month,trend-only,standard termination rights,no minimum beyond SOW baseline,RATE-HCDN-024,standard service credits,fixed or negotiated escalator,standard change-control language,subcontracting permitted with controls,US data residency,transition assistance to confirm,SRC-HCDN-SLA-016,SRC-HCDN-INV-016,SRC-HCDN-CO-044,LOT-HCDN-07,PROP-HCDN-01,,EVAL-HCDN-016,standard commercial review
CONT-HCDN-0304,VEND-HCDN-209,Synthetic Healthcare Supplier 209,claims admin agreement,Integration and Interoperability,Contact Center,prior authorization operations,2020-08-01,2027-12-31,transition assistance required,per claim,withheld,termination limited during transition,no minimum beyond SOW baseline,RATE-HCDN-025,standard service credits,fixed or negotiated escalator,standard change-control language,subcontracting permitted with controls,US data residency,transition assistance explicit,SRC-HCDN-SLA-017,SRC-HCDN-INV-017,SRC-HCDN-CO-045,LOT-HCDN-08,,,EVAL-HCDN-017,high exit-term sensitivity
CONT-HCDN-0305,VEND-HCDN-216,Synthetic Healthcare Supplier 216,PBM services SOW,ERP and Corporate Platforms,Ambulatory Care,revenue-cycle outsourcing,2021-09-01,2028-12-31,exit rights need review,per encounter,exact,standard termination rights,no minimum beyond SOW baseline,RATE-HCDN-026,service credits capped and under-defined,fixed or negotiated escalator,standard change-control language,subcontracting permitted with controls,US data residency,transition assistance to confirm,SRC-HCDN-SLA-018,SRC-HCDN-INV-018,SRC-HCDN-CO-046,LOT-HCDN-09,,,EVAL-HCDN-018,standard commercial review
CONT-HCDN-0306,VEND-HCDN-223,Synthetic Healthcare Supplier 223,BPO services SOW,Clinical and Epic AMS,Emergency Department,cloud/data platform operations,2022-01-01,2026-12-31,renewal within 12 months,consumption,range,termination for convenience with notice,no minimum beyond SOW baseline,RATE-HCDN-027,standard service credits,CPI escalator above threshold,standard change-control language,subcontracting permitted with controls,US data residency,transition assistance to confirm,SRC-HCDN-SLA-019,SRC-HCDN-INV-019,SRC-HCDN-CO-047,LOT-HCDN-01,PROP-HCDN-01,BAFO-HCDN-01,EVAL-HCDN-019,standard commercial review
CONT-HCDN-0307,VEND-HCDN-230,Synthetic Healthcare Supplier 230,cloud commit,Payer Platform Operations,Inpatient,SQL Server/EDW managed services,2023-02-01,2027-12-31,renewal within 24 months,hybrid fixed plus variable,indexed,standard termination rights,no minimum beyond SOW baseline,RATE-HCDN-028,standard service credits,fixed or negotiated escalator,standard change-control language,subcontracting permitted with controls,US data residency,transition assistance to confirm,SRC-HCDN-SLA-020,SRC-HCDN-INV-020,SRC-HCDN-CO-048,LOT-HCDN-02,,,EVAL-HCDN-020,standard commercial review
CONT-HCDN-0308,VEND-HCDN-237,Synthetic Healthcare Supplier 237,data platform subscription,Data Analytics and AI,Surgery,contact center operations,2020-03-01,2028-12-31,active multi-year,committed spend,trend-only,standard termination rights,minimum annual commitment applies,RATE-HCDN-029,standard service credits,fixed or negotiated escalator,change-control ambiguity,subcontracting permitted with controls,US data residency,transition assistance explicit,SRC-HCDN-SLA-021,SRC-HCDN-INV-021,SRC-HCDN-CO-049,LOT-HCDN-03,,,EVAL-HCDN-021,standard commercial review
CONT-HCDN-0309,VEND-HCDN-244,Synthetic Healthcare Supplier 244,software subscription,Revenue Cycle Technology,Imaging,payment integrity,2021-04-01,2026-12-31,extension option,outcome-linked,withheld,standard termination rights,no minimum beyond SOW baseline,RATE-HCDN-030,standard service credits,fixed or negotiated escalator,standard change-control language,subcontracting permitted with controls,US data residency,transition assistance to confirm,SRC-HCDN-SLA-022,SRC-HCDN-INV-022,SRC-HCDN-CO-050,LOT-HCDN-04,PROP-HCDN-01,,EVAL-HCDN-022,standard commercial review
CONT-HCDN-0310,VEND-HCDN-251,Synthetic Healthcare Supplier 251,professional services SOW,Cloud Infrastructure and Data Center,Lab,identity/security operations,2022-05-01,2027-12-31,transition assistance required,fixed fee,exact,standard termination rights,no minimum beyond SOW baseline,RATE-HCDN-031,service credits capped and under-defined,fixed or negotiated escalator,standard change-control language,subcontracting permitted with controls,PHI/data residency review required,transition assistance to confirm,SRC-HCDN-SLA-023,SRC-HCDN-INV-023,SRC-HCDN-CO-051,LOT-HCDN-05,,,EVAL-HCDN-023,supplier concentration
CONT-HCDN-0311,VEND-HCDN-258,Synthetic Healthcare Supplier 258,maintenance agreement,Workplace and Contact Center,Pharmacy,interoperability services,2023-06-01,2028-12-31,exit rights need review,T&M,range,standard termination rights,no minimum beyond SOW baseline,RATE-HCDN-032,standard service credits,fixed or negotiated escalator,standard change-control language,subcontracting permitted with controls,US data residency,transition assistance to confirm,SRC-HCDN-SLA-024,SRC-HCDN-INV-024,SRC-HCDN-CO-052,LOT-HCDN-06,,,EVAL-HCDN-024,standard commercial review
CONT-HCDN-0312,VEND-HCDN-265,Synthetic Healthcare Supplier 265,telecom services,Security Identity and Compliance,Oncology,Epic support and optimization,2020-07-01,2026-12-31,renewal within 12 months,unit rate,indexed,termination for convenience with notice,no minimum beyond SOW baseline,RATE-HCDN-033,standard service credits,fixed or negotiated escalator,standard change-control language,subcontractor approval required,US data residency,transition assistance explicit,SRC-HCDN-SLA-025,SRC-HCDN-INV-025,SRC-HCDN-CO-001,LOT-HCDN-07,PROP-HCDN-01,BAFO-HCDN-01,EVAL-HCDN-001,high exit-term sensitivity
CONT-HCDN-0313,VEND-HCDN-272,Synthetic Healthcare Supplier 272,cybersecurity services,Integration and Interoperability,Cardiology,claims operations,2021-08-01,2027-12-31,renewal within 24 months,per member per month,trend-only,standard termination rights,no minimum beyond SOW baseline,RATE-HCDN-034,standard service credits,fixed or negotiated escalator,standard change-control language,subcontracting permitted with controls,US data residency,transition assistance to confirm,SRC-HCDN-SLA-026,SRC-HCDN-INV-026,SRC-HCDN-CO-002,LOT-HCDN-08,,,EVAL-HCDN-002,standard commercial review
CONT-HCDN-0314,VEND-HCDN-279,Synthetic Healthcare Supplier 279,AI/document automation SOW,ERP and Corporate Platforms,Data and Analytics,Medicare Advantage quality services,2022-09-01,2028-12-31,active multi-year,per claim,withheld,standard termination rights,no minimum beyond SOW baseline,RATE-HCDN-035,standard service credits,fixed or negotiated escalator,standard change-control language,subcontracting permitted with controls,US data residency,transition assistance to confirm,SRC-HCDN-SLA-027,SRC-HCDN-INV-027,SRC-HCDN-CO-003,LOT-HCDN-09,,,EVAL-HCDN-003,standard commercial review
CONT-HCDN-0315,VEND-HCDN-286,Synthetic Healthcare Supplier 286,MSA,Clinical and Epic AMS,Clinical Analytics,risk adjustment analytics,2023-01-01,2026-12-31,extension option,per encounter,exact,standard termination rights,minimum annual commitment applies,RATE-HCDN-036,service credits capped and under-defined,CPI escalator above threshold,standard change-control language,subcontracting permitted with controls,US data residency,transition assistance to confirm,SRC-HCDN-SLA-028,SRC-HCDN-INV-028,SRC-HCDN-CO-004,LOT-HCDN-01,PROP-HCDN-01,,EVAL-HCDN-004,standard commercial review
CONT-HCDN-0316,VEND-HCDN-293,Synthetic Healthcare Supplier 293,SOW,Payer Platform Operations,Actuarial,prior authorization operations,2020-02-01,2027-12-31,transition assistance required,consumption,range,standard termination rights,no minimum beyond SOW baseline,RATE-HCDN-037,standard service credits,fixed or negotiated escalator,standard change-control language,subcontracting permitted with controls,US data residency,transition assistance explicit,SRC-HCDN-SLA-029,SRC-HCDN-INV-029,SRC-HCDN-CO-005,LOT-HCDN-02,,,EVAL-HCDN-005,standard commercial review
CONT-HCDN-0317,VEND-HCDN-300,Synthetic Healthcare Supplier 300,rate card,Data Analytics and AI,Departmental Reporting,revenue-cycle outsourcing,2021-03-01,2028-12-31,exit rights need review,hybrid fixed plus variable,indexed,standard termination rights,no minimum beyond SOW baseline,RATE-HCDN-038,standard service credits,fixed or negotiated escalator,standard change-control language,subcontracting permitted with controls,US data residency,transition assistance to confirm,SRC-HCDN-SLA-030,SRC-HCDN-INV-030,SRC-HCDN-CO-006,LOT-HCDN-03,,,EVAL-HCDN-006,standard commercial review
CONT-HCDN-0318,VEND-HCDN-307,Synthetic Healthcare Supplier 307,Epic support agreement,Revenue Cycle Technology,AI Transformation,cloud/data platform operations,2022-04-01,2026-12-31,renewal within 12 months,committed spend,trend-only,termination for convenience with notice,no minimum beyond SOW baseline,RATE-HCDN-039,standard service credits,fixed or negotiated escalator,standard change-control language,subcontracting permitted with controls,US data residency,transition assistance to confirm,SRC-HCDN-SLA-031,SRC-HCDN-INV-031,SRC-HCDN-CO-007,LOT-HCDN-04,PROP-HCDN-01,BAFO-HCDN-01,EVAL-HCDN-007,standard commercial review
CONT-HCDN-0319,VEND-HCDN-314,Synthetic Healthcare Supplier 314,claims admin agreement,Cloud Infrastructure and Data Center,Technology,SQL Server/EDW managed services,2023-05-01,2027-12-31,renewal within 24 months,outcome-linked,withheld,standard termination rights,no minimum beyond SOW baseline,RATE-HCDN-040,standard service credits,fixed or negotiated escalator,change-control ambiguity,subcontracting permitted with controls,US data residency,transition assistance to confirm,SRC-HCDN-SLA-032,SRC-HCDN-INV-032,SRC-HCDN-CO-008,LOT-HCDN-05,,,EVAL-HCDN-008,standard commercial review
CONT-HCDN-0320,VEND-HCDN-321,Synthetic Healthcare Supplier 321,PBM services SOW,Workplace and Contact Center,Security,contact center operations,2020-06-01,2028-12-31,active multi-year,fixed fee,exact,termination limited during transition,no minimum beyond SOW baseline,RATE-HCDN-041,service credits capped and under-defined,fixed or negotiated escalator,standard change-control language,subcontracting permitted with controls,PHI/data residency review required,transition assistance explicit,SRC-HCDN-SLA-033,SRC-HCDN-INV-033,SRC-HCDN-CO-009,LOT-HCDN-06,,,EVAL-HCDN-009,high exit-term sensitivity
CONT-HCDN-0321,VEND-HCDN-328,Synthetic Healthcare Supplier 328,BPO services SOW,Security Identity and Compliance,Procurement,payment integrity,2021-07-01,2026-12-31,extension option,T&M,range,standard termination rights,no minimum beyond SOW baseline,RATE-HCDN-042,standard service credits,fixed or negotiated escalator,standard change-control language,subcontracting permitted with controls,US data residency,transition assistance to confirm,SRC-HCDN-SLA-034,SRC-HCDN-INV-034,SRC-HCDN-CO-010,LOT-HCDN-07,PROP-HCDN-01,,EVAL-HCDN-010,standard commercial review
CONT-HCDN-0322,VEND-HCDN-335,Synthetic Healthcare Supplier 335,cloud commit,Integration and Interoperability,HR,identity/security operations,2022-08-01,2027-12-31,transition assistance required,unit rate,indexed,standard termination rights,minimum annual commitment applies,RATE-HCDN-043,standard service credits,fixed or negotiated escalator,standard change-control language,subcontracting permitted with controls,US data residency,transition assistance to confirm,SRC-HCDN-SLA-035,SRC-HCDN-INV-035,SRC-HCDN-CO-011,LOT-HCDN-08,,,EVAL-HCDN-011,standard commercial review
CONT-HCDN-0323,VEND-HCDN-342,Synthetic Healthcare Supplier 342,data platform subscription,ERP and Corporate Platforms,Supply Chain,interoperability services,2023-09-01,2028-12-31,exit rights need review,per member per month,trend-only,standard termination rights,no minimum beyond SOW baseline,RATE-HCDN-044,standard service credits,fixed or negotiated escalator,standard change-control language,subcontracting permitted with controls,US data residency,transition assistance to confirm,SRC-HCDN-SLA-036,SRC-HCDN-INV-036,SRC-HCDN-CO-012,LOT-HCDN-09,,,EVAL-HCDN-012,standard commercial review
CONT-HCDN-0324,VEND-HCDN-349,Synthetic Healthcare Supplier 349,software subscription,Clinical and Epic AMS,Privacy,Epic support and optimization,2020-01-01,2026-12-31,renewal within 12 months,per claim,withheld,termination for convenience with notice,no minimum beyond SOW baseline,RATE-HCDN-045,standard service credits,CPI escalator above threshold,standard change-control language,subcontractor approval required,US data residency,transition assistance explicit,SRC-HCDN-SLA-001,SRC-HCDN-INV-037,SRC-HCDN-CO-013,LOT-HCDN-01,PROP-HCDN-01,BAFO-HCDN-01,EVAL-HCDN-013,standard commercial review
CONT-HCDN-0325,VEND-HCDN-356,Synthetic Healthcare Supplier 356,professional services SOW,Payer Platform Operations,Compliance,claims operations,2021-02-01,2027-12-31,renewal within 24 months,per encounter,exact,standard termination rights,no minimum beyond SOW baseline,RATE-HCDN-046,service credits capped and under-defined,fixed or negotiated escalator,standard change-control language,subcontracting permitted with controls,US data residency,transition assistance to confirm,SRC-HCDN-SLA-002,SRC-HCDN-INV-038,SRC-HCDN-CO-014,LOT-HCDN-02,,,EVAL-HCDN-014,standard commercial review
CONT-HCDN-0326,VEND-HCDN-363,Synthetic Healthcare Supplier 363,maintenance agreement,Data Analytics and AI,Provider Network,Medicare Advantage quality services,2022-03-01,2028-12-31,active multi-year,consumption,range,standard termination rights,no minimum beyond SOW baseline,RATE-HCDN-047,standard service credits,fixed or negotiated escalator,standard change-control language,subcontracting permitted with controls,US data residency,transition assistance to confirm,SRC-HCDN-SLA-003,SRC-HCDN-INV-039,SRC-HCDN-CO-015,LOT-HCDN-03,,,EVAL-HCDN-015,standard commercial review
CONT-HCDN-0327,VEND-HCDN-370,Synthetic Healthcare Supplier 370,telecom services,Revenue Cycle Technology,Value-Based Care,risk adjustment analytics,2023-04-01,2026-12-31,extension option,hybrid fixed plus variable,indexed,standard termination rights,no minimum beyond SOW baseline,RATE-HCDN-048,standard service credits,fixed or negotiated escalator,standard change-control language,subcontracting permitted with controls,US data residency,transition assistance to confirm,SRC-HCDN-SLA-004,SRC-HCDN-INV-040,SRC-HCDN-CO-016,LOT-HCDN-04,PROP-HCDN-01,,EVAL-HCDN-016,standard commercial review
CONT-HCDN-0328,VEND-HCDN-377,Synthetic Healthcare Supplier 377,cybersecurity services,Cloud Infrastructure and Data Center,Clinical Operations,prior authorization operations,2020-05-01,2027-12-31,transition assistance required,committed spend,trend-only,termination limited during transition,no minimum beyond SOW baseline,RATE-HCDN-049,standard service credits,fixed or negotiated escalator,standard change-control language,subcontracting permitted with controls,US data residency,transition assistance explicit,SRC-HCDN-SLA-005,SRC-HCDN-INV-041,SRC-HCDN-CO-017,LOT-HCDN-05,,,EVAL-HCDN-017,high exit-term sensitivity
CONT-HCDN-0329,VEND-HCDN-384,Synthetic Healthcare Supplier 384,AI/document automation SOW,Workplace and Contact Center,Revenue Cycle,revenue-cycle outsourcing,2021-06-01,2028-12-31,exit rights need review,outcome-linked,withheld,standard termination rights,minimum annual commitment applies,RATE-HCDN-050,standard service credits,fixed or negotiated escalator,standard change-control language,subcontracting permitted with controls,US data residency,transition assistance to confirm,SRC-HCDN-SLA-006,SRC-HCDN-INV-042,SRC-HCDN-CO-018,LOT-HCDN-06,,,EVAL-HCDN-018,standard commercial review
CONT-HCDN-0330,VEND-HCDN-391,Synthetic Healthcare Supplier 391,MSA,Security Identity and Compliance,Patient Access,cloud/data platform operations,2022-07-01,2026-12-31,renewal within 12 months,fixed fee,exact,termination for convenience with notice,no minimum beyond SOW baseline,RATE-HCDN-051,service credits capped and under-defined,fixed or negotiated escalator,change-control ambiguity,subcontracting permitted with controls,PHI/data residency review required,transition assistance to confirm,SRC-HCDN-SLA-007,SRC-HCDN-INV-043,SRC-HCDN-CO-019,LOT-HCDN-07,PROP-HCDN-01,BAFO-HCDN-01,EVAL-HCDN-019,supplier concentration
CONT-HCDN-0331,VEND-HCDN-398,Synthetic Healthcare Supplier 398,SOW,Integration and Interoperability,Interoperability,SQL Server/EDW managed services,2023-08-01,2027-12-31,renewal within 24 months,T&M,range,standard termination rights,no minimum beyond SOW baseline,RATE-HCDN-052,standard service credits,fixed or negotiated escalator,standard change-control language,subcontracting permitted with controls,US data residency,transition assistance to confirm,SRC-HCDN-SLA-008,SRC-HCDN-INV-044,SRC-HCDN-CO-020,LOT-HCDN-08,,,EVAL-HCDN-020,standard commercial review
CONT-HCDN-0332,VEND-HCDN-405,Synthetic Healthcare Supplier 405,rate card,ERP and Corporate Platforms,Population Health,contact center operations,2020-09-01,2028-12-31,active multi-year,unit rate,indexed,standard termination rights,no minimum beyond SOW baseline,RATE-HCDN-053,standard service credits,fixed or negotiated escalator,standard change-control language,subcontracting permitted with controls,US data residency,transition assistance explicit,SRC-HCDN-SLA-009,SRC-HCDN-INV-045,SRC-HCDN-CO-021,LOT-HCDN-09,,,EVAL-HCDN-021,standard commercial review
CONT-HCDN-0333,VEND-HCDN-412,Synthetic Healthcare Supplier 412,Epic support agreement,Clinical and Epic AMS,Health Plan Operations,payment integrity,2021-01-01,2026-12-31,extension option,per member per month,trend-only,standard termination rights,no minimum beyond SOW baseline,RATE-HCDN-054,standard service credits,CPI escalator above threshold,standard change-control language,subcontracting permitted with controls,US data residency,transition assistance to confirm,SRC-HCDN-SLA-010,SRC-HCDN-INV-046,SRC-HCDN-CO-022,LOT-HCDN-01,PROP-HCDN-01,,EVAL-HCDN-022,standard commercial review
CONT-HCDN-0334,VEND-HCDN-419,Synthetic Healthcare Supplier 419,claims admin agreement,Payer Platform Operations,Medicare Advantage,identity/security operations,2022-02-01,2027-12-31,transition assistance required,per claim,withheld,standard termination rights,no minimum beyond SOW baseline,RATE-HCDN-055,standard service credits,fixed or negotiated escalator,standard change-control language,subcontracting permitted with controls,US data residency,transition assistance to confirm,SRC-HCDN-SLA-011,SRC-HCDN-INV-047,SRC-HCDN-CO-023,LOT-HCDN-02,,,EVAL-HCDN-023,standard commercial review
CONT-HCDN-0335,VEND-HCDN-426,Synthetic Healthcare Supplier 426,PBM services SOW,Data Analytics and AI,Claims Operations,interoperability services,2023-03-01,2028-12-31,exit rights need review,per encounter,exact,standard termination rights,no minimum beyond SOW baseline,RATE-HCDN-056,service credits capped and under-defined,fixed or negotiated escalator,standard change-control language,subcontracting permitted with controls,US data residency,transition assistance to confirm,SRC-HCDN-SLA-012,SRC-HCDN-INV-048,SRC-HCDN-CO-024,LOT-HCDN-03,,,EVAL-HCDN-024,standard commercial review
CONT-HCDN-0336,VEND-HCDN-433,Synthetic Healthcare Supplier 433,BPO services SOW,Revenue Cycle Technology,Utilization Management,Epic support and optimization,2020-04-01,2026-12-31,renewal within 12 months,consumption,range,termination for convenience with notice,minimum annual commitment applies,RATE-HCDN-057,standard service credits,fixed or negotiated escalator,standard change-control language,subcontractor approval required,US data residency,transition assistance explicit,SRC-HCDN-SLA-013,SRC-HCDN-INV-001,SRC-HCDN-CO-025,LOT-HCDN-04,PROP-HCDN-01,BAFO-HCDN-01,EVAL-HCDN-001,high exit-term sensitivity
CONT-HCDN-0337,VEND-HCDN-440,Synthetic Healthcare Supplier 440,cloud commit,Cloud Infrastructure and Data Center,Member Services,claims operations,2021-05-01,2027-12-31,renewal within 24 months,hybrid fixed plus variable,indexed,standard termination rights,no minimum beyond SOW baseline,RATE-HCDN-058,standard service credits,fixed or negotiated escalator,standard change-control language,subcontracting permitted with controls,US data residency,transition assistance to confirm,SRC-HCDN-SLA-014,SRC-HCDN-INV-002,SRC-HCDN-CO-026,LOT-HCDN-05,,,EVAL-HCDN-002,standard commercial review
CONT-HCDN-0338,VEND-HCDN-447,Synthetic Healthcare Supplier 447,data platform subscription,Workplace and Contact Center,Quality and Stars,Medicare Advantage quality services,2022-06-01,2028-12-31,active multi-year,committed spend,trend-only,standard termination rights,no minimum beyond SOW baseline,RATE-HCDN-059,standard service credits,fixed or negotiated escalator,standard change-control language,subcontracting permitted with controls,US data residency,transition assistance to confirm,SRC-HCDN-SLA-015,SRC-HCDN-INV-003,SRC-HCDN-CO-027,LOT-HCDN-06,,,EVAL-HCDN-003,standard commercial review
CONT-HCDN-0339,VEND-HCDN-454,Synthetic Healthcare Supplier 454,software subscription,Security Identity and Compliance,Risk Adjustment,risk adjustment analytics,2023-07-01,2026-12-31,extension option,outcome-linked,withheld,standard termination rights,no minimum beyond SOW baseline,RATE-HCDN-060,standard service credits,fixed or negotiated escalator,standard change-control language,subcontracting permitted with controls,US data residency,transition assistance to confirm,SRC-HCDN-SLA-016,SRC-HCDN-INV-004,SRC-HCDN-CO-028,LOT-HCDN-07,PROP-HCDN-01,,EVAL-HCDN-004,standard commercial review
CONT-HCDN-0340,VEND-HCDN-461,Synthetic Healthcare Supplier 461,professional services SOW,Integration and Interoperability,Care Management,prior authorization operations,2020-08-01,2027-12-31,transition assistance required,fixed fee,exact,standard termination rights,no minimum beyond SOW baseline,RATE-HCDN-061,service credits capped and under-defined,fixed or negotiated escalator,standard change-control language,subcontracting permitted with controls,PHI/data residency review required,transition assistance explicit,SRC-HCDN-SLA-017,SRC-HCDN-INV-005,SRC-HCDN-CO-029,LOT-HCDN-08,,,EVAL-HCDN-005,supplier concentration
CONT-HCDN-0341,VEND-HCDN-468,Synthetic Healthcare Supplier 468,maintenance agreement,ERP and Corporate Platforms,Finance,revenue-cycle outsourcing,2021-09-01,2028-12-31,exit rights need review,T&M,range,standard termination rights,no minimum beyond SOW baseline,RATE-HCDN-062,standard service credits,fixed or negotiated escalator,change-control ambiguity,subcontracting permitted with controls,US data residency,transition assistance to confirm,SRC-HCDN-SLA-018,SRC-HCDN-INV-006,SRC-HCDN-CO-030,LOT-HCDN-09,,,EVAL-HCDN-006,standard commercial review
CONT-HCDN-0342,VEND-HCDN-475,Synthetic Healthcare Supplier 475,telecom services,Clinical and Epic AMS,Coding,cloud/data platform operations,2022-01-01,2026-12-31,renewal within 12 months,unit rate,indexed,termination for convenience with notice,no minimum beyond SOW baseline,RATE-HCDN-063,standard service credits,CPI escalator above threshold,standard change-control language,subcontracting permitted with controls,US data residency,transition assistance to confirm,SRC-HCDN-SLA-019,SRC-HCDN-INV-007,SRC-HCDN-CO-031,LOT-HCDN-01,PROP-HCDN-01,BAFO-HCDN-01,EVAL-HCDN-007,standard commercial review
CONT-HCDN-0343,VEND-HCDN-002,Synthetic Healthcare Supplier 002,cybersecurity services,Payer Platform Operations,Payer Contracting,SQL Server/EDW managed services,2023-02-01,2027-12-31,renewal within 24 months,per member per month,trend-only,standard termination rights,minimum annual commitment applies,RATE-HCDN-064,standard service credits,fixed or negotiated escalator,standard change-control language,subcontracting permitted with controls,US data residency,transition assistance to confirm,SRC-HCDN-SLA-020,SRC-HCDN-INV-008,SRC-HCDN-CO-032,LOT-HCDN-02,,,EVAL-HCDN-008,standard commercial review
CONT-HCDN-0344,VEND-HCDN-009,Synthetic Healthcare Supplier 009,AI/document automation SOW,Data Analytics and AI,Digital Front Door,contact center operations,2020-03-01,2028-12-31,active multi-year,per claim,withheld,termination limited during transition,no minimum beyond SOW baseline,RATE-HCDN-065,standard service credits,fixed or negotiated escalator,standard change-control language,subcontracting permitted with controls,US data residency,transition assistance explicit,SRC-HCDN-SLA-021,SRC-HCDN-INV-009,SRC-HCDN-CO-033,LOT-HCDN-03,,,EVAL-HCDN-009,high exit-term sensitivity
CONT-HCDN-0345,VEND-HCDN-016,Synthetic Healthcare Supplier 016,MSA,Revenue Cycle Technology,Contact Center,payment integrity,2021-04-01,2026-12-31,extension option,per encounter,exact,standard termination rights,no minimum beyond SOW baseline,RATE-HCDN-066,service credits capped and under-defined,fixed or negotiated escalator,standard change-control language,subcontracting permitted with controls,US data residency,transition assistance to confirm,SRC-HCDN-SLA-022,SRC-HCDN-INV-010,SRC-HCDN-CO-034,LOT-HCDN-04,PROP-HCDN-01,,EVAL-HCDN-010,standard commercial review
CONT-HCDN-0346,VEND-HCDN-023,Synthetic Healthcare Supplier 023,SOW,Cloud Infrastructure and Data Center,Ambulatory Care,identity/security operations,2022-05-01,2027-12-31,transition assistance required,consumption,range,standard termination rights,no minimum beyond SOW baseline,RATE-HCDN-067,standard service credits,fixed or negotiated escalator,standard change-control language,subcontracting permitted with controls,US data residency,transition assistance to confirm,SRC-HCDN-SLA-023,SRC-HCDN-INV-011,SRC-HCDN-CO-035,LOT-HCDN-05,,,EVAL-HCDN-011,standard commercial review
CONT-HCDN-0347,VEND-HCDN-030,Synthetic Healthcare Supplier 030,rate card,Workplace and Contact Center,Emergency Department,interoperability services,2023-06-01,2028-12-31,exit rights need review,hybrid fixed plus variable,indexed,standard termination rights,no minimum beyond SOW baseline,RATE-HCDN-068,standard service credits,fixed or negotiated escalator,standard change-control language,subcontracting permitted with controls,US data residency,transition assistance to confirm,SRC-HCDN-SLA-024,SRC-HCDN-INV-012,SRC-HCDN-CO-036,LOT-HCDN-06,,,EVAL-HCDN-012,standard commercial review
CONT-HCDN-0348,VEND-HCDN-037,Synthetic Healthcare Supplier 037,Epic support agreement,Security Identity and Compliance,Inpatient,Epic support and optimization,2020-07-01,2026-12-31,renewal within 12 months,committed spend,trend-only,termination for convenience with notice,no minimum beyond SOW baseline,RATE-HCDN-069,standard service credits,fixed or negotiated escalator,standard change-control language,subcontractor approval required,US data residency,transition assistance explicit,SRC-HCDN-SLA-025,SRC-HCDN-INV-013,SRC-HCDN-CO-037,LOT-HCDN-07,PROP-HCDN-01,BAFO-HCDN-01,EVAL-HCDN-013,standard commercial review
CONT-HCDN-0349,VEND-HCDN-044,Synthetic Healthcare Supplier 044,claims admin agreement,Integration and Interoperability,Surgery,claims operations,2021-08-01,2027-12-31,renewal within 24 months,outcome-linked,withheld,standard termination rights,no minimum beyond SOW baseline,RATE-HCDN-070,standard service credits,fixed or negotiated escalator,standard change-control language,subcontracting permitted with controls,US data residency,transition assistance to confirm,SRC-HCDN-SLA-026,SRC-HCDN-INV-014,SRC-HCDN-CO-038,LOT-HCDN-08,,,EVAL-HCDN-014,standard commercial review
CONT-HCDN-0350,VEND-HCDN-051,Synthetic Healthcare Supplier 051,PBM services SOW,ERP and Corporate Platforms,Imaging,Medicare Advantage quality services,2022-09-01,2028-12-31,active multi-year,fixed fee,exact,standard termination rights,minimum annual commitment applies,RATE-HCDN-071,service credits capped and under-defined,fixed or negotiated escalator,standard change-control language,subcontracting permitted with controls,PHI/data residency review required,transition assistance to confirm,SRC-HCDN-SLA-027,SRC-HCDN-INV-015,SRC-HCDN-CO-039,LOT-HCDN-09,,,EVAL-HCDN-015,supplier concentration
CONT-HCDN-0351,VEND-HCDN-058,Synthetic Healthcare Supplier 058,BPO services SOW,Clinical and Epic AMS,Lab,risk adjustment analytics,2023-01-01,2026-12-31,extension option,T&M,range,standard termination rights,no minimum beyond SOW baseline,RATE-HCDN-072,standard service credits,CPI escalator above threshold,standard change-control language,subcontracting permitted with controls,US data residency,transition assistance to confirm,SRC-HCDN-SLA-028,SRC-HCDN-INV-016,SRC-HCDN-CO-040,LOT-HCDN-01,PROP-HCDN-01,,EVAL-HCDN-016,standard commercial review
CONT-HCDN-0352,VEND-HCDN-065,Synthetic Healthcare Supplier 065,cloud commit,Payer Platform Operations,Pharmacy,prior authorization operations,2020-02-01,2027-12-31,transition assistance required,unit rate,indexed,termination limited during transition,no minimum beyond SOW baseline,RATE-HCDN-073,standard service credits,fixed or negotiated escalator,change-control ambiguity,subcontracting permitted with controls,US data residency,transition assistance explicit,SRC-HCDN-SLA-029,SRC-HCDN-INV-017,SRC-HCDN-CO-041,LOT-HCDN-02,,,EVAL-HCDN-017,high exit-term sensitivity
CONT-HCDN-0353,VEND-HCDN-072,Synthetic Healthcare Supplier 072,data platform subscription,Data Analytics and AI,Oncology,revenue-cycle outsourcing,2021-03-01,2028-12-31,exit rights need review,per member per month,trend-only,standard termination rights,no minimum beyond SOW baseline,RATE-HCDN-074,standard service credits,fixed or negotiated escalator,standard change-control language,subcontracting permitted with controls,US data residency,transition assistance to confirm,SRC-HCDN-SLA-030,SRC-HCDN-INV-018,SRC-HCDN-CO-042,LOT-HCDN-03,,,EVAL-HCDN-018,standard commercial review
CONT-HCDN-0354,VEND-HCDN-079,Synthetic Healthcare Supplier 079,software subscription,Revenue Cycle Technology,Cardiology,cloud/data platform operations,2022-04-01,2026-12-31,renewal within 12 months,per claim,withheld,termination for convenience with notice,no minimum beyond SOW baseline,RATE-HCDN-075,standard service credits,fixed or negotiated escalator,standard change-control language,subcontracting permitted with controls,US data residency,transition assistance to confirm,SRC-HCDN-SLA-031,SRC-HCDN-INV-019,SRC-HCDN-CO-043,LOT-HCDN-04,PROP-HCDN-01,BAFO-HCDN-01,EVAL-HCDN-019,standard commercial review
CONT-HCDN-0355,VEND-HCDN-086,Synthetic Healthcare Supplier 086,professional services SOW,Cloud Infrastructure and Data Center,Data and Analytics,SQL Server/EDW managed services,2023-05-01,2027-12-31,renewal within 24 months,per encounter,exact,standard termination rights,no minimum beyond SOW baseline,RATE-HCDN-076,service credits capped and under-defined,fixed or negotiated escalator,standard change-control language,subcontracting permitted with controls,US data residency,transition assistance to confirm,SRC-HCDN-SLA-032,SRC-HCDN-INV-020,SRC-HCDN-CO-044,LOT-HCDN-05,,,EVAL-HCDN-020,standard commercial review
CONT-HCDN-0356,VEND-HCDN-093,Synthetic Healthcare Supplier 093,maintenance agreement,Workplace and Contact Center,Clinical Analytics,contact center operations,2020-06-01,2028-12-31,active multi-year,consumption,range,standard termination rights,no minimum beyond SOW baseline,RATE-HCDN-077,standard service credits,fixed or negotiated escalator,standard change-control language,subcontracting permitted with controls,US data residency,transition assistance explicit,SRC-HCDN-SLA-033,SRC-HCDN-INV-021,SRC-HCDN-CO-045,LOT-HCDN-06,,,EVAL-HCDN-021,standard commercial review
CONT-HCDN-0357,VEND-HCDN-100,Synthetic Healthcare Supplier 100,telecom services,Security Identity and Compliance,Actuarial,payment integrity,2021-07-01,2026-12-31,extension option,hybrid fixed plus variable,indexed,standard termination rights,minimum annual commitment applies,RATE-HCDN-078,standard service credits,fixed or negotiated escalator,standard change-control language,subcontracting permitted with controls,US data residency,transition assistance to confirm,SRC-HCDN-SLA-034,SRC-HCDN-INV-022,SRC-HCDN-CO-046,LOT-HCDN-07,PROP-HCDN-01,,EVAL-HCDN-022,standard commercial review
CONT-HCDN-0358,VEND-HCDN-107,Synthetic Healthcare Supplier 107,cybersecurity services,Integration and Interoperability,Departmental Reporting,identity/security operations,2022-08-01,2027-12-31,transition assistance required,committed spend,trend-only,standard termination rights,no minimum beyond SOW baseline,RATE-HCDN-079,standard service credits,fixed or negotiated escalator,standard change-control language,subcontracting permitted with controls,US data residency,transition assistance to confirm,SRC-HCDN-SLA-035,SRC-HCDN-INV-023,SRC-HCDN-CO-047,LOT-HCDN-08,,,EVAL-HCDN-023,standard commercial review
CONT-HCDN-0359,VEND-HCDN-114,Synthetic Healthcare Supplier 114,AI/document automation SOW,ERP and Corporate Platforms,AI Transformation,interoperability services,2023-09-01,2028-12-31,exit rights need review,outcome-linked,withheld,standard termination rights,no minimum beyond SOW baseline,RATE-HCDN-080,standard service credits,fixed or negotiated escalator,standard change-control language,subcontracting permitted with controls,US data residency,transition assistance to confirm,SRC-HCDN-SLA-036,SRC-HCDN-INV-024,SRC-HCDN-CO-048,LOT-HCDN-09,,,EVAL-HCDN-024,standard commercial review
CONT-HCDN-0360,VEND-HCDN-121,Synthetic Healthcare Supplier 121,MSA,Clinical and Epic AMS,Technology,Epic support and optimization,2020-01-01,2026-12-31,renewal within 12 months,fixed fee,exact,termination for convenience with notice,no minimum beyond SOW baseline,RATE-HCDN-081,service credits capped and under-defined,CPI escalator above threshold,standard change-control language,subcontractor approval required,PHI/data residency review required,transition assistance explicit,SRC-HCDN-SLA-001,SRC-HCDN-INV-025,SRC-HCDN-CO-049,LOT-HCDN-01,PROP-HCDN-01,BAFO-HCDN-01,EVAL-HCDN-001,high exit-term sensitivity
CONT-HCDN-0361,VEND-HCDN-128,Synthetic Healthcare Supplier 128,SOW,Payer Platform Operations,Security,claims operations,2021-02-01,2027-12-31,renewal within 24 months,T&M,range,standard termination rights,no minimum beyond SOW baseline,RATE-HCDN-082,standard service credits,fixed or negotiated escalator,standard change-control language,subcontracting permitted with controls,US data residency,transition assistance to confirm,SRC-HCDN-SLA-002,SRC-HCDN-INV-026,SRC-HCDN-CO-050,LOT-HCDN-02,,,EVAL-HCDN-002,standard commercial review
CONT-HCDN-0362,VEND-HCDN-135,Synthetic Healthcare Supplier 135,rate card,Data Analytics and AI,Procurement,Medicare Advantage quality services,2022-03-01,2028-12-31,active multi-year,unit rate,indexed,standard termination rights,no minimum beyond SOW baseline,RATE-HCDN-083,standard service credits,fixed or negotiated escalator,standard change-control language,subcontracting permitted with controls,US data residency,transition assistance to confirm,SRC-HCDN-SLA-003,SRC-HCDN-INV-027,SRC-HCDN-CO-051,LOT-HCDN-03,,,EVAL-HCDN-003,standard commercial review
CONT-HCDN-0363,VEND-HCDN-142,Synthetic Healthcare Supplier 142,Epic support agreement,Revenue Cycle Technology,HR,risk adjustment analytics,2023-04-01,2026-12-31,extension option,per member per month,trend-only,standard termination rights,no minimum beyond SOW baseline,RATE-HCDN-084,standard service credits,fixed or negotiated escalator,change-control ambiguity,subcontracting permitted with controls,US data residency,transition assistance to confirm,SRC-HCDN-SLA-004,SRC-HCDN-INV-028,SRC-HCDN-CO-052,LOT-HCDN-04,PROP-HCDN-01,,EVAL-HCDN-004,standard commercial review
CONT-HCDN-0364,VEND-HCDN-149,Synthetic Healthcare Supplier 149,claims admin agreement,Cloud Infrastructure and Data Center,Supply Chain,prior authorization operations,2020-05-01,2027-12-31,transition assistance required,per claim,withheld,standard termination rights,minimum annual commitment applies,RATE-HCDN-085,standard service credits,fixed or negotiated escalator,standard change-control language,subcontracting permitted with controls,US data residency,transition assistance explicit,SRC-HCDN-SLA-005,SRC-HCDN-INV-029,SRC-HCDN-CO-001,LOT-HCDN-05,,,EVAL-HCDN-005,standard commercial review
CONT-HCDN-0365,VEND-HCDN-156,Synthetic Healthcare Supplier 156,PBM services SOW,Workplace and Contact Center,Privacy,revenue-cycle outsourcing,2021-06-01,2028-12-31,exit rights need review,per encounter,exact,standard termination rights,no minimum beyond SOW baseline,RATE-HCDN-086,service credits capped and under-defined,fixed or negotiated escalator,standard change-control language,subcontracting permitted with controls,US data residency,transition assistance to confirm,SRC-HCDN-SLA-006,SRC-HCDN-INV-030,SRC-HCDN-CO-002,LOT-HCDN-06,,,EVAL-HCDN-006,standard commercial review
CONT-HCDN-0366,VEND-HCDN-163,Synthetic Healthcare Supplier 163,BPO services SOW,Security Identity and Compliance,Compliance,cloud/data platform operations,2022-07-01,2026-12-31,renewal within 12 months,consumption,range,termination for convenience with notice,no minimum beyond SOW baseline,RATE-HCDN-087,standard service credits,fixed or negotiated escalator,standard change-control language,subcontracting permitted with controls,US data residency,transition assistance to confirm,SRC-HCDN-SLA-007,SRC-HCDN-INV-031,SRC-HCDN-CO-003,LOT-HCDN-07,PROP-HCDN-01,BAFO-HCDN-01,EVAL-HCDN-007,standard commercial review
CONT-HCDN-0367,VEND-HCDN-170,Synthetic Healthcare Supplier 170,cloud commit,Integration and Interoperability,Provider Network,SQL Server/EDW managed services,2023-08-01,2027-12-31,renewal within 24 months,hybrid fixed plus variable,indexed,standard termination rights,no minimum beyond SOW baseline,RATE-HCDN-088,standard service credits,fixed or negotiated escalator,standard change-control language,subcontracting permitted with controls,US data residency,transition assistance to confirm,SRC-HCDN-SLA-008,SRC-HCDN-INV-032,SRC-HCDN-CO-004,LOT-HCDN-08,,,EVAL-HCDN-008,standard commercial review
CONT-HCDN-0368,VEND-HCDN-177,Synthetic Healthcare Supplier 177,data platform subscription,ERP and Corporate Platforms,Value-Based Care,contact center operations,2020-09-01,2028-12-31,active multi-year,committed spend,trend-only,termination limited during transition,no minimum beyond SOW baseline,RATE-HCDN-089,standard service credits,fixed or negotiated escalator,standard change-control language,subcontracting permitted with controls,US data residency,transition assistance explicit,SRC-HCDN-SLA-009,SRC-HCDN-INV-033,SRC-HCDN-CO-005,LOT-HCDN-09,,,EVAL-HCDN-009,high exit-term sensitivity
CONT-HCDN-0369,VEND-HCDN-184,Synthetic Healthcare Supplier 184,software subscription,Clinical and Epic AMS,Clinical Operations,payment integrity,2021-01-01,2026-12-31,extension option,outcome-linked,withheld,standard termination rights,no minimum beyond SOW baseline,RATE-HCDN-090,standard service credits,CPI escalator above threshold,standard change-control language,subcontracting permitted with controls,US data residency,transition assistance to confirm,SRC-HCDN-SLA-010,SRC-HCDN-INV-034,SRC-HCDN-CO-006,LOT-HCDN-01,PROP-HCDN-01,,EVAL-HCDN-010,standard commercial review
CONT-HCDN-0370,VEND-HCDN-191,Synthetic Healthcare Supplier 191,professional services SOW,Payer Platform Operations,Revenue Cycle,identity/security operations,2022-02-01,2027-12-31,transition assistance required,fixed fee,exact,standard termination rights,no minimum beyond SOW baseline,RATE-HCDN-091,service credits capped and under-defined,fixed or negotiated escalator,standard change-control language,subcontracting permitted with controls,PHI/data residency review required,transition assistance to confirm,SRC-HCDN-SLA-011,SRC-HCDN-INV-035,SRC-HCDN-CO-007,LOT-HCDN-02,,,EVAL-HCDN-011,supplier concentration
CONT-HCDN-0371,VEND-HCDN-198,Synthetic Healthcare Supplier 198,maintenance agreement,Data Analytics and AI,Patient Access,interoperability services,2023-03-01,2028-12-31,exit rights need review,T&M,range,standard termination rights,minimum annual commitment applies,RATE-HCDN-092,standard service credits,fixed or negotiated escalator,standard change-control language,subcontracting permitted with controls,US data residency,transition assistance to confirm,SRC-HCDN-SLA-012,SRC-HCDN-INV-036,SRC-HCDN-CO-008,LOT-HCDN-03,,,EVAL-HCDN-012,standard commercial review
CONT-HCDN-0372,VEND-HCDN-205,Synthetic Healthcare Supplier 205,telecom services,Revenue Cycle Technology,Interoperability,Epic support and optimization,2020-04-01,2026-12-31,renewal within 12 months,unit rate,indexed,termination for convenience with notice,no minimum beyond SOW baseline,RATE-HCDN-093,standard service credits,fixed or negotiated escalator,standard change-control language,subcontractor approval required,US data residency,transition assistance explicit,SRC-HCDN-SLA-013,SRC-HCDN-INV-037,SRC-HCDN-CO-009,LOT-HCDN-04,PROP-HCDN-01,BAFO-HCDN-01,EVAL-HCDN-013,standard commercial review
CONT-HCDN-0373,VEND-HCDN-212,Synthetic Healthcare Supplier 212,cybersecurity services,Cloud Infrastructure and Data Center,Population Health,claims operations,2021-05-01,2027-12-31,renewal within 24 months,per member per month,trend-only,standard termination rights,no minimum beyond SOW baseline,RATE-HCDN-094,standard service credits,fixed or negotiated escalator,standard change-control language,subcontracting permitted with controls,US data residency,transition assistance to confirm,SRC-HCDN-SLA-014,SRC-HCDN-INV-038,SRC-HCDN-CO-010,LOT-HCDN-05,,,EVAL-HCDN-014,standard commercial review
CONT-HCDN-0374,VEND-HCDN-219,Synthetic Healthcare Supplier 219,AI/document automation SOW,Workplace and Contact Center,Health Plan Operations,Medicare Advantage quality services,2022-06-01,2028-12-31,active multi-year,per claim,withheld,standard termination rights,no minimum beyond SOW baseline,RATE-HCDN-095,standard service credits,fixed or negotiated escalator,change-control ambiguity,subcontracting permitted with controls,US data residency,transition assistance to confirm,SRC-HCDN-SLA-015,SRC-HCDN-INV-039,SRC-HCDN-CO-011,LOT-HCDN-06,,,EVAL-HCDN-015,standard commercial review
CONT-HCDN-0375,VEND-HCDN-226,Synthetic Healthcare Supplier 226,MSA,Security Identity and Compliance,Medicare Advantage,risk adjustment analytics,2023-07-01,2026-12-31,extension option,per encounter,exact,standard termination rights,no minimum beyond SOW baseline,RATE-HCDN-096,service credits capped and under-defined,fixed or negotiated escalator,standard change-control language,subcontracting permitted with controls,US data residency,transition assistance to confirm,SRC-HCDN-SLA-016,SRC-HCDN-INV-040,SRC-HCDN-CO-012,LOT-HCDN-07,PROP-HCDN-01,,EVAL-HCDN-016,standard commercial review
CONT-HCDN-0376,VEND-HCDN-233,Synthetic Healthcare Supplier 233,SOW,Integration and Interoperability,Claims Operations,prior authorization operations,2020-08-01,2027-12-31,transition assistance required,consumption,range,termination limited during transition,no minimum beyond SOW baseline,RATE-HCDN-097,standard service credits,fixed or negotiated escalator,standard change-control language,subcontracting permitted with controls,US data residency,transition assistance explicit,SRC-HCDN-SLA-017,SRC-HCDN-INV-041,SRC-HCDN-CO-013,LOT-HCDN-08,,,EVAL-HCDN-017,high exit-term sensitivity
CONT-HCDN-0377,VEND-HCDN-240,Synthetic Healthcare Supplier 240,rate card,ERP and Corporate Platforms,Utilization Management,revenue-cycle outsourcing,2021-09-01,2028-12-31,exit rights need review,hybrid fixed plus variable,indexed,standard termination rights,no minimum beyond SOW baseline,RATE-HCDN-098,standard service credits,fixed or negotiated escalator,standard change-control language,subcontracting permitted with controls,US data residency,transition assistance to confirm,SRC-HCDN-SLA-018,SRC-HCDN-INV-042,SRC-HCDN-CO-014,LOT-HCDN-09,,,EVAL-HCDN-018,standard commercial review
CONT-HCDN-0378,VEND-HCDN-247,Synthetic Healthcare Supplier 247,Epic support agreement,Clinical and Epic AMS,Member Services,cloud/data platform operations,2022-01-01,2026-12-31,renewal within 12 months,committed spend,trend-only,termination for convenience with notice,minimum annual commitment applies,RATE-HCDN-099,standard service credits,CPI escalator above threshold,standard change-control language,subcontracting permitted with controls,US data residency,transition assistance to confirm,SRC-HCDN-SLA-019,SRC-HCDN-INV-043,SRC-HCDN-CO-015,LOT-HCDN-01,PROP-HCDN-01,BAFO-HCDN-01,EVAL-HCDN-019,standard commercial review
CONT-HCDN-0379,VEND-HCDN-254,Synthetic Healthcare Supplier 254,claims admin agreement,Payer Platform Operations,Quality and Stars,SQL Server/EDW managed services,2023-02-01,2027-12-31,renewal within 24 months,outcome-linked,withheld,standard termination rights,no minimum beyond SOW baseline,RATE-HCDN-100,standard service credits,fixed or negotiated escalator,standard change-control language,subcontracting permitted with controls,US data residency,transition assistance to confirm,SRC-HCDN-SLA-020,SRC-HCDN-INV-044,SRC-HCDN-CO-016,LOT-HCDN-02,,,EVAL-HCDN-020,standard commercial review
CONT-HCDN-0380,VEND-HCDN-261,Synthetic Healthcare Supplier 261,PBM services SOW,Data Analytics and AI,Risk Adjustment,contact center operations,2020-03-01,2028-12-31,active multi-year,fixed fee,exact,standard termination rights,no minimum beyond SOW baseline,RATE-HCDN-101,service credits capped and under-defined,fixed or negotiated escalator,standard change-control language,subcontracting permitted with controls,PHI/data residency review required,transition assistance explicit,SRC-HCDN-SLA-021,SRC-HCDN-INV-045,SRC-HCDN-CO-017,LOT-HCDN-03,,,EVAL-HCDN-021,supplier concentration
CONT-HCDN-0381,VEND-HCDN-268,Synthetic Healthcare Supplier 268,BPO services SOW,Revenue Cycle Technology,Care Management,payment integrity,2021-04-01,2026-12-31,extension option,T&M,range,standard termination rights,no minimum beyond SOW baseline,RATE-HCDN-102,standard service credits,fixed or negotiated escalator,standard change-control language,subcontracting permitted with controls,US data residency,transition assistance to confirm,SRC-HCDN-SLA-022,SRC-HCDN-INV-046,SRC-HCDN-CO-018,LOT-HCDN-04,PROP-HCDN-01,,EVAL-HCDN-022,standard commercial review
CONT-HCDN-0382,VEND-HCDN-275,Synthetic Healthcare Supplier 275,cloud commit,Cloud Infrastructure and Data Center,Finance,identity/security operations,2022-05-01,2027-12-31,transition assistance required,unit rate,indexed,standard termination rights,no minimum beyond SOW baseline,RATE-HCDN-103,standard service credits,fixed or negotiated escalator,standard change-control language,subcontracting permitted with controls,US data residency,transition assistance to confirm,SRC-HCDN-SLA-023,SRC-HCDN-INV-047,SRC-HCDN-CO-019,LOT-HCDN-05,,,EVAL-HCDN-023,standard commercial review
CONT-HCDN-0383,VEND-HCDN-282,Synthetic Healthcare Supplier 282,data platform subscription,Workplace and Contact Center,Coding,interoperability services,2023-06-01,2028-12-31,exit rights need review,per member per month,trend-only,standard termination rights,no minimum beyond SOW baseline,RATE-HCDN-104,standard service credits,fixed or negotiated escalator,standard change-control language,subcontracting permitted with controls,US data residency,transition assistance to confirm,SRC-HCDN-SLA-024,SRC-HCDN-INV-048,SRC-HCDN-CO-020,LOT-HCDN-06,,,EVAL-HCDN-024,standard commercial review
CONT-HCDN-0384,VEND-HCDN-289,Synthetic Healthcare Supplier 289,software subscription,Security Identity and Compliance,Payer Contracting,Epic support and optimization,2020-07-01,2026-12-31,renewal within 12 months,per claim,withheld,termination for convenience with notice,no minimum beyond SOW baseline,RATE-HCDN-105,standard service credits,fixed or negotiated escalator,standard change-control language,subcontractor approval required,US data residency,transition assistance explicit,SRC-HCDN-SLA-025,SRC-HCDN-INV-001,SRC-HCDN-CO-021,LOT-HCDN-07,PROP-HCDN-01,BAFO-HCDN-01,EVAL-HCDN-001,high exit-term sensitivity
CONT-HCDN-0385,VEND-HCDN-296,Synthetic Healthcare Supplier 296,professional services SOW,Integration and Interoperability,Digital Front Door,claims operations,2021-08-01,2027-12-31,renewal within 24 months,per encounter,exact,standard termination rights,minimum annual commitment applies,RATE-HCDN-106,service credits capped and under-defined,fixed or negotiated escalator,change-control ambiguity,subcontracting permitted with controls,US data residency,transition assistance to confirm,SRC-HCDN-SLA-026,SRC-HCDN-INV-002,SRC-HCDN-CO-022,LOT-HCDN-08,,,EVAL-HCDN-002,standard commercial review
CONT-HCDN-0386,VEND-HCDN-303,Synthetic Healthcare Supplier 303,maintenance agreement,ERP and Corporate Platforms,Contact Center,Medicare Advantage quality services,2022-09-01,2028-12-31,active multi-year,consumption,range,standard termination rights,no minimum beyond SOW baseline,RATE-HCDN-107,standard service credits,fixed or negotiated escalator,standard change-control language,subcontracting permitted with controls,US data residency,transition assistance to confirm,SRC-HCDN-SLA-027,SRC-HCDN-INV-003,SRC-HCDN-CO-023,LOT-HCDN-09,,,EVAL-HCDN-003,standard commercial review
CONT-HCDN-0387,VEND-HCDN-310,Synthetic Healthcare Supplier 310,telecom services,Clinical and Epic AMS,Ambulatory Care,risk adjustment analytics,2023-01-01,2026-12-31,extension option,hybrid fixed plus variable,indexed,standard termination rights,no minimum beyond SOW baseline,RATE-HCDN-108,standard service credits,CPI escalator above threshold,standard change-control language,subcontracting permitted with controls,US data residency,transition assistance to confirm,SRC-HCDN-SLA-028,SRC-HCDN-INV-004,SRC-HCDN-CO-024,LOT-HCDN-01,PROP-HCDN-01,,EVAL-HCDN-004,standard commercial review
CONT-HCDN-0388,VEND-HCDN-317,Synthetic Healthcare Supplier 317,cybersecurity services,Payer Platform Operations,Emergency Department,prior authorization operations,2020-02-01,2027-12-31,transition assistance required,committed spend,trend-only,standard termination rights,no minimum beyond SOW baseline,RATE-HCDN-109,standard service credits,fixed or negotiated escalator,standard change-control language,subcontracting permitted with controls,US data residency,transition assistance explicit,SRC-HCDN-SLA-029,SRC-HCDN-INV-005,SRC-HCDN-CO-025,LOT-HCDN-02,,,EVAL-HCDN-005,standard commercial review
CONT-HCDN-0389,VEND-HCDN-324,Synthetic Healthcare Supplier 324,AI/document automation SOW,Data Analytics and AI,Inpatient,revenue-cycle outsourcing,2021-03-01,2028-12-31,exit rights need review,outcome-linked,withheld,standard termination rights,no minimum beyond SOW baseline,RATE-HCDN-110,standard service credits,fixed or negotiated escalator,standard change-control language,subcontracting permitted with controls,US data residency,transition assistance to confirm,SRC-HCDN-SLA-030,SRC-HCDN-INV-006,SRC-HCDN-CO-026,LOT-HCDN-03,,,EVAL-HCDN-006,standard commercial review
CONT-HCDN-0390,VEND-HCDN-331,Synthetic Healthcare Supplier 331,MSA,Revenue Cycle Technology,Surgery,cloud/data platform operations,2022-04-01,2026-12-31,renewal within 12 months,fixed fee,exact,termination for convenience with notice,no minimum beyond SOW baseline,RATE-HCDN-111,service credits capped and under-defined,fixed or negotiated escalator,standard change-control language,subcontracting permitted with controls,PHI/data residency review required,transition assistance to confirm,SRC-HCDN-SLA-031,SRC-HCDN-INV-007,SRC-HCDN-CO-027,LOT-HCDN-04,PROP-HCDN-01,BAFO-HCDN-01,EVAL-HCDN-007,supplier concentration
CONT-HCDN-0391,VEND-HCDN-338,Synthetic Healthcare Supplier 338,SOW,Cloud Infrastructure and Data Center,Imaging,SQL Server/EDW managed services,2023-05-01,2027-12-31,renewal within 24 months,T&M,range,standard termination rights,no minimum beyond SOW baseline,RATE-HCDN-112,standard service credits,fixed or negotiated escalator,standard change-control language,subcontracting permitted with controls,US data residency,transition assistance to confirm,SRC-HCDN-SLA-032,SRC-HCDN-INV-008,SRC-HCDN-CO-028,LOT-HCDN-05,,,EVAL-HCDN-008,standard commercial review
CONT-HCDN-0392,VEND-HCDN-345,Synthetic Healthcare Supplier 345,rate card,Workplace and Contact Center,Lab,contact center operations,2020-06-01,2028-12-31,active multi-year,unit rate,indexed,termination limited during transition,minimum annual commitment applies,RATE-HCDN-113,standard service credits,fixed or negotiated escalator,standard change-control language,subcontracting permitted with controls,US data residency,transition assistance explicit,SRC-HCDN-SLA-033,SRC-HCDN-INV-009,SRC-HCDN-CO-029,LOT-HCDN-06,,,EVAL-HCDN-009,high exit-term sensitivity
CONT-HCDN-0393,VEND-HCDN-352,Synthetic Healthcare Supplier 352,Epic support agreement,Security Identity and Compliance,Pharmacy,payment integrity,2021-07-01,2026-12-31,extension option,per member per month,trend-only,standard termination rights,no minimum beyond SOW baseline,RATE-HCDN-114,standard service credits,fixed or negotiated escalator,standard change-control language,subcontracting permitted with controls,US data residency,transition assistance to confirm,SRC-HCDN-SLA-034,SRC-HCDN-INV-010,SRC-HCDN-CO-030,LOT-HCDN-07,PROP-HCDN-01,,EVAL-HCDN-010,standard commercial review
CONT-HCDN-0394,VEND-HCDN-359,Synthetic Healthcare Supplier 359,claims admin agreement,Integration and Interoperability,Oncology,identity/security operations,2022-08-01,2027-12-31,transition assistance required,per claim,withheld,standard termination rights,no minimum beyond SOW baseline,RATE-HCDN-115,standard service credits,fixed or negotiated escalator,standard change-control language,subcontracting permitted with controls,US data residency,transition assistance to confirm,SRC-HCDN-SLA-035,SRC-HCDN-INV-011,SRC-HCDN-CO-031,LOT-HCDN-08,,,EVAL-HCDN-011,standard commercial review
CONT-HCDN-0395,VEND-HCDN-366,Synthetic Healthcare Supplier 366,PBM services SOW,ERP and Corporate Platforms,Cardiology,interoperability services,2023-09-01,2028-12-31,exit rights need review,per encounter,exact,standard termination rights,no minimum beyond SOW baseline,RATE-HCDN-116,service credits capped and under-defined,fixed or negotiated escalator,standard change-control language,subcontracting permitted with controls,US data residency,transition assistance to confirm,SRC-HCDN-SLA-036,SRC-HCDN-INV-012,SRC-HCDN-CO-032,LOT-HCDN-09,,,EVAL-HCDN-012,standard commercial review
CONT-HCDN-0396,VEND-HCDN-373,Synthetic Healthcare Supplier 373,BPO services SOW,Clinical and Epic AMS,Data and Analytics,Epic support and optimization,2020-01-01,2026-12-31,renewal within 12 months,consumption,range,termination for convenience with notice,no minimum beyond SOW baseline,RATE-HCDN-117,standard service credits,CPI escalator above threshold,change-control ambiguity,subcontractor approval required,US data residency,transition assistance explicit,SRC-HCDN-SLA-001,SRC-HCDN-INV-013,SRC-HCDN-CO-033,LOT-HCDN-01,PROP-HCDN-01,BAFO-HCDN-01,EVAL-HCDN-013,standard commercial review
CONT-HCDN-0397,VEND-HCDN-380,Synthetic Healthcare Supplier 380,cloud commit,Payer Platform Operations,Clinical Analytics,claims operations,2021-02-01,2027-12-31,renewal within 24 months,hybrid fixed plus variable,indexed,standard termination rights,no minimum beyond SOW baseline,RATE-HCDN-118,standard service credits,fixed or negotiated escalator,standard change-control language,subcontracting permitted with controls,US data residency,transition assistance to confirm,SRC-HCDN-SLA-002,SRC-HCDN-INV-014,SRC-HCDN-CO-034,LOT-HCDN-02,,,EVAL-HCDN-014,standard commercial review
CONT-HCDN-0398,VEND-HCDN-387,Synthetic Healthcare Supplier 387,data platform subscription,Data Analytics and AI,Actuarial,Medicare Advantage quality services,2022-03-01,2028-12-31,active multi-year,committed spend,trend-only,standard termination rights,no minimum beyond SOW baseline,RATE-HCDN-119,standard service credits,fixed or negotiated escalator,standard change-control language,subcontracting permitted with controls,US data residency,transition assistance to confirm,SRC-HCDN-SLA-003,SRC-HCDN-INV-015,SRC-HCDN-CO-035,LOT-HCDN-03,,,EVAL-HCDN-015,standard commercial review
CONT-HCDN-0399,VEND-HCDN-394,Synthetic Healthcare Supplier 394,software subscription,Revenue Cycle Technology,Departmental Reporting,risk adjustment analytics,2023-04-01,2026-12-31,extension option,outcome-linked,withheld,standard termination rights,minimum annual commitment applies,RATE-HCDN-120,standard service credits,fixed or negotiated escalator,standard change-control language,subcontracting permitted with controls,US data residency,transition assistance to confirm,SRC-HCDN-SLA-004,SRC-HCDN-INV-016,SRC-HCDN-CO-036,LOT-HCDN-04,PROP-HCDN-01,,EVAL-HCDN-016,standard commercial review
CONT-HCDN-0400,VEND-HCDN-401,Synthetic Healthcare Supplier 401,professional services SOW,Cloud Infrastructure and Data Center,AI Transformation,prior authorization operations,2020-05-01,2027-12-31,transition assistance required,fixed fee,exact,termination limited during transition,no minimum beyond SOW baseline,RATE-HCDN-121,service credits capped and under-defined,fixed or negotiated escalator,standard change-control language,subcontracting permitted with controls,PHI/data residency review required,transition assistance explicit,SRC-HCDN-SLA-005,SRC-HCDN-INV-017,SRC-HCDN-CO-037,LOT-HCDN-05,,,EVAL-HCDN-017,high exit-term sensitivity
CONT-HCDN-0401,VEND-HCDN-408,Synthetic Healthcare Supplier 408,maintenance agreement,Workplace and Contact Center,Technology,revenue-cycle outsourcing,2021-06-01,2028-12-31,exit rights need review,T&M,range,standard termination rights,no minimum beyond SOW baseline,RATE-HCDN-122,standard service credits,fixed or negotiated escalator,standard change-control language,subcontracting permitted with controls,US data residency,transition assistance to confirm,SRC-HCDN-SLA-006,SRC-HCDN-INV-018,SRC-HCDN-CO-038,LOT-HCDN-06,,,EVAL-HCDN-018,standard commercial review
CONT-HCDN-0402,VEND-HCDN-415,Synthetic Healthcare Supplier 415,telecom services,Security Identity and Compliance,Security,cloud/data platform operations,2022-07-01,2026-12-31,renewal within 12 months,unit rate,indexed,termination for convenience with notice,no minimum beyond SOW baseline,RATE-HCDN-123,standard service credits,fixed or negotiated escalator,standard change-control language,subcontracting permitted with controls,US data residency,transition assistance to confirm,SRC-HCDN-SLA-007,SRC-HCDN-INV-019,SRC-HCDN-CO-039,LOT-HCDN-07,PROP-HCDN-01,BAFO-HCDN-01,EVAL-HCDN-019,standard commercial review
CONT-HCDN-0403,VEND-HCDN-422,Synthetic Healthcare Supplier 422,cybersecurity services,Integration and Interoperability,Procurement,SQL Server/EDW managed services,2023-08-01,2027-12-31,renewal within 24 months,per member per month,trend-only,standard termination rights,no minimum beyond SOW baseline,RATE-HCDN-124,standard service credits,fixed or negotiated escalator,standard change-control language,subcontracting permitted with controls,US data residency,transition assistance to confirm,SRC-HCDN-SLA-008,SRC-HCDN-INV-020,SRC-HCDN-CO-040,LOT-HCDN-08,,,EVAL-HCDN-020,standard commercial review
CONT-HCDN-0404,VEND-HCDN-429,Synthetic Healthcare Supplier 429,AI/document automation SOW,ERP and Corporate Platforms,HR,contact center operations,2020-09-01,2028-12-31,active multi-year,per claim,withheld,standard termination rights,no minimum beyond SOW baseline,RATE-HCDN-125,standard service credits,fixed or negotiated escalator,standard change-control language,subcontracting permitted with controls,US data residency,transition assistance explicit,SRC-HCDN-SLA-009,SRC-HCDN-INV-021,SRC-HCDN-CO-041,LOT-HCDN-09,,,EVAL-HCDN-021,standard commercial review
CONT-HCDN-0405,VEND-HCDN-436,Synthetic Healthcare Supplier 436,MSA,Clinical and Epic AMS,Supply Chain,payment integrity,2021-01-01,2026-12-31,extension option,per encounter,exact,standard termination rights,no minimum beyond SOW baseline,RATE-HCDN-126,service credits capped and under-defined,CPI escalator above threshold,standard change-control language,subcontracting permitted with controls,US data residency,transition assistance to confirm,SRC-HCDN-SLA-010,SRC-HCDN-INV-022,SRC-HCDN-CO-042,LOT-HCDN-01,PROP-HCDN-01,,EVAL-HCDN-022,standard commercial review
CONT-HCDN-0406,VEND-HCDN-443,Synthetic Healthcare Supplier 443,SOW,Payer Platform Operations,Privacy,identity/security operations,2022-02-01,2027-12-31,transition assistance required,consumption,range,standard termination rights,minimum annual commitment applies,RATE-HCDN-127,standard service credits,fixed or negotiated escalator,standard change-control language,subcontracting permitted with controls,US data residency,transition assistance to confirm,SRC-HCDN-SLA-011,SRC-HCDN-INV-023,SRC-HCDN-CO-043,LOT-HCDN-02,,,EVAL-HCDN-023,standard commercial review
CONT-HCDN-0407,VEND-HCDN-450,Synthetic Healthcare Supplier 450,rate card,Data Analytics and AI,Compliance,interoperability services,2023-03-01,2028-12-31,exit rights need review,hybrid fixed plus variable,indexed,standard termination rights,no minimum beyond SOW baseline,RATE-HCDN-128,standard service credits,fixed or negotiated escalator,change-control ambiguity,subcontracting permitted with controls,US data residency,transition assistance to confirm,SRC-HCDN-SLA-012,SRC-HCDN-INV-024,SRC-HCDN-CO-044,LOT-HCDN-03,,,EVAL-HCDN-024,standard commercial review
CONT-HCDN-0408,VEND-HCDN-457,Synthetic Healthcare Supplier 457,Epic support agreement,Revenue Cycle Technology,Provider Network,Epic support and optimization,2020-04-01,2026-12-31,renewal within 12 months,committed spend,trend-only,termination for convenience with notice,no minimum beyond SOW baseline,RATE-HCDN-129,standard service credits,fixed or negotiated escalator,standard change-control language,subcontractor approval required,US data residency,transition assistance explicit,SRC-HCDN-SLA-013,SRC-HCDN-INV-025,SRC-HCDN-CO-045,LOT-HCDN-04,PROP-HCDN-01,BAFO-HCDN-01,EVAL-HCDN-001,high exit-term sensitivity
CONT-HCDN-0409,VEND-HCDN-464,Synthetic Healthcare Supplier 464,claims admin agreement,Cloud Infrastructure and Data Center,Value-Based Care,claims operations,2021-05-01,2027-12-31,renewal within 24 months,outcome-linked,withheld,standard termination rights,no minimum beyond SOW baseline,RATE-HCDN-130,standard service credits,fixed or negotiated escalator,standard change-control language,subcontracting permitted with controls,US data residency,transition assistance to confirm,SRC-HCDN-SLA-014,SRC-HCDN-INV-026,SRC-HCDN-CO-046,LOT-HCDN-05,,,EVAL-HCDN-002,standard commercial review
CONT-HCDN-0410,VEND-HCDN-471,Synthetic Healthcare Supplier 471,PBM services SOW,Workplace and Contact Center,Clinical Operations,Medicare Advantage quality services,2022-06-01,2028-12-31,active multi-year,fixed fee,exact,standard termination rights,no minimum beyond SOW baseline,RATE-HCDN-131,service credits capped and under-defined,fixed or negotiated escalator,standard change-control language,subcontracting permitted with controls,PHI/data residency review required,transition assistance to confirm,SRC-HCDN-SLA-015,SRC-HCDN-INV-027,SRC-HCDN-CO-047,LOT-HCDN-06,,,EVAL-HCDN-003,supplier concentration
CONT-HCDN-0411,VEND-HCDN-478,Synthetic Healthcare Supplier 478,BPO services SOW,Security Identity and Compliance,Revenue Cycle,risk adjustment analytics,2023-07-01,2026-12-31,extension option,T&M,range,standard termination rights,no minimum beyond SOW baseline,RATE-HCDN-132,standard service credits,fixed or negotiated escalator,standard change-control language,subcontracting permitted with controls,US data residency,transition assistance to confirm,SRC-HCDN-SLA-016,SRC-HCDN-INV-028,SRC-HCDN-CO-048,LOT-HCDN-07,PROP-HCDN-01,,EVAL-HCDN-004,standard commercial review
CONT-HCDN-0412,VEND-HCDN-005,Synthetic Healthcare Supplier 005,cloud commit,Integration and Interoperability,Patient Access,prior authorization operations,2020-08-01,2027-12-31,transition assistance required,unit rate,indexed,standard termination rights,no minimum beyond SOW baseline,RATE-HCDN-133,standard service credits,fixed or negotiated escalator,standard change-control language,subcontracting permitted with controls,US data residency,transition assistance explicit,SRC-HCDN-SLA-017,SRC-HCDN-INV-029,SRC-HCDN-CO-049,LOT-HCDN-08,,,EVAL-HCDN-005,standard commercial review
CONT-HCDN-0413,VEND-HCDN-012,Synthetic Healthcare Supplier 012,data platform subscription,ERP and Corporate Platforms,Interoperability,revenue-cycle outsourcing,2021-09-01,2028-12-31,exit rights need review,per member per month,trend-only,standard termination rights,minimum annual commitment applies,RATE-HCDN-134,standard service credits,fixed or negotiated escalator,standard change-control language,subcontracting permitted with controls,US data residency,transition assistance to confirm,SRC-HCDN-SLA-018,SRC-HCDN-INV-030,SRC-HCDN-CO-050,LOT-HCDN-09,,,EVAL-HCDN-006,standard commercial review
CONT-HCDN-0414,VEND-HCDN-019,Synthetic Healthcare Supplier 019,software subscription,Clinical and Epic AMS,Population Health,cloud/data platform operations,2022-01-01,2026-12-31,renewal within 12 months,per claim,withheld,termination for convenience with notice,no minimum beyond SOW baseline,RATE-HCDN-135,standard service credits,CPI escalator above threshold,standard change-control language,subcontracting permitted with controls,US data residency,transition assistance to confirm,SRC-HCDN-SLA-019,SRC-HCDN-INV-031,SRC-HCDN-CO-051,LOT-HCDN-01,PROP-HCDN-01,BAFO-HCDN-01,EVAL-HCDN-007,standard commercial review
CONT-HCDN-0415,VEND-HCDN-026,Synthetic Healthcare Supplier 026,professional services SOW,Payer Platform Operations,Health Plan Operations,SQL Server/EDW managed services,2023-02-01,2027-12-31,renewal within 24 months,per encounter,exact,standard termination rights,no minimum beyond SOW baseline,RATE-HCDN-136,service credits capped and under-defined,fixed or negotiated escalator,standard change-control language,subcontracting permitted with controls,US data residency,transition assistance to confirm,SRC-HCDN-SLA-020,SRC-HCDN-INV-032,SRC-HCDN-CO-052,LOT-HCDN-02,,,EVAL-HCDN-008,standard commercial review
CONT-HCDN-0416,VEND-HCDN-033,Synthetic Healthcare Supplier 033,maintenance agreement,Data Analytics and AI,Medicare Advantage,contact center operations,2020-03-01,2028-12-31,active multi-year,consumption,range,termination limited during transition,no minimum beyond SOW baseline,RATE-HCDN-137,standard service credits,fixed or negotiated escalator,standard change-control language,subcontracting permitted with controls,US data residency,transition assistance explicit,SRC-HCDN-SLA-021,SRC-HCDN-INV-033,SRC-HCDN-CO-001,LOT-HCDN-03,,,EVAL-HCDN-009,high exit-term sensitivity
CONT-HCDN-0417,VEND-HCDN-040,Synthetic Healthcare Supplier 040,telecom services,Revenue Cycle Technology,Claims Operations,payment integrity,2021-04-01,2026-12-31,extension option,hybrid fixed plus variable,indexed,standard termination rights,no minimum beyond SOW baseline,RATE-HCDN-138,standard service credits,fixed or negotiated escalator,standard change-control language,subcontracting permitted with controls,US data residency,transition assistance to confirm,SRC-HCDN-SLA-022,SRC-HCDN-INV-034,SRC-HCDN-CO-002,LOT-HCDN-04,PROP-HCDN-01,,EVAL-HCDN-010,standard commercial review
CONT-HCDN-0418,VEND-HCDN-047,Synthetic Healthcare Supplier 047,cybersecurity services,Cloud Infrastructure and Data Center,Utilization Management,identity/security operations,2022-05-01,2027-12-31,transition assistance required,committed spend,trend-only,standard termination rights,no minimum beyond SOW baseline,RATE-HCDN-139,standard service credits,fixed or negotiated escalator,change-control ambiguity,subcontracting permitted with controls,US data residency,transition assistance to confirm,SRC-HCDN-SLA-023,SRC-HCDN-INV-035,SRC-HCDN-CO-003,LOT-HCDN-05,,,EVAL-HCDN-011,standard commercial review
CONT-HCDN-0419,VEND-HCDN-054,Synthetic Healthcare Supplier 054,AI/document automation SOW,Workplace and Contact Center,Member Services,interoperability services,2023-06-01,2028-12-31,exit rights need review,outcome-linked,withheld,standard termination rights,no minimum beyond SOW baseline,RATE-HCDN-140,standard service credits,fixed or negotiated escalator,standard change-control language,subcontracting permitted with controls,US data residency,transition assistance to confirm,SRC-HCDN-SLA-024,SRC-HCDN-INV-036,SRC-HCDN-CO-004,LOT-HCDN-06,,,EVAL-HCDN-012,standard commercial review
CONT-HCDN-0420,VEND-HCDN-061,Synthetic Healthcare Supplier 061,MSA,Security Identity and Compliance,Quality and Stars,Epic support and optimization,2020-07-01,2026-12-31,renewal within 12 months,fixed fee,exact,termination for convenience with notice,minimum annual commitment applies,RATE-HCDN-001,service credits capped and under-defined,fixed or negotiated escalator,standard change-control language,subcontractor approval required,PHI/data residency review required,transition assistance explicit,SRC-HCDN-SLA-025,SRC-HCDN-INV-037,SRC-HCDN-CO-005,LOT-HCDN-07,PROP-HCDN-01,BAFO-HCDN-01,EVAL-HCDN-013,supplier concentration
CONT-HCDN-0421,VEND-HCDN-068,Synthetic Healthcare Supplier 068,SOW,Integration and Interoperability,Risk Adjustment,claims operations,2021-08-01,2027-12-31,renewal within 24 months,T&M,range,standard termination rights,no minimum beyond SOW baseline,RATE-HCDN-002,standard service credits,fixed or negotiated escalator,standard change-control language,subcontracting permitted with controls,US data residency,transition assistance to confirm,SRC-HCDN-SLA-026,SRC-HCDN-INV-038,SRC-HCDN-CO-006,LOT-HCDN-08,,,EVAL-HCDN-014,standard commercial review
CONT-HCDN-0422,VEND-HCDN-075,Synthetic Healthcare Supplier 075,rate card,ERP and Corporate Platforms,Care Management,Medicare Advantage quality services,2022-09-01,2028-12-31,active multi-year,unit rate,indexed,standard termination rights,no minimum beyond SOW baseline,RATE-HCDN-003,standard service credits,fixed or negotiated escalator,standard change-control language,subcontracting permitted with controls,US data residency,transition assistance to confirm,SRC-HCDN-SLA-027,SRC-HCDN-INV-039,SRC-HCDN-CO-007,LOT-HCDN-09,,,EVAL-HCDN-015,standard commercial review
CONT-HCDN-0423,VEND-HCDN-082,Synthetic Healthcare Supplier 082,Epic support agreement,Clinical and Epic AMS,Finance,risk adjustment analytics,2023-01-01,2026-12-31,extension option,per member per month,trend-only,standard termination rights,no minimum beyond SOW baseline,RATE-HCDN-004,standard service credits,CPI escalator above threshold,standard change-control language,subcontracting permitted with controls,US data residency,transition assistance to confirm,SRC-HCDN-SLA-028,SRC-HCDN-INV-040,SRC-HCDN-CO-008,LOT-HCDN-01,PROP-HCDN-01,,EVAL-HCDN-016,standard commercial review
CONT-HCDN-0424,VEND-HCDN-089,Synthetic Healthcare Supplier 089,claims admin agreement,Payer Platform Operations,Coding,prior authorization operations,2020-02-01,2027-12-31,transition assistance required,per claim,withheld,termination limited during transition,no minimum beyond SOW baseline,RATE-HCDN-005,standard service credits,fixed or negotiated escalator,standard change-control language,subcontracting permitted with controls,US data residency,transition assistance explicit,SRC-HCDN-SLA-029,SRC-HCDN-INV-041,SRC-HCDN-CO-009,LOT-HCDN-02,,,EVAL-HCDN-017,high exit-term sensitivity
CONT-HCDN-0425,VEND-HCDN-096,Synthetic Healthcare Supplier 096,PBM services SOW,Data Analytics and AI,Payer Contracting,revenue-cycle outsourcing,2021-03-01,2028-12-31,exit rights need review,per encounter,exact,standard termination rights,no minimum beyond SOW baseline,RATE-HCDN-006,service credits capped and under-defined,fixed or negotiated escalator,standard change-control language,subcontracting permitted with controls,US data residency,transition assistance to confirm,SRC-HCDN-SLA-030,SRC-HCDN-INV-042,SRC-HCDN-CO-010,LOT-HCDN-03,,,EVAL-HCDN-018,standard commercial review
CONT-HCDN-0426,VEND-HCDN-103,Synthetic Healthcare Supplier 103,BPO services SOW,Revenue Cycle Technology,Digital Front Door,cloud/data platform operations,2022-04-01,2026-12-31,renewal within 12 months,consumption,range,termination for convenience with notice,no minimum beyond SOW baseline,RATE-HCDN-007,standard service credits,fixed or negotiated escalator,standard change-control language,subcontracting permitted with controls,US data residency,transition assistance to confirm,SRC-HCDN-SLA-031,SRC-HCDN-INV-043,SRC-HCDN-CO-011,LOT-HCDN-04,PROP-HCDN-01,BAFO-HCDN-01,EVAL-HCDN-019,standard commercial review
CONT-HCDN-0427,VEND-HCDN-110,Synthetic Healthcare Supplier 110,cloud commit,Cloud Infrastructure and Data Center,Contact Center,SQL Server/EDW managed services,2023-05-01,2027-12-31,renewal within 24 months,hybrid fixed plus variable,indexed,standard termination rights,minimum annual commitment applies,RATE-HCDN-008,standard service credits,fixed or negotiated escalator,standard change-control language,subcontracting permitted with controls,US data residency,transition assistance to confirm,SRC-HCDN-SLA-032,SRC-HCDN-INV-044,SRC-HCDN-CO-012,LOT-HCDN-05,,,EVAL-HCDN-020,standard commercial review
CONT-HCDN-0428,VEND-HCDN-117,Synthetic Healthcare Supplier 117,data platform subscription,Workplace and Contact Center,Ambulatory Care,contact center operations,2020-06-01,2028-12-31,active multi-year,committed spend,trend-only,standard termination rights,no minimum beyond SOW baseline,RATE-HCDN-009,standard service credits,fixed or negotiated escalator,standard change-control language,subcontracting permitted with controls,US data residency,transition assistance explicit,SRC-HCDN-SLA-033,SRC-HCDN-INV-045,SRC-HCDN-CO-013,LOT-HCDN-06,,,EVAL-HCDN-021,standard commercial review
CONT-HCDN-0429,VEND-HCDN-124,Synthetic Healthcare Supplier 124,software subscription,Security Identity and Compliance,Emergency Department,payment integrity,2021-07-01,2026-12-31,extension option,outcome-linked,withheld,standard termination rights,no minimum beyond SOW baseline,RATE-HCDN-010,standard service credits,fixed or negotiated escalator,change-control ambiguity,subcontracting permitted with controls,US data residency,transition assistance to confirm,SRC-HCDN-SLA-034,SRC-HCDN-INV-046,SRC-HCDN-CO-014,LOT-HCDN-07,PROP-HCDN-01,,EVAL-HCDN-022,standard commercial review
CONT-HCDN-0430,VEND-HCDN-131,Synthetic Healthcare Supplier 131,professional services SOW,Integration and Interoperability,Inpatient,identity/security operations,2022-08-01,2027-12-31,transition assistance required,fixed fee,exact,standard termination rights,no minimum beyond SOW baseline,RATE-HCDN-011,service credits capped and under-defined,fixed or negotiated escalator,standard change-control language,subcontracting permitted with controls,PHI/data residency review required,transition assistance to confirm,SRC-HCDN-SLA-035,SRC-HCDN-INV-047,SRC-HCDN-CO-015,LOT-HCDN-08,,,EVAL-HCDN-023,supplier concentration
CONT-HCDN-0431,VEND-HCDN-138,Synthetic Healthcare Supplier 138,maintenance agreement,ERP and Corporate Platforms,Surgery,interoperability services,2023-09-01,2028-12-31,exit rights need review,T&M,range,standard termination rights,no minimum beyond SOW baseline,RATE-HCDN-012,standard service credits,fixed or negotiated escalator,standard change-control language,subcontracting permitted with controls,US data residency,transition assistance to confirm,SRC-HCDN-SLA-036,SRC-HCDN-INV-048,SRC-HCDN-CO-016,LOT-HCDN-09,,,EVAL-HCDN-024,standard commercial review
CONT-HCDN-0432,VEND-HCDN-145,Synthetic Healthcare Supplier 145,telecom services,Clinical and Epic AMS,Imaging,Epic support and optimization,2020-01-01,2026-12-31,renewal within 12 months,unit rate,indexed,termination for convenience with notice,no minimum beyond SOW baseline,RATE-HCDN-013,standard service credits,CPI escalator above threshold,standard change-control language,subcontractor approval required,US data residency,transition assistance explicit,SRC-HCDN-SLA-001,SRC-HCDN-INV-001,SRC-HCDN-CO-017,LOT-HCDN-01,PROP-HCDN-01,BAFO-HCDN-01,EVAL-HCDN-001,high exit-term sensitivity
CONT-HCDN-0433,VEND-HCDN-152,Synthetic Healthcare Supplier 152,cybersecurity services,Payer Platform Operations,Lab,claims operations,2021-02-01,2027-12-31,renewal within 24 months,per member per month,trend-only,standard termination rights,no minimum beyond SOW baseline,RATE-HCDN-014,standard service credits,fixed or negotiated escalator,standard change-control language,subcontracting permitted with controls,US data residency,transition assistance to confirm,SRC-HCDN-SLA-002,SRC-HCDN-INV-002,SRC-HCDN-CO-018,LOT-HCDN-02,,,EVAL-HCDN-002,standard commercial review
CONT-HCDN-0434,VEND-HCDN-159,Synthetic Healthcare Supplier 159,AI/document automation SOW,Data Analytics and AI,Pharmacy,Medicare Advantage quality services,2022-03-01,2028-12-31,active multi-year,per claim,withheld,standard termination rights,minimum annual commitment applies,RATE-HCDN-015,standard service credits,fixed or negotiated escalator,standard change-control language,subcontracting permitted with controls,US data residency,transition assistance to confirm,SRC-HCDN-SLA-003,SRC-HCDN-INV-003,SRC-HCDN-CO-019,LOT-HCDN-03,,,EVAL-HCDN-003,standard commercial review
CONT-HCDN-0435,VEND-HCDN-166,Synthetic Healthcare Supplier 166,MSA,Revenue Cycle Technology,Oncology,risk adjustment analytics,2023-04-01,2026-12-31,extension option,per encounter,exact,standard termination rights,no minimum beyond SOW baseline,RATE-HCDN-016,service credits capped and under-defined,fixed or negotiated escalator,standard change-control language,subcontracting permitted with controls,US data residency,transition assistance to confirm,SRC-HCDN-SLA-004,SRC-HCDN-INV-004,SRC-HCDN-CO-020,LOT-HCDN-04,PROP-HCDN-01,,EVAL-HCDN-004,standard commercial review
CONT-HCDN-0436,VEND-HCDN-173,Synthetic Healthcare Supplier 173,SOW,Cloud Infrastructure and Data Center,Cardiology,prior authorization operations,2020-05-01,2027-12-31,transition assistance required,consumption,range,standard termination rights,no minimum beyond SOW baseline,RATE-HCDN-017,standard service credits,fixed or negotiated escalator,standard change-control language,subcontracting permitted with controls,US data residency,transition assistance explicit,SRC-HCDN-SLA-005,SRC-HCDN-INV-005,SRC-HCDN-CO-021,LOT-HCDN-05,,,EVAL-HCDN-005,standard commercial review
CONT-HCDN-0437,VEND-HCDN-180,Synthetic Healthcare Supplier 180,rate card,Workplace and Contact Center,Data and Analytics,revenue-cycle outsourcing,2021-06-01,2028-12-31,exit rights need review,hybrid fixed plus variable,indexed,standard termination rights,no minimum beyond SOW baseline,RATE-HCDN-018,standard service credits,fixed or negotiated escalator,standard change-control language,subcontracting permitted with controls,US data residency,transition assistance to confirm,SRC-HCDN-SLA-006,SRC-HCDN-INV-006,SRC-HCDN-CO-022,LOT-HCDN-06,,,EVAL-HCDN-006,standard commercial review
CONT-HCDN-0438,VEND-HCDN-187,Synthetic Healthcare Supplier 187,Epic support agreement,Security Identity and Compliance,Clinical Analytics,cloud/data platform operations,2022-07-01,2026-12-31,renewal within 12 months,committed spend,trend-only,termination for convenience with notice,no minimum beyond SOW baseline,RATE-HCDN-019,standard service credits,fixed or negotiated escalator,standard change-control language,subcontracting permitted with controls,US data residency,transition assistance to confirm,SRC-HCDN-SLA-007,SRC-HCDN-INV-007,SRC-HCDN-CO-023,LOT-HCDN-07,PROP-HCDN-01,BAFO-HCDN-01,EVAL-HCDN-007,standard commercial review
CONT-HCDN-0439,VEND-HCDN-194,Synthetic Healthcare Supplier 194,claims admin agreement,Integration and Interoperability,Actuarial,SQL Server/EDW managed services,2023-08-01,2027-12-31,renewal within 24 months,outcome-linked,withheld,standard termination rights,no minimum beyond SOW baseline,RATE-HCDN-020,standard service credits,fixed or negotiated escalator,standard change-control language,subcontracting permitted with controls,US data residency,transition assistance to confirm,SRC-HCDN-SLA-008,SRC-HCDN-INV-008,SRC-HCDN-CO-024,LOT-HCDN-08,,,EVAL-HCDN-008,standard commercial review
CONT-HCDN-0440,VEND-HCDN-201,Synthetic Healthcare Supplier 201,PBM services SOW,ERP and Corporate Platforms,Departmental Reporting,contact center operations,2020-09-01,2028-12-31,active multi-year,fixed fee,exact,termination limited during transition,no minimum beyond SOW baseline,RATE-HCDN-021,service credits capped and under-defined,fixed or negotiated escalator,change-control ambiguity,subcontracting permitted with controls,PHI/data residency review required,transition assistance explicit,SRC-HCDN-SLA-009,SRC-HCDN-INV-009,SRC-HCDN-CO-025,LOT-HCDN-09,,,EVAL-HCDN-009,high exit-term sensitivity
CONT-HCDN-0441,VEND-HCDN-208,Synthetic Healthcare Supplier 208,BPO services SOW,Clinical and Epic AMS,AI Transformation,payment integrity,2021-01-01,2026-12-31,extension option,T&M,range,standard termination rights,minimum annual commitment applies,RATE-HCDN-022,standard service credits,CPI escalator above threshold,standard change-control language,subcontracting permitted with controls,US data residency,transition assistance to confirm,SRC-HCDN-SLA-010,SRC-HCDN-INV-010,SRC-HCDN-CO-026,LOT-HCDN-01,PROP-HCDN-01,,EVAL-HCDN-010,standard commercial review
CONT-HCDN-0442,VEND-HCDN-215,Synthetic Healthcare Supplier 215,cloud commit,Payer Platform Operations,Technology,identity/security operations,2022-02-01,2027-12-31,transition assistance required,unit rate,indexed,standard termination rights,no minimum beyond SOW baseline,RATE-HCDN-023,standard service credits,fixed or negotiated escalator,standard change-control language,subcontracting permitted with controls,US data residency,transition assistance to confirm,SRC-HCDN-SLA-011,SRC-HCDN-INV-011,SRC-HCDN-CO-027,LOT-HCDN-02,,,EVAL-HCDN-011,standard commercial review
CONT-HCDN-0443,VEND-HCDN-222,Synthetic Healthcare Supplier 222,data platform subscription,Data Analytics and AI,Security,interoperability services,2023-03-01,2028-12-31,exit rights need review,per member per month,trend-only,standard termination rights,no minimum beyond SOW baseline,RATE-HCDN-024,standard service credits,fixed or negotiated escalator,standard change-control language,subcontracting permitted with controls,US data residency,transition assistance to confirm,SRC-HCDN-SLA-012,SRC-HCDN-INV-012,SRC-HCDN-CO-028,LOT-HCDN-03,,,EVAL-HCDN-012,standard commercial review
CONT-HCDN-0444,VEND-HCDN-229,Synthetic Healthcare Supplier 229,software subscription,Revenue Cycle Technology,Procurement,Epic support and optimization,2020-04-01,2026-12-31,renewal within 12 months,per claim,withheld,termination for convenience with notice,no minimum beyond SOW baseline,RATE-HCDN-025,standard service credits,fixed or negotiated escalator,standard change-control language,subcontractor approval required,US data residency,transition assistance explicit,SRC-HCDN-SLA-013,SRC-HCDN-INV-013,SRC-HCDN-CO-029,LOT-HCDN-04,PROP-HCDN-01,BAFO-HCDN-01,EVAL-HCDN-013,standard commercial review
CONT-HCDN-0445,VEND-HCDN-236,Synthetic Healthcare Supplier 236,professional services SOW,Cloud Infrastructure and Data Center,HR,claims operations,2021-05-01,2027-12-31,renewal within 24 months,per encounter,exact,standard termination rights,no minimum beyond SOW baseline,RATE-HCDN-026,service credits capped and under-defined,fixed or negotiated escalator,standard change-control language,subcontracting permitted with controls,US data residency,transition assistance to confirm,SRC-HCDN-SLA-014,SRC-HCDN-INV-014,SRC-HCDN-CO-030,LOT-HCDN-05,,,EVAL-HCDN-014,standard commercial review
CONT-HCDN-0446,VEND-HCDN-243,Synthetic Healthcare Supplier 243,maintenance agreement,Workplace and Contact Center,Supply Chain,Medicare Advantage quality services,2022-06-01,2028-12-31,active multi-year,consumption,range,standard termination rights,no minimum beyond SOW baseline,RATE-HCDN-027,standard service credits,fixed or negotiated escalator,standard change-control language,subcontracting permitted with controls,US data residency,transition assistance to confirm,SRC-HCDN-SLA-015,SRC-HCDN-INV-015,SRC-HCDN-CO-031,LOT-HCDN-06,,,EVAL-HCDN-015,standard commercial review
CONT-HCDN-0447,VEND-HCDN-250,Synthetic Healthcare Supplier 250,telecom services,Security Identity and Compliance,Privacy,risk adjustment analytics,2023-07-01,2026-12-31,extension option,hybrid fixed plus variable,indexed,standard termination rights,no minimum beyond SOW baseline,RATE-HCDN-028,standard service credits,fixed or negotiated escalator,standard change-control language,subcontracting permitted with controls,US data residency,transition assistance to confirm,SRC-HCDN-SLA-016,SRC-HCDN-INV-016,SRC-HCDN-CO-032,LOT-HCDN-07,PROP-HCDN-01,,EVAL-HCDN-016,standard commercial review
CONT-HCDN-0448,VEND-HCDN-257,Synthetic Healthcare Supplier 257,cybersecurity services,Integration and Interoperability,Compliance,prior authorization operations,2020-08-01,2027-12-31,transition assistance required,committed spend,trend-only,termination limited during transition,minimum annual commitment applies,RATE-HCDN-029,standard service credits,fixed or negotiated escalator,standard change-control language,subcontracting permitted with controls,US data residency,transition assistance explicit,SRC-HCDN-SLA-017,SRC-HCDN-INV-017,SRC-HCDN-CO-033,LOT-HCDN-08,,,EVAL-HCDN-017,high exit-term sensitivity
CONT-HCDN-0449,VEND-HCDN-264,Synthetic Healthcare Supplier 264,AI/document automation SOW,ERP and Corporate Platforms,Provider Network,revenue-cycle outsourcing,2021-09-01,2028-12-31,exit rights need review,outcome-linked,withheld,standard termination rights,no minimum beyond SOW baseline,RATE-HCDN-030,standard service credits,fixed or negotiated escalator,standard change-control language,subcontracting permitted with controls,US data residency,transition assistance to confirm,SRC-HCDN-SLA-018,SRC-HCDN-INV-018,SRC-HCDN-CO-034,LOT-HCDN-09,,,EVAL-HCDN-018,standard commercial review
CONT-HCDN-0450,VEND-HCDN-271,Synthetic Healthcare Supplier 271,MSA,Clinical and Epic AMS,Value-Based Care,cloud/data platform operations,2022-01-01,2026-12-31,renewal within 12 months,fixed fee,exact,termination for convenience with notice,no minimum beyond SOW baseline,RATE-HCDN-031,service credits capped and under-defined,CPI escalator above threshold,standard change-control language,subcontracting permitted with controls,PHI/data residency review required,transition assistance to confirm,SRC-HCDN-SLA-019,SRC-HCDN-INV-019,SRC-HCDN-CO-035,LOT-HCDN-01,PROP-HCDN-01,BAFO-HCDN-01,EVAL-HCDN-019,supplier concentration
CONT-HCDN-0451,VEND-HCDN-278,Synthetic Healthcare Supplier 278,SOW,Payer Platform Operations,Clinical Operations,SQL Server/EDW managed services,2023-02-01,2027-12-31,renewal within 24 months,T&M,range,standard termination rights,no minimum beyond SOW baseline,RATE-HCDN-032,standard service credits,fixed or negotiated escalator,change-control ambiguity,subcontracting permitted with controls,US data residency,transition assistance to confirm,SRC-HCDN-SLA-020,SRC-HCDN-INV-020,SRC-HCDN-CO-036,LOT-HCDN-02,,,EVAL-HCDN-020,standard commercial review
CONT-HCDN-0452,VEND-HCDN-285,Synthetic Healthcare Supplier 285,rate card,Data Analytics and AI,Revenue Cycle,contact center operations,2020-03-01,2028-12-31,active multi-year,unit rate,indexed,standard termination rights,no minimum beyond SOW baseline,RATE-HCDN-033,standard service credits,fixed or negotiated escalator,standard change-control language,subcontracting permitted with controls,US data residency,transition assistance explicit,SRC-HCDN-SLA-021,SRC-HCDN-INV-021,SRC-HCDN-CO-037,LOT-HCDN-03,,,EVAL-HCDN-021,standard commercial review
CONT-HCDN-0453,VEND-HCDN-292,Synthetic Healthcare Supplier 292,Epic support agreement,Revenue Cycle Technology,Patient Access,payment integrity,2021-04-01,2026-12-31,extension option,per member per month,trend-only,standard termination rights,no minimum beyond SOW baseline,RATE-HCDN-034,standard service credits,fixed or negotiated escalator,standard change-control language,subcontracting permitted with controls,US data residency,transition assistance to confirm,SRC-HCDN-SLA-022,SRC-HCDN-INV-022,SRC-HCDN-CO-038,LOT-HCDN-04,PROP-HCDN-01,,EVAL-HCDN-022,standard commercial review
CONT-HCDN-0454,VEND-HCDN-299,Synthetic Healthcare Supplier 299,claims admin agreement,Cloud Infrastructure and Data Center,Interoperability,identity/security operations,2022-05-01,2027-12-31,transition assistance required,per claim,withheld,standard termination rights,no minimum beyond SOW baseline,RATE-HCDN-035,standard service credits,fixed or negotiated escalator,standard change-control language,subcontracting permitted with controls,US data residency,transition assistance to confirm,SRC-HCDN-SLA-023,SRC-HCDN-INV-023,SRC-HCDN-CO-039,LOT-HCDN-05,,,EVAL-HCDN-023,standard commercial review
CONT-HCDN-0455,VEND-HCDN-306,Synthetic Healthcare Supplier 306,PBM services SOW,Workplace and Contact Center,Population Health,interoperability services,2023-06-01,2028-12-31,exit rights need review,per encounter,exact,standard termination rights,minimum annual commitment applies,RATE-HCDN-036,service credits capped and under-defined,fixed or negotiated escalator,standard change-control language,subcontracting permitted with controls,US data residency,transition assistance to confirm,SRC-HCDN-SLA-024,SRC-HCDN-INV-024,SRC-HCDN-CO-040,LOT-HCDN-06,,,EVAL-HCDN-024,standard commercial review
CONT-HCDN-0456,VEND-HCDN-313,Synthetic Healthcare Supplier 313,BPO services SOW,Security Identity and Compliance,Health Plan Operations,Epic support and optimization,2020-07-01,2026-12-31,renewal within 12 months,consumption,range,termination for convenience with notice,no minimum beyond SOW baseline,RATE-HCDN-037,standard service credits,fixed or negotiated escalator,standard change-control language,subcontractor approval required,US data residency,transition assistance explicit,SRC-HCDN-SLA-025,SRC-HCDN-INV-025,SRC-HCDN-CO-041,LOT-HCDN-07,PROP-HCDN-01,BAFO-HCDN-01,EVAL-HCDN-001,high exit-term sensitivity
CONT-HCDN-0457,VEND-HCDN-320,Synthetic Healthcare Supplier 320,cloud commit,Integration and Interoperability,Medicare Advantage,claims operations,2021-08-01,2027-12-31,renewal within 24 months,hybrid fixed plus variable,indexed,standard termination rights,no minimum beyond SOW baseline,RATE-HCDN-038,standard service credits,fixed or negotiated escalator,standard change-control language,subcontracting permitted with controls,US data residency,transition assistance to confirm,SRC-HCDN-SLA-026,SRC-HCDN-INV-026,SRC-HCDN-CO-042,LOT-HCDN-08,,,EVAL-HCDN-002,standard commercial review
CONT-HCDN-0458,VEND-HCDN-327,Synthetic Healthcare Supplier 327,data platform subscription,ERP and Corporate Platforms,Claims Operations,Medicare Advantage quality services,2022-09-01,2028-12-31,active multi-year,committed spend,trend-only,standard termination rights,no minimum beyond SOW baseline,RATE-HCDN-039,standard service credits,fixed or negotiated escalator,standard change-control language,subcontracting permitted with controls,US data residency,transition assistance to confirm,SRC-HCDN-SLA-027,SRC-HCDN-INV-027,SRC-HCDN-CO-043,LOT-HCDN-09,,,EVAL-HCDN-003,standard commercial review
CONT-HCDN-0459,VEND-HCDN-334,Synthetic Healthcare Supplier 334,software subscription,Clinical and Epic AMS,Utilization Management,risk adjustment analytics,2023-01-01,2026-12-31,extension option,outcome-linked,withheld,standard termination rights,no minimum beyond SOW baseline,RATE-HCDN-040,standard service credits,CPI escalator above threshold,standard change-control language,subcontracting permitted with controls,US data residency,transition assistance to confirm,SRC-HCDN-SLA-028,SRC-HCDN-INV-028,SRC-HCDN-CO-044,LOT-HCDN-01,PROP-HCDN-01,,EVAL-HCDN-004,standard commercial review
CONT-HCDN-0460,VEND-HCDN-341,Synthetic Healthcare Supplier 341,professional services SOW,Payer Platform Operations,Member Services,prior authorization operations,2020-02-01,2027-12-31,transition assistance required,fixed fee,exact,standard termination rights,no minimum beyond SOW baseline,RATE-HCDN-041,service credits capped and under-defined,fixed or negotiated escalator,standard change-control language,subcontracting permitted with controls,PHI/data residency review required,transition assistance explicit,SRC-HCDN-SLA-029,SRC-HCDN-INV-029,SRC-HCDN-CO-045,LOT-HCDN-02,,,EVAL-HCDN-005,supplier concentration
CONT-HCDN-0461,VEND-HCDN-348,Synthetic Healthcare Supplier 348,maintenance agreement,Data Analytics and AI,Quality and Stars,revenue-cycle outsourcing,2021-03-01,2028-12-31,exit rights need review,T&M,range,standard termination rights,no minimum beyond SOW baseline,RATE-HCDN-042,standard service credits,fixed or negotiated escalator,standard change-control language,subcontracting permitted with controls,US data residency,transition assistance to confirm,SRC-HCDN-SLA-030,SRC-HCDN-INV-030,SRC-HCDN-CO-046,LOT-HCDN-03,,,EVAL-HCDN-006,standard commercial review
CONT-HCDN-0462,VEND-HCDN-355,Synthetic Healthcare Supplier 355,telecom services,Revenue Cycle Technology,Risk Adjustment,cloud/data platform operations,2022-04-01,2026-12-31,renewal within 12 months,unit rate,indexed,termination for convenience with notice,minimum annual commitment applies,RATE-HCDN-043,standard service credits,fixed or negotiated escalator,change-control ambiguity,subcontracting permitted with controls,US data residency,transition assistance to confirm,SRC-HCDN-SLA-031,SRC-HCDN-INV-031,SRC-HCDN-CO-047,LOT-HCDN-04,PROP-HCDN-01,BAFO-HCDN-01,EVAL-HCDN-007,standard commercial review
CONT-HCDN-0463,VEND-HCDN-362,Synthetic Healthcare Supplier 362,cybersecurity services,Cloud Infrastructure and Data Center,Care Management,SQL Server/EDW managed services,2023-05-01,2027-12-31,renewal within 24 months,per member per month,trend-only,standard termination rights,no minimum beyond SOW baseline,RATE-HCDN-044,standard service credits,fixed or negotiated escalator,standard change-control language,subcontracting permitted with controls,US data residency,transition assistance to confirm,SRC-HCDN-SLA-032,SRC-HCDN-INV-032,SRC-HCDN-CO-048,LOT-HCDN-05,,,EVAL-HCDN-008,standard commercial review
CONT-HCDN-0464,VEND-HCDN-369,Synthetic Healthcare Supplier 369,AI/document automation SOW,Workplace and Contact Center,Finance,contact center operations,2020-06-01,2028-12-31,active multi-year,per claim,withheld,termination limited during transition,no minimum beyond SOW baseline,RATE-HCDN-045,standard service credits,fixed or negotiated escalator,standard change-control language,subcontracting permitted with controls,US data residency,transition assistance explicit,SRC-HCDN-SLA-033,SRC-HCDN-INV-033,SRC-HCDN-CO-049,LOT-HCDN-06,,,EVAL-HCDN-009,high exit-term sensitivity
CONT-HCDN-0465,VEND-HCDN-376,Synthetic Healthcare Supplier 376,MSA,Security Identity and Compliance,Coding,payment integrity,2021-07-01,2026-12-31,extension option,per encounter,exact,standard termination rights,no minimum beyond SOW baseline,RATE-HCDN-046,service credits capped and under-defined,fixed or negotiated escalator,standard change-control language,subcontracting permitted with controls,US data residency,transition assistance to confirm,SRC-HCDN-SLA-034,SRC-HCDN-INV-034,SRC-HCDN-CO-050,LOT-HCDN-07,PROP-HCDN-01,,EVAL-HCDN-010,standard commercial review
CONT-HCDN-0466,VEND-HCDN-383,Synthetic Healthcare Supplier 383,SOW,Integration and Interoperability,Payer Contracting,identity/security operations,2022-08-01,2027-12-31,transition assistance required,consumption,range,standard termination rights,no minimum beyond SOW baseline,RATE-HCDN-047,standard service credits,fixed or negotiated escalator,standard change-control language,subcontracting permitted with controls,US data residency,transition assistance to confirm,SRC-HCDN-SLA-035,SRC-HCDN-INV-035,SRC-HCDN-CO-051,LOT-HCDN-08,,,EVAL-HCDN-011,standard commercial review
CONT-HCDN-0467,VEND-HCDN-390,Synthetic Healthcare Supplier 390,rate card,ERP and Corporate Platforms,Digital Front Door,interoperability services,2023-09-01,2028-12-31,exit rights need review,hybrid fixed plus variable,indexed,standard termination rights,no minimum beyond SOW baseline,RATE-HCDN-048,standard service credits,fixed or negotiated escalator,standard change-control language,subcontracting permitted with controls,US data residency,transition assistance to confirm,SRC-HCDN-SLA-036,SRC-HCDN-INV-036,SRC-HCDN-CO-052,LOT-HCDN-09,,,EVAL-HCDN-012,standard commercial review
CONT-HCDN-0468,VEND-HCDN-397,Synthetic Healthcare Supplier 397,Epic support agreement,Clinical and Epic AMS,Contact Center,Epic support and optimization,2020-01-01,2026-12-31,renewal within 12 months,committed spend,trend-only,termination for convenience with notice,no minimum beyond SOW baseline,RATE-HCDN-049,standard service credits,CPI escalator above threshold,standard change-control language,subcontractor approval required,US data residency,transition assistance explicit,SRC-HCDN-SLA-001,SRC-HCDN-INV-037,SRC-HCDN-CO-001,LOT-HCDN-01,PROP-HCDN-01,BAFO-HCDN-01,EVAL-HCDN-013,standard commercial review
CONT-HCDN-0469,VEND-HCDN-404,Synthetic Healthcare Supplier 404,claims admin agreement,Payer Platform Operations,Ambulatory Care,claims operations,2021-02-01,2027-12-31,renewal within 24 months,outcome-linked,withheld,standard termination rights,minimum annual commitment applies,RATE-HCDN-050,standard service credits,fixed or negotiated escalator,standard change-control language,subcontracting permitted with controls,US data residency,transition assistance to confirm,SRC-HCDN-SLA-002,SRC-HCDN-INV-038,SRC-HCDN-CO-002,LOT-HCDN-02,,,EVAL-HCDN-014,standard commercial review
CONT-HCDN-0470,VEND-HCDN-411,Synthetic Healthcare Supplier 411,PBM services SOW,Data Analytics and AI,Emergency Department,Medicare Advantage quality services,2022-03-01,2028-12-31,active multi-year,fixed fee,exact,standard termination rights,no minimum beyond SOW baseline,RATE-HCDN-051,service credits capped and under-defined,fixed or negotiated escalator,standard change-control language,subcontracting permitted with controls,PHI/data residency review required,transition assistance to confirm,SRC-HCDN-SLA-003,SRC-HCDN-INV-039,SRC-HCDN-CO-003,LOT-HCDN-03,,,EVAL-HCDN-015,supplier concentration
CONT-HCDN-0471,VEND-HCDN-418,Synthetic Healthcare Supplier 418,BPO services SOW,Revenue Cycle Technology,Inpatient,risk adjustment analytics,2023-04-01,2026-12-31,extension option,T&M,range,standard termination rights,no minimum beyond SOW baseline,RATE-HCDN-052,standard service credits,fixed or negotiated escalator,standard change-control language,subcontracting permitted with controls,US data residency,transition assistance to confirm,SRC-HCDN-SLA-004,SRC-HCDN-INV-040,SRC-HCDN-CO-004,LOT-HCDN-04,PROP-HCDN-01,,EVAL-HCDN-016,standard commercial review
CONT-HCDN-0472,VEND-HCDN-425,Synthetic Healthcare Supplier 425,cloud commit,Cloud Infrastructure and Data Center,Surgery,prior authorization operations,2020-05-01,2027-12-31,transition assistance required,unit rate,indexed,termination limited during transition,no minimum beyond SOW baseline,RATE-HCDN-053,standard service credits,fixed or negotiated escalator,standard change-control language,subcontracting permitted with controls,US data residency,transition assistance explicit,SRC-HCDN-SLA-005,SRC-HCDN-INV-041,SRC-HCDN-CO-005,LOT-HCDN-05,,,EVAL-HCDN-017,high exit-term sensitivity
CONT-HCDN-0473,VEND-HCDN-432,Synthetic Healthcare Supplier 432,data platform subscription,Workplace and Contact Center,Imaging,revenue-cycle outsourcing,2021-06-01,2028-12-31,exit rights need review,per member per month,trend-only,standard termination rights,no minimum beyond SOW baseline,RATE-HCDN-054,standard service credits,fixed or negotiated escalator,change-control ambiguity,subcontracting permitted with controls,US data residency,transition assistance to confirm,SRC-HCDN-SLA-006,SRC-HCDN-INV-042,SRC-HCDN-CO-006,LOT-HCDN-06,,,EVAL-HCDN-018,standard commercial review
CONT-HCDN-0474,VEND-HCDN-439,Synthetic Healthcare Supplier 439,software subscription,Security Identity and Compliance,Lab,cloud/data platform operations,2022-07-01,2026-12-31,renewal within 12 months,per claim,withheld,termination for convenience with notice,no minimum beyond SOW baseline,RATE-HCDN-055,standard service credits,fixed or negotiated escalator,standard change-control language,subcontracting permitted with controls,US data residency,transition assistance to confirm,SRC-HCDN-SLA-007,SRC-HCDN-INV-043,SRC-HCDN-CO-007,LOT-HCDN-07,PROP-HCDN-01,BAFO-HCDN-01,EVAL-HCDN-019,standard commercial review
CONT-HCDN-0475,VEND-HCDN-446,Synthetic Healthcare Supplier 446,professional services SOW,Integration and Interoperability,Pharmacy,SQL Server/EDW managed services,2023-08-01,2027-12-31,renewal within 24 months,per encounter,exact,standard termination rights,no minimum beyond SOW baseline,RATE-HCDN-056,service credits capped and under-defined,fixed or negotiated escalator,standard change-control language,subcontracting permitted with controls,US data residency,transition assistance to confirm,SRC-HCDN-SLA-008,SRC-HCDN-INV-044,SRC-HCDN-CO-008,LOT-HCDN-08,,,EVAL-HCDN-020,standard commercial review
CONT-HCDN-0476,VEND-HCDN-453,Synthetic Healthcare Supplier 453,maintenance agreement,ERP and Corporate Platforms,Oncology,contact center operations,2020-09-01,2028-12-31,active multi-year,consumption,range,standard termination rights,minimum annual commitment applies,RATE-HCDN-057,standard service credits,fixed or negotiated escalator,standard change-control language,subcontracting permitted with controls,US data residency,transition assistance explicit,SRC-HCDN-SLA-009,SRC-HCDN-INV-045,SRC-HCDN-CO-009,LOT-HCDN-09,,,EVAL-HCDN-021,standard commercial review
CONT-HCDN-0477,VEND-HCDN-460,Synthetic Healthcare Supplier 460,telecom services,Clinical and Epic AMS,Cardiology,payment integrity,2021-01-01,2026-12-31,extension option,hybrid fixed plus variable,indexed,standard termination rights,no minimum beyond SOW baseline,RATE-HCDN-058,standard service credits,CPI escalator above threshold,standard change-control language,subcontracting permitted with controls,US data residency,transition assistance to confirm,SRC-HCDN-SLA-010,SRC-HCDN-INV-046,SRC-HCDN-CO-010,LOT-HCDN-01,PROP-HCDN-01,,EVAL-HCDN-022,standard commercial review
CONT-HCDN-0478,VEND-HCDN-467,Synthetic Healthcare Supplier 467,cybersecurity services,Payer Platform Operations,Data and Analytics,identity/security operations,2022-02-01,2027-12-31,transition assistance required,committed spend,trend-only,standard termination rights,no minimum beyond SOW baseline,RATE-HCDN-059,standard service credits,fixed or negotiated escalator,standard change-control language,subcontracting permitted with controls,US data residency,transition assistance to confirm,SRC-HCDN-SLA-011,SRC-HCDN-INV-047,SRC-HCDN-CO-011,LOT-HCDN-02,,,EVAL-HCDN-023,standard commercial review
CONT-HCDN-0479,VEND-HCDN-474,Synthetic Healthcare Supplier 474,AI/document automation SOW,Data Analytics and AI,Clinical Analytics,interoperability services,2023-03-01,2028-12-31,exit rights need review,outcome-linked,withheld,standard termination rights,no minimum beyond SOW baseline,RATE-HCDN-060,standard service credits,fixed or negotiated escalator,standard change-control language,subcontracting permitted with controls,US data residency,transition assistance to confirm,SRC-HCDN-SLA-012,SRC-HCDN-INV-048,SRC-HCDN-CO-012,LOT-HCDN-03,,,EVAL-HCDN-024,standard commercial review
CONT-HCDN-0480,VEND-HCDN-001,Synthetic Healthcare Supplier 001,MSA,Revenue Cycle Technology,Actuarial,Epic support and optimization,2020-04-01,2026-12-31,renewal within 12 months,fixed fee,exact,termination for convenience with notice,no minimum beyond SOW baseline,RATE-HCDN-061,service credits capped and under-defined,fixed or negotiated escalator,standard change-control language,subcontractor approval required,PHI/data residency review required,transition assistance explicit,SRC-HCDN-SLA-013,SRC-HCDN-INV-001,SRC-HCDN-CO-013,LOT-HCDN-04,PROP-HCDN-01,BAFO-HCDN-01,EVAL-HCDN-001,high exit-term sensitivity
CONT-HCDN-0481,VEND-HCDN-008,Synthetic Healthcare Supplier 008,SOW,Cloud Infrastructure and Data Center,Departmental Reporting,claims operations,2021-05-01,2027-12-31,renewal within 24 months,T&M,range,standard termination rights,no minimum beyond SOW baseline,RATE-HCDN-062,standard service credits,fixed or negotiated escalator,standard change-control language,subcontracting permitted with controls,US data residency,transition assistance to confirm,SRC-HCDN-SLA-014,SRC-HCDN-INV-002,SRC-HCDN-CO-014,LOT-HCDN-05,,,EVAL-HCDN-002,standard commercial review
CONT-HCDN-0482,VEND-HCDN-015,Synthetic Healthcare Supplier 015,rate card,Workplace and Contact Center,AI Transformation,Medicare Advantage quality services,2022-06-01,2028-12-31,active multi-year,unit rate,indexed,standard termination rights,no minimum beyond SOW baseline,RATE-HCDN-063,standard service credits,fixed or negotiated escalator,standard change-control language,subcontracting permitted with controls,US data residency,transition assistance to confirm,SRC-HCDN-SLA-015,SRC-HCDN-INV-003,SRC-HCDN-CO-015,LOT-HCDN-06,,,EVAL-HCDN-003,standard commercial review
CONT-HCDN-0483,VEND-HCDN-022,Synthetic Healthcare Supplier 022,Epic support agreement,Security Identity and Compliance,Technology,risk adjustment analytics,2023-07-01,2026-12-31,extension option,per member per month,trend-only,standard termination rights,minimum annual commitment applies,RATE-HCDN-064,standard service credits,fixed or negotiated escalator,standard change-control language,subcontracting permitted with controls,US data residency,transition assistance to confirm,SRC-HCDN-SLA-016,SRC-HCDN-INV-004,SRC-HCDN-CO-016,LOT-HCDN-07,PROP-HCDN-01,,EVAL-HCDN-004,standard commercial review
CONT-HCDN-0484,VEND-HCDN-029,Synthetic Healthcare Supplier 029,claims admin agreement,Integration and Interoperability,Security,prior authorization operations,2020-08-01,2027-12-31,transition assistance required,per claim,withheld,standard termination rights,no minimum beyond SOW baseline,RATE-HCDN-065,standard service credits,fixed or negotiated escalator,change-control ambiguity,subcontracting permitted with controls,US data residency,transition assistance explicit,SRC-HCDN-SLA-017,SRC-HCDN-INV-005,SRC-HCDN-CO-017,LOT-HCDN-08,,,EVAL-HCDN-005,standard commercial review
CONT-HCDN-0485,VEND-HCDN-036,Synthetic Healthcare Supplier 036,PBM services SOW,ERP and Corporate Platforms,Procurement,revenue-cycle outsourcing,2021-09-01,2028-12-31,exit rights need review,per encounter,exact,standard termination rights,no minimum beyond SOW baseline,RATE-HCDN-066,service credits capped and under-defined,fixed or negotiated escalator,standard change-control language,subcontracting permitted with controls,US data residency,transition assistance to confirm,SRC-HCDN-SLA-018,SRC-HCDN-INV-006,SRC-HCDN-CO-018,LOT-HCDN-09,,,EVAL-HCDN-006,standard commercial review
CONT-HCDN-0486,VEND-HCDN-043,Synthetic Healthcare Supplier 043,BPO services SOW,Clinical and Epic AMS,HR,cloud/data platform operations,2022-01-01,2026-12-31,renewal within 12 months,consumption,range,termination for convenience with notice,no minimum beyond SOW baseline,RATE-HCDN-067,standard service credits,CPI escalator above threshold,standard change-control language,subcontracting permitted with controls,US data residency,transition assistance to confirm,SRC-HCDN-SLA-019,SRC-HCDN-INV-007,SRC-HCDN-CO-019,LOT-HCDN-01,PROP-HCDN-01,BAFO-HCDN-01,EVAL-HCDN-007,standard commercial review
CONT-HCDN-0487,VEND-HCDN-050,Synthetic Healthcare Supplier 050,cloud commit,Payer Platform Operations,Supply Chain,SQL Server/EDW managed services,2023-02-01,2027-12-31,renewal within 24 months,hybrid fixed plus variable,indexed,standard termination rights,no minimum beyond SOW baseline,RATE-HCDN-068,standard service credits,fixed or negotiated escalator,standard change-control language,subcontracting permitted with controls,US data residency,transition assistance to confirm,SRC-HCDN-SLA-020,SRC-HCDN-INV-008,SRC-HCDN-CO-020,LOT-HCDN-02,,,EVAL-HCDN-008,standard commercial review
CONT-HCDN-0488,VEND-HCDN-057,Synthetic Healthcare Supplier 057,data platform subscription,Data Analytics and AI,Privacy,contact center operations,2020-03-01,2028-12-31,active multi-year,committed spend,trend-only,termination limited during transition,no minimum beyond SOW baseline,RATE-HCDN-069,standard service credits,fixed or negotiated escalator,standard change-control language,subcontracting permitted with controls,US data residency,transition assistance explicit,SRC-HCDN-SLA-021,SRC-HCDN-INV-009,SRC-HCDN-CO-021,LOT-HCDN-03,,,EVAL-HCDN-009,high exit-term sensitivity
CONT-HCDN-0489,VEND-HCDN-064,Synthetic Healthcare Supplier 064,software subscription,Revenue Cycle Technology,Compliance,payment integrity,2021-04-01,2026-12-31,extension option,outcome-linked,withheld,standard termination rights,no minimum beyond SOW baseline,RATE-HCDN-070,standard service credits,fixed or negotiated escalator,standard change-control language,subcontracting permitted with controls,US data residency,transition assistance to confirm,SRC-HCDN-SLA-022,SRC-HCDN-INV-010,SRC-HCDN-CO-022,LOT-HCDN-04,PROP-HCDN-01,,EVAL-HCDN-010,standard commercial review
CONT-HCDN-0490,VEND-HCDN-071,Synthetic Healthcare Supplier 071,professional services SOW,Cloud Infrastructure and Data Center,Provider Network,identity/security operations,2022-05-01,2027-12-31,transition assistance required,fixed fee,exact,standard termination rights,minimum annual commitment applies,RATE-HCDN-071,service credits capped and under-defined,fixed or negotiated escalator,standard change-control language,subcontracting permitted with controls,PHI/data residency review required,transition assistance to confirm,SRC-HCDN-SLA-023,SRC-HCDN-INV-011,SRC-HCDN-CO-023,LOT-HCDN-05,,,EVAL-HCDN-011,supplier concentration
CONT-HCDN-0491,VEND-HCDN-078,Synthetic Healthcare Supplier 078,maintenance agreement,Workplace and Contact Center,Value-Based Care,interoperability services,2023-06-01,2028-12-31,exit rights need review,T&M,range,standard termination rights,no minimum beyond SOW baseline,RATE-HCDN-072,standard service credits,fixed or negotiated escalator,standard change-control language,subcontracting permitted with controls,US data residency,transition assistance to confirm,SRC-HCDN-SLA-024,SRC-HCDN-INV-012,SRC-HCDN-CO-024,LOT-HCDN-06,,,EVAL-HCDN-012,standard commercial review
CONT-HCDN-0492,VEND-HCDN-085,Synthetic Healthcare Supplier 085,telecom services,Security Identity and Compliance,Clinical Operations,Epic support and optimization,2020-07-01,2026-12-31,renewal within 12 months,unit rate,indexed,termination for convenience with notice,no minimum beyond SOW baseline,RATE-HCDN-073,standard service credits,fixed or negotiated escalator,standard change-control language,subcontractor approval required,US data residency,transition assistance explicit,SRC-HCDN-SLA-025,SRC-HCDN-INV-013,SRC-HCDN-CO-025,LOT-HCDN-07,PROP-HCDN-01,BAFO-HCDN-01,EVAL-HCDN-013,standard commercial review
CONT-HCDN-0493,VEND-HCDN-092,Synthetic Healthcare Supplier 092,cybersecurity services,Integration and Interoperability,Revenue Cycle,claims operations,2021-08-01,2027-12-31,renewal within 24 months,per member per month,trend-only,standard termination rights,no minimum beyond SOW baseline,RATE-HCDN-074,standard service credits,fixed or negotiated escalator,standard change-control language,subcontracting permitted with controls,US data residency,transition assistance to confirm,SRC-HCDN-SLA-026,SRC-HCDN-INV-014,SRC-HCDN-CO-026,LOT-HCDN-08,,,EVAL-HCDN-014,standard commercial review
CONT-HCDN-0494,VEND-HCDN-099,Synthetic Healthcare Supplier 099,AI/document automation SOW,ERP and Corporate Platforms,Patient Access,Medicare Advantage quality services,2022-09-01,2028-12-31,active multi-year,per claim,withheld,standard termination rights,no minimum beyond SOW baseline,RATE-HCDN-075,standard service credits,fixed or negotiated escalator,standard change-control language,subcontracting permitted with controls,US data residency,transition assistance to confirm,SRC-HCDN-SLA-027,SRC-HCDN-INV-015,SRC-HCDN-CO-027,LOT-HCDN-09,,,EVAL-HCDN-015,standard commercial review
CONT-HCDN-0495,VEND-HCDN-106,Synthetic Healthcare Supplier 106,MSA,Clinical and Epic AMS,Interoperability,risk adjustment analytics,2023-01-01,2026-12-31,extension option,per encounter,exact,standard termination rights,no minimum beyond SOW baseline,RATE-HCDN-076,service credits capped and under-defined,CPI escalator above threshold,change-control ambiguity,subcontracting permitted with controls,US data residency,transition assistance to confirm,SRC-HCDN-SLA-028,SRC-HCDN-INV-016,SRC-HCDN-CO-028,LOT-HCDN-01,PROP-HCDN-01,,EVAL-HCDN-016,standard commercial review
CONT-HCDN-0496,VEND-HCDN-113,Synthetic Healthcare Supplier 113,SOW,Payer Platform Operations,Population Health,prior authorization operations,2020-02-01,2027-12-31,transition assistance required,consumption,range,termination limited during transition,no minimum beyond SOW baseline,RATE-HCDN-077,standard service credits,fixed or negotiated escalator,standard change-control language,subcontracting permitted with controls,US data residency,transition assistance explicit,SRC-HCDN-SLA-029,SRC-HCDN-INV-017,SRC-HCDN-CO-029,LOT-HCDN-02,,,EVAL-HCDN-017,high exit-term sensitivity
CONT-HCDN-0497,VEND-HCDN-120,Synthetic Healthcare Supplier 120,rate card,Data Analytics and AI,Health Plan Operations,revenue-cycle outsourcing,2021-03-01,2028-12-31,exit rights need review,hybrid fixed plus variable,indexed,standard termination rights,minimum annual commitment applies,RATE-HCDN-078,standard service credits,fixed or negotiated escalator,standard change-control language,subcontracting permitted with controls,US data residency,transition assistance to confirm,SRC-HCDN-SLA-030,SRC-HCDN-INV-018,SRC-HCDN-CO-030,LOT-HCDN-03,,,EVAL-HCDN-018,standard commercial review
CONT-HCDN-0498,VEND-HCDN-127,Synthetic Healthcare Supplier 127,Epic support agreement,Revenue Cycle Technology,Medicare Advantage,cloud/data platform operations,2022-04-01,2026-12-31,renewal within 12 months,committed spend,trend-only,termination for convenience with notice,no minimum beyond SOW baseline,RATE-HCDN-079,standard service credits,fixed or negotiated escalator,standard change-control language,subcontracting permitted with controls,US data residency,transition assistance to confirm,SRC-HCDN-SLA-031,SRC-HCDN-INV-019,SRC-HCDN-CO-031,LOT-HCDN-04,PROP-HCDN-01,BAFO-HCDN-01,EVAL-HCDN-019,standard commercial review
CONT-HCDN-0499,VEND-HCDN-134,Synthetic Healthcare Supplier 134,claims admin agreement,Cloud Infrastructure and Data Center,Claims Operations,SQL Server/EDW managed services,2023-05-01,2027-12-31,renewal within 24 months,outcome-linked,withheld,standard termination rights,no minimum beyond SOW baseline,RATE-HCDN-080,standard service credits,fixed or negotiated escalator,standard change-control language,subcontracting permitted with controls,US data residency,transition assistance to confirm,SRC-HCDN-SLA-032,SRC-HCDN-INV-020,SRC-HCDN-CO-032,LOT-HCDN-05,,,EVAL-HCDN-020,standard commercial review
CONT-HCDN-0500,VEND-HCDN-141,Synthetic Healthcare Supplier 141,PBM services SOW,Workplace and Contact Center,Utilization Management,contact center operations,2020-06-01,2028-12-31,active multi-year,fixed fee,exact,standard termination rights,no minimum beyond SOW baseline,RATE-HCDN-081,service credits capped and under-defined,fixed or negotiated escalator,standard change-control language,subcontracting permitted with controls,PHI/data residency review required,transition assistance explicit,SRC-HCDN-SLA-033,SRC-HCDN-INV-021,SRC-HCDN-CO-033,LOT-HCDN-06,,,EVAL-HCDN-021,supplier concentration
CONT-HCDN-0501,VEND-HCDN-148,Synthetic Healthcare Supplier 148,BPO services SOW,Security Identity and Compliance,Member Services,payment integrity,2021-07-01,2026-12-31,extension option,T&M,range,standard termination rights,no minimum beyond SOW baseline,RATE-HCDN-082,standard service credits,fixed or negotiated escalator,standard change-control language,subcontracting permitted with controls,US data residency,transition assistance to confirm,SRC-HCDN-SLA-034,SRC-HCDN-INV-022,SRC-HCDN-CO-034,LOT-HCDN-07,PROP-HCDN-01,,EVAL-HCDN-022,standard commercial review
CONT-HCDN-0502,VEND-HCDN-155,Synthetic Healthcare Supplier 155,cloud commit,Integration and Interoperability,Quality and Stars,identity/security operations,2022-08-01,2027-12-31,transition assistance required,unit rate,indexed,standard termination rights,no minimum beyond SOW baseline,RATE-HCDN-083,standard service credits,fixed or negotiated escalator,standard change-control language,subcontracting permitted with controls,US data residency,transition assistance to confirm,SRC-HCDN-SLA-035,SRC-HCDN-INV-023,SRC-HCDN-CO-035,LOT-HCDN-08,,,EVAL-HCDN-023,standard commercial review
CONT-HCDN-0503,VEND-HCDN-162,Synthetic Healthcare Supplier 162,data platform subscription,ERP and Corporate Platforms,Risk Adjustment,interoperability services,2023-09-01,2028-12-31,exit rights need review,per member per month,trend-only,standard termination rights,no minimum beyond SOW baseline,RATE-HCDN-084,standard service credits,fixed or negotiated escalator,standard change-control language,subcontracting permitted with controls,US data residency,transition assistance to confirm,SRC-HCDN-SLA-036,SRC-HCDN-INV-024,SRC-HCDN-CO-036,LOT-HCDN-09,,,EVAL-HCDN-024,standard commercial review
CONT-HCDN-0504,VEND-HCDN-169,Synthetic Healthcare Supplier 169,software subscription,Clinical and Epic AMS,Care Management,Epic support and optimization,2020-01-01,2026-12-31,renewal within 12 months,per claim,withheld,termination for convenience with notice,minimum annual commitment applies,RATE-HCDN-085,standard service credits,CPI escalator above threshold,standard change-control language,subcontractor approval required,US data residency,transition assistance explicit,SRC-HCDN-SLA-001,SRC-HCDN-INV-025,SRC-HCDN-CO-037,LOT-HCDN-01,PROP-HCDN-01,BAFO-HCDN-01,EVAL-HCDN-001,high exit-term sensitivity
CONT-HCDN-0505,VEND-HCDN-176,Synthetic Healthcare Supplier 176,professional services SOW,Payer Platform Operations,Finance,claims operations,2021-02-01,2027-12-31,renewal within 24 months,per encounter,exact,standard termination rights,no minimum beyond SOW baseline,RATE-HCDN-086,service credits capped and under-defined,fixed or negotiated escalator,standard change-control language,subcontracting permitted with controls,US data residency,transition assistance to confirm,SRC-HCDN-SLA-002,SRC-HCDN-INV-026,SRC-HCDN-CO-038,LOT-HCDN-02,,,EVAL-HCDN-002,standard commercial review
CONT-HCDN-0506,VEND-HCDN-183,Synthetic Healthcare Supplier 183,maintenance agreement,Data Analytics and AI,Coding,Medicare Advantage quality services,2022-03-01,2028-12-31,active multi-year,consumption,range,standard termination rights,no minimum beyond SOW baseline,RATE-HCDN-087,standard service credits,fixed or negotiated escalator,change-control ambiguity,subcontracting permitted with controls,US data residency,transition assistance to confirm,SRC-HCDN-SLA-003,SRC-HCDN-INV-027,SRC-HCDN-CO-039,LOT-HCDN-03,,,EVAL-HCDN-003,standard commercial review
CONT-HCDN-0507,VEND-HCDN-190,Synthetic Healthcare Supplier 190,telecom services,Revenue Cycle Technology,Payer Contracting,risk adjustment analytics,2023-04-01,2026-12-31,extension option,hybrid fixed plus variable,indexed,standard termination rights,no minimum beyond SOW baseline,RATE-HCDN-088,standard service credits,fixed or negotiated escalator,standard change-control language,subcontracting permitted with controls,US data residency,transition assistance to confirm,SRC-HCDN-SLA-004,SRC-HCDN-INV-028,SRC-HCDN-CO-040,LOT-HCDN-04,PROP-HCDN-01,,EVAL-HCDN-004,standard commercial review
CONT-HCDN-0508,VEND-HCDN-197,Synthetic Healthcare Supplier 197,cybersecurity services,Cloud Infrastructure and Data Center,Digital Front Door,prior authorization operations,2020-05-01,2027-12-31,transition assistance required,committed spend,trend-only,standard termination rights,no minimum beyond SOW baseline,RATE-HCDN-089,standard service credits,fixed or negotiated escalator,standard change-control language,subcontracting permitted with controls,US data residency,transition assistance explicit,SRC-HCDN-SLA-005,SRC-HCDN-INV-029,SRC-HCDN-CO-041,LOT-HCDN-05,,,EVAL-HCDN-005,standard commercial review
CONT-HCDN-0509,VEND-HCDN-204,Synthetic Healthcare Supplier 204,AI/document automation SOW,Workplace and Contact Center,Contact Center,revenue-cycle outsourcing,2021-06-01,2028-12-31,exit rights need review,outcome-linked,withheld,standard termination rights,no minimum beyond SOW baseline,RATE-HCDN-090,standard service credits,fixed or negotiated escalator,standard change-control language,subcontracting permitted with controls,US data residency,transition assistance to confirm,SRC-HCDN-SLA-006,SRC-HCDN-INV-030,SRC-HCDN-CO-042,LOT-HCDN-06,,,EVAL-HCDN-006,standard commercial review
CONT-HCDN-0510,VEND-HCDN-211,Synthetic Healthcare Supplier 211,MSA,Security Identity and Compliance,Ambulatory Care,cloud/data platform operations,2022-07-01,2026-12-31,renewal within 12 months,fixed fee,exact,termination for convenience with notice,no minimum beyond SOW baseline,RATE-HCDN-091,service credits capped and under-defined,fixed or negotiated escalator,standard change-control language,subcontracting permitted with controls,PHI/data residency review required,transition assistance to confirm,SRC-HCDN-SLA-007,SRC-HCDN-INV-031,SRC-HCDN-CO-043,LOT-HCDN-07,PROP-HCDN-01,BAFO-HCDN-01,EVAL-HCDN-007,supplier concentration
CONT-HCDN-0511,VEND-HCDN-218,Synthetic Healthcare Supplier 218,SOW,Integration and Interoperability,Emergency Department,SQL Server/EDW managed services,2023-08-01,2027-12-31,renewal within 24 months,T&M,range,standard termination rights,minimum annual commitment applies,RATE-HCDN-092,standard service credits,fixed or negotiated escalator,standard change-control language,subcontracting permitted with controls,US data residency,transition assistance to confirm,SRC-HCDN-SLA-008,SRC-HCDN-INV-032,SRC-HCDN-CO-044,LOT-HCDN-08,,,EVAL-HCDN-008,standard commercial review
CONT-HCDN-0512,VEND-HCDN-225,Synthetic Healthcare Supplier 225,rate card,ERP and Corporate Platforms,Inpatient,contact center operations,2020-09-01,2028-12-31,active multi-year,unit rate,indexed,termination limited during transition,no minimum beyond SOW baseline,RATE-HCDN-093,standard service credits,fixed or negotiated escalator,standard change-control language,subcontracting permitted with controls,US data residency,transition assistance explicit,SRC-HCDN-SLA-009,SRC-HCDN-INV-033,SRC-HCDN-CO-045,LOT-HCDN-09,,,EVAL-HCDN-009,high exit-term sensitivity
CONT-HCDN-0513,VEND-HCDN-232,Synthetic Healthcare Supplier 232,Epic support agreement,Clinical and Epic AMS,Surgery,payment integrity,2021-01-01,2026-12-31,extension option,per member per month,trend-only,standard termination rights,no minimum beyond SOW baseline,RATE-HCDN-094,standard service credits,CPI escalator above threshold,standard change-control language,subcontracting permitted with controls,US data residency,transition assistance to confirm,SRC-HCDN-SLA-010,SRC-HCDN-INV-034,SRC-HCDN-CO-046,LOT-HCDN-01,PROP-HCDN-01,,EVAL-HCDN-010,standard commercial review
CONT-HCDN-0514,VEND-HCDN-239,Synthetic Healthcare Supplier 239,claims admin agreement,Payer Platform Operations,Imaging,identity/security operations,2022-02-01,2027-12-31,transition assistance required,per claim,withheld,standard termination rights,no minimum beyond SOW baseline,RATE-HCDN-095,standard service credits,fixed or negotiated escalator,standard change-control language,subcontracting permitted with controls,US data residency,transition assistance to confirm,SRC-HCDN-SLA-011,SRC-HCDN-INV-035,SRC-HCDN-CO-047,LOT-HCDN-02,,,EVAL-HCDN-011,standard commercial review
CONT-HCDN-0515,VEND-HCDN-246,Synthetic Healthcare Supplier 246,PBM services SOW,Data Analytics and AI,Lab,interoperability services,2023-03-01,2028-12-31,exit rights need review,per encounter,exact,standard termination rights,no minimum beyond SOW baseline,RATE-HCDN-096,service credits capped and under-defined,fixed or negotiated escalator,standard change-control language,subcontracting permitted with controls,US data residency,transition assistance to confirm,SRC-HCDN-SLA-012,SRC-HCDN-INV-036,SRC-HCDN-CO-048,LOT-HCDN-03,,,EVAL-HCDN-012,standard commercial review
CONT-HCDN-0516,VEND-HCDN-253,Synthetic Healthcare Supplier 253,BPO services SOW,Revenue Cycle Technology,Pharmacy,Epic support and optimization,2020-04-01,2026-12-31,renewal within 12 months,consumption,range,termination for convenience with notice,no minimum beyond SOW baseline,RATE-HCDN-097,standard service credits,fixed or negotiated escalator,standard change-control language,subcontractor approval required,US data residency,transition assistance explicit,SRC-HCDN-SLA-013,SRC-HCDN-INV-037,SRC-HCDN-CO-049,LOT-HCDN-04,PROP-HCDN-01,BAFO-HCDN-01,EVAL-HCDN-013,standard commercial review
CONT-HCDN-0517,VEND-HCDN-260,Synthetic Healthcare Supplier 260,cloud commit,Cloud Infrastructure and Data Center,Oncology,claims operations,2021-05-01,2027-12-31,renewal within 24 months,hybrid fixed plus variable,indexed,standard termination rights,no minimum beyond SOW baseline,RATE-HCDN-098,standard service credits,fixed or negotiated escalator,change-control ambiguity,subcontracting permitted with controls,US data residency,transition assistance to confirm,SRC-HCDN-SLA-014,SRC-HCDN-INV-038,SRC-HCDN-CO-050,LOT-HCDN-05,,,EVAL-HCDN-014,standard commercial review
CONT-HCDN-0518,VEND-HCDN-267,Synthetic Healthcare Supplier 267,data platform subscription,Workplace and Contact Center,Cardiology,Medicare Advantage quality services,2022-06-01,2028-12-31,active multi-year,committed spend,trend-only,standard termination rights,minimum annual commitment applies,RATE-HCDN-099,standard service credits,fixed or negotiated escalator,standard change-control language,subcontracting permitted with controls,US data residency,transition assistance to confirm,SRC-HCDN-SLA-015,SRC-HCDN-INV-039,SRC-HCDN-CO-051,LOT-HCDN-06,,,EVAL-HCDN-015,standard commercial review
CONT-HCDN-0519,VEND-HCDN-274,Synthetic Healthcare Supplier 274,software subscription,Security Identity and Compliance,Data and Analytics,risk adjustment analytics,2023-07-01,2026-12-31,extension option,outcome-linked,withheld,standard termination rights,no minimum beyond SOW baseline,RATE-HCDN-100,standard service credits,fixed or negotiated escalator,standard change-control language,subcontracting permitted with controls,US data residency,transition assistance to confirm,SRC-HCDN-SLA-016,SRC-HCDN-INV-040,SRC-HCDN-CO-052,LOT-HCDN-07,PROP-HCDN-01,,EVAL-HCDN-016,standard commercial review
CONT-HCDN-0520,VEND-HCDN-281,Synthetic Healthcare Supplier 281,professional services SOW,Integration and Interoperability,Clinical Analytics,prior authorization operations,2020-08-01,2027-12-31,transition assistance required,fixed fee,exact,termination limited during transition,no minimum beyond SOW baseline,RATE-HCDN-101,service credits capped and under-defined,fixed or negotiated escalator,standard change-control language,subcontracting permitted with controls,PHI/data residency review required,transition assistance explicit,SRC-HCDN-SLA-017,SRC-HCDN-INV-041,SRC-HCDN-CO-001,LOT-HCDN-08,,,EVAL-HCDN-017,high exit-term sensitivity
CONT-HCDN-0521,VEND-HCDN-288,Synthetic Healthcare Supplier 288,maintenance agreement,ERP and Corporate Platforms,Actuarial,revenue-cycle outsourcing,2021-09-01,2028-12-31,exit rights need review,T&M,range,standard termination rights,no minimum beyond SOW baseline,RATE-HCDN-102,standard service credits,fixed or negotiated escalator,standard change-control language,subcontracting permitted with controls,US data residency,transition assistance to confirm,SRC-HCDN-SLA-018,SRC-HCDN-INV-042,SRC-HCDN-CO-002,LOT-HCDN-09,,,EVAL-HCDN-018,standard commercial review
CONT-HCDN-0522,VEND-HCDN-295,Synthetic Healthcare Supplier 295,telecom services,Clinical and Epic AMS,Departmental Reporting,cloud/data platform operations,2022-01-01,2026-12-31,renewal within 12 months,unit rate,indexed,termination for convenience with notice,no minimum beyond SOW baseline,RATE-HCDN-103,standard service credits,CPI escalator above threshold,standard change-control language,subcontracting permitted with controls,US data residency,transition assistance to confirm,SRC-HCDN-SLA-019,SRC-HCDN-INV-043,SRC-HCDN-CO-003,LOT-HCDN-01,PROP-HCDN-01,BAFO-HCDN-01,EVAL-HCDN-019,standard commercial review
CONT-HCDN-0523,VEND-HCDN-302,Synthetic Healthcare Supplier 302,cybersecurity services,Payer Platform Operations,AI Transformation,SQL Server/EDW managed services,2023-02-01,2027-12-31,renewal within 24 months,per member per month,trend-only,standard termination rights,no minimum beyond SOW baseline,RATE-HCDN-104,standard service credits,fixed or negotiated escalator,standard change-control language,subcontracting permitted with controls,US data residency,transition assistance to confirm,SRC-HCDN-SLA-020,SRC-HCDN-INV-044,SRC-HCDN-CO-004,LOT-HCDN-02,,,EVAL-HCDN-020,standard commercial review
CONT-HCDN-0524,VEND-HCDN-309,Synthetic Healthcare Supplier 309,AI/document automation SOW,Data Analytics and AI,Technology,contact center operations,2020-03-01,2028-12-31,active multi-year,per claim,withheld,standard termination rights,no minimum beyond SOW baseline,RATE-HCDN-105,standard service credits,fixed or negotiated escalator,standard change-control language,subcontracting permitted with controls,US data residency,transition assistance explicit,SRC-HCDN-SLA-021,SRC-HCDN-INV-045,SRC-HCDN-CO-005,LOT-HCDN-03,,,EVAL-HCDN-021,standard commercial review
CONT-HCDN-0525,VEND-HCDN-316,Synthetic Healthcare Supplier 316,MSA,Revenue Cycle Technology,Security,payment integrity,2021-04-01,2026-12-31,extension option,per encounter,exact,standard termination rights,minimum annual commitment applies,RATE-HCDN-106,service credits capped and under-defined,fixed or negotiated escalator,standard change-control language,subcontracting permitted with controls,US data residency,transition assistance to confirm,SRC-HCDN-SLA-022,SRC-HCDN-INV-046,SRC-HCDN-CO-006,LOT-HCDN-04,PROP-HCDN-01,,EVAL-HCDN-022,standard commercial review
CONT-HCDN-0526,VEND-HCDN-323,Synthetic Healthcare Supplier 323,SOW,Cloud Infrastructure and Data Center,Procurement,identity/security operations,2022-05-01,2027-12-31,transition assistance required,consumption,range,standard termination rights,no minimum beyond SOW baseline,RATE-HCDN-107,standard service credits,fixed or negotiated escalator,standard change-control language,subcontracting permitted with controls,US data residency,transition assistance to confirm,SRC-HCDN-SLA-023,SRC-HCDN-INV-047,SRC-HCDN-CO-007,LOT-HCDN-05,,,EVAL-HCDN-023,standard commercial review
CONT-HCDN-0527,VEND-HCDN-330,Synthetic Healthcare Supplier 330,rate card,Workplace and Contact Center,HR,interoperability services,2023-06-01,2028-12-31,exit rights need review,hybrid fixed plus variable,indexed,standard termination rights,no minimum beyond SOW baseline,RATE-HCDN-108,standard service credits,fixed or negotiated escalator,standard change-control language,subcontracting permitted with controls,US data residency,transition assistance to confirm,SRC-HCDN-SLA-024,SRC-HCDN-INV-048,SRC-HCDN-CO-008,LOT-HCDN-06,,,EVAL-HCDN-024,standard commercial review
CONT-HCDN-0528,VEND-HCDN-337,Synthetic Healthcare Supplier 337,Epic support agreement,Security Identity and Compliance,Supply Chain,Epic support and optimization,2020-07-01,2026-12-31,renewal within 12 months,committed spend,trend-only,termination for convenience with notice,no minimum beyond SOW baseline,RATE-HCDN-109,standard service credits,fixed or negotiated escalator,change-control ambiguity,subcontractor approval required,US data residency,transition assistance explicit,SRC-HCDN-SLA-025,SRC-HCDN-INV-001,SRC-HCDN-CO-009,LOT-HCDN-07,PROP-HCDN-01,BAFO-HCDN-01,EVAL-HCDN-001,high exit-term sensitivity
CONT-HCDN-0529,VEND-HCDN-344,Synthetic Healthcare Supplier 344,claims admin agreement,Integration and Interoperability,Privacy,claims operations,2021-08-01,2027-12-31,renewal within 24 months,outcome-linked,withheld,standard termination rights,no minimum beyond SOW baseline,RATE-HCDN-110,standard service credits,fixed or negotiated escalator,standard change-control language,subcontracting permitted with controls,US data residency,transition assistance to confirm,SRC-HCDN-SLA-026,SRC-HCDN-INV-002,SRC-HCDN-CO-010,LOT-HCDN-08,,,EVAL-HCDN-002,standard commercial review
CONT-HCDN-0530,VEND-HCDN-351,Synthetic Healthcare Supplier 351,PBM services SOW,ERP and Corporate Platforms,Compliance,Medicare Advantage quality services,2022-09-01,2028-12-31,active multi-year,fixed fee,exact,standard termination rights,no minimum beyond SOW baseline,RATE-HCDN-111,service credits capped and under-defined,fixed or negotiated escalator,standard change-control language,subcontracting permitted with controls,PHI/data residency review required,transition assistance to confirm,SRC-HCDN-SLA-027,SRC-HCDN-INV-003,SRC-HCDN-CO-011,LOT-HCDN-09,,,EVAL-HCDN-003,supplier concentration
CONT-HCDN-0531,VEND-HCDN-358,Synthetic Healthcare Supplier 358,BPO services SOW,Clinical and Epic AMS,Provider Network,risk adjustment analytics,2023-01-01,2026-12-31,extension option,T&M,range,standard termination rights,no minimum beyond SOW baseline,RATE-HCDN-112,standard service credits,CPI escalator above threshold,standard change-control language,subcontracting permitted with controls,US data residency,transition assistance to confirm,SRC-HCDN-SLA-028,SRC-HCDN-INV-004,SRC-HCDN-CO-012,LOT-HCDN-01,PROP-HCDN-01,,EVAL-HCDN-004,standard commercial review
CONT-HCDN-0532,VEND-HCDN-365,Synthetic Healthcare Supplier 365,cloud commit,Payer Platform Operations,Value-Based Care,prior authorization operations,2020-02-01,2027-12-31,transition assistance required,unit rate,indexed,standard termination rights,minimum annual commitment applies,RATE-HCDN-113,standard service credits,fixed or negotiated escalator,standard change-control language,subcontracting permitted with controls,US data residency,transition assistance explicit,SRC-HCDN-SLA-029,SRC-HCDN-INV-005,SRC-HCDN-CO-013,LOT-HCDN-02,,,EVAL-HCDN-005,standard commercial review
CONT-HCDN-0533,VEND-HCDN-372,Synthetic Healthcare Supplier 372,data platform subscription,Data Analytics and AI,Clinical Operations,revenue-cycle outsourcing,2021-03-01,2028-12-31,exit rights need review,per member per month,trend-only,standard termination rights,no minimum beyond SOW baseline,RATE-HCDN-114,standard service credits,fixed or negotiated escalator,standard change-control language,subcontracting permitted with controls,US data residency,transition assistance to confirm,SRC-HCDN-SLA-030,SRC-HCDN-INV-006,SRC-HCDN-CO-014,LOT-HCDN-03,,,EVAL-HCDN-006,standard commercial review
CONT-HCDN-0534,VEND-HCDN-379,Synthetic Healthcare Supplier 379,software subscription,Revenue Cycle Technology,Revenue Cycle,cloud/data platform operations,2022-04-01,2026-12-31,renewal within 12 months,per claim,withheld,termination for convenience with notice,no minimum beyond SOW baseline,RATE-HCDN-115,standard service credits,fixed or negotiated escalator,standard change-control language,subcontracting permitted with controls,US data residency,transition assistance to confirm,SRC-HCDN-SLA-031,SRC-HCDN-INV-007,SRC-HCDN-CO-015,LOT-HCDN-04,PROP-HCDN-01,BAFO-HCDN-01,EVAL-HCDN-007,standard commercial review
CONT-HCDN-0535,VEND-HCDN-386,Synthetic Healthcare Supplier 386,professional services SOW,Cloud Infrastructure and Data Center,Patient Access,SQL Server/EDW managed services,2023-05-01,2027-12-31,renewal within 24 months,per encounter,exact,standard termination rights,no minimum beyond SOW baseline,RATE-HCDN-116,service credits capped and under-defined,fixed or negotiated escalator,standard change-control language,subcontracting permitted with controls,US data residency,transition assistance to confirm,SRC-HCDN-SLA-032,SRC-HCDN-INV-008,SRC-HCDN-CO-016,LOT-HCDN-05,,,EVAL-HCDN-008,standard commercial review
CONT-HCDN-0536,VEND-HCDN-393,Synthetic Healthcare Supplier 393,maintenance agreement,Workplace and Contact Center,Interoperability,contact center operations,2020-06-01,2028-12-31,active multi-year,consumption,range,termination limited during transition,no minimum beyond SOW baseline,RATE-HCDN-117,standard service credits,fixed or negotiated escalator,standard change-control language,subcontracting permitted with controls,US data residency,transition assistance explicit,SRC-HCDN-SLA-033,SRC-HCDN-INV-009,SRC-HCDN-CO-017,LOT-HCDN-06,,,EVAL-HCDN-009,high exit-term sensitivity
CONT-HCDN-0537,VEND-HCDN-400,Synthetic Healthcare Supplier 400,telecom services,Security Identity and Compliance,Population Health,payment integrity,2021-07-01,2026-12-31,extension option,hybrid fixed plus variable,indexed,standard termination rights,no minimum beyond SOW baseline,RATE-HCDN-118,standard service credits,fixed or negotiated escalator,standard change-control language,subcontracting permitted with controls,US data residency,transition assistance to confirm,SRC-HCDN-SLA-034,SRC-HCDN-INV-010,SRC-HCDN-CO-018,LOT-HCDN-07,PROP-HCDN-01,,EVAL-HCDN-010,standard commercial review
CONT-HCDN-0538,VEND-HCDN-407,Synthetic Healthcare Supplier 407,cybersecurity services,Integration and Interoperability,Health Plan Operations,identity/security operations,2022-08-01,2027-12-31,transition assistance required,committed spend,trend-only,standard termination rights,no minimum beyond SOW baseline,RATE-HCDN-119,standard service credits,fixed or negotiated escalator,standard change-control language,subcontracting permitted with controls,US data residency,transition assistance to confirm,SRC-HCDN-SLA-035,SRC-HCDN-INV-011,SRC-HCDN-CO-019,LOT-HCDN-08,,,EVAL-HCDN-011,standard commercial review
CONT-HCDN-0539,VEND-HCDN-414,Synthetic Healthcare Supplier 414,AI/document automation SOW,ERP and Corporate Platforms,Medicare Advantage,interoperability services,2023-09-01,2028-12-31,exit rights need review,outcome-linked,withheld,standard termination rights,minimum annual commitment applies,RATE-HCDN-120,standard service credits,fixed or negotiated escalator,change-control ambiguity,subcontracting permitted with controls,US data residency,transition assistance to confirm,SRC-HCDN-SLA-036,SRC-HCDN-INV-012,SRC-HCDN-CO-020,LOT-HCDN-09,,,EVAL-HCDN-012,standard commercial review
CONT-HCDN-0540,VEND-HCDN-421,Synthetic Healthcare Supplier 421,MSA,Clinical and Epic AMS,Claims Operations,Epic support and optimization,2020-01-01,2026-12-31,renewal within 12 months,fixed fee,exact,termination for convenience with notice,no minimum beyond SOW baseline,RATE-HCDN-121,service credits capped and under-defined,CPI escalator above threshold,standard change-control language,subcontractor approval required,PHI/data residency review required,transition assistance explicit,SRC-HCDN-SLA-001,SRC-HCDN-INV-013,SRC-HCDN-CO-021,LOT-HCDN-01,PROP-HCDN-01,BAFO-HCDN-01,EVAL-HCDN-013,supplier concentration
CONT-HCDN-0541,VEND-HCDN-428,Synthetic Healthcare Supplier 428,SOW,Payer Platform Operations,Utilization Management,claims operations,2021-02-01,2027-12-31,renewal within 24 months,T&M,range,standard termination rights,no minimum beyond SOW baseline,RATE-HCDN-122,standard service credits,fixed or negotiated escalator,standard change-control language,subcontracting permitted with controls,US data residency,transition assistance to confirm,SRC-HCDN-SLA-002,SRC-HCDN-INV-014,SRC-HCDN-CO-022,LOT-HCDN-02,,,EVAL-HCDN-014,standard commercial review
CONT-HCDN-0542,VEND-HCDN-435,Synthetic Healthcare Supplier 435,rate card,Data Analytics and AI,Member Services,Medicare Advantage quality services,2022-03-01,2028-12-31,active multi-year,unit rate,indexed,standard termination rights,no minimum beyond SOW baseline,RATE-HCDN-123,standard service credits,fixed or negotiated escalator,standard change-control language,subcontracting permitted with controls,US data residency,transition assistance to confirm,SRC-HCDN-SLA-003,SRC-HCDN-INV-015,SRC-HCDN-CO-023,LOT-HCDN-03,,,EVAL-HCDN-015,standard commercial review
CONT-HCDN-0543,VEND-HCDN-442,Synthetic Healthcare Supplier 442,Epic support agreement,Revenue Cycle Technology,Quality and Stars,risk adjustment analytics,2023-04-01,2026-12-31,extension option,per member per month,trend-only,standard termination rights,no minimum beyond SOW baseline,RATE-HCDN-124,standard service credits,fixed or negotiated escalator,standard change-control language,subcontracting permitted with controls,US data residency,transition assistance to confirm,SRC-HCDN-SLA-004,SRC-HCDN-INV-016,SRC-HCDN-CO-024,LOT-HCDN-04,PROP-HCDN-01,,EVAL-HCDN-016,standard commercial review
CONT-HCDN-0544,VEND-HCDN-449,Synthetic Healthcare Supplier 449,claims admin agreement,Cloud Infrastructure and Data Center,Risk Adjustment,prior authorization operations,2020-05-01,2027-12-31,transition assistance required,per claim,withheld,termination limited during transition,no minimum beyond SOW baseline,RATE-HCDN-125,standard service credits,fixed or negotiated escalator,standard change-control language,subcontracting permitted with controls,US data residency,transition assistance explicit,SRC-HCDN-SLA-005,SRC-HCDN-INV-017,SRC-HCDN-CO-025,LOT-HCDN-05,,,EVAL-HCDN-017,high exit-term sensitivity
CONT-HCDN-0545,VEND-HCDN-456,Synthetic Healthcare Supplier 456,PBM services SOW,Workplace and Contact Center,Care Management,revenue-cycle outsourcing,2021-06-01,2028-12-31,exit rights need review,per encounter,exact,standard termination rights,no minimum beyond SOW baseline,RATE-HCDN-126,service credits capped and under-defined,fixed or negotiated escalator,standard change-control language,subcontracting permitted with controls,US data residency,transition assistance to confirm,SRC-HCDN-SLA-006,SRC-HCDN-INV-018,SRC-HCDN-CO-026,LOT-HCDN-06,,,EVAL-HCDN-018,standard commercial review
CONT-HCDN-0546,VEND-HCDN-463,Synthetic Healthcare Supplier 463,BPO services SOW,Security Identity and Compliance,Finance,cloud/data platform operations,2022-07-01,2026-12-31,renewal within 12 months,consumption,range,termination for convenience with notice,minimum annual commitment applies,RATE-HCDN-127,standard service credits,fixed or negotiated escalator,standard change-control language,subcontracting permitted with controls,US data residency,transition assistance to confirm,SRC-HCDN-SLA-007,SRC-HCDN-INV-019,SRC-HCDN-CO-027,LOT-HCDN-07,PROP-HCDN-01,BAFO-HCDN-01,EVAL-HCDN-019,standard commercial review
CONT-HCDN-0547,VEND-HCDN-470,Synthetic Healthcare Supplier 470,cloud commit,Integration and Interoperability,Coding,SQL Server/EDW managed services,2023-08-01,2027-12-31,renewal within 24 months,hybrid fixed plus variable,indexed,standard termination rights,no minimum beyond SOW baseline,RATE-HCDN-128,standard service credits,fixed or negotiated escalator,standard change-control language,subcontracting permitted with controls,US data residency,transition assistance to confirm,SRC-HCDN-SLA-008,SRC-HCDN-INV-020,SRC-HCDN-CO-028,LOT-HCDN-08,,,EVAL-HCDN-020,standard commercial review
CONT-HCDN-0548,VEND-HCDN-477,Synthetic Healthcare Supplier 477,data platform subscription,ERP and Corporate Platforms,Payer Contracting,contact center operations,2020-09-01,2028-12-31,active multi-year,committed spend,trend-only,standard termination rights,no minimum beyond SOW baseline,RATE-HCDN-129,standard service credits,fixed or negotiated escalator,standard change-control language,subcontracting permitted with controls,US data residency,transition assistance explicit,SRC-HCDN-SLA-009,SRC-HCDN-INV-021,SRC-HCDN-CO-029,LOT-HCDN-09,,,EVAL-HCDN-021,standard commercial review
CONT-HCDN-0549,VEND-HCDN-004,Synthetic Healthcare Supplier 004,software subscription,Clinical and Epic AMS,Digital Front Door,payment integrity,2021-01-01,2026-12-31,extension option,outcome-linked,withheld,standard termination rights,no minimum beyond SOW baseline,RATE-HCDN-130,standard service credits,CPI escalator above threshold,standard change-control language,subcontracting permitted with controls,US data residency,transition assistance to confirm,SRC-HCDN-SLA-010,SRC-HCDN-INV-022,SRC-HCDN-CO-030,LOT-HCDN-01,PROP-HCDN-01,,EVAL-HCDN-022,standard commercial review
CONT-HCDN-0550,VEND-HCDN-011,Synthetic Healthcare Supplier 011,professional services SOW,Payer Platform Operations,Contact Center,identity/security operations,2022-02-01,2027-12-31,transition assistance required,fixed fee,exact,standard termination rights,no minimum beyond SOW baseline,RATE-HCDN-131,service credits capped and under-defined,fixed or negotiated escalator,change-control ambiguity,subcontracting permitted with controls,PHI/data residency review required,transition assistance to confirm,SRC-HCDN-SLA-011,SRC-HCDN-INV-023,SRC-HCDN-CO-031,LOT-HCDN-02,,,EVAL-HCDN-023,supplier concentration
CONT-HCDN-0551,VEND-HCDN-018,Synthetic Healthcare Supplier 018,maintenance agreement,Data Analytics and AI,Ambulatory Care,interoperability services,2023-03-01,2028-12-31,exit rights need review,T&M,range,standard termination rights,no minimum beyond SOW baseline,RATE-HCDN-132,standard service credits,fixed or negotiated escalator,standard change-control language,subcontracting permitted with controls,US data residency,transition assistance to confirm,SRC-HCDN-SLA-012,SRC-HCDN-INV-024,SRC-HCDN-CO-032,LOT-HCDN-03,,,EVAL-HCDN-024,standard commercial review
CONT-HCDN-0552,VEND-HCDN-025,Synthetic Healthcare Supplier 025,telecom services,Revenue Cycle Technology,Emergency Department,Epic support and optimization,2020-04-01,2026-12-31,renewal within 12 months,unit rate,indexed,termination for convenience with notice,no minimum beyond SOW baseline,RATE-HCDN-133,standard service credits,fixed or negotiated escalator,standard change-control language,subcontractor approval required,US data residency,transition assistance explicit,SRC-HCDN-SLA-013,SRC-HCDN-INV-025,SRC-HCDN-CO-033,LOT-HCDN-04,PROP-HCDN-01,BAFO-HCDN-01,EVAL-HCDN-001,high exit-term sensitivity
CONT-HCDN-0553,VEND-HCDN-032,Synthetic Healthcare Supplier 032,cybersecurity services,Cloud Infrastructure and Data Center,Inpatient,claims operations,2021-05-01,2027-12-31,renewal within 24 months,per member per month,trend-only,standard termination rights,minimum annual commitment applies,RATE-HCDN-134,standard service credits,fixed or negotiated escalator,standard change-control language,subcontracting permitted with controls,US data residency,transition assistance to confirm,SRC-HCDN-SLA-014,SRC-HCDN-INV-026,SRC-HCDN-CO-034,LOT-HCDN-05,,,EVAL-HCDN-002,standard commercial review
CONT-HCDN-0554,VEND-HCDN-039,Synthetic Healthcare Supplier 039,AI/document automation SOW,Workplace and Contact Center,Surgery,Medicare Advantage quality services,2022-06-01,2028-12-31,active multi-year,per claim,withheld,standard termination rights,no minimum beyond SOW baseline,RATE-HCDN-135,standard service credits,fixed or negotiated escalator,standard change-control language,subcontracting permitted with controls,US data residency,transition assistance to confirm,SRC-HCDN-SLA-015,SRC-HCDN-INV-027,SRC-HCDN-CO-035,LOT-HCDN-06,,,EVAL-HCDN-003,standard commercial review
CONT-HCDN-0555,VEND-HCDN-046,Synthetic Healthcare Supplier 046,MSA,Security Identity and Compliance,Imaging,risk adjustment analytics,2023-07-01,2026-12-31,extension option,per encounter,exact,standard termination rights,no minimum beyond SOW baseline,RATE-HCDN-136,service credits capped and under-defined,fixed or negotiated escalator,standard change-control language,subcontracting permitted with controls,US data residency,transition assistance to confirm,SRC-HCDN-SLA-016,SRC-HCDN-INV-028,SRC-HCDN-CO-036,LOT-HCDN-07,PROP-HCDN-01,,EVAL-HCDN-004,standard commercial review
CONT-HCDN-0556,VEND-HCDN-053,Synthetic Healthcare Supplier 053,SOW,Integration and Interoperability,Lab,prior authorization operations,2020-08-01,2027-12-31,transition assistance required,consumption,range,standard termination rights,no minimum beyond SOW baseline,RATE-HCDN-137,standard service credits,fixed or negotiated escalator,standard change-control language,subcontracting permitted with controls,US data residency,transition assistance explicit,SRC-HCDN-SLA-017,SRC-HCDN-INV-029,SRC-HCDN-CO-037,LOT-HCDN-08,,,EVAL-HCDN-005,standard commercial review
CONT-HCDN-0557,VEND-HCDN-060,Synthetic Healthcare Supplier 060,rate card,ERP and Corporate Platforms,Pharmacy,revenue-cycle outsourcing,2021-09-01,2028-12-31,exit rights need review,hybrid fixed plus variable,indexed,standard termination rights,no minimum beyond SOW baseline,RATE-HCDN-138,standard service credits,fixed or negotiated escalator,standard change-control language,subcontracting permitted with controls,US data residency,transition assistance to confirm,SRC-HCDN-SLA-018,SRC-HCDN-INV-030,SRC-HCDN-CO-038,LOT-HCDN-09,,,EVAL-HCDN-006,standard commercial review
CONT-HCDN-0558,VEND-HCDN-067,Synthetic Healthcare Supplier 067,Epic support agreement,Clinical and Epic AMS,Oncology,cloud/data platform operations,2022-01-01,2026-12-31,renewal within 12 months,committed spend,trend-only,termination for convenience with notice,no minimum beyond SOW baseline,RATE-HCDN-139,standard service credits,CPI escalator above threshold,standard change-control language,subcontracting permitted with controls,US data residency,transition assistance to confirm,SRC-HCDN-SLA-019,SRC-HCDN-INV-031,SRC-HCDN-CO-039,LOT-HCDN-01,PROP-HCDN-01,BAFO-HCDN-01,EVAL-HCDN-007,standard commercial review
CONT-HCDN-0559,VEND-HCDN-074,Synthetic Healthcare Supplier 074,claims admin agreement,Payer Platform Operations,Cardiology,SQL Server/EDW managed services,2023-02-01,2027-12-31,renewal within 24 months,outcome-linked,withheld,standard termination rights,no minimum beyond SOW baseline,RATE-HCDN-140,standard service credits,fixed or negotiated escalator,standard change-control language,subcontracting permitted with controls,US data residency,transition assistance to confirm,SRC-HCDN-SLA-020,SRC-HCDN-INV-032,SRC-HCDN-CO-040,LOT-HCDN-02,,,EVAL-HCDN-008,standard commercial review
CONT-HCDN-0560,VEND-HCDN-081,Synthetic Healthcare Supplier 081,PBM services SOW,Data Analytics and AI,Data and Analytics,contact center operations,2020-03-01,2028-12-31,active multi-year,fixed fee,exact,termination limited during transition,minimum annual commitment applies,RATE-HCDN-001,service credits capped and under-defined,fixed or negotiated escalator,standard change-control language,subcontracting permitted with controls,PHI/data residency review required,transition assistance explicit,SRC-HCDN-SLA-021,SRC-HCDN-INV-033,SRC-HCDN-CO-041,LOT-HCDN-03,,,EVAL-HCDN-009,high exit-term sensitivity
CONT-HCDN-0561,VEND-HCDN-088,Synthetic Healthcare Supplier 088,BPO services SOW,Revenue Cycle Technology,Clinical Analytics,payment integrity,2021-04-01,2026-12-31,extension option,T&M,range,standard termination rights,no minimum beyond SOW baseline,RATE-HCDN-002,standard service credits,fixed or negotiated escalator,change-control ambiguity,subcontracting permitted with controls,US data residency,transition assistance to confirm,SRC-HCDN-SLA-022,SRC-HCDN-INV-034,SRC-HCDN-CO-042,LOT-HCDN-04,PROP-HCDN-01,,EVAL-HCDN-010,standard commercial review
CONT-HCDN-0562,VEND-HCDN-095,Synthetic Healthcare Supplier 095,cloud commit,Cloud Infrastructure and Data Center,Actuarial,identity/security operations,2022-05-01,2027-12-31,transition assistance required,unit rate,indexed,standard termination rights,no minimum beyond SOW baseline,RATE-HCDN-003,standard service credits,fixed or negotiated escalator,standard change-control language,subcontracting permitted with controls,US data residency,transition assistance to confirm,SRC-HCDN-SLA-023,SRC-HCDN-INV-035,SRC-HCDN-CO-043,LOT-HCDN-05,,,EVAL-HCDN-011,standard commercial review
CONT-HCDN-0563,VEND-HCDN-102,Synthetic Healthcare Supplier 102,data platform subscription,Workplace and Contact Center,Departmental Reporting,interoperability services,2023-06-01,2028-12-31,exit rights need review,per member per month,trend-only,standard termination rights,no minimum beyond SOW baseline,RATE-HCDN-004,standard service credits,fixed or negotiated escalator,standard change-control language,subcontracting permitted with controls,US data residency,transition assistance to confirm,SRC-HCDN-SLA-024,SRC-HCDN-INV-036,SRC-HCDN-CO-044,LOT-HCDN-06,,,EVAL-HCDN-012,standard commercial review
CONT-HCDN-0564,VEND-HCDN-109,Synthetic Healthcare Supplier 109,software subscription,Security Identity and Compliance,AI Transformation,Epic support and optimization,2020-07-01,2026-12-31,renewal within 12 months,per claim,withheld,termination for convenience with notice,no minimum beyond SOW baseline,RATE-HCDN-005,standard service credits,fixed or negotiated escalator,standard change-control language,subcontractor approval required,US data residency,transition assistance explicit,SRC-HCDN-SLA-025,SRC-HCDN-INV-037,SRC-HCDN-CO-045,LOT-HCDN-07,PROP-HCDN-01,BAFO-HCDN-01,EVAL-HCDN-013,standard commercial review
CONT-HCDN-0565,VEND-HCDN-116,Synthetic Healthcare Supplier 116,professional services SOW,Integration and Interoperability,Technology,claims operations,2021-08-01,2027-12-31,renewal within 24 months,per encounter,exact,standard termination rights,no minimum beyond SOW baseline,RATE-HCDN-006,service credits capped and under-defined,fixed or negotiated escalator,standard change-control language,subcontracting permitted with controls,US data residency,transition assistance to confirm,SRC-HCDN-SLA-026,SRC-HCDN-INV-038,SRC-HCDN-CO-046,LOT-HCDN-08,,,EVAL-HCDN-014,standard commercial review
CONT-HCDN-0566,VEND-HCDN-123,Synthetic Healthcare Supplier 123,maintenance agreement,ERP and Corporate Platforms,Security,Medicare Advantage quality services,2022-09-01,2028-12-31,active multi-year,consumption,range,standard termination rights,no minimum beyond SOW baseline,RATE-HCDN-007,standard service credits,fixed or negotiated escalator,standard change-control language,subcontracting permitted with controls,US data residency,transition assistance to confirm,SRC-HCDN-SLA-027,SRC-HCDN-INV-039,SRC-HCDN-CO-047,LOT-HCDN-09,,,EVAL-HCDN-015,standard commercial review
CONT-HCDN-0567,VEND-HCDN-130,Synthetic Healthcare Supplier 130,telecom services,Clinical and Epic AMS,Procurement,risk adjustment analytics,2023-01-01,2026-12-31,extension option,hybrid fixed plus variable,indexed,standard termination rights,minimum annual commitment applies,RATE-HCDN-008,standard service credits,CPI escalator above threshold,standard change-control language,subcontracting permitted with controls,US data residency,transition assistance to confirm,SRC-HCDN-SLA-028,SRC-HCDN-INV-040,SRC-HCDN-CO-048,LOT-HCDN-01,PROP-HCDN-01,,EVAL-HCDN-016,standard commercial review
CONT-HCDN-0568,VEND-HCDN-137,Synthetic Healthcare Supplier 137,cybersecurity services,Payer Platform Operations,HR,prior authorization operations,2020-02-01,2027-12-31,transition assistance required,committed spend,trend-only,termination limited during transition,no minimum beyond SOW baseline,RATE-HCDN-009,standard service credits,fixed or negotiated escalator,standard change-control language,subcontracting permitted with controls,US data residency,transition assistance explicit,SRC-HCDN-SLA-029,SRC-HCDN-INV-041,SRC-HCDN-CO-049,LOT-HCDN-02,,,EVAL-HCDN-017,high exit-term sensitivity
CONT-HCDN-0569,VEND-HCDN-144,Synthetic Healthcare Supplier 144,AI/document automation SOW,Data Analytics and AI,Supply Chain,revenue-cycle outsourcing,2021-03-01,2028-12-31,exit rights need review,outcome-linked,withheld,standard termination rights,no minimum beyond SOW baseline,RATE-HCDN-010,standard service credits,fixed or negotiated escalator,standard change-control language,subcontracting permitted with controls,US data residency,transition assistance to confirm,SRC-HCDN-SLA-030,SRC-HCDN-INV-042,SRC-HCDN-CO-050,LOT-HCDN-03,,,EVAL-HCDN-018,standard commercial review
CONT-HCDN-0570,VEND-HCDN-151,Synthetic Healthcare Supplier 151,MSA,Revenue Cycle Technology,Privacy,cloud/data platform operations,2022-04-01,2026-12-31,renewal within 12 months,fixed fee,exact,termination for convenience with notice,no minimum beyond SOW baseline,RATE-HCDN-011,service credits capped and under-defined,fixed or negotiated escalator,standard change-control language,subcontracting permitted with controls,PHI/data residency review required,transition assistance to confirm,SRC-HCDN-SLA-031,SRC-HCDN-INV-043,SRC-HCDN-CO-051,LOT-HCDN-04,PROP-HCDN-01,BAFO-HCDN-01,EVAL-HCDN-019,supplier concentration
CONT-HCDN-0571,VEND-HCDN-158,Synthetic Healthcare Supplier 158,SOW,Cloud Infrastructure and Data Center,Compliance,SQL Server/EDW managed services,2023-05-01,2027-12-31,renewal within 24 months,T&M,range,standard termination rights,no minimum beyond SOW baseline,RATE-HCDN-012,standard service credits,fixed or negotiated escalator,standard change-control language,subcontracting permitted with controls,US data residency,transition assistance to confirm,SRC-HCDN-SLA-032,SRC-HCDN-INV-044,SRC-HCDN-CO-052,LOT-HCDN-05,,,EVAL-HCDN-020,standard commercial review
CONT-HCDN-0572,VEND-HCDN-165,Synthetic Healthcare Supplier 165,rate card,Workplace and Contact Center,Provider Network,contact center operations,2020-06-01,2028-12-31,active multi-year,unit rate,indexed,standard termination rights,no minimum beyond SOW baseline,RATE-HCDN-013,standard service credits,fixed or negotiated escalator,change-control ambiguity,subcontracting permitted with controls,US data residency,transition assistance explicit,SRC-HCDN-SLA-033,SRC-HCDN-INV-045,SRC-HCDN-CO-001,LOT-HCDN-06,,,EVAL-HCDN-021,standard commercial review
CONT-HCDN-0573,VEND-HCDN-172,Synthetic Healthcare Supplier 172,Epic support agreement,Security Identity and Compliance,Value-Based Care,payment integrity,2021-07-01,2026-12-31,extension option,per member per month,trend-only,standard termination rights,no minimum beyond SOW baseline,RATE-HCDN-014,standard service credits,fixed or negotiated escalator,standard change-control language,subcontracting permitted with controls,US data residency,transition assistance to confirm,SRC-HCDN-SLA-034,SRC-HCDN-INV-046,SRC-HCDN-CO-002,LOT-HCDN-07,PROP-HCDN-01,,EVAL-HCDN-022,standard commercial review
CONT-HCDN-0574,VEND-HCDN-179,Synthetic Healthcare Supplier 179,claims admin agreement,Integration and Interoperability,Clinical Operations,identity/security operations,2022-08-01,2027-12-31,transition assistance required,per claim,withheld,standard termination rights,minimum annual commitment applies,RATE-HCDN-015,standard service credits,fixed or negotiated escalator,standard change-control language,subcontracting permitted with controls,US data residency,transition assistance to confirm,SRC-HCDN-SLA-035,SRC-HCDN-INV-047,SRC-HCDN-CO-003,LOT-HCDN-08,,,EVAL-HCDN-023,standard commercial review
CONT-HCDN-0575,VEND-HCDN-186,Synthetic Healthcare Supplier 186,PBM services SOW,ERP and Corporate Platforms,Revenue Cycle,interoperability services,2023-09-01,2028-12-31,exit rights need review,per encounter,exact,standard termination rights,no minimum beyond SOW baseline,RATE-HCDN-016,service credits capped and under-defined,fixed or negotiated escalator,standard change-control language,subcontracting permitted with controls,US data residency,transition assistance to confirm,SRC-HCDN-SLA-036,SRC-HCDN-INV-048,SRC-HCDN-CO-004,LOT-HCDN-09,,,EVAL-HCDN-024,standard commercial review
CONT-HCDN-0576,VEND-HCDN-193,Synthetic Healthcare Supplier 193,BPO services SOW,Clinical and Epic AMS,Patient Access,Epic support and optimization,2020-01-01,2026-12-31,renewal within 12 months,consumption,range,termination for convenience with notice,no minimum beyond SOW baseline,RATE-HCDN-017,standard service credits,CPI escalator above threshold,standard change-control language,subcontractor approval required,US data residency,transition assistance explicit,SRC-HCDN-SLA-001,SRC-HCDN-INV-001,SRC-HCDN-CO-005,LOT-HCDN-01,PROP-HCDN-01,BAFO-HCDN-01,EVAL-HCDN-001,high exit-term sensitivity
CONT-HCDN-0577,VEND-HCDN-200,Synthetic Healthcare Supplier 200,cloud commit,Payer Platform Operations,Interoperability,claims operations,2021-02-01,2027-12-31,renewal within 24 months,hybrid fixed plus variable,indexed,standard termination rights,no minimum beyond SOW baseline,RATE-HCDN-018,standard service credits,fixed or negotiated escalator,standard change-control language,subcontracting permitted with controls,US data residency,transition assistance to confirm,SRC-HCDN-SLA-002,SRC-HCDN-INV-002,SRC-HCDN-CO-006,LOT-HCDN-02,,,EVAL-HCDN-002,standard commercial review
CONT-HCDN-0578,VEND-HCDN-207,Synthetic Healthcare Supplier 207,data platform subscription,Data Analytics and AI,Population Health,Medicare Advantage quality services,2022-03-01,2028-12-31,active multi-year,committed spend,trend-only,standard termination rights,no minimum beyond SOW baseline,RATE-HCDN-019,standard service credits,fixed or negotiated escalator,standard change-control language,subcontracting permitted with controls,US data residency,transition assistance to confirm,SRC-HCDN-SLA-003,SRC-HCDN-INV-003,SRC-HCDN-CO-007,LOT-HCDN-03,,,EVAL-HCDN-003,standard commercial review
CONT-HCDN-0579,VEND-HCDN-214,Synthetic Healthcare Supplier 214,software subscription,Revenue Cycle Technology,Health Plan Operations,risk adjustment analytics,2023-04-01,2026-12-31,extension option,outcome-linked,withheld,standard termination rights,no minimum beyond SOW baseline,RATE-HCDN-020,standard service credits,fixed or negotiated escalator,standard change-control language,subcontracting permitted with controls,US data residency,transition assistance to confirm,SRC-HCDN-SLA-004,SRC-HCDN-INV-004,SRC-HCDN-CO-008,LOT-HCDN-04,PROP-HCDN-01,,EVAL-HCDN-004,standard commercial review
CONT-HCDN-0580,VEND-HCDN-221,Synthetic Healthcare Supplier 221,professional services SOW,Cloud Infrastructure and Data Center,Medicare Advantage,prior authorization operations,2020-05-01,2027-12-31,transition assistance required,fixed fee,exact,standard termination rights,no minimum beyond SOW baseline,RATE-HCDN-021,service credits capped and under-defined,fixed or negotiated escalator,standard change-control language,subcontracting permitted with controls,PHI/data residency review required,transition assistance explicit,SRC-HCDN-SLA-005,SRC-HCDN-INV-005,SRC-HCDN-CO-009,LOT-HCDN-05,,,EVAL-HCDN-005,supplier concentration
CONT-HCDN-0581,VEND-HCDN-228,Synthetic Healthcare Supplier 228,maintenance agreement,Workplace and Contact Center,Claims Operations,revenue-cycle outsourcing,2021-06-01,2028-12-31,exit rights need review,T&M,range,standard termination rights,minimum annual commitment applies,RATE-HCDN-022,standard service credits,fixed or negotiated escalator,standard change-control language,subcontracting permitted with controls,US data residency,transition assistance to confirm,SRC-HCDN-SLA-006,SRC-HCDN-INV-006,SRC-HCDN-CO-010,LOT-HCDN-06,,,EVAL-HCDN-006,standard commercial review
CONT-HCDN-0582,VEND-HCDN-235,Synthetic Healthcare Supplier 235,telecom services,Security Identity and Compliance,Utilization Management,cloud/data platform operations,2022-07-01,2026-12-31,renewal within 12 months,unit rate,indexed,termination for convenience with notice,no minimum beyond SOW baseline,RATE-HCDN-023,standard service credits,fixed or negotiated escalator,standard change-control language,subcontracting permitted with controls,US data residency,transition assistance to confirm,SRC-HCDN-SLA-007,SRC-HCDN-INV-007,SRC-HCDN-CO-011,LOT-HCDN-07,PROP-HCDN-01,BAFO-HCDN-01,EVAL-HCDN-007,standard commercial review
CONT-HCDN-0583,VEND-HCDN-242,Synthetic Healthcare Supplier 242,cybersecurity services,Integration and Interoperability,Member Services,SQL Server/EDW managed services,2023-08-01,2027-12-31,renewal within 24 months,per member per month,trend-only,standard termination rights,no minimum beyond SOW baseline,RATE-HCDN-024,standard service credits,fixed or negotiated escalator,change-control ambiguity,subcontracting permitted with controls,US data residency,transition assistance to confirm,SRC-HCDN-SLA-008,SRC-HCDN-INV-008,SRC-HCDN-CO-012,LOT-HCDN-08,,,EVAL-HCDN-008,standard commercial review
CONT-HCDN-0584,VEND-HCDN-249,Synthetic Healthcare Supplier 249,AI/document automation SOW,ERP and Corporate Platforms,Quality and Stars,contact center operations,2020-09-01,2028-12-31,active multi-year,per claim,withheld,termination limited during transition,no minimum beyond SOW baseline,RATE-HCDN-025,standard service credits,fixed or negotiated escalator,standard change-control language,subcontracting permitted with controls,US data residency,transition assistance explicit,SRC-HCDN-SLA-009,SRC-HCDN-INV-009,SRC-HCDN-CO-013,LOT-HCDN-09,,,EVAL-HCDN-009,high exit-term sensitivity
CONT-HCDN-0585,VEND-HCDN-256,Synthetic Healthcare Supplier 256,MSA,Clinical and Epic AMS,Risk Adjustment,payment integrity,2021-01-01,2026-12-31,extension option,per encounter,exact,standard termination rights,no minimum beyond SOW baseline,RATE-HCDN-026,service credits capped and under-defined,CPI escalator above threshold,standard change-control language,subcontracting permitted with controls,US data residency,transition assistance to confirm,SRC-HCDN-SLA-010,SRC-HCDN-INV-010,SRC-HCDN-CO-014,LOT-HCDN-01,PROP-HCDN-01,,EVAL-HCDN-010,standard commercial review
CONT-HCDN-0586,VEND-HCDN-263,Synthetic Healthcare Supplier 263,SOW,Payer Platform Operations,Care Management,identity/security operations,2022-02-01,2027-12-31,transition assistance required,consumption,range,standard termination rights,no minimum beyond SOW baseline,RATE-HCDN-027,standard service credits,fixed or negotiated escalator,standard change-control language,subcontracting permitted with controls,US data residency,transition assistance to confirm,SRC-HCDN-SLA-011,SRC-HCDN-INV-011,SRC-HCDN-CO-015,LOT-HCDN-02,,,EVAL-HCDN-011,standard commercial review
CONT-HCDN-0587,VEND-HCDN-270,Synthetic Healthcare Supplier 270,rate card,Data Analytics and AI,Finance,interoperability services,2023-03-01,2028-12-31,exit rights need review,hybrid fixed plus variable,indexed,standard termination rights,no minimum beyond SOW baseline,RATE-HCDN-028,standard service credits,fixed or negotiated escalator,standard change-control language,subcontracting permitted with controls,US data residency,transition assistance to confirm,SRC-HCDN-SLA-012,SRC-HCDN-INV-012,SRC-HCDN-CO-016,LOT-HCDN-03,,,EVAL-HCDN-012,standard commercial review
CONT-HCDN-0588,VEND-HCDN-277,Synthetic Healthcare Supplier 277,Epic support agreement,Revenue Cycle Technology,Coding,Epic support and optimization,2020-04-01,2026-12-31,renewal within 12 months,committed spend,trend-only,termination for convenience with notice,minimum annual commitment applies,RATE-HCDN-029,standard service credits,fixed or negotiated escalator,standard change-control language,subcontractor approval required,US data residency,transition assistance explicit,SRC-HCDN-SLA-013,SRC-HCDN-INV-013,SRC-HCDN-CO-017,LOT-HCDN-04,PROP-HCDN-01,BAFO-HCDN-01,EVAL-HCDN-013,standard commercial review
CONT-HCDN-0589,VEND-HCDN-284,Synthetic Healthcare Supplier 284,claims admin agreement,Cloud Infrastructure and Data Center,Payer Contracting,claims operations,2021-05-01,2027-12-31,renewal within 24 months,outcome-linked,withheld,standard termination rights,no minimum beyond SOW baseline,RATE-HCDN-030,standard service credits,fixed or negotiated escalator,standard change-control language,subcontracting permitted with controls,US data residency,transition assistance to confirm,SRC-HCDN-SLA-014,SRC-HCDN-INV-014,SRC-HCDN-CO-018,LOT-HCDN-05,,,EVAL-HCDN-014,standard commercial review
CONT-HCDN-0590,VEND-HCDN-291,Synthetic Healthcare Supplier 291,PBM services SOW,Workplace and Contact Center,Digital Front Door,Medicare Advantage quality services,2022-06-01,2028-12-31,active multi-year,fixed fee,exact,standard termination rights,no minimum beyond SOW baseline,RATE-HCDN-031,service credits capped and under-defined,fixed or negotiated escalator,standard change-control language,subcontracting permitted with controls,PHI/data residency review required,transition assistance to confirm,SRC-HCDN-SLA-015,SRC-HCDN-INV-015,SRC-HCDN-CO-019,LOT-HCDN-06,,,EVAL-HCDN-015,supplier concentration
CONT-HCDN-0591,VEND-HCDN-298,Synthetic Healthcare Supplier 298,BPO services SOW,Security Identity and Compliance,Contact Center,risk adjustment analytics,2023-07-01,2026-12-31,extension option,T&M,range,standard termination rights,no minimum beyond SOW baseline,RATE-HCDN-032,standard service credits,fixed or negotiated escalator,standard change-control language,subcontracting permitted with controls,US data residency,transition assistance to confirm,SRC-HCDN-SLA-016,SRC-HCDN-INV-016,SRC-HCDN-CO-020,LOT-HCDN-07,PROP-HCDN-01,,EVAL-HCDN-016,standard commercial review
CONT-HCDN-0592,VEND-HCDN-305,Synthetic Healthcare Supplier 305,cloud commit,Integration and Interoperability,Ambulatory Care,prior authorization operations,2020-08-01,2027-12-31,transition assistance required,unit rate,indexed,termination limited during transition,no minimum beyond SOW baseline,RATE-HCDN-033,standard service credits,fixed or negotiated escalator,standard change-control language,subcontracting permitted with controls,US data residency,transition assistance explicit,SRC-HCDN-SLA-017,SRC-HCDN-INV-017,SRC-HCDN-CO-021,LOT-HCDN-08,,,EVAL-HCDN-017,high exit-term sensitivity
CONT-HCDN-0593,VEND-HCDN-312,Synthetic Healthcare Supplier 312,data platform subscription,ERP and Corporate Platforms,Emergency Department,revenue-cycle outsourcing,2021-09-01,2028-12-31,exit rights need review,per member per month,trend-only,standard termination rights,no minimum beyond SOW baseline,RATE-HCDN-034,standard service credits,fixed or negotiated escalator,standard change-control language,subcontracting permitted with controls,US data residency,transition assistance to confirm,SRC-HCDN-SLA-018,SRC-HCDN-INV-018,SRC-HCDN-CO-022,LOT-HCDN-09,,,EVAL-HCDN-018,standard commercial review
CONT-HCDN-0594,VEND-HCDN-319,Synthetic Healthcare Supplier 319,software subscription,Clinical and Epic AMS,Inpatient,cloud/data platform operations,2022-01-01,2026-12-31,renewal within 12 months,per claim,withheld,termination for convenience with notice,no minimum beyond SOW baseline,RATE-HCDN-035,standard service credits,CPI escalator above threshold,change-control ambiguity,subcontracting permitted with controls,US data residency,transition assistance to confirm,SRC-HCDN-SLA-019,SRC-HCDN-INV-019,SRC-HCDN-CO-023,LOT-HCDN-01,PROP-HCDN-01,BAFO-HCDN-01,EVAL-HCDN-019,standard commercial review
CONT-HCDN-0595,VEND-HCDN-326,Synthetic Healthcare Supplier 326,professional services SOW,Payer Platform Operations,Surgery,SQL Server/EDW managed services,2023-02-01,2027-12-31,renewal within 24 months,per encounter,exact,standard termination rights,minimum annual commitment applies,RATE-HCDN-036,service credits capped and under-defined,fixed or negotiated escalator,standard change-control language,subcontracting permitted with controls,US data residency,transition assistance to confirm,SRC-HCDN-SLA-020,SRC-HCDN-INV-020,SRC-HCDN-CO-024,LOT-HCDN-02,,,EVAL-HCDN-020,standard commercial review
CONT-HCDN-0596,VEND-HCDN-333,Synthetic Healthcare Supplier 333,maintenance agreement,Data Analytics and AI,Imaging,contact center operations,2020-03-01,2028-12-31,active multi-year,consumption,range,standard termination rights,no minimum beyond SOW baseline,RATE-HCDN-037,standard service credits,fixed or negotiated escalator,standard change-control language,subcontracting permitted with controls,US data residency,transition assistance explicit,SRC-HCDN-SLA-021,SRC-HCDN-INV-021,SRC-HCDN-CO-025,LOT-HCDN-03,,,EVAL-HCDN-021,standard commercial review
CONT-HCDN-0597,VEND-HCDN-340,Synthetic Healthcare Supplier 340,telecom services,Revenue Cycle Technology,Lab,payment integrity,2021-04-01,2026-12-31,extension option,hybrid fixed plus variable,indexed,standard termination rights,no minimum beyond SOW baseline,RATE-HCDN-038,standard service credits,fixed or negotiated escalator,standard change-control language,subcontracting permitted with controls,US data residency,transition assistance to confirm,SRC-HCDN-SLA-022,SRC-HCDN-INV-022,SRC-HCDN-CO-026,LOT-HCDN-04,PROP-HCDN-01,,EVAL-HCDN-022,standard commercial review
CONT-HCDN-0598,VEND-HCDN-347,Synthetic Healthcare Supplier 347,cybersecurity services,Cloud Infrastructure and Data Center,Pharmacy,identity/security operations,2022-05-01,2027-12-31,transition assistance required,committed spend,trend-only,standard termination rights,no minimum beyond SOW baseline,RATE-HCDN-039,standard service credits,fixed or negotiated escalator,standard change-control language,subcontracting permitted with controls,US data residency,transition assistance to confirm,SRC-HCDN-SLA-023,SRC-HCDN-INV-023,SRC-HCDN-CO-027,LOT-HCDN-05,,,EVAL-HCDN-023,standard commercial review
CONT-HCDN-0599,VEND-HCDN-354,Synthetic Healthcare Supplier 354,AI/document automation SOW,Workplace and Contact Center,Oncology,interoperability services,2023-06-01,2028-12-31,exit rights need review,outcome-linked,withheld,standard termination rights,no minimum beyond SOW baseline,RATE-HCDN-040,standard service credits,fixed or negotiated escalator,standard change-control language,subcontracting permitted with controls,US data residency,transition assistance to confirm,SRC-HCDN-SLA-024,SRC-HCDN-INV-024,SRC-HCDN-CO-028,LOT-HCDN-06,,,EVAL-HCDN-024,standard commercial review
CONT-HCDN-0600,VEND-HCDN-361,Synthetic Healthcare Supplier 361,MSA,Security Identity and Compliance,Cardiology,Epic support and optimization,2020-07-01,2026-12-31,renewal within 12 months,fixed fee,exact,termination for convenience with notice,no minimum beyond SOW baseline,RATE-HCDN-041,service credits capped and under-defined,fixed or negotiated escalator,standard change-control language,subcontractor approval required,PHI/data residency review required,transition assistance explicit,SRC-HCDN-SLA-025,SRC-HCDN-INV-025,SRC-HCDN-CO-029,LOT-HCDN-07,PROP-HCDN-01,BAFO-HCDN-01,EVAL-HCDN-001,high exit-term sensitivity
CONT-HCDN-0601,VEND-HCDN-368,Synthetic Healthcare Supplier 368,SOW,Integration and Interoperability,Data and Analytics,claims operations,2021-08-01,2027-12-31,renewal within 24 months,T&M,range,standard termination rights,no minimum beyond SOW baseline,RATE-HCDN-042,standard service credits,fixed or negotiated escalator,standard change-control language,subcontracting permitted with controls,US data residency,transition assistance to confirm,SRC-HCDN-SLA-026,SRC-HCDN-INV-026,SRC-HCDN-CO-030,LOT-HCDN-08,,,EVAL-HCDN-002,standard commercial review
CONT-HCDN-0602,VEND-HCDN-375,Synthetic Healthcare Supplier 375,rate card,ERP and Corporate Platforms,Clinical Analytics,Medicare Advantage quality services,2022-09-01,2028-12-31,active multi-year,unit rate,indexed,standard termination rights,minimum annual commitment applies,RATE-HCDN-043,standard service credits,fixed or negotiated escalator,standard change-control language,subcontracting permitted with controls,US data residency,transition assistance to confirm,SRC-HCDN-SLA-027,SRC-HCDN-INV-027,SRC-HCDN-CO-031,LOT-HCDN-09,,,EVAL-HCDN-003,standard commercial review
CONT-HCDN-0603,VEND-HCDN-382,Synthetic Healthcare Supplier 382,Epic support agreement,Clinical and Epic AMS,Actuarial,risk adjustment analytics,2023-01-01,2026-12-31,extension option,per member per month,trend-only,standard termination rights,no minimum beyond SOW baseline,RATE-HCDN-044,standard service credits,CPI escalator above threshold,standard change-control language,subcontracting permitted with controls,US data residency,transition assistance to confirm,SRC-HCDN-SLA-028,SRC-HCDN-INV-028,SRC-HCDN-CO-032,LOT-HCDN-01,PROP-HCDN-01,,EVAL-HCDN-004,standard commercial review
CONT-HCDN-0604,VEND-HCDN-389,Synthetic Healthcare Supplier 389,claims admin agreement,Payer Platform Operations,Departmental Reporting,prior authorization operations,2020-02-01,2027-12-31,transition assistance required,per claim,withheld,standard termination rights,no minimum beyond SOW baseline,RATE-HCDN-045,standard service credits,fixed or negotiated escalator,standard change-control language,subcontracting permitted with controls,US data residency,transition assistance explicit,SRC-HCDN-SLA-029,SRC-HCDN-INV-029,SRC-HCDN-CO-033,LOT-HCDN-02,,,EVAL-HCDN-005,standard commercial review
CONT-HCDN-0605,VEND-HCDN-396,Synthetic Healthcare Supplier 396,PBM services SOW,Data Analytics and AI,AI Transformation,revenue-cycle outsourcing,2021-03-01,2028-12-31,exit rights need review,per encounter,exact,standard termination rights,no minimum beyond SOW baseline,RATE-HCDN-046,service credits capped and under-defined,fixed or negotiated escalator,change-control ambiguity,subcontracting permitted with controls,US data residency,transition assistance to confirm,SRC-HCDN-SLA-030,SRC-HCDN-INV-030,SRC-HCDN-CO-034,LOT-HCDN-03,,,EVAL-HCDN-006,standard commercial review
CONT-HCDN-0606,VEND-HCDN-403,Synthetic Healthcare Supplier 403,BPO services SOW,Revenue Cycle Technology,Technology,cloud/data platform operations,2022-04-01,2026-12-31,renewal within 12 months,consumption,range,termination for convenience with notice,no minimum beyond SOW baseline,RATE-HCDN-047,standard service credits,fixed or negotiated escalator,standard change-control language,subcontracting permitted with controls,US data residency,transition assistance to confirm,SRC-HCDN-SLA-031,SRC-HCDN-INV-031,SRC-HCDN-CO-035,LOT-HCDN-04,PROP-HCDN-01,BAFO-HCDN-01,EVAL-HCDN-007,standard commercial review
CONT-HCDN-0607,VEND-HCDN-410,Synthetic Healthcare Supplier 410,cloud commit,Cloud Infrastructure and Data Center,Security,SQL Server/EDW managed services,2023-05-01,2027-12-31,renewal within 24 months,hybrid fixed plus variable,indexed,standard termination rights,no minimum beyond SOW baseline,RATE-HCDN-048,standard service credits,fixed or negotiated escalator,standard change-control language,subcontracting permitted with controls,US data residency,transition assistance to confirm,SRC-HCDN-SLA-032,SRC-HCDN-INV-032,SRC-HCDN-CO-036,LOT-HCDN-05,,,EVAL-HCDN-008,standard commercial review
CONT-HCDN-0608,VEND-HCDN-417,Synthetic Healthcare Supplier 417,data platform subscription,Workplace and Contact Center,Procurement,contact center operations,2020-06-01,2028-12-31,active multi-year,committed spend,trend-only,termination limited during transition,no minimum beyond SOW baseline,RATE-HCDN-049,standard service credits,fixed or negotiated escalator,standard change-control language,subcontracting permitted with controls,US data residency,transition assistance explicit,SRC-HCDN-SLA-033,SRC-HCDN-INV-033,SRC-HCDN-CO-037,LOT-HCDN-06,,,EVAL-HCDN-009,high exit-term sensitivity
CONT-HCDN-0609,VEND-HCDN-424,Synthetic Healthcare Supplier 424,software subscription,Security Identity and Compliance,HR,payment integrity,2021-07-01,2026-12-31,extension option,outcome-linked,withheld,standard termination rights,minimum annual commitment applies,RATE-HCDN-050,standard service credits,fixed or negotiated escalator,standard change-control language,subcontracting permitted with controls,US data residency,transition assistance to confirm,SRC-HCDN-SLA-034,SRC-HCDN-INV-034,SRC-HCDN-CO-038,LOT-HCDN-07,PROP-HCDN-01,,EVAL-HCDN-010,standard commercial review
CONT-HCDN-0610,VEND-HCDN-431,Synthetic Healthcare Supplier 431,professional services SOW,Integration and Interoperability,Supply Chain,identity/security operations,2022-08-01,2027-12-31,transition assistance required,fixed fee,exact,standard termination rights,no minimum beyond SOW baseline,RATE-HCDN-051,service credits capped and under-defined,fixed or negotiated escalator,standard change-control language,subcontracting permitted with controls,PHI/data residency review required,transition assistance to confirm,SRC-HCDN-SLA-035,SRC-HCDN-INV-035,SRC-HCDN-CO-039,LOT-HCDN-08,,,EVAL-HCDN-011,supplier concentration
CONT-HCDN-0611,VEND-HCDN-438,Synthetic Healthcare Supplier 438,maintenance agreement,ERP and Corporate Platforms,Privacy,interoperability services,2023-09-01,2028-12-31,exit rights need review,T&M,range,standard termination rights,no minimum beyond SOW baseline,RATE-HCDN-052,standard service credits,fixed or negotiated escalator,standard change-control language,subcontracting permitted with controls,US data residency,transition assistance to confirm,SRC-HCDN-SLA-036,SRC-HCDN-INV-036,SRC-HCDN-CO-040,LOT-HCDN-09,,,EVAL-HCDN-012,standard commercial review
CONT-HCDN-0612,VEND-HCDN-445,Synthetic Healthcare Supplier 445,telecom services,Clinical and Epic AMS,Compliance,Epic support and optimization,2020-01-01,2026-12-31,renewal within 12 months,unit rate,indexed,termination for convenience with notice,no minimum beyond SOW baseline,RATE-HCDN-053,standard service credits,CPI escalator above threshold,standard change-control language,subcontractor approval required,US data residency,transition assistance explicit,SRC-HCDN-SLA-001,SRC-HCDN-INV-037,SRC-HCDN-CO-041,LOT-HCDN-01,PROP-HCDN-01,BAFO-HCDN-01,EVAL-HCDN-013,standard commercial review
CONT-HCDN-0613,VEND-HCDN-452,Synthetic Healthcare Supplier 452,cybersecurity services,Payer Platform Operations,Provider Network,claims operations,2021-02-01,2027-12-31,renewal within 24 months,per member per month,trend-only,standard termination rights,no minimum beyond SOW baseline,RATE-HCDN-054,standard service credits,fixed or negotiated escalator,standard change-control language,subcontracting permitted with controls,US data residency,transition assistance to confirm,SRC-HCDN-SLA-002,SRC-HCDN-INV-038,SRC-HCDN-CO-042,LOT-HCDN-02,,,EVAL-HCDN-014,standard commercial review
CONT-HCDN-0614,VEND-HCDN-459,Synthetic Healthcare Supplier 459,AI/document automation SOW,Data Analytics and AI,Value-Based Care,Medicare Advantage quality services,2022-03-01,2028-12-31,active multi-year,per claim,withheld,standard termination rights,no minimum beyond SOW baseline,RATE-HCDN-055,standard service credits,fixed or negotiated escalator,standard change-control language,subcontracting permitted with controls,US data residency,transition assistance to confirm,SRC-HCDN-SLA-003,SRC-HCDN-INV-039,SRC-HCDN-CO-043,LOT-HCDN-03,,,EVAL-HCDN-015,standard commercial review
CONT-HCDN-0615,VEND-HCDN-466,Synthetic Healthcare Supplier 466,MSA,Revenue Cycle Technology,Clinical Operations,risk adjustment analytics,2023-04-01,2026-12-31,extension option,per encounter,exact,standard termination rights,no minimum beyond SOW baseline,RATE-HCDN-056,service credits capped and under-defined,fixed or negotiated escalator,standard change-control language,subcontracting permitted with controls,US data residency,transition assistance to confirm,SRC-HCDN-SLA-004,SRC-HCDN-INV-040,SRC-HCDN-CO-044,LOT-HCDN-04,PROP-HCDN-01,,EVAL-HCDN-016,standard commercial review
CONT-HCDN-0616,VEND-HCDN-473,Synthetic Healthcare Supplier 473,SOW,Cloud Infrastructure and Data Center,Revenue Cycle,prior authorization operations,2020-05-01,2027-12-31,transition assistance required,consumption,range,termination limited during transition,minimum annual commitment applies,RATE-HCDN-057,standard service credits,fixed or negotiated escalator,change-control ambiguity,subcontracting permitted with controls,US data residency,transition assistance explicit,SRC-HCDN-SLA-005,SRC-HCDN-INV-041,SRC-HCDN-CO-045,LOT-HCDN-05,,,EVAL-HCDN-017,high exit-term sensitivity
CONT-HCDN-0617,VEND-HCDN-480,Synthetic Healthcare Supplier 480,rate card,Workplace and Contact Center,Patient Access,revenue-cycle outsourcing,2021-06-01,2028-12-31,exit rights need review,hybrid fixed plus variable,indexed,standard termination rights,no minimum beyond SOW baseline,RATE-HCDN-058,standard service credits,fixed or negotiated escalator,standard change-control language,subcontracting permitted with controls,US data residency,transition assistance to confirm,SRC-HCDN-SLA-006,SRC-HCDN-INV-042,SRC-HCDN-CO-046,LOT-HCDN-06,,,EVAL-HCDN-018,standard commercial review
CONT-HCDN-0618,VEND-HCDN-007,Synthetic Healthcare Supplier 007,Epic support agreement,Security Identity and Compliance,Interoperability,cloud/data platform operations,2022-07-01,2026-12-31,renewal within 12 months,committed spend,trend-only,termination for convenience with notice,no minimum beyond SOW baseline,RATE-HCDN-059,standard service credits,fixed or negotiated escalator,standard change-control language,subcontracting permitted with controls,US data residency,transition assistance to confirm,SRC-HCDN-SLA-007,SRC-HCDN-INV-043,SRC-HCDN-CO-047,LOT-HCDN-07,PROP-HCDN-01,BAFO-HCDN-01,EVAL-HCDN-019,standard commercial review
CONT-HCDN-0619,VEND-HCDN-014,Synthetic Healthcare Supplier 014,claims admin agreement,Integration and Interoperability,Population Health,SQL Server/EDW managed services,2023-08-01,2027-12-31,renewal within 24 months,outcome-linked,withheld,standard termination rights,no minimum beyond SOW baseline,RATE-HCDN-060,standard service credits,fixed or negotiated escalator,standard change-control language,subcontracting permitted with controls,US data residency,transition assistance to confirm,SRC-HCDN-SLA-008,SRC-HCDN-INV-044,SRC-HCDN-CO-048,LOT-HCDN-08,,,EVAL-HCDN-020,standard commercial review
CONT-HCDN-0620,VEND-HCDN-021,Synthetic Healthcare Supplier 021,PBM services SOW,ERP and Corporate Platforms,Health Plan Operations,contact center operations,2020-09-01,2028-12-31,active multi-year,fixed fee,exact,standard termination rights,no minimum beyond SOW baseline,RATE-HCDN-061,service credits capped and under-defined,fixed or negotiated escalator,standard change-control language,subcontracting permitted with controls,PHI/data residency review required,transition assistance explicit,SRC-HCDN-SLA-009,SRC-HCDN-INV-045,SRC-HCDN-CO-049,LOT-HCDN-09,,,EVAL-HCDN-021,supplier concentration
CONT-HCDN-0621,VEND-HCDN-028,Synthetic Healthcare Supplier 028,BPO services SOW,Clinical and Epic AMS,Medicare Advantage,payment integrity,2021-01-01,2026-12-31,extension option,T&M,range,standard termination rights,no minimum beyond SOW baseline,RATE-HCDN-062,standard service credits,CPI escalator above threshold,standard change-control language,subcontracting permitted with controls,US data residency,transition assistance to confirm,SRC-HCDN-SLA-010,SRC-HCDN-INV-046,SRC-HCDN-CO-050,LOT-HCDN-01,PROP-HCDN-01,,EVAL-HCDN-022,standard commercial review
CONT-HCDN-0622,VEND-HCDN-035,Synthetic Healthcare Supplier 035,cloud commit,Payer Platform Operations,Claims Operations,identity/security operations,2022-02-01,2027-12-31,transition assistance required,unit rate,indexed,standard termination rights,no minimum beyond SOW baseline,RATE-HCDN-063,standard service credits,fixed or negotiated escalator,standard change-control language,subcontracting permitted with controls,US data residency,transition assistance to confirm,SRC-HCDN-SLA-011,SRC-HCDN-INV-047,SRC-HCDN-CO-051,LOT-HCDN-02,,,EVAL-HCDN-023,standard commercial review
CONT-HCDN-0623,VEND-HCDN-042,Synthetic Healthcare Supplier 042,data platform subscription,Data Analytics and AI,Utilization Management,interoperability services,2023-03-01,2028-12-31,exit rights need review,per member per month,trend-only,standard termination rights,minimum annual commitment applies,RATE-HCDN-064,standard service credits,fixed or negotiated escalator,standard change-control language,subcontracting permitted with controls,US data residency,transition assistance to confirm,SRC-HCDN-SLA-012,SRC-HCDN-INV-048,SRC-HCDN-CO-052,LOT-HCDN-03,,,EVAL-HCDN-024,standard commercial review
CONT-HCDN-0624,VEND-HCDN-049,Synthetic Healthcare Supplier 049,software subscription,Revenue Cycle Technology,Member Services,Epic support and optimization,2020-04-01,2026-12-31,renewal within 12 months,per claim,withheld,termination for convenience with notice,no minimum beyond SOW baseline,RATE-HCDN-065,standard service credits,fixed or negotiated escalator,standard change-control language,subcontractor approval required,US data residency,transition assistance explicit,SRC-HCDN-SLA-013,SRC-HCDN-INV-001,SRC-HCDN-CO-001,LOT-HCDN-04,PROP-HCDN-01,BAFO-HCDN-01,EVAL-HCDN-001,high exit-term sensitivity
CONT-HCDN-0625,VEND-HCDN-056,Synthetic Healthcare Supplier 056,professional services SOW,Cloud Infrastructure and Data Center,Quality and Stars,claims operations,2021-05-01,2027-12-31,renewal within 24 months,per encounter,exact,standard termination rights,no minimum beyond SOW baseline,RATE-HCDN-066,service credits capped and under-defined,fixed or negotiated escalator,standard change-control language,subcontracting permitted with controls,US data residency,transition assistance to confirm,SRC-HCDN-SLA-014,SRC-HCDN-INV-002,SRC-HCDN-CO-002,LOT-HCDN-05,,,EVAL-HCDN-002,standard commercial review
CONT-HCDN-0626,VEND-HCDN-063,Synthetic Healthcare Supplier 063,maintenance agreement,Workplace and Contact Center,Risk Adjustment,Medicare Advantage quality services,2022-06-01,2028-12-31,active multi-year,consumption,range,standard termination rights,no minimum beyond SOW baseline,RATE-HCDN-067,standard service credits,fixed or negotiated escalator,standard change-control language,subcontracting permitted with controls,US data residency,transition assistance to confirm,SRC-HCDN-SLA-015,SRC-HCDN-INV-003,SRC-HCDN-CO-003,LOT-HCDN-06,,,EVAL-HCDN-003,standard commercial review
CONT-HCDN-0627,VEND-HCDN-070,Synthetic Healthcare Supplier 070,telecom services,Security Identity and Compliance,Care Management,risk adjustment analytics,2023-07-01,2026-12-31,extension option,hybrid fixed plus variable,indexed,standard termination rights,no minimum beyond SOW baseline,RATE-HCDN-068,standard service credits,fixed or negotiated escalator,change-control ambiguity,subcontracting permitted with controls,US data residency,transition assistance to confirm,SRC-HCDN-SLA-016,SRC-HCDN-INV-004,SRC-HCDN-CO-004,LOT-HCDN-07,PROP-HCDN-01,,EVAL-HCDN-004,standard commercial review
CONT-HCDN-0628,VEND-HCDN-077,Synthetic Healthcare Supplier 077,cybersecurity services,Integration and Interoperability,Finance,prior authorization operations,2020-08-01,2027-12-31,transition assistance required,committed spend,trend-only,standard termination rights,no minimum beyond SOW baseline,RATE-HCDN-069,standard service credits,fixed or negotiated escalator,standard change-control language,subcontracting permitted with controls,US data residency,transition assistance explicit,SRC-HCDN-SLA-017,SRC-HCDN-INV-005,SRC-HCDN-CO-005,LOT-HCDN-08,,,EVAL-HCDN-005,standard commercial review
CONT-HCDN-0629,VEND-HCDN-084,Synthetic Healthcare Supplier 084,AI/document automation SOW,ERP and Corporate Platforms,Coding,revenue-cycle outsourcing,2021-09-01,2028-12-31,exit rights need review,outcome-linked,withheld,standard termination rights,no minimum beyond SOW baseline,RATE-HCDN-070,standard service credits,fixed or negotiated escalator,standard change-control language,subcontracting permitted with controls,US data residency,transition assistance to confirm,SRC-HCDN-SLA-018,SRC-HCDN-INV-006,SRC-HCDN-CO-006,LOT-HCDN-09,,,EVAL-HCDN-006,standard commercial review
CONT-HCDN-0630,VEND-HCDN-091,Synthetic Healthcare Supplier 091,MSA,Clinical and Epic AMS,Payer Contracting,cloud/data platform operations,2022-01-01,2026-12-31,renewal within 12 months,fixed fee,exact,termination for convenience with notice,minimum annual commitment applies,RATE-HCDN-071,service credits capped and under-defined,CPI escalator above threshold,standard change-control language,subcontracting permitted with controls,PHI/data residency review required,transition assistance to confirm,SRC-HCDN-SLA-019,SRC-HCDN-INV-007,SRC-HCDN-CO-007,LOT-HCDN-01,PROP-HCDN-01,BAFO-HCDN-01,EVAL-HCDN-007,supplier concentration
CONT-HCDN-0631,VEND-HCDN-098,Synthetic Healthcare Supplier 098,SOW,Payer Platform Operations,Digital Front Door,SQL Server/EDW managed services,2023-02-01,2027-12-31,renewal within 24 months,T&M,range,standard termination rights,no minimum beyond SOW baseline,RATE-HCDN-072,standard service credits,fixed or negotiated escalator,standard change-control language,subcontracting permitted with controls,US data residency,transition assistance to confirm,SRC-HCDN-SLA-020,SRC-HCDN-INV-008,SRC-HCDN-CO-008,LOT-HCDN-02,,,EVAL-HCDN-008,standard commercial review
CONT-HCDN-0632,VEND-HCDN-105,Synthetic Healthcare Supplier 105,rate card,Data Analytics and AI,Contact Center,contact center operations,2020-03-01,2028-12-31,active multi-year,unit rate,indexed,termination limited during transition,no minimum beyond SOW baseline,RATE-HCDN-073,standard service credits,fixed or negotiated escalator,standard change-control language,subcontracting permitted with controls,US data residency,transition assistance explicit,SRC-HCDN-SLA-021,SRC-HCDN-INV-009,SRC-HCDN-CO-009,LOT-HCDN-03,,,EVAL-HCDN-009,high exit-term sensitivity
CONT-HCDN-0633,VEND-HCDN-112,Synthetic Healthcare Supplier 112,Epic support agreement,Revenue Cycle Technology,Ambulatory Care,payment integrity,2021-04-01,2026-12-31,extension option,per member per month,trend-only,standard termination rights,no minimum beyond SOW baseline,RATE-HCDN-074,standard service credits,fixed or negotiated escalator,standard change-control language,subcontracting permitted with controls,US data residency,transition assistance to confirm,SRC-HCDN-SLA-022,SRC-HCDN-INV-010,SRC-HCDN-CO-010,LOT-HCDN-04,PROP-HCDN-01,,EVAL-HCDN-010,standard commercial review
CONT-HCDN-0634,VEND-HCDN-119,Synthetic Healthcare Supplier 119,claims admin agreement,Cloud Infrastructure and Data Center,Emergency Department,identity/security operations,2022-05-01,2027-12-31,transition assistance required,per claim,withheld,standard termination rights,no minimum beyond SOW baseline,RATE-HCDN-075,standard service credits,fixed or negotiated escalator,standard change-control language,subcontracting permitted with controls,US data residency,transition assistance to confirm,SRC-HCDN-SLA-023,SRC-HCDN-INV-011,SRC-HCDN-CO-011,LOT-HCDN-05,,,EVAL-HCDN-011,standard commercial review
CONT-HCDN-0635,VEND-HCDN-126,Synthetic Healthcare Supplier 126,PBM services SOW,Workplace and Contact Center,Inpatient,interoperability services,2023-06-01,2028-12-31,exit rights need review,per encounter,exact,standard termination rights,no minimum beyond SOW baseline,RATE-HCDN-076,service credits capped and under-defined,fixed or negotiated escalator,standard change-control language,subcontracting permitted with controls,US data residency,transition assistance to confirm,SRC-HCDN-SLA-024,SRC-HCDN-INV-012,SRC-HCDN-CO-012,LOT-HCDN-06,,,EVAL-HCDN-012,standard commercial review
CONT-HCDN-0636,VEND-HCDN-133,Synthetic Healthcare Supplier 133,BPO services SOW,Security Identity and Compliance,Surgery,Epic support and optimization,2020-07-01,2026-12-31,renewal within 12 months,consumption,range,termination for convenience with notice,no minimum beyond SOW baseline,RATE-HCDN-077,standard service credits,fixed or negotiated escalator,standard change-control language,subcontractor approval required,US data residency,transition assistance explicit,SRC-HCDN-SLA-025,SRC-HCDN-INV-013,SRC-HCDN-CO-013,LOT-HCDN-07,PROP-HCDN-01,BAFO-HCDN-01,EVAL-HCDN-013,standard commercial review
CONT-HCDN-0637,VEND-HCDN-140,Synthetic Healthcare Supplier 140,cloud commit,Integration and Interoperability,Imaging,claims operations,2021-08-01,2027-12-31,renewal within 24 months,hybrid fixed plus variable,indexed,standard termination rights,minimum annual commitment applies,RATE-HCDN-078,standard service credits,fixed or negotiated escalator,standard change-control language,subcontracting permitted with controls,US data residency,transition assistance to confirm,SRC-HCDN-SLA-026,SRC-HCDN-INV-014,SRC-HCDN-CO-014,LOT-HCDN-08,,,EVAL-HCDN-014,standard commercial review
CONT-HCDN-0638,VEND-HCDN-147,Synthetic Healthcare Supplier 147,data platform subscription,ERP and Corporate Platforms,Lab,Medicare Advantage quality services,2022-09-01,2028-12-31,active multi-year,committed spend,trend-only,standard termination rights,no minimum beyond SOW baseline,RATE-HCDN-079,standard service credits,fixed or negotiated escalator,change-control ambiguity,subcontracting permitted with controls,US data residency,transition assistance to confirm,SRC-HCDN-SLA-027,SRC-HCDN-INV-015,SRC-HCDN-CO-015,LOT-HCDN-09,,,EVAL-HCDN-015,standard commercial review
CONT-HCDN-0639,VEND-HCDN-154,Synthetic Healthcare Supplier 154,software subscription,Clinical and Epic AMS,Pharmacy,risk adjustment analytics,2023-01-01,2026-12-31,extension option,outcome-linked,withheld,standard termination rights,no minimum beyond SOW baseline,RATE-HCDN-080,standard service credits,CPI escalator above threshold,standard change-control language,subcontracting permitted with controls,US data residency,transition assistance to confirm,SRC-HCDN-SLA-028,SRC-HCDN-INV-016,SRC-HCDN-CO-016,LOT-HCDN-01,PROP-HCDN-01,,EVAL-HCDN-016,standard commercial review
CONT-HCDN-0640,VEND-HCDN-161,Synthetic Healthcare Supplier 161,professional services SOW,Payer Platform Operations,Oncology,prior authorization operations,2020-02-01,2027-12-31,transition assistance required,fixed fee,exact,termination limited during transition,no minimum beyond SOW baseline,RATE-HCDN-081,service credits capped and under-defined,fixed or negotiated escalator,standard change-control language,subcontracting permitted with controls,PHI/data residency review required,transition assistance explicit,SRC-HCDN-SLA-029,SRC-HCDN-INV-017,SRC-HCDN-CO-017,LOT-HCDN-02,,,EVAL-HCDN-017,high exit-term sensitivity
CONT-HCDN-0641,VEND-HCDN-168,Synthetic Healthcare Supplier 168,maintenance agreement,Data Analytics and AI,Cardiology,revenue-cycle outsourcing,2021-03-01,2028-12-31,exit rights need review,T&M,range,standard termination rights,no minimum beyond SOW baseline,RATE-HCDN-082,standard service credits,fixed or negotiated escalator,standard change-control language,subcontracting permitted with controls,US data residency,transition assistance to confirm,SRC-HCDN-SLA-030,SRC-HCDN-INV-018,SRC-HCDN-CO-018,LOT-HCDN-03,,,EVAL-HCDN-018,standard commercial review
CONT-HCDN-0642,VEND-HCDN-175,Synthetic Healthcare Supplier 175,telecom services,Revenue Cycle Technology,Data and Analytics,cloud/data platform operations,2022-04-01,2026-12-31,renewal within 12 months,unit rate,indexed,termination for convenience with notice,no minimum beyond SOW baseline,RATE-HCDN-083,standard service credits,fixed or negotiated escalator,standard change-control language,subcontracting permitted with controls,US data residency,transition assistance to confirm,SRC-HCDN-SLA-031,SRC-HCDN-INV-019,SRC-HCDN-CO-019,LOT-HCDN-04,PROP-HCDN-01,BAFO-HCDN-01,EVAL-HCDN-019,standard commercial review
CONT-HCDN-0643,VEND-HCDN-182,Synthetic Healthcare Supplier 182,cybersecurity services,Cloud Infrastructure and Data Center,Clinical Analytics,SQL Server/EDW managed services,2023-05-01,2027-12-31,renewal within 24 months,per member per month,trend-only,standard termination rights,no minimum beyond SOW baseline,RATE-HCDN-084,standard service credits,fixed or negotiated escalator,standard change-control language,subcontracting permitted with controls,US data residency,transition assistance to confirm,SRC-HCDN-SLA-032,SRC-HCDN-INV-020,SRC-HCDN-CO-020,LOT-HCDN-05,,,EVAL-HCDN-020,standard commercial review
CONT-HCDN-0644,VEND-HCDN-189,Synthetic Healthcare Supplier 189,AI/document automation SOW,Workplace and Contact Center,Actuarial,contact center operations,2020-06-01,2028-12-31,active multi-year,per claim,withheld,standard termination rights,minimum annual commitment applies,RATE-HCDN-085,standard service credits,fixed or negotiated escalator,standard change-control language,subcontracting permitted with controls,US data residency,transition assistance explicit,SRC-HCDN-SLA-033,SRC-HCDN-INV-021,SRC-HCDN-CO-021,LOT-HCDN-06,,,EVAL-HCDN-021,standard commercial review
CONT-HCDN-0645,VEND-HCDN-196,Synthetic Healthcare Supplier 196,MSA,Security Identity and Compliance,Departmental Reporting,payment integrity,2021-07-01,2026-12-31,extension option,per encounter,exact,standard termination rights,no minimum beyond SOW baseline,RATE-HCDN-086,service credits capped and under-defined,fixed or negotiated escalator,standard change-control language,subcontracting permitted with controls,US data residency,transition assistance to confirm,SRC-HCDN-SLA-034,SRC-HCDN-INV-022,SRC-HCDN-CO-022,LOT-HCDN-07,PROP-HCDN-01,,EVAL-HCDN-022,standard commercial review
CONT-HCDN-0646,VEND-HCDN-203,Synthetic Healthcare Supplier 203,SOW,Integration and Interoperability,AI Transformation,identity/security operations,2022-08-01,2027-12-31,transition assistance required,consumption,range,standard termination rights,no minimum beyond SOW baseline,RATE-HCDN-087,standard service credits,fixed or negotiated escalator,standard change-control language,subcontracting permitted with controls,US data residency,transition assistance to confirm,SRC-HCDN-SLA-035,SRC-HCDN-INV-023,SRC-HCDN-CO-023,LOT-HCDN-08,,,EVAL-HCDN-023,standard commercial review
CONT-HCDN-0647,VEND-HCDN-210,Synthetic Healthcare Supplier 210,rate card,ERP and Corporate Platforms,Technology,interoperability services,2023-09-01,2028-12-31,exit rights need review,hybrid fixed plus variable,indexed,standard termination rights,no minimum beyond SOW baseline,RATE-HCDN-088,standard service credits,fixed or negotiated escalator,standard change-control language,subcontracting permitted with controls,US data residency,transition assistance to confirm,SRC-HCDN-SLA-036,SRC-HCDN-INV-024,SRC-HCDN-CO-024,LOT-HCDN-09,,,EVAL-HCDN-024,standard commercial review
CONT-HCDN-0648,VEND-HCDN-217,Synthetic Healthcare Supplier 217,Epic support agreement,Clinical and Epic AMS,Security,Epic support and optimization,2020-01-01,2026-12-31,renewal within 12 months,committed spend,trend-only,termination for convenience with notice,no minimum beyond SOW baseline,RATE-HCDN-089,standard service credits,CPI escalator above threshold,standard change-control language,subcontractor approval required,US data residency,transition assistance explicit,SRC-HCDN-SLA-001,SRC-HCDN-INV-025,SRC-HCDN-CO-025,LOT-HCDN-01,PROP-HCDN-01,BAFO-HCDN-01,EVAL-HCDN-001,high exit-term sensitivity
CONT-HCDN-0649,VEND-HCDN-224,Synthetic Healthcare Supplier 224,claims admin agreement,Payer Platform Operations,Procurement,claims operations,2021-02-01,2027-12-31,renewal within 24 months,outcome-linked,withheld,standard termination rights,no minimum beyond SOW baseline,RATE-HCDN-090,standard service credits,fixed or negotiated escalator,change-control ambiguity,subcontracting permitted with controls,US data residency,transition assistance to confirm,SRC-HCDN-SLA-002,SRC-HCDN-INV-026,SRC-HCDN-CO-026,LOT-HCDN-02,,,EVAL-HCDN-002,standard commercial review
CONT-HCDN-0650,VEND-HCDN-231,Synthetic Healthcare Supplier 231,PBM services SOW,Data Analytics and AI,HR,Medicare Advantage quality services,2022-03-01,2028-12-31,active multi-year,fixed fee,exact,standard termination rights,no minimum beyond SOW baseline,RATE-HCDN-091,service credits capped and under-defined,fixed or negotiated escalator,standard change-control language,subcontracting permitted with controls,PHI/data residency review required,transition assistance to confirm,SRC-HCDN-SLA-003,SRC-HCDN-INV-027,SRC-HCDN-CO-027,LOT-HCDN-03,,,EVAL-HCDN-003,supplier concentration
CONT-HCDN-0651,VEND-HCDN-238,Synthetic Healthcare Supplier 238,BPO services SOW,Revenue Cycle Technology,Supply Chain,risk adjustment analytics,2023-04-01,2026-12-31,extension option,T&M,range,standard termination rights,minimum annual commitment applies,RATE-HCDN-092,standard service credits,fixed or negotiated escalator,standard change-control language,subcontracting permitted with controls,US data residency,transition assistance to confirm,SRC-HCDN-SLA-004,SRC-HCDN-INV-028,SRC-HCDN-CO-028,LOT-HCDN-04,PROP-HCDN-01,,EVAL-HCDN-004,standard commercial review
CONT-HCDN-0652,VEND-HCDN-245,Synthetic Healthcare Supplier 245,cloud commit,Cloud Infrastructure and Data Center,Privacy,prior authorization operations,2020-05-01,2027-12-31,transition assistance required,unit rate,indexed,standard termination rights,no minimum beyond SOW baseline,RATE-HCDN-093,standard service credits,fixed or negotiated escalator,standard change-control language,subcontracting permitted with controls,US data residency,transition assistance explicit,SRC-HCDN-SLA-005,SRC-HCDN-INV-029,SRC-HCDN-CO-029,LOT-HCDN-05,,,EVAL-HCDN-005,standard commercial review
CONT-HCDN-0653,VEND-HCDN-252,Synthetic Healthcare Supplier 252,data platform subscription,Workplace and Contact Center,Compliance,revenue-cycle outsourcing,2021-06-01,2028-12-31,exit rights need review,per member per month,trend-only,standard termination rights,no minimum beyond SOW baseline,RATE-HCDN-094,standard service credits,fixed or negotiated escalator,standard change-control language,subcontracting permitted with controls,US data residency,transition assistance to confirm,SRC-HCDN-SLA-006,SRC-HCDN-INV-030,SRC-HCDN-CO-030,LOT-HCDN-06,,,EVAL-HCDN-006,standard commercial review
CONT-HCDN-0654,VEND-HCDN-259,Synthetic Healthcare Supplier 259,software subscription,Security Identity and Compliance,Provider Network,cloud/data platform operations,2022-07-01,2026-12-31,renewal within 12 months,per claim,withheld,termination for convenience with notice,no minimum beyond SOW baseline,RATE-HCDN-095,standard service credits,fixed or negotiated escalator,standard change-control language,subcontracting permitted with controls,US data residency,transition assistance to confirm,SRC-HCDN-SLA-007,SRC-HCDN-INV-031,SRC-HCDN-CO-031,LOT-HCDN-07,PROP-HCDN-01,BAFO-HCDN-01,EVAL-HCDN-007,standard commercial review
CONT-HCDN-0655,VEND-HCDN-266,Synthetic Healthcare Supplier 266,professional services SOW,Integration and Interoperability,Value-Based Care,SQL Server/EDW managed services,2023-08-01,2027-12-31,renewal within 24 months,per encounter,exact,standard termination rights,no minimum beyond SOW baseline,RATE-HCDN-096,service credits capped and under-defined,fixed or negotiated escalator,standard change-control language,subcontracting permitted with controls,US data residency,transition assistance to confirm,SRC-HCDN-SLA-008,SRC-HCDN-INV-032,SRC-HCDN-CO-032,LOT-HCDN-08,,,EVAL-HCDN-008,standard commercial review
CONT-HCDN-0656,VEND-HCDN-273,Synthetic Healthcare Supplier 273,maintenance agreement,ERP and Corporate Platforms,Clinical Operations,contact center operations,2020-09-01,2028-12-31,active multi-year,consumption,range,termination limited during transition,no minimum beyond SOW baseline,RATE-HCDN-097,standard service credits,fixed or negotiated escalator,standard change-control language,subcontracting permitted with controls,US data residency,transition assistance explicit,SRC-HCDN-SLA-009,SRC-HCDN-INV-033,SRC-HCDN-CO-033,LOT-HCDN-09,,,EVAL-HCDN-009,high exit-term sensitivity
CONT-HCDN-0657,VEND-HCDN-280,Synthetic Healthcare Supplier 280,telecom services,Clinical and Epic AMS,Revenue Cycle,payment integrity,2021-01-01,2026-12-31,extension option,hybrid fixed plus variable,indexed,standard termination rights,no minimum beyond SOW baseline,RATE-HCDN-098,standard service credits,CPI escalator above threshold,standard change-control language,subcontracting permitted with controls,US data residency,transition assistance to confirm,SRC-HCDN-SLA-010,SRC-HCDN-INV-034,SRC-HCDN-CO-034,LOT-HCDN-01,PROP-HCDN-01,,EVAL-HCDN-010,standard commercial review
CONT-HCDN-0658,VEND-HCDN-287,Synthetic Healthcare Supplier 287,cybersecurity services,Payer Platform Operations,Patient Access,identity/security operations,2022-02-01,2027-12-31,transition assistance required,committed spend,trend-only,standard termination rights,minimum annual commitment applies,RATE-HCDN-099,standard service credits,fixed or negotiated escalator,standard change-control language,subcontracting permitted with controls,US data residency,transition assistance to confirm,SRC-HCDN-SLA-011,SRC-HCDN-INV-035,SRC-HCDN-CO-035,LOT-HCDN-02,,,EVAL-HCDN-011,standard commercial review
CONT-HCDN-0659,VEND-HCDN-294,Synthetic Healthcare Supplier 294,AI/document automation SOW,Data Analytics and AI,Interoperability,interoperability services,2023-03-01,2028-12-31,exit rights need review,outcome-linked,withheld,standard termination rights,no minimum beyond SOW baseline,RATE-HCDN-100,standard service credits,fixed or negotiated escalator,standard change-control language,subcontracting permitted with controls,US data residency,transition assistance to confirm,SRC-HCDN-SLA-012,SRC-HCDN-INV-036,SRC-HCDN-CO-036,LOT-HCDN-03,,,EVAL-HCDN-012,standard commercial review
CONT-HCDN-0660,VEND-HCDN-301,Synthetic Healthcare Supplier 301,MSA,Revenue Cycle Technology,Population Health,Epic support and optimization,2020-04-01,2026-12-31,renewal within 12 months,fixed fee,exact,termination for convenience with notice,no minimum beyond SOW baseline,RATE-HCDN-101,service credits capped and under-defined,fixed or negotiated escalator,change-control ambiguity,subcontractor approval required,PHI/data residency review required,transition assistance explicit,SRC-HCDN-SLA-013,SRC-HCDN-INV-037,SRC-HCDN-CO-037,LOT-HCDN-04,PROP-HCDN-01,BAFO-HCDN-01,EVAL-HCDN-013,supplier concentration
CONT-HCDN-0661,VEND-HCDN-308,Synthetic Healthcare Supplier 308,SOW,Cloud Infrastructure and Data Center,Health Plan Operations,claims operations,2021-05-01,2027-12-31,renewal within 24 months,T&M,range,standard termination rights,no minimum beyond SOW baseline,RATE-HCDN-102,standard service credits,fixed or negotiated escalator,standard change-control language,subcontracting permitted with controls,US data residency,transition assistance to confirm,SRC-HCDN-SLA-014,SRC-HCDN-INV-038,SRC-HCDN-CO-038,LOT-HCDN-05,,,EVAL-HCDN-014,standard commercial review
CONT-HCDN-0662,VEND-HCDN-315,Synthetic Healthcare Supplier 315,rate card,Workplace and Contact Center,Medicare Advantage,Medicare Advantage quality services,2022-06-01,2028-12-31,active multi-year,unit rate,indexed,standard termination rights,no minimum beyond SOW baseline,RATE-HCDN-103,standard service credits,fixed or negotiated escalator,standard change-control language,subcontracting permitted with controls,US data residency,transition assistance to confirm,SRC-HCDN-SLA-015,SRC-HCDN-INV-039,SRC-HCDN-CO-039,LOT-HCDN-06,,,EVAL-HCDN-015,standard commercial review
CONT-HCDN-0663,VEND-HCDN-322,Synthetic Healthcare Supplier 322,Epic support agreement,Security Identity and Compliance,Claims Operations,risk adjustment analytics,2023-07-01,2026-12-31,extension option,per member per month,trend-only,standard termination rights,no minimum beyond SOW baseline,RATE-HCDN-104,standard service credits,fixed or negotiated escalator,standard change-control language,subcontracting permitted with controls,US data residency,transition assistance to confirm,SRC-HCDN-SLA-016,SRC-HCDN-INV-040,SRC-HCDN-CO-040,LOT-HCDN-07,PROP-HCDN-01,,EVAL-HCDN-016,standard commercial review
CONT-HCDN-0664,VEND-HCDN-329,Synthetic Healthcare Supplier 329,claims admin agreement,Integration and Interoperability,Utilization Management,prior authorization operations,2020-08-01,2027-12-31,transition assistance required,per claim,withheld,termination limited during transition,no minimum beyond SOW baseline,RATE-HCDN-105,standard service credits,fixed or negotiated escalator,standard change-control language,subcontracting permitted with controls,US data residency,transition assistance explicit,SRC-HCDN-SLA-017,SRC-HCDN-INV-041,SRC-HCDN-CO-041,LOT-HCDN-08,,,EVAL-HCDN-017,high exit-term sensitivity
CONT-HCDN-0665,VEND-HCDN-336,Synthetic Healthcare Supplier 336,PBM services SOW,ERP and Corporate Platforms,Member Services,revenue-cycle outsourcing,2021-09-01,2028-12-31,exit rights need review,per encounter,exact,standard termination rights,minimum annual commitment applies,RATE-HCDN-106,service credits capped and under-defined,fixed or negotiated escalator,standard change-control language,subcontracting permitted with controls,US data residency,transition assistance to confirm,SRC-HCDN-SLA-018,SRC-HCDN-INV-042,SRC-HCDN-CO-042,LOT-HCDN-09,,,EVAL-HCDN-018,standard commercial review
CONT-HCDN-0666,VEND-HCDN-343,Synthetic Healthcare Supplier 343,BPO services SOW,Clinical and Epic AMS,Quality and Stars,cloud/data platform operations,2022-01-01,2026-12-31,renewal within 12 months,consumption,range,termination for convenience with notice,no minimum beyond SOW baseline,RATE-HCDN-107,standard service credits,CPI escalator above threshold,standard change-control language,subcontracting permitted with controls,US data residency,transition assistance to confirm,SRC-HCDN-SLA-019,SRC-HCDN-INV-043,SRC-HCDN-CO-043,LOT-HCDN-01,PROP-HCDN-01,BAFO-HCDN-01,EVAL-HCDN-019,standard commercial review
CONT-HCDN-0667,VEND-HCDN-350,Synthetic Healthcare Supplier 350,cloud commit,Payer Platform Operations,Risk Adjustment,SQL Server/EDW managed services,2023-02-01,2027-12-31,renewal within 24 months,hybrid fixed plus variable,indexed,standard termination rights,no minimum beyond SOW baseline,RATE-HCDN-108,standard service credits,fixed or negotiated escalator,standard change-control language,subcontracting permitted with controls,US data residency,transition assistance to confirm,SRC-HCDN-SLA-020,SRC-HCDN-INV-044,SRC-HCDN-CO-044,LOT-HCDN-02,,,EVAL-HCDN-020,standard commercial review
CONT-HCDN-0668,VEND-HCDN-357,Synthetic Healthcare Supplier 357,data platform subscription,Data Analytics and AI,Care Management,contact center operations,2020-03-01,2028-12-31,active multi-year,committed spend,trend-only,standard termination rights,no minimum beyond SOW baseline,RATE-HCDN-109,standard service credits,fixed or negotiated escalator,standard change-control language,subcontracting permitted with controls,US data residency,transition assistance explicit,SRC-HCDN-SLA-021,SRC-HCDN-INV-045,SRC-HCDN-CO-045,LOT-HCDN-03,,,EVAL-HCDN-021,standard commercial review
CONT-HCDN-0669,VEND-HCDN-364,Synthetic Healthcare Supplier 364,software subscription,Revenue Cycle Technology,Finance,payment integrity,2021-04-01,2026-12-31,extension option,outcome-linked,withheld,standard termination rights,no minimum beyond SOW baseline,RATE-HCDN-110,standard service credits,fixed or negotiated escalator,standard change-control language,subcontracting permitted with controls,US data residency,transition assistance to confirm,SRC-HCDN-SLA-022,SRC-HCDN-INV-046,SRC-HCDN-CO-046,LOT-HCDN-04,PROP-HCDN-01,,EVAL-HCDN-022,standard commercial review
CONT-HCDN-0670,VEND-HCDN-371,Synthetic Healthcare Supplier 371,professional services SOW,Cloud Infrastructure and Data Center,Coding,identity/security operations,2022-05-01,2027-12-31,transition assistance required,fixed fee,exact,standard termination rights,no minimum beyond SOW baseline,RATE-HCDN-111,service credits capped and under-defined,fixed or negotiated escalator,standard change-control language,subcontracting permitted with controls,PHI/data residency review required,transition assistance to confirm,SRC-HCDN-SLA-023,SRC-HCDN-INV-047,SRC-HCDN-CO-047,LOT-HCDN-05,,,EVAL-HCDN-023,supplier concentration
CONT-HCDN-0671,VEND-HCDN-378,Synthetic Healthcare Supplier 378,maintenance agreement,Workplace and Contact Center,Payer Contracting,interoperability services,2023-06-01,2028-12-31,exit rights need review,T&M,range,standard termination rights,no minimum beyond SOW baseline,RATE-HCDN-112,standard service credits,fixed or negotiated escalator,change-control ambiguity,subcontracting permitted with controls,US data residency,transition assistance to confirm,SRC-HCDN-SLA-024,SRC-HCDN-INV-048,SRC-HCDN-CO-048,LOT-HCDN-06,,,EVAL-HCDN-024,standard commercial review
CONT-HCDN-0672,VEND-HCDN-385,Synthetic Healthcare Supplier 385,telecom services,Security Identity and Compliance,Digital Front Door,Epic support and optimization,2020-07-01,2026-12-31,renewal within 12 months,unit rate,indexed,termination for convenience with notice,minimum annual commitment applies,RATE-HCDN-113,standard service credits,fixed or negotiated escalator,standard change-control language,subcontractor approval required,US data residency,transition assistance explicit,SRC-HCDN-SLA-025,SRC-HCDN-INV-001,SRC-HCDN-CO-049,LOT-HCDN-07,PROP-HCDN-01,BAFO-HCDN-01,EVAL-HCDN-001,high exit-term sensitivity
CONT-HCDN-0673,VEND-HCDN-392,Synthetic Healthcare Supplier 392,cybersecurity services,Integration and Interoperability,Contact Center,claims operations,2021-08-01,2027-12-31,renewal within 24 months,per member per month,trend-only,standard termination rights,no minimum beyond SOW baseline,RATE-HCDN-114,standard service credits,fixed or negotiated escalator,standard change-control language,subcontracting permitted with controls,US data residency,transition assistance to confirm,SRC-HCDN-SLA-026,SRC-HCDN-INV-002,SRC-HCDN-CO-050,LOT-HCDN-08,,,EVAL-HCDN-002,standard commercial review
CONT-HCDN-0674,VEND-HCDN-399,Synthetic Healthcare Supplier 399,AI/document automation SOW,ERP and Corporate Platforms,Ambulatory Care,Medicare Advantage quality services,2022-09-01,2028-12-31,active multi-year,per claim,withheld,standard termination rights,no minimum beyond SOW baseline,RATE-HCDN-115,standard service credits,fixed or negotiated escalator,standard change-control language,subcontracting permitted with controls,US data residency,transition assistance to confirm,SRC-HCDN-SLA-027,SRC-HCDN-INV-003,SRC-HCDN-CO-051,LOT-HCDN-09,,,EVAL-HCDN-003,standard commercial review
CONT-HCDN-0675,VEND-HCDN-406,Synthetic Healthcare Supplier 406,MSA,Clinical and Epic AMS,Emergency Department,risk adjustment analytics,2023-01-01,2026-12-31,extension option,per encounter,exact,standard termination rights,no minimum beyond SOW baseline,RATE-HCDN-116,service credits capped and under-defined,CPI escalator above threshold,standard change-control language,subcontracting permitted with controls,US data residency,transition assistance to confirm,SRC-HCDN-SLA-028,SRC-HCDN-INV-004,SRC-HCDN-CO-052,LOT-HCDN-01,PROP-HCDN-01,,EVAL-HCDN-004,standard commercial review
CONT-HCDN-0676,VEND-HCDN-413,Synthetic Healthcare Supplier 413,SOW,Payer Platform Operations,Inpatient,prior authorization operations,2020-02-01,2027-12-31,transition assistance required,consumption,range,standard termination rights,no minimum beyond SOW baseline,RATE-HCDN-117,standard service credits,fixed or negotiated escalator,standard change-control language,subcontracting permitted with controls,US data residency,transition assistance explicit,SRC-HCDN-SLA-029,SRC-HCDN-INV-005,SRC-HCDN-CO-001,LOT-HCDN-02,,,EVAL-HCDN-005,standard commercial review
CONT-HCDN-0677,VEND-HCDN-420,Synthetic Healthcare Supplier 420,rate card,Data Analytics and AI,Surgery,revenue-cycle outsourcing,2021-03-01,2028-12-31,exit rights need review,hybrid fixed plus variable,indexed,standard termination rights,no minimum beyond SOW baseline,RATE-HCDN-118,standard service credits,fixed or negotiated escalator,standard change-control language,subcontracting permitted with controls,US data residency,transition assistance to confirm,SRC-HCDN-SLA-030,SRC-HCDN-INV-006,SRC-HCDN-CO-002,LOT-HCDN-03,,,EVAL-HCDN-006,standard commercial review
CONT-HCDN-0678,VEND-HCDN-427,Synthetic Healthcare Supplier 427,Epic support agreement,Revenue Cycle Technology,Imaging,cloud/data platform operations,2022-04-01,2026-12-31,renewal within 12 months,committed spend,trend-only,termination for convenience with notice,no minimum beyond SOW baseline,RATE-HCDN-119,standard service credits,fixed or negotiated escalator,standard change-control language,subcontracting permitted with controls,US data residency,transition assistance to confirm,SRC-HCDN-SLA-031,SRC-HCDN-INV-007,SRC-HCDN-CO-003,LOT-HCDN-04,PROP-HCDN-01,BAFO-HCDN-01,EVAL-HCDN-007,standard commercial review
CONT-HCDN-0679,VEND-HCDN-434,Synthetic Healthcare Supplier 434,claims admin agreement,Cloud Infrastructure and Data Center,Lab,SQL Server/EDW managed services,2023-05-01,2027-12-31,renewal within 24 months,outcome-linked,withheld,standard termination rights,minimum annual commitment applies,RATE-HCDN-120,standard service credits,fixed or negotiated escalator,standard change-control language,subcontracting permitted with controls,US data residency,transition assistance to confirm,SRC-HCDN-SLA-032,SRC-HCDN-INV-008,SRC-HCDN-CO-004,LOT-HCDN-05,,,EVAL-HCDN-008,standard commercial review
CONT-HCDN-0680,VEND-HCDN-441,Synthetic Healthcare Supplier 441,PBM services SOW,Workplace and Contact Center,Pharmacy,contact center operations,2020-06-01,2028-12-31,active multi-year,fixed fee,exact,termination limited during transition,no minimum beyond SOW baseline,RATE-HCDN-121,service credits capped and under-defined,fixed or negotiated escalator,standard change-control language,subcontracting permitted with controls,PHI/data residency review required,transition assistance explicit,SRC-HCDN-SLA-033,SRC-HCDN-INV-009,SRC-HCDN-CO-005,LOT-HCDN-06,,,EVAL-HCDN-009,high exit-term sensitivity
CONT-HCDN-0681,VEND-HCDN-448,Synthetic Healthcare Supplier 448,BPO services SOW,Security Identity and Compliance,Oncology,payment integrity,2021-07-01,2026-12-31,extension option,T&M,range,standard termination rights,no minimum beyond SOW baseline,RATE-HCDN-122,standard service credits,fixed or negotiated escalator,standard change-control language,subcontracting permitted with controls,US data residency,transition assistance to confirm,SRC-HCDN-SLA-034,SRC-HCDN-INV-010,SRC-HCDN-CO-006,LOT-HCDN-07,PROP-HCDN-01,,EVAL-HCDN-010,standard commercial review
CONT-HCDN-0682,VEND-HCDN-455,Synthetic Healthcare Supplier 455,cloud commit,Integration and Interoperability,Cardiology,identity/security operations,2022-08-01,2027-12-31,transition assistance required,unit rate,indexed,standard termination rights,no minimum beyond SOW baseline,RATE-HCDN-123,standard service credits,fixed or negotiated escalator,change-control ambiguity,subcontracting permitted with controls,US data residency,transition assistance to confirm,SRC-HCDN-SLA-035,SRC-HCDN-INV-011,SRC-HCDN-CO-007,LOT-HCDN-08,,,EVAL-HCDN-011,standard commercial review
CONT-HCDN-0683,VEND-HCDN-462,Synthetic Healthcare Supplier 462,data platform subscription,ERP and Corporate Platforms,Data and Analytics,interoperability services,2023-09-01,2028-12-31,exit rights need review,per member per month,trend-only,standard termination rights,no minimum beyond SOW baseline,RATE-HCDN-124,standard service credits,fixed or negotiated escalator,standard change-control language,subcontracting permitted with controls,US data residency,transition assistance to confirm,SRC-HCDN-SLA-036,SRC-HCDN-INV-012,SRC-HCDN-CO-008,LOT-HCDN-09,,,EVAL-HCDN-012,standard commercial review
CONT-HCDN-0684,VEND-HCDN-469,Synthetic Healthcare Supplier 469,software subscription,Clinical and Epic AMS,Clinical Analytics,Epic support and optimization,2020-01-01,2026-12-31,renewal within 12 months,per claim,withheld,termination for convenience with notice,no minimum beyond SOW baseline,RATE-HCDN-125,standard service credits,CPI escalator above threshold,standard change-control language,subcontractor approval required,US data residency,transition assistance explicit,SRC-HCDN-SLA-001,SRC-HCDN-INV-013,SRC-HCDN-CO-009,LOT-HCDN-01,PROP-HCDN-01,BAFO-HCDN-01,EVAL-HCDN-013,standard commercial review
CONT-HCDN-0685,VEND-HCDN-476,Synthetic Healthcare Supplier 476,professional services SOW,Payer Platform Operations,Actuarial,claims operations,2021-02-01,2027-12-31,renewal within 24 months,per encounter,exact,standard termination rights,no minimum beyond SOW baseline,RATE-HCDN-126,service credits capped and under-defined,fixed or negotiated escalator,standard change-control language,subcontracting permitted with controls,US data residency,transition assistance to confirm,SRC-HCDN-SLA-002,SRC-HCDN-INV-014,SRC-HCDN-CO-010,LOT-HCDN-02,,,EVAL-HCDN-014,standard commercial review
CONT-HCDN-0686,VEND-HCDN-003,Synthetic Healthcare Supplier 003,maintenance agreement,Data Analytics and AI,Departmental Reporting,Medicare Advantage quality services,2022-03-01,2028-12-31,active multi-year,consumption,range,standard termination rights,minimum annual commitment applies,RATE-HCDN-127,standard service credits,fixed or negotiated escalator,standard change-control language,subcontracting permitted with controls,US data residency,transition assistance to confirm,SRC-HCDN-SLA-003,SRC-HCDN-INV-015,SRC-HCDN-CO-011,LOT-HCDN-03,,,EVAL-HCDN-015,standard commercial review
CONT-HCDN-0687,VEND-HCDN-010,Synthetic Healthcare Supplier 010,telecom services,Revenue Cycle Technology,AI Transformation,risk adjustment analytics,2023-04-01,2026-12-31,extension option,hybrid fixed plus variable,indexed,standard termination rights,no minimum beyond SOW baseline,RATE-HCDN-128,standard service credits,fixed or negotiated escalator,standard change-control language,subcontracting permitted with controls,US data residency,transition assistance to confirm,SRC-HCDN-SLA-004,SRC-HCDN-INV-016,SRC-HCDN-CO-012,LOT-HCDN-04,PROP-HCDN-01,,EVAL-HCDN-016,standard commercial review
CONT-HCDN-0688,VEND-HCDN-017,Synthetic Healthcare Supplier 017,cybersecurity services,Cloud Infrastructure and Data Center,Technology,prior authorization operations,2020-05-01,2027-12-31,transition assistance required,committed spend,trend-only,termination limited during transition,no minimum beyond SOW baseline,RATE-HCDN-129,standard service credits,fixed or negotiated escalator,standard change-control language,subcontracting permitted with controls,US data residency,transition assistance explicit,SRC-HCDN-SLA-005,SRC-HCDN-INV-017,SRC-HCDN-CO-013,LOT-HCDN-05,,,EVAL-HCDN-017,high exit-term sensitivity
CONT-HCDN-0689,VEND-HCDN-024,Synthetic Healthcare Supplier 024,AI/document automation SOW,Workplace and Contact Center,Security,revenue-cycle outsourcing,2021-06-01,2028-12-31,exit rights need review,outcome-linked,withheld,standard termination rights,no minimum beyond SOW baseline,RATE-HCDN-130,standard service credits,fixed or negotiated escalator,standard change-control language,subcontracting permitted with controls,US data residency,transition assistance to confirm,SRC-HCDN-SLA-006,SRC-HCDN-INV-018,SRC-HCDN-CO-014,LOT-HCDN-06,,,EVAL-HCDN-018,standard commercial review
CONT-HCDN-0690,VEND-HCDN-031,Synthetic Healthcare Supplier 031,MSA,Security Identity and Compliance,Procurement,cloud/data platform operations,2022-07-01,2026-12-31,renewal within 12 months,fixed fee,exact,termination for convenience with notice,no minimum beyond SOW baseline,RATE-HCDN-131,service credits capped and under-defined,fixed or negotiated escalator,standard change-control language,subcontracting permitted with controls,PHI/data residency review required,transition assistance to confirm,SRC-HCDN-SLA-007,SRC-HCDN-INV-019,SRC-HCDN-CO-015,LOT-HCDN-07,PROP-HCDN-01,BAFO-HCDN-01,EVAL-HCDN-019,supplier concentration
CONT-HCDN-0691,VEND-HCDN-038,Synthetic Healthcare Supplier 038,SOW,Integration and Interoperability,HR,SQL Server/EDW managed services,2023-08-01,2027-12-31,renewal within 24 months,T&M,range,standard termination rights,no minimum beyond SOW baseline,RATE-HCDN-132,standard service credits,fixed or negotiated escalator,standard change-control language,subcontracting permitted with controls,US data residency,transition assistance to confirm,SRC-HCDN-SLA-008,SRC-HCDN-INV-020,SRC-HCDN-CO-016,LOT-HCDN-08,,,EVAL-HCDN-020,standard commercial review
CONT-HCDN-0692,VEND-HCDN-045,Synthetic Healthcare Supplier 045,rate card,ERP and Corporate Platforms,Supply Chain,contact center operations,2020-09-01,2028-12-31,active multi-year,unit rate,indexed,standard termination rights,no minimum beyond SOW baseline,RATE-HCDN-133,standard service credits,fixed or negotiated escalator,standard change-control language,subcontracting permitted with controls,US data residency,transition assistance explicit,SRC-HCDN-SLA-009,SRC-HCDN-INV-021,SRC-HCDN-CO-017,LOT-HCDN-09,,,EVAL-HCDN-021,standard commercial review
CONT-HCDN-0693,VEND-HCDN-052,Synthetic Healthcare Supplier 052,Epic support agreement,Clinical and Epic AMS,Privacy,payment integrity,2021-01-01,2026-12-31,extension option,per member per month,trend-only,standard termination rights,minimum annual commitment applies,RATE-HCDN-134,standard service credits,CPI escalator above threshold,change-control ambiguity,subcontracting permitted with controls,US data residency,transition assistance to confirm,SRC-HCDN-SLA-010,SRC-HCDN-INV-022,SRC-HCDN-CO-018,LOT-HCDN-01,PROP-HCDN-01,,EVAL-HCDN-022,standard commercial review
CONT-HCDN-0694,VEND-HCDN-059,Synthetic Healthcare Supplier 059,claims admin agreement,Payer Platform Operations,Compliance,identity/security operations,2022-02-01,2027-12-31,transition assistance required,per claim,withheld,standard termination rights,no minimum beyond SOW baseline,RATE-HCDN-135,standard service credits,fixed or negotiated escalator,standard change-control language,subcontracting permitted with controls,US data residency,transition assistance to confirm,SRC-HCDN-SLA-011,SRC-HCDN-INV-023,SRC-HCDN-CO-019,LOT-HCDN-02,,,EVAL-HCDN-023,standard commercial review
CONT-HCDN-0695,VEND-HCDN-066,Synthetic Healthcare Supplier 066,PBM services SOW,Data Analytics and AI,Provider Network,interoperability services,2023-03-01,2028-12-31,exit rights need review,per encounter,exact,standard termination rights,no minimum beyond SOW baseline,RATE-HCDN-136,service credits capped and under-defined,fixed or negotiated escalator,standard change-control language,subcontracting permitted with controls,US data residency,transition assistance to confirm,SRC-HCDN-SLA-012,SRC-HCDN-INV-024,SRC-HCDN-CO-020,LOT-HCDN-03,,,EVAL-HCDN-024,standard commercial review
CONT-HCDN-0696,VEND-HCDN-073,Synthetic Healthcare Supplier 073,BPO services SOW,Revenue Cycle Technology,Value-Based Care,Epic support and optimization,2020-04-01,2026-12-31,renewal within 12 months,consumption,range,termination for convenience with notice,no minimum beyond SOW baseline,RATE-HCDN-137,standard service credits,fixed or negotiated escalator,standard change-control language,subcontractor approval required,US data residency,transition assistance explicit,SRC-HCDN-SLA-013,SRC-HCDN-INV-025,SRC-HCDN-CO-021,LOT-HCDN-04,PROP-HCDN-01,BAFO-HCDN-01,EVAL-HCDN-001,high exit-term sensitivity
CONT-HCDN-0697,VEND-HCDN-080,Synthetic Healthcare Supplier 080,cloud commit,Cloud Infrastructure and Data Center,Clinical Operations,claims operations,2021-05-01,2027-12-31,renewal within 24 months,hybrid fixed plus variable,indexed,standard termination rights,no minimum beyond SOW baseline,RATE-HCDN-138,standard service credits,fixed or negotiated escalator,standard change-control language,subcontracting permitted with controls,US data residency,transition assistance to confirm,SRC-HCDN-SLA-014,SRC-HCDN-INV-026,SRC-HCDN-CO-022,LOT-HCDN-05,,,EVAL-HCDN-002,standard commercial review
CONT-HCDN-0698,VEND-HCDN-087,Synthetic Healthcare Supplier 087,data platform subscription,Workplace and Contact Center,Revenue Cycle,Medicare Advantage quality services,2022-06-01,2028-12-31,active multi-year,committed spend,trend-only,standard termination rights,no minimum beyond SOW baseline,RATE-HCDN-139,standard service credits,fixed or negotiated escalator,standard change-control language,subcontracting permitted with controls,US data residency,transition assistance to confirm,SRC-HCDN-SLA-015,SRC-HCDN-INV-027,SRC-HCDN-CO-023,LOT-HCDN-06,,,EVAL-HCDN-003,standard commercial review
CONT-HCDN-0699,VEND-HCDN-094,Synthetic Healthcare Supplier 094,software subscription,Security Identity and Compliance,Patient Access,risk adjustment analytics,2023-07-01,2026-12-31,extension option,outcome-linked,withheld,standard termination rights,no minimum beyond SOW baseline,RATE-HCDN-140,standard service credits,fixed or negotiated escalator,standard change-control language,subcontracting permitted with controls,US data residency,transition assistance to confirm,SRC-HCDN-SLA-016,SRC-HCDN-INV-028,SRC-HCDN-CO-024,LOT-HCDN-07,PROP-HCDN-01,,EVAL-HCDN-004,standard commercial review
CONT-HCDN-0700,VEND-HCDN-101,Synthetic Healthcare Supplier 101,professional services SOW,Integration and Interoperability,Interoperability,prior authorization operations,2020-08-01,2027-12-31,transition assistance required,fixed fee,exact,standard termination rights,minimum annual commitment applies,RATE-HCDN-001,service credits capped and under-defined,fixed or negotiated escalator,standard change-control language,subcontracting permitted with controls,PHI/data residency review required,transition assistance explicit,SRC-HCDN-SLA-017,SRC-HCDN-INV-029,SRC-HCDN-CO-025,LOT-HCDN-08,,,EVAL-HCDN-005,supplier concentration
CONT-HCDN-0701,VEND-HCDN-108,Synthetic Healthcare Supplier 108,maintenance agreement,ERP and Corporate Platforms,Population Health,revenue-cycle outsourcing,2021-09-01,2028-12-31,exit rights need review,T&M,range,standard termination rights,no minimum beyond SOW baseline,RATE-HCDN-002,standard service credits,fixed or negotiated escalator,standard change-control language,subcontracting permitted with controls,US data residency,transition assistance to confirm,SRC-HCDN-SLA-018,SRC-HCDN-INV-030,SRC-HCDN-CO-026,LOT-HCDN-09,,,EVAL-HCDN-006,standard commercial review
CONT-HCDN-0702,VEND-HCDN-115,Synthetic Healthcare Supplier 115,telecom services,Clinical and Epic AMS,Health Plan Operations,cloud/data platform operations,2022-01-01,2026-12-31,renewal within 12 months,unit rate,indexed,termination for convenience with notice,no minimum beyond SOW baseline,RATE-HCDN-003,standard service credits,CPI escalator above threshold,standard change-control language,subcontracting permitted with controls,US data residency,transition assistance to confirm,SRC-HCDN-SLA-019,SRC-HCDN-INV-031,SRC-HCDN-CO-027,LOT-HCDN-01,PROP-HCDN-01,BAFO-HCDN-01,EVAL-HCDN-007,standard commercial review
CONT-HCDN-0703,VEND-HCDN-122,Synthetic Healthcare Supplier 122,cybersecurity services,Payer Platform Operations,Medicare Advantage,SQL Server/EDW managed services,2023-02-01,2027-12-31,renewal within 24 months,per member per month,trend-only,standard termination rights,no minimum beyond SOW baseline,RATE-HCDN-004,standard service credits,fixed or negotiated escalator,standard change-control language,subcontracting permitted with controls,US data residency,transition assistance to confirm,SRC-HCDN-SLA-020,SRC-HCDN-INV-032,SRC-HCDN-CO-028,LOT-HCDN-02,,,EVAL-HCDN-008,standard commercial review
CONT-HCDN-0704,VEND-HCDN-129,Synthetic Healthcare Supplier 129,AI/document automation SOW,Data Analytics and AI,Claims Operations,contact center operations,2020-03-01,2028-12-31,active multi-year,per claim,withheld,termination limited during transition,no minimum beyond SOW baseline,RATE-HCDN-005,standard service credits,fixed or negotiated escalator,change-control ambiguity,subcontracting permitted with controls,US data residency,transition assistance explicit,SRC-HCDN-SLA-021,SRC-HCDN-INV-033,SRC-HCDN-CO-029,LOT-HCDN-03,,,EVAL-HCDN-009,high exit-term sensitivity
CONT-HCDN-0705,VEND-HCDN-136,Synthetic Healthcare Supplier 136,MSA,Revenue Cycle Technology,Utilization Management,payment integrity,2021-04-01,2026-12-31,extension option,per encounter,exact,standard termination rights,no minimum beyond SOW baseline,RATE-HCDN-006,service credits capped and under-defined,fixed or negotiated escalator,standard change-control language,subcontracting permitted with controls,US data residency,transition assistance to confirm,SRC-HCDN-SLA-022,SRC-HCDN-INV-034,SRC-HCDN-CO-030,LOT-HCDN-04,PROP-HCDN-01,,EVAL-HCDN-010,standard commercial review
CONT-HCDN-0706,VEND-HCDN-143,Synthetic Healthcare Supplier 143,SOW,Cloud Infrastructure and Data Center,Member Services,identity/security operations,2022-05-01,2027-12-31,transition assistance required,consumption,range,standard termination rights,no minimum beyond SOW baseline,RATE-HCDN-007,standard service credits,fixed or negotiated escalator,standard change-control language,subcontracting permitted with controls,US data residency,transition assistance to confirm,SRC-HCDN-SLA-023,SRC-HCDN-INV-035,SRC-HCDN-CO-031,LOT-HCDN-05,,,EVAL-HCDN-011,standard commercial review
CONT-HCDN-0707,VEND-HCDN-150,Synthetic Healthcare Supplier 150,rate card,Workplace and Contact Center,Quality and Stars,interoperability services,2023-06-01,2028-12-31,exit rights need review,hybrid fixed plus variable,indexed,standard termination rights,minimum annual commitment applies,RATE-HCDN-008,standard service credits,fixed or negotiated escalator,standard change-control language,subcontracting permitted with controls,US data residency,transition assistance to confirm,SRC-HCDN-SLA-024,SRC-HCDN-INV-036,SRC-HCDN-CO-032,LOT-HCDN-06,,,EVAL-HCDN-012,standard commercial review
CONT-HCDN-0708,VEND-HCDN-157,Synthetic Healthcare Supplier 157,Epic support agreement,Security Identity and Compliance,Risk Adjustment,Epic support and optimization,2020-07-01,2026-12-31,renewal within 12 months,committed spend,trend-only,termination for convenience with notice,no minimum beyond SOW baseline,RATE-HCDN-009,standard service credits,fixed or negotiated escalator,standard change-control language,subcontractor approval required,US data residency,transition assistance explicit,SRC-HCDN-SLA-025,SRC-HCDN-INV-037,SRC-HCDN-CO-033,LOT-HCDN-07,PROP-HCDN-01,BAFO-HCDN-01,EVAL-HCDN-013,standard commercial review
CONT-HCDN-0709,VEND-HCDN-164,Synthetic Healthcare Supplier 164,claims admin agreement,Integration and Interoperability,Care Management,claims operations,2021-08-01,2027-12-31,renewal within 24 months,outcome-linked,withheld,standard termination rights,no minimum beyond SOW baseline,RATE-HCDN-010,standard service credits,fixed or negotiated escalator,standard change-control language,subcontracting permitted with controls,US data residency,transition assistance to confirm,SRC-HCDN-SLA-026,SRC-HCDN-INV-038,SRC-HCDN-CO-034,LOT-HCDN-08,,,EVAL-HCDN-014,standard commercial review
CONT-HCDN-0710,VEND-HCDN-171,Synthetic Healthcare Supplier 171,PBM services SOW,ERP and Corporate Platforms,Finance,Medicare Advantage quality services,2022-09-01,2028-12-31,active multi-year,fixed fee,exact,standard termination rights,no minimum beyond SOW baseline,RATE-HCDN-011,service credits capped and under-defined,fixed or negotiated escalator,standard change-control language,subcontracting permitted with controls,PHI/data residency review required,transition assistance to confirm,SRC-HCDN-SLA-027,SRC-HCDN-INV-039,SRC-HCDN-CO-035,LOT-HCDN-09,,,EVAL-HCDN-015,supplier concentration
CONT-HCDN-0711,VEND-HCDN-178,Synthetic Healthcare Supplier 178,BPO services SOW,Clinical and Epic AMS,Coding,risk adjustment analytics,2023-01-01,2026-12-31,extension option,T&M,range,standard termination rights,no minimum beyond SOW baseline,RATE-HCDN-012,standard service credits,CPI escalator above threshold,standard change-control language,subcontracting permitted with controls,US data residency,transition assistance to confirm,SRC-HCDN-SLA-028,SRC-HCDN-INV-040,SRC-HCDN-CO-036,LOT-HCDN-01,PROP-HCDN-01,,EVAL-HCDN-016,standard commercial review
CONT-HCDN-0712,VEND-HCDN-185,Synthetic Healthcare Supplier 185,cloud commit,Payer Platform Operations,Payer Contracting,prior authorization operations,2020-02-01,2027-12-31,transition assistance required,unit rate,indexed,termination limited during transition,no minimum beyond SOW baseline,RATE-HCDN-013,standard service credits,fixed or negotiated escalator,standard change-control language,subcontracting permitted with controls,US data residency,transition assistance explicit,SRC-HCDN-SLA-029,SRC-HCDN-INV-041,SRC-HCDN-CO-037,LOT-HCDN-02,,,EVAL-HCDN-017,high exit-term sensitivity
CONT-HCDN-0713,VEND-HCDN-192,Synthetic Healthcare Supplier 192,data platform subscription,Data Analytics and AI,Digital Front Door,revenue-cycle outsourcing,2021-03-01,2028-12-31,exit rights need review,per member per month,trend-only,standard termination rights,no minimum beyond SOW baseline,RATE-HCDN-014,standard service credits,fixed or negotiated escalator,standard change-control language,subcontracting permitted with controls,US data residency,transition assistance to confirm,SRC-HCDN-SLA-030,SRC-HCDN-INV-042,SRC-HCDN-CO-038,LOT-HCDN-03,,,EVAL-HCDN-018,standard commercial review
CONT-HCDN-0714,VEND-HCDN-199,Synthetic Healthcare Supplier 199,software subscription,Revenue Cycle Technology,Contact Center,cloud/data platform operations,2022-04-01,2026-12-31,renewal within 12 months,per claim,withheld,termination for convenience with notice,minimum annual commitment applies,RATE-HCDN-015,standard service credits,fixed or negotiated escalator,standard change-control language,subcontracting permitted with controls,US data residency,transition assistance to confirm,SRC-HCDN-SLA-031,SRC-HCDN-INV-043,SRC-HCDN-CO-039,LOT-HCDN-04,PROP-HCDN-01,BAFO-HCDN-01,EVAL-HCDN-019,standard commercial review
CONT-HCDN-0715,VEND-HCDN-206,Synthetic Healthcare Supplier 206,professional services SOW,Cloud Infrastructure and Data Center,Ambulatory Care,SQL Server/EDW managed services,2023-05-01,2027-12-31,renewal within 24 months,per encounter,exact,standard termination rights,no minimum beyond SOW baseline,RATE-HCDN-016,service credits capped and under-defined,fixed or negotiated escalator,change-control ambiguity,subcontracting permitted with controls,US data residency,transition assistance to confirm,SRC-HCDN-SLA-032,SRC-HCDN-INV-044,SRC-HCDN-CO-040,LOT-HCDN-05,,,EVAL-HCDN-020,standard commercial review
CONT-HCDN-0716,VEND-HCDN-213,Synthetic Healthcare Supplier 213,maintenance agreement,Workplace and Contact Center,Emergency Department,contact center operations,2020-06-01,2028-12-31,active multi-year,consumption,range,standard termination rights,no minimum beyond SOW baseline,RATE-HCDN-017,standard service credits,fixed or negotiated escalator,standard change-control language,subcontracting permitted with controls,US data residency,transition assistance explicit,SRC-HCDN-SLA-033,SRC-HCDN-INV-045,SRC-HCDN-CO-041,LOT-HCDN-06,,,EVAL-HCDN-021,standard commercial review
CONT-HCDN-0717,VEND-HCDN-220,Synthetic Healthcare Supplier 220,telecom services,Security Identity and Compliance,Inpatient,payment integrity,2021-07-01,2026-12-31,extension option,hybrid fixed plus variable,indexed,standard termination rights,no minimum beyond SOW baseline,RATE-HCDN-018,standard service credits,fixed or negotiated escalator,standard change-control language,subcontracting permitted with controls,US data residency,transition assistance to confirm,SRC-HCDN-SLA-034,SRC-HCDN-INV-046,SRC-HCDN-CO-042,LOT-HCDN-07,PROP-HCDN-01,,EVAL-HCDN-022,standard commercial review
CONT-HCDN-0718,VEND-HCDN-227,Synthetic Healthcare Supplier 227,cybersecurity services,Integration and Interoperability,Surgery,identity/security operations,2022-08-01,2027-12-31,transition assistance required,committed spend,trend-only,standard termination rights,no minimum beyond SOW baseline,RATE-HCDN-019,standard service credits,fixed or negotiated escalator,standard change-control language,subcontracting permitted with controls,US data residency,transition assistance to confirm,SRC-HCDN-SLA-035,SRC-HCDN-INV-047,SRC-HCDN-CO-043,LOT-HCDN-08,,,EVAL-HCDN-023,standard commercial review
CONT-HCDN-0719,VEND-HCDN-234,Synthetic Healthcare Supplier 234,AI/document automation SOW,ERP and Corporate Platforms,Imaging,interoperability services,2023-09-01,2028-12-31,exit rights need review,outcome-linked,withheld,standard termination rights,no minimum beyond SOW baseline,RATE-HCDN-020,standard service credits,fixed or negotiated escalator,standard change-control language,subcontracting permitted with controls,US data residency,transition assistance to confirm,SRC-HCDN-SLA-036,SRC-HCDN-INV-048,SRC-HCDN-CO-044,LOT-HCDN-09,,,EVAL-HCDN-024,standard commercial review
CONT-HCDN-0720,VEND-HCDN-241,Synthetic Healthcare Supplier 241,MSA,Clinical and Epic AMS,Lab,Epic support and optimization,2020-01-01,2026-12-31,renewal within 12 months,fixed fee,exact,termination for convenience with notice,no minimum beyond SOW baseline,RATE-HCDN-021,service credits capped and under-defined,CPI escalator above threshold,standard change-control language,subcontractor approval required,PHI/data residency review required,transition assistance explicit,SRC-HCDN-SLA-001,SRC-HCDN-INV-001,SRC-HCDN-CO-045,LOT-HCDN-01,PROP-HCDN-01,BAFO-HCDN-01,EVAL-HCDN-001,high exit-term sensitivity
CONT-HCDN-0721,VEND-HCDN-248,Synthetic Healthcare Supplier 248,SOW,Payer Platform Operations,Pharmacy,claims operations,2021-02-01,2027-12-31,renewal within 24 months,T&M,range,standard termination rights,minimum annual commitment applies,RATE-HCDN-022,standard service credits,fixed or negotiated escalator,standard change-control language,subcontracting permitted with controls,US data residency,transition assistance to confirm,SRC-HCDN-SLA-002,SRC-HCDN-INV-002,SRC-HCDN-CO-046,LOT-HCDN-02,,,EVAL-HCDN-002,standard commercial review
CONT-HCDN-0722,VEND-HCDN-255,Synthetic Healthcare Supplier 255,rate card,Data Analytics and AI,Oncology,Medicare Advantage quality services,2022-03-01,2028-12-31,active multi-year,unit rate,indexed,standard termination rights,no minimum beyond SOW baseline,RATE-HCDN-023,standard service credits,fixed or negotiated escalator,standard change-control language,subcontracting permitted with controls,US data residency,transition assistance to confirm,SRC-HCDN-SLA-003,SRC-HCDN-INV-003,SRC-HCDN-CO-047,LOT-HCDN-03,,,EVAL-HCDN-003,standard commercial review
CONT-HCDN-0723,VEND-HCDN-262,Synthetic Healthcare Supplier 262,Epic support agreement,Revenue Cycle Technology,Cardiology,risk adjustment analytics,2023-04-01,2026-12-31,extension option,per member per month,trend-only,standard termination rights,no minimum beyond SOW baseline,RATE-HCDN-024,standard service credits,fixed or negotiated escalator,standard change-control language,subcontracting permitted with controls,US data residency,transition assistance to confirm,SRC-HCDN-SLA-004,SRC-HCDN-INV-004,SRC-HCDN-CO-048,LOT-HCDN-04,PROP-HCDN-01,,EVAL-HCDN-004,standard commercial review
CONT-HCDN-0724,VEND-HCDN-269,Synthetic Healthcare Supplier 269,claims admin agreement,Cloud Infrastructure and Data Center,Data and Analytics,prior authorization operations,2020-05-01,2027-12-31,transition assistance required,per claim,withheld,standard termination rights,no minimum beyond SOW baseline,RATE-HCDN-025,standard service credits,fixed or negotiated escalator,standard change-control language,subcontracting permitted with controls,US data residency,transition assistance explicit,SRC-HCDN-SLA-005,SRC-HCDN-INV-005,SRC-HCDN-CO-049,LOT-HCDN-05,,,EVAL-HCDN-005,standard commercial review
CONT-HCDN-0725,VEND-HCDN-276,Synthetic Healthcare Supplier 276,PBM services SOW,Workplace and Contact Center,Clinical Analytics,revenue-cycle outsourcing,2021-06-01,2028-12-31,exit rights need review,per encounter,exact,standard termination rights,no minimum beyond SOW baseline,RATE-HCDN-026,service credits capped and under-defined,fixed or negotiated escalator,standard change-control language,subcontracting permitted with controls,US data residency,transition assistance to confirm,SRC-HCDN-SLA-006,SRC-HCDN-INV-006,SRC-HCDN-CO-050,LOT-HCDN-06,,,EVAL-HCDN-006,standard commercial review
CONT-HCDN-0726,VEND-HCDN-283,Synthetic Healthcare Supplier 283,BPO services SOW,Security Identity and Compliance,Actuarial,cloud/data platform operations,2022-07-01,2026-12-31,renewal within 12 months,consumption,range,termination for convenience with notice,no minimum beyond SOW baseline,RATE-HCDN-027,standard service credits,fixed or negotiated escalator,change-control ambiguity,subcontracting permitted with controls,US data residency,transition assistance to confirm,SRC-HCDN-SLA-007,SRC-HCDN-INV-007,SRC-HCDN-CO-051,LOT-HCDN-07,PROP-HCDN-01,BAFO-HCDN-01,EVAL-HCDN-007,standard commercial review
CONT-HCDN-0727,VEND-HCDN-290,Synthetic Healthcare Supplier 290,cloud commit,Integration and Interoperability,Departmental Reporting,SQL Server/EDW managed services,2023-08-01,2027-12-31,renewal within 24 months,hybrid fixed plus variable,indexed,standard termination rights,no minimum beyond SOW baseline,RATE-HCDN-028,standard service credits,fixed or negotiated escalator,standard change-control language,subcontracting permitted with controls,US data residency,transition assistance to confirm,SRC-HCDN-SLA-008,SRC-HCDN-INV-008,SRC-HCDN-CO-052,LOT-HCDN-08,,,EVAL-HCDN-008,standard commercial review
CONT-HCDN-0728,VEND-HCDN-297,Synthetic Healthcare Supplier 297,data platform subscription,ERP and Corporate Platforms,AI Transformation,contact center operations,2020-09-01,2028-12-31,active multi-year,committed spend,trend-only,termination limited during transition,minimum annual commitment applies,RATE-HCDN-029,standard service credits,fixed or negotiated escalator,standard change-control language,subcontracting permitted with controls,US data residency,transition assistance explicit,SRC-HCDN-SLA-009,SRC-HCDN-INV-009,SRC-HCDN-CO-001,LOT-HCDN-09,,,EVAL-HCDN-009,high exit-term sensitivity
CONT-HCDN-0729,VEND-HCDN-304,Synthetic Healthcare Supplier 304,software subscription,Clinical and Epic AMS,Technology,payment integrity,2021-01-01,2026-12-31,extension option,outcome-linked,withheld,standard termination rights,no minimum beyond SOW baseline,RATE-HCDN-030,standard service credits,CPI escalator above threshold,standard change-control language,subcontracting permitted with controls,US data residency,transition assistance to confirm,SRC-HCDN-SLA-010,SRC-HCDN-INV-010,SRC-HCDN-CO-002,LOT-HCDN-01,PROP-HCDN-01,,EVAL-HCDN-010,standard commercial review
CONT-HCDN-0730,VEND-HCDN-311,Synthetic Healthcare Supplier 311,professional services SOW,Payer Platform Operations,Security,identity/security operations,2022-02-01,2027-12-31,transition assistance required,fixed fee,exact,standard termination rights,no minimum beyond SOW baseline,RATE-HCDN-031,service credits capped and under-defined,fixed or negotiated escalator,standard change-control language,subcontracting permitted with controls,PHI/data residency review required,transition assistance to confirm,SRC-HCDN-SLA-011,SRC-HCDN-INV-011,SRC-HCDN-CO-003,LOT-HCDN-02,,,EVAL-HCDN-011,supplier concentration
CONT-HCDN-0731,VEND-HCDN-318,Synthetic Healthcare Supplier 318,maintenance agreement,Data Analytics and AI,Procurement,interoperability services,2023-03-01,2028-12-31,exit rights need review,T&M,range,standard termination rights,no minimum beyond SOW baseline,RATE-HCDN-032,standard service credits,fixed or negotiated escalator,standard change-control language,subcontracting permitted with controls,US data residency,transition assistance to confirm,SRC-HCDN-SLA-012,SRC-HCDN-INV-012,SRC-HCDN-CO-004,LOT-HCDN-03,,,EVAL-HCDN-012,standard commercial review
CONT-HCDN-0732,VEND-HCDN-325,Synthetic Healthcare Supplier 325,telecom services,Revenue Cycle Technology,HR,Epic support and optimization,2020-04-01,2026-12-31,renewal within 12 months,unit rate,indexed,termination for convenience with notice,no minimum beyond SOW baseline,RATE-HCDN-033,standard service credits,fixed or negotiated escalator,standard change-control language,subcontractor approval required,US data residency,transition assistance explicit,SRC-HCDN-SLA-013,SRC-HCDN-INV-013,SRC-HCDN-CO-005,LOT-HCDN-04,PROP-HCDN-01,BAFO-HCDN-01,EVAL-HCDN-013,standard commercial review
CONT-HCDN-0733,VEND-HCDN-332,Synthetic Healthcare Supplier 332,cybersecurity services,Cloud Infrastructure and Data Center,Supply Chain,claims operations,2021-05-01,2027-12-31,renewal within 24 months,per member per month,trend-only,standard termination rights,no minimum beyond SOW baseline,RATE-HCDN-034,standard service credits,fixed or negotiated escalator,standard change-control language,subcontracting permitted with controls,US data residency,transition assistance to confirm,SRC-HCDN-SLA-014,SRC-HCDN-INV-014,SRC-HCDN-CO-006,LOT-HCDN-05,,,EVAL-HCDN-014,standard commercial review
CONT-HCDN-0734,VEND-HCDN-339,Synthetic Healthcare Supplier 339,AI/document automation SOW,Workplace and Contact Center,Privacy,Medicare Advantage quality services,2022-06-01,2028-12-31,active multi-year,per claim,withheld,standard termination rights,no minimum beyond SOW baseline,RATE-HCDN-035,standard service credits,fixed or negotiated escalator,standard change-control language,subcontracting permitted with controls,US data residency,transition assistance to confirm,SRC-HCDN-SLA-015,SRC-HCDN-INV-015,SRC-HCDN-CO-007,LOT-HCDN-06,,,EVAL-HCDN-015,standard commercial review
CONT-HCDN-0735,VEND-HCDN-346,Synthetic Healthcare Supplier 346,MSA,Security Identity and Compliance,Compliance,risk adjustment analytics,2023-07-01,2026-12-31,extension option,per encounter,exact,standard termination rights,minimum annual commitment applies,RATE-HCDN-036,service credits capped and under-defined,fixed or negotiated escalator,standard change-control language,subcontracting permitted with controls,US data residency,transition assistance to confirm,SRC-HCDN-SLA-016,SRC-HCDN-INV-016,SRC-HCDN-CO-008,LOT-HCDN-07,PROP-HCDN-01,,EVAL-HCDN-016,standard commercial review
CONT-HCDN-0736,VEND-HCDN-353,Synthetic Healthcare Supplier 353,SOW,Integration and Interoperability,Provider Network,prior authorization operations,2020-08-01,2027-12-31,transition assistance required,consumption,range,termination limited during transition,no minimum beyond SOW baseline,RATE-HCDN-037,standard service credits,fixed or negotiated escalator,standard change-control language,subcontracting permitted with controls,US data residency,transition assistance explicit,SRC-HCDN-SLA-017,SRC-HCDN-INV-017,SRC-HCDN-CO-009,LOT-HCDN-08,,,EVAL-HCDN-017,high exit-term sensitivity
CONT-HCDN-0737,VEND-HCDN-360,Synthetic Healthcare Supplier 360,rate card,ERP and Corporate Platforms,Value-Based Care,revenue-cycle outsourcing,2021-09-01,2028-12-31,exit rights need review,hybrid fixed plus variable,indexed,standard termination rights,no minimum beyond SOW baseline,RATE-HCDN-038,standard service credits,fixed or negotiated escalator,change-control ambiguity,subcontracting permitted with controls,US data residency,transition assistance to confirm,SRC-HCDN-SLA-018,SRC-HCDN-INV-018,SRC-HCDN-CO-010,LOT-HCDN-09,,,EVAL-HCDN-018,standard commercial review
CONT-HCDN-0738,VEND-HCDN-367,Synthetic Healthcare Supplier 367,Epic support agreement,Clinical and Epic AMS,Clinical Operations,cloud/data platform operations,2022-01-01,2026-12-31,renewal within 12 months,committed spend,trend-only,termination for convenience with notice,no minimum beyond SOW baseline,RATE-HCDN-039,standard service credits,CPI escalator above threshold,standard change-control language,subcontracting permitted with controls,US data residency,transition assistance to confirm,SRC-HCDN-SLA-019,SRC-HCDN-INV-019,SRC-HCDN-CO-011,LOT-HCDN-01,PROP-HCDN-01,BAFO-HCDN-01,EVAL-HCDN-019,standard commercial review
CONT-HCDN-0739,VEND-HCDN-374,Synthetic Healthcare Supplier 374,claims admin agreement,Payer Platform Operations,Revenue Cycle,SQL Server/EDW managed services,2023-02-01,2027-12-31,renewal within 24 months,outcome-linked,withheld,standard termination rights,no minimum beyond SOW baseline,RATE-HCDN-040,standard service credits,fixed or negotiated escalator,standard change-control language,subcontracting permitted with controls,US data residency,transition assistance to confirm,SRC-HCDN-SLA-020,SRC-HCDN-INV-020,SRC-HCDN-CO-012,LOT-HCDN-02,,,EVAL-HCDN-020,standard commercial review
CONT-HCDN-0740,VEND-HCDN-381,Synthetic Healthcare Supplier 381,PBM services SOW,Data Analytics and AI,Patient Access,contact center operations,2020-03-01,2028-12-31,active multi-year,fixed fee,exact,standard termination rights,no minimum beyond SOW baseline,RATE-HCDN-041,service credits capped and under-defined,fixed or negotiated escalator,standard change-control language,subcontracting permitted with controls,PHI/data residency review required,transition assistance explicit,SRC-HCDN-SLA-021,SRC-HCDN-INV-021,SRC-HCDN-CO-013,LOT-HCDN-03,,,EVAL-HCDN-021,supplier concentration
CONT-HCDN-0741,VEND-HCDN-388,Synthetic Healthcare Supplier 388,BPO services SOW,Revenue Cycle Technology,Interoperability,payment integrity,2021-04-01,2026-12-31,extension option,T&M,range,standard termination rights,no minimum beyond SOW baseline,RATE-HCDN-042,standard service credits,fixed or negotiated escalator,standard change-control language,subcontracting permitted with controls,US data residency,transition assistance to confirm,SRC-HCDN-SLA-022,SRC-HCDN-INV-022,SRC-HCDN-CO-014,LOT-HCDN-04,PROP-HCDN-01,,EVAL-HCDN-022,standard commercial review
CONT-HCDN-0742,VEND-HCDN-395,Synthetic Healthcare Supplier 395,cloud commit,Cloud Infrastructure and Data Center,Population Health,identity/security operations,2022-05-01,2027-12-31,transition assistance required,unit rate,indexed,standard termination rights,minimum annual commitment applies,RATE-HCDN-043,standard service credits,fixed or negotiated escalator,standard change-control language,subcontracting permitted with controls,US data residency,transition assistance to confirm,SRC-HCDN-SLA-023,SRC-HCDN-INV-023,SRC-HCDN-CO-015,LOT-HCDN-05,,,EVAL-HCDN-023,standard commercial review
CONT-HCDN-0743,VEND-HCDN-402,Synthetic Healthcare Supplier 402,data platform subscription,Workplace and Contact Center,Health Plan Operations,interoperability services,2023-06-01,2028-12-31,exit rights need review,per member per month,trend-only,standard termination rights,no minimum beyond SOW baseline,RATE-HCDN-044,standard service credits,fixed or negotiated escalator,standard change-control language,subcontracting permitted with controls,US data residency,transition assistance to confirm,SRC-HCDN-SLA-024,SRC-HCDN-INV-024,SRC-HCDN-CO-016,LOT-HCDN-06,,,EVAL-HCDN-024,standard commercial review
CONT-HCDN-0744,VEND-HCDN-409,Synthetic Healthcare Supplier 409,software subscription,Security Identity and Compliance,Medicare Advantage,Epic support and optimization,2020-07-01,2026-12-31,renewal within 12 months,per claim,withheld,termination for convenience with notice,no minimum beyond SOW baseline,RATE-HCDN-045,standard service credits,fixed or negotiated escalator,standard change-control language,subcontractor approval required,US data residency,transition assistance explicit,SRC-HCDN-SLA-025,SRC-HCDN-INV-025,SRC-HCDN-CO-017,LOT-HCDN-07,PROP-HCDN-01,BAFO-HCDN-01,EVAL-HCDN-001,high exit-term sensitivity
CONT-HCDN-0745,VEND-HCDN-416,Synthetic Healthcare Supplier 416,professional services SOW,Integration and Interoperability,Claims Operations,claims operations,2021-08-01,2027-12-31,renewal within 24 months,per encounter,exact,standard termination rights,no minimum beyond SOW baseline,RATE-HCDN-046,service credits capped and under-defined,fixed or negotiated escalator,standard change-control language,subcontracting permitted with controls,US data residency,transition assistance to confirm,SRC-HCDN-SLA-026,SRC-HCDN-INV-026,SRC-HCDN-CO-018,LOT-HCDN-08,,,EVAL-HCDN-002,standard commercial review
CONT-HCDN-0746,VEND-HCDN-423,Synthetic Healthcare Supplier 423,maintenance agreement,ERP and Corporate Platforms,Utilization Management,Medicare Advantage quality services,2022-09-01,2028-12-31,active multi-year,consumption,range,standard termination rights,no minimum beyond SOW baseline,RATE-HCDN-047,standard service credits,fixed or negotiated escalator,standard change-control language,subcontracting permitted with controls,US data residency,transition assistance to confirm,SRC-HCDN-SLA-027,SRC-HCDN-INV-027,SRC-HCDN-CO-019,LOT-HCDN-09,,,EVAL-HCDN-003,standard commercial review
CONT-HCDN-0747,VEND-HCDN-430,Synthetic Healthcare Supplier 430,telecom services,Clinical and Epic AMS,Member Services,risk adjustment analytics,2023-01-01,2026-12-31,extension option,hybrid fixed plus variable,indexed,standard termination rights,no minimum beyond SOW baseline,RATE-HCDN-048,standard service credits,CPI escalator above threshold,standard change-control language,subcontracting permitted with controls,US data residency,transition assistance to confirm,SRC-HCDN-SLA-028,SRC-HCDN-INV-028,SRC-HCDN-CO-020,LOT-HCDN-01,PROP-HCDN-01,,EVAL-HCDN-004,standard commercial review
CONT-HCDN-0748,VEND-HCDN-437,Synthetic Healthcare Supplier 437,cybersecurity services,Payer Platform Operations,Quality and Stars,prior authorization operations,2020-02-01,2027-12-31,transition assistance required,committed spend,trend-only,standard termination rights,no minimum beyond SOW baseline,RATE-HCDN-049,standard service credits,fixed or negotiated escalator,change-control ambiguity,subcontracting permitted with controls,US data residency,transition assistance explicit,SRC-HCDN-SLA-029,SRC-HCDN-INV-029,SRC-HCDN-CO-021,LOT-HCDN-02,,,EVAL-HCDN-005,standard commercial review
CONT-HCDN-0749,VEND-HCDN-444,Synthetic Healthcare Supplier 444,AI/document automation SOW,Data Analytics and AI,Risk Adjustment,revenue-cycle outsourcing,2021-03-01,2028-12-31,exit rights need review,outcome-linked,withheld,standard termination rights,minimum annual commitment applies,RATE-HCDN-050,standard service credits,fixed or negotiated escalator,standard change-control language,subcontracting permitted with controls,US data residency,transition assistance to confirm,SRC-HCDN-SLA-030,SRC-HCDN-INV-030,SRC-HCDN-CO-022,LOT-HCDN-03,,,EVAL-HCDN-006,standard commercial review
CONT-HCDN-0750,VEND-HCDN-451,Synthetic Healthcare Supplier 451,MSA,Revenue Cycle Technology,Care Management,cloud/data platform operations,2022-04-01,2026-12-31,renewal within 12 months,fixed fee,exact,termination for convenience with notice,no minimum beyond SOW baseline,RATE-HCDN-051,service credits capped and under-defined,fixed or negotiated escalator,standard change-control language,subcontracting permitted with controls,PHI/data residency review required,transition assistance to confirm,SRC-HCDN-SLA-031,SRC-HCDN-INV-031,SRC-HCDN-CO-023,LOT-HCDN-04,PROP-HCDN-01,BAFO-HCDN-01,EVAL-HCDN-007,supplier concentration
CONT-HCDN-0751,VEND-HCDN-458,Synthetic Healthcare Supplier 458,SOW,Cloud Infrastructure and Data Center,Finance,SQL Server/EDW managed services,2023-05-01,2027-12-31,renewal within 24 months,T&M,range,standard termination rights,no minimum beyond SOW baseline,RATE-HCDN-052,standard service credits,fixed or negotiated escalator,standard change-control language,subcontracting permitted with controls,US data residency,transition assistance to confirm,SRC-HCDN-SLA-032,SRC-HCDN-INV-032,SRC-HCDN-CO-024,LOT-HCDN-05,,,EVAL-HCDN-008,standard commercial review
CONT-HCDN-0752,VEND-HCDN-465,Synthetic Healthcare Supplier 465,rate card,Workplace and Contact Center,Coding,contact center operations,2020-06-01,2028-12-31,active multi-year,unit rate,indexed,termination limited during transition,no minimum beyond SOW baseline,RATE-HCDN-053,standard service credits,fixed or negotiated escalator,standard change-control language,subcontracting permitted with controls,US data residency,transition assistance explicit,SRC-HCDN-SLA-033,SRC-HCDN-INV-033,SRC-HCDN-CO-025,LOT-HCDN-06,,,EVAL-HCDN-009,high exit-term sensitivity
CONT-HCDN-0753,VEND-HCDN-472,Synthetic Healthcare Supplier 472,Epic support agreement,Security Identity and Compliance,Payer Contracting,payment integrity,2021-07-01,2026-12-31,extension option,per member per month,trend-only,standard termination rights,no minimum beyond SOW baseline,RATE-HCDN-054,standard service credits,fixed or negotiated escalator,standard change-control language,subcontracting permitted with controls,US data residency,transition assistance to confirm,SRC-HCDN-SLA-034,SRC-HCDN-INV-034,SRC-HCDN-CO-026,LOT-HCDN-07,PROP-HCDN-01,,EVAL-HCDN-010,standard commercial review
CONT-HCDN-0754,VEND-HCDN-479,Synthetic Healthcare Supplier 479,claims admin agreement,Integration and Interoperability,Digital Front Door,identity/security operations,2022-08-01,2027-12-31,transition assistance required,per claim,withheld,standard termination rights,no minimum beyond SOW baseline,RATE-HCDN-055,standard service credits,fixed or negotiated escalator,standard change-control language,subcontracting permitted with controls,US data residency,transition assistance to confirm,SRC-HCDN-SLA-035,SRC-HCDN-INV-035,SRC-HCDN-CO-027,LOT-HCDN-08,,,EVAL-HCDN-011,standard commercial review
CONT-HCDN-0755,VEND-HCDN-006,Synthetic Healthcare Supplier 006,PBM services SOW,ERP and Corporate Platforms,Contact Center,interoperability services,2023-09-01,2028-12-31,exit rights need review,per encounter,exact,standard termination rights,no minimum beyond SOW baseline,RATE-HCDN-056,service credits capped and under-defined,fixed or negotiated escalator,standard change-control language,subcontracting permitted with controls,US data residency,transition assistance to confirm,SRC-HCDN-SLA-036,SRC-HCDN-INV-036,SRC-HCDN-CO-028,LOT-HCDN-09,,,EVAL-HCDN-012,standard commercial review
CONT-HCDN-0756,VEND-HCDN-013,Synthetic Healthcare Supplier 013,BPO services SOW,Clinical and Epic AMS,Ambulatory Care,Epic support and optimization,2020-01-01,2026-12-31,renewal within 12 months,consumption,range,termination for convenience with notice,minimum annual commitment applies,RATE-HCDN-057,standard service credits,CPI escalator above threshold,standard change-control language,subcontractor approval required,US data residency,transition assistance explicit,SRC-HCDN-SLA-001,SRC-HCDN-INV-037,SRC-HCDN-CO-029,LOT-HCDN-01,PROP-HCDN-01,BAFO-HCDN-01,EVAL-HCDN-013,standard commercial review
CONT-HCDN-0757,VEND-HCDN-020,Synthetic Healthcare Supplier 020,cloud commit,Payer Platform Operations,Emergency Department,claims operations,2021-02-01,2027-12-31,renewal within 24 months,hybrid fixed plus variable,indexed,standard termination rights,no minimum beyond SOW baseline,RATE-HCDN-058,standard service credits,fixed or negotiated escalator,standard change-control language,subcontracting permitted with controls,US data residency,transition assistance to confirm,SRC-HCDN-SLA-002,SRC-HCDN-INV-038,SRC-HCDN-CO-030,LOT-HCDN-02,,,EVAL-HCDN-014,standard commercial review
CONT-HCDN-0758,VEND-HCDN-027,Synthetic Healthcare Supplier 027,data platform subscription,Data Analytics and AI,Inpatient,Medicare Advantage quality services,2022-03-01,2028-12-31,active multi-year,committed spend,trend-only,standard termination rights,no minimum beyond SOW baseline,RATE-HCDN-059,standard service credits,fixed or negotiated escalator,standard change-control language,subcontracting permitted with controls,US data residency,transition assistance to confirm,SRC-HCDN-SLA-003,SRC-HCDN-INV-039,SRC-HCDN-CO-031,LOT-HCDN-03,,,EVAL-HCDN-015,standard commercial review
CONT-HCDN-0759,VEND-HCDN-034,Synthetic Healthcare Supplier 034,software subscription,Revenue Cycle Technology,Surgery,risk adjustment analytics,2023-04-01,2026-12-31,extension option,outcome-linked,withheld,standard termination rights,no minimum beyond SOW baseline,RATE-HCDN-060,standard service credits,fixed or negotiated escalator,change-control ambiguity,subcontracting permitted with controls,US data residency,transition assistance to confirm,SRC-HCDN-SLA-004,SRC-HCDN-INV-040,SRC-HCDN-CO-032,LOT-HCDN-04,PROP-HCDN-01,,EVAL-HCDN-016,standard commercial review
CONT-HCDN-0760,VEND-HCDN-041,Synthetic Healthcare Supplier 041,professional services SOW,Cloud Infrastructure and Data Center,Imaging,prior authorization operations,2020-05-01,2027-12-31,transition assistance required,fixed fee,exact,termination limited during transition,no minimum beyond SOW baseline,RATE-HCDN-061,service credits capped and under-defined,fixed or negotiated escalator,standard change-control language,subcontracting permitted with controls,PHI/data residency review required,transition assistance explicit,SRC-HCDN-SLA-005,SRC-HCDN-INV-041,SRC-HCDN-CO-033,LOT-HCDN-05,,,EVAL-HCDN-017,high exit-term sensitivity
CONT-HCDN-0761,VEND-HCDN-048,Synthetic Healthcare Supplier 048,maintenance agreement,Workplace and Contact Center,Lab,revenue-cycle outsourcing,2021-06-01,2028-12-31,exit rights need review,T&M,range,standard termination rights,no minimum beyond SOW baseline,RATE-HCDN-062,standard service credits,fixed or negotiated escalator,standard change-control language,subcontracting permitted with controls,US data residency,transition assistance to confirm,SRC-HCDN-SLA-006,SRC-HCDN-INV-042,SRC-HCDN-CO-034,LOT-HCDN-06,,,EVAL-HCDN-018,standard commercial review
CONT-HCDN-0762,VEND-HCDN-055,Synthetic Healthcare Supplier 055,telecom services,Security Identity and Compliance,Pharmacy,cloud/data platform operations,2022-07-01,2026-12-31,renewal within 12 months,unit rate,indexed,termination for convenience with notice,no minimum beyond SOW baseline,RATE-HCDN-063,standard service credits,fixed or negotiated escalator,standard change-control language,subcontracting permitted with controls,US data residency,transition assistance to confirm,SRC-HCDN-SLA-007,SRC-HCDN-INV-043,SRC-HCDN-CO-035,LOT-HCDN-07,PROP-HCDN-01,BAFO-HCDN-01,EVAL-HCDN-019,standard commercial review
CONT-HCDN-0763,VEND-HCDN-062,Synthetic Healthcare Supplier 062,cybersecurity services,Integration and Interoperability,Oncology,SQL Server/EDW managed services,2023-08-01,2027-12-31,renewal within 24 months,per member per month,trend-only,standard termination rights,minimum annual commitment applies,RATE-HCDN-064,standard service credits,fixed or negotiated escalator,standard change-control language,subcontracting permitted with controls,US data residency,transition assistance to confirm,SRC-HCDN-SLA-008,SRC-HCDN-INV-044,SRC-HCDN-CO-036,LOT-HCDN-08,,,EVAL-HCDN-020,standard commercial review
CONT-HCDN-0764,VEND-HCDN-069,Synthetic Healthcare Supplier 069,AI/document automation SOW,ERP and Corporate Platforms,Cardiology,contact center operations,2020-09-01,2028-12-31,active multi-year,per claim,withheld,standard termination rights,no minimum beyond SOW baseline,RATE-HCDN-065,standard service credits,fixed or negotiated escalator,standard change-control language,subcontracting permitted with controls,US data residency,transition assistance explicit,SRC-HCDN-SLA-009,SRC-HCDN-INV-045,SRC-HCDN-CO-037,LOT-HCDN-09,,,EVAL-HCDN-021,standard commercial review
CONT-HCDN-0765,VEND-HCDN-076,Synthetic Healthcare Supplier 076,MSA,Clinical and Epic AMS,Data and Analytics,payment integrity,2021-01-01,2026-12-31,extension option,per encounter,exact,standard termination rights,no minimum beyond SOW baseline,RATE-HCDN-066,service credits capped and under-defined,CPI escalator above threshold,standard change-control language,subcontracting permitted with controls,US data residency,transition assistance to confirm,SRC-HCDN-SLA-010,SRC-HCDN-INV-046,SRC-HCDN-CO-038,LOT-HCDN-01,PROP-HCDN-01,,EVAL-HCDN-022,standard commercial review
CONT-HCDN-0766,VEND-HCDN-083,Synthetic Healthcare Supplier 083,SOW,Payer Platform Operations,Clinical Analytics,identity/security operations,2022-02-01,2027-12-31,transition assistance required,consumption,range,standard termination rights,no minimum beyond SOW baseline,RATE-HCDN-067,standard service credits,fixed or negotiated escalator,standard change-control language,subcontracting permitted with controls,US data residency,transition assistance to confirm,SRC-HCDN-SLA-011,SRC-HCDN-INV-047,SRC-HCDN-CO-039,LOT-HCDN-02,,,EVAL-HCDN-023,standard commercial review
CONT-HCDN-0767,VEND-HCDN-090,Synthetic Healthcare Supplier 090,rate card,Data Analytics and AI,Actuarial,interoperability services,2023-03-01,2028-12-31,exit rights need review,hybrid fixed plus variable,indexed,standard termination rights,no minimum beyond SOW baseline,RATE-HCDN-068,standard service credits,fixed or negotiated escalator,standard change-control language,subcontracting permitted with controls,US data residency,transition assistance to confirm,SRC-HCDN-SLA-012,SRC-HCDN-INV-048,SRC-HCDN-CO-040,LOT-HCDN-03,,,EVAL-HCDN-024,standard commercial review
CONT-HCDN-0768,VEND-HCDN-097,Synthetic Healthcare Supplier 097,Epic support agreement,Revenue Cycle Technology,Departmental Reporting,Epic support and optimization,2020-04-01,2026-12-31,renewal within 12 months,committed spend,trend-only,termination for convenience with notice,no minimum beyond SOW baseline,RATE-HCDN-069,standard service credits,fixed or negotiated escalator,standard change-control language,subcontractor approval required,US data residency,transition assistance explicit,SRC-HCDN-SLA-013,SRC-HCDN-INV-001,SRC-HCDN-CO-041,LOT-HCDN-04,PROP-HCDN-01,BAFO-HCDN-01,EVAL-HCDN-001,high exit-term sensitivity
CONT-HCDN-0769,VEND-HCDN-104,Synthetic Healthcare Supplier 104,claims admin agreement,Cloud Infrastructure and Data Center,AI Transformation,claims operations,2021-05-01,2027-12-31,renewal within 24 months,outcome-linked,withheld,standard termination rights,no minimum beyond SOW baseline,RATE-HCDN-070,standard service credits,fixed or negotiated escalator,standard change-control language,subcontracting permitted with controls,US data residency,transition assistance to confirm,SRC-HCDN-SLA-014,SRC-HCDN-INV-002,SRC-HCDN-CO-042,LOT-HCDN-05,,,EVAL-HCDN-002,standard commercial review
CONT-HCDN-0770,VEND-HCDN-111,Synthetic Healthcare Supplier 111,PBM services SOW,Workplace and Contact Center,Technology,Medicare Advantage quality services,2022-06-01,2028-12-31,active multi-year,fixed fee,exact,standard termination rights,minimum annual commitment applies,RATE-HCDN-071,service credits capped and under-defined,fixed or negotiated escalator,change-control ambiguity,subcontracting permitted with controls,PHI/data residency review required,transition assistance to confirm,SRC-HCDN-SLA-015,SRC-HCDN-INV-003,SRC-HCDN-CO-043,LOT-HCDN-06,,,EVAL-HCDN-003,supplier concentration
CONT-HCDN-0771,VEND-HCDN-118,Synthetic Healthcare Supplier 118,BPO services SOW,Security Identity and Compliance,Security,risk adjustment analytics,2023-07-01,2026-12-31,extension option,T&M,range,standard termination rights,no minimum beyond SOW baseline,RATE-HCDN-072,standard service credits,fixed or negotiated escalator,standard change-control language,subcontracting permitted with controls,US data residency,transition assistance to confirm,SRC-HCDN-SLA-016,SRC-HCDN-INV-004,SRC-HCDN-CO-044,LOT-HCDN-07,PROP-HCDN-01,,EVAL-HCDN-004,standard commercial review
CONT-HCDN-0772,VEND-HCDN-125,Synthetic Healthcare Supplier 125,cloud commit,Integration and Interoperability,Procurement,prior authorization operations,2020-08-01,2027-12-31,transition assistance required,unit rate,indexed,standard termination rights,no minimum beyond SOW baseline,RATE-HCDN-073,standard service credits,fixed or negotiated escalator,standard change-control language,subcontracting permitted with controls,US data residency,transition assistance explicit,SRC-HCDN-SLA-017,SRC-HCDN-INV-005,SRC-HCDN-CO-045,LOT-HCDN-08,,,EVAL-HCDN-005,standard commercial review
CONT-HCDN-0773,VEND-HCDN-132,Synthetic Healthcare Supplier 132,data platform subscription,ERP and Corporate Platforms,HR,revenue-cycle outsourcing,2021-09-01,2028-12-31,exit rights need review,per member per month,trend-only,standard termination rights,no minimum beyond SOW baseline,RATE-HCDN-074,standard service credits,fixed or negotiated escalator,standard change-control language,subcontracting permitted with controls,US data residency,transition assistance to confirm,SRC-HCDN-SLA-018,SRC-HCDN-INV-006,SRC-HCDN-CO-046,LOT-HCDN-09,,,EVAL-HCDN-006,standard commercial review
CONT-HCDN-0774,VEND-HCDN-139,Synthetic Healthcare Supplier 139,software subscription,Clinical and Epic AMS,Supply Chain,cloud/data platform operations,2022-01-01,2026-12-31,renewal within 12 months,per claim,withheld,termination for convenience with notice,no minimum beyond SOW baseline,RATE-HCDN-075,standard service credits,CPI escalator above threshold,standard change-control language,subcontracting permitted with controls,US data residency,transition assistance to confirm,SRC-HCDN-SLA-019,SRC-HCDN-INV-007,SRC-HCDN-CO-047,LOT-HCDN-01,PROP-HCDN-01,BAFO-HCDN-01,EVAL-HCDN-007,standard commercial review
CONT-HCDN-0775,VEND-HCDN-146,Synthetic Healthcare Supplier 146,professional services SOW,Payer Platform Operations,Privacy,SQL Server/EDW managed services,2023-02-01,2027-12-31,renewal within 24 months,per encounter,exact,standard termination rights,no minimum beyond SOW baseline,RATE-HCDN-076,service credits capped and under-defined,fixed or negotiated escalator,standard change-control language,subcontracting permitted with controls,US data residency,transition assistance to confirm,SRC-HCDN-SLA-020,SRC-HCDN-INV-008,SRC-HCDN-CO-048,LOT-HCDN-02,,,EVAL-HCDN-008,standard commercial review
CONT-HCDN-0776,VEND-HCDN-153,Synthetic Healthcare Supplier 153,maintenance agreement,Data Analytics and AI,Compliance,contact center operations,2020-03-01,2028-12-31,active multi-year,consumption,range,termination limited during transition,no minimum beyond SOW baseline,RATE-HCDN-077,standard service credits,fixed or negotiated escalator,standard change-control language,subcontracting permitted with controls,US data residency,transition assistance explicit,SRC-HCDN-SLA-021,SRC-HCDN-INV-009,SRC-HCDN-CO-049,LOT-HCDN-03,,,EVAL-HCDN-009,high exit-term sensitivity
CONT-HCDN-0777,VEND-HCDN-160,Synthetic Healthcare Supplier 160,telecom services,Revenue Cycle Technology,Provider Network,payment integrity,2021-04-01,2026-12-31,extension option,hybrid fixed plus variable,indexed,standard termination rights,minimum annual commitment applies,RATE-HCDN-078,standard service credits,fixed or negotiated escalator,standard change-control language,subcontracting permitted with controls,US data residency,transition assistance to confirm,SRC-HCDN-SLA-022,SRC-HCDN-INV-010,SRC-HCDN-CO-050,LOT-HCDN-04,PROP-HCDN-01,,EVAL-HCDN-010,standard commercial review
CONT-HCDN-0778,VEND-HCDN-167,Synthetic Healthcare Supplier 167,cybersecurity services,Cloud Infrastructure and Data Center,Value-Based Care,identity/security operations,2022-05-01,2027-12-31,transition assistance required,committed spend,trend-only,standard termination rights,no minimum beyond SOW baseline,RATE-HCDN-079,standard service credits,fixed or negotiated escalator,standard change-control language,subcontracting permitted with controls,US data residency,transition assistance to confirm,SRC-HCDN-SLA-023,SRC-HCDN-INV-011,SRC-HCDN-CO-051,LOT-HCDN-05,,,EVAL-HCDN-011,standard commercial review
CONT-HCDN-0779,VEND-HCDN-174,Synthetic Healthcare Supplier 174,AI/document automation SOW,Workplace and Contact Center,Clinical Operations,interoperability services,2023-06-01,2028-12-31,exit rights need review,outcome-linked,withheld,standard termination rights,no minimum beyond SOW baseline,RATE-HCDN-080,standard service credits,fixed or negotiated escalator,standard change-control language,subcontracting permitted with controls,US data residency,transition assistance to confirm,SRC-HCDN-SLA-024,SRC-HCDN-INV-012,SRC-HCDN-CO-052,LOT-HCDN-06,,,EVAL-HCDN-012,standard commercial review
CONT-HCDN-0780,VEND-HCDN-181,Synthetic Healthcare Supplier 181,MSA,Security Identity and Compliance,Revenue Cycle,Epic support and optimization,2020-07-01,2026-12-31,renewal within 12 months,fixed fee,exact,termination for convenience with notice,no minimum beyond SOW baseline,RATE-HCDN-081,service credits capped and under-defined,fixed or negotiated escalator,standard change-control language,subcontractor approval required,PHI/data residency review required,transition assistance explicit,SRC-HCDN-SLA-025,SRC-HCDN-INV-013,SRC-HCDN-CO-001,LOT-HCDN-07,PROP-HCDN-01,BAFO-HCDN-01,EVAL-HCDN-013,supplier concentration
CONT-HCDN-0781,VEND-HCDN-188,Synthetic Healthcare Supplier 188,SOW,Integration and Interoperability,Patient Access,claims operations,2021-08-01,2027-12-31,renewal within 24 months,T&M,range,standard termination rights,no minimum beyond SOW baseline,RATE-HCDN-082,standard service credits,fixed or negotiated escalator,change-control ambiguity,subcontracting permitted with controls,US data residency,transition assistance to confirm,SRC-HCDN-SLA-026,SRC-HCDN-INV-014,SRC-HCDN-CO-002,LOT-HCDN-08,,,EVAL-HCDN-014,standard commercial review
CONT-HCDN-0782,VEND-HCDN-195,Synthetic Healthcare Supplier 195,rate card,ERP and Corporate Platforms,Interoperability,Medicare Advantage quality services,2022-09-01,2028-12-31,active multi-year,unit rate,indexed,standard termination rights,no minimum beyond SOW baseline,RATE-HCDN-083,standard service credits,fixed or negotiated escalator,standard change-control language,subcontracting permitted with controls,US data residency,transition assistance to confirm,SRC-HCDN-SLA-027,SRC-HCDN-INV-015,SRC-HCDN-CO-003,LOT-HCDN-09,,,EVAL-HCDN-015,standard commercial review
CONT-HCDN-0783,VEND-HCDN-202,Synthetic Healthcare Supplier 202,Epic support agreement,Clinical and Epic AMS,Population Health,risk adjustment analytics,2023-01-01,2026-12-31,extension option,per member per month,trend-only,standard termination rights,no minimum beyond SOW baseline,RATE-HCDN-084,standard service credits,CPI escalator above threshold,standard change-control language,subcontracting permitted with controls,US data residency,transition assistance to confirm,SRC-HCDN-SLA-028,SRC-HCDN-INV-016,SRC-HCDN-CO-004,LOT-HCDN-01,PROP-HCDN-01,,EVAL-HCDN-016,standard commercial review
CONT-HCDN-0784,VEND-HCDN-209,Synthetic Healthcare Supplier 209,claims admin agreement,Payer Platform Operations,Health Plan Operations,prior authorization operations,2020-02-01,2027-12-31,transition assistance required,per claim,withheld,termination limited during transition,minimum annual commitment applies,RATE-HCDN-085,standard service credits,fixed or negotiated escalator,standard change-control language,subcontracting permitted with controls,US data residency,transition assistance explicit,SRC-HCDN-SLA-029,SRC-HCDN-INV-017,SRC-HCDN-CO-005,LOT-HCDN-02,,,EVAL-HCDN-017,high exit-term sensitivity
CONT-HCDN-0785,VEND-HCDN-216,Synthetic Healthcare Supplier 216,PBM services SOW,Data Analytics and AI,Medicare Advantage,revenue-cycle outsourcing,2021-03-01,2028-12-31,exit rights need review,per encounter,exact,standard termination rights,no minimum beyond SOW baseline,RATE-HCDN-086,service credits capped and under-defined,fixed or negotiated escalator,standard change-control language,subcontracting permitted with controls,US data residency,transition assistance to confirm,SRC-HCDN-SLA-030,SRC-HCDN-INV-018,SRC-HCDN-CO-006,LOT-HCDN-03,,,EVAL-HCDN-018,standard commercial review
CONT-HCDN-0786,VEND-HCDN-223,Synthetic Healthcare Supplier 223,BPO services SOW,Revenue Cycle Technology,Claims Operations,cloud/data platform operations,2022-04-01,2026-12-31,renewal within 12 months,consumption,range,termination for convenience with notice,no minimum beyond SOW baseline,RATE-HCDN-087,standard service credits,fixed or negotiated escalator,standard change-control language,subcontracting permitted with controls,US data residency,transition assistance to confirm,SRC-HCDN-SLA-031,SRC-HCDN-INV-019,SRC-HCDN-CO-007,LOT-HCDN-04,PROP-HCDN-01,BAFO-HCDN-01,EVAL-HCDN-019,standard commercial review
CONT-HCDN-0787,VEND-HCDN-230,Synthetic Healthcare Supplier 230,cloud commit,Cloud Infrastructure and Data Center,Utilization Management,SQL Server/EDW managed services,2023-05-01,2027-12-31,renewal within 24 months,hybrid fixed plus variable,indexed,standard termination rights,no minimum beyond SOW baseline,RATE-HCDN-088,standard service credits,fixed or negotiated escalator,standard change-control language,subcontracting permitted with controls,US data residency,transition assistance to confirm,SRC-HCDN-SLA-032,SRC-HCDN-INV-020,SRC-HCDN-CO-008,LOT-HCDN-05,,,EVAL-HCDN-020,standard commercial review
CONT-HCDN-0788,VEND-HCDN-237,Synthetic Healthcare Supplier 237,data platform subscription,Workplace and Contact Center,Member Services,contact center operations,2020-06-01,2028-12-31,active multi-year,committed spend,trend-only,standard termination rights,no minimum beyond SOW baseline,RATE-HCDN-089,standard service credits,fixed or negotiated escalator,standard change-control language,subcontracting permitted with controls,US data residency,transition assistance explicit,SRC-HCDN-SLA-033,SRC-HCDN-INV-021,SRC-HCDN-CO-009,LOT-HCDN-06,,,EVAL-HCDN-021,standard commercial review
CONT-HCDN-0789,VEND-HCDN-244,Synthetic Healthcare Supplier 244,software subscription,Security Identity and Compliance,Quality and Stars,payment integrity,2021-07-01,2026-12-31,extension option,outcome-linked,withheld,standard termination rights,no minimum beyond SOW baseline,RATE-HCDN-090,standard service credits,fixed or negotiated escalator,standard change-control language,subcontracting permitted with controls,US data residency,transition assistance to confirm,SRC-HCDN-SLA-034,SRC-HCDN-INV-022,SRC-HCDN-CO-010,LOT-HCDN-07,PROP-HCDN-01,,EVAL-HCDN-022,standard commercial review
CONT-HCDN-0790,VEND-HCDN-251,Synthetic Healthcare Supplier 251,professional services SOW,Integration and Interoperability,Risk Adjustment,identity/security operations,2022-08-01,2027-12-31,transition assistance required,fixed fee,exact,standard termination rights,no minimum beyond SOW baseline,RATE-HCDN-091,service credits capped and under-defined,fixed or negotiated escalator,standard change-control language,subcontracting permitted with controls,PHI/data residency review required,transition assistance to confirm,SRC-HCDN-SLA-035,SRC-HCDN-INV-023,SRC-HCDN-CO-011,LOT-HCDN-08,,,EVAL-HCDN-023,supplier concentration
CONT-HCDN-0791,VEND-HCDN-258,Synthetic Healthcare Supplier 258,maintenance agreement,ERP and Corporate Platforms,Care Management,interoperability services,2023-09-01,2028-12-31,exit rights need review,T&M,range,standard termination rights,minimum annual commitment applies,RATE-HCDN-092,standard service credits,fixed or negotiated escalator,standard change-control language,subcontracting permitted with controls,US data residency,transition assistance to confirm,SRC-HCDN-SLA-036,SRC-HCDN-INV-024,SRC-HCDN-CO-012,LOT-HCDN-09,,,EVAL-HCDN-024,standard commercial review
CONT-HCDN-0792,VEND-HCDN-265,Synthetic Healthcare Supplier 265,telecom services,Clinical and Epic AMS,Finance,Epic support and optimization,2020-01-01,2026-12-31,renewal within 12 months,unit rate,indexed,termination for convenience with notice,no minimum beyond SOW baseline,RATE-HCDN-093,standard service credits,CPI escalator above threshold,change-control ambiguity,subcontractor approval required,US data residency,transition assistance explicit,SRC-HCDN-SLA-001,SRC-HCDN-INV-025,SRC-HCDN-CO-013,LOT-HCDN-01,PROP-HCDN-01,BAFO-HCDN-01,EVAL-HCDN-001,high exit-term sensitivity
CONT-HCDN-0793,VEND-HCDN-272,Synthetic Healthcare Supplier 272,cybersecurity services,Payer Platform Operations,Coding,claims operations,2021-02-01,2027-12-31,renewal within 24 months,per member per month,trend-only,standard termination rights,no minimum beyond SOW baseline,RATE-HCDN-094,standard service credits,fixed or negotiated escalator,standard change-control language,subcontracting permitted with controls,US data residency,transition assistance to confirm,SRC-HCDN-SLA-002,SRC-HCDN-INV-026,SRC-HCDN-CO-014,LOT-HCDN-02,,,EVAL-HCDN-002,standard commercial review
CONT-HCDN-0794,VEND-HCDN-279,Synthetic Healthcare Supplier 279,AI/document automation SOW,Data Analytics and AI,Payer Contracting,Medicare Advantage quality services,2022-03-01,2028-12-31,active multi-year,per claim,withheld,standard termination rights,no minimum beyond SOW baseline,RATE-HCDN-095,standard service credits,fixed or negotiated escalator,standard change-control language,subcontracting permitted with controls,US data residency,transition assistance to confirm,SRC-HCDN-SLA-003,SRC-HCDN-INV-027,SRC-HCDN-CO-015,LOT-HCDN-03,,,EVAL-HCDN-003,standard commercial review
CONT-HCDN-0795,VEND-HCDN-286,Synthetic Healthcare Supplier 286,MSA,Revenue Cycle Technology,Digital Front Door,risk adjustment analytics,2023-04-01,2026-12-31,extension option,per encounter,exact,standard termination rights,no minimum beyond SOW baseline,RATE-HCDN-096,service credits capped and under-defined,fixed or negotiated escalator,standard change-control language,subcontracting permitted with controls,US data residency,transition assistance to confirm,SRC-HCDN-SLA-004,SRC-HCDN-INV-028,SRC-HCDN-CO-016,LOT-HCDN-04,PROP-HCDN-01,,EVAL-HCDN-004,standard commercial review
CONT-HCDN-0796,VEND-HCDN-293,Synthetic Healthcare Supplier 293,SOW,Cloud Infrastructure and Data Center,Contact Center,prior authorization operations,2020-05-01,2027-12-31,transition assistance required,consumption,range,standard termination rights,no minimum beyond SOW baseline,RATE-HCDN-097,standard service credits,fixed or negotiated escalator,standard change-control language,subcontracting permitted with controls,US data residency,transition assistance explicit,SRC-HCDN-SLA-005,SRC-HCDN-INV-029,SRC-HCDN-CO-017,LOT-HCDN-05,,,EVAL-HCDN-005,standard commercial review
CONT-HCDN-0797,VEND-HCDN-300,Synthetic Healthcare Supplier 300,rate card,Workplace and Contact Center,Ambulatory Care,revenue-cycle outsourcing,2021-06-01,2028-12-31,exit rights need review,hybrid fixed plus variable,indexed,standard termination rights,no minimum beyond SOW baseline,RATE-HCDN-098,standard service credits,fixed or negotiated escalator,standard change-control language,subcontracting permitted with controls,US data residency,transition assistance to confirm,SRC-HCDN-SLA-006,SRC-HCDN-INV-030,SRC-HCDN-CO-018,LOT-HCDN-06,,,EVAL-HCDN-006,standard commercial review
CONT-HCDN-0798,VEND-HCDN-307,Synthetic Healthcare Supplier 307,Epic support agreement,Security Identity and Compliance,Emergency Department,cloud/data platform operations,2022-07-01,2026-12-31,renewal within 12 months,committed spend,trend-only,termination for convenience with notice,minimum annual commitment applies,RATE-HCDN-099,standard service credits,fixed or negotiated escalator,standard change-control language,subcontracting permitted with controls,US data residency,transition assistance to confirm,SRC-HCDN-SLA-007,SRC-HCDN-INV-031,SRC-HCDN-CO-019,LOT-HCDN-07,PROP-HCDN-01,BAFO-HCDN-01,EVAL-HCDN-007,standard commercial review
CONT-HCDN-0799,VEND-HCDN-314,Synthetic Healthcare Supplier 314,claims admin agreement,Integration and Interoperability,Inpatient,SQL Server/EDW managed services,2023-08-01,2027-12-31,renewal within 24 months,outcome-linked,withheld,standard termination rights,no minimum beyond SOW baseline,RATE-HCDN-100,standard service credits,fixed or negotiated escalator,standard change-control language,subcontracting permitted with controls,US data residency,transition assistance to confirm,SRC-HCDN-SLA-008,SRC-HCDN-INV-032,SRC-HCDN-CO-020,LOT-HCDN-08,,,EVAL-HCDN-008,standard commercial review
CONT-HCDN-0800,VEND-HCDN-321,Synthetic Healthcare Supplier 321,PBM services SOW,ERP and Corporate Platforms,Surgery,contact center operations,2020-09-01,2028-12-31,active multi-year,fixed fee,exact,termination limited during transition,no minimum beyond SOW baseline,RATE-HCDN-101,service credits capped and under-defined,fixed or negotiated escalator,standard change-control language,subcontracting permitted with controls,PHI/data residency review required,transition assistance explicit,SRC-HCDN-SLA-009,SRC-HCDN-INV-033,SRC-HCDN-CO-021,LOT-HCDN-09,,,EVAL-HCDN-009,high exit-term sensitivity
CONT-HCDN-0801,VEND-HCDN-328,Synthetic Healthcare Supplier 328,BPO services SOW,Clinical and Epic AMS,Imaging,payment integrity,2021-01-01,2026-12-31,extension option,T&M,range,standard termination rights,no minimum beyond SOW baseline,RATE-HCDN-102,standard service credits,CPI escalator above threshold,standard change-control language,subcontracting permitted with controls,US data residency,transition assistance to confirm,SRC-HCDN-SLA-010,SRC-HCDN-INV-034,SRC-HCDN-CO-022,LOT-HCDN-01,PROP-HCDN-01,,EVAL-HCDN-010,standard commercial review
CONT-HCDN-0802,VEND-HCDN-335,Synthetic Healthcare Supplier 335,cloud commit,Payer Platform Operations,Lab,identity/security operations,2022-02-01,2027-12-31,transition assistance required,unit rate,indexed,standard termination rights,no minimum beyond SOW baseline,RATE-HCDN-103,standard service credits,fixed or negotiated escalator,standard change-control language,subcontracting permitted with controls,US data residency,transition assistance to confirm,SRC-HCDN-SLA-011,SRC-HCDN-INV-035,SRC-HCDN-CO-023,LOT-HCDN-02,,,EVAL-HCDN-011,standard commercial review
CONT-HCDN-0803,VEND-HCDN-342,Synthetic Healthcare Supplier 342,data platform subscription,Data Analytics and AI,Pharmacy,interoperability services,2023-03-01,2028-12-31,exit rights need review,per member per month,trend-only,standard termination rights,no minimum beyond SOW baseline,RATE-HCDN-104,standard service credits,fixed or negotiated escalator,change-control ambiguity,subcontracting permitted with controls,US data residency,transition assistance to confirm,SRC-HCDN-SLA-012,SRC-HCDN-INV-036,SRC-HCDN-CO-024,LOT-HCDN-03,,,EVAL-HCDN-012,standard commercial review
CONT-HCDN-0804,VEND-HCDN-349,Synthetic Healthcare Supplier 349,software subscription,Revenue Cycle Technology,Oncology,Epic support and optimization,2020-04-01,2026-12-31,renewal within 12 months,per claim,withheld,termination for convenience with notice,no minimum beyond SOW baseline,RATE-HCDN-105,standard service credits,fixed or negotiated escalator,standard change-control language,subcontractor approval required,US data residency,transition assistance explicit,SRC-HCDN-SLA-013,SRC-HCDN-INV-037,SRC-HCDN-CO-025,LOT-HCDN-04,PROP-HCDN-01,BAFO-HCDN-01,EVAL-HCDN-013,standard commercial review
CONT-HCDN-0805,VEND-HCDN-356,Synthetic Healthcare Supplier 356,professional services SOW,Cloud Infrastructure and Data Center,Cardiology,claims operations,2021-05-01,2027-12-31,renewal within 24 months,per encounter,exact,standard termination rights,minimum annual commitment applies,RATE-HCDN-106,service credits capped and under-defined,fixed or negotiated escalator,standard change-control language,subcontracting permitted with controls,US data residency,transition assistance to confirm,SRC-HCDN-SLA-014,SRC-HCDN-INV-038,SRC-HCDN-CO-026,LOT-HCDN-05,,,EVAL-HCDN-014,standard commercial review
CONT-HCDN-0806,VEND-HCDN-363,Synthetic Healthcare Supplier 363,maintenance agreement,Workplace and Contact Center,Data and Analytics,Medicare Advantage quality services,2022-06-01,2028-12-31,active multi-year,consumption,range,standard termination rights,no minimum beyond SOW baseline,RATE-HCDN-107,standard service credits,fixed or negotiated escalator,standard change-control language,subcontracting permitted with controls,US data residency,transition assistance to confirm,SRC-HCDN-SLA-015,SRC-HCDN-INV-039,SRC-HCDN-CO-027,LOT-HCDN-06,,,EVAL-HCDN-015,standard commercial review
CONT-HCDN-0807,VEND-HCDN-370,Synthetic Healthcare Supplier 370,telecom services,Security Identity and Compliance,Clinical Analytics,risk adjustment analytics,2023-07-01,2026-12-31,extension option,hybrid fixed plus variable,indexed,standard termination rights,no minimum beyond SOW baseline,RATE-HCDN-108,standard service credits,fixed or negotiated escalator,standard change-control language,subcontracting permitted with controls,US data residency,transition assistance to confirm,SRC-HCDN-SLA-016,SRC-HCDN-INV-040,SRC-HCDN-CO-028,LOT-HCDN-07,PROP-HCDN-01,,EVAL-HCDN-016,standard commercial review
CONT-HCDN-0808,VEND-HCDN-377,Synthetic Healthcare Supplier 377,cybersecurity services,Integration and Interoperability,Actuarial,prior authorization operations,2020-08-01,2027-12-31,transition assistance required,committed spend,trend-only,termination limited during transition,no minimum beyond SOW baseline,RATE-HCDN-109,standard service credits,fixed or negotiated escalator,standard change-control language,subcontracting permitted with controls,US data residency,transition assistance explicit,SRC-HCDN-SLA-017,SRC-HCDN-INV-041,SRC-HCDN-CO-029,LOT-HCDN-08,,,EVAL-HCDN-017,high exit-term sensitivity
CONT-HCDN-0809,VEND-HCDN-384,Synthetic Healthcare Supplier 384,AI/document automation SOW,ERP and Corporate Platforms,Departmental Reporting,revenue-cycle outsourcing,2021-09-01,2028-12-31,exit rights need review,outcome-linked,withheld,standard termination rights,no minimum beyond SOW baseline,RATE-HCDN-110,standard service credits,fixed or negotiated escalator,standard change-control language,subcontracting permitted with controls,US data residency,transition assistance to confirm,SRC-HCDN-SLA-018,SRC-HCDN-INV-042,SRC-HCDN-CO-030,LOT-HCDN-09,,,EVAL-HCDN-018,standard commercial review
CONT-HCDN-0810,VEND-HCDN-391,Synthetic Healthcare Supplier 391,MSA,Clinical and Epic AMS,AI Transformation,cloud/data platform operations,2022-01-01,2026-12-31,renewal within 12 months,fixed fee,exact,termination for convenience with notice,no minimum beyond SOW baseline,RATE-HCDN-111,service credits capped and under-defined,CPI escalator above threshold,standard change-control language,subcontracting permitted with controls,PHI/data residency review required,transition assistance to confirm,SRC-HCDN-SLA-019,SRC-HCDN-INV-043,SRC-HCDN-CO-031,LOT-HCDN-01,PROP-HCDN-01,BAFO-HCDN-01,EVAL-HCDN-019,supplier concentration
CONT-HCDN-0811,VEND-HCDN-398,Synthetic Healthcare Supplier 398,SOW,Payer Platform Operations,Technology,SQL Server/EDW managed services,2023-02-01,2027-12-31,renewal within 24 months,T&M,range,standard termination rights,no minimum beyond SOW baseline,RATE-HCDN-112,standard service credits,fixed or negotiated escalator,standard change-control language,subcontracting permitted with controls,US data residency,transition assistance to confirm,SRC-HCDN-SLA-020,SRC-HCDN-INV-044,SRC-HCDN-CO-032,LOT-HCDN-02,,,EVAL-HCDN-020,standard commercial review
CONT-HCDN-0812,VEND-HCDN-405,Synthetic Healthcare Supplier 405,rate card,Data Analytics and AI,Security,contact center operations,2020-03-01,2028-12-31,active multi-year,unit rate,indexed,standard termination rights,minimum annual commitment applies,RATE-HCDN-113,standard service credits,fixed or negotiated escalator,standard change-control language,subcontracting permitted with controls,US data residency,transition assistance explicit,SRC-HCDN-SLA-021,SRC-HCDN-INV-045,SRC-HCDN-CO-033,LOT-HCDN-03,,,EVAL-HCDN-021,standard commercial review
CONT-HCDN-0813,VEND-HCDN-412,Synthetic Healthcare Supplier 412,Epic support agreement,Revenue Cycle Technology,Procurement,payment integrity,2021-04-01,2026-12-31,extension option,per member per month,trend-only,standard termination rights,no minimum beyond SOW baseline,RATE-HCDN-114,standard service credits,fixed or negotiated escalator,standard change-control language,subcontracting permitted with controls,US data residency,transition assistance to confirm,SRC-HCDN-SLA-022,SRC-HCDN-INV-046,SRC-HCDN-CO-034,LOT-HCDN-04,PROP-HCDN-01,,EVAL-HCDN-022,standard commercial review
CONT-HCDN-0814,VEND-HCDN-419,Synthetic Healthcare Supplier 419,claims admin agreement,Cloud Infrastructure and Data Center,HR,identity/security operations,2022-05-01,2027-12-31,transition assistance required,per claim,withheld,standard termination rights,no minimum beyond SOW baseline,RATE-HCDN-115,standard service credits,fixed or negotiated escalator,change-control ambiguity,subcontracting permitted with controls,US data residency,transition assistance to confirm,SRC-HCDN-SLA-023,SRC-HCDN-INV-047,SRC-HCDN-CO-035,LOT-HCDN-05,,,EVAL-HCDN-023,standard commercial review
CONT-HCDN-0815,VEND-HCDN-426,Synthetic Healthcare Supplier 426,PBM services SOW,Workplace and Contact Center,Supply Chain,interoperability services,2023-06-01,2028-12-31,exit rights need review,per encounter,exact,standard termination rights,no minimum beyond SOW baseline,RATE-HCDN-116,service credits capped and under-defined,fixed or negotiated escalator,standard change-control language,subcontracting permitted with controls,US data residency,transition assistance to confirm,SRC-HCDN-SLA-024,SRC-HCDN-INV-048,SRC-HCDN-CO-036,LOT-HCDN-06,,,EVAL-HCDN-024,standard commercial review
CONT-HCDN-0816,VEND-HCDN-433,Synthetic Healthcare Supplier 433,BPO services SOW,Security Identity and Compliance,Privacy,Epic support and optimization,2020-07-01,2026-12-31,renewal within 12 months,consumption,range,termination for convenience with notice,no minimum beyond SOW baseline,RATE-HCDN-117,standard service credits,fixed or negotiated escalator,standard change-control language,subcontractor approval required,US data residency,transition assistance explicit,SRC-HCDN-SLA-025,SRC-HCDN-INV-001,SRC-HCDN-CO-037,LOT-HCDN-07,PROP-HCDN-01,BAFO-HCDN-01,EVAL-HCDN-001,high exit-term sensitivity
CONT-HCDN-0817,VEND-HCDN-440,Synthetic Healthcare Supplier 440,cloud commit,Integration and Interoperability,Compliance,claims operations,2021-08-01,2027-12-31,renewal within 24 months,hybrid fixed plus variable,indexed,standard termination rights,no minimum beyond SOW baseline,RATE-HCDN-118,standard service credits,fixed or negotiated escalator,standard change-control language,subcontracting permitted with controls,US data residency,transition assistance to confirm,SRC-HCDN-SLA-026,SRC-HCDN-INV-002,SRC-HCDN-CO-038,LOT-HCDN-08,,,EVAL-HCDN-002,standard commercial review
CONT-HCDN-0818,VEND-HCDN-447,Synthetic Healthcare Supplier 447,data platform subscription,ERP and Corporate Platforms,Provider Network,Medicare Advantage quality services,2022-09-01,2028-12-31,active multi-year,committed spend,trend-only,standard termination rights,no minimum beyond SOW baseline,RATE-HCDN-119,standard service credits,fixed or negotiated escalator,standard change-control language,subcontracting permitted with controls,US data residency,transition assistance to confirm,SRC-HCDN-SLA-027,SRC-HCDN-INV-003,SRC-HCDN-CO-039,LOT-HCDN-09,,,EVAL-HCDN-003,standard commercial review
CONT-HCDN-0819,VEND-HCDN-454,Synthetic Healthcare Supplier 454,software subscription,Clinical and Epic AMS,Value-Based Care,risk adjustment analytics,2023-01-01,2026-12-31,extension option,outcome-linked,withheld,standard termination rights,minimum annual commitment applies,RATE-HCDN-120,standard service credits,CPI escalator above threshold,standard change-control language,subcontracting permitted with controls,US data residency,transition assistance to confirm,SRC-HCDN-SLA-028,SRC-HCDN-INV-004,SRC-HCDN-CO-040,LOT-HCDN-01,PROP-HCDN-01,,EVAL-HCDN-004,standard commercial review
CONT-HCDN-0820,VEND-HCDN-461,Synthetic Healthcare Supplier 461,professional services SOW,Payer Platform Operations,Clinical Operations,prior authorization operations,2020-02-01,2027-12-31,transition assistance required,fixed fee,exact,standard termination rights,no minimum beyond SOW baseline,RATE-HCDN-121,service credits capped and under-defined,fixed or negotiated escalator,standard change-control language,subcontracting permitted with controls,PHI/data residency review required,transition assistance explicit,SRC-HCDN-SLA-029,SRC-HCDN-INV-005,SRC-HCDN-CO-041,LOT-HCDN-02,,,EVAL-HCDN-005,supplier concentration
CONT-HCDN-0821,VEND-HCDN-468,Synthetic Healthcare Supplier 468,maintenance agreement,Data Analytics and AI,Revenue Cycle,revenue-cycle outsourcing,2021-03-01,2028-12-31,exit rights need review,T&M,range,standard termination rights,no minimum beyond SOW baseline,RATE-HCDN-122,standard service credits,fixed or negotiated escalator,standard change-control language,subcontracting permitted with controls,US data residency,transition assistance to confirm,SRC-HCDN-SLA-030,SRC-HCDN-INV-006,SRC-HCDN-CO-042,LOT-HCDN-03,,,EVAL-HCDN-006,standard commercial review
CONT-HCDN-0822,VEND-HCDN-475,Synthetic Healthcare Supplier 475,telecom services,Revenue Cycle Technology,Patient Access,cloud/data platform operations,2022-04-01,2026-12-31,renewal within 12 months,unit rate,indexed,termination for convenience with notice,no minimum beyond SOW baseline,RATE-HCDN-123,standard service credits,fixed or negotiated escalator,standard change-control language,subcontracting permitted with controls,US data residency,transition assistance to confirm,SRC-HCDN-SLA-031,SRC-HCDN-INV-007,SRC-HCDN-CO-043,LOT-HCDN-04,PROP-HCDN-01,BAFO-HCDN-01,EVAL-HCDN-007,standard commercial review
CONT-HCDN-0823,VEND-HCDN-002,Synthetic Healthcare Supplier 002,cybersecurity services,Cloud Infrastructure and Data Center,Interoperability,SQL Server/EDW managed services,2023-05-01,2027-12-31,renewal within 24 months,per member per month,trend-only,standard termination rights,no minimum beyond SOW baseline,RATE-HCDN-124,standard service credits,fixed or negotiated escalator,standard change-control language,subcontracting permitted with controls,US data residency,transition assistance to confirm,SRC-HCDN-SLA-032,SRC-HCDN-INV-008,SRC-HCDN-CO-044,LOT-HCDN-05,,,EVAL-HCDN-008,standard commercial review
CONT-HCDN-0824,VEND-HCDN-009,Synthetic Healthcare Supplier 009,AI/document automation SOW,Workplace and Contact Center,Population Health,contact center operations,2020-06-01,2028-12-31,active multi-year,per claim,withheld,termination limited during transition,no minimum beyond SOW baseline,RATE-HCDN-125,standard service credits,fixed or negotiated escalator,standard change-control language,subcontracting permitted with controls,US data residency,transition assistance explicit,SRC-HCDN-SLA-033,SRC-HCDN-INV-009,SRC-HCDN-CO-045,LOT-HCDN-06,,,EVAL-HCDN-009,high exit-term sensitivity
CONT-HCDN-0825,VEND-HCDN-016,Synthetic Healthcare Supplier 016,MSA,Security Identity and Compliance,Health Plan Operations,payment integrity,2021-07-01,2026-12-31,extension option,per encounter,exact,standard termination rights,no minimum beyond SOW baseline,RATE-HCDN-126,service credits capped and under-defined,fixed or negotiated escalator,change-control ambiguity,subcontracting permitted with controls,US data residency,transition assistance to confirm,SRC-HCDN-SLA-034,SRC-HCDN-INV-010,SRC-HCDN-CO-046,LOT-HCDN-07,PROP-HCDN-01,,EVAL-HCDN-010,standard commercial review
CONT-HCDN-0826,VEND-HCDN-023,Synthetic Healthcare Supplier 023,SOW,Integration and Interoperability,Medicare Advantage,identity/security operations,2022-08-01,2027-12-31,transition assistance required,consumption,range,standard termination rights,minimum annual commitment applies,RATE-HCDN-127,standard service credits,fixed or negotiated escalator,standard change-control language,subcontracting permitted with controls,US data residency,transition assistance to confirm,SRC-HCDN-SLA-035,SRC-HCDN-INV-011,SRC-HCDN-CO-047,LOT-HCDN-08,,,EVAL-HCDN-011,standard commercial review
CONT-HCDN-0827,VEND-HCDN-030,Synthetic Healthcare Supplier 030,rate card,ERP and Corporate Platforms,Claims Operations,interoperability services,2023-09-01,2028-12-31,exit rights need review,hybrid fixed plus variable,indexed,standard termination rights,no minimum beyond SOW baseline,RATE-HCDN-128,standard service credits,fixed or negotiated escalator,standard change-control language,subcontracting permitted with controls,US data residency,transition assistance to confirm,SRC-HCDN-SLA-036,SRC-HCDN-INV-012,SRC-HCDN-CO-048,LOT-HCDN-09,,,EVAL-HCDN-012,standard commercial review
CONT-HCDN-0828,VEND-HCDN-037,Synthetic Healthcare Supplier 037,Epic support agreement,Clinical and Epic AMS,Utilization Management,Epic support and optimization,2020-01-01,2026-12-31,renewal within 12 months,committed spend,trend-only,termination for convenience with notice,no minimum beyond SOW baseline,RATE-HCDN-129,standard service credits,CPI escalator above threshold,standard change-control language,subcontractor approval required,US data residency,transition assistance explicit,SRC-HCDN-SLA-001,SRC-HCDN-INV-013,SRC-HCDN-CO-049,LOT-HCDN-01,PROP-HCDN-01,BAFO-HCDN-01,EVAL-HCDN-013,standard commercial review
CONT-HCDN-0829,VEND-HCDN-044,Synthetic Healthcare Supplier 044,claims admin agreement,Payer Platform Operations,Member Services,claims operations,2021-02-01,2027-12-31,renewal within 24 months,outcome-linked,withheld,standard termination rights,no minimum beyond SOW baseline,RATE-HCDN-130,standard service credits,fixed or negotiated escalator,standard change-control language,subcontracting permitted with controls,US data residency,transition assistance to confirm,SRC-HCDN-SLA-002,SRC-HCDN-INV-014,SRC-HCDN-CO-050,LOT-HCDN-02,,,EVAL-HCDN-014,standard commercial review
CONT-HCDN-0830,VEND-HCDN-051,Synthetic Healthcare Supplier 051,PBM services SOW,Data Analytics and AI,Quality and Stars,Medicare Advantage quality services,2022-03-01,2028-12-31,active multi-year,fixed fee,exact,standard termination rights,no minimum beyond SOW baseline,RATE-HCDN-131,service credits capped and under-defined,fixed or negotiated escalator,standard change-control language,subcontracting permitted with controls,PHI/data residency review required,transition assistance to confirm,SRC-HCDN-SLA-003,SRC-HCDN-INV-015,SRC-HCDN-CO-051,LOT-HCDN-03,,,EVAL-HCDN-015,supplier concentration
CONT-HCDN-0831,VEND-HCDN-058,Synthetic Healthcare Supplier 058,BPO services SOW,Revenue Cycle Technology,Risk Adjustment,risk adjustment analytics,2023-04-01,2026-12-31,extension option,T&M,range,standard termination rights,no minimum beyond SOW baseline,RATE-HCDN-132,standard service credits,fixed or negotiated escalator,standard change-control language,subcontracting permitted with controls,US data residency,transition assistance to confirm,SRC-HCDN-SLA-004,SRC-HCDN-INV-016,SRC-HCDN-CO-052,LOT-HCDN-04,PROP-HCDN-01,,EVAL-HCDN-016,standard commercial review
CONT-HCDN-0832,VEND-HCDN-065,Synthetic Healthcare Supplier 065,cloud commit,Cloud Infrastructure and Data Center,Care Management,prior authorization operations,2020-05-01,2027-12-31,transition assistance required,unit rate,indexed,termination limited during transition,no minimum beyond SOW baseline,RATE-HCDN-133,standard service credits,fixed or negotiated escalator,standard change-control language,subcontracting permitted with controls,US data residency,transition assistance explicit,SRC-HCDN-SLA-005,SRC-HCDN-INV-017,SRC-HCDN-CO-001,LOT-HCDN-05,,,EVAL-HCDN-017,high exit-term sensitivity
CONT-HCDN-0833,VEND-HCDN-072,Synthetic Healthcare Supplier 072,data platform subscription,Workplace and Contact Center,Finance,revenue-cycle outsourcing,2021-06-01,2028-12-31,exit rights need review,per member per month,trend-only,standard termination rights,minimum annual commitment applies,RATE-HCDN-134,standard service credits,fixed or negotiated escalator,standard change-control language,subcontracting permitted with controls,US data residency,transition assistance to confirm,SRC-HCDN-SLA-006,SRC-HCDN-INV-018,SRC-HCDN-CO-002,LOT-HCDN-06,,,EVAL-HCDN-018,standard commercial review
CONT-HCDN-0834,VEND-HCDN-079,Synthetic Healthcare Supplier 079,software subscription,Security Identity and Compliance,Coding,cloud/data platform operations,2022-07-01,2026-12-31,renewal within 12 months,per claim,withheld,termination for convenience with notice,no minimum beyond SOW baseline,RATE-HCDN-135,standard service credits,fixed or negotiated escalator,standard change-control language,subcontracting permitted with controls,US data residency,transition assistance to confirm,SRC-HCDN-SLA-007,SRC-HCDN-INV-019,SRC-HCDN-CO-003,LOT-HCDN-07,PROP-HCDN-01,BAFO-HCDN-01,EVAL-HCDN-019,standard commercial review
CONT-HCDN-0835,VEND-HCDN-086,Synthetic Healthcare Supplier 086,professional services SOW,Integration and Interoperability,Payer Contracting,SQL Server/EDW managed services,2023-08-01,2027-12-31,renewal within 24 months,per encounter,exact,standard termination rights,no minimum beyond SOW baseline,RATE-HCDN-136,service credits capped and under-defined,fixed or negotiated escalator,standard change-control language,subcontracting permitted with controls,US data residency,transition assistance to confirm,SRC-HCDN-SLA-008,SRC-HCDN-INV-020,SRC-HCDN-CO-004,LOT-HCDN-08,,,EVAL-HCDN-020,standard commercial review
CONT-HCDN-0836,VEND-HCDN-093,Synthetic Healthcare Supplier 093,maintenance agreement,ERP and Corporate Platforms,Digital Front Door,contact center operations,2020-09-01,2028-12-31,active multi-year,consumption,range,standard termination rights,no minimum beyond SOW baseline,RATE-HCDN-137,standard service credits,fixed or negotiated escalator,change-control ambiguity,subcontracting permitted with controls,US data residency,transition assistance explicit,SRC-HCDN-SLA-009,SRC-HCDN-INV-021,SRC-HCDN-CO-005,LOT-HCDN-09,,,EVAL-HCDN-021,standard commercial review
CONT-HCDN-0837,VEND-HCDN-100,Synthetic Healthcare Supplier 100,telecom services,Clinical and Epic AMS,Contact Center,payment integrity,2021-01-01,2026-12-31,extension option,hybrid fixed plus variable,indexed,standard termination rights,no minimum beyond SOW baseline,RATE-HCDN-138,standard service credits,CPI escalator above threshold,standard change-control language,subcontracting permitted with controls,US data residency,transition assistance to confirm,SRC-HCDN-SLA-010,SRC-HCDN-INV-022,SRC-HCDN-CO-006,LOT-HCDN-01,PROP-HCDN-01,,EVAL-HCDN-022,standard commercial review
CONT-HCDN-0838,VEND-HCDN-107,Synthetic Healthcare Supplier 107,cybersecurity services,Payer Platform Operations,Ambulatory Care,identity/security operations,2022-02-01,2027-12-31,transition assistance required,committed spend,trend-only,standard termination rights,no minimum beyond SOW baseline,RATE-HCDN-139,standard service credits,fixed or negotiated escalator,standard change-control language,subcontracting permitted with controls,US data residency,transition assistance to confirm,SRC-HCDN-SLA-011,SRC-HCDN-INV-023,SRC-HCDN-CO-007,LOT-HCDN-02,,,EVAL-HCDN-023,standard commercial review
CONT-HCDN-0839,VEND-HCDN-114,Synthetic Healthcare Supplier 114,AI/document automation SOW,Data Analytics and AI,Emergency Department,interoperability services,2023-03-01,2028-12-31,exit rights need review,outcome-linked,withheld,standard termination rights,no minimum beyond SOW baseline,RATE-HCDN-140,standard service credits,fixed or negotiated escalator,standard change-control language,subcontracting permitted with controls,US data residency,transition assistance to confirm,SRC-HCDN-SLA-012,SRC-HCDN-INV-024,SRC-HCDN-CO-008,LOT-HCDN-03,,,EVAL-HCDN-024,standard commercial review
CONT-HCDN-0840,VEND-HCDN-121,Synthetic Healthcare Supplier 121,MSA,Revenue Cycle Technology,Inpatient,Epic support and optimization,2020-04-01,2026-12-31,renewal within 12 months,fixed fee,exact,termination for convenience with notice,minimum annual commitment applies,RATE-HCDN-001,service credits capped and under-defined,fixed or negotiated escalator,standard change-control language,subcontractor approval required,PHI/data residency review required,transition assistance explicit,SRC-HCDN-SLA-013,SRC-HCDN-INV-025,SRC-HCDN-CO-009,LOT-HCDN-04,PROP-HCDN-01,BAFO-HCDN-01,EVAL-HCDN-001,high exit-term sensitivity
CONT-HCDN-0841,VEND-HCDN-128,Synthetic Healthcare Supplier 128,SOW,Cloud Infrastructure and Data Center,Surgery,claims operations,2021-05-01,2027-12-31,renewal within 24 months,T&M,range,standard termination rights,no minimum beyond SOW baseline,RATE-HCDN-002,standard service credits,fixed or negotiated escalator,standard change-control language,subcontracting permitted with controls,US data residency,transition assistance to confirm,SRC-HCDN-SLA-014,SRC-HCDN-INV-026,SRC-HCDN-CO-010,LOT-HCDN-05,,,EVAL-HCDN-002,standard commercial review
CONT-HCDN-0842,VEND-HCDN-135,Synthetic Healthcare Supplier 135,rate card,Workplace and Contact Center,Imaging,Medicare Advantage quality services,2022-06-01,2028-12-31,active multi-year,unit rate,indexed,standard termination rights,no minimum beyond SOW baseline,RATE-HCDN-003,standard service credits,fixed or negotiated escalator,standard change-control language,subcontracting permitted with controls,US data residency,transition assistance to confirm,SRC-HCDN-SLA-015,SRC-HCDN-INV-027,SRC-HCDN-CO-011,LOT-HCDN-06,,,EVAL-HCDN-003,standard commercial review
CONT-HCDN-0843,VEND-HCDN-142,Synthetic Healthcare Supplier 142,Epic support agreement,Security Identity and Compliance,Lab,risk adjustment analytics,2023-07-01,2026-12-31,extension option,per member per month,trend-only,standard termination rights,no minimum beyond SOW baseline,RATE-HCDN-004,standard service credits,fixed or negotiated escalator,standard change-control language,subcontracting permitted with controls,US data residency,transition assistance to confirm,SRC-HCDN-SLA-016,SRC-HCDN-INV-028,SRC-HCDN-CO-012,LOT-HCDN-07,PROP-HCDN-01,,EVAL-HCDN-004,standard commercial review
CONT-HCDN-0844,VEND-HCDN-149,Synthetic Healthcare Supplier 149,claims admin agreement,Integration and Interoperability,Pharmacy,prior authorization operations,2020-08-01,2027-12-31,transition assistance required,per claim,withheld,standard termination rights,no minimum beyond SOW baseline,RATE-HCDN-005,standard service credits,fixed or negotiated escalator,standard change-control language,subcontracting permitted with controls,US data residency,transition assistance explicit,SRC-HCDN-SLA-017,SRC-HCDN-INV-029,SRC-HCDN-CO-013,LOT-HCDN-08,,,EVAL-HCDN-005,standard commercial review
CONT-HCDN-0845,VEND-HCDN-156,Synthetic Healthcare Supplier 156,PBM services SOW,ERP and Corporate Platforms,Oncology,revenue-cycle outsourcing,2021-09-01,2028-12-31,exit rights need review,per encounter,exact,standard termination rights,no minimum beyond SOW baseline,RATE-HCDN-006,service credits capped and under-defined,fixed or negotiated escalator,standard change-control language,subcontracting permitted with controls,US data residency,transition assistance to confirm,SRC-HCDN-SLA-018,SRC-HCDN-INV-030,SRC-HCDN-CO-014,LOT-HCDN-09,,,EVAL-HCDN-006,standard commercial review
CONT-HCDN-0846,VEND-HCDN-163,Synthetic Healthcare Supplier 163,BPO services SOW,Clinical and Epic AMS,Cardiology,cloud/data platform operations,2022-01-01,2026-12-31,renewal within 12 months,consumption,range,termination for convenience with notice,no minimum beyond SOW baseline,RATE-HCDN-007,standard service credits,CPI escalator above threshold,standard change-control language,subcontracting permitted with controls,US data residency,transition assistance to confirm,SRC-HCDN-SLA-019,SRC-HCDN-INV-031,SRC-HCDN-CO-015,LOT-HCDN-01,PROP-HCDN-01,BAFO-HCDN-01,EVAL-HCDN-007,standard commercial review
CONT-HCDN-0847,VEND-HCDN-170,Synthetic Healthcare Supplier 170,cloud commit,Payer Platform Operations,Data and Analytics,SQL Server/EDW managed services,2023-02-01,2027-12-31,renewal within 24 months,hybrid fixed plus variable,indexed,standard termination rights,minimum annual commitment applies,RATE-HCDN-008,standard service credits,fixed or negotiated escalator,change-control ambiguity,subcontracting permitted with controls,US data residency,transition assistance to confirm,SRC-HCDN-SLA-020,SRC-HCDN-INV-032,SRC-HCDN-CO-016,LOT-HCDN-02,,,EVAL-HCDN-008,standard commercial review
CONT-HCDN-0848,VEND-HCDN-177,Synthetic Healthcare Supplier 177,data platform subscription,Data Analytics and AI,Clinical Analytics,contact center operations,2020-03-01,2028-12-31,active multi-year,committed spend,trend-only,termination limited during transition,no minimum beyond SOW baseline,RATE-HCDN-009,standard service credits,fixed or negotiated escalator,standard change-control language,subcontracting permitted with controls,US data residency,transition assistance explicit,SRC-HCDN-SLA-021,SRC-HCDN-INV-033,SRC-HCDN-CO-017,LOT-HCDN-03,,,EVAL-HCDN-009,high exit-term sensitivity
CONT-HCDN-0849,VEND-HCDN-184,Synthetic Healthcare Supplier 184,software subscription,Revenue Cycle Technology,Actuarial,payment integrity,2021-04-01,2026-12-31,extension option,outcome-linked,withheld,standard termination rights,no minimum beyond SOW baseline,RATE-HCDN-010,standard service credits,fixed or negotiated escalator,standard change-control language,subcontracting permitted with controls,US data residency,transition assistance to confirm,SRC-HCDN-SLA-022,SRC-HCDN-INV-034,SRC-HCDN-CO-018,LOT-HCDN-04,PROP-HCDN-01,,EVAL-HCDN-010,standard commercial review
CONT-HCDN-0850,VEND-HCDN-191,Synthetic Healthcare Supplier 191,professional services SOW,Cloud Infrastructure and Data Center,Departmental Reporting,identity/security operations,2022-05-01,2027-12-31,transition assistance required,fixed fee,exact,standard termination rights,no minimum beyond SOW baseline,RATE-HCDN-011,service credits capped and under-defined,fixed or negotiated escalator,standard change-control language,subcontracting permitted with controls,PHI/data residency review required,transition assistance to confirm,SRC-HCDN-SLA-023,SRC-HCDN-INV-035,SRC-HCDN-CO-019,LOT-HCDN-05,,,EVAL-HCDN-011,supplier concentration
CONT-HCDN-0851,VEND-HCDN-198,Synthetic Healthcare Supplier 198,maintenance agreement,Workplace and Contact Center,AI Transformation,interoperability services,2023-06-01,2028-12-31,exit rights need review,T&M,range,standard termination rights,no minimum beyond SOW baseline,RATE-HCDN-012,standard service credits,fixed or negotiated escalator,standard change-control language,subcontracting permitted with controls,US data residency,transition assistance to confirm,SRC-HCDN-SLA-024,SRC-HCDN-INV-036,SRC-HCDN-CO-020,LOT-HCDN-06,,,EVAL-HCDN-012,standard commercial review
CONT-HCDN-0852,VEND-HCDN-205,Synthetic Healthcare Supplier 205,telecom services,Security Identity and Compliance,Technology,Epic support and optimization,2020-07-01,2026-12-31,renewal within 12 months,unit rate,indexed,termination for convenience with notice,no minimum beyond SOW baseline,RATE-HCDN-013,standard service credits,fixed or negotiated escalator,standard change-control language,subcontractor approval required,US data residency,transition assistance explicit,SRC-HCDN-SLA-025,SRC-HCDN-INV-037,SRC-HCDN-CO-021,LOT-HCDN-07,PROP-HCDN-01,BAFO-HCDN-01,EVAL-HCDN-013,standard commercial review
CONT-HCDN-0853,VEND-HCDN-212,Synthetic Healthcare Supplier 212,cybersecurity services,Integration and Interoperability,Security,claims operations,2021-08-01,2027-12-31,renewal within 24 months,per member per month,trend-only,standard termination rights,no minimum beyond SOW baseline,RATE-HCDN-014,standard service credits,fixed or negotiated escalator,standard change-control language,subcontracting permitted with controls,US data residency,transition assistance to confirm,SRC-HCDN-SLA-026,SRC-HCDN-INV-038,SRC-HCDN-CO-022,LOT-HCDN-08,,,EVAL-HCDN-014,standard commercial review
CONT-HCDN-0854,VEND-HCDN-219,Synthetic Healthcare Supplier 219,AI/document automation SOW,ERP and Corporate Platforms,Procurement,Medicare Advantage quality services,2022-09-01,2028-12-31,active multi-year,per claim,withheld,standard termination rights,minimum annual commitment applies,RATE-HCDN-015,standard service credits,fixed or negotiated escalator,standard change-control language,subcontracting permitted with controls,US data residency,transition assistance to confirm,SRC-HCDN-SLA-027,SRC-HCDN-INV-039,SRC-HCDN-CO-023,LOT-HCDN-09,,,EVAL-HCDN-015,standard commercial review
CONT-HCDN-0855,VEND-HCDN-226,Synthetic Healthcare Supplier 226,MSA,Clinical and Epic AMS,HR,risk adjustment analytics,2023-01-01,2026-12-31,extension option,per encounter,exact,standard termination rights,no minimum beyond SOW baseline,RATE-HCDN-016,service credits capped and under-defined,CPI escalator above threshold,standard change-control language,subcontracting permitted with controls,US data residency,transition assistance to confirm,SRC-HCDN-SLA-028,SRC-HCDN-INV-040,SRC-HCDN-CO-024,LOT-HCDN-01,PROP-HCDN-01,,EVAL-HCDN-016,standard commercial review
CONT-HCDN-0856,VEND-HCDN-233,Synthetic Healthcare Supplier 233,SOW,Payer Platform Operations,Supply Chain,prior authorization operations,2020-02-01,2027-12-31,transition assistance required,consumption,range,termination limited during transition,no minimum beyond SOW baseline,RATE-HCDN-017,standard service credits,fixed or negotiated escalator,standard change-control language,subcontracting permitted with controls,US data residency,transition assistance explicit,SRC-HCDN-SLA-029,SRC-HCDN-INV-041,SRC-HCDN-CO-025,LOT-HCDN-02,,,EVAL-HCDN-017,high exit-term sensitivity
CONT-HCDN-0857,VEND-HCDN-240,Synthetic Healthcare Supplier 240,rate card,Data Analytics and AI,Privacy,revenue-cycle outsourcing,2021-03-01,2028-12-31,exit rights need review,hybrid fixed plus variable,indexed,standard termination rights,no minimum beyond SOW baseline,RATE-HCDN-018,standard service credits,fixed or negotiated escalator,standard change-control language,subcontracting permitted with controls,US data residency,transition assistance to confirm,SRC-HCDN-SLA-030,SRC-HCDN-INV-042,SRC-HCDN-CO-026,LOT-HCDN-03,,,EVAL-HCDN-018,standard commercial review
CONT-HCDN-0858,VEND-HCDN-247,Synthetic Healthcare Supplier 247,Epic support agreement,Revenue Cycle Technology,Compliance,cloud/data platform operations,2022-04-01,2026-12-31,renewal within 12 months,committed spend,trend-only,termination for convenience with notice,no minimum beyond SOW baseline,RATE-HCDN-019,standard service credits,fixed or negotiated escalator,change-control ambiguity,subcontracting permitted with controls,US data residency,transition assistance to confirm,SRC-HCDN-SLA-031,SRC-HCDN-INV-043,SRC-HCDN-CO-027,LOT-HCDN-04,PROP-HCDN-01,BAFO-HCDN-01,EVAL-HCDN-019,standard commercial review
CONT-HCDN-0859,VEND-HCDN-254,Synthetic Healthcare Supplier 254,claims admin agreement,Cloud Infrastructure and Data Center,Provider Network,SQL Server/EDW managed services,2023-05-01,2027-12-31,renewal within 24 months,outcome-linked,withheld,standard termination rights,no minimum beyond SOW baseline,RATE-HCDN-020,standard service credits,fixed or negotiated escalator,standard change-control language,subcontracting permitted with controls,US data residency,transition assistance to confirm,SRC-HCDN-SLA-032,SRC-HCDN-INV-044,SRC-HCDN-CO-028,LOT-HCDN-05,,,EVAL-HCDN-020,standard commercial review
CONT-HCDN-0860,VEND-HCDN-261,Synthetic Healthcare Supplier 261,PBM services SOW,Workplace and Contact Center,Value-Based Care,contact center operations,2020-06-01,2028-12-31,active multi-year,fixed fee,exact,standard termination rights,no minimum beyond SOW baseline,RATE-HCDN-021,service credits capped and under-defined,fixed or negotiated escalator,standard change-control language,subcontracting permitted with controls,PHI/data residency review required,transition assistance explicit,SRC-HCDN-SLA-033,SRC-HCDN-INV-045,SRC-HCDN-CO-029,LOT-HCDN-06,,,EVAL-HCDN-021,supplier concentration
CONT-HCDN-0861,VEND-HCDN-268,Synthetic Healthcare Supplier 268,BPO services SOW,Security Identity and Compliance,Clinical Operations,payment integrity,2021-07-01,2026-12-31,extension option,T&M,range,standard termination rights,minimum annual commitment applies,RATE-HCDN-022,standard service credits,fixed or negotiated escalator,standard change-control language,subcontracting permitted with controls,US data residency,transition assistance to confirm,SRC-HCDN-SLA-034,SRC-HCDN-INV-046,SRC-HCDN-CO-030,LOT-HCDN-07,PROP-HCDN-01,,EVAL-HCDN-022,standard commercial review
CONT-HCDN-0862,VEND-HCDN-275,Synthetic Healthcare Supplier 275,cloud commit,Integration and Interoperability,Revenue Cycle,identity/security operations,2022-08-01,2027-12-31,transition assistance required,unit rate,indexed,standard termination rights,no minimum beyond SOW baseline,RATE-HCDN-023,standard service credits,fixed or negotiated escalator,standard change-control language,subcontracting permitted with controls,US data residency,transition assistance to confirm,SRC-HCDN-SLA-035,SRC-HCDN-INV-047,SRC-HCDN-CO-031,LOT-HCDN-08,,,EVAL-HCDN-023,standard commercial review
CONT-HCDN-0863,VEND-HCDN-282,Synthetic Healthcare Supplier 282,data platform subscription,ERP and Corporate Platforms,Patient Access,interoperability services,2023-09-01,2028-12-31,exit rights need review,per member per month,trend-only,standard termination rights,no minimum beyond SOW baseline,RATE-HCDN-024,standard service credits,fixed or negotiated escalator,standard change-control language,subcontracting permitted with controls,US data residency,transition assistance to confirm,SRC-HCDN-SLA-036,SRC-HCDN-INV-048,SRC-HCDN-CO-032,LOT-HCDN-09,,,EVAL-HCDN-024,standard commercial review
CONT-HCDN-0864,VEND-HCDN-289,Synthetic Healthcare Supplier 289,software subscription,Clinical and Epic AMS,Interoperability,Epic support and optimization,2020-01-01,2026-12-31,renewal within 12 months,per claim,withheld,termination for convenience with notice,no minimum beyond SOW baseline,RATE-HCDN-025,standard service credits,CPI escalator above threshold,standard change-control language,subcontractor approval required,US data residency,transition assistance explicit,SRC-HCDN-SLA-001,SRC-HCDN-INV-001,SRC-HCDN-CO-033,LOT-HCDN-01,PROP-HCDN-01,BAFO-HCDN-01,EVAL-HCDN-001,high exit-term sensitivity
CONT-HCDN-0865,VEND-HCDN-296,Synthetic Healthcare Supplier 296,professional services SOW,Payer Platform Operations,Population Health,claims operations,2021-02-01,2027-12-31,renewal within 24 months,per encounter,exact,standard termination rights,no minimum beyond SOW baseline,RATE-HCDN-026,service credits capped and under-defined,fixed or negotiated escalator,standard change-control language,subcontracting permitted with controls,US data residency,transition assistance to confirm,SRC-HCDN-SLA-002,SRC-HCDN-INV-002,SRC-HCDN-CO-034,LOT-HCDN-02,,,EVAL-HCDN-002,standard commercial review
CONT-HCDN-0866,VEND-HCDN-303,Synthetic Healthcare Supplier 303,maintenance agreement,Data Analytics and AI,Health Plan Operations,Medicare Advantage quality services,2022-03-01,2028-12-31,active multi-year,consumption,range,standard termination rights,no minimum beyond SOW baseline,RATE-HCDN-027,standard service credits,fixed or negotiated escalator,standard change-control language,subcontracting permitted with controls,US data residency,transition assistance to confirm,SRC-HCDN-SLA-003,SRC-HCDN-INV-003,SRC-HCDN-CO-035,LOT-HCDN-03,,,EVAL-HCDN-003,standard commercial review
CONT-HCDN-0867,VEND-HCDN-310,Synthetic Healthcare Supplier 310,telecom services,Revenue Cycle Technology,Medicare Advantage,risk adjustment analytics,2023-04-01,2026-12-31,extension option,hybrid fixed plus variable,indexed,standard termination rights,no minimum beyond SOW baseline,RATE-HCDN-028,standard service credits,fixed or negotiated escalator,standard change-control language,subcontracting permitted with controls,US data residency,transition assistance to confirm,SRC-HCDN-SLA-004,SRC-HCDN-INV-004,SRC-HCDN-CO-036,LOT-HCDN-04,PROP-HCDN-01,,EVAL-HCDN-004,standard commercial review
CONT-HCDN-0868,VEND-HCDN-317,Synthetic Healthcare Supplier 317,cybersecurity services,Cloud Infrastructure and Data Center,Claims Operations,prior authorization operations,2020-05-01,2027-12-31,transition assistance required,committed spend,trend-only,standard termination rights,minimum annual commitment applies,RATE-HCDN-029,standard service credits,fixed or negotiated escalator,standard change-control language,subcontracting permitted with controls,US data residency,transition assistance explicit,SRC-HCDN-SLA-005,SRC-HCDN-INV-005,SRC-HCDN-CO-037,LOT-HCDN-05,,,EVAL-HCDN-005,standard commercial review
CONT-HCDN-0869,VEND-HCDN-324,Synthetic Healthcare Supplier 324,AI/document automation SOW,Workplace and Contact Center,Utilization Management,revenue-cycle outsourcing,2021-06-01,2028-12-31,exit rights need review,outcome-linked,withheld,standard termination rights,no minimum beyond SOW baseline,RATE-HCDN-030,standard service credits,fixed or negotiated escalator,change-control ambiguity,subcontracting permitted with controls,US data residency,transition assistance to confirm,SRC-HCDN-SLA-006,SRC-HCDN-INV-006,SRC-HCDN-CO-038,LOT-HCDN-06,,,EVAL-HCDN-006,standard commercial review
CONT-HCDN-0870,VEND-HCDN-331,Synthetic Healthcare Supplier 331,MSA,Security Identity and Compliance,Member Services,cloud/data platform operations,2022-07-01,2026-12-31,renewal within 12 months,fixed fee,exact,termination for convenience with notice,no minimum beyond SOW baseline,RATE-HCDN-031,service credits capped and under-defined,fixed or negotiated escalator,standard change-control language,subcontracting permitted with controls,PHI/data residency review required,transition assistance to confirm,SRC-HCDN-SLA-007,SRC-HCDN-INV-007,SRC-HCDN-CO-039,LOT-HCDN-07,PROP-HCDN-01,BAFO-HCDN-01,EVAL-HCDN-007,supplier concentration
CONT-HCDN-0871,VEND-HCDN-338,Synthetic Healthcare Supplier 338,SOW,Integration and Interoperability,Quality and Stars,SQL Server/EDW managed services,2023-08-01,2027-12-31,renewal within 24 months,T&M,range,standard termination rights,no minimum beyond SOW baseline,RATE-HCDN-032,standard service credits,fixed or negotiated escalator,standard change-control language,subcontracting permitted with controls,US data residency,transition assistance to confirm,SRC-HCDN-SLA-008,SRC-HCDN-INV-008,SRC-HCDN-CO-040,LOT-HCDN-08,,,EVAL-HCDN-008,standard commercial review
CONT-HCDN-0872,VEND-HCDN-345,Synthetic Healthcare Supplier 345,rate card,ERP and Corporate Platforms,Risk Adjustment,contact center operations,2020-09-01,2028-12-31,active multi-year,unit rate,indexed,termination limited during transition,no minimum beyond SOW baseline,RATE-HCDN-033,standard service credits,fixed or negotiated escalator,standard change-control language,subcontracting permitted with controls,US data residency,transition assistance explicit,SRC-HCDN-SLA-009,SRC-HCDN-INV-009,SRC-HCDN-CO-041,LOT-HCDN-09,,,EVAL-HCDN-009,high exit-term sensitivity
CONT-HCDN-0873,VEND-HCDN-352,Synthetic Healthcare Supplier 352,Epic support agreement,Clinical and Epic AMS,Care Management,payment integrity,2021-01-01,2026-12-31,extension option,per member per month,trend-only,standard termination rights,no minimum beyond SOW baseline,RATE-HCDN-034,standard service credits,CPI escalator above threshold,standard change-control language,subcontracting permitted with controls,US data residency,transition assistance to confirm,SRC-HCDN-SLA-010,SRC-HCDN-INV-010,SRC-HCDN-CO-042,LOT-HCDN-01,PROP-HCDN-01,,EVAL-HCDN-010,standard commercial review
CONT-HCDN-0874,VEND-HCDN-359,Synthetic Healthcare Supplier 359,claims admin agreement,Payer Platform Operations,Finance,identity/security operations,2022-02-01,2027-12-31,transition assistance required,per claim,withheld,standard termination rights,no minimum beyond SOW baseline,RATE-HCDN-035,standard service credits,fixed or negotiated escalator,standard change-control language,subcontracting permitted with controls,US data residency,transition assistance to confirm,SRC-HCDN-SLA-011,SRC-HCDN-INV-011,SRC-HCDN-CO-043,LOT-HCDN-02,,,EVAL-HCDN-011,standard commercial review
CONT-HCDN-0875,VEND-HCDN-366,Synthetic Healthcare Supplier 366,PBM services SOW,Data Analytics and AI,Coding,interoperability services,2023-03-01,2028-12-31,exit rights need review,per encounter,exact,standard termination rights,minimum annual commitment applies,RATE-HCDN-036,service credits capped and under-defined,fixed or negotiated escalator,standard change-control language,subcontracting permitted with controls,US data residency,transition assistance to confirm,SRC-HCDN-SLA-012,SRC-HCDN-INV-012,SRC-HCDN-CO-044,LOT-HCDN-03,,,EVAL-HCDN-012,standard commercial review
CONT-HCDN-0876,VEND-HCDN-373,Synthetic Healthcare Supplier 373,BPO services SOW,Revenue Cycle Technology,Payer Contracting,Epic support and optimization,2020-04-01,2026-12-31,renewal within 12 months,consumption,range,termination for convenience with notice,no minimum beyond SOW baseline,RATE-HCDN-037,standard service credits,fixed or negotiated escalator,standard change-control language,subcontractor approval required,US data residency,transition assistance explicit,SRC-HCDN-SLA-013,SRC-HCDN-INV-013,SRC-HCDN-CO-045,LOT-HCDN-04,PROP-HCDN-01,BAFO-HCDN-01,EVAL-HCDN-013,standard commercial review
CONT-HCDN-0877,VEND-HCDN-380,Synthetic Healthcare Supplier 380,cloud commit,Cloud Infrastructure and Data Center,Digital Front Door,claims operations,2021-05-01,2027-12-31,renewal within 24 months,hybrid fixed plus variable,indexed,standard termination rights,no minimum beyond SOW baseline,RATE-HCDN-038,standard service credits,fixed or negotiated escalator,standard change-control language,subcontracting permitted with controls,US data residency,transition assistance to confirm,SRC-HCDN-SLA-014,SRC-HCDN-INV-014,SRC-HCDN-CO-046,LOT-HCDN-05,,,EVAL-HCDN-014,standard commercial review
CONT-HCDN-0878,VEND-HCDN-387,Synthetic Healthcare Supplier 387,data platform subscription,Workplace and Contact Center,Contact Center,Medicare Advantage quality services,2022-06-01,2028-12-31,active multi-year,committed spend,trend-only,standard termination rights,no minimum beyond SOW baseline,RATE-HCDN-039,standard service credits,fixed or negotiated escalator,standard change-control language,subcontracting permitted with controls,US data residency,transition assistance to confirm,SRC-HCDN-SLA-015,SRC-HCDN-INV-015,SRC-HCDN-CO-047,LOT-HCDN-06,,,EVAL-HCDN-015,standard commercial review
CONT-HCDN-0879,VEND-HCDN-394,Synthetic Healthcare Supplier 394,software subscription,Security Identity and Compliance,Ambulatory Care,risk adjustment analytics,2023-07-01,2026-12-31,extension option,outcome-linked,withheld,standard termination rights,no minimum beyond SOW baseline,RATE-HCDN-040,standard service credits,fixed or negotiated escalator,standard change-control language,subcontracting permitted with controls,US data residency,transition assistance to confirm,SRC-HCDN-SLA-016,SRC-HCDN-INV-016,SRC-HCDN-CO-048,LOT-HCDN-07,PROP-HCDN-01,,EVAL-HCDN-016,standard commercial review
CONT-HCDN-0880,VEND-HCDN-401,Synthetic Healthcare Supplier 401,professional services SOW,Integration and Interoperability,Emergency Department,prior authorization operations,2020-08-01,2027-12-31,transition assistance required,fixed fee,exact,termination limited during transition,no minimum beyond SOW baseline,RATE-HCDN-041,service credits capped and under-defined,fixed or negotiated escalator,change-control ambiguity,subcontracting permitted with controls,PHI/data residency review required,transition assistance explicit,SRC-HCDN-SLA-017,SRC-HCDN-INV-017,SRC-HCDN-CO-049,LOT-HCDN-08,,,EVAL-HCDN-017,high exit-term sensitivity
CONT-HCDN-0881,VEND-HCDN-408,Synthetic Healthcare Supplier 408,maintenance agreement,ERP and Corporate Platforms,Inpatient,revenue-cycle outsourcing,2021-09-01,2028-12-31,exit rights need review,T&M,range,standard termination rights,no minimum beyond SOW baseline,RATE-HCDN-042,standard service credits,fixed or negotiated escalator,standard change-control language,subcontracting permitted with controls,US data residency,transition assistance to confirm,SRC-HCDN-SLA-018,SRC-HCDN-INV-018,SRC-HCDN-CO-050,LOT-HCDN-09,,,EVAL-HCDN-018,standard commercial review
CONT-HCDN-0882,VEND-HCDN-415,Synthetic Healthcare Supplier 415,telecom services,Clinical and Epic AMS,Surgery,cloud/data platform operations,2022-01-01,2026-12-31,renewal within 12 months,unit rate,indexed,termination for convenience with notice,minimum annual commitment applies,RATE-HCDN-043,standard service credits,CPI escalator above threshold,standard change-control language,subcontracting permitted with controls,US data residency,transition assistance to confirm,SRC-HCDN-SLA-019,SRC-HCDN-INV-019,SRC-HCDN-CO-051,LOT-HCDN-01,PROP-HCDN-01,BAFO-HCDN-01,EVAL-HCDN-019,standard commercial review
CONT-HCDN-0883,VEND-HCDN-422,Synthetic Healthcare Supplier 422,cybersecurity services,Payer Platform Operations,Imaging,SQL Server/EDW managed services,2023-02-01,2027-12-31,renewal within 24 months,per member per month,trend-only,standard termination rights,no minimum beyond SOW baseline,RATE-HCDN-044,standard service credits,fixed or negotiated escalator,standard change-control language,subcontracting permitted with controls,US data residency,transition assistance to confirm,SRC-HCDN-SLA-020,SRC-HCDN-INV-020,SRC-HCDN-CO-052,LOT-HCDN-02,,,EVAL-HCDN-020,standard commercial review
CONT-HCDN-0884,VEND-HCDN-429,Synthetic Healthcare Supplier 429,AI/document automation SOW,Data Analytics and AI,Lab,contact center operations,2020-03-01,2028-12-31,active multi-year,per claim,withheld,standard termination rights,no minimum beyond SOW baseline,RATE-HCDN-045,standard service credits,fixed or negotiated escalator,standard change-control language,subcontracting permitted with controls,US data residency,transition assistance explicit,SRC-HCDN-SLA-021,SRC-HCDN-INV-021,SRC-HCDN-CO-001,LOT-HCDN-03,,,EVAL-HCDN-021,standard commercial review
CONT-HCDN-0885,VEND-HCDN-436,Synthetic Healthcare Supplier 436,MSA,Revenue Cycle Technology,Pharmacy,payment integrity,2021-04-01,2026-12-31,extension option,per encounter,exact,standard termination rights,no minimum beyond SOW baseline,RATE-HCDN-046,service credits capped and under-defined,fixed or negotiated escalator,standard change-control language,subcontracting permitted with controls,US data residency,transition assistance to confirm,SRC-HCDN-SLA-022,SRC-HCDN-INV-022,SRC-HCDN-CO-002,LOT-HCDN-04,PROP-HCDN-01,,EVAL-HCDN-022,standard commercial review
CONT-HCDN-0886,VEND-HCDN-443,Synthetic Healthcare Supplier 443,SOW,Cloud Infrastructure and Data Center,Oncology,identity/security operations,2022-05-01,2027-12-31,transition assistance required,consumption,range,standard termination rights,no minimum beyond SOW baseline,RATE-HCDN-047,standard service credits,fixed or negotiated escalator,standard change-control language,subcontracting permitted with controls,US data residency,transition assistance to confirm,SRC-HCDN-SLA-023,SRC-HCDN-INV-023,SRC-HCDN-CO-003,LOT-HCDN-05,,,EVAL-HCDN-023,standard commercial review
CONT-HCDN-0887,VEND-HCDN-450,Synthetic Healthcare Supplier 450,rate card,Workplace and Contact Center,Cardiology,interoperability services,2023-06-01,2028-12-31,exit rights need review,hybrid fixed plus variable,indexed,standard termination rights,no minimum beyond SOW baseline,RATE-HCDN-048,standard service credits,fixed or negotiated escalator,standard change-control language,subcontracting permitted with controls,US data residency,transition assistance to confirm,SRC-HCDN-SLA-024,SRC-HCDN-INV-024,SRC-HCDN-CO-004,LOT-HCDN-06,,,EVAL-HCDN-024,standard commercial review
CONT-HCDN-0888,VEND-HCDN-457,Synthetic Healthcare Supplier 457,Epic support agreement,Security Identity and Compliance,Data and Analytics,Epic support and optimization,2020-07-01,2026-12-31,renewal within 12 months,committed spend,trend-only,termination for convenience with notice,no minimum beyond SOW baseline,RATE-HCDN-049,standard service credits,fixed or negotiated escalator,standard change-control language,subcontractor approval required,US data residency,transition assistance explicit,SRC-HCDN-SLA-025,SRC-HCDN-INV-025,SRC-HCDN-CO-005,LOT-HCDN-07,PROP-HCDN-01,BAFO-HCDN-01,EVAL-HCDN-001,high exit-term sensitivity
CONT-HCDN-0889,VEND-HCDN-464,Synthetic Healthcare Supplier 464,claims admin agreement,Integration and Interoperability,Clinical Analytics,claims operations,2021-08-01,2027-12-31,renewal within 24 months,outcome-linked,withheld,standard termination rights,minimum annual commitment applies,RATE-HCDN-050,standard service credits,fixed or negotiated escalator,standard change-control language,subcontracting permitted with controls,US data residency,transition assistance to confirm,SRC-HCDN-SLA-026,SRC-HCDN-INV-026,SRC-HCDN-CO-006,LOT-HCDN-08,,,EVAL-HCDN-002,standard commercial review
CONT-HCDN-0890,VEND-HCDN-471,Synthetic Healthcare Supplier 471,PBM services SOW,ERP and Corporate Platforms,Actuarial,Medicare Advantage quality services,2022-09-01,2028-12-31,active multi-year,fixed fee,exact,standard termination rights,no minimum beyond SOW baseline,RATE-HCDN-051,service credits capped and under-defined,fixed or negotiated escalator,standard change-control language,subcontracting permitted with controls,PHI/data residency review required,transition assistance to confirm,SRC-HCDN-SLA-027,SRC-HCDN-INV-027,SRC-HCDN-CO-007,LOT-HCDN-09,,,EVAL-HCDN-003,supplier concentration
CONT-HCDN-0891,VEND-HCDN-478,Synthetic Healthcare Supplier 478,BPO services SOW,Clinical and Epic AMS,Departmental Reporting,risk adjustment analytics,2023-01-01,2026-12-31,extension option,T&M,range,standard termination rights,no minimum beyond SOW baseline,RATE-HCDN-052,standard service credits,CPI escalator above threshold,change-control ambiguity,subcontracting permitted with controls,US data residency,transition assistance to confirm,SRC-HCDN-SLA-028,SRC-HCDN-INV-028,SRC-HCDN-CO-008,LOT-HCDN-01,PROP-HCDN-01,,EVAL-HCDN-004,standard commercial review
CONT-HCDN-0892,VEND-HCDN-005,Synthetic Healthcare Supplier 005,cloud commit,Payer Platform Operations,AI Transformation,prior authorization operations,2020-02-01,2027-12-31,transition assistance required,unit rate,indexed,standard termination rights,no minimum beyond SOW baseline,RATE-HCDN-053,standard service credits,fixed or negotiated escalator,standard change-control language,subcontracting permitted with controls,US data residency,transition assistance explicit,SRC-HCDN-SLA-029,SRC-HCDN-INV-029,SRC-HCDN-CO-009,LOT-HCDN-02,,,EVAL-HCDN-005,standard commercial review
CONT-HCDN-0893,VEND-HCDN-012,Synthetic Healthcare Supplier 012,data platform subscription,Data Analytics and AI,Technology,revenue-cycle outsourcing,2021-03-01,2028-12-31,exit rights need review,per member per month,trend-only,standard termination rights,no minimum beyond SOW baseline,RATE-HCDN-054,standard service credits,fixed or negotiated escalator,standard change-control language,subcontracting permitted with controls,US data residency,transition assistance to confirm,SRC-HCDN-SLA-030,SRC-HCDN-INV-030,SRC-HCDN-CO-010,LOT-HCDN-03,,,EVAL-HCDN-006,standard commercial review
CONT-HCDN-0894,VEND-HCDN-019,Synthetic Healthcare Supplier 019,software subscription,Revenue Cycle Technology,Security,cloud/data platform operations,2022-04-01,2026-12-31,renewal within 12 months,per claim,withheld,termination for convenience with notice,no minimum beyond SOW baseline,RATE-HCDN-055,standard service credits,fixed or negotiated escalator,standard change-control language,subcontracting permitted with controls,US data residency,transition assistance to confirm,SRC-HCDN-SLA-031,SRC-HCDN-INV-031,SRC-HCDN-CO-011,LOT-HCDN-04,PROP-HCDN-01,BAFO-HCDN-01,EVAL-HCDN-007,standard commercial review
CONT-HCDN-0895,VEND-HCDN-026,Synthetic Healthcare Supplier 026,professional services SOW,Cloud Infrastructure and Data Center,Procurement,SQL Server/EDW managed services,2023-05-01,2027-12-31,renewal within 24 months,per encounter,exact,standard termination rights,no minimum beyond SOW baseline,RATE-HCDN-056,service credits capped and under-defined,fixed or negotiated escalator,standard change-control language,subcontracting permitted with controls,US data residency,transition assistance to confirm,SRC-HCDN-SLA-032,SRC-HCDN-INV-032,SRC-HCDN-CO-012,LOT-HCDN-05,,,EVAL-HCDN-008,standard commercial review
CONT-HCDN-0896,VEND-HCDN-033,Synthetic Healthcare Supplier 033,maintenance agreement,Workplace and Contact Center,HR,contact center operations,2020-06-01,2028-12-31,active multi-year,consumption,range,termination limited during transition,minimum annual commitment applies,RATE-HCDN-057,standard service credits,fixed or negotiated escalator,standard change-control language,subcontracting permitted with controls,US data residency,transition assistance explicit,SRC-HCDN-SLA-033,SRC-HCDN-INV-033,SRC-HCDN-CO-013,LOT-HCDN-06,,,EVAL-HCDN-009,high exit-term sensitivity
CONT-HCDN-0897,VEND-HCDN-040,Synthetic Healthcare Supplier 040,telecom services,Security Identity and Compliance,Supply Chain,payment integrity,2021-07-01,2026-12-31,extension option,hybrid fixed plus variable,indexed,standard termination rights,no minimum beyond SOW baseline,RATE-HCDN-058,standard service credits,fixed or negotiated escalator,standard change-control language,subcontracting permitted with controls,US data residency,transition assistance to confirm,SRC-HCDN-SLA-034,SRC-HCDN-INV-034,SRC-HCDN-CO-014,LOT-HCDN-07,PROP-HCDN-01,,EVAL-HCDN-010,standard commercial review
CONT-HCDN-0898,VEND-HCDN-047,Synthetic Healthcare Supplier 047,cybersecurity services,Integration and Interoperability,Privacy,identity/security operations,2022-08-01,2027-12-31,transition assistance required,committed spend,trend-only,standard termination rights,no minimum beyond SOW baseline,RATE-HCDN-059,standard service credits,fixed or negotiated escalator,standard change-control language,subcontracting permitted with controls,US data residency,transition assistance to confirm,SRC-HCDN-SLA-035,SRC-HCDN-INV-035,SRC-HCDN-CO-015,LOT-HCDN-08,,,EVAL-HCDN-011,standard commercial review
CONT-HCDN-0899,VEND-HCDN-054,Synthetic Healthcare Supplier 054,AI/document automation SOW,ERP and Corporate Platforms,Compliance,interoperability services,2023-09-01,2028-12-31,exit rights need review,outcome-linked,withheld,standard termination rights,no minimum beyond SOW baseline,RATE-HCDN-060,standard service credits,fixed or negotiated escalator,standard change-control language,subcontracting permitted with controls,US data residency,transition assistance to confirm,SRC-HCDN-SLA-036,SRC-HCDN-INV-036,SRC-HCDN-CO-016,LOT-HCDN-09,,,EVAL-HCDN-012,standard commercial review
CONT-HCDN-0900,VEND-HCDN-061,Synthetic Healthcare Supplier 061,MSA,Clinical and Epic AMS,Provider Network,Epic support and optimization,2020-01-01,2026-12-31,renewal within 12 months,fixed fee,exact,termination for convenience with notice,no minimum beyond SOW baseline,RATE-HCDN-061,service credits capped and under-defined,CPI escalator above threshold,standard change-control language,subcontractor approval required,PHI/data residency review required,transition assistance explicit,SRC-HCDN-SLA-001,SRC-HCDN-INV-037,SRC-HCDN-CO-017,LOT-HCDN-01,PROP-HCDN-01,BAFO-HCDN-01,EVAL-HCDN-013,supplier concentration
CONT-HCDN-0901,VEND-HCDN-068,Synthetic Healthcare Supplier 068,SOW,Payer Platform Operations,Value-Based Care,claims operations,2021-02-01,2027-12-31,renewal within 24 months,T&M,range,standard termination rights,no minimum beyond SOW baseline,RATE-HCDN-062,standard service credits,fixed or negotiated escalator,standard change-control language,subcontracting permitted with controls,US data residency,transition assistance to confirm,SRC-HCDN-SLA-002,SRC-HCDN-INV-038,SRC-HCDN-CO-018,LOT-HCDN-02,,,EVAL-HCDN-014,standard commercial review
CONT-HCDN-0902,VEND-HCDN-075,Synthetic Healthcare Supplier 075,rate card,Data Analytics and AI,Clinical Operations,Medicare Advantage quality services,2022-03-01,2028-12-31,active multi-year,unit rate,indexed,standard termination rights,no minimum beyond SOW baseline,RATE-HCDN-063,standard service credits,fixed or negotiated escalator,change-control ambiguity,subcontracting permitted with controls,US data residency,transition assistance to confirm,SRC-HCDN-SLA-003,SRC-HCDN-INV-039,SRC-HCDN-CO-019,LOT-HCDN-03,,,EVAL-HCDN-015,standard commercial review
CONT-HCDN-0903,VEND-HCDN-082,Synthetic Healthcare Supplier 082,Epic support agreement,Revenue Cycle Technology,Revenue Cycle,risk adjustment analytics,2023-04-01,2026-12-31,extension option,per member per month,trend-only,standard termination rights,minimum annual commitment applies,RATE-HCDN-064,standard service credits,fixed or negotiated escalator,standard change-control language,subcontracting permitted with controls,US data residency,transition assistance to confirm,SRC-HCDN-SLA-004,SRC-HCDN-INV-040,SRC-HCDN-CO-020,LOT-HCDN-04,PROP-HCDN-01,,EVAL-HCDN-016,standard commercial review
CONT-HCDN-0904,VEND-HCDN-089,Synthetic Healthcare Supplier 089,claims admin agreement,Cloud Infrastructure and Data Center,Patient Access,prior authorization operations,2020-05-01,2027-12-31,transition assistance required,per claim,withheld,termination limited during transition,no minimum beyond SOW baseline,RATE-HCDN-065,standard service credits,fixed or negotiated escalator,standard change-control language,subcontracting permitted with controls,US data residency,transition assistance explicit,SRC-HCDN-SLA-005,SRC-HCDN-INV-041,SRC-HCDN-CO-021,LOT-HCDN-05,,,EVAL-HCDN-017,high exit-term sensitivity
CONT-HCDN-0905,VEND-HCDN-096,Synthetic Healthcare Supplier 096,PBM services SOW,Workplace and Contact Center,Interoperability,revenue-cycle outsourcing,2021-06-01,2028-12-31,exit rights need review,per encounter,exact,standard termination rights,no minimum beyond SOW baseline,RATE-HCDN-066,service credits capped and under-defined,fixed or negotiated escalator,standard change-control language,subcontracting permitted with controls,US data residency,transition assistance to confirm,SRC-HCDN-SLA-006,SRC-HCDN-INV-042,SRC-HCDN-CO-022,LOT-HCDN-06,,,EVAL-HCDN-018,standard commercial review
CONT-HCDN-0906,VEND-HCDN-103,Synthetic Healthcare Supplier 103,BPO services SOW,Security Identity and Compliance,Population Health,cloud/data platform operations,2022-07-01,2026-12-31,renewal within 12 months,consumption,range,termination for convenience with notice,no minimum beyond SOW baseline,RATE-HCDN-067,standard service credits,fixed or negotiated escalator,standard change-control language,subcontracting permitted with controls,US data residency,transition assistance to confirm,SRC-HCDN-SLA-007,SRC-HCDN-INV-043,SRC-HCDN-CO-023,LOT-HCDN-07,PROP-HCDN-01,BAFO-HCDN-01,EVAL-HCDN-019,standard commercial review
CONT-HCDN-0907,VEND-HCDN-110,Synthetic Healthcare Supplier 110,cloud commit,Integration and Interoperability,Health Plan Operations,SQL Server/EDW managed services,2023-08-01,2027-12-31,renewal within 24 months,hybrid fixed plus variable,indexed,standard termination rights,no minimum beyond SOW baseline,RATE-HCDN-068,standard service credits,fixed or negotiated escalator,standard change-control language,subcontracting permitted with controls,US data residency,transition assistance to confirm,SRC-HCDN-SLA-008,SRC-HCDN-INV-044,SRC-HCDN-CO-024,LOT-HCDN-08,,,EVAL-HCDN-020,standard commercial review
CONT-HCDN-0908,VEND-HCDN-117,Synthetic Healthcare Supplier 117,data platform subscription,ERP and Corporate Platforms,Medicare Advantage,contact center operations,2020-09-01,2028-12-31,active multi-year,committed spend,trend-only,standard termination rights,no minimum beyond SOW baseline,RATE-HCDN-069,standard service credits,fixed or negotiated escalator,standard change-control language,subcontracting permitted with controls,US data residency,transition assistance explicit,SRC-HCDN-SLA-009,SRC-HCDN-INV-045,SRC-HCDN-CO-025,LOT-HCDN-09,,,EVAL-HCDN-021,standard commercial review
CONT-HCDN-0909,VEND-HCDN-124,Synthetic Healthcare Supplier 124,software subscription,Clinical and Epic AMS,Claims Operations,payment integrity,2021-01-01,2026-12-31,extension option,outcome-linked,withheld,standard termination rights,no minimum beyond SOW baseline,RATE-HCDN-070,standard service credits,CPI escalator above threshold,standard change-control language,subcontracting permitted with controls,US data residency,transition assistance to confirm,SRC-HCDN-SLA-010,SRC-HCDN-INV-046,SRC-HCDN-CO-026,LOT-HCDN-01,PROP-HCDN-01,,EVAL-HCDN-022,standard commercial review
CONT-HCDN-0910,VEND-HCDN-131,Synthetic Healthcare Supplier 131,professional services SOW,Payer Platform Operations,Utilization Management,identity/security operations,2022-02-01,2027-12-31,transition assistance required,fixed fee,exact,standard termination rights,minimum annual commitment applies,RATE-HCDN-071,service credits capped and under-defined,fixed or negotiated escalator,standard change-control language,subcontracting permitted with controls,PHI/data residency review required,transition assistance to confirm,SRC-HCDN-SLA-011,SRC-HCDN-INV-047,SRC-HCDN-CO-027,LOT-HCDN-02,,,EVAL-HCDN-023,supplier concentration
CONT-HCDN-0911,VEND-HCDN-138,Synthetic Healthcare Supplier 138,maintenance agreement,Data Analytics and AI,Member Services,interoperability services,2023-03-01,2028-12-31,exit rights need review,T&M,range,standard termination rights,no minimum beyond SOW baseline,RATE-HCDN-072,standard service credits,fixed or negotiated escalator,standard change-control language,subcontracting permitted with controls,US data residency,transition assistance to confirm,SRC-HCDN-SLA-012,SRC-HCDN-INV-048,SRC-HCDN-CO-028,LOT-HCDN-03,,,EVAL-HCDN-024,standard commercial review
CONT-HCDN-0912,VEND-HCDN-145,Synthetic Healthcare Supplier 145,telecom services,Revenue Cycle Technology,Quality and Stars,Epic support and optimization,2020-04-01,2026-12-31,renewal within 12 months,unit rate,indexed,termination for convenience with notice,no minimum beyond SOW baseline,RATE-HCDN-073,standard service credits,fixed or negotiated escalator,standard change-control language,subcontractor approval required,US data residency,transition assistance explicit,SRC-HCDN-SLA-013,SRC-HCDN-INV-001,SRC-HCDN-CO-029,LOT-HCDN-04,PROP-HCDN-01,BAFO-HCDN-01,EVAL-HCDN-001,high exit-term sensitivity
CONT-HCDN-0913,VEND-HCDN-152,Synthetic Healthcare Supplier 152,cybersecurity services,Cloud Infrastructure and Data Center,Risk Adjustment,claims operations,2021-05-01,2027-12-31,renewal within 24 months,per member per month,trend-only,standard termination rights,no minimum beyond SOW baseline,RATE-HCDN-074,standard service credits,fixed or negotiated escalator,change-control ambiguity,subcontracting permitted with controls,US data residency,transition assistance to confirm,SRC-HCDN-SLA-014,SRC-HCDN-INV-002,SRC-HCDN-CO-030,LOT-HCDN-05,,,EVAL-HCDN-002,standard commercial review
CONT-HCDN-0914,VEND-HCDN-159,Synthetic Healthcare Supplier 159,AI/document automation SOW,Workplace and Contact Center,Care Management,Medicare Advantage quality services,2022-06-01,2028-12-31,active multi-year,per claim,withheld,standard termination rights,no minimum beyond SOW baseline,RATE-HCDN-075,standard service credits,fixed or negotiated escalator,standard change-control language,subcontracting permitted with controls,US data residency,transition assistance to confirm,SRC-HCDN-SLA-015,SRC-HCDN-INV-003,SRC-HCDN-CO-031,LOT-HCDN-06,,,EVAL-HCDN-003,standard commercial review
CONT-HCDN-0915,VEND-HCDN-166,Synthetic Healthcare Supplier 166,MSA,Security Identity and Compliance,Finance,risk adjustment analytics,2023-07-01,2026-12-31,extension option,per encounter,exact,standard termination rights,no minimum beyond SOW baseline,RATE-HCDN-076,service credits capped and under-defined,fixed or negotiated escalator,standard change-control language,subcontracting permitted with controls,US data residency,transition assistance to confirm,SRC-HCDN-SLA-016,SRC-HCDN-INV-004,SRC-HCDN-CO-032,LOT-HCDN-07,PROP-HCDN-01,,EVAL-HCDN-004,standard commercial review
CONT-HCDN-0916,VEND-HCDN-173,Synthetic Healthcare Supplier 173,SOW,Integration and Interoperability,Coding,prior authorization operations,2020-08-01,2027-12-31,transition assistance required,consumption,range,standard termination rights,no minimum beyond SOW baseline,RATE-HCDN-077,standard service credits,fixed or negotiated escalator,standard change-control language,subcontracting permitted with controls,US data residency,transition assistance explicit,SRC-HCDN-SLA-017,SRC-HCDN-INV-005,SRC-HCDN-CO-033,LOT-HCDN-08,,,EVAL-HCDN-005,standard commercial review
CONT-HCDN-0917,VEND-HCDN-180,Synthetic Healthcare Supplier 180,rate card,ERP and Corporate Platforms,Payer Contracting,revenue-cycle outsourcing,2021-09-01,2028-12-31,exit rights need review,hybrid fixed plus variable,indexed,standard termination rights,minimum annual commitment applies,RATE-HCDN-078,standard service credits,fixed or negotiated escalator,standard change-control language,subcontracting permitted with controls,US data residency,transition assistance to confirm,SRC-HCDN-SLA-018,SRC-HCDN-INV-006,SRC-HCDN-CO-034,LOT-HCDN-09,,,EVAL-HCDN-006,standard commercial review
CONT-HCDN-0918,VEND-HCDN-187,Synthetic Healthcare Supplier 187,Epic support agreement,Clinical and Epic AMS,Digital Front Door,cloud/data platform operations,2022-01-01,2026-12-31,renewal within 12 months,committed spend,trend-only,termination for convenience with notice,no minimum beyond SOW baseline,RATE-HCDN-079,standard service credits,CPI escalator above threshold,standard change-control language,subcontracting permitted with controls,US data residency,transition assistance to confirm,SRC-HCDN-SLA-019,SRC-HCDN-INV-007,SRC-HCDN-CO-035,LOT-HCDN-01,PROP-HCDN-01,BAFO-HCDN-01,EVAL-HCDN-007,standard commercial review
CONT-HCDN-0919,VEND-HCDN-194,Synthetic Healthcare Supplier 194,claims admin agreement,Payer Platform Operations,Contact Center,SQL Server/EDW managed services,2023-02-01,2027-12-31,renewal within 24 months,outcome-linked,withheld,standard termination rights,no minimum beyond SOW baseline,RATE-HCDN-080,standard service credits,fixed or negotiated escalator,standard change-control language,subcontracting permitted with controls,US data residency,transition assistance to confirm,SRC-HCDN-SLA-020,SRC-HCDN-INV-008,SRC-HCDN-CO-036,LOT-HCDN-02,,,EVAL-HCDN-008,standard commercial review
CONT-HCDN-0920,VEND-HCDN-201,Synthetic Healthcare Supplier 201,PBM services SOW,Data Analytics and AI,Ambulatory Care,contact center operations,2020-03-01,2028-12-31,active multi-year,fixed fee,exact,termination limited during transition,no minimum beyond SOW baseline,RATE-HCDN-081,service credits capped and under-defined,fixed or negotiated escalator,standard change-control language,subcontracting permitted with controls,PHI/data residency review required,transition assistance explicit,SRC-HCDN-SLA-021,SRC-HCDN-INV-009,SRC-HCDN-CO-037,LOT-HCDN-03,,,EVAL-HCDN-009,high exit-term sensitivity
CONT-HCDN-0921,VEND-HCDN-208,Synthetic Healthcare Supplier 208,BPO services SOW,Revenue Cycle Technology,Emergency Department,payment integrity,2021-04-01,2026-12-31,extension option,T&M,range,standard termination rights,no minimum beyond SOW baseline,RATE-HCDN-082,standard service credits,fixed or negotiated escalator,standard change-control language,subcontracting permitted with controls,US data residency,transition assistance to confirm,SRC-HCDN-SLA-022,SRC-HCDN-INV-010,SRC-HCDN-CO-038,LOT-HCDN-04,PROP-HCDN-01,,EVAL-HCDN-010,standard commercial review
CONT-HCDN-0922,VEND-HCDN-215,Synthetic Healthcare Supplier 215,cloud commit,Cloud Infrastructure and Data Center,Inpatient,identity/security operations,2022-05-01,2027-12-31,transition assistance required,unit rate,indexed,standard termination rights,no minimum beyond SOW baseline,RATE-HCDN-083,standard service credits,fixed or negotiated escalator,standard change-control language,subcontracting permitted with controls,US data residency,transition assistance to confirm,SRC-HCDN-SLA-023,SRC-HCDN-INV-011,SRC-HCDN-CO-039,LOT-HCDN-05,,,EVAL-HCDN-011,standard commercial review
CONT-HCDN-0923,VEND-HCDN-222,Synthetic Healthcare Supplier 222,data platform subscription,Workplace and Contact Center,Surgery,interoperability services,2023-06-01,2028-12-31,exit rights need review,per member per month,trend-only,standard termination rights,no minimum beyond SOW baseline,RATE-HCDN-084,standard service credits,fixed or negotiated escalator,standard change-control language,subcontracting permitted with controls,US data residency,transition assistance to confirm,SRC-HCDN-SLA-024,SRC-HCDN-INV-012,SRC-HCDN-CO-040,LOT-HCDN-06,,,EVAL-HCDN-012,standard commercial review
CONT-HCDN-0924,VEND-HCDN-229,Synthetic Healthcare Supplier 229,software subscription,Security Identity and Compliance,Imaging,Epic support and optimization,2020-07-01,2026-12-31,renewal within 12 months,per claim,withheld,termination for convenience with notice,minimum annual commitment applies,RATE-HCDN-085,standard service credits,fixed or negotiated escalator,change-control ambiguity,subcontractor approval required,US data residency,transition assistance explicit,SRC-HCDN-SLA-025,SRC-HCDN-INV-013,SRC-HCDN-CO-041,LOT-HCDN-07,PROP-HCDN-01,BAFO-HCDN-01,EVAL-HCDN-013,standard commercial review
CONT-HCDN-0925,VEND-HCDN-236,Synthetic Healthcare Supplier 236,professional services SOW,Integration and Interoperability,Lab,claims operations,2021-08-01,2027-12-31,renewal within 24 months,per encounter,exact,standard termination rights,no minimum beyond SOW baseline,RATE-HCDN-086,service credits capped and under-defined,fixed or negotiated escalator,standard change-control language,subcontracting permitted with controls,US data residency,transition assistance to confirm,SRC-HCDN-SLA-026,SRC-HCDN-INV-014,SRC-HCDN-CO-042,LOT-HCDN-08,,,EVAL-HCDN-014,standard commercial review
CONT-HCDN-0926,VEND-HCDN-243,Synthetic Healthcare Supplier 243,maintenance agreement,ERP and Corporate Platforms,Pharmacy,Medicare Advantage quality services,2022-09-01,2028-12-31,active multi-year,consumption,range,standard termination rights,no minimum beyond SOW baseline,RATE-HCDN-087,standard service credits,fixed or negotiated escalator,standard change-control language,subcontracting permitted with controls,US data residency,transition assistance to confirm,SRC-HCDN-SLA-027,SRC-HCDN-INV-015,SRC-HCDN-CO-043,LOT-HCDN-09,,,EVAL-HCDN-015,standard commercial review
CONT-HCDN-0927,VEND-HCDN-250,Synthetic Healthcare Supplier 250,telecom services,Clinical and Epic AMS,Oncology,risk adjustment analytics,2023-01-01,2026-12-31,extension option,hybrid fixed plus variable,indexed,standard termination rights,no minimum beyond SOW baseline,RATE-HCDN-088,standard service credits,CPI escalator above threshold,standard change-control language,subcontracting permitted with controls,US data residency,transition assistance to confirm,SRC-HCDN-SLA-028,SRC-HCDN-INV-016,SRC-HCDN-CO-044,LOT-HCDN-01,PROP-HCDN-01,,EVAL-HCDN-016,standard commercial review
CONT-HCDN-0928,VEND-HCDN-257,Synthetic Healthcare Supplier 257,cybersecurity services,Payer Platform Operations,Cardiology,prior authorization operations,2020-02-01,2027-12-31,transition assistance required,committed spend,trend-only,termination limited during transition,no minimum beyond SOW baseline,RATE-HCDN-089,standard service credits,fixed or negotiated escalator,standard change-control language,subcontracting permitted with controls,US data residency,transition assistance explicit,SRC-HCDN-SLA-029,SRC-HCDN-INV-017,SRC-HCDN-CO-045,LOT-HCDN-02,,,EVAL-HCDN-017,high exit-term sensitivity
CONT-HCDN-0929,VEND-HCDN-264,Synthetic Healthcare Supplier 264,AI/document automation SOW,Data Analytics and AI,Data and Analytics,revenue-cycle outsourcing,2021-03-01,2028-12-31,exit rights need review,outcome-linked,withheld,standard termination rights,no minimum beyond SOW baseline,RATE-HCDN-090,standard service credits,fixed or negotiated escalator,standard change-control language,subcontracting permitted with controls,US data residency,transition assistance to confirm,SRC-HCDN-SLA-030,SRC-HCDN-INV-018,SRC-HCDN-CO-046,LOT-HCDN-03,,,EVAL-HCDN-018,standard commercial review
CONT-HCDN-0930,VEND-HCDN-271,Synthetic Healthcare Supplier 271,MSA,Revenue Cycle Technology,Clinical Analytics,cloud/data platform operations,2022-04-01,2026-12-31,renewal within 12 months,fixed fee,exact,termination for convenience with notice,no minimum beyond SOW baseline,RATE-HCDN-091,service credits capped and under-defined,fixed or negotiated escalator,standard change-control language,subcontracting permitted with controls,PHI/data residency review required,transition assistance to confirm,SRC-HCDN-SLA-031,SRC-HCDN-INV-019,SRC-HCDN-CO-047,LOT-HCDN-04,PROP-HCDN-01,BAFO-HCDN-01,EVAL-HCDN-019,supplier concentration
CONT-HCDN-0931,VEND-HCDN-278,Synthetic Healthcare Supplier 278,SOW,Cloud Infrastructure and Data Center,Actuarial,SQL Server/EDW managed services,2023-05-01,2027-12-31,renewal within 24 months,T&M,range,standard termination rights,minimum annual commitment applies,RATE-HCDN-092,standard service credits,fixed or negotiated escalator,standard change-control language,subcontracting permitted with controls,US data residency,transition assistance to confirm,SRC-HCDN-SLA-032,SRC-HCDN-INV-020,SRC-HCDN-CO-048,LOT-HCDN-05,,,EVAL-HCDN-020,standard commercial review
CONT-HCDN-0932,VEND-HCDN-285,Synthetic Healthcare Supplier 285,rate card,Workplace and Contact Center,Departmental Reporting,contact center operations,2020-06-01,2028-12-31,active multi-year,unit rate,indexed,standard termination rights,no minimum beyond SOW baseline,RATE-HCDN-093,standard service credits,fixed or negotiated escalator,standard change-control language,subcontracting permitted with controls,US data residency,transition assistance explicit,SRC-HCDN-SLA-033,SRC-HCDN-INV-021,SRC-HCDN-CO-049,LOT-HCDN-06,,,EVAL-HCDN-021,standard commercial review
CONT-HCDN-0933,VEND-HCDN-292,Synthetic Healthcare Supplier 292,Epic support agreement,Security Identity and Compliance,AI Transformation,payment integrity,2021-07-01,2026-12-31,extension option,per member per month,trend-only,standard termination rights,no minimum beyond SOW baseline,RATE-HCDN-094,standard service credits,fixed or negotiated escalator,standard change-control language,subcontracting permitted with controls,US data residency,transition assistance to confirm,SRC-HCDN-SLA-034,SRC-HCDN-INV-022,SRC-HCDN-CO-050,LOT-HCDN-07,PROP-HCDN-01,,EVAL-HCDN-022,standard commercial review
CONT-HCDN-0934,VEND-HCDN-299,Synthetic Healthcare Supplier 299,claims admin agreement,Integration and Interoperability,Technology,identity/security operations,2022-08-01,2027-12-31,transition assistance required,per claim,withheld,standard termination rights,no minimum beyond SOW baseline,RATE-HCDN-095,standard service credits,fixed or negotiated escalator,standard change-control language,subcontracting permitted with controls,US data residency,transition assistance to confirm,SRC-HCDN-SLA-035,SRC-HCDN-INV-023,SRC-HCDN-CO-051,LOT-HCDN-08,,,EVAL-HCDN-023,standard commercial review
CONT-HCDN-0935,VEND-HCDN-306,Synthetic Healthcare Supplier 306,PBM services SOW,ERP and Corporate Platforms,Security,interoperability services,2023-09-01,2028-12-31,exit rights need review,per encounter,exact,standard termination rights,no minimum beyond SOW baseline,RATE-HCDN-096,service credits capped and under-defined,fixed or negotiated escalator,change-control ambiguity,subcontracting permitted with controls,US data residency,transition assistance to confirm,SRC-HCDN-SLA-036,SRC-HCDN-INV-024,SRC-HCDN-CO-052,LOT-HCDN-09,,,EVAL-HCDN-024,standard commercial review
CONT-HCDN-0936,VEND-HCDN-313,Synthetic Healthcare Supplier 313,BPO services SOW,Clinical and Epic AMS,Procurement,Epic support and optimization,2020-01-01,2026-12-31,renewal within 12 months,consumption,range,termination for convenience with notice,no minimum beyond SOW baseline,RATE-HCDN-097,standard service credits,CPI escalator above threshold,standard change-control language,subcontractor approval required,US data residency,transition assistance explicit,SRC-HCDN-SLA-001,SRC-HCDN-INV-025,SRC-HCDN-CO-001,LOT-HCDN-01,PROP-HCDN-01,BAFO-HCDN-01,EVAL-HCDN-001,high exit-term sensitivity
CONT-HCDN-0937,VEND-HCDN-320,Synthetic Healthcare Supplier 320,cloud commit,Payer Platform Operations,HR,claims operations,2021-02-01,2027-12-31,renewal within 24 months,hybrid fixed plus variable,indexed,standard termination rights,no minimum beyond SOW baseline,RATE-HCDN-098,standard service credits,fixed or negotiated escalator,standard change-control language,subcontracting permitted with controls,US data residency,transition assistance to confirm,SRC-HCDN-SLA-002,SRC-HCDN-INV-026,SRC-HCDN-CO-002,LOT-HCDN-02,,,EVAL-HCDN-002,standard commercial review
CONT-HCDN-0938,VEND-HCDN-327,Synthetic Healthcare Supplier 327,data platform subscription,Data Analytics and AI,Supply Chain,Medicare Advantage quality services,2022-03-01,2028-12-31,active multi-year,committed spend,trend-only,standard termination rights,minimum annual commitment applies,RATE-HCDN-099,standard service credits,fixed or negotiated escalator,standard change-control language,subcontracting permitted with controls,US data residency,transition assistance to confirm,SRC-HCDN-SLA-003,SRC-HCDN-INV-027,SRC-HCDN-CO-003,LOT-HCDN-03,,,EVAL-HCDN-003,standard commercial review
CONT-HCDN-0939,VEND-HCDN-334,Synthetic Healthcare Supplier 334,software subscription,Revenue Cycle Technology,Privacy,risk adjustment analytics,2023-04-01,2026-12-31,extension option,outcome-linked,withheld,standard termination rights,no minimum beyond SOW baseline,RATE-HCDN-100,standard service credits,fixed or negotiated escalator,standard change-control language,subcontracting permitted with controls,US data residency,transition assistance to confirm,SRC-HCDN-SLA-004,SRC-HCDN-INV-028,SRC-HCDN-CO-004,LOT-HCDN-04,PROP-HCDN-01,,EVAL-HCDN-004,standard commercial review
CONT-HCDN-0940,VEND-HCDN-341,Synthetic Healthcare Supplier 341,professional services SOW,Cloud Infrastructure and Data Center,Compliance,prior authorization operations,2020-05-01,2027-12-31,transition assistance required,fixed fee,exact,standard termination rights,no minimum beyond SOW baseline,RATE-HCDN-101,service credits capped and under-defined,fixed or negotiated escalator,standard change-control language,subcontracting permitted with controls,PHI/data residency review required,transition assistance explicit,SRC-HCDN-SLA-005,SRC-HCDN-INV-029,SRC-HCDN-CO-005,LOT-HCDN-05,,,EVAL-HCDN-005,supplier concentration
CONT-HCDN-0941,VEND-HCDN-348,Synthetic Healthcare Supplier 348,maintenance agreement,Workplace and Contact Center,Provider Network,revenue-cycle outsourcing,2021-06-01,2028-12-31,exit rights need review,T&M,range,standard termination rights,no minimum beyond SOW baseline,RATE-HCDN-102,standard service credits,fixed or negotiated escalator,standard change-control language,subcontracting permitted with controls,US data residency,transition assistance to confirm,SRC-HCDN-SLA-006,SRC-HCDN-INV-030,SRC-HCDN-CO-006,LOT-HCDN-06,,,EVAL-HCDN-006,standard commercial review
CONT-HCDN-0942,VEND-HCDN-355,Synthetic Healthcare Supplier 355,telecom services,Security Identity and Compliance,Value-Based Care,cloud/data platform operations,2022-07-01,2026-12-31,renewal within 12 months,unit rate,indexed,termination for convenience with notice,no minimum beyond SOW baseline,RATE-HCDN-103,standard service credits,fixed or negotiated escalator,standard change-control language,subcontracting permitted with controls,US data residency,transition assistance to confirm,SRC-HCDN-SLA-007,SRC-HCDN-INV-031,SRC-HCDN-CO-007,LOT-HCDN-07,PROP-HCDN-01,BAFO-HCDN-01,EVAL-HCDN-007,standard commercial review
CONT-HCDN-0943,VEND-HCDN-362,Synthetic Healthcare Supplier 362,cybersecurity services,Integration and Interoperability,Clinical Operations,SQL Server/EDW managed services,2023-08-01,2027-12-31,renewal within 24 months,per member per month,trend-only,standard termination rights,no minimum beyond SOW baseline,RATE-HCDN-104,standard service credits,fixed or negotiated escalator,standard change-control language,subcontracting permitted with controls,US data residency,transition assistance to confirm,SRC-HCDN-SLA-008,SRC-HCDN-INV-032,SRC-HCDN-CO-008,LOT-HCDN-08,,,EVAL-HCDN-008,standard commercial review
CONT-HCDN-0944,VEND-HCDN-369,Synthetic Healthcare Supplier 369,AI/document automation SOW,ERP and Corporate Platforms,Revenue Cycle,contact center operations,2020-09-01,2028-12-31,active multi-year,per claim,withheld,termination limited during transition,no minimum beyond SOW baseline,RATE-HCDN-105,standard service credits,fixed or negotiated escalator,standard change-control language,subcontracting permitted with controls,US data residency,transition assistance explicit,SRC-HCDN-SLA-009,SRC-HCDN-INV-033,SRC-HCDN-CO-009,LOT-HCDN-09,,,EVAL-HCDN-009,high exit-term sensitivity
CONT-HCDN-0945,VEND-HCDN-376,Synthetic Healthcare Supplier 376,MSA,Clinical and Epic AMS,Patient Access,payment integrity,2021-01-01,2026-12-31,extension option,per encounter,exact,standard termination rights,minimum annual commitment applies,RATE-HCDN-106,service credits capped and under-defined,CPI escalator above threshold,standard change-control language,subcontracting permitted with controls,US data residency,transition assistance to confirm,SRC-HCDN-SLA-010,SRC-HCDN-INV-034,SRC-HCDN-CO-010,LOT-HCDN-01,PROP-HCDN-01,,EVAL-HCDN-010,standard commercial review
CONT-HCDN-0946,VEND-HCDN-383,Synthetic Healthcare Supplier 383,SOW,Payer Platform Operations,Interoperability,identity/security operations,2022-02-01,2027-12-31,transition assistance required,consumption,range,standard termination rights,no minimum beyond SOW baseline,RATE-HCDN-107,standard service credits,fixed or negotiated escalator,change-control ambiguity,subcontracting permitted with controls,US data residency,transition assistance to confirm,SRC-HCDN-SLA-011,SRC-HCDN-INV-035,SRC-HCDN-CO-011,LOT-HCDN-02,,,EVAL-HCDN-011,standard commercial review
CONT-HCDN-0947,VEND-HCDN-390,Synthetic Healthcare Supplier 390,rate card,Data Analytics and AI,Population Health,interoperability services,2023-03-01,2028-12-31,exit rights need review,hybrid fixed plus variable,indexed,standard termination rights,no minimum beyond SOW baseline,RATE-HCDN-108,standard service credits,fixed or negotiated escalator,standard change-control language,subcontracting permitted with controls,US data residency,transition assistance to confirm,SRC-HCDN-SLA-012,SRC-HCDN-INV-036,SRC-HCDN-CO-012,LOT-HCDN-03,,,EVAL-HCDN-012,standard commercial review
CONT-HCDN-0948,VEND-HCDN-397,Synthetic Healthcare Supplier 397,Epic support agreement,Revenue Cycle Technology,Health Plan Operations,Epic support and optimization,2020-04-01,2026-12-31,renewal within 12 months,committed spend,trend-only,termination for convenience with notice,no minimum beyond SOW baseline,RATE-HCDN-109,standard service credits,fixed or negotiated escalator,standard change-control language,subcontractor approval required,US data residency,transition assistance explicit,SRC-HCDN-SLA-013,SRC-HCDN-INV-037,SRC-HCDN-CO-013,LOT-HCDN-04,PROP-HCDN-01,BAFO-HCDN-01,EVAL-HCDN-013,standard commercial review
CONT-HCDN-0949,VEND-HCDN-404,Synthetic Healthcare Supplier 404,claims admin agreement,Cloud Infrastructure and Data Center,Medicare Advantage,claims operations,2021-05-01,2027-12-31,renewal within 24 months,outcome-linked,withheld,standard termination rights,no minimum beyond SOW baseline,RATE-HCDN-110,standard service credits,fixed or negotiated escalator,standard change-control language,subcontracting permitted with controls,US data residency,transition assistance to confirm,SRC-HCDN-SLA-014,SRC-HCDN-INV-038,SRC-HCDN-CO-014,LOT-HCDN-05,,,EVAL-HCDN-014,standard commercial review
CONT-HCDN-0950,VEND-HCDN-411,Synthetic Healthcare Supplier 411,PBM services SOW,Workplace and Contact Center,Claims Operations,Medicare Advantage quality services,2022-06-01,2028-12-31,active multi-year,fixed fee,exact,standard termination rights,no minimum beyond SOW baseline,RATE-HCDN-111,service credits capped and under-defined,fixed or negotiated escalator,standard change-control language,subcontracting permitted with controls,PHI/data residency review required,transition assistance to confirm,SRC-HCDN-SLA-015,SRC-HCDN-INV-039,SRC-HCDN-CO-015,LOT-HCDN-06,,,EVAL-HCDN-015,supplier concentration
CONT-HCDN-0951,VEND-HCDN-418,Synthetic Healthcare Supplier 418,BPO services SOW,Security Identity and Compliance,Utilization Management,risk adjustment analytics,2023-07-01,2026-12-31,extension option,T&M,range,standard termination rights,no minimum beyond SOW baseline,RATE-HCDN-112,standard service credits,fixed or negotiated escalator,standard change-control language,subcontracting permitted with controls,US data residency,transition assistance to confirm,SRC-HCDN-SLA-016,SRC-HCDN-INV-040,SRC-HCDN-CO-016,LOT-HCDN-07,PROP-HCDN-01,,EVAL-HCDN-016,standard commercial review
CONT-HCDN-0952,VEND-HCDN-425,Synthetic Healthcare Supplier 425,cloud commit,Integration and Interoperability,Member Services,prior authorization operations,2020-08-01,2027-12-31,transition assistance required,unit rate,indexed,termination limited during transition,minimum annual commitment applies,RATE-HCDN-113,standard service credits,fixed or negotiated escalator,standard change-control language,subcontracting permitted with controls,US data residency,transition assistance explicit,SRC-HCDN-SLA-017,SRC-HCDN-INV-041,SRC-HCDN-CO-017,LOT-HCDN-08,,,EVAL-HCDN-017,high exit-term sensitivity
CONT-HCDN-0953,VEND-HCDN-432,Synthetic Healthcare Supplier 432,data platform subscription,ERP and Corporate Platforms,Quality and Stars,revenue-cycle outsourcing,2021-09-01,2028-12-31,exit rights need review,per member per month,trend-only,standard termination rights,no minimum beyond SOW baseline,RATE-HCDN-114,standard service credits,fixed or negotiated escalator,standard change-control language,subcontracting permitted with controls,US data residency,transition assistance to confirm,SRC-HCDN-SLA-018,SRC-HCDN-INV-042,SRC-HCDN-CO-018,LOT-HCDN-09,,,EVAL-HCDN-018,standard commercial review
CONT-HCDN-0954,VEND-HCDN-439,Synthetic Healthcare Supplier 439,software subscription,Clinical and Epic AMS,Risk Adjustment,cloud/data platform operations,2022-01-01,2026-12-31,renewal within 12 months,per claim,withheld,termination for convenience with notice,no minimum beyond SOW baseline,RATE-HCDN-115,standard service credits,CPI escalator above threshold,standard change-control language,subcontracting permitted with controls,US data residency,transition assistance to confirm,SRC-HCDN-SLA-019,SRC-HCDN-INV-043,SRC-HCDN-CO-019,LOT-HCDN-01,PROP-HCDN-01,BAFO-HCDN-01,EVAL-HCDN-019,standard commercial review
CONT-HCDN-0955,VEND-HCDN-446,Synthetic Healthcare Supplier 446,professional services SOW,Payer Platform Operations,Care Management,SQL Server/EDW managed services,2023-02-01,2027-12-31,renewal within 24 months,per encounter,exact,standard termination rights,no minimum beyond SOW baseline,RATE-HCDN-116,service credits capped and under-defined,fixed or negotiated escalator,standard change-control language,subcontracting permitted with controls,US data residency,transition assistance to confirm,SRC-HCDN-SLA-020,SRC-HCDN-INV-044,SRC-HCDN-CO-020,LOT-HCDN-02,,,EVAL-HCDN-020,standard commercial review
CONT-HCDN-0956,VEND-HCDN-453,Synthetic Healthcare Supplier 453,maintenance agreement,Data Analytics and AI,Finance,contact center operations,2020-03-01,2028-12-31,active multi-year,consumption,range,standard termination rights,no minimum beyond SOW baseline,RATE-HCDN-117,standard service credits,fixed or negotiated escalator,standard change-control language,subcontracting permitted with controls,US data residency,transition assistance explicit,SRC-HCDN-SLA-021,SRC-HCDN-INV-045,SRC-HCDN-CO-021,LOT-HCDN-03,,,EVAL-HCDN-021,standard commercial review
CONT-HCDN-0957,VEND-HCDN-460,Synthetic Healthcare Supplier 460,telecom services,Revenue Cycle Technology,Coding,payment integrity,2021-04-01,2026-12-31,extension option,hybrid fixed plus variable,indexed,standard termination rights,no minimum beyond SOW baseline,RATE-HCDN-118,standard service credits,fixed or negotiated escalator,change-control ambiguity,subcontracting permitted with controls,US data residency,transition assistance to confirm,SRC-HCDN-SLA-022,SRC-HCDN-INV-046,SRC-HCDN-CO-022,LOT-HCDN-04,PROP-HCDN-01,,EVAL-HCDN-022,standard commercial review
CONT-HCDN-0958,VEND-HCDN-467,Synthetic Healthcare Supplier 467,cybersecurity services,Cloud Infrastructure and Data Center,Payer Contracting,identity/security operations,2022-05-01,2027-12-31,transition assistance required,committed spend,trend-only,standard termination rights,no minimum beyond SOW baseline,RATE-HCDN-119,standard service credits,fixed or negotiated escalator,standard change-control language,subcontracting permitted with controls,US data residency,transition assistance to confirm,SRC-HCDN-SLA-023,SRC-HCDN-INV-047,SRC-HCDN-CO-023,LOT-HCDN-05,,,EVAL-HCDN-023,standard commercial review
CONT-HCDN-0959,VEND-HCDN-474,Synthetic Healthcare Supplier 474,AI/document automation SOW,Workplace and Contact Center,Digital Front Door,interoperability services,2023-06-01,2028-12-31,exit rights need review,outcome-linked,withheld,standard termination rights,minimum annual commitment applies,RATE-HCDN-120,standard service credits,fixed or negotiated escalator,standard change-control language,subcontracting permitted with controls,US data residency,transition assistance to confirm,SRC-HCDN-SLA-024,SRC-HCDN-INV-048,SRC-HCDN-CO-024,LOT-HCDN-06,,,EVAL-HCDN-024,standard commercial review
CONT-HCDN-0960,VEND-HCDN-001,Synthetic Healthcare Supplier 001,MSA,Security Identity and Compliance,Contact Center,Epic support and optimization,2020-07-01,2026-12-31,renewal within 12 months,fixed fee,exact,termination for convenience with notice,no minimum beyond SOW baseline,RATE-HCDN-121,service credits capped and under-defined,fixed or negotiated escalator,standard change-control language,subcontractor approval required,PHI/data residency review required,transition assistance explicit,SRC-HCDN-SLA-025,SRC-HCDN-INV-001,SRC-HCDN-CO-025,LOT-HCDN-07,PROP-HCDN-01,BAFO-HCDN-01,EVAL-HCDN-001,high exit-term sensitivity
CONT-HCDN-0961,VEND-HCDN-008,Synthetic Healthcare Supplier 008,SOW,Integration and Interoperability,Ambulatory Care,claims operations,2021-08-01,2027-12-31,renewal within 24 months,T&M,range,standard termination rights,no minimum beyond SOW baseline,RATE-HCDN-122,standard service credits,fixed or negotiated escalator,standard change-control language,subcontracting permitted with controls,US data residency,transition assistance to confirm,SRC-HCDN-SLA-026,SRC-HCDN-INV-002,SRC-HCDN-CO-026,LOT-HCDN-08,,,EVAL-HCDN-002,standard commercial review
CONT-HCDN-0962,VEND-HCDN-015,Synthetic Healthcare Supplier 015,rate card,ERP and Corporate Platforms,Emergency Department,Medicare Advantage quality services,2022-09-01,2028-12-31,active multi-year,unit rate,indexed,standard termination rights,no minimum beyond SOW baseline,RATE-HCDN-123,standard service credits,fixed or negotiated escalator,standard change-control language,subcontracting permitted with controls,US data residency,transition assistance to confirm,SRC-HCDN-SLA-027,SRC-HCDN-INV-003,SRC-HCDN-CO-027,LOT-HCDN-09,,,EVAL-HCDN-003,standard commercial review
CONT-HCDN-0963,VEND-HCDN-022,Synthetic Healthcare Supplier 022,Epic support agreement,Clinical and Epic AMS,Inpatient,risk adjustment analytics,2023-01-01,2026-12-31,extension option,per member per month,trend-only,standard termination rights,no minimum beyond SOW baseline,RATE-HCDN-124,standard service credits,CPI escalator above threshold,standard change-control language,subcontracting permitted with controls,US data residency,transition assistance to confirm,SRC-HCDN-SLA-028,SRC-HCDN-INV-004,SRC-HCDN-CO-028,LOT-HCDN-01,PROP-HCDN-01,,EVAL-HCDN-004,standard commercial review
CONT-HCDN-0964,VEND-HCDN-029,Synthetic Healthcare Supplier 029,claims admin agreement,Payer Platform Operations,Surgery,prior authorization operations,2020-02-01,2027-12-31,transition assistance required,per claim,withheld,standard termination rights,no minimum beyond SOW baseline,RATE-HCDN-125,standard service credits,fixed or negotiated escalator,standard change-control language,subcontracting permitted with controls,US data residency,transition assistance explicit,SRC-HCDN-SLA-029,SRC-HCDN-INV-005,SRC-HCDN-CO-029,LOT-HCDN-02,,,EVAL-HCDN-005,standard commercial review
CONT-HCDN-0965,VEND-HCDN-036,Synthetic Healthcare Supplier 036,PBM services SOW,Data Analytics and AI,Imaging,revenue-cycle outsourcing,2021-03-01,2028-12-31,exit rights need review,per encounter,exact,standard termination rights,no minimum beyond SOW baseline,RATE-HCDN-126,service credits capped and under-defined,fixed or negotiated escalator,standard change-control language,subcontracting permitted with controls,US data residency,transition assistance to confirm,SRC-HCDN-SLA-030,SRC-HCDN-INV-006,SRC-HCDN-CO-030,LOT-HCDN-03,,,EVAL-HCDN-006,standard commercial review
CONT-HCDN-0966,VEND-HCDN-043,Synthetic Healthcare Supplier 043,BPO services SOW,Revenue Cycle Technology,Lab,cloud/data platform operations,2022-04-01,2026-12-31,renewal within 12 months,consumption,range,termination for convenience with notice,minimum annual commitment applies,RATE-HCDN-127,standard service credits,fixed or negotiated escalator,standard change-control language,subcontracting permitted with controls,US data residency,transition assistance to confirm,SRC-HCDN-SLA-031,SRC-HCDN-INV-007,SRC-HCDN-CO-031,LOT-HCDN-04,PROP-HCDN-01,BAFO-HCDN-01,EVAL-HCDN-007,standard commercial review
CONT-HCDN-0967,VEND-HCDN-050,Synthetic Healthcare Supplier 050,cloud commit,Cloud Infrastructure and Data Center,Pharmacy,SQL Server/EDW managed services,2023-05-01,2027-12-31,renewal within 24 months,hybrid fixed plus variable,indexed,standard termination rights,no minimum beyond SOW baseline,RATE-HCDN-128,standard service credits,fixed or negotiated escalator,standard change-control language,subcontracting permitted with controls,US data residency,transition assistance to confirm,SRC-HCDN-SLA-032,SRC-HCDN-INV-008,SRC-HCDN-CO-032,LOT-HCDN-05,,,EVAL-HCDN-008,standard commercial review
CONT-HCDN-0968,VEND-HCDN-057,Synthetic Healthcare Supplier 057,data platform subscription,Workplace and Contact Center,Oncology,contact center operations,2020-06-01,2028-12-31,active multi-year,committed spend,trend-only,termination limited during transition,no minimum beyond SOW baseline,RATE-HCDN-129,standard service credits,fixed or negotiated escalator,change-control ambiguity,subcontracting permitted with controls,US data residency,transition assistance explicit,SRC-HCDN-SLA-033,SRC-HCDN-INV-009,SRC-HCDN-CO-033,LOT-HCDN-06,,,EVAL-HCDN-009,high exit-term sensitivity
CONT-HCDN-0969,VEND-HCDN-064,Synthetic Healthcare Supplier 064,software subscription,Security Identity and Compliance,Cardiology,payment integrity,2021-07-01,2026-12-31,extension option,outcome-linked,withheld,standard termination rights,no minimum beyond SOW baseline,RATE-HCDN-130,standard service credits,fixed or negotiated escalator,standard change-control language,subcontracting permitted with controls,US data residency,transition assistance to confirm,SRC-HCDN-SLA-034,SRC-HCDN-INV-010,SRC-HCDN-CO-034,LOT-HCDN-07,PROP-HCDN-01,,EVAL-HCDN-010,standard commercial review
CONT-HCDN-0970,VEND-HCDN-071,Synthetic Healthcare Supplier 071,professional services SOW,Integration and Interoperability,Data and Analytics,identity/security operations,2022-08-01,2027-12-31,transition assistance required,fixed fee,exact,standard termination rights,no minimum beyond SOW baseline,RATE-HCDN-131,service credits capped and under-defined,fixed or negotiated escalator,standard change-control language,subcontracting permitted with controls,PHI/data residency review required,transition assistance to confirm,SRC-HCDN-SLA-035,SRC-HCDN-INV-011,SRC-HCDN-CO-035,LOT-HCDN-08,,,EVAL-HCDN-011,supplier concentration
CONT-HCDN-0971,VEND-HCDN-078,Synthetic Healthcare Supplier 078,maintenance agreement,ERP and Corporate Platforms,Clinical Analytics,interoperability services,2023-09-01,2028-12-31,exit rights need review,T&M,range,standard termination rights,no minimum beyond SOW baseline,RATE-HCDN-132,standard service credits,fixed or negotiated escalator,standard change-control language,subcontracting permitted with controls,US data residency,transition assistance to confirm,SRC-HCDN-SLA-036,SRC-HCDN-INV-012,SRC-HCDN-CO-036,LOT-HCDN-09,,,EVAL-HCDN-012,standard commercial review
CONT-HCDN-0972,VEND-HCDN-085,Synthetic Healthcare Supplier 085,telecom services,Clinical and Epic AMS,Actuarial,Epic support and optimization,2020-01-01,2026-12-31,renewal within 12 months,unit rate,indexed,termination for convenience with notice,no minimum beyond SOW baseline,RATE-HCDN-133,standard service credits,CPI escalator above threshold,standard change-control language,subcontractor approval required,US data residency,transition assistance explicit,SRC-HCDN-SLA-001,SRC-HCDN-INV-013,SRC-HCDN-CO-037,LOT-HCDN-01,PROP-HCDN-01,BAFO-HCDN-01,EVAL-HCDN-013,standard commercial review
CONT-HCDN-0973,VEND-HCDN-092,Synthetic Healthcare Supplier 092,cybersecurity services,Payer Platform Operations,Departmental Reporting,claims operations,2021-02-01,2027-12-31,renewal within 24 months,per member per month,trend-only,standard termination rights,minimum annual commitment applies,RATE-HCDN-134,standard service credits,fixed or negotiated escalator,standard change-control language,subcontracting permitted with controls,US data residency,transition assistance to confirm,SRC-HCDN-SLA-002,SRC-HCDN-INV-014,SRC-HCDN-CO-038,LOT-HCDN-02,,,EVAL-HCDN-014,standard commercial review
CONT-HCDN-0974,VEND-HCDN-099,Synthetic Healthcare Supplier 099,AI/document automation SOW,Data Analytics and AI,AI Transformation,Medicare Advantage quality services,2022-03-01,2028-12-31,active multi-year,per claim,withheld,standard termination rights,no minimum beyond SOW baseline,RATE-HCDN-135,standard service credits,fixed or negotiated escalator,standard change-control language,subcontracting permitted with controls,US data residency,transition assistance to confirm,SRC-HCDN-SLA-003,SRC-HCDN-INV-015,SRC-HCDN-CO-039,LOT-HCDN-03,,,EVAL-HCDN-015,standard commercial review
CONT-HCDN-0975,VEND-HCDN-106,Synthetic Healthcare Supplier 106,MSA,Revenue Cycle Technology,Technology,risk adjustment analytics,2023-04-01,2026-12-31,extension option,per encounter,exact,standard termination rights,no minimum beyond SOW baseline,RATE-HCDN-136,service credits capped and under-defined,fixed or negotiated escalator,standard change-control language,subcontracting permitted with controls,US data residency,transition assistance to confirm,SRC-HCDN-SLA-004,SRC-HCDN-INV-016,SRC-HCDN-CO-040,LOT-HCDN-04,PROP-HCDN-01,,EVAL-HCDN-016,standard commercial review
CONT-HCDN-0976,VEND-HCDN-113,Synthetic Healthcare Supplier 113,SOW,Cloud Infrastructure and Data Center,Security,prior authorization operations,2020-05-01,2027-12-31,transition assistance required,consumption,range,termination limited during transition,no minimum beyond SOW baseline,RATE-HCDN-137,standard service credits,fixed or negotiated escalator,standard change-control language,subcontracting permitted with controls,US data residency,transition assistance explicit,SRC-HCDN-SLA-005,SRC-HCDN-INV-017,SRC-HCDN-CO-041,LOT-HCDN-05,,,EVAL-HCDN-017,high exit-term sensitivity
CONT-HCDN-0977,VEND-HCDN-120,Synthetic Healthcare Supplier 120,rate card,Workplace and Contact Center,Procurement,revenue-cycle outsourcing,2021-06-01,2028-12-31,exit rights need review,hybrid fixed plus variable,indexed,standard termination rights,no minimum beyond SOW baseline,RATE-HCDN-138,standard service credits,fixed or negotiated escalator,standard change-control language,subcontracting permitted with controls,US data residency,transition assistance to confirm,SRC-HCDN-SLA-006,SRC-HCDN-INV-018,SRC-HCDN-CO-042,LOT-HCDN-06,,,EVAL-HCDN-018,standard commercial review
CONT-HCDN-0978,VEND-HCDN-127,Synthetic Healthcare Supplier 127,Epic support agreement,Security Identity and Compliance,HR,cloud/data platform operations,2022-07-01,2026-12-31,renewal within 12 months,committed spend,trend-only,termination for convenience with notice,no minimum beyond SOW baseline,RATE-HCDN-139,standard service credits,fixed or negotiated escalator,standard change-control language,subcontracting permitted with controls,US data residency,transition assistance to confirm,SRC-HCDN-SLA-007,SRC-HCDN-INV-019,SRC-HCDN-CO-043,LOT-HCDN-07,PROP-HCDN-01,BAFO-HCDN-01,EVAL-HCDN-019,standard commercial review
CONT-HCDN-0979,VEND-HCDN-134,Synthetic Healthcare Supplier 134,claims admin agreement,Integration and Interoperability,Supply Chain,SQL Server/EDW managed services,2023-08-01,2027-12-31,renewal within 24 months,outcome-linked,withheld,standard termination rights,no minimum beyond SOW baseline,RATE-HCDN-140,standard service credits,fixed or negotiated escalator,change-control ambiguity,subcontracting permitted with controls,US data residency,transition assistance to confirm,SRC-HCDN-SLA-008,SRC-HCDN-INV-020,SRC-HCDN-CO-044,LOT-HCDN-08,,,EVAL-HCDN-020,standard commercial review
CONT-HCDN-0980,VEND-HCDN-141,Synthetic Healthcare Supplier 141,PBM services SOW,ERP and Corporate Platforms,Privacy,contact center operations,2020-09-01,2028-12-31,active multi-year,fixed fee,exact,standard termination rights,minimum annual commitment applies,RATE-HCDN-001,service credits capped and under-defined,fixed or negotiated escalator,standard change-control language,subcontracting permitted with controls,PHI/data residency review required,transition assistance explicit,SRC-HCDN-SLA-009,SRC-HCDN-INV-021,SRC-HCDN-CO-045,LOT-HCDN-09,,,EVAL-HCDN-021,supplier concentration
