tenantKey,relationshipId,sourceRowNumber,rawRelationshipType,normalizedRelationshipType,fromObjectType,fromObjectName,fromNodeId,toObjectType,toObjectName,toNodeId,evidenceBasis,confidence,knownGaps,quarantineReasons,disposition
lakeshore-holdings,LKH-12-B4B0496B4C,2,owned_by,OWNED_BY,business_function,Corporate Finance and Treasury,lakeshore-holdings:business_function:corporate-finance-and-treasury,workforce_role,CFO,,LH-FN-FIN,high,none,unresolved-to-node,quarantined-no-graph-materialization
lakeshore-holdings,LKH-12-707D9821DA,3,owned_by,OWNED_BY,business_function,Corporate HR and Talent,lakeshore-holdings:business_function:corporate-hr-and-talent,workforce_role,Chief People Officer,,LH-FN-HR,high,none,unresolved-to-node,quarantined-no-graph-materialization
lakeshore-holdings,LKH-12-BF91B1E142,4,owned_by,OWNED_BY,business_function,Corporate Legal and Compliance,lakeshore-holdings:business_function:corporate-legal-and-compliance,workforce_role,General Counsel,,LH-FN-LEGAL,high,none,unresolved-to-node,quarantined-no-graph-materialization
lakeshore-holdings,LKH-12-077BAF0D2F,5,owned_by,OWNED_BY,business_function,Investments and Portfolio Management,lakeshore-holdings:business_function:investments-and-portfolio-management,workforce_role,Chief Investment Officer,,LH-FN-INVEST,high,none,unresolved-to-node,quarantined-no-graph-materialization
lakeshore-holdings,LKH-12-270D755AD8,6,owned_by,OWNED_BY,business_function,Corporate IT,lakeshore-holdings:business_function:corporate-it,workforce_role,Group CIO,,LH-FN-CORP-IT,high,none,unresolved-to-node,quarantined-no-graph-materialization
lakeshore-holdings,LKH-12-0D78DC42D2,7,owned_by,OWNED_BY,business_function,Corporate Innovation IT and Data AI,lakeshore-holdings:business_function:corporate-innovation-it-and-data-ai,workforce_role,VP Corporate Innovation IT and Data AI,,LH-FN-INNOV,high,none,unresolved-to-node,quarantined-no-graph-materialization
lakeshore-holdings,LKH-12-FDDF7EB09A,8,owned_by,OWNED_BY,business_function,Northline Logistics Operations,lakeshore-holdings:business_function:northline-logistics-operations,workforce_role,Northline COO,,LH-FN-NORTHLINE-OPS,high,none,unresolved-to-node,quarantined-no-graph-materialization
lakeshore-holdings,LKH-12-24A3F82024,9,owned_by,OWNED_BY,business_function,Northline Local IT,lakeshore-holdings:business_function:northline-local-it,workforce_role,Northline CIO,,LH-FN-NORTHLINE-IT,high,none,unresolved-to-node,quarantined-no-graph-materialization
lakeshore-holdings,LKH-12-52A59D8EAC,10,owned_by,OWNED_BY,business_function,Brightmark Client Delivery,lakeshore-holdings:business_function:brightmark-client-delivery,workforce_role,Brightmark COO,,LH-FN-CRESTPOINT-OPS,high,none,unresolved-to-node,quarantined-no-graph-materialization
lakeshore-holdings,LKH-12-D1E444B30A,11,owned_by,OWNED_BY,business_function,Brightmark Local IT,lakeshore-holdings:business_function:brightmark-local-it,workforce_role,Brightmark CIO,,LH-FN-CRESTPOINT-IT,high,none,unresolved-to-node,quarantined-no-graph-materialization
lakeshore-holdings,LKH-12-97DA024231,12,owned_by,OWNED_BY,business_function,Forge & Field Commercial and Supply Chain,lakeshore-holdings:business_function:forge-field-commercial-and-supply-chain,workforce_role,Forge & Field COO,,LH-FN-RIVERTON-OPS,high,none,unresolved-to-node,quarantined-no-graph-materialization
lakeshore-holdings,LKH-12-72A70CAEE4,13,owned_by,OWNED_BY,business_function,Forge & Field Local IT,lakeshore-holdings:business_function:forge-field-local-it,workforce_role,Forge & Field CIO,,LH-FN-RIVERTON-IT,high,none,unresolved-to-node,quarantined-no-graph-materialization
lakeshore-holdings,LKH-12-479FA2C75C,14,owned_by,OWNED_BY,business_function,Great Lakes Pantry Service Operations,lakeshore-holdings:business_function:great-lakes-pantry-service-operations,workforce_role,Great Lakes Pantry COO,,LH-FN-ARBORFIELD-OPS,high,none,unresolved-to-node,quarantined-no-graph-materialization
lakeshore-holdings,LKH-12-EBE461FFA5,15,owned_by,OWNED_BY,business_function,Great Lakes Pantry Local IT,lakeshore-holdings:business_function:great-lakes-pantry-local-it,workforce_role,Great Lakes Pantry IT Director,,LH-FN-ARBORFIELD-IT,high,none,unresolved-to-node,quarantined-no-graph-materialization
lakeshore-holdings,LKH-12-F683C77E11,16,uses,USES,business_function,Corporate HR and Finance operations,,application_system,Workday HCM and Finance,lakeshore-holdings:application_system:workday-hcm-and-finance,LH-SYS-WORKDAY,high,none,unresolved-from-node,quarantined-no-graph-materialization
lakeshore-holdings,LKH-12-7FEC7B9E40,17,owns_technology_for,,workforce_role,Group CIO,,application_system,Workday HCM and Finance,lakeshore-holdings:application_system:workday-hcm-and-finance,LH-SYS-WORKDAY,high,none,unknown-relationship-type:owns_technology_for; unresolved-from-node,quarantined-no-graph-materialization
lakeshore-holdings,LKH-12-8D5221BA72,18,supports,SUPPORTS,vendor_contract,LH-VDR-WORKDAY,,application_system,Workday HCM and Finance,lakeshore-holdings:application_system:workday-hcm-and-finance,LH-SYS-WORKDAY,high,none,unresolved-from-node,quarantined-no-graph-materialization
lakeshore-holdings,LKH-12-910ADD44A5,19,uses_data_domain,,application_system,Workday HCM and Finance,lakeshore-holdings:application_system:workday-hcm-and-finance,data_asset,employee master,,LH-SYS-WORKDAY,high,none,unknown-relationship-type:uses_data_domain; unresolved-to-node,quarantined-no-graph-materialization
lakeshore-holdings,LKH-12-CEC0C6CD4F,20,uses_data_domain,,application_system,Workday HCM and Finance,lakeshore-holdings:application_system:workday-hcm-and-finance,data_asset,cost center,,LH-SYS-WORKDAY,high,none,unknown-relationship-type:uses_data_domain; unresolved-to-node,quarantined-no-graph-materialization
lakeshore-holdings,LKH-12-CB7D8EA011,21,uses_data_domain,,application_system,Workday HCM and Finance,lakeshore-holdings:application_system:workday-hcm-and-finance,data_asset,payroll journal,,LH-SYS-WORKDAY,high,none,unknown-relationship-type:uses_data_domain; unresolved-to-node,quarantined-no-graph-materialization
lakeshore-holdings,LKH-12-74A4916802,22,uses,USES,business_function,Corporate finance and shared services ERP,,application_system,Oracle Fusion ERP,lakeshore-holdings:application_system:oracle-fusion-erp,LH-SYS-ORACLE,high,none,unresolved-from-node,quarantined-no-graph-materialization
lakeshore-holdings,LKH-12-BAB1257DF5,23,owns_technology_for,,workforce_role,VP Corporate Platforms,,application_system,Oracle Fusion ERP,lakeshore-holdings:application_system:oracle-fusion-erp,LH-SYS-ORACLE,high,none,unknown-relationship-type:owns_technology_for; unresolved-from-node,quarantined-no-graph-materialization
lakeshore-holdings,LKH-12-F530C66198,24,supports,SUPPORTS,vendor_contract,LH-VDR-ORACLE,,application_system,Oracle Fusion ERP,lakeshore-holdings:application_system:oracle-fusion-erp,LH-SYS-ORACLE,high,none,unresolved-from-node,quarantined-no-graph-materialization
lakeshore-holdings,LKH-12-FAB9DBF446,25,uses_data_domain,,application_system,Oracle Fusion ERP,lakeshore-holdings:application_system:oracle-fusion-erp,data_asset,general ledger,,LH-SYS-ORACLE,high,none,unknown-relationship-type:uses_data_domain; unresolved-to-node,quarantined-no-graph-materialization
lakeshore-holdings,LKH-12-7496310A7F,26,uses_data_domain,,application_system,Oracle Fusion ERP,lakeshore-holdings:application_system:oracle-fusion-erp,data_asset,AP,,LH-SYS-ORACLE,high,none,unknown-relationship-type:uses_data_domain; unresolved-to-node,quarantined-no-graph-materialization
lakeshore-holdings,LKH-12-34B9E5CAE8,27,uses_data_domain,,application_system,Oracle Fusion ERP,lakeshore-holdings:application_system:oracle-fusion-erp,data_asset,AR,,LH-SYS-ORACLE,high,none,unknown-relationship-type:uses_data_domain; unresolved-to-node,quarantined-no-graph-materialization
lakeshore-holdings,LKH-12-5B641D71C0,28,uses_data_domain,,application_system,Oracle Fusion ERP,lakeshore-holdings:application_system:oracle-fusion-erp,data_asset,procurement,,LH-SYS-ORACLE,high,none,unknown-relationship-type:uses_data_domain; unresolved-to-node,quarantined-no-graph-materialization
lakeshore-holdings,LKH-12-852A17F709,29,uses,USES,business_function,Treasury cash visibility and payments,,application_system,Kyriba Treasury,lakeshore-holdings:application_system:kyriba-treasury,LH-SYS-KYRIBA,high,none,unresolved-from-node,quarantined-no-graph-materialization
lakeshore-holdings,LKH-12-FCC33144CA,30,owns_technology_for,,workforce_role,Treasurer,,application_system,Kyriba Treasury,lakeshore-holdings:application_system:kyriba-treasury,LH-SYS-KYRIBA,high,none,unknown-relationship-type:owns_technology_for; unresolved-from-node,quarantined-no-graph-materialization
lakeshore-holdings,LKH-12-93CA541F5C,31,supports,SUPPORTS,vendor_contract,LH-VDR-KYRIBA,,application_system,Kyriba Treasury,lakeshore-holdings:application_system:kyriba-treasury,LH-SYS-KYRIBA,high,none,unresolved-from-node,quarantined-no-graph-materialization
lakeshore-holdings,LKH-12-10017E9A9B,32,uses_data_domain,,application_system,Kyriba Treasury,lakeshore-holdings:application_system:kyriba-treasury,data_asset,cash position,,LH-SYS-KYRIBA,high,none,unknown-relationship-type:uses_data_domain; unresolved-to-node,quarantined-no-graph-materialization
lakeshore-holdings,LKH-12-3F4C2F3739,33,uses_data_domain,,application_system,Kyriba Treasury,lakeshore-holdings:application_system:kyriba-treasury,data_asset,bank transactions,,LH-SYS-KYRIBA,high,none,unknown-relationship-type:uses_data_domain; unresolved-to-node,quarantined-no-graph-materialization
lakeshore-holdings,LKH-12-665BA7DE5C,34,uses_data_domain,,application_system,Kyriba Treasury,lakeshore-holdings:application_system:kyriba-treasury,data_asset,payments,,LH-SYS-KYRIBA,high,none,unknown-relationship-type:uses_data_domain; unresolved-to-node,quarantined-no-graph-materialization
lakeshore-holdings,LKH-12-E896167D46,35,uses,USES,business_function,Legal contract lifecycle management,,application_system,Ironclad CLM,lakeshore-holdings:application_system:ironclad-clm,LH-SYS-IRONCLAD,high,none,unresolved-from-node,quarantined-no-graph-materialization
lakeshore-holdings,LKH-12-D5B24EA26C,36,owns_technology_for,,workforce_role,General Counsel,,application_system,Ironclad CLM,lakeshore-holdings:application_system:ironclad-clm,LH-SYS-IRONCLAD,high,none,unknown-relationship-type:owns_technology_for; unresolved-from-node,quarantined-no-graph-materialization
lakeshore-holdings,LKH-12-ADE3F5DEFA,37,supports,SUPPORTS,vendor_contract,LH-VDR-IRONCLAD,,application_system,Ironclad CLM,lakeshore-holdings:application_system:ironclad-clm,LH-SYS-IRONCLAD,high,none,unresolved-from-node,quarantined-no-graph-materialization
lakeshore-holdings,LKH-12-D6DAD65A69,38,uses_data_domain,,application_system,Ironclad CLM,lakeshore-holdings:application_system:ironclad-clm,data_asset,contracts,,LH-SYS-IRONCLAD,high,none,unknown-relationship-type:uses_data_domain; unresolved-to-node,quarantined-no-graph-materialization
lakeshore-holdings,LKH-12-5A6AD1661E,39,uses_data_domain,,application_system,Ironclad CLM,lakeshore-holdings:application_system:ironclad-clm,data_asset,obligations,,LH-SYS-IRONCLAD,high,none,unknown-relationship-type:uses_data_domain; unresolved-to-node,quarantined-no-graph-materialization
lakeshore-holdings,LKH-12-7730EB21B7,40,uses_data_domain,,application_system,Ironclad CLM,lakeshore-holdings:application_system:ironclad-clm,data_asset,renewals,,LH-SYS-IRONCLAD,high,none,unknown-relationship-type:uses_data_domain; unresolved-to-node,quarantined-no-graph-materialization
lakeshore-holdings,LKH-12-C95740E52C,41,uses,USES,business_function,Investment pipeline and portfolio reviews,,application_system,DealCloud Portfolio CRM,lakeshore-holdings:application_system:dealcloud-portfolio-crm,LH-SYS-DEALCLOUD,high,none,unresolved-from-node,quarantined-no-graph-materialization
lakeshore-holdings,LKH-12-3C4BFD5084,42,owns_technology_for,,workforce_role,Chief Investment Officer,,application_system,DealCloud Portfolio CRM,lakeshore-holdings:application_system:dealcloud-portfolio-crm,LH-SYS-DEALCLOUD,high,none,unknown-relationship-type:owns_technology_for; unresolved-from-node,quarantined-no-graph-materialization
lakeshore-holdings,LKH-12-0F94142E21,43,supports,SUPPORTS,vendor_contract,LH-VDR-DEALCLOUD,,application_system,DealCloud Portfolio CRM,lakeshore-holdings:application_system:dealcloud-portfolio-crm,LH-SYS-DEALCLOUD,high,none,unresolved-from-node,quarantined-no-graph-materialization
lakeshore-holdings,LKH-12-BBA62FCBD3,44,uses_data_domain,,application_system,DealCloud Portfolio CRM,lakeshore-holdings:application_system:dealcloud-portfolio-crm,data_asset,portfolio KPIs,,LH-SYS-DEALCLOUD,high,none,unknown-relationship-type:uses_data_domain; unresolved-to-node,quarantined-no-graph-materialization
lakeshore-holdings,LKH-12-688ED6687A,45,uses_data_domain,,application_system,DealCloud Portfolio CRM,lakeshore-holdings:application_system:dealcloud-portfolio-crm,data_asset,deal stages,,LH-SYS-DEALCLOUD,high,none,unknown-relationship-type:uses_data_domain; unresolved-to-node,quarantined-no-graph-materialization
lakeshore-holdings,LKH-12-B747024C14,46,uses_data_domain,,application_system,DealCloud Portfolio CRM,lakeshore-holdings:application_system:dealcloud-portfolio-crm,data_asset,board actions,,LH-SYS-DEALCLOUD,high,none,unknown-relationship-type:uses_data_domain; unresolved-to-node,quarantined-no-graph-materialization
lakeshore-holdings,LKH-12-9C9787C422,47,uses,USES,business_function,Enterprise service management,,application_system,ServiceNow ITSM,lakeshore-holdings:application_system:servicenow-itsm,LH-SYS-SNOW,high,none,unresolved-from-node,quarantined-no-graph-materialization
lakeshore-holdings,LKH-12-0FF708DAE5,48,owns_technology_for,,workforce_role,VP Corporate Platforms,,application_system,ServiceNow ITSM,lakeshore-holdings:application_system:servicenow-itsm,LH-SYS-SNOW,high,none,unknown-relationship-type:owns_technology_for; unresolved-from-node,quarantined-no-graph-materialization
lakeshore-holdings,LKH-12-2D4F31504A,49,supports,SUPPORTS,vendor_contract,LH-VDR-SERVICENOW,,application_system,ServiceNow ITSM,lakeshore-holdings:application_system:servicenow-itsm,LH-SYS-SNOW,high,none,unresolved-from-node,quarantined-no-graph-materialization
lakeshore-holdings,LKH-12-8C184E5A71,50,uses_data_domain,,application_system,ServiceNow ITSM,lakeshore-holdings:application_system:servicenow-itsm,data_asset,incidents,,LH-SYS-SNOW,high,none,unknown-relationship-type:uses_data_domain; unresolved-to-node,quarantined-no-graph-materialization
lakeshore-holdings,LKH-12-518AE8CE5C,51,uses_data_domain,,application_system,ServiceNow ITSM,lakeshore-holdings:application_system:servicenow-itsm,data_asset,requests,,LH-SYS-SNOW,high,none,unknown-relationship-type:uses_data_domain; unresolved-to-node,quarantined-no-graph-materialization
lakeshore-holdings,LKH-12-0C02A47DA5,52,uses_data_domain,,application_system,ServiceNow ITSM,lakeshore-holdings:application_system:servicenow-itsm,data_asset,change records,,LH-SYS-SNOW,high,none,unknown-relationship-type:uses_data_domain; unresolved-to-node,quarantined-no-graph-materialization
lakeshore-holdings,LKH-12-BB305669D7,53,uses_data_domain,,application_system,ServiceNow ITSM,lakeshore-holdings:application_system:servicenow-itsm,data_asset,CMDB,,LH-SYS-SNOW,high,none,unknown-relationship-type:uses_data_domain; unresolved-to-node,quarantined-no-graph-materialization
lakeshore-holdings,LKH-12-05FCDC3520,54,uses,USES,business_function,Shared analytics and portfolio data products,,application_system,Azure Data Lakehouse,lakeshore-holdings:application_system:azure-data-lakehouse,LH-SYS-AZURE-LAKE,high,none,unresolved-from-node,quarantined-no-graph-materialization
lakeshore-holdings,LKH-12-A7F168C1DD,55,owns_technology_for,,workforce_role,VP Corporate Innovation IT and Data AI,,application_system,Azure Data Lakehouse,lakeshore-holdings:application_system:azure-data-lakehouse,LH-SYS-AZURE-LAKE,high,none,unknown-relationship-type:owns_technology_for; unresolved-from-node,quarantined-no-graph-materialization
lakeshore-holdings,LKH-12-2433A26017,56,supports,SUPPORTS,vendor_contract,LH-VDR-MICROSOFT,,application_system,Azure Data Lakehouse,lakeshore-holdings:application_system:azure-data-lakehouse,LH-SYS-AZURE-LAKE,high,none,unresolved-from-node,quarantined-no-graph-materialization
lakeshore-holdings,LKH-12-81D0561477,57,uses_data_domain,,application_system,Azure Data Lakehouse,lakeshore-holdings:application_system:azure-data-lakehouse,data_asset,financial actuals,,LH-SYS-AZURE-LAKE,high,none,unknown-relationship-type:uses_data_domain; unresolved-to-node,quarantined-no-graph-materialization
lakeshore-holdings,LKH-12-59F7C32D71,58,uses_data_domain,,application_system,Azure Data Lakehouse,lakeshore-holdings:application_system:azure-data-lakehouse,data_asset,program spend,,LH-SYS-AZURE-LAKE,high,none,unknown-relationship-type:uses_data_domain; unresolved-to-node,quarantined-no-graph-materialization
lakeshore-holdings,LKH-12-3327A81630,59,uses_data_domain,,application_system,Azure Data Lakehouse,lakeshore-holdings:application_system:azure-data-lakehouse,data_asset,operational KPIs,,LH-SYS-AZURE-LAKE,high,none,unknown-relationship-type:uses_data_domain; unresolved-to-node,quarantined-no-graph-materialization
lakeshore-holdings,LKH-12-E96E2DEB31,60,uses,USES,business_function,AI and analytics experimentation,,application_system,Databricks Innovation Workspace,lakeshore-holdings:application_system:databricks-innovation-workspace,LH-SYS-DATABRICKS,high,none,unresolved-from-node,quarantined-no-graph-materialization
lakeshore-holdings,LKH-12-69979070F9,61,owns_technology_for,,workforce_role,VP Corporate Innovation IT and Data AI,,application_system,Databricks Innovation Workspace,lakeshore-holdings:application_system:databricks-innovation-workspace,LH-SYS-DATABRICKS,high,none,unknown-relationship-type:owns_technology_for; unresolved-from-node,quarantined-no-graph-materialization
lakeshore-holdings,LKH-12-8BD5C42A3B,62,supports,SUPPORTS,vendor_contract,LH-VDR-DATABRICKS,,application_system,Databricks Innovation Workspace,lakeshore-holdings:application_system:databricks-innovation-workspace,LH-SYS-DATABRICKS,high,none,unresolved-from-node,quarantined-no-graph-materialization
lakeshore-holdings,LKH-12-9CC8E3F162,63,uses_data_domain,,application_system,Databricks Innovation Workspace,lakeshore-holdings:application_system:databricks-innovation-workspace,data_asset,feature sets,,LH-SYS-DATABRICKS,high,none,unknown-relationship-type:uses_data_domain; unresolved-to-node,quarantined-no-graph-materialization
lakeshore-holdings,LKH-12-DE555B6852,64,uses_data_domain,,application_system,Databricks Innovation Workspace,lakeshore-holdings:application_system:databricks-innovation-workspace,data_asset,model outputs,,LH-SYS-DATABRICKS,high,none,unknown-relationship-type:uses_data_domain; unresolved-to-node,quarantined-no-graph-materialization
lakeshore-holdings,LKH-12-6A2B8D9139,65,uses_data_domain,,application_system,Databricks Innovation Workspace,lakeshore-holdings:application_system:databricks-innovation-workspace,data_asset,experiment logs,,LH-SYS-DATABRICKS,high,none,unknown-relationship-type:uses_data_domain; unresolved-to-node,quarantined-no-graph-materialization
lakeshore-holdings,LKH-12-3AEE7EC264,66,uses,USES,business_function,Identity and access management,,application_system,Microsoft Entra ID,lakeshore-holdings:application_system:microsoft-entra-id,LH-SYS-ENTRA,high,none,unresolved-from-node,quarantined-no-graph-materialization
lakeshore-holdings,LKH-12-F363F9FB6D,67,owns_technology_for,,workforce_role,CISO,,application_system,Microsoft Entra ID,lakeshore-holdings:application_system:microsoft-entra-id,LH-SYS-ENTRA,high,none,unknown-relationship-type:owns_technology_for; unresolved-from-node,quarantined-no-graph-materialization
lakeshore-holdings,LKH-12-E65D09A4B2,68,supports,SUPPORTS,vendor_contract,LH-VDR-MICROSOFT,,application_system,Microsoft Entra ID,lakeshore-holdings:application_system:microsoft-entra-id,LH-SYS-ENTRA,high,none,unresolved-from-node,quarantined-no-graph-materialization
lakeshore-holdings,LKH-12-36B0F9E15F,69,uses_data_domain,,application_system,Microsoft Entra ID,lakeshore-holdings:application_system:microsoft-entra-id,data_asset,identity,,LH-SYS-ENTRA,high,none,unknown-relationship-type:uses_data_domain; unresolved-to-node,quarantined-no-graph-materialization
lakeshore-holdings,LKH-12-75E8D261A5,70,uses_data_domain,,application_system,Microsoft Entra ID,lakeshore-holdings:application_system:microsoft-entra-id,data_asset,access policies,,LH-SYS-ENTRA,high,none,unknown-relationship-type:uses_data_domain; unresolved-to-node,quarantined-no-graph-materialization
lakeshore-holdings,LKH-12-6F6A4AEADF,71,uses_data_domain,,application_system,Microsoft Entra ID,lakeshore-holdings:application_system:microsoft-entra-id,data_asset,privileged accounts,,LH-SYS-ENTRA,high,none,unknown-relationship-type:uses_data_domain; unresolved-to-node,quarantined-no-graph-materialization
lakeshore-holdings,LKH-12-595446ACAB,72,uses,USES,business_function,Collaboration and productivity,,application_system,Microsoft 365 and Copilot,lakeshore-holdings:application_system:microsoft-365-and-copilot,LH-SYS-M365,high,none,unresolved-from-node,quarantined-no-graph-materialization
lakeshore-holdings,LKH-12-58EDF76497,73,owns_technology_for,,workforce_role,VP Corporate Platforms,,application_system,Microsoft 365 and Copilot,lakeshore-holdings:application_system:microsoft-365-and-copilot,LH-SYS-M365,high,none,unknown-relationship-type:owns_technology_for; unresolved-from-node,quarantined-no-graph-materialization
lakeshore-holdings,LKH-12-BD66EC0A8C,74,supports,SUPPORTS,vendor_contract,LH-VDR-MICROSOFT,,application_system,Microsoft 365 and Copilot,lakeshore-holdings:application_system:microsoft-365-and-copilot,LH-SYS-M365,high,none,unresolved-from-node,quarantined-no-graph-materialization
lakeshore-holdings,LKH-12-F92D9B159C,75,uses_data_domain,,application_system,Microsoft 365 and Copilot,lakeshore-holdings:application_system:microsoft-365-and-copilot,data_asset,mail,,LH-SYS-M365,high,none,unknown-relationship-type:uses_data_domain; unresolved-to-node,quarantined-no-graph-materialization
lakeshore-holdings,LKH-12-81711F6359,76,uses_data_domain,,application_system,Microsoft 365 and Copilot,lakeshore-holdings:application_system:microsoft-365-and-copilot,data_asset,documents,,LH-SYS-M365,high,none,unknown-relationship-type:uses_data_domain; unresolved-to-node,quarantined-no-graph-materialization
lakeshore-holdings,LKH-12-0B54033271,77,uses_data_domain,,application_system,Microsoft 365 and Copilot,lakeshore-holdings:application_system:microsoft-365-and-copilot,data_asset,collaboration telemetry,,LH-SYS-M365,high,none,unknown-relationship-type:uses_data_domain; unresolved-to-node,quarantined-no-graph-materialization
lakeshore-holdings,LKH-12-5526838AF0,78,uses,USES,business_function,Enterprise integration and API management,,application_system,MuleSoft Integration Hub,lakeshore-holdings:application_system:mulesoft-integration-hub,LH-SYS-MULESOFT,high,none,unresolved-from-node,quarantined-no-graph-materialization
lakeshore-holdings,LKH-12-D3E52A43A7,79,owns_technology_for,,workforce_role,VP Corporate Platforms,,application_system,MuleSoft Integration Hub,lakeshore-holdings:application_system:mulesoft-integration-hub,LH-SYS-MULESOFT,high,none,unknown-relationship-type:owns_technology_for; unresolved-from-node,quarantined-no-graph-materialization
lakeshore-holdings,LKH-12-CDC64C4024,80,supports,SUPPORTS,vendor_contract,LH-VDR-SALESFORCE,,application_system,MuleSoft Integration Hub,lakeshore-holdings:application_system:mulesoft-integration-hub,LH-SYS-MULESOFT,high,none,unresolved-from-node,quarantined-no-graph-materialization
lakeshore-holdings,LKH-12-1E9041F55A,81,uses_data_domain,,application_system,MuleSoft Integration Hub,lakeshore-holdings:application_system:mulesoft-integration-hub,data_asset,API transactions,,LH-SYS-MULESOFT,high,none,unknown-relationship-type:uses_data_domain; unresolved-to-node,quarantined-no-graph-materialization
lakeshore-holdings,LKH-12-1331509261,82,uses_data_domain,,application_system,MuleSoft Integration Hub,lakeshore-holdings:application_system:mulesoft-integration-hub,data_asset,integration health,,LH-SYS-MULESOFT,high,none,unknown-relationship-type:uses_data_domain; unresolved-to-node,quarantined-no-graph-materialization
lakeshore-holdings,LKH-12-CF89547FD0,83,uses,USES,business_function,AI intake and model risk workflow,,application_system,AI Governance Registry,lakeshore-holdings:application_system:ai-governance-registry,LH-SYS-AI-GOV,high,none,unresolved-from-node,quarantined-no-graph-materialization
lakeshore-holdings,LKH-12-2D49D79966,84,owns_technology_for,,workforce_role,VP Corporate Innovation IT and Data AI,,application_system,AI Governance Registry,lakeshore-holdings:application_system:ai-governance-registry,LH-SYS-AI-GOV,high,none,unknown-relationship-type:owns_technology_for; unresolved-from-node,quarantined-no-graph-materialization
lakeshore-holdings,LKH-12-CB38862EFA,85,supports,SUPPORTS,vendor_contract,LH-VDR-SERVICENOW,,application_system,AI Governance Registry,lakeshore-holdings:application_system:ai-governance-registry,LH-SYS-AI-GOV,high,none,unresolved-from-node,quarantined-no-graph-materialization
lakeshore-holdings,LKH-12-F7B149D71F,86,uses_data_domain,,application_system,AI Governance Registry,lakeshore-holdings:application_system:ai-governance-registry,data_asset,use cases,,LH-SYS-AI-GOV,high,none,unknown-relationship-type:uses_data_domain; unresolved-to-node,quarantined-no-graph-materialization
lakeshore-holdings,LKH-12-83725E9B8B,87,uses_data_domain,,application_system,AI Governance Registry,lakeshore-holdings:application_system:ai-governance-registry,data_asset,risk reviews,,LH-SYS-AI-GOV,high,none,unknown-relationship-type:uses_data_domain; unresolved-to-node,quarantined-no-graph-materialization
lakeshore-holdings,LKH-12-74EE74730E,88,uses_data_domain,,application_system,AI Governance Registry,lakeshore-holdings:application_system:ai-governance-registry,data_asset,approval status,,LH-SYS-AI-GOV,high,none,unknown-relationship-type:uses_data_domain; unresolved-to-node,quarantined-no-graph-materialization
lakeshore-holdings,LKH-12-263C2418E4,89,uses,USES,business_function,Warehouse execution,,application_system,Northline Warehouse WMS,lakeshore-holdings:application_system:northline-warehouse-wms,LH-SYS-NORTH-WMS,high,none,unresolved-from-node,quarantined-no-graph-materialization
lakeshore-holdings,LKH-12-DC58AB5C56,90,owns_technology_for,,workforce_role,Northline CIO,,application_system,Northline Warehouse WMS,lakeshore-holdings:application_system:northline-warehouse-wms,LH-SYS-NORTH-WMS,high,none,unknown-relationship-type:owns_technology_for; unresolved-from-node,quarantined-no-graph-materialization
lakeshore-holdings,LKH-12-C484243D40,91,supports,SUPPORTS,vendor_contract,LH-VDR-MANHATTAN,,application_system,Northline Warehouse WMS,lakeshore-holdings:application_system:northline-warehouse-wms,LH-SYS-NORTH-WMS,high,none,unresolved-from-node,quarantined-no-graph-materialization
lakeshore-holdings,LKH-12-999DF6A878,92,uses_data_domain,,application_system,Northline Warehouse WMS,lakeshore-holdings:application_system:northline-warehouse-wms,data_asset,orders,,LH-SYS-NORTH-WMS,high,none,unknown-relationship-type:uses_data_domain; unresolved-to-node,quarantined-no-graph-materialization
lakeshore-holdings,LKH-12-D324CFB13B,93,uses_data_domain,,application_system,Northline Warehouse WMS,lakeshore-holdings:application_system:northline-warehouse-wms,data_asset,inventory,,LH-SYS-NORTH-WMS,high,none,unknown-relationship-type:uses_data_domain; unresolved-to-node,quarantined-no-graph-materialization
lakeshore-holdings,LKH-12-58BFFA627A,94,uses_data_domain,,application_system,Northline Warehouse WMS,lakeshore-holdings:application_system:northline-warehouse-wms,data_asset,pick labor,,LH-SYS-NORTH-WMS,high,none,unknown-relationship-type:uses_data_domain; unresolved-to-node,quarantined-no-graph-materialization
lakeshore-holdings,LKH-12-12B0D98BBC,95,uses,USES,business_function,Transportation planning and dispatch,,application_system,Northline TMS,lakeshore-holdings:application_system:northline-tms,LH-SYS-NORTH-TMS,high,none,unresolved-from-node,quarantined-no-graph-materialization
lakeshore-holdings,LKH-12-26484F2B1D,96,owns_technology_for,,workforce_role,Northline CIO,,application_system,Northline TMS,lakeshore-holdings:application_system:northline-tms,LH-SYS-NORTH-TMS,high,none,unknown-relationship-type:owns_technology_for; unresolved-from-node,quarantined-no-graph-materialization
lakeshore-holdings,LKH-12-EEC0F7117B,97,supports,SUPPORTS,vendor_contract,LH-VDR-BLUEYONDER,,application_system,Northline TMS,lakeshore-holdings:application_system:northline-tms,LH-SYS-NORTH-TMS,high,none,unresolved-from-node,quarantined-no-graph-materialization
lakeshore-holdings,LKH-12-229C8F23AC,98,uses_data_domain,,application_system,Northline TMS,lakeshore-holdings:application_system:northline-tms,data_asset,loads,,LH-SYS-NORTH-TMS,high,none,unknown-relationship-type:uses_data_domain; unresolved-to-node,quarantined-no-graph-materialization
lakeshore-holdings,LKH-12-7FEFA16118,99,uses_data_domain,,application_system,Northline TMS,lakeshore-holdings:application_system:northline-tms,data_asset,routes,,LH-SYS-NORTH-TMS,high,none,unknown-relationship-type:uses_data_domain; unresolved-to-node,quarantined-no-graph-materialization
lakeshore-holdings,LKH-12-63DC299D7E,100,uses_data_domain,,application_system,Northline TMS,lakeshore-holdings:application_system:northline-tms,data_asset,carrier performance,,LH-SYS-NORTH-TMS,high,none,unknown-relationship-type:uses_data_domain; unresolved-to-node,quarantined-no-graph-materialization
lakeshore-holdings,LKH-12-6CED7137FA,101,uses,USES,business_function,Fleet telemetry and safety,,application_system,Northline Fleet Telematics,lakeshore-holdings:application_system:northline-fleet-telematics,LH-SYS-NORTH-TELE,high,none,unresolved-from-node,quarantined-no-graph-materialization
lakeshore-holdings,LKH-12-685DA9B28F,102,owns_technology_for,,workforce_role,Northline CIO,,application_system,Northline Fleet Telematics,lakeshore-holdings:application_system:northline-fleet-telematics,LH-SYS-NORTH-TELE,high,none,unknown-relationship-type:owns_technology_for; unresolved-from-node,quarantined-no-graph-materialization
lakeshore-holdings,LKH-12-A2781B6EEC,103,supports,SUPPORTS,vendor_contract,LH-VDR-GEOTAB,,application_system,Northline Fleet Telematics,lakeshore-holdings:application_system:northline-fleet-telematics,LH-SYS-NORTH-TELE,high,none,unresolved-from-node,quarantined-no-graph-materialization
lakeshore-holdings,LKH-12-8E6B8A1725,104,uses_data_domain,,application_system,Northline Fleet Telematics,lakeshore-holdings:application_system:northline-fleet-telematics,data_asset,vehicle telemetry,,LH-SYS-NORTH-TELE,high,none,unknown-relationship-type:uses_data_domain; unresolved-to-node,quarantined-no-graph-materialization
lakeshore-holdings,LKH-12-D40C6988B0,105,uses_data_domain,,application_system,Northline Fleet Telematics,lakeshore-holdings:application_system:northline-fleet-telematics,data_asset,driver events,,LH-SYS-NORTH-TELE,high,none,unknown-relationship-type:uses_data_domain; unresolved-to-node,quarantined-no-graph-materialization
lakeshore-holdings,LKH-12-7ACB930FA6,106,uses,USES,business_function,Client pipeline and account operations,,application_system,Brightmark Salesforce CRM,lakeshore-holdings:application_system:brightmark-salesforce-crm,LH-SYS-CREST-CRM,high,none,unresolved-from-node,quarantined-no-graph-materialization
lakeshore-holdings,LKH-12-3D4828DAAB,107,owns_technology_for,,workforce_role,Brightmark CIO,,application_system,Brightmark Salesforce CRM,lakeshore-holdings:application_system:brightmark-salesforce-crm,LH-SYS-CREST-CRM,high,none,unknown-relationship-type:owns_technology_for; unresolved-from-node,quarantined-no-graph-materialization
lakeshore-holdings,LKH-12-61331DC3A8,108,supports,SUPPORTS,vendor_contract,LH-VDR-SALESFORCE,,application_system,Brightmark Salesforce CRM,lakeshore-holdings:application_system:brightmark-salesforce-crm,LH-SYS-CREST-CRM,high,none,unresolved-from-node,quarantined-no-graph-materialization
lakeshore-holdings,LKH-12-0C6628E34E,109,uses_data_domain,,application_system,Brightmark Salesforce CRM,lakeshore-holdings:application_system:brightmark-salesforce-crm,data_asset,accounts,,LH-SYS-CREST-CRM,high,none,unknown-relationship-type:uses_data_domain; unresolved-to-node,quarantined-no-graph-materialization
lakeshore-holdings,LKH-12-A45B75ECC5,110,uses_data_domain,,application_system,Brightmark Salesforce CRM,lakeshore-holdings:application_system:brightmark-salesforce-crm,data_asset,opportunities,,LH-SYS-CREST-CRM,high,none,unknown-relationship-type:uses_data_domain; unresolved-to-node,quarantined-no-graph-materialization
lakeshore-holdings,LKH-12-1C707AD946,111,uses_data_domain,,application_system,Brightmark Salesforce CRM,lakeshore-holdings:application_system:brightmark-salesforce-crm,data_asset,client health,,LH-SYS-CREST-CRM,high,none,unknown-relationship-type:uses_data_domain; unresolved-to-node,quarantined-no-graph-materialization
lakeshore-holdings,LKH-12-637DD989B1,112,uses,USES,business_function,Project margin and resource planning,,application_system,Brightmark Professional Services Automation,lakeshore-holdings:application_system:brightmark-professional-services-automation,LH-SYS-CREST-PSA,high,none,unresolved-from-node,quarantined-no-graph-materialization
lakeshore-holdings,LKH-12-16FDDAF378,113,owns_technology_for,,workforce_role,Brightmark CIO,,application_system,Brightmark Professional Services Automation,lakeshore-holdings:application_system:brightmark-professional-services-automation,LH-SYS-CREST-PSA,high,none,unknown-relationship-type:owns_technology_for; unresolved-from-node,quarantined-no-graph-materialization
lakeshore-holdings,LKH-12-910B60B6DA,114,supports,SUPPORTS,vendor_contract,LH-VDR-KANTATA,,application_system,Brightmark Professional Services Automation,lakeshore-holdings:application_system:brightmark-professional-services-automation,LH-SYS-CREST-PSA,high,none,unresolved-from-node,quarantined-no-graph-materialization
lakeshore-holdings,LKH-12-39E55E07BE,115,uses_data_domain,,application_system,Brightmark Professional Services Automation,lakeshore-holdings:application_system:brightmark-professional-services-automation,data_asset,projects,,LH-SYS-CREST-PSA,high,none,unknown-relationship-type:uses_data_domain; unresolved-to-node,quarantined-no-graph-materialization
lakeshore-holdings,LKH-12-6EDA423660,116,uses_data_domain,,application_system,Brightmark Professional Services Automation,lakeshore-holdings:application_system:brightmark-professional-services-automation,data_asset,time,,LH-SYS-CREST-PSA,high,none,unknown-relationship-type:uses_data_domain; unresolved-to-node,quarantined-no-graph-materialization
lakeshore-holdings,LKH-12-5F914D0064,117,uses_data_domain,,application_system,Brightmark Professional Services Automation,lakeshore-holdings:application_system:brightmark-professional-services-automation,data_asset,margin,,LH-SYS-CREST-PSA,high,none,unknown-relationship-type:uses_data_domain; unresolved-to-node,quarantined-no-graph-materialization
lakeshore-holdings,LKH-12-252F086DE6,118,uses_data_domain,,application_system,Brightmark Professional Services Automation,lakeshore-holdings:application_system:brightmark-professional-services-automation,data_asset,resource plan,,LH-SYS-CREST-PSA,high,none,unknown-relationship-type:uses_data_domain; unresolved-to-node,quarantined-no-graph-materialization
lakeshore-holdings,LKH-12-E38C3F5563,119,uses,USES,business_function,Campaign orchestration,,application_system,Brightmark Marketing Automation,lakeshore-holdings:application_system:brightmark-marketing-automation,LH-SYS-CREST-MKT,high,none,unresolved-from-node,quarantined-no-graph-materialization
lakeshore-holdings,LKH-12-E14A25D211,120,owns_technology_for,,workforce_role,Brightmark CIO,,application_system,Brightmark Marketing Automation,lakeshore-holdings:application_system:brightmark-marketing-automation,LH-SYS-CREST-MKT,high,none,unknown-relationship-type:owns_technology_for; unresolved-from-node,quarantined-no-graph-materialization
lakeshore-holdings,LKH-12-F7E90730BE,121,supports,SUPPORTS,vendor_contract,LH-VDR-ADOBE,,application_system,Brightmark Marketing Automation,lakeshore-holdings:application_system:brightmark-marketing-automation,LH-SYS-CREST-MKT,high,none,unresolved-from-node,quarantined-no-graph-materialization
lakeshore-holdings,LKH-12-445A6AABE7,122,uses_data_domain,,application_system,Brightmark Marketing Automation,lakeshore-holdings:application_system:brightmark-marketing-automation,data_asset,campaigns,,LH-SYS-CREST-MKT,high,none,unknown-relationship-type:uses_data_domain; unresolved-to-node,quarantined-no-graph-materialization
lakeshore-holdings,LKH-12-38BEB8FD55,123,uses_data_domain,,application_system,Brightmark Marketing Automation,lakeshore-holdings:application_system:brightmark-marketing-automation,data_asset,leads,,LH-SYS-CREST-MKT,high,none,unknown-relationship-type:uses_data_domain; unresolved-to-node,quarantined-no-graph-materialization
lakeshore-holdings,LKH-12-B424DA71E3,124,uses_data_domain,,application_system,Brightmark Marketing Automation,lakeshore-holdings:application_system:brightmark-marketing-automation,data_asset,content performance,,LH-SYS-CREST-MKT,high,none,unknown-relationship-type:uses_data_domain; unresolved-to-node,quarantined-no-graph-materialization
lakeshore-holdings,LKH-12-D92DA5239B,125,uses,USES,business_function,Consumer products ERP and planning,,application_system,Forge & Field SAP S/4,lakeshore-holdings:application_system:forge-field-sap-s-4,LH-SYS-RIV-ERP,high,none,unresolved-from-node,quarantined-no-graph-materialization
lakeshore-holdings,LKH-12-2D8C43DDB6,126,owns_technology_for,,workforce_role,Forge & Field CIO,,application_system,Forge & Field SAP S/4,lakeshore-holdings:application_system:forge-field-sap-s-4,LH-SYS-RIV-ERP,high,none,unknown-relationship-type:owns_technology_for; unresolved-from-node,quarantined-no-graph-materialization
lakeshore-holdings,LKH-12-0A119FCAEE,127,supports,SUPPORTS,vendor_contract,LH-VDR-SAP,,application_system,Forge & Field SAP S/4,lakeshore-holdings:application_system:forge-field-sap-s-4,LH-SYS-RIV-ERP,high,none,unresolved-from-node,quarantined-no-graph-materialization
lakeshore-holdings,LKH-12-C93E9CB429,128,uses_data_domain,,application_system,Forge & Field SAP S/4,lakeshore-holdings:application_system:forge-field-sap-s-4,data_asset,orders,,LH-SYS-RIV-ERP,high,none,unknown-relationship-type:uses_data_domain; unresolved-to-node,quarantined-no-graph-materialization
lakeshore-holdings,LKH-12-5E37194530,129,uses_data_domain,,application_system,Forge & Field SAP S/4,lakeshore-holdings:application_system:forge-field-sap-s-4,data_asset,inventory,,LH-SYS-RIV-ERP,high,none,unknown-relationship-type:uses_data_domain; unresolved-to-node,quarantined-no-graph-materialization
lakeshore-holdings,LKH-12-7647F893E0,130,uses_data_domain,,application_system,Forge & Field SAP S/4,lakeshore-holdings:application_system:forge-field-sap-s-4,data_asset,costs,,LH-SYS-RIV-ERP,high,none,unknown-relationship-type:uses_data_domain; unresolved-to-node,quarantined-no-graph-materialization
lakeshore-holdings,LKH-12-EAFA508D13,131,uses_data_domain,,application_system,Forge & Field SAP S/4,lakeshore-holdings:application_system:forge-field-sap-s-4,data_asset,production plan,,LH-SYS-RIV-ERP,high,none,unknown-relationship-type:uses_data_domain; unresolved-to-node,quarantined-no-graph-materialization
lakeshore-holdings,LKH-12-93242D01D6,132,uses,USES,business_function,Direct-to-consumer storefront and order capture,,application_system,Forge & Field DTC Commerce,lakeshore-holdings:application_system:forge-field-dtc-commerce,LH-SYS-RIV-DTC,high,none,unresolved-from-node,quarantined-no-graph-materialization
lakeshore-holdings,LKH-12-9B2EFF2A31,133,owns_technology_for,,workforce_role,Forge & Field CIO,,application_system,Forge & Field DTC Commerce,lakeshore-holdings:application_system:forge-field-dtc-commerce,LH-SYS-RIV-DTC,high,none,unknown-relationship-type:owns_technology_for; unresolved-from-node,quarantined-no-graph-materialization
lakeshore-holdings,LKH-12-E09481AE2A,134,supports,SUPPORTS,vendor_contract,LH-VDR-SHOPIFY,,application_system,Forge & Field DTC Commerce,lakeshore-holdings:application_system:forge-field-dtc-commerce,LH-SYS-RIV-DTC,high,none,unresolved-from-node,quarantined-no-graph-materialization
lakeshore-holdings,LKH-12-BBBFD62A74,135,uses_data_domain,,application_system,Forge & Field DTC Commerce,lakeshore-holdings:application_system:forge-field-dtc-commerce,data_asset,orders,,LH-SYS-RIV-DTC,high,none,unknown-relationship-type:uses_data_domain; unresolved-to-node,quarantined-no-graph-materialization
lakeshore-holdings,LKH-12-232810BD6E,136,uses_data_domain,,application_system,Forge & Field DTC Commerce,lakeshore-holdings:application_system:forge-field-dtc-commerce,data_asset,customer behavior,,LH-SYS-RIV-DTC,high,none,unknown-relationship-type:uses_data_domain; unresolved-to-node,quarantined-no-graph-materialization
lakeshore-holdings,LKH-12-4F9C30424A,137,uses_data_domain,,application_system,Forge & Field DTC Commerce,lakeshore-holdings:application_system:forge-field-dtc-commerce,data_asset,conversion,,LH-SYS-RIV-DTC,high,none,unknown-relationship-type:uses_data_domain; unresolved-to-node,quarantined-no-graph-materialization
lakeshore-holdings,LKH-12-D42E989A31,138,uses,USES,business_function,Forecasting and supply planning,,application_system,Forge & Field Demand Planning,lakeshore-holdings:application_system:forge-field-demand-planning,LH-SYS-RIV-DEMAND,high,none,unresolved-from-node,quarantined-no-graph-materialization
lakeshore-holdings,LKH-12-9B097D7F86,139,owns_technology_for,,workforce_role,Forge & Field CIO,,application_system,Forge & Field Demand Planning,lakeshore-holdings:application_system:forge-field-demand-planning,LH-SYS-RIV-DEMAND,high,none,unknown-relationship-type:owns_technology_for; unresolved-from-node,quarantined-no-graph-materialization
lakeshore-holdings,LKH-12-872E8C2F7C,140,supports,SUPPORTS,vendor_contract,LH-VDR-BLUEYONDER,,application_system,Forge & Field Demand Planning,lakeshore-holdings:application_system:forge-field-demand-planning,LH-SYS-RIV-DEMAND,high,none,unresolved-from-node,quarantined-no-graph-materialization
lakeshore-holdings,LKH-12-DB0E06F08A,141,uses_data_domain,,application_system,Forge & Field Demand Planning,lakeshore-holdings:application_system:forge-field-demand-planning,data_asset,forecast,,LH-SYS-RIV-DEMAND,high,none,unknown-relationship-type:uses_data_domain; unresolved-to-node,quarantined-no-graph-materialization
lakeshore-holdings,LKH-12-32393D27F0,142,uses_data_domain,,application_system,Forge & Field Demand Planning,lakeshore-holdings:application_system:forge-field-demand-planning,data_asset,inventory,,LH-SYS-RIV-DEMAND,high,none,unknown-relationship-type:uses_data_domain; unresolved-to-node,quarantined-no-graph-materialization
lakeshore-holdings,LKH-12-EB6FF4FF02,143,uses_data_domain,,application_system,Forge & Field Demand Planning,lakeshore-holdings:application_system:forge-field-demand-planning,data_asset,replenishment,,LH-SYS-RIV-DEMAND,high,none,unknown-relationship-type:uses_data_domain; unresolved-to-node,quarantined-no-graph-materialization
lakeshore-holdings,LKH-12-3DE9A4DD0D,144,uses,USES,business_function,Technician dispatch and service execution,,application_system,Great Lakes Pantry Field Service,lakeshore-holdings:application_system:great-lakes-pantry-field-service,LH-SYS-ARB-FSM,high,none,unresolved-from-node,quarantined-no-graph-materialization
lakeshore-holdings,LKH-12-354B7C5D06,145,owns_technology_for,,workforce_role,Great Lakes Pantry IT Director,,application_system,Great Lakes Pantry Field Service,lakeshore-holdings:application_system:great-lakes-pantry-field-service,LH-SYS-ARB-FSM,high,none,unknown-relationship-type:owns_technology_for; unresolved-from-node,quarantined-no-graph-materialization
lakeshore-holdings,LKH-12-AAF3060F23,146,supports,SUPPORTS,vendor_contract,LH-VDR-SERVICEMAX,,application_system,Great Lakes Pantry Field Service,lakeshore-holdings:application_system:great-lakes-pantry-field-service,LH-SYS-ARB-FSM,high,none,unresolved-from-node,quarantined-no-graph-materialization
lakeshore-holdings,LKH-12-B4D99651E3,147,uses_data_domain,,application_system,Great Lakes Pantry Field Service,lakeshore-holdings:application_system:great-lakes-pantry-field-service,data_asset,work orders,,LH-SYS-ARB-FSM,high,none,unknown-relationship-type:uses_data_domain; unresolved-to-node,quarantined-no-graph-materialization
lakeshore-holdings,LKH-12-FE23413587,148,uses_data_domain,,application_system,Great Lakes Pantry Field Service,lakeshore-holdings:application_system:great-lakes-pantry-field-service,data_asset,technician status,,LH-SYS-ARB-FSM,high,none,unknown-relationship-type:uses_data_domain; unresolved-to-node,quarantined-no-graph-materialization
lakeshore-holdings,LKH-12-22559A0258,149,uses_data_domain,,application_system,Great Lakes Pantry Field Service,lakeshore-holdings:application_system:great-lakes-pantry-field-service,data_asset,parts usage,,LH-SYS-ARB-FSM,high,none,unknown-relationship-type:uses_data_domain; unresolved-to-node,quarantined-no-graph-materialization
lakeshore-holdings,LKH-12-CC5A380031,150,uses,USES,business_function,Technician and field workforce planning,,application_system,Great Lakes Pantry Workforce Scheduling,lakeshore-holdings:application_system:great-lakes-pantry-workforce-scheduling,LH-SYS-ARB-SCHED,high,none,unresolved-from-node,quarantined-no-graph-materialization
lakeshore-holdings,LKH-12-C31A0F6785,151,owns_technology_for,,workforce_role,Great Lakes Pantry IT Director,,application_system,Great Lakes Pantry Workforce Scheduling,lakeshore-holdings:application_system:great-lakes-pantry-workforce-scheduling,LH-SYS-ARB-SCHED,high,none,unknown-relationship-type:owns_technology_for; unresolved-from-node,quarantined-no-graph-materialization
lakeshore-holdings,LKH-12-7335EC15A4,152,supports,SUPPORTS,vendor_contract,LH-VDR-UKG,,application_system,Great Lakes Pantry Workforce Scheduling,lakeshore-holdings:application_system:great-lakes-pantry-workforce-scheduling,LH-SYS-ARB-SCHED,high,none,unresolved-from-node,quarantined-no-graph-materialization
lakeshore-holdings,LKH-12-DF298A4C83,153,uses_data_domain,,application_system,Great Lakes Pantry Workforce Scheduling,lakeshore-holdings:application_system:great-lakes-pantry-workforce-scheduling,data_asset,schedules,,LH-SYS-ARB-SCHED,high,none,unknown-relationship-type:uses_data_domain; unresolved-to-node,quarantined-no-graph-materialization
lakeshore-holdings,LKH-12-94139F7876,154,uses_data_domain,,application_system,Great Lakes Pantry Workforce Scheduling,lakeshore-holdings:application_system:great-lakes-pantry-workforce-scheduling,data_asset,availability,,LH-SYS-ARB-SCHED,high,none,unknown-relationship-type:uses_data_domain; unresolved-to-node,quarantined-no-graph-materialization
lakeshore-holdings,LKH-12-1CD671D239,155,uses_data_domain,,application_system,Great Lakes Pantry Workforce Scheduling,lakeshore-holdings:application_system:great-lakes-pantry-workforce-scheduling,data_asset,overtime,,LH-SYS-ARB-SCHED,high,none,unknown-relationship-type:uses_data_domain; unresolved-to-node,quarantined-no-graph-materialization
lakeshore-holdings,LKH-12-4DFB389FC4,156,uses,USES,business_function,Billing leakage and revenue operations,,application_system,Great Lakes Pantry Billing Platform,lakeshore-holdings:application_system:great-lakes-pantry-billing-platform,LH-SYS-ARB-BILL,high,none,unresolved-from-node,quarantined-no-graph-materialization
lakeshore-holdings,LKH-12-AD97E54AAA,157,owns_technology_for,,workforce_role,Great Lakes Pantry IT Director,,application_system,Great Lakes Pantry Billing Platform,lakeshore-holdings:application_system:great-lakes-pantry-billing-platform,LH-SYS-ARB-BILL,high,none,unknown-relationship-type:owns_technology_for; unresolved-from-node,quarantined-no-graph-materialization
lakeshore-holdings,LKH-12-A202CF705C,158,supports,SUPPORTS,vendor_contract,LH-VDR-ZUORA,,application_system,Great Lakes Pantry Billing Platform,lakeshore-holdings:application_system:great-lakes-pantry-billing-platform,LH-SYS-ARB-BILL,high,none,unresolved-from-node,quarantined-no-graph-materialization
lakeshore-holdings,LKH-12-A7CB8D1FA2,159,uses_data_domain,,application_system,Great Lakes Pantry Billing Platform,lakeshore-holdings:application_system:great-lakes-pantry-billing-platform,data_asset,invoices,,LH-SYS-ARB-BILL,high,none,unknown-relationship-type:uses_data_domain; unresolved-to-node,quarantined-no-graph-materialization
lakeshore-holdings,LKH-12-28DCAEBDBE,160,uses_data_domain,,application_system,Great Lakes Pantry Billing Platform,lakeshore-holdings:application_system:great-lakes-pantry-billing-platform,data_asset,usage,,LH-SYS-ARB-BILL,high,none,unknown-relationship-type:uses_data_domain; unresolved-to-node,quarantined-no-graph-materialization
lakeshore-holdings,LKH-12-0EB73577E6,161,uses_data_domain,,application_system,Great Lakes Pantry Billing Platform,lakeshore-holdings:application_system:great-lakes-pantry-billing-platform,data_asset,credits,,LH-SYS-ARB-BILL,high,none,unknown-relationship-type:uses_data_domain; unresolved-to-node,quarantined-no-graph-materialization
lakeshore-holdings,LKH-12-84F1CEC556,162,uses_data_domain,,application_system,Great Lakes Pantry Billing Platform,lakeshore-holdings:application_system:great-lakes-pantry-billing-platform,data_asset,collections,,LH-SYS-ARB-BILL,high,none,unknown-relationship-type:uses_data_domain; unresolved-to-node,quarantined-no-graph-materialization
lakeshore-holdings,LKH-12-904FA05483,163,feeds,FEEDS,application_system,standard_2026_07_v3,,data_asset,Enterprise workforce master,lakeshore-holdings:data_asset:enterprise-workforce-master,LH-DATA-EMPLOYEE,high,none,unresolved-from-node,quarantined-no-graph-materialization
lakeshore-holdings,LKH-12-FB811D877E,164,owns,,,Chief People Officer,,data_asset,Enterprise workforce master,lakeshore-holdings:data_asset:enterprise-workforce-master,LH-DATA-EMPLOYEE,high,none,unknown-from-object-type:owner; unknown-relationship-type:owns,quarantined-no-graph-materialization
lakeshore-holdings,LKH-12-15DF56165D,165,runs_on,HOSTED_ON,data_asset,Enterprise workforce master,lakeshore-holdings:data_asset:enterprise-workforce-master,,standard_2026_07_v3,,LH-DATA-EMPLOYEE,high,none,unknown-to-object-type:platform,quarantined-no-graph-materialization
lakeshore-holdings,LKH-12-5D50F288E0,166,feeds,FEEDS,application_system,standard_2026_07_v3,,data_asset,Corporate GL and cost-center actuals,lakeshore-holdings:data_asset:corporate-gl-and-cost-center-actuals,LH-DATA-GL,high,none,unresolved-from-node,quarantined-no-graph-materialization
lakeshore-holdings,LKH-12-0FFEAAD041,167,owns,,,CFO,,data_asset,Corporate GL and cost-center actuals,lakeshore-holdings:data_asset:corporate-gl-and-cost-center-actuals,LH-DATA-GL,high,none,unknown-from-object-type:owner; unknown-relationship-type:owns,quarantined-no-graph-materialization
lakeshore-holdings,LKH-12-C9DE8496B3,168,runs_on,HOSTED_ON,data_asset,Corporate GL and cost-center actuals,lakeshore-holdings:data_asset:corporate-gl-and-cost-center-actuals,,standard_2026_07_v3,,LH-DATA-GL,high,none,unknown-to-object-type:platform,quarantined-no-graph-materialization
lakeshore-holdings,LKH-12-CDA2E7FDE3,169,feeds,FEEDS,application_system,standard_2026_07_v3,,data_asset,Treasury cash position,lakeshore-holdings:data_asset:treasury-cash-position,LH-DATA-CASH,high,none,unresolved-from-node,quarantined-no-graph-materialization
lakeshore-holdings,LKH-12-26DC16CED3,170,owns,,,Treasurer,,data_asset,Treasury cash position,lakeshore-holdings:data_asset:treasury-cash-position,LH-DATA-CASH,high,none,unknown-from-object-type:owner; unknown-relationship-type:owns,quarantined-no-graph-materialization
lakeshore-holdings,LKH-12-58E2029EDC,171,runs_on,HOSTED_ON,data_asset,Treasury cash position,lakeshore-holdings:data_asset:treasury-cash-position,,standard_2026_07_v3,,LH-DATA-CASH,high,none,unknown-to-object-type:platform,quarantined-no-graph-materialization
lakeshore-holdings,LKH-12-C946CF3EB0,172,feeds,FEEDS,application_system,standard_2026_07_v3,,data_asset,Contract obligations and renewals,lakeshore-holdings:data_asset:contract-obligations-and-renewals,LH-DATA-CONTRACTS,high,none,unresolved-from-node,quarantined-no-graph-materialization
lakeshore-holdings,LKH-12-BFC84464F4,173,owns,,,General Counsel,,data_asset,Contract obligations and renewals,lakeshore-holdings:data_asset:contract-obligations-and-renewals,LH-DATA-CONTRACTS,high,none,unknown-from-object-type:owner; unknown-relationship-type:owns,quarantined-no-graph-materialization
lakeshore-holdings,LKH-12-170B6FB216,174,runs_on,HOSTED_ON,data_asset,Contract obligations and renewals,lakeshore-holdings:data_asset:contract-obligations-and-renewals,,standard_2026_07_v3,,LH-DATA-CONTRACTS,high,none,unknown-to-object-type:platform,quarantined-no-graph-materialization
lakeshore-holdings,LKH-12-DFD1951832,175,feeds,FEEDS,application_system,standard_2026_07_v3,,data_asset,Portfolio company KPI hub,lakeshore-holdings:data_asset:portfolio-company-kpi-hub,LH-DATA-PORTFOLIO-KPI,high,none,unresolved-from-node,quarantined-no-graph-materialization
lakeshore-holdings,LKH-12-6F09E72BF9,176,owns,,,Chief Investment Officer,,data_asset,Portfolio company KPI hub,lakeshore-holdings:data_asset:portfolio-company-kpi-hub,LH-DATA-PORTFOLIO-KPI,high,none,unknown-from-object-type:owner; unknown-relationship-type:owns,quarantined-no-graph-materialization
lakeshore-holdings,LKH-12-D6D34414F9,177,runs_on,HOSTED_ON,data_asset,Portfolio company KPI hub,lakeshore-holdings:data_asset:portfolio-company-kpi-hub,,standard_2026_07_v3,,LH-DATA-PORTFOLIO-KPI,high,none,unknown-to-object-type:platform,quarantined-no-graph-materialization
lakeshore-holdings,LKH-12-8D97DD00EC,178,feeds,FEEDS,application_system,standard_2026_07_v3,,data_asset,AI opportunity and risk registry,lakeshore-holdings:data_asset:ai-opportunity-and-risk-registry,LH-DATA-AI-REG,high,none,unresolved-from-node,quarantined-no-graph-materialization
lakeshore-holdings,LKH-12-31F7835399,179,owns,,,VP Corporate Innovation IT and Data AI,,data_asset,AI opportunity and risk registry,lakeshore-holdings:data_asset:ai-opportunity-and-risk-registry,LH-DATA-AI-REG,high,none,unknown-from-object-type:owner; unknown-relationship-type:owns,quarantined-no-graph-materialization
lakeshore-holdings,LKH-12-8FFA8F26EA,180,runs_on,HOSTED_ON,data_asset,AI opportunity and risk registry,lakeshore-holdings:data_asset:ai-opportunity-and-risk-registry,,standard_2026_07_v3,,LH-DATA-AI-REG,high,none,unknown-to-object-type:platform,quarantined-no-graph-materialization
lakeshore-holdings,LKH-12-AE89392DB6,181,feeds,FEEDS,application_system,standard_2026_07_v3,,data_asset,Northline warehouse and transportation facts,lakeshore-holdings:data_asset:northline-warehouse-and-transportation-facts,LH-DATA-NORTH-OPS,high,none,unresolved-from-node,quarantined-no-graph-materialization
lakeshore-holdings,LKH-12-6B73947CEB,182,owns,,,Northline CIO,,data_asset,Northline warehouse and transportation facts,lakeshore-holdings:data_asset:northline-warehouse-and-transportation-facts,LH-DATA-NORTH-OPS,high,none,unknown-from-object-type:owner; unknown-relationship-type:owns,quarantined-no-graph-materialization
lakeshore-holdings,LKH-12-A44250415E,183,runs_on,HOSTED_ON,data_asset,Northline warehouse and transportation facts,lakeshore-holdings:data_asset:northline-warehouse-and-transportation-facts,,standard_2026_07_v3,,LH-DATA-NORTH-OPS,high,none,unknown-to-object-type:platform,quarantined-no-graph-materialization
lakeshore-holdings,LKH-12-05EC7BB2F2,184,feeds,FEEDS,application_system,standard_2026_07_v3,,data_asset,Brightmark project margin facts,lakeshore-holdings:data_asset:brightmark-project-margin-facts,LH-DATA-CREST-MARGIN,high,none,unresolved-from-node,quarantined-no-graph-materialization
lakeshore-holdings,LKH-12-FB63B71C96,185,owns,,,Brightmark CIO,,data_asset,Brightmark project margin facts,lakeshore-holdings:data_asset:brightmark-project-margin-facts,LH-DATA-CREST-MARGIN,high,none,unknown-from-object-type:owner; unknown-relationship-type:owns,quarantined-no-graph-materialization
lakeshore-holdings,LKH-12-A92E0F3BF0,186,runs_on,HOSTED_ON,data_asset,Brightmark project margin facts,lakeshore-holdings:data_asset:brightmark-project-margin-facts,,standard_2026_07_v3,,LH-DATA-CREST-MARGIN,high,none,unknown-to-object-type:platform,quarantined-no-graph-materialization
lakeshore-holdings,LKH-12-CD5B0F8C4D,187,feeds,FEEDS,application_system,standard_2026_07_v3,,data_asset,Forge & Field demand and commerce facts,lakeshore-holdings:data_asset:forge-field-demand-and-commerce-facts,LH-DATA-RIV-DEMAND,high,none,unresolved-from-node,quarantined-no-graph-materialization
lakeshore-holdings,LKH-12-9CDEEBB1E7,188,owns,,,Forge & Field CIO,,data_asset,Forge & Field demand and commerce facts,lakeshore-holdings:data_asset:forge-field-demand-and-commerce-facts,LH-DATA-RIV-DEMAND,high,none,unknown-from-object-type:owner; unknown-relationship-type:owns,quarantined-no-graph-materialization
lakeshore-holdings,LKH-12-A30F0D3AB1,189,runs_on,HOSTED_ON,data_asset,Forge & Field demand and commerce facts,lakeshore-holdings:data_asset:forge-field-demand-and-commerce-facts,,standard_2026_07_v3,,LH-DATA-RIV-DEMAND,high,none,unknown-to-object-type:platform,quarantined-no-graph-materialization
lakeshore-holdings,LKH-12-10BCA7F3D1,190,feeds,FEEDS,application_system,standard_2026_07_v3,,data_asset,Great Lakes Pantry service execution facts,lakeshore-holdings:data_asset:great-lakes-pantry-service-execution-facts,LH-DATA-ARB-SERVICE,high,none,unresolved-from-node,quarantined-no-graph-materialization
lakeshore-holdings,LKH-12-D47F9E4327,191,owns,,,Great Lakes Pantry IT Director,,data_asset,Great Lakes Pantry service execution facts,lakeshore-holdings:data_asset:great-lakes-pantry-service-execution-facts,LH-DATA-ARB-SERVICE,high,none,unknown-from-object-type:owner; unknown-relationship-type:owns,quarantined-no-graph-materialization
lakeshore-holdings,LKH-12-1F17800C85,192,runs_on,HOSTED_ON,data_asset,Great Lakes Pantry service execution facts,lakeshore-holdings:data_asset:great-lakes-pantry-service-execution-facts,,standard_2026_07_v3,,LH-DATA-ARB-SERVICE,high,none,unknown-to-object-type:platform,quarantined-no-graph-materialization
lakeshore-holdings,LKH-12-B201D65817,193,feeds,FEEDS,application_system,standard_2026_07_v3,,data_asset,Workday HCM and Finance operational dataset,lakeshore-holdings:data_asset:workday-hcm-and-finance-operational-dataset,LH-DATA-WORKDAY,high,none,unresolved-from-node,quarantined-no-graph-materialization
lakeshore-holdings,LKH-12-9343148FF3,194,owns,,,Group CIO,,data_asset,Workday HCM and Finance operational dataset,lakeshore-holdings:data_asset:workday-hcm-and-finance-operational-dataset,LH-DATA-WORKDAY,high,none,unknown-from-object-type:owner; unknown-relationship-type:owns,quarantined-no-graph-materialization
lakeshore-holdings,LKH-12-2647DE24DF,195,runs_on,HOSTED_ON,data_asset,Workday HCM and Finance operational dataset,lakeshore-holdings:data_asset:workday-hcm-and-finance-operational-dataset,,standard_2026_07_v3,,LH-DATA-WORKDAY,high,none,unknown-to-object-type:platform,quarantined-no-graph-materialization
lakeshore-holdings,LKH-12-2345CC9B6C,196,feeds,FEEDS,application_system,standard_2026_07_v3,,data_asset,Oracle Fusion ERP operational dataset,lakeshore-holdings:data_asset:oracle-fusion-erp-operational-dataset,LH-DATA-ORACLE,high,none,unresolved-from-node,quarantined-no-graph-materialization
lakeshore-holdings,LKH-12-B1F82C2496,197,owns,,,VP Corporate Platforms,,data_asset,Oracle Fusion ERP operational dataset,lakeshore-holdings:data_asset:oracle-fusion-erp-operational-dataset,LH-DATA-ORACLE,high,none,unknown-from-object-type:owner; unknown-relationship-type:owns,quarantined-no-graph-materialization
lakeshore-holdings,LKH-12-414C30DF3F,198,runs_on,HOSTED_ON,data_asset,Oracle Fusion ERP operational dataset,lakeshore-holdings:data_asset:oracle-fusion-erp-operational-dataset,,standard_2026_07_v3,,LH-DATA-ORACLE,high,none,unknown-to-object-type:platform,quarantined-no-graph-materialization
lakeshore-holdings,LKH-12-0D4404FE4A,199,feeds,FEEDS,application_system,standard_2026_07_v3,,data_asset,Kyriba Treasury operational dataset,lakeshore-holdings:data_asset:kyriba-treasury-operational-dataset,LH-DATA-KYRIBA,high,none,unresolved-from-node,quarantined-no-graph-materialization
lakeshore-holdings,LKH-12-E4B78C3BD2,200,owns,,,Treasurer,,data_asset,Kyriba Treasury operational dataset,lakeshore-holdings:data_asset:kyriba-treasury-operational-dataset,LH-DATA-KYRIBA,high,none,unknown-from-object-type:owner; unknown-relationship-type:owns,quarantined-no-graph-materialization
lakeshore-holdings,LKH-12-80AB9F43E7,201,runs_on,HOSTED_ON,data_asset,Kyriba Treasury operational dataset,lakeshore-holdings:data_asset:kyriba-treasury-operational-dataset,,standard_2026_07_v3,,LH-DATA-KYRIBA,high,none,unknown-to-object-type:platform,quarantined-no-graph-materialization
lakeshore-holdings,LKH-12-B32E1F16DC,202,feeds,FEEDS,application_system,standard_2026_07_v3,,data_asset,Ironclad CLM operational dataset,lakeshore-holdings:data_asset:ironclad-clm-operational-dataset,LH-DATA-IRONCLAD,high,none,unresolved-from-node,quarantined-no-graph-materialization
lakeshore-holdings,LKH-12-320123EF46,203,owns,,,General Counsel,,data_asset,Ironclad CLM operational dataset,lakeshore-holdings:data_asset:ironclad-clm-operational-dataset,LH-DATA-IRONCLAD,high,none,unknown-from-object-type:owner; unknown-relationship-type:owns,quarantined-no-graph-materialization
lakeshore-holdings,LKH-12-E63923A619,204,runs_on,HOSTED_ON,data_asset,Ironclad CLM operational dataset,lakeshore-holdings:data_asset:ironclad-clm-operational-dataset,,standard_2026_07_v3,,LH-DATA-IRONCLAD,high,none,unknown-to-object-type:platform,quarantined-no-graph-materialization
lakeshore-holdings,LKH-12-489758B876,205,feeds,FEEDS,application_system,standard_2026_07_v3,,data_asset,DealCloud Portfolio CRM operational dataset,lakeshore-holdings:data_asset:dealcloud-portfolio-crm-operational-dataset,LH-DATA-DEALCLOUD,high,none,unresolved-from-node,quarantined-no-graph-materialization
lakeshore-holdings,LKH-12-04F517E140,206,owns,,,Chief Investment Officer,,data_asset,DealCloud Portfolio CRM operational dataset,lakeshore-holdings:data_asset:dealcloud-portfolio-crm-operational-dataset,LH-DATA-DEALCLOUD,high,none,unknown-from-object-type:owner; unknown-relationship-type:owns,quarantined-no-graph-materialization
lakeshore-holdings,LKH-12-E19372DE23,207,runs_on,HOSTED_ON,data_asset,DealCloud Portfolio CRM operational dataset,lakeshore-holdings:data_asset:dealcloud-portfolio-crm-operational-dataset,,standard_2026_07_v3,,LH-DATA-DEALCLOUD,high,none,unknown-to-object-type:platform,quarantined-no-graph-materialization
lakeshore-holdings,LKH-12-AEEBE9A452,208,feeds,FEEDS,application_system,standard_2026_07_v3,,data_asset,ServiceNow ITSM operational dataset,lakeshore-holdings:data_asset:servicenow-itsm-operational-dataset,LH-DATA-SNOW,high,none,unresolved-from-node,quarantined-no-graph-materialization
lakeshore-holdings,LKH-12-7ABE9A7A1C,209,owns,,,VP Corporate Platforms,,data_asset,ServiceNow ITSM operational dataset,lakeshore-holdings:data_asset:servicenow-itsm-operational-dataset,LH-DATA-SNOW,high,none,unknown-from-object-type:owner; unknown-relationship-type:owns,quarantined-no-graph-materialization
lakeshore-holdings,LKH-12-728586B600,210,runs_on,HOSTED_ON,data_asset,ServiceNow ITSM operational dataset,lakeshore-holdings:data_asset:servicenow-itsm-operational-dataset,,standard_2026_07_v3,,LH-DATA-SNOW,high,none,unknown-to-object-type:platform,quarantined-no-graph-materialization
lakeshore-holdings,LKH-12-1860D8AA91,211,feeds,FEEDS,application_system,standard_2026_07_v3,,data_asset,Azure Data Lakehouse operational dataset,lakeshore-holdings:data_asset:azure-data-lakehouse-operational-dataset,LH-DATA-AZURE-LAKE,high,none,unresolved-from-node,quarantined-no-graph-materialization
lakeshore-holdings,LKH-12-7BACBD6AB5,212,owns,,,VP Corporate Innovation IT and Data AI,,data_asset,Azure Data Lakehouse operational dataset,lakeshore-holdings:data_asset:azure-data-lakehouse-operational-dataset,LH-DATA-AZURE-LAKE,high,none,unknown-from-object-type:owner; unknown-relationship-type:owns,quarantined-no-graph-materialization
lakeshore-holdings,LKH-12-79BE56A7EF,213,runs_on,HOSTED_ON,data_asset,Azure Data Lakehouse operational dataset,lakeshore-holdings:data_asset:azure-data-lakehouse-operational-dataset,,standard_2026_07_v3,,LH-DATA-AZURE-LAKE,high,none,unknown-to-object-type:platform,quarantined-no-graph-materialization
lakeshore-holdings,LKH-12-9A95FD8942,214,feeds,FEEDS,application_system,standard_2026_07_v3,,data_asset,Databricks Innovation Workspace operational dataset,lakeshore-holdings:data_asset:databricks-innovation-workspace-operational-dataset,LH-DATA-DATABRICKS,high,none,unresolved-from-node,quarantined-no-graph-materialization
lakeshore-holdings,LKH-12-E29BF1B152,215,owns,,,VP Corporate Innovation IT and Data AI,,data_asset,Databricks Innovation Workspace operational dataset,lakeshore-holdings:data_asset:databricks-innovation-workspace-operational-dataset,LH-DATA-DATABRICKS,high,none,unknown-from-object-type:owner; unknown-relationship-type:owns,quarantined-no-graph-materialization
lakeshore-holdings,LKH-12-E3F97B4FD5,216,runs_on,HOSTED_ON,data_asset,Databricks Innovation Workspace operational dataset,lakeshore-holdings:data_asset:databricks-innovation-workspace-operational-dataset,,standard_2026_07_v3,,LH-DATA-DATABRICKS,high,none,unknown-to-object-type:platform,quarantined-no-graph-materialization
lakeshore-holdings,LKH-12-90F71768AC,217,feeds,FEEDS,application_system,standard_2026_07_v3,,data_asset,Microsoft Entra ID operational dataset,lakeshore-holdings:data_asset:microsoft-entra-id-operational-dataset,LH-DATA-ENTRA,high,none,unresolved-from-node,quarantined-no-graph-materialization
lakeshore-holdings,LKH-12-06CB6B721A,218,owns,,,CISO,,data_asset,Microsoft Entra ID operational dataset,lakeshore-holdings:data_asset:microsoft-entra-id-operational-dataset,LH-DATA-ENTRA,high,none,unknown-from-object-type:owner; unknown-relationship-type:owns,quarantined-no-graph-materialization
lakeshore-holdings,LKH-12-54274CF65E,219,runs_on,HOSTED_ON,data_asset,Microsoft Entra ID operational dataset,lakeshore-holdings:data_asset:microsoft-entra-id-operational-dataset,,standard_2026_07_v3,,LH-DATA-ENTRA,high,none,unknown-to-object-type:platform,quarantined-no-graph-materialization
lakeshore-holdings,LKH-12-96CF477457,220,feeds,FEEDS,application_system,standard_2026_07_v3,,data_asset,Microsoft 365 and Copilot operational dataset,lakeshore-holdings:data_asset:microsoft-365-and-copilot-operational-dataset,LH-DATA-M365,high,none,unresolved-from-node,quarantined-no-graph-materialization
lakeshore-holdings,LKH-12-1A5C5EEF6C,221,owns,,,VP Corporate Platforms,,data_asset,Microsoft 365 and Copilot operational dataset,lakeshore-holdings:data_asset:microsoft-365-and-copilot-operational-dataset,LH-DATA-M365,high,none,unknown-from-object-type:owner; unknown-relationship-type:owns,quarantined-no-graph-materialization
lakeshore-holdings,LKH-12-8054AB8233,222,runs_on,HOSTED_ON,data_asset,Microsoft 365 and Copilot operational dataset,lakeshore-holdings:data_asset:microsoft-365-and-copilot-operational-dataset,,standard_2026_07_v3,,LH-DATA-M365,high,none,unknown-to-object-type:platform,quarantined-no-graph-materialization
lakeshore-holdings,LKH-12-47D215BB88,223,feeds,FEEDS,application_system,standard_2026_07_v3,,data_asset,MuleSoft Integration Hub operational dataset,lakeshore-holdings:data_asset:mulesoft-integration-hub-operational-dataset,LH-DATA-MULESOFT,high,none,unresolved-from-node,quarantined-no-graph-materialization
lakeshore-holdings,LKH-12-9AC5A49164,224,owns,,,VP Corporate Platforms,,data_asset,MuleSoft Integration Hub operational dataset,lakeshore-holdings:data_asset:mulesoft-integration-hub-operational-dataset,LH-DATA-MULESOFT,high,none,unknown-from-object-type:owner; unknown-relationship-type:owns,quarantined-no-graph-materialization
lakeshore-holdings,LKH-12-8540E8A35F,225,runs_on,HOSTED_ON,data_asset,MuleSoft Integration Hub operational dataset,lakeshore-holdings:data_asset:mulesoft-integration-hub-operational-dataset,,standard_2026_07_v3,,LH-DATA-MULESOFT,high,none,unknown-to-object-type:platform,quarantined-no-graph-materialization
lakeshore-holdings,LKH-12-352A40775F,226,feeds,FEEDS,application_system,standard_2026_07_v3,,data_asset,AI Governance Registry operational dataset,lakeshore-holdings:data_asset:ai-governance-registry-operational-dataset,LH-DATA-AI-GOV,high,none,unresolved-from-node,quarantined-no-graph-materialization
lakeshore-holdings,LKH-12-A02AEC4F40,227,owns,,,VP Corporate Innovation IT and Data AI,,data_asset,AI Governance Registry operational dataset,lakeshore-holdings:data_asset:ai-governance-registry-operational-dataset,LH-DATA-AI-GOV,high,none,unknown-from-object-type:owner; unknown-relationship-type:owns,quarantined-no-graph-materialization
lakeshore-holdings,LKH-12-2D79EB0573,228,runs_on,HOSTED_ON,data_asset,AI Governance Registry operational dataset,lakeshore-holdings:data_asset:ai-governance-registry-operational-dataset,,standard_2026_07_v3,,LH-DATA-AI-GOV,high,none,unknown-to-object-type:platform,quarantined-no-graph-materialization
lakeshore-holdings,LKH-12-39A6238099,229,feeds,FEEDS,application_system,standard_2026_07_v3,,data_asset,Northline Warehouse WMS operational dataset,lakeshore-holdings:data_asset:northline-warehouse-wms-operational-dataset,LH-DATA-NORTH-WMS,high,none,unresolved-from-node,quarantined-no-graph-materialization
lakeshore-holdings,LKH-12-9DE1541044,230,owns,,,Northline CIO,,data_asset,Northline Warehouse WMS operational dataset,lakeshore-holdings:data_asset:northline-warehouse-wms-operational-dataset,LH-DATA-NORTH-WMS,high,none,unknown-from-object-type:owner; unknown-relationship-type:owns,quarantined-no-graph-materialization
lakeshore-holdings,LKH-12-E6BA34ACC6,231,runs_on,HOSTED_ON,data_asset,Northline Warehouse WMS operational dataset,lakeshore-holdings:data_asset:northline-warehouse-wms-operational-dataset,,standard_2026_07_v3,,LH-DATA-NORTH-WMS,high,none,unknown-to-object-type:platform,quarantined-no-graph-materialization
lakeshore-holdings,LKH-12-811A55A801,232,feeds,FEEDS,application_system,standard_2026_07_v3,,data_asset,Northline TMS operational dataset,lakeshore-holdings:data_asset:northline-tms-operational-dataset,LH-DATA-NORTH-TMS,high,none,unresolved-from-node,quarantined-no-graph-materialization
lakeshore-holdings,LKH-12-F461DBCFA6,233,owns,,,Northline CIO,,data_asset,Northline TMS operational dataset,lakeshore-holdings:data_asset:northline-tms-operational-dataset,LH-DATA-NORTH-TMS,high,none,unknown-from-object-type:owner; unknown-relationship-type:owns,quarantined-no-graph-materialization
lakeshore-holdings,LKH-12-FD90C2D98C,234,runs_on,HOSTED_ON,data_asset,Northline TMS operational dataset,lakeshore-holdings:data_asset:northline-tms-operational-dataset,,standard_2026_07_v3,,LH-DATA-NORTH-TMS,high,none,unknown-to-object-type:platform,quarantined-no-graph-materialization
lakeshore-holdings,LKH-12-3267D696E1,235,feeds,FEEDS,application_system,standard_2026_07_v3,,data_asset,Northline Fleet Telematics operational dataset,lakeshore-holdings:data_asset:northline-fleet-telematics-operational-dataset,LH-DATA-NORTH-TELE,high,none,unresolved-from-node,quarantined-no-graph-materialization
lakeshore-holdings,LKH-12-AA6DD1AE34,236,owns,,,Northline CIO,,data_asset,Northline Fleet Telematics operational dataset,lakeshore-holdings:data_asset:northline-fleet-telematics-operational-dataset,LH-DATA-NORTH-TELE,high,none,unknown-from-object-type:owner; unknown-relationship-type:owns,quarantined-no-graph-materialization
lakeshore-holdings,LKH-12-50A4A3C77E,237,runs_on,HOSTED_ON,data_asset,Northline Fleet Telematics operational dataset,lakeshore-holdings:data_asset:northline-fleet-telematics-operational-dataset,,standard_2026_07_v3,,LH-DATA-NORTH-TELE,high,none,unknown-to-object-type:platform,quarantined-no-graph-materialization
lakeshore-holdings,LKH-12-FCBD56D8D6,238,feeds,FEEDS,application_system,standard_2026_07_v3,,data_asset,Brightmark Salesforce CRM operational dataset,lakeshore-holdings:data_asset:brightmark-salesforce-crm-operational-dataset,LH-DATA-CREST-CRM,high,none,unresolved-from-node,quarantined-no-graph-materialization
lakeshore-holdings,LKH-12-204F6373A0,239,owns,,,Brightmark CIO,,data_asset,Brightmark Salesforce CRM operational dataset,lakeshore-holdings:data_asset:brightmark-salesforce-crm-operational-dataset,LH-DATA-CREST-CRM,high,none,unknown-from-object-type:owner; unknown-relationship-type:owns,quarantined-no-graph-materialization
lakeshore-holdings,LKH-12-375B8C984E,240,runs_on,HOSTED_ON,data_asset,Brightmark Salesforce CRM operational dataset,lakeshore-holdings:data_asset:brightmark-salesforce-crm-operational-dataset,,standard_2026_07_v3,,LH-DATA-CREST-CRM,high,none,unknown-to-object-type:platform,quarantined-no-graph-materialization
lakeshore-holdings,LKH-12-C8A4D6023C,241,feeds,FEEDS,application_system,standard_2026_07_v3,,data_asset,Brightmark Professional Services Automation operational dataset,lakeshore-holdings:data_asset:brightmark-professional-services-automation-operational-dataset,LH-DATA-CREST-PSA,high,none,unresolved-from-node,quarantined-no-graph-materialization
lakeshore-holdings,LKH-12-EA18D2E2E2,242,owns,,,Brightmark CIO,,data_asset,Brightmark Professional Services Automation operational dataset,lakeshore-holdings:data_asset:brightmark-professional-services-automation-operational-dataset,LH-DATA-CREST-PSA,high,none,unknown-from-object-type:owner; unknown-relationship-type:owns,quarantined-no-graph-materialization
lakeshore-holdings,LKH-12-9FCFE299F6,243,runs_on,HOSTED_ON,data_asset,Brightmark Professional Services Automation operational dataset,lakeshore-holdings:data_asset:brightmark-professional-services-automation-operational-dataset,,standard_2026_07_v3,,LH-DATA-CREST-PSA,high,none,unknown-to-object-type:platform,quarantined-no-graph-materialization
lakeshore-holdings,LKH-12-8FE2306815,244,feeds,FEEDS,application_system,standard_2026_07_v3,,data_asset,Brightmark Marketing Automation operational dataset,lakeshore-holdings:data_asset:brightmark-marketing-automation-operational-dataset,LH-DATA-CREST-MKT,high,none,unresolved-from-node,quarantined-no-graph-materialization
lakeshore-holdings,LKH-12-3D6ED24302,245,owns,,,Brightmark CIO,,data_asset,Brightmark Marketing Automation operational dataset,lakeshore-holdings:data_asset:brightmark-marketing-automation-operational-dataset,LH-DATA-CREST-MKT,high,none,unknown-from-object-type:owner; unknown-relationship-type:owns,quarantined-no-graph-materialization
lakeshore-holdings,LKH-12-460CF5FAB2,246,runs_on,HOSTED_ON,data_asset,Brightmark Marketing Automation operational dataset,lakeshore-holdings:data_asset:brightmark-marketing-automation-operational-dataset,,standard_2026_07_v3,,LH-DATA-CREST-MKT,high,none,unknown-to-object-type:platform,quarantined-no-graph-materialization
lakeshore-holdings,LKH-12-2439CF453F,247,feeds,FEEDS,application_system,standard_2026_07_v3,,data_asset,Forge & Field SAP S/4 operational dataset,lakeshore-holdings:data_asset:forge-field-sap-s-4-operational-dataset,LH-DATA-RIV-ERP,high,none,unresolved-from-node,quarantined-no-graph-materialization
lakeshore-holdings,LKH-12-4174870E9C,248,owns,,,Forge & Field CIO,,data_asset,Forge & Field SAP S/4 operational dataset,lakeshore-holdings:data_asset:forge-field-sap-s-4-operational-dataset,LH-DATA-RIV-ERP,high,none,unknown-from-object-type:owner; unknown-relationship-type:owns,quarantined-no-graph-materialization
lakeshore-holdings,LKH-12-FB014DD1ED,249,runs_on,HOSTED_ON,data_asset,Forge & Field SAP S/4 operational dataset,lakeshore-holdings:data_asset:forge-field-sap-s-4-operational-dataset,,standard_2026_07_v3,,LH-DATA-RIV-ERP,high,none,unknown-to-object-type:platform,quarantined-no-graph-materialization
lakeshore-holdings,LKH-12-BE50043A3C,250,feeds,FEEDS,application_system,standard_2026_07_v3,,data_asset,Forge & Field DTC Commerce operational dataset,lakeshore-holdings:data_asset:forge-field-dtc-commerce-operational-dataset,LH-DATA-RIV-DTC,high,none,unresolved-from-node,quarantined-no-graph-materialization
lakeshore-holdings,LKH-12-8E76641DF4,251,owns,,,Forge & Field CIO,,data_asset,Forge & Field DTC Commerce operational dataset,lakeshore-holdings:data_asset:forge-field-dtc-commerce-operational-dataset,LH-DATA-RIV-DTC,high,none,unknown-from-object-type:owner; unknown-relationship-type:owns,quarantined-no-graph-materialization
lakeshore-holdings,LKH-12-1BBCB7E92F,252,runs_on,HOSTED_ON,data_asset,Forge & Field DTC Commerce operational dataset,lakeshore-holdings:data_asset:forge-field-dtc-commerce-operational-dataset,,standard_2026_07_v3,,LH-DATA-RIV-DTC,high,none,unknown-to-object-type:platform,quarantined-no-graph-materialization
lakeshore-holdings,LKH-12-80E91C8E17,253,feeds,FEEDS,application_system,standard_2026_07_v3,,data_asset,Forge & Field Demand Planning operational dataset,lakeshore-holdings:data_asset:forge-field-demand-planning-operational-dataset,LH-DATA-RIV-DEMAND,high,none,unresolved-from-node,quarantined-no-graph-materialization
lakeshore-holdings,LKH-12-52B81D2284,254,owns,,,Forge & Field CIO,,data_asset,Forge & Field Demand Planning operational dataset,lakeshore-holdings:data_asset:forge-field-demand-planning-operational-dataset,LH-DATA-RIV-DEMAND,high,none,unknown-from-object-type:owner; unknown-relationship-type:owns,quarantined-no-graph-materialization
lakeshore-holdings,LKH-12-747E88441E,255,runs_on,HOSTED_ON,data_asset,Forge & Field Demand Planning operational dataset,lakeshore-holdings:data_asset:forge-field-demand-planning-operational-dataset,,standard_2026_07_v3,,LH-DATA-RIV-DEMAND,high,none,unknown-to-object-type:platform,quarantined-no-graph-materialization
lakeshore-holdings,LKH-12-0FB7705027,256,feeds,FEEDS,application_system,standard_2026_07_v3,,data_asset,Great Lakes Pantry Field Service operational dataset,lakeshore-holdings:data_asset:great-lakes-pantry-field-service-operational-dataset,LH-DATA-ARB-FSM,high,none,unresolved-from-node,quarantined-no-graph-materialization
lakeshore-holdings,LKH-12-869BAC7E49,257,owns,,,Great Lakes Pantry IT Director,,data_asset,Great Lakes Pantry Field Service operational dataset,lakeshore-holdings:data_asset:great-lakes-pantry-field-service-operational-dataset,LH-DATA-ARB-FSM,high,none,unknown-from-object-type:owner; unknown-relationship-type:owns,quarantined-no-graph-materialization
lakeshore-holdings,LKH-12-DB510CCA5A,258,runs_on,HOSTED_ON,data_asset,Great Lakes Pantry Field Service operational dataset,lakeshore-holdings:data_asset:great-lakes-pantry-field-service-operational-dataset,,standard_2026_07_v3,,LH-DATA-ARB-FSM,high,none,unknown-to-object-type:platform,quarantined-no-graph-materialization
lakeshore-holdings,LKH-12-C7727E811A,259,feeds,FEEDS,application_system,standard_2026_07_v3,,data_asset,Great Lakes Pantry Workforce Scheduling operational dataset,lakeshore-holdings:data_asset:great-lakes-pantry-workforce-scheduling-operational-dataset,LH-DATA-ARB-SCHED,high,none,unresolved-from-node,quarantined-no-graph-materialization
lakeshore-holdings,LKH-12-A296811308,260,owns,,,Great Lakes Pantry IT Director,,data_asset,Great Lakes Pantry Workforce Scheduling operational dataset,lakeshore-holdings:data_asset:great-lakes-pantry-workforce-scheduling-operational-dataset,LH-DATA-ARB-SCHED,high,none,unknown-from-object-type:owner; unknown-relationship-type:owns,quarantined-no-graph-materialization
lakeshore-holdings,LKH-12-0A2827DC5F,261,runs_on,HOSTED_ON,data_asset,Great Lakes Pantry Workforce Scheduling operational dataset,lakeshore-holdings:data_asset:great-lakes-pantry-workforce-scheduling-operational-dataset,,standard_2026_07_v3,,LH-DATA-ARB-SCHED,high,none,unknown-to-object-type:platform,quarantined-no-graph-materialization
lakeshore-holdings,LKH-12-8BA1EDE2D4,262,feeds,FEEDS,application_system,standard_2026_07_v3,,data_asset,Great Lakes Pantry Billing Platform operational dataset,lakeshore-holdings:data_asset:great-lakes-pantry-billing-platform-operational-dataset,LH-DATA-ARB-BILL,high,none,unresolved-from-node,quarantined-no-graph-materialization
lakeshore-holdings,LKH-12-AED01C98A7,263,owns,,,Great Lakes Pantry IT Director,,data_asset,Great Lakes Pantry Billing Platform operational dataset,lakeshore-holdings:data_asset:great-lakes-pantry-billing-platform-operational-dataset,LH-DATA-ARB-BILL,high,none,unknown-from-object-type:owner; unknown-relationship-type:owns,quarantined-no-graph-materialization
lakeshore-holdings,LKH-12-E760B4D611,264,runs_on,HOSTED_ON,data_asset,Great Lakes Pantry Billing Platform operational dataset,lakeshore-holdings:data_asset:great-lakes-pantry-billing-platform-operational-dataset,,standard_2026_07_v3,,LH-DATA-ARB-BILL,high,none,unknown-to-object-type:platform,quarantined-no-graph-materialization
lakeshore-holdings,LKH-12-5AC39FAB4F,265,provides,,vendor_contract,Workday,lakeshore-holdings:vendor_contract:workday,,LH-CTR-WORKDAY-001,,LH-VDR-WORKDAY,high,none,unknown-to-object-type:contract; unknown-relationship-type:provides,quarantined-no-graph-materialization
lakeshore-holdings,LKH-12-48819606C3,266,provides,,vendor_contract,Oracle,lakeshore-holdings:vendor_contract:oracle,,LH-CTR-ORACLE-001,,LH-VDR-ORACLE,high,none,unknown-to-object-type:contract; unknown-relationship-type:provides,quarantined-no-graph-materialization
lakeshore-holdings,LKH-12-F7782C03D3,267,provides,,vendor_contract,Kyriba,lakeshore-holdings:vendor_contract:kyriba,,LH-CTR-KYRIBA-001,,LH-VDR-KYRIBA,high,none,unknown-to-object-type:contract; unknown-relationship-type:provides,quarantined-no-graph-materialization
lakeshore-holdings,LKH-12-931F61215B,268,provides,,vendor_contract,Ironclad,lakeshore-holdings:vendor_contract:ironclad,,LH-CTR-IRON-001,,LH-VDR-IRONCLAD,high,none,unknown-to-object-type:contract; unknown-relationship-type:provides,quarantined-no-graph-materialization
lakeshore-holdings,LKH-12-C612095DF7,269,provides,,vendor_contract,DealCloud,lakeshore-holdings:vendor_contract:dealcloud,,LH-CTR-DEAL-001,,LH-VDR-DEALCLOUD,high,none,unknown-to-object-type:contract; unknown-relationship-type:provides,quarantined-no-graph-materialization
lakeshore-holdings,LKH-12-C3A13A544E,270,provides,,vendor_contract,Microsoft,lakeshore-holdings:vendor_contract:microsoft,,LH-CTR-MSFT-001,,LH-VDR-MICROSOFT,high,none,unknown-to-object-type:contract; unknown-relationship-type:provides,quarantined-no-graph-materialization
lakeshore-holdings,LKH-12-66DA1F6C05,271,provides,,vendor_contract,ServiceNow,lakeshore-holdings:vendor_contract:servicenow,,LH-CTR-SNOW-001,,LH-VDR-SERVICENOW,high,none,unknown-to-object-type:contract; unknown-relationship-type:provides,quarantined-no-graph-materialization
lakeshore-holdings,LKH-12-82D235D179,272,provides,,vendor_contract,Databricks,lakeshore-holdings:vendor_contract:databricks,,LH-CTR-DBX-001,,LH-VDR-DATABRICKS,high,none,unknown-to-object-type:contract; unknown-relationship-type:provides,quarantined-no-graph-materialization
lakeshore-holdings,LKH-12-3FC164F071,273,provides,,vendor_contract,Salesforce,lakeshore-holdings:vendor_contract:salesforce,,LH-CTR-SFDC-001,,LH-VDR-SALESFORCE,high,none,unknown-to-object-type:contract; unknown-relationship-type:provides,quarantined-no-graph-materialization
lakeshore-holdings,LKH-12-455B15F271,274,provides,,vendor_contract,Manhattan Associates,lakeshore-holdings:vendor_contract:manhattan-associates,,LH-CTR-MANH-001,,LH-VDR-MANHATTAN,high,none,unknown-to-object-type:contract; unknown-relationship-type:provides,quarantined-no-graph-materialization
lakeshore-holdings,LKH-12-F84F5E340E,275,provides,,vendor_contract,Blue Yonder,lakeshore-holdings:vendor_contract:blue-yonder,,LH-CTR-BY-001,,LH-VDR-BLUEYONDER,high,none,unknown-to-object-type:contract; unknown-relationship-type:provides,quarantined-no-graph-materialization
lakeshore-holdings,LKH-12-0A50AC4914,276,provides,,vendor_contract,Geotab,lakeshore-holdings:vendor_contract:geotab,,LH-CTR-GEOTAB-001,,LH-VDR-GEOTAB,high,none,unknown-to-object-type:contract; unknown-relationship-type:provides,quarantined-no-graph-materialization
lakeshore-holdings,LKH-12-B1F00F8DB3,277,provides,,vendor_contract,Kantata,lakeshore-holdings:vendor_contract:kantata,,LH-CTR-KANTATA-001,,LH-VDR-KANTATA,high,none,unknown-to-object-type:contract; unknown-relationship-type:provides,quarantined-no-graph-materialization
lakeshore-holdings,LKH-12-D1935AE2C7,278,provides,,vendor_contract,Adobe,lakeshore-holdings:vendor_contract:adobe,,LH-CTR-ADOBE-001,,LH-VDR-ADOBE,high,none,unknown-to-object-type:contract; unknown-relationship-type:provides,quarantined-no-graph-materialization
lakeshore-holdings,LKH-12-4FBA294879,279,provides,,vendor_contract,SAP,lakeshore-holdings:vendor_contract:sap,,LH-CTR-SAP-001,,LH-VDR-SAP,high,none,unknown-to-object-type:contract; unknown-relationship-type:provides,quarantined-no-graph-materialization
lakeshore-holdings,LKH-12-20196D5231,280,provides,,vendor_contract,Shopify,lakeshore-holdings:vendor_contract:shopify,,LH-CTR-SHOP-001,,LH-VDR-SHOPIFY,high,none,unknown-to-object-type:contract; unknown-relationship-type:provides,quarantined-no-graph-materialization
lakeshore-holdings,LKH-12-CDDB1515FE,281,provides,,vendor_contract,ServiceMax,lakeshore-holdings:vendor_contract:servicemax,,LH-CTR-SMAX-001,,LH-VDR-SERVICEMAX,high,none,unknown-to-object-type:contract; unknown-relationship-type:provides,quarantined-no-graph-materialization
lakeshore-holdings,LKH-12-37DC8A57C3,282,provides,,vendor_contract,UKG,lakeshore-holdings:vendor_contract:ukg,,LH-CTR-UKG-001,,LH-VDR-UKG,high,none,unknown-to-object-type:contract; unknown-relationship-type:provides,quarantined-no-graph-materialization
lakeshore-holdings,LKH-12-E1E800F5DF,283,provides,,vendor_contract,Zuora,lakeshore-holdings:vendor_contract:zuora,,LH-CTR-ZUORA-001,,LH-VDR-ZUORA,high,none,unknown-to-object-type:contract; unknown-relationship-type:provides,quarantined-no-graph-materialization
lakeshore-holdings,LKH-12-8AB9C8A74B,284,sponsored_by,,program_initiative,Corporate ERP and HCM controls modernization,lakeshore-holdings:program_initiative:corporate-erp-and-hcm-controls-modernization,workforce_role,CFO,,LH-PGM-CORP-ERP,high,none,unknown-relationship-type:sponsored_by; unresolved-to-node,quarantined-no-graph-materialization
lakeshore-holdings,LKH-12-D92C1C4386,285,owns_technology_for,,workforce_role,VP Corporate Platforms,,program_initiative,Corporate ERP and HCM controls modernization,lakeshore-holdings:program_initiative:corporate-erp-and-hcm-controls-modernization,LH-PGM-CORP-ERP,high,none,unknown-relationship-type:owns_technology_for; unresolved-from-node,quarantined-no-graph-materialization
lakeshore-holdings,LKH-12-1B9A82C4E2,286,depends_on,DEPENDS_ON,program_initiative,Corporate ERP and HCM controls modernization,lakeshore-holdings:program_initiative:corporate-erp-and-hcm-controls-modernization,,Oracle Fusion ERP,,LH-PGM-CORP-ERP,high,none,unknown-to-object-type:dependency,quarantined-no-graph-materialization
lakeshore-holdings,LKH-12-28502CABB7,287,depends_on,DEPENDS_ON,program_initiative,Corporate ERP and HCM controls modernization,lakeshore-holdings:program_initiative:corporate-erp-and-hcm-controls-modernization,,Workday,,LH-PGM-CORP-ERP,high,none,unknown-to-object-type:dependency,quarantined-no-graph-materialization
lakeshore-holdings,LKH-12-1AA53055BC,288,depends_on,DEPENDS_ON,program_initiative,Corporate ERP and HCM controls modernization,lakeshore-holdings:program_initiative:corporate-erp-and-hcm-controls-modernization,,ServiceNow,,LH-PGM-CORP-ERP,high,none,unknown-to-object-type:dependency,quarantined-no-graph-materialization
lakeshore-holdings,LKH-12-6421F5989E,289,has_risk,,program_initiative,Corporate ERP and HCM controls modernization,lakeshore-holdings:program_initiative:corporate-erp-and-hcm-controls-modernization,risk_control,Benefits evidence needs quarterly attestation,,LH-PGM-CORP-ERP,high,none,unknown-relationship-type:has_risk; unresolved-to-node,quarantined-no-graph-materialization
lakeshore-holdings,LKH-12-0D82DD3B3C,290,sponsored_by,,program_initiative,Treasury cash visibility standardization,lakeshore-holdings:program_initiative:treasury-cash-visibility-standardization,workforce_role,Treasurer,,LH-PGM-TREASURY,high,none,unknown-relationship-type:sponsored_by; unresolved-to-node,quarantined-no-graph-materialization
lakeshore-holdings,LKH-12-A1BCD280EB,291,owns_technology_for,,workforce_role,VP Corporate Platforms,,program_initiative,Treasury cash visibility standardization,lakeshore-holdings:program_initiative:treasury-cash-visibility-standardization,LH-PGM-TREASURY,high,none,unknown-relationship-type:owns_technology_for; unresolved-from-node,quarantined-no-graph-materialization
lakeshore-holdings,LKH-12-67115E63B0,292,depends_on,DEPENDS_ON,program_initiative,Treasury cash visibility standardization,lakeshore-holdings:program_initiative:treasury-cash-visibility-standardization,,Kyriba,,LH-PGM-TREASURY,high,none,unknown-to-object-type:dependency,quarantined-no-graph-materialization
lakeshore-holdings,LKH-12-8284AC7A2C,293,depends_on,DEPENDS_ON,program_initiative,Treasury cash visibility standardization,lakeshore-holdings:program_initiative:treasury-cash-visibility-standardization,,Oracle Fusion ERP,,LH-PGM-TREASURY,high,none,unknown-to-object-type:dependency,quarantined-no-graph-materialization
lakeshore-holdings,LKH-12-1C83EC796A,294,depends_on,DEPENDS_ON,program_initiative,Treasury cash visibility standardization,lakeshore-holdings:program_initiative:treasury-cash-visibility-standardization,,bank connectivity,,LH-PGM-TREASURY,high,none,unknown-to-object-type:dependency,quarantined-no-graph-materialization
lakeshore-holdings,LKH-12-99EFC51D88,295,has_risk,,program_initiative,Treasury cash visibility standardization,lakeshore-holdings:program_initiative:treasury-cash-visibility-standardization,risk_control,Bank interface remediation still open for two opcos,,LH-PGM-TREASURY,high,none,unknown-relationship-type:has_risk; unresolved-to-node,quarantined-no-graph-materialization
lakeshore-holdings,LKH-12-DFBF02C5EE,296,sponsored_by,,program_initiative,Legal contract lifecycle foundation,lakeshore-holdings:program_initiative:legal-contract-lifecycle-foundation,workforce_role,General Counsel,,LH-PGM-LEGAL-CLM,high,none,unknown-relationship-type:sponsored_by; unresolved-to-node,quarantined-no-graph-materialization
lakeshore-holdings,LKH-12-D0EB8B6D4F,297,owns_technology_for,,workforce_role,VP Corporate Platforms,,program_initiative,Legal contract lifecycle foundation,lakeshore-holdings:program_initiative:legal-contract-lifecycle-foundation,LH-PGM-LEGAL-CLM,high,none,unknown-relationship-type:owns_technology_for; unresolved-from-node,quarantined-no-graph-materialization
lakeshore-holdings,LKH-12-D94B0BBFD1,298,depends_on,DEPENDS_ON,program_initiative,Legal contract lifecycle foundation,lakeshore-holdings:program_initiative:legal-contract-lifecycle-foundation,,Ironclad CLM,,LH-PGM-LEGAL-CLM,high,none,unknown-to-object-type:dependency,quarantined-no-graph-materialization
lakeshore-holdings,LKH-12-CD0E9AAEEF,299,depends_on,DEPENDS_ON,program_initiative,Legal contract lifecycle foundation,lakeshore-holdings:program_initiative:legal-contract-lifecycle-foundation,,Oracle Fusion ERP,,LH-PGM-LEGAL-CLM,high,none,unknown-to-object-type:dependency,quarantined-no-graph-materialization
lakeshore-holdings,LKH-12-61D20E50F3,300,has_risk,,program_initiative,Legal contract lifecycle foundation,lakeshore-holdings:program_initiative:legal-contract-lifecycle-foundation,risk_control,Legacy contract migration incomplete,,LH-PGM-LEGAL-CLM,high,none,unknown-relationship-type:has_risk; unresolved-to-node,quarantined-no-graph-materialization
lakeshore-holdings,LKH-12-516858501F,301,sponsored_by,,program_initiative,Portfolio data foundation,lakeshore-holdings:program_initiative:portfolio-data-foundation,workforce_role,Chief Investment Officer,,LH-PGM-DATA-FOUND,high,none,unknown-relationship-type:sponsored_by; unresolved-to-node,quarantined-no-graph-materialization
lakeshore-holdings,LKH-12-CE8BE9C93E,302,owns_technology_for,,workforce_role,VP Corporate Innovation IT and Data AI,,program_initiative,Portfolio data foundation,lakeshore-holdings:program_initiative:portfolio-data-foundation,LH-PGM-DATA-FOUND,high,none,unknown-relationship-type:owns_technology_for; unresolved-from-node,quarantined-no-graph-materialization
lakeshore-holdings,LKH-12-7913C1C330,303,depends_on,DEPENDS_ON,program_initiative,Portfolio data foundation,lakeshore-holdings:program_initiative:portfolio-data-foundation,,Azure Data Lakehouse,,LH-PGM-DATA-FOUND,high,none,unknown-to-object-type:dependency,quarantined-no-graph-materialization
lakeshore-holdings,LKH-12-DDDAC9C088,304,depends_on,DEPENDS_ON,program_initiative,Portfolio data foundation,lakeshore-holdings:program_initiative:portfolio-data-foundation,,Databricks,,LH-PGM-DATA-FOUND,high,none,unknown-to-object-type:dependency,quarantined-no-graph-materialization
lakeshore-holdings,LKH-12-9CA2432540,305,depends_on,DEPENDS_ON,program_initiative,Portfolio data foundation,lakeshore-holdings:program_initiative:portfolio-data-foundation,,Power BI,,LH-PGM-DATA-FOUND,high,none,unknown-to-object-type:dependency,quarantined-no-graph-materialization
lakeshore-holdings,LKH-12-EF22F929D6,306,has_risk,,program_initiative,Portfolio data foundation,lakeshore-holdings:program_initiative:portfolio-data-foundation,risk_control,Source freshness varies by opco,,LH-PGM-DATA-FOUND,high,none,unknown-relationship-type:has_risk; unresolved-to-node,quarantined-no-graph-materialization
lakeshore-holdings,LKH-12-A85DBA9547,307,sponsored_by,,program_initiative,AI governance and opportunity intake,lakeshore-holdings:program_initiative:ai-governance-and-opportunity-intake,workforce_role,Group CIO,,LH-PGM-AI-GOV,high,none,unknown-relationship-type:sponsored_by; unresolved-to-node,quarantined-no-graph-materialization
lakeshore-holdings,LKH-12-4B89137342,308,owns_technology_for,,workforce_role,VP Corporate Innovation IT and Data AI,,program_initiative,AI governance and opportunity intake,lakeshore-holdings:program_initiative:ai-governance-and-opportunity-intake,LH-PGM-AI-GOV,high,none,unknown-relationship-type:owns_technology_for; unresolved-from-node,quarantined-no-graph-materialization
lakeshore-holdings,LKH-12-7474E1C98A,309,depends_on,DEPENDS_ON,program_initiative,AI governance and opportunity intake,lakeshore-holdings:program_initiative:ai-governance-and-opportunity-intake,,AI Governance Registry,,LH-PGM-AI-GOV,high,none,unknown-to-object-type:dependency,quarantined-no-graph-materialization
lakeshore-holdings,LKH-12-85D695921E,310,depends_on,DEPENDS_ON,program_initiative,AI governance and opportunity intake,lakeshore-holdings:program_initiative:ai-governance-and-opportunity-intake,,ServiceNow,,LH-PGM-AI-GOV,high,none,unknown-to-object-type:dependency,quarantined-no-graph-materialization
lakeshore-holdings,LKH-12-263BA2C1D3,311,depends_on,DEPENDS_ON,program_initiative,AI governance and opportunity intake,lakeshore-holdings:program_initiative:ai-governance-and-opportunity-intake,,Databricks,,LH-PGM-AI-GOV,high,none,unknown-to-object-type:dependency,quarantined-no-graph-materialization
lakeshore-holdings,LKH-12-87CA22E6A4,312,has_risk,,program_initiative,AI governance and opportunity intake,lakeshore-holdings:program_initiative:ai-governance-and-opportunity-intake,risk_control,Measured value is early,,LH-PGM-AI-GOV,high,none,unknown-relationship-type:has_risk; unresolved-to-node,quarantined-no-graph-materialization
lakeshore-holdings,LKH-12-556DE46EEF,313,sponsored_by,,program_initiative,Northline warehouse automation analytics,lakeshore-holdings:program_initiative:northline-warehouse-automation-analytics,workforce_role,Northline COO,,LH-PGM-NORTH-WARE,high,none,unknown-relationship-type:sponsored_by; unresolved-to-node,quarantined-no-graph-materialization
lakeshore-holdings,LKH-12-C9AB756D0C,314,owns_technology_for,,workforce_role,Northline CIO,,program_initiative,Northline warehouse automation analytics,lakeshore-holdings:program_initiative:northline-warehouse-automation-analytics,LH-PGM-NORTH-WARE,high,none,unknown-relationship-type:owns_technology_for; unresolved-from-node,quarantined-no-graph-materialization
lakeshore-holdings,LKH-12-104BCAA01D,315,depends_on,DEPENDS_ON,program_initiative,Northline warehouse automation analytics,lakeshore-holdings:program_initiative:northline-warehouse-automation-analytics,,Northline WMS,,LH-PGM-NORTH-WARE,high,none,unknown-to-object-type:dependency,quarantined-no-graph-materialization
lakeshore-holdings,LKH-12-2FAA2B789A,316,depends_on,DEPENDS_ON,program_initiative,Northline warehouse automation analytics,lakeshore-holdings:program_initiative:northline-warehouse-automation-analytics,,Azure Data Lakehouse,,LH-PGM-NORTH-WARE,high,none,unknown-to-object-type:dependency,quarantined-no-graph-materialization
lakeshore-holdings,LKH-12-07B138A93C,317,has_risk,,program_initiative,Northline warehouse automation analytics,lakeshore-holdings:program_initiative:northline-warehouse-automation-analytics,risk_control,Labor standard baselines need validation,,LH-PGM-NORTH-WARE,high,none,unknown-relationship-type:has_risk; unresolved-to-node,quarantined-no-graph-materialization
lakeshore-holdings,LKH-12-90ED035B39,318,sponsored_by,,program_initiative,Northline transport visibility cockpit,lakeshore-holdings:program_initiative:northline-transport-visibility-cockpit,workforce_role,Northline COO,,LH-PGM-NORTH-TMS,high,none,unknown-relationship-type:sponsored_by; unresolved-to-node,quarantined-no-graph-materialization
lakeshore-holdings,LKH-12-89791C511C,319,owns_technology_for,,workforce_role,Northline CIO,,program_initiative,Northline transport visibility cockpit,lakeshore-holdings:program_initiative:northline-transport-visibility-cockpit,LH-PGM-NORTH-TMS,high,none,unknown-relationship-type:owns_technology_for; unresolved-from-node,quarantined-no-graph-materialization
lakeshore-holdings,LKH-12-830CFF78A4,320,depends_on,DEPENDS_ON,program_initiative,Northline transport visibility cockpit,lakeshore-holdings:program_initiative:northline-transport-visibility-cockpit,,Northline TMS,,LH-PGM-NORTH-TMS,high,none,unknown-to-object-type:dependency,quarantined-no-graph-materialization
lakeshore-holdings,LKH-12-31994498C8,321,depends_on,DEPENDS_ON,program_initiative,Northline transport visibility cockpit,lakeshore-holdings:program_initiative:northline-transport-visibility-cockpit,,Fleet Telematics,,LH-PGM-NORTH-TMS,high,none,unknown-to-object-type:dependency,quarantined-no-graph-materialization
lakeshore-holdings,LKH-12-245BD84AC1,322,has_risk,,program_initiative,Northline transport visibility cockpit,lakeshore-holdings:program_initiative:northline-transport-visibility-cockpit,risk_control,Carrier data quality is inconsistent,,LH-PGM-NORTH-TMS,high,none,unknown-relationship-type:has_risk; unresolved-to-node,quarantined-no-graph-materialization
lakeshore-holdings,LKH-12-60B6BD2C7E,323,sponsored_by,,program_initiative,Brightmark project margin cockpit,lakeshore-holdings:program_initiative:brightmark-project-margin-cockpit,workforce_role,Brightmark CFO,,LH-PGM-CREST-MARGIN,high,none,unknown-relationship-type:sponsored_by; unresolved-to-node,quarantined-no-graph-materialization
lakeshore-holdings,LKH-12-F4BAA41DB0,324,owns_technology_for,,workforce_role,Brightmark CIO,,program_initiative,Brightmark project margin cockpit,lakeshore-holdings:program_initiative:brightmark-project-margin-cockpit,LH-PGM-CREST-MARGIN,high,none,unknown-relationship-type:owns_technology_for; unresolved-from-node,quarantined-no-graph-materialization
lakeshore-holdings,LKH-12-13E33258E3,325,depends_on,DEPENDS_ON,program_initiative,Brightmark project margin cockpit,lakeshore-holdings:program_initiative:brightmark-project-margin-cockpit,,Brightmark PSA,,LH-PGM-CREST-MARGIN,high,none,unknown-to-object-type:dependency,quarantined-no-graph-materialization
lakeshore-holdings,LKH-12-F29F622983,326,depends_on,DEPENDS_ON,program_initiative,Brightmark project margin cockpit,lakeshore-holdings:program_initiative:brightmark-project-margin-cockpit,,Salesforce CRM,,LH-PGM-CREST-MARGIN,high,none,unknown-to-object-type:dependency,quarantined-no-graph-materialization
lakeshore-holdings,LKH-12-BD459A586C,327,has_risk,,program_initiative,Brightmark project margin cockpit,lakeshore-holdings:program_initiative:brightmark-project-margin-cockpit,risk_control,Timesheet compliance is not uniform,,LH-PGM-CREST-MARGIN,high,none,unknown-relationship-type:has_risk; unresolved-to-node,quarantined-no-graph-materialization
lakeshore-holdings,LKH-12-67DD53D54F,328,sponsored_by,,program_initiative,Brightmark proposal and creative GenAI assistant,lakeshore-holdings:program_initiative:brightmark-proposal-and-creative-genai-assistant,workforce_role,Brightmark COO,,LH-PGM-CREST-GENAI,high,none,unknown-relationship-type:sponsored_by; unresolved-to-node,quarantined-no-graph-materialization
lakeshore-holdings,LKH-12-7787D151B7,329,owns_technology_for,,workforce_role,Brightmark CIO,,program_initiative,Brightmark proposal and creative GenAI assistant,lakeshore-holdings:program_initiative:brightmark-proposal-and-creative-genai-assistant,LH-PGM-CREST-GENAI,high,none,unknown-relationship-type:owns_technology_for; unresolved-from-node,quarantined-no-graph-materialization
lakeshore-holdings,LKH-12-CDE008BBC4,330,depends_on,DEPENDS_ON,program_initiative,Brightmark proposal and creative GenAI assistant,lakeshore-holdings:program_initiative:brightmark-proposal-and-creative-genai-assistant,,Microsoft 365 Copilot,,LH-PGM-CREST-GENAI,high,none,unknown-to-object-type:dependency,quarantined-no-graph-materialization
lakeshore-holdings,LKH-12-78B4BF37A3,331,depends_on,DEPENDS_ON,program_initiative,Brightmark proposal and creative GenAI assistant,lakeshore-holdings:program_initiative:brightmark-proposal-and-creative-genai-assistant,,Salesforce CRM,,LH-PGM-CREST-GENAI,high,none,unknown-to-object-type:dependency,quarantined-no-graph-materialization
lakeshore-holdings,LKH-12-6E9E3A3BA3,332,depends_on,DEPENDS_ON,program_initiative,Brightmark proposal and creative GenAI assistant,lakeshore-holdings:program_initiative:brightmark-proposal-and-creative-genai-assistant,,Adobe,,LH-PGM-CREST-GENAI,high,none,unknown-to-object-type:dependency,quarantined-no-graph-materialization
lakeshore-holdings,LKH-12-E04DE0ADC2,333,has_risk,,program_initiative,Brightmark proposal and creative GenAI assistant,lakeshore-holdings:program_initiative:brightmark-proposal-and-creative-genai-assistant,risk_control,Content approval and brand-risk controls pending,,LH-PGM-CREST-GENAI,high,none,unknown-relationship-type:has_risk; unresolved-to-node,quarantined-no-graph-materialization
lakeshore-holdings,LKH-12-6E8EC9E9AE,334,sponsored_by,,program_initiative,Forge & Field DTC demand sensing,lakeshore-holdings:program_initiative:forge-field-dtc-demand-sensing,workforce_role,Forge & Field COO,,LH-PGM-RIV-DEMAND,high,none,unknown-relationship-type:sponsored_by; unresolved-to-node,quarantined-no-graph-materialization
lakeshore-holdings,LKH-12-A86552E6DB,335,owns_technology_for,,workforce_role,Forge & Field CIO,,program_initiative,Forge & Field DTC demand sensing,lakeshore-holdings:program_initiative:forge-field-dtc-demand-sensing,LH-PGM-RIV-DEMAND,high,none,unknown-relationship-type:owns_technology_for; unresolved-from-node,quarantined-no-graph-materialization
lakeshore-holdings,LKH-12-196EE2B61D,336,depends_on,DEPENDS_ON,program_initiative,Forge & Field DTC demand sensing,lakeshore-holdings:program_initiative:forge-field-dtc-demand-sensing,,Forge & Field Demand Planning,,LH-PGM-RIV-DEMAND,high,none,unknown-to-object-type:dependency,quarantined-no-graph-materialization
lakeshore-holdings,LKH-12-49C828BD86,337,depends_on,DEPENDS_ON,program_initiative,Forge & Field DTC demand sensing,lakeshore-holdings:program_initiative:forge-field-dtc-demand-sensing,,DTC Commerce,,LH-PGM-RIV-DEMAND,high,none,unknown-to-object-type:dependency,quarantined-no-graph-materialization
lakeshore-holdings,LKH-12-4B64CFFA87,338,depends_on,DEPENDS_ON,program_initiative,Forge & Field DTC demand sensing,lakeshore-holdings:program_initiative:forge-field-dtc-demand-sensing,,SAP S/4,,LH-PGM-RIV-DEMAND,high,none,unknown-to-object-type:dependency,quarantined-no-graph-materialization
lakeshore-holdings,LKH-12-B3B969B282,339,has_risk,,program_initiative,Forge & Field DTC demand sensing,lakeshore-holdings:program_initiative:forge-field-dtc-demand-sensing,risk_control,SKU-location quality is uneven,,LH-PGM-RIV-DEMAND,high,none,unknown-relationship-type:has_risk; unresolved-to-node,quarantined-no-graph-materialization
lakeshore-holdings,LKH-12-B55A455C9D,340,sponsored_by,,program_initiative,Forge & Field supply planning modernization,lakeshore-holdings:program_initiative:forge-field-supply-planning-modernization,workforce_role,Forge & Field COO,,LH-PGM-RIV-SUPPLY,high,none,unknown-relationship-type:sponsored_by; unresolved-to-node,quarantined-no-graph-materialization
lakeshore-holdings,LKH-12-318D55BAFA,341,owns_technology_for,,workforce_role,Forge & Field CIO,,program_initiative,Forge & Field supply planning modernization,lakeshore-holdings:program_initiative:forge-field-supply-planning-modernization,LH-PGM-RIV-SUPPLY,high,none,unknown-relationship-type:owns_technology_for; unresolved-from-node,quarantined-no-graph-materialization
lakeshore-holdings,LKH-12-5671D56214,342,depends_on,DEPENDS_ON,program_initiative,Forge & Field supply planning modernization,lakeshore-holdings:program_initiative:forge-field-supply-planning-modernization,,SAP S/4,,LH-PGM-RIV-SUPPLY,high,none,unknown-to-object-type:dependency,quarantined-no-graph-materialization
lakeshore-holdings,LKH-12-D6A619AFDE,343,depends_on,DEPENDS_ON,program_initiative,Forge & Field supply planning modernization,lakeshore-holdings:program_initiative:forge-field-supply-planning-modernization,,Demand Planning,,LH-PGM-RIV-SUPPLY,high,none,unknown-to-object-type:dependency,quarantined-no-graph-materialization
lakeshore-holdings,LKH-12-748D8E89DD,344,has_risk,,program_initiative,Forge & Field supply planning modernization,lakeshore-holdings:program_initiative:forge-field-supply-planning-modernization,risk_control,Master-data ownership is fragmented,,LH-PGM-RIV-SUPPLY,high,none,unknown-relationship-type:has_risk; unresolved-to-node,quarantined-no-graph-materialization
lakeshore-holdings,LKH-12-F3029CD7DF,345,sponsored_by,,program_initiative,Great Lakes Pantry technician productivity,lakeshore-holdings:program_initiative:great-lakes-pantry-technician-productivity,workforce_role,Great Lakes Pantry COO,,LH-PGM-ARB-TECH,high,none,unknown-relationship-type:sponsored_by; unresolved-to-node,quarantined-no-graph-materialization
lakeshore-holdings,LKH-12-6DBCE3D3E2,346,owns_technology_for,,workforce_role,Great Lakes Pantry IT Director,,program_initiative,Great Lakes Pantry technician productivity,lakeshore-holdings:program_initiative:great-lakes-pantry-technician-productivity,LH-PGM-ARB-TECH,high,none,unknown-relationship-type:owns_technology_for; unresolved-from-node,quarantined-no-graph-materialization
lakeshore-holdings,LKH-12-6D506E62D0,347,depends_on,DEPENDS_ON,program_initiative,Great Lakes Pantry technician productivity,lakeshore-holdings:program_initiative:great-lakes-pantry-technician-productivity,,Great Lakes Pantry Field Service,,LH-PGM-ARB-TECH,high,none,unknown-to-object-type:dependency,quarantined-no-graph-materialization
lakeshore-holdings,LKH-12-C1B696675C,348,depends_on,DEPENDS_ON,program_initiative,Great Lakes Pantry technician productivity,lakeshore-holdings:program_initiative:great-lakes-pantry-technician-productivity,,Workforce Scheduling,,LH-PGM-ARB-TECH,high,none,unknown-to-object-type:dependency,quarantined-no-graph-materialization
lakeshore-holdings,LKH-12-1BCA758F5E,349,has_risk,,program_initiative,Great Lakes Pantry technician productivity,lakeshore-holdings:program_initiative:great-lakes-pantry-technician-productivity,risk_control,Parts availability data is incomplete,,LH-PGM-ARB-TECH,high,none,unknown-relationship-type:has_risk; unresolved-to-node,quarantined-no-graph-materialization
lakeshore-holdings,LKH-12-110D21BF9F,350,sponsored_by,,program_initiative,Great Lakes Pantry billing leakage controls,lakeshore-holdings:program_initiative:great-lakes-pantry-billing-leakage-controls,workforce_role,Great Lakes Pantry CFO,,LH-PGM-ARB-BILL,high,none,unknown-relationship-type:sponsored_by; unresolved-to-node,quarantined-no-graph-materialization
lakeshore-holdings,LKH-12-7562F47CBC,351,owns_technology_for,,workforce_role,Great Lakes Pantry IT Director,,program_initiative,Great Lakes Pantry billing leakage controls,lakeshore-holdings:program_initiative:great-lakes-pantry-billing-leakage-controls,LH-PGM-ARB-BILL,high,none,unknown-relationship-type:owns_technology_for; unresolved-from-node,quarantined-no-graph-materialization
lakeshore-holdings,LKH-12-FA70FF9A9D,352,depends_on,DEPENDS_ON,program_initiative,Great Lakes Pantry billing leakage controls,lakeshore-holdings:program_initiative:great-lakes-pantry-billing-leakage-controls,,Billing Platform,,LH-PGM-ARB-BILL,high,none,unknown-to-object-type:dependency,quarantined-no-graph-materialization
lakeshore-holdings,LKH-12-4CC99227C9,353,depends_on,DEPENDS_ON,program_initiative,Great Lakes Pantry billing leakage controls,lakeshore-holdings:program_initiative:great-lakes-pantry-billing-leakage-controls,,Oracle Fusion ERP,,LH-PGM-ARB-BILL,high,none,unknown-to-object-type:dependency,quarantined-no-graph-materialization
lakeshore-holdings,LKH-12-2F8296C867,354,has_risk,,program_initiative,Great Lakes Pantry billing leakage controls,lakeshore-holdings:program_initiative:great-lakes-pantry-billing-leakage-controls,risk_control,Credit memo root-cause coding is thin,,LH-PGM-ARB-BILL,high,none,unknown-relationship-type:has_risk; unresolved-to-node,quarantined-no-graph-materialization
lakeshore-holdings,LKH-12-ADF832B067,355,sponsored_by,,program_initiative,Enterprise zero-trust access cleanup,lakeshore-holdings:program_initiative:enterprise-zero-trust-access-cleanup,workforce_role,CISO,,LH-PGM-ZT,high,none,unknown-relationship-type:sponsored_by; unresolved-to-node,quarantined-no-graph-materialization
lakeshore-holdings,LKH-12-3476666376,356,owns_technology_for,,workforce_role,VP Corporate Platforms,,program_initiative,Enterprise zero-trust access cleanup,lakeshore-holdings:program_initiative:enterprise-zero-trust-access-cleanup,LH-PGM-ZT,high,none,unknown-relationship-type:owns_technology_for; unresolved-from-node,quarantined-no-graph-materialization
lakeshore-holdings,LKH-12-82A24494A4,357,depends_on,DEPENDS_ON,program_initiative,Enterprise zero-trust access cleanup,lakeshore-holdings:program_initiative:enterprise-zero-trust-access-cleanup,,Entra ID,,LH-PGM-ZT,high,none,unknown-to-object-type:dependency,quarantined-no-graph-materialization
lakeshore-holdings,LKH-12-A7760B9E95,358,depends_on,DEPENDS_ON,program_initiative,Enterprise zero-trust access cleanup,lakeshore-holdings:program_initiative:enterprise-zero-trust-access-cleanup,,ServiceNow,,LH-PGM-ZT,high,none,unknown-to-object-type:dependency,quarantined-no-graph-materialization
lakeshore-holdings,LKH-12-093677F05E,359,depends_on,DEPENDS_ON,program_initiative,Enterprise zero-trust access cleanup,lakeshore-holdings:program_initiative:enterprise-zero-trust-access-cleanup,,opco apps,,LH-PGM-ZT,high,none,unknown-to-object-type:dependency,quarantined-no-graph-materialization
lakeshore-holdings,LKH-12-5E24FEA736,360,has_risk,,program_initiative,Enterprise zero-trust access cleanup,lakeshore-holdings:program_initiative:enterprise-zero-trust-access-cleanup,risk_control,Risk avoided is not a measured value claim,,LH-PGM-ZT,high,none,unknown-relationship-type:has_risk; unresolved-to-node,quarantined-no-graph-materialization
lakeshore-holdings,LKH-12-FA30921CAE,361,sponsored_by,,program_initiative,ServiceNow ITSM standardization,lakeshore-holdings:program_initiative:servicenow-itsm-standardization,workforce_role,Group CIO,,LH-PGM-ITSM,high,none,unknown-relationship-type:sponsored_by; unresolved-to-node,quarantined-no-graph-materialization
lakeshore-holdings,LKH-12-43703D2A52,362,owns_technology_for,,workforce_role,VP Corporate Platforms,,program_initiative,ServiceNow ITSM standardization,lakeshore-holdings:program_initiative:servicenow-itsm-standardization,LH-PGM-ITSM,high,none,unknown-relationship-type:owns_technology_for; unresolved-from-node,quarantined-no-graph-materialization
lakeshore-holdings,LKH-12-52C3E41B02,363,depends_on,DEPENDS_ON,program_initiative,ServiceNow ITSM standardization,lakeshore-holdings:program_initiative:servicenow-itsm-standardization,,ServiceNow ITSM,,LH-PGM-ITSM,high,none,unknown-to-object-type:dependency,quarantined-no-graph-materialization
lakeshore-holdings,LKH-12-74DD477E93,364,depends_on,DEPENDS_ON,program_initiative,ServiceNow ITSM standardization,lakeshore-holdings:program_initiative:servicenow-itsm-standardization,,opco service desks,,LH-PGM-ITSM,high,none,unknown-to-object-type:dependency,quarantined-no-graph-materialization
lakeshore-holdings,LKH-12-4833CF4B38,365,has_risk,,program_initiative,ServiceNow ITSM standardization,lakeshore-holdings:program_initiative:servicenow-itsm-standardization,risk_control,Opco service catalogs are inconsistent,,LH-PGM-ITSM,high,none,unknown-relationship-type:has_risk; unresolved-to-node,quarantined-no-graph-materialization
