tenant_key,node_id,business_label,node_type,source_file,readable_summary,confidence,caveat,source_file,source_row,value_source
skyharbor-air,SHA-IT-001,Office of Chief Digital & Technology Officer,org_team,family-8-semantic-enrichment/F25_context-node-dictionary.csv,Org Team node used for semantic graph and diagram answers.,0.68,Generated dictionary row from loaded source records; explicit business glossary can improve labels.,family-8-semantic-enrichment/F25_context-node-dictionary.csv,2,tenant_file
skyharbor-air,SHA-IT-002,Airline Operations Systems,org_team,family-8-semantic-enrichment/F25_context-node-dictionary.csv,Org Team node used for semantic graph and diagram answers.,0.68,Generated dictionary row from loaded source records; explicit business glossary can improve labels.,family-8-semantic-enrichment/F25_context-node-dictionary.csv,3,tenant_file
skyharbor-air,SHA-IT-003,Crew and Flight Operations Platforms,org_team,family-8-semantic-enrichment/F25_context-node-dictionary.csv,Org Team node used for semantic graph and diagram answers.,0.68,Generated dictionary row from loaded source records; explicit business glossary can improve labels.,family-8-semantic-enrichment/F25_context-node-dictionary.csv,4,tenant_file
skyharbor-air,SHA-IT-004,"Airport, Baggage and Turnaround Systems",org_team,family-8-semantic-enrichment/F25_context-node-dictionary.csv,Org Team node used for semantic graph and diagram answers.,0.68,Generated dictionary row from loaded source records; explicit business glossary can improve labels.,family-8-semantic-enrichment/F25_context-node-dictionary.csv,5,tenant_file
skyharbor-air,SHA-IT-005,TechOps and MRO Systems,org_team,family-8-semantic-enrichment/F25_context-node-dictionary.csv,Org Team node used for semantic graph and diagram answers.,0.68,Generated dictionary row from loaded source records; explicit business glossary can improve labels.,family-8-semantic-enrichment/F25_context-node-dictionary.csv,6,tenant_file
skyharbor-air,SHA-IT-006,Revenue Management and Pricing Technology,org_team,family-8-semantic-enrichment/F25_context-node-dictionary.csv,Org Team node used for semantic graph and diagram answers.,0.68,Generated dictionary row from loaded source records; explicit business glossary can improve labels.,family-8-semantic-enrichment/F25_context-node-dictionary.csv,7,tenant_file
skyharbor-air,SHA-IT-007,Loyalty and Customer Platforms,org_team,family-8-semantic-enrichment/F25_context-node-dictionary.csv,Org Team node used for semantic graph and diagram answers.,0.68,Generated dictionary row from loaded source records; explicit business glossary can improve labels.,family-8-semantic-enrichment/F25_context-node-dictionary.csv,8,tenant_file
skyharbor-air,SHA-IT-008,Digital Commerce and Mobile,org_team,family-8-semantic-enrichment/F25_context-node-dictionary.csv,Org Team node used for semantic graph and diagram answers.,0.68,Generated dictionary row from loaded source records; explicit business glossary can improve labels.,family-8-semantic-enrichment/F25_context-node-dictionary.csv,9,tenant_file
skyharbor-air,SHA-IT-009,Enterprise Platforms / IBM Z,org_team,family-8-semantic-enrichment/F25_context-node-dictionary.csv,Org Team node used for semantic graph and diagram answers.,0.68,Generated dictionary row from loaded source records; explicit business glossary can improve labels.,family-8-semantic-enrichment/F25_context-node-dictionary.csv,10,tenant_file
skyharbor-air,SHA-IT-010,AWS Cloud Platform Engineering,org_team,family-8-semantic-enrichment/F25_context-node-dictionary.csv,Org Team node used for semantic graph and diagram answers.,0.68,Generated dictionary row from loaded source records; explicit business glossary can improve labels.,family-8-semantic-enrichment/F25_context-node-dictionary.csv,11,tenant_file
skyharbor-air,SHA-IT-011,Data Platforms and BI,org_team,family-8-semantic-enrichment/F25_context-node-dictionary.csv,Org Team node used for semantic graph and diagram answers.,0.68,Generated dictionary row from loaded source records; explicit business glossary can improve labels.,family-8-semantic-enrichment/F25_context-node-dictionary.csv,12,tenant_file
skyharbor-air,SHA-IT-012,"Enterprise Integration, APIs and Eventing",org_team,family-8-semantic-enrichment/F25_context-node-dictionary.csv,Org Team node used for semantic graph and diagram answers.,0.68,Generated dictionary row from loaded source records; explicit business glossary can improve labels.,family-8-semantic-enrichment/F25_context-node-dictionary.csv,13,tenant_file
skyharbor-air,SHA-IT-013,SAP and Corporate Systems,org_team,family-8-semantic-enrichment/F25_context-node-dictionary.csv,Org Team node used for semantic graph and diagram answers.,0.68,Generated dictionary row from loaded source records; explicit business glossary can improve labels.,family-8-semantic-enrichment/F25_context-node-dictionary.csv,14,tenant_file
skyharbor-air,SHA-IT-014,ServiceNow / ITSM / SRE,org_team,family-8-semantic-enrichment/F25_context-node-dictionary.csv,Org Team node used for semantic graph and diagram answers.,0.68,Generated dictionary row from loaded source records; explicit business glossary can improve labels.,family-8-semantic-enrichment/F25_context-node-dictionary.csv,15,tenant_file
skyharbor-air,SHA-IT-015,Cybersecurity and Resilience Engineering,org_team,family-8-semantic-enrichment/F25_context-node-dictionary.csv,Org Team node used for semantic graph and diagram answers.,0.68,Generated dictionary row from loaded source records; explicit business glossary can improve labels.,family-8-semantic-enrichment/F25_context-node-dictionary.csv,16,tenant_file
skyharbor-air,SHA-IT-016,AI Governance and Agentic Platform Office,org_team,family-8-semantic-enrichment/F25_context-node-dictionary.csv,Org Team node used for semantic graph and diagram answers.,0.68,Generated dictionary row from loaded source records; explicit business glossary can improve labels.,family-8-semantic-enrichment/F25_context-node-dictionary.csv,17,tenant_file
skyharbor-air,SHA-IT-017,Developer Experience and SDLC Tooling,org_team,family-8-semantic-enrichment/F25_context-node-dictionary.csv,Org Team node used for semantic graph and diagram answers.,0.68,Generated dictionary row from loaded source records; explicit business glossary can improve labels.,family-8-semantic-enrichment/F25_context-node-dictionary.csv,18,tenant_file
skyharbor-air,SHA-IT-018,Architecture and Technology Strategy,org_team,family-8-semantic-enrichment/F25_context-node-dictionary.csv,Org Team node used for semantic graph and diagram answers.,0.68,Generated dictionary row from loaded source records; explicit business glossary can improve labels.,family-8-semantic-enrichment/F25_context-node-dictionary.csv,19,tenant_file
skyharbor-air,SHA-BF-001,Operations Control Center / IROPS,business_function,family-8-semantic-enrichment/F25_context-node-dictionary.csv,Business Function node used for semantic graph and diagram answers.,0.68,Generated dictionary row from loaded source records; explicit business glossary can improve labels.,family-8-semantic-enrichment/F25_context-node-dictionary.csv,20,tenant_file
skyharbor-air,SHA-BF-002,Flight Operations,business_function,family-8-semantic-enrichment/F25_context-node-dictionary.csv,Business Function node used for semantic graph and diagram answers.,0.68,Generated dictionary row from loaded source records; explicit business glossary can improve labels.,family-8-semantic-enrichment/F25_context-node-dictionary.csv,21,tenant_file
skyharbor-air,SHA-BF-003,Crew Operations,business_function,family-8-semantic-enrichment/F25_context-node-dictionary.csv,Business Function node used for semantic graph and diagram answers.,0.68,Generated dictionary row from loaded source records; explicit business glossary can improve labels.,family-8-semantic-enrichment/F25_context-node-dictionary.csv,22,tenant_file
skyharbor-air,SHA-BF-004,Airport Customer Service,business_function,family-8-semantic-enrichment/F25_context-node-dictionary.csv,Business Function node used for semantic graph and diagram answers.,0.68,Generated dictionary row from loaded source records; explicit business glossary can improve labels.,family-8-semantic-enrichment/F25_context-node-dictionary.csv,23,tenant_file
skyharbor-air,SHA-BF-005,TechOps / MRO,business_function,family-8-semantic-enrichment/F25_context-node-dictionary.csv,Business Function node used for semantic graph and diagram answers.,0.68,Generated dictionary row from loaded source records; explicit business glossary can improve labels.,family-8-semantic-enrichment/F25_context-node-dictionary.csv,24,tenant_file
skyharbor-air,SHA-BF-006,Customer Experience,business_function,family-8-semantic-enrichment/F25_context-node-dictionary.csv,Business Function node used for semantic graph and diagram answers.,0.68,Generated dictionary row from loaded source records; explicit business glossary can improve labels.,family-8-semantic-enrichment/F25_context-node-dictionary.csv,25,tenant_file
skyharbor-air,SHA-BF-007,Digital Commerce,business_function,family-8-semantic-enrichment/F25_context-node-dictionary.csv,Business Function node used for semantic graph and diagram answers.,0.68,Generated dictionary row from loaded source records; explicit business glossary can improve labels.,family-8-semantic-enrichment/F25_context-node-dictionary.csv,26,tenant_file
skyharbor-air,SHA-BF-008,Loyalty and Co-brand,business_function,family-8-semantic-enrichment/F25_context-node-dictionary.csv,Business Function node used for semantic graph and diagram answers.,0.68,Generated dictionary row from loaded source records; explicit business glossary can improve labels.,family-8-semantic-enrichment/F25_context-node-dictionary.csv,27,tenant_file
skyharbor-air,SHA-BF-009,Revenue Management,business_function,family-8-semantic-enrichment/F25_context-node-dictionary.csv,Business Function node used for semantic graph and diagram answers.,0.68,Generated dictionary row from loaded source records; explicit business glossary can improve labels.,family-8-semantic-enrichment/F25_context-node-dictionary.csv,28,tenant_file
skyharbor-air,SHA-BF-010,Network Planning,business_function,family-8-semantic-enrichment/F25_context-node-dictionary.csv,Business Function node used for semantic graph and diagram answers.,0.68,Generated dictionary row from loaded source records; explicit business glossary can improve labels.,family-8-semantic-enrichment/F25_context-node-dictionary.csv,29,tenant_file
skyharbor-air,SHA-BF-011,Cargo,business_function,family-8-semantic-enrichment/F25_context-node-dictionary.csv,Business Function node used for semantic graph and diagram answers.,0.68,Generated dictionary row from loaded source records; explicit business glossary can improve labels.,family-8-semantic-enrichment/F25_context-node-dictionary.csv,30,tenant_file
skyharbor-air,SHA-BF-012,Finance and Treasury,business_function,family-8-semantic-enrichment/F25_context-node-dictionary.csv,Business Function node used for semantic graph and diagram answers.,0.68,Generated dictionary row from loaded source records; explicit business glossary can improve labels.,family-8-semantic-enrichment/F25_context-node-dictionary.csv,31,tenant_file
skyharbor-air,SHA-BF-013,Procurement and Vendor Management,business_function,family-8-semantic-enrichment/F25_context-node-dictionary.csv,Business Function node used for semantic graph and diagram answers.,0.68,Generated dictionary row from loaded source records; explicit business glossary can improve labels.,family-8-semantic-enrichment/F25_context-node-dictionary.csv,32,tenant_file
skyharbor-air,SHA-BF-014,People / HR,business_function,family-8-semantic-enrichment/F25_context-node-dictionary.csv,Business Function node used for semantic graph and diagram answers.,0.68,Generated dictionary row from loaded source records; explicit business glossary can improve labels.,family-8-semantic-enrichment/F25_context-node-dictionary.csv,33,tenant_file
skyharbor-air,SHA-BF-015,"Legal, Regulatory, DOT Consumer",business_function,family-8-semantic-enrichment/F25_context-node-dictionary.csv,Business Function node used for semantic graph and diagram answers.,0.68,Generated dictionary row from loaded source records; explicit business glossary can improve labels.,family-8-semantic-enrichment/F25_context-node-dictionary.csv,34,tenant_file
skyharbor-air,SHA-BF-016,Safety and Compliance,business_function,family-8-semantic-enrichment/F25_context-node-dictionary.csv,Business Function node used for semantic graph and diagram answers.,0.68,Generated dictionary row from loaded source records; explicit business glossary can improve labels.,family-8-semantic-enrichment/F25_context-node-dictionary.csv,35,tenant_file
skyharbor-air,SHA-BF-017,Digital and Technology,business_function,family-8-semantic-enrichment/F25_context-node-dictionary.csv,Business Function node used for semantic graph and diagram answers.,0.68,Generated dictionary row from loaded source records; explicit business glossary can improve labels.,family-8-semantic-enrichment/F25_context-node-dictionary.csv,36,tenant_file
skyharbor-air,SHA-BF-018,"Data, Analytics and AI",business_function,family-8-semantic-enrichment/F25_context-node-dictionary.csv,Business Function node used for semantic graph and diagram answers.,0.68,Generated dictionary row from loaded source records; explicit business glossary can improve labels.,family-8-semantic-enrichment/F25_context-node-dictionary.csv,37,tenant_file
skyharbor-air,SHA-BF-019,Cybersecurity and Resilience,business_function,family-8-semantic-enrichment/F25_context-node-dictionary.csv,Business Function node used for semantic graph and diagram answers.,0.68,Generated dictionary row from loaded source records; explicit business glossary can improve labels.,family-8-semantic-enrichment/F25_context-node-dictionary.csv,38,tenant_file
skyharbor-air,SHA-BF-020,Corporate Strategy and Transformation,business_function,family-8-semantic-enrichment/F25_context-node-dictionary.csv,Business Function node used for semantic graph and diagram answers.,0.68,Generated dictionary row from loaded source records; explicit business glossary can improve labels.,family-8-semantic-enrichment/F25_context-node-dictionary.csv,39,tenant_file
skyharbor-air,APP-00001,Security-Custom-Suite-0001,application,family-8-semantic-enrichment/F25_context-node-dictionary.csv,Application node used for semantic graph and diagram answers.,0.68,Generated dictionary row from loaded source records; explicit business glossary can improve labels.,family-8-semantic-enrichment/F25_context-node-dictionary.csv,40,tenant_file
skyharbor-air,APP-00002,Disruption-Snowflake-Manager-0002,application,family-8-semantic-enrichment/F25_context-node-dictionary.csv,Application node used for semantic graph and diagram answers.,0.68,Generated dictionary row from loaded source records; explicit business glossary can improve labels.,family-8-semantic-enrichment/F25_context-node-dictionary.csv,41,tenant_file
skyharbor-air,APP-00003,Digital-SITA-Platform-0003,application,family-8-semantic-enrichment/F25_context-node-dictionary.csv,Application node used for semantic graph and diagram answers.,0.68,Generated dictionary row from loaded source records; explicit business glossary can improve labels.,family-8-semantic-enrichment/F25_context-node-dictionary.csv,42,tenant_file
skyharbor-air,APP-00004,Crew-TCS-Hub-0004,application,family-8-semantic-enrichment/F25_context-node-dictionary.csv,Application node used for semantic graph and diagram answers.,0.68,Generated dictionary row from loaded source records; explicit business glossary can improve labels.,family-8-semantic-enrichment/F25_context-node-dictionary.csv,43,tenant_file
skyharbor-air,APP-00005,Corporate-SITA-Service-0005,application,family-8-semantic-enrichment/F25_context-node-dictionary.csv,Application node used for semantic graph and diagram answers.,0.68,Generated dictionary row from loaded source records; explicit business glossary can improve labels.,family-8-semantic-enrichment/F25_context-node-dictionary.csv,44,tenant_file
skyharbor-air,APP-00006,Airworthiness-ServiceNow-Hub-0006,application,family-8-semantic-enrichment/F25_context-node-dictionary.csv,Application node used for semantic graph and diagram answers.,0.68,Generated dictionary row from loaded source records; explicit business glossary can improve labels.,family-8-semantic-enrichment/F25_context-node-dictionary.csv,45,tenant_file
skyharbor-air,APP-00007,Corporate-Lufthansa Systems-Engine-0007,application,family-8-semantic-enrichment/F25_context-node-dictionary.csv,Application node used for semantic graph and diagram answers.,0.68,Generated dictionary row from loaded source records; explicit business glossary can improve labels.,family-8-semantic-enrichment/F25_context-node-dictionary.csv,46,tenant_file
skyharbor-air,APP-00008,Inventory-Sabre-Suite-0008,application,family-8-semantic-enrichment/F25_context-node-dictionary.csv,Application node used for semantic graph and diagram answers.,0.68,Generated dictionary row from loaded source records; explicit business glossary can improve labels.,family-8-semantic-enrichment/F25_context-node-dictionary.csv,47,tenant_file
skyharbor-air,APP-00009,Customer-ServiceNow-Suite-0009,application,family-8-semantic-enrichment/F25_context-node-dictionary.csv,Application node used for semantic graph and diagram answers.,0.68,Generated dictionary row from loaded source records; explicit business glossary can improve labels.,family-8-semantic-enrichment/F25_context-node-dictionary.csv,48,tenant_file
skyharbor-air,APP-00010,Real-Oracle-Service-0010,application,family-8-semantic-enrichment/F25_context-node-dictionary.csv,Application node used for semantic graph and diagram answers.,0.68,Generated dictionary row from loaded source records; explicit business glossary can improve labels.,family-8-semantic-enrichment/F25_context-node-dictionary.csv,49,tenant_file
skyharbor-air,APP-00011,Digital-Hexaware-Service-0011,application,family-8-semantic-enrichment/F25_context-node-dictionary.csv,Application node used for semantic graph and diagram answers.,0.68,Generated dictionary row from loaded source records; explicit business glossary can improve labels.,family-8-semantic-enrichment/F25_context-node-dictionary.csv,50,tenant_file
skyharbor-air,APP-00012,Treasury-AIMS-Service-0012,application,family-8-semantic-enrichment/F25_context-node-dictionary.csv,Application node used for semantic graph and diagram answers.,0.68,Generated dictionary row from loaded source records; explicit business glossary can improve labels.,family-8-semantic-enrichment/F25_context-node-dictionary.csv,51,tenant_file
skyharbor-air,APP-00013,Irregular-Teradata-Hub-0013,application,family-8-semantic-enrichment/F25_context-node-dictionary.csv,Application node used for semantic graph and diagram answers.,0.68,Generated dictionary row from loaded source records; explicit business glossary can improve labels.,family-8-semantic-enrichment/F25_context-node-dictionary.csv,52,tenant_file
skyharbor-air,APP-00014,Cloud-SITA-Engine-0014,application,family-8-semantic-enrichment/F25_context-node-dictionary.csv,Application node used for semantic graph and diagram answers.,0.68,Generated dictionary row from loaded source records; explicit business glossary can improve labels.,family-8-semantic-enrichment/F25_context-node-dictionary.csv,53,tenant_file
skyharbor-air,APP-00015,Reliability-AIMS-Suite-0015,application,family-8-semantic-enrichment/F25_context-node-dictionary.csv,Application node used for semantic graph and diagram answers.,0.68,Generated dictionary row from loaded source records; explicit business glossary can improve labels.,family-8-semantic-enrichment/F25_context-node-dictionary.csv,54,tenant_file
skyharbor-air,APP-00016,Ground-Adobe-Manager-0016,application,family-8-semantic-enrichment/F25_context-node-dictionary.csv,Application node used for semantic graph and diagram answers.,0.68,Generated dictionary row from loaded source records; explicit business glossary can improve labels.,family-8-semantic-enrichment/F25_context-node-dictionary.csv,55,tenant_file
skyharbor-air,APP-00017,Lounge-Lufthansa Systems-Manager-0017,application,family-8-semantic-enrichment/F25_context-node-dictionary.csv,Application node used for semantic graph and diagram answers.,0.68,Generated dictionary row from loaded source records; explicit business glossary can improve labels.,family-8-semantic-enrichment/F25_context-node-dictionary.csv,56,tenant_file
skyharbor-air,APP-00018,Loyalty-Amadeus-Service-0018,application,family-8-semantic-enrichment/F25_context-node-dictionary.csv,Application node used for semantic graph and diagram answers.,0.68,Generated dictionary row from loaded source records; explicit business glossary can improve labels.,family-8-semantic-enrichment/F25_context-node-dictionary.csv,57,tenant_file
skyharbor-air,APP-00019,MRO-Snowflake-Manager-0019,application,family-8-semantic-enrichment/F25_context-node-dictionary.csv,Application node used for semantic graph and diagram answers.,0.68,Generated dictionary row from loaded source records; explicit business glossary can improve labels.,family-8-semantic-enrichment/F25_context-node-dictionary.csv,58,tenant_file
skyharbor-air,APP-00020,HR-Hexaware-Platform-0020,application,family-8-semantic-enrichment/F25_context-node-dictionary.csv,Application node used for semantic graph and diagram answers.,0.68,Generated dictionary row from loaded source records; explicit business glossary can improve labels.,family-8-semantic-enrichment/F25_context-node-dictionary.csv,59,tenant_file
skyharbor-air,APP-00021,Loyalty-Databricks-Platform-0021,application,family-8-semantic-enrichment/F25_context-node-dictionary.csv,Application node used for semantic graph and diagram answers.,0.68,Generated dictionary row from loaded source records; explicit business glossary can improve labels.,family-8-semantic-enrichment/F25_context-node-dictionary.csv,60,tenant_file
skyharbor-air,APP-00022,Treasury-Sabre AirVision-Manager-0022,application,family-8-semantic-enrichment/F25_context-node-dictionary.csv,Application node used for semantic graph and diagram answers.,0.68,Generated dictionary row from loaded source records; explicit business glossary can improve labels.,family-8-semantic-enrichment/F25_context-node-dictionary.csv,61,tenant_file
skyharbor-air,APP-00023,Ancillary-Sabre-Hub-0023,application,family-8-semantic-enrichment/F25_context-node-dictionary.csv,Application node used for semantic graph and diagram answers.,0.68,Generated dictionary row from loaded source records; explicit business glossary can improve labels.,family-8-semantic-enrichment/F25_context-node-dictionary.csv,62,tenant_file
skyharbor-air,APP-00024,Procurement-Databricks-Engine-0024,application,family-8-semantic-enrichment/F25_context-node-dictionary.csv,Application node used for semantic graph and diagram answers.,0.68,Generated dictionary row from loaded source records; explicit business glossary can improve labels.,family-8-semantic-enrichment/F25_context-node-dictionary.csv,63,tenant_file
skyharbor-air,APP-00025,Compute-Workday-Suite-0025,application,family-8-semantic-enrichment/F25_context-node-dictionary.csv,Application node used for semantic graph and diagram answers.,0.68,Generated dictionary row from loaded source records; explicit business glossary can improve labels.,family-8-semantic-enrichment/F25_context-node-dictionary.csv,64,tenant_file
skyharbor-air,APP-00026,Revenue-Databricks-Hub-0026,application,family-8-semantic-enrichment/F25_context-node-dictionary.csv,Application node used for semantic graph and diagram answers.,0.68,Generated dictionary row from loaded source records; explicit business glossary can improve labels.,family-8-semantic-enrichment/F25_context-node-dictionary.csv,65,tenant_file
skyharbor-air,APP-00027,Data-Jeppesen-Engine-0027,application,family-8-semantic-enrichment/F25_context-node-dictionary.csv,Application node used for semantic graph and diagram answers.,0.68,Generated dictionary row from loaded source records; explicit business glossary can improve labels.,family-8-semantic-enrichment/F25_context-node-dictionary.csv,66,tenant_file
skyharbor-air,APP-00028,Maintenance-Teradata-Hub-0028,application,family-8-semantic-enrichment/F25_context-node-dictionary.csv,Application node used for semantic graph and diagram answers.,0.68,Generated dictionary row from loaded source records; explicit business glossary can improve labels.,family-8-semantic-enrichment/F25_context-node-dictionary.csv,67,tenant_file
skyharbor-air,APP-00029,Procurement-Jeppesen-Platform-0029,application,family-8-semantic-enrichment/F25_context-node-dictionary.csv,Application node used for semantic graph and diagram answers.,0.68,Generated dictionary row from loaded source records; explicit business glossary can improve labels.,family-8-semantic-enrichment/F25_context-node-dictionary.csv,68,tenant_file
skyharbor-air,APP-00030,Disruption-Sabre-Platform-0030,application,family-8-semantic-enrichment/F25_context-node-dictionary.csv,Application node used for semantic graph and diagram answers.,0.68,Generated dictionary row from loaded source records; explicit business glossary can improve labels.,family-8-semantic-enrichment/F25_context-node-dictionary.csv,69,tenant_file
skyharbor-air,APP-00031,Cargo-TCS-Platform-0031,application,family-8-semantic-enrichment/F25_context-node-dictionary.csv,Application node used for semantic graph and diagram answers.,0.68,Generated dictionary row from loaded source records; explicit business glossary can improve labels.,family-8-semantic-enrichment/F25_context-node-dictionary.csv,70,tenant_file
skyharbor-air,APP-00032,Data-Snowflake-Hub-0032,application,family-8-semantic-enrichment/F25_context-node-dictionary.csv,Application node used for semantic graph and diagram answers.,0.68,Generated dictionary row from loaded source records; explicit business glossary can improve labels.,family-8-semantic-enrichment/F25_context-node-dictionary.csv,71,tenant_file
skyharbor-air,APP-00033,Inventory-Sabre-Platform-0033,application,family-8-semantic-enrichment/F25_context-node-dictionary.csv,Application node used for semantic graph and diagram answers.,0.68,Generated dictionary row from loaded source records; explicit business glossary can improve labels.,family-8-semantic-enrichment/F25_context-node-dictionary.csv,72,tenant_file
skyharbor-air,APP-00034,Flight-Microsoft-Platform-0034,application,family-8-semantic-enrichment/F25_context-node-dictionary.csv,Application node used for semantic graph and diagram answers.,0.68,Generated dictionary row from loaded source records; explicit business glossary can improve labels.,family-8-semantic-enrichment/F25_context-node-dictionary.csv,73,tenant_file
skyharbor-air,APP-00035,Parts-Salesforce-Manager-0035,application,family-8-semantic-enrichment/F25_context-node-dictionary.csv,Application node used for semantic graph and diagram answers.,0.68,Generated dictionary row from loaded source records; explicit business glossary can improve labels.,family-8-semantic-enrichment/F25_context-node-dictionary.csv,74,tenant_file
skyharbor-air,APP-00036,Investor-Teradata-Engine-0036,application,family-8-semantic-enrichment/F25_context-node-dictionary.csv,Application node used for semantic graph and diagram answers.,0.68,Generated dictionary row from loaded source records; explicit business glossary can improve labels.,family-8-semantic-enrichment/F25_context-node-dictionary.csv,75,tenant_file
skyharbor-air,APP-00037,Network-ServiceNow-Hub-0037,application,family-8-semantic-enrichment/F25_context-node-dictionary.csv,Application node used for semantic graph and diagram answers.,0.68,Generated dictionary row from loaded source records; explicit business glossary can improve labels.,family-8-semantic-enrichment/F25_context-node-dictionary.csv,76,tenant_file
skyharbor-air,APP-00038,Baggage-Teradata-Engine-0038,application,family-8-semantic-enrichment/F25_context-node-dictionary.csv,Application node used for semantic graph and diagram answers.,0.68,Generated dictionary row from loaded source records; explicit business glossary can improve labels.,family-8-semantic-enrichment/F25_context-node-dictionary.csv,77,tenant_file
skyharbor-air,APP-00039,Weight-Microsoft-Suite-0039,application,family-8-semantic-enrichment/F25_context-node-dictionary.csv,Application node used for semantic graph and diagram answers.,0.68,Generated dictionary row from loaded source records; explicit business glossary can improve labels.,family-8-semantic-enrichment/F25_context-node-dictionary.csv,78,tenant_file
skyharbor-air,APP-00040,Treasury-ServiceNow-Platform-0040,application,family-8-semantic-enrichment/F25_context-node-dictionary.csv,Application node used for semantic graph and diagram answers.,0.68,Generated dictionary row from loaded source records; explicit business glossary can improve labels.,family-8-semantic-enrichment/F25_context-node-dictionary.csv,79,tenant_file
skyharbor-air,APP-00041,Disruption-Sabre AirVision-Suite-0041,application,family-8-semantic-enrichment/F25_context-node-dictionary.csv,Application node used for semantic graph and diagram answers.,0.68,Generated dictionary row from loaded source records; explicit business glossary can improve labels.,family-8-semantic-enrichment/F25_context-node-dictionary.csv,80,tenant_file
skyharbor-air,APP-00042,Storage-Accenture-Suite-0042,application,family-8-semantic-enrichment/F25_context-node-dictionary.csv,Application node used for semantic graph and diagram answers.,0.68,Generated dictionary row from loaded source records; explicit business glossary can improve labels.,family-8-semantic-enrichment/F25_context-node-dictionary.csv,81,tenant_file
skyharbor-air,APP-00043,Self-Service-SITA-Suite-0043,application,family-8-semantic-enrichment/F25_context-node-dictionary.csv,Application node used for semantic graph and diagram answers.,0.68,Generated dictionary row from loaded source records; explicit business glossary can improve labels.,family-8-semantic-enrichment/F25_context-node-dictionary.csv,82,tenant_file
skyharbor-air,APP-00044,HR-SAP-Manager-0044,application,family-8-semantic-enrichment/F25_context-node-dictionary.csv,Application node used for semantic graph and diagram answers.,0.68,Generated dictionary row from loaded source records; explicit business glossary can improve labels.,family-8-semantic-enrichment/F25_context-node-dictionary.csv,83,tenant_file
skyharbor-air,APP-00045,Gate-Oracle-Hub-0045,application,family-8-semantic-enrichment/F25_context-node-dictionary.csv,Application node used for semantic graph and diagram answers.,0.68,Generated dictionary row from loaded source records; explicit business glossary can improve labels.,family-8-semantic-enrichment/F25_context-node-dictionary.csv,84,tenant_file
skyharbor-air,APP-00046,Customer-Salesforce-Engine-0046,application,family-8-semantic-enrichment/F25_context-node-dictionary.csv,Application node used for semantic graph and diagram answers.,0.68,Generated dictionary row from loaded source records; explicit business glossary can improve labels.,family-8-semantic-enrichment/F25_context-node-dictionary.csv,85,tenant_file
skyharbor-air,APP-00047,Slot-Jeppesen-Suite-0047,application,family-8-semantic-enrichment/F25_context-node-dictionary.csv,Application node used for semantic graph and diagram answers.,0.68,Generated dictionary row from loaded source records; explicit business glossary can improve labels.,family-8-semantic-enrichment/F25_context-node-dictionary.csv,86,tenant_file
skyharbor-air,APP-00048,Crew-Workday-Manager-0048,application,family-8-semantic-enrichment/F25_context-node-dictionary.csv,Application node used for semantic graph and diagram answers.,0.68,Generated dictionary row from loaded source records; explicit business glossary can improve labels.,family-8-semantic-enrichment/F25_context-node-dictionary.csv,87,tenant_file
skyharbor-air,APP-00049,Data-Jeppesen-Service-0049,application,family-8-semantic-enrichment/F25_context-node-dictionary.csv,Application node used for semantic graph and diagram answers.,0.68,Generated dictionary row from loaded source records; explicit business glossary can improve labels.,family-8-semantic-enrichment/F25_context-node-dictionary.csv,88,tenant_file
skyharbor-air,APP-00050,Network-Teradata-Hub-0050,application,family-8-semantic-enrichment/F25_context-node-dictionary.csv,Application node used for semantic graph and diagram answers.,0.68,Generated dictionary row from loaded source records; explicit business glossary can improve labels.,family-8-semantic-enrichment/F25_context-node-dictionary.csv,89,tenant_file
skyharbor-air,APP-00051,Corporate-AIMS-Service-0051,application,family-8-semantic-enrichment/F25_context-node-dictionary.csv,Application node used for semantic graph and diagram answers.,0.68,Generated dictionary row from loaded source records; explicit business glossary can improve labels.,family-8-semantic-enrichment/F25_context-node-dictionary.csv,90,tenant_file
skyharbor-air,APP-00052,Self-Service-Lufthansa Systems-Suite-0052,application,family-8-semantic-enrichment/F25_context-node-dictionary.csv,Application node used for semantic graph and diagram answers.,0.68,Generated dictionary row from loaded source records; explicit business glossary can improve labels.,family-8-semantic-enrichment/F25_context-node-dictionary.csv,91,tenant_file
skyharbor-air,APP-00053,Cloud-TCS-Hub-0053,application,family-8-semantic-enrichment/F25_context-node-dictionary.csv,Application node used for semantic graph and diagram answers.,0.68,Generated dictionary row from loaded source records; explicit business glossary can improve labels.,family-8-semantic-enrichment/F25_context-node-dictionary.csv,92,tenant_file
skyharbor-air,APP-00054,Maintenance-Sabre AirVision-Service-0054,application,family-8-semantic-enrichment/F25_context-node-dictionary.csv,Application node used for semantic graph and diagram answers.,0.68,Generated dictionary row from loaded source records; explicit business glossary can improve labels.,family-8-semantic-enrichment/F25_context-node-dictionary.csv,93,tenant_file
skyharbor-air,APP-00055,Tax-TCS-Suite-0055,application,family-8-semantic-enrichment/F25_context-node-dictionary.csv,Application node used for semantic graph and diagram answers.,0.68,Generated dictionary row from loaded source records; explicit business glossary can improve labels.,family-8-semantic-enrichment/F25_context-node-dictionary.csv,94,tenant_file
skyharbor-air,APP-00056,Observability-TCS-Suite-0056,application,family-8-semantic-enrichment/F25_context-node-dictionary.csv,Application node used for semantic graph and diagram answers.,0.68,Generated dictionary row from loaded source records; explicit business glossary can improve labels.,family-8-semantic-enrichment/F25_context-node-dictionary.csv,95,tenant_file
skyharbor-air,APP-00057,Irregular-Microsoft-Suite-0057,application,family-8-semantic-enrichment/F25_context-node-dictionary.csv,Application node used for semantic graph and diagram answers.,0.68,Generated dictionary row from loaded source records; explicit business glossary can improve labels.,family-8-semantic-enrichment/F25_context-node-dictionary.csv,96,tenant_file
skyharbor-air,APP-00058,Contact-AIMS-Suite-0058,application,family-8-semantic-enrichment/F25_context-node-dictionary.csv,Application node used for semantic graph and diagram answers.,0.68,Generated dictionary row from loaded source records; explicit business glossary can improve labels.,family-8-semantic-enrichment/F25_context-node-dictionary.csv,97,tenant_file
skyharbor-air,APP-00059,Data-Accenture-Manager-0059,application,family-8-semantic-enrichment/F25_context-node-dictionary.csv,Application node used for semantic graph and diagram answers.,0.68,Generated dictionary row from loaded source records; explicit business glossary can improve labels.,family-8-semantic-enrichment/F25_context-node-dictionary.csv,98,tenant_file
skyharbor-air,APP-00060,Parts-Oracle-Service-0060,application,family-8-semantic-enrichment/F25_context-node-dictionary.csv,Application node used for semantic graph and diagram answers.,0.68,Generated dictionary row from loaded source records; explicit business glossary can improve labels.,family-8-semantic-enrichment/F25_context-node-dictionary.csv,99,tenant_file
skyharbor-air,APP-00061,Crew-IBM-Hub-0061,application,family-8-semantic-enrichment/F25_context-node-dictionary.csv,Application node used for semantic graph and diagram answers.,0.68,Generated dictionary row from loaded source records; explicit business glossary can improve labels.,family-8-semantic-enrichment/F25_context-node-dictionary.csv,100,tenant_file
skyharbor-air,APP-00062,Contact-TCS-Engine-0062,application,family-8-semantic-enrichment/F25_context-node-dictionary.csv,Application node used for semantic graph and diagram answers.,0.68,Generated dictionary row from loaded source records; explicit business glossary can improve labels.,family-8-semantic-enrichment/F25_context-node-dictionary.csv,101,tenant_file
skyharbor-air,APP-00063,Network-Sabre AirVision-Suite-0063,application,family-8-semantic-enrichment/F25_context-node-dictionary.csv,Application node used for semantic graph and diagram answers.,0.68,Generated dictionary row from loaded source records; explicit business glossary can improve labels.,family-8-semantic-enrichment/F25_context-node-dictionary.csv,102,tenant_file
skyharbor-air,APP-00064,ML-Sabre AirVision-Suite-0064,application,family-8-semantic-enrichment/F25_context-node-dictionary.csv,Application node used for semantic graph and diagram answers.,0.68,Generated dictionary row from loaded source records; explicit business glossary can improve labels.,family-8-semantic-enrichment/F25_context-node-dictionary.csv,103,tenant_file
skyharbor-air,APP-00065,Tax-Custom-Manager-0065,application,family-8-semantic-enrichment/F25_context-node-dictionary.csv,Application node used for semantic graph and diagram answers.,0.68,Generated dictionary row from loaded source records; explicit business glossary can improve labels.,family-8-semantic-enrichment/F25_context-node-dictionary.csv,104,tenant_file
skyharbor-air,APP-00066,Gate-AIMS-Manager-0066,application,family-8-semantic-enrichment/F25_context-node-dictionary.csv,Application node used for semantic graph and diagram answers.,0.68,Generated dictionary row from loaded source records; explicit business glossary can improve labels.,family-8-semantic-enrichment/F25_context-node-dictionary.csv,105,tenant_file
skyharbor-air,APP-00067,Pricing-Teradata-Manager-0067,application,family-8-semantic-enrichment/F25_context-node-dictionary.csv,Application node used for semantic graph and diagram answers.,0.68,Generated dictionary row from loaded source records; explicit business glossary can improve labels.,family-8-semantic-enrichment/F25_context-node-dictionary.csv,106,tenant_file
skyharbor-air,APP-00068,Investor-Microsoft-Platform-0068,application,family-8-semantic-enrichment/F25_context-node-dictionary.csv,Application node used for semantic graph and diagram answers.,0.68,Generated dictionary row from loaded source records; explicit business glossary can improve labels.,family-8-semantic-enrichment/F25_context-node-dictionary.csv,107,tenant_file
skyharbor-air,APP-00069,Component-Amadeus-Service-0069,application,family-8-semantic-enrichment/F25_context-node-dictionary.csv,Application node used for semantic graph and diagram answers.,0.68,Generated dictionary row from loaded source records; explicit business glossary can improve labels.,family-8-semantic-enrichment/F25_context-node-dictionary.csv,108,tenant_file
skyharbor-air,APP-00070,Disruption-Salesforce-Platform-0070,application,family-8-semantic-enrichment/F25_context-node-dictionary.csv,Application node used for semantic graph and diagram answers.,0.68,Generated dictionary row from loaded source records; explicit business glossary can improve labels.,family-8-semantic-enrichment/F25_context-node-dictionary.csv,109,tenant_file
skyharbor-air,APP-00071,Maintenance-IBM-Service-0071,application,family-8-semantic-enrichment/F25_context-node-dictionary.csv,Application node used for semantic graph and diagram answers.,0.68,Generated dictionary row from loaded source records; explicit business glossary can improve labels.,family-8-semantic-enrichment/F25_context-node-dictionary.csv,110,tenant_file
skyharbor-air,APP-00072,Line-SITA-Service-0072,application,family-8-semantic-enrichment/F25_context-node-dictionary.csv,Application node used for semantic graph and diagram answers.,0.68,Generated dictionary row from loaded source records; explicit business glossary can improve labels.,family-8-semantic-enrichment/F25_context-node-dictionary.csv,111,tenant_file
skyharbor-air,APP-00073,Real-IBM-Suite-0073,application,family-8-semantic-enrichment/F25_context-node-dictionary.csv,Application node used for semantic graph and diagram answers.,0.68,Generated dictionary row from loaded source records; explicit business glossary can improve labels.,family-8-semantic-enrichment/F25_context-node-dictionary.csv,112,tenant_file
skyharbor-air,APP-00074,Slot-Snowflake-Service-0074,application,family-8-semantic-enrichment/F25_context-node-dictionary.csv,Application node used for semantic graph and diagram answers.,0.68,Generated dictionary row from loaded source records; explicit business glossary can improve labels.,family-8-semantic-enrichment/F25_context-node-dictionary.csv,113,tenant_file
skyharbor-air,APP-00075,Disruption-Microsoft-Manager-0075,application,family-8-semantic-enrichment/F25_context-node-dictionary.csv,Application node used for semantic graph and diagram answers.,0.68,Generated dictionary row from loaded source records; explicit business glossary can improve labels.,family-8-semantic-enrichment/F25_context-node-dictionary.csv,114,tenant_file
skyharbor-air,APP-00076,Legal-Adobe-Platform-0076,application,family-8-semantic-enrichment/F25_context-node-dictionary.csv,Application node used for semantic graph and diagram answers.,0.68,Generated dictionary row from loaded source records; explicit business glossary can improve labels.,family-8-semantic-enrichment/F25_context-node-dictionary.csv,115,tenant_file
skyharbor-air,APP-00077,Engine-Databricks-Hub-0077,application,family-8-semantic-enrichment/F25_context-node-dictionary.csv,Application node used for semantic graph and diagram answers.,0.68,Generated dictionary row from loaded source records; explicit business glossary can improve labels.,family-8-semantic-enrichment/F25_context-node-dictionary.csv,116,tenant_file
skyharbor-air,APP-00078,Ancillary-Amadeus-Engine-0078,application,family-8-semantic-enrichment/F25_context-node-dictionary.csv,Application node used for semantic graph and diagram answers.,0.68,Generated dictionary row from loaded source records; explicit business glossary can improve labels.,family-8-semantic-enrichment/F25_context-node-dictionary.csv,117,tenant_file
skyharbor-air,APP-00079,Parts-AIMS-Platform-0079,application,family-8-semantic-enrichment/F25_context-node-dictionary.csv,Application node used for semantic graph and diagram answers.,0.68,Generated dictionary row from loaded source records; explicit business glossary can improve labels.,family-8-semantic-enrichment/F25_context-node-dictionary.csv,118,tenant_file
skyharbor-air,APP-00080,Data-Snowflake-Engine-0080,application,family-8-semantic-enrichment/F25_context-node-dictionary.csv,Application node used for semantic graph and diagram answers.,0.68,Generated dictionary row from loaded source records; explicit business glossary can improve labels.,family-8-semantic-enrichment/F25_context-node-dictionary.csv,119,tenant_file
skyharbor-air,APP-00081,Network-Databricks-Service-0081,application,family-8-semantic-enrichment/F25_context-node-dictionary.csv,Application node used for semantic graph and diagram answers.,0.68,Generated dictionary row from loaded source records; explicit business glossary can improve labels.,family-8-semantic-enrichment/F25_context-node-dictionary.csv,120,tenant_file
skyharbor-air,APP-00082,Network-Workday-Manager-0082,application,family-8-semantic-enrichment/F25_context-node-dictionary.csv,Application node used for semantic graph and diagram answers.,0.68,Generated dictionary row from loaded source records; explicit business glossary can improve labels.,family-8-semantic-enrichment/F25_context-node-dictionary.csv,121,tenant_file
skyharbor-air,APP-00083,Master-Amadeus-Platform-0083,application,family-8-semantic-enrichment/F25_context-node-dictionary.csv,Application node used for semantic graph and diagram answers.,0.68,Generated dictionary row from loaded source records; explicit business glossary can improve labels.,family-8-semantic-enrichment/F25_context-node-dictionary.csv,122,tenant_file
skyharbor-air,APP-00084,Network-SITA-Manager-0084,application,family-8-semantic-enrichment/F25_context-node-dictionary.csv,Application node used for semantic graph and diagram answers.,0.68,Generated dictionary row from loaded source records; explicit business glossary can improve labels.,family-8-semantic-enrichment/F25_context-node-dictionary.csv,123,tenant_file
skyharbor-air,APP-00085,Cargo-AIMS-Service-0085,application,family-8-semantic-enrichment/F25_context-node-dictionary.csv,Application node used for semantic graph and diagram answers.,0.68,Generated dictionary row from loaded source records; explicit business glossary can improve labels.,family-8-semantic-enrichment/F25_context-node-dictionary.csv,124,tenant_file
skyharbor-air,APP-00086,Component-Jeppesen-Platform-0086,application,family-8-semantic-enrichment/F25_context-node-dictionary.csv,Application node used for semantic graph and diagram answers.,0.68,Generated dictionary row from loaded source records; explicit business glossary can improve labels.,family-8-semantic-enrichment/F25_context-node-dictionary.csv,125,tenant_file
skyharbor-air,APP-00087,Container-Snowflake-Service-0087,application,family-8-semantic-enrichment/F25_context-node-dictionary.csv,Application node used for semantic graph and diagram answers.,0.68,Generated dictionary row from loaded source records; explicit business glossary can improve labels.,family-8-semantic-enrichment/F25_context-node-dictionary.csv,126,tenant_file
skyharbor-air,APP-00088,Ground-Oracle-Platform-0088,application,family-8-semantic-enrichment/F25_context-node-dictionary.csv,Application node used for semantic graph and diagram answers.,0.68,Generated dictionary row from loaded source records; explicit business glossary can improve labels.,family-8-semantic-enrichment/F25_context-node-dictionary.csv,127,tenant_file
skyharbor-air,APP-00089,HR-Oracle-Manager-0089,application,family-8-semantic-enrichment/F25_context-node-dictionary.csv,Application node used for semantic graph and diagram answers.,0.68,Generated dictionary row from loaded source records; explicit business glossary can improve labels.,family-8-semantic-enrichment/F25_context-node-dictionary.csv,128,tenant_file
skyharbor-air,APP-00090,Corporate-Oracle-Hub-0090,application,family-8-semantic-enrichment/F25_context-node-dictionary.csv,Application node used for semantic graph and diagram answers.,0.68,Generated dictionary row from loaded source records; explicit business glossary can improve labels.,family-8-semantic-enrichment/F25_context-node-dictionary.csv,129,tenant_file
skyharbor-air,APP-00091,Ancillary-Accenture-Service-0091,application,family-8-semantic-enrichment/F25_context-node-dictionary.csv,Application node used for semantic graph and diagram answers.,0.68,Generated dictionary row from loaded source records; explicit business glossary can improve labels.,family-8-semantic-enrichment/F25_context-node-dictionary.csv,130,tenant_file
skyharbor-air,APP-00092,Baggage-Sabre AirVision-Suite-0092,application,family-8-semantic-enrichment/F25_context-node-dictionary.csv,Application node used for semantic graph and diagram answers.,0.68,Generated dictionary row from loaded source records; explicit business glossary can improve labels.,family-8-semantic-enrichment/F25_context-node-dictionary.csv,131,tenant_file
skyharbor-air,APP-00093,Identity-Databricks-Service-0093,application,family-8-semantic-enrichment/F25_context-node-dictionary.csv,Application node used for semantic graph and diagram answers.,0.68,Generated dictionary row from loaded source records; explicit business glossary can improve labels.,family-8-semantic-enrichment/F25_context-node-dictionary.csv,132,tenant_file
skyharbor-air,APP-00094,Ground-Hexaware-Engine-0094,application,family-8-semantic-enrichment/F25_context-node-dictionary.csv,Application node used for semantic graph and diagram answers.,0.68,Generated dictionary row from loaded source records; explicit business glossary can improve labels.,family-8-semantic-enrichment/F25_context-node-dictionary.csv,133,tenant_file
skyharbor-air,APP-00095,Mobile-Teradata-Manager-0095,application,family-8-semantic-enrichment/F25_context-node-dictionary.csv,Application node used for semantic graph and diagram answers.,0.68,Generated dictionary row from loaded source records; explicit business glossary can improve labels.,family-8-semantic-enrichment/F25_context-node-dictionary.csv,134,tenant_file
skyharbor-air,APP-00096,Tax-Infosys-Hub-0096,application,family-8-semantic-enrichment/F25_context-node-dictionary.csv,Application node used for semantic graph and diagram answers.,0.68,Generated dictionary row from loaded source records; explicit business glossary can improve labels.,family-8-semantic-enrichment/F25_context-node-dictionary.csv,135,tenant_file
skyharbor-air,APP-00097,Cargo-TCS-Manager-0097,application,family-8-semantic-enrichment/F25_context-node-dictionary.csv,Application node used for semantic graph and diagram answers.,0.68,Generated dictionary row from loaded source records; explicit business glossary can improve labels.,family-8-semantic-enrichment/F25_context-node-dictionary.csv,136,tenant_file
skyharbor-air,APP-00098,Legal-AIMS-Service-0098,application,family-8-semantic-enrichment/F25_context-node-dictionary.csv,Application node used for semantic graph and diagram answers.,0.68,Generated dictionary row from loaded source records; explicit business glossary can improve labels.,family-8-semantic-enrichment/F25_context-node-dictionary.csv,137,tenant_file
skyharbor-air,APP-00099,Distribution-AIMS-Platform-0099,application,family-8-semantic-enrichment/F25_context-node-dictionary.csv,Application node used for semantic graph and diagram answers.,0.68,Generated dictionary row from loaded source records; explicit business glossary can improve labels.,family-8-semantic-enrichment/F25_context-node-dictionary.csv,138,tenant_file
skyharbor-air,APP-00100,Self-Service-ServiceNow-Platform-0100,application,family-8-semantic-enrichment/F25_context-node-dictionary.csv,Application node used for semantic graph and diagram answers.,0.68,Generated dictionary row from loaded source records; explicit business glossary can improve labels.,family-8-semantic-enrichment/F25_context-node-dictionary.csv,139,tenant_file
skyharbor-air,APP-00101,Reliability-ServiceNow-Hub-0101,application,family-8-semantic-enrichment/F25_context-node-dictionary.csv,Application node used for semantic graph and diagram answers.,0.68,Generated dictionary row from loaded source records; explicit business glossary can improve labels.,family-8-semantic-enrichment/F25_context-node-dictionary.csv,140,tenant_file
skyharbor-air,APP-00102,Metadata-Accenture-Service-0102,application,family-8-semantic-enrichment/F25_context-node-dictionary.csv,Application node used for semantic graph and diagram answers.,0.68,Generated dictionary row from loaded source records; explicit business glossary can improve labels.,family-8-semantic-enrichment/F25_context-node-dictionary.csv,141,tenant_file
skyharbor-air,APP-00103,Predictive-Snowflake-Platform-0103,application,family-8-semantic-enrichment/F25_context-node-dictionary.csv,Application node used for semantic graph and diagram answers.,0.68,Generated dictionary row from loaded source records; explicit business glossary can improve labels.,family-8-semantic-enrichment/F25_context-node-dictionary.csv,142,tenant_file
skyharbor-air,APP-00104,Identity-SAP-Hub-0104,application,family-8-semantic-enrichment/F25_context-node-dictionary.csv,Application node used for semantic graph and diagram answers.,0.68,Generated dictionary row from loaded source records; explicit business glossary can improve labels.,family-8-semantic-enrichment/F25_context-node-dictionary.csv,143,tenant_file
skyharbor-air,APP-00105,Customer-Workday-Platform-0105,application,family-8-semantic-enrichment/F25_context-node-dictionary.csv,Application node used for semantic graph and diagram answers.,0.68,Generated dictionary row from loaded source records; explicit business glossary can improve labels.,family-8-semantic-enrichment/F25_context-node-dictionary.csv,144,tenant_file
skyharbor-air,APP-00106,Slot-Infosys-Hub-0106,application,family-8-semantic-enrichment/F25_context-node-dictionary.csv,Application node used for semantic graph and diagram answers.,0.68,Generated dictionary row from loaded source records; explicit business glossary can improve labels.,family-8-semantic-enrichment/F25_context-node-dictionary.csv,145,tenant_file
skyharbor-air,APP-00107,Revenue-IBM-Manager-0107,application,family-8-semantic-enrichment/F25_context-node-dictionary.csv,Application node used for semantic graph and diagram answers.,0.68,Generated dictionary row from loaded source records; explicit business glossary can improve labels.,family-8-semantic-enrichment/F25_context-node-dictionary.csv,146,tenant_file
skyharbor-air,APP-00108,Compute-AIMS-Manager-0108,application,family-8-semantic-enrichment/F25_context-node-dictionary.csv,Application node used for semantic graph and diagram answers.,0.68,Generated dictionary row from loaded source records; explicit business glossary can improve labels.,family-8-semantic-enrichment/F25_context-node-dictionary.csv,147,tenant_file
skyharbor-air,APP-00109,Mainframe-SAP-Platform-0109,application,family-8-semantic-enrichment/F25_context-node-dictionary.csv,Application node used for semantic graph and diagram answers.,0.68,Generated dictionary row from loaded source records; explicit business glossary can improve labels.,family-8-semantic-enrichment/F25_context-node-dictionary.csv,148,tenant_file
skyharbor-air,APP-00110,Disruption-Infosys-Suite-0110,application,family-8-semantic-enrichment/F25_context-node-dictionary.csv,Application node used for semantic graph and diagram answers.,0.68,Generated dictionary row from loaded source records; explicit business glossary can improve labels.,family-8-semantic-enrichment/F25_context-node-dictionary.csv,149,tenant_file
skyharbor-air,APP-00111,Vulnerability-TCS-Manager-0111,application,family-8-semantic-enrichment/F25_context-node-dictionary.csv,Application node used for semantic graph and diagram answers.,0.68,Generated dictionary row from loaded source records; explicit business glossary can improve labels.,family-8-semantic-enrichment/F25_context-node-dictionary.csv,150,tenant_file
skyharbor-air,APP-00112,Legal-Sabre AirVision-Suite-0112,application,family-8-semantic-enrichment/F25_context-node-dictionary.csv,Application node used for semantic graph and diagram answers.,0.68,Generated dictionary row from loaded source records; explicit business glossary can improve labels.,family-8-semantic-enrichment/F25_context-node-dictionary.csv,151,tenant_file
skyharbor-air,APP-00113,Digital-Accenture-Manager-0113,application,family-8-semantic-enrichment/F25_context-node-dictionary.csv,Application node used for semantic graph and diagram answers.,0.68,Generated dictionary row from loaded source records; explicit business glossary can improve labels.,family-8-semantic-enrichment/F25_context-node-dictionary.csv,152,tenant_file
skyharbor-air,APP-00114,Service-AIMS-Engine-0114,application,family-8-semantic-enrichment/F25_context-node-dictionary.csv,Application node used for semantic graph and diagram answers.,0.68,Generated dictionary row from loaded source records; explicit business glossary can improve labels.,family-8-semantic-enrichment/F25_context-node-dictionary.csv,153,tenant_file
skyharbor-air,APP-00115,Distribution-Workday-Suite-0115,application,family-8-semantic-enrichment/F25_context-node-dictionary.csv,Application node used for semantic graph and diagram answers.,0.68,Generated dictionary row from loaded source records; explicit business glossary can improve labels.,family-8-semantic-enrichment/F25_context-node-dictionary.csv,154,tenant_file
skyharbor-air,APP-00116,Revenue-Salesforce-Hub-0116,application,family-8-semantic-enrichment/F25_context-node-dictionary.csv,Application node used for semantic graph and diagram answers.,0.68,Generated dictionary row from loaded source records; explicit business glossary can improve labels.,family-8-semantic-enrichment/F25_context-node-dictionary.csv,155,tenant_file
skyharbor-air,APP-00117,Network-AIMS-Suite-0117,application,family-8-semantic-enrichment/F25_context-node-dictionary.csv,Application node used for semantic graph and diagram answers.,0.68,Generated dictionary row from loaded source records; explicit business glossary can improve labels.,family-8-semantic-enrichment/F25_context-node-dictionary.csv,156,tenant_file
skyharbor-air,APP-00118,Pricing-AIMS-Platform-0118,application,family-8-semantic-enrichment/F25_context-node-dictionary.csv,Application node used for semantic graph and diagram answers.,0.68,Generated dictionary row from loaded source records; explicit business glossary can improve labels.,family-8-semantic-enrichment/F25_context-node-dictionary.csv,157,tenant_file
skyharbor-air,APP-00119,Corporate-TCS-Suite-0119,application,family-8-semantic-enrichment/F25_context-node-dictionary.csv,Application node used for semantic graph and diagram answers.,0.68,Generated dictionary row from loaded source records; explicit business glossary can improve labels.,family-8-semantic-enrichment/F25_context-node-dictionary.csv,158,tenant_file
skyharbor-air,APP-00120,Revenue-ServiceNow-Hub-0120,application,family-8-semantic-enrichment/F25_context-node-dictionary.csv,Application node used for semantic graph and diagram answers.,0.68,Generated dictionary row from loaded source records; explicit business glossary can improve labels.,family-8-semantic-enrichment/F25_context-node-dictionary.csv,159,tenant_file
skyharbor-air,APP-00121,Baggage-Databricks-Manager-0121,application,family-8-semantic-enrichment/F25_context-node-dictionary.csv,Application node used for semantic graph and diagram answers.,0.68,Generated dictionary row from loaded source records; explicit business glossary can improve labels.,family-8-semantic-enrichment/F25_context-node-dictionary.csv,160,tenant_file
skyharbor-air,APP-00122,Payroll-Oracle-Manager-0122,application,family-8-semantic-enrichment/F25_context-node-dictionary.csv,Application node used for semantic graph and diagram answers.,0.68,Generated dictionary row from loaded source records; explicit business glossary can improve labels.,family-8-semantic-enrichment/F25_context-node-dictionary.csv,161,tenant_file
skyharbor-air,APP-00123,Disruption-Microsoft-Hub-0123,application,family-8-semantic-enrichment/F25_context-node-dictionary.csv,Application node used for semantic graph and diagram answers.,0.68,Generated dictionary row from loaded source records; explicit business glossary can improve labels.,family-8-semantic-enrichment/F25_context-node-dictionary.csv,162,tenant_file
skyharbor-air,APP-00124,Inventory-Snowflake-Platform-0124,application,family-8-semantic-enrichment/F25_context-node-dictionary.csv,Application node used for semantic graph and diagram answers.,0.68,Generated dictionary row from loaded source records; explicit business glossary can improve labels.,family-8-semantic-enrichment/F25_context-node-dictionary.csv,163,tenant_file
skyharbor-air,APP-00125,Baggage-Sabre AirVision-Manager-0125,application,family-8-semantic-enrichment/F25_context-node-dictionary.csv,Application node used for semantic graph and diagram answers.,0.68,Generated dictionary row from loaded source records; explicit business glossary can improve labels.,family-8-semantic-enrichment/F25_context-node-dictionary.csv,164,tenant_file
skyharbor-air,APP-00126,Cloud-Sabre-Engine-0126,application,family-8-semantic-enrichment/F25_context-node-dictionary.csv,Application node used for semantic graph and diagram answers.,0.68,Generated dictionary row from loaded source records; explicit business glossary can improve labels.,family-8-semantic-enrichment/F25_context-node-dictionary.csv,165,tenant_file
skyharbor-air,APP-00127,Reliability-Adobe-Platform-0127,application,family-8-semantic-enrichment/F25_context-node-dictionary.csv,Application node used for semantic graph and diagram answers.,0.68,Generated dictionary row from loaded source records; explicit business glossary can improve labels.,family-8-semantic-enrichment/F25_context-node-dictionary.csv,166,tenant_file
skyharbor-air,APP-00128,Gate-Hexaware-Platform-0128,application,family-8-semantic-enrichment/F25_context-node-dictionary.csv,Application node used for semantic graph and diagram answers.,0.68,Generated dictionary row from loaded source records; explicit business glossary can improve labels.,family-8-semantic-enrichment/F25_context-node-dictionary.csv,167,tenant_file
skyharbor-air,APP-00129,Fuel-SITA-Engine-0129,application,family-8-semantic-enrichment/F25_context-node-dictionary.csv,Application node used for semantic graph and diagram answers.,0.68,Generated dictionary row from loaded source records; explicit business glossary can improve labels.,family-8-semantic-enrichment/F25_context-node-dictionary.csv,168,tenant_file
skyharbor-air,APP-00130,Pricing-Lufthansa Systems-Platform-0130,application,family-8-semantic-enrichment/F25_context-node-dictionary.csv,Application node used for semantic graph and diagram answers.,0.68,Generated dictionary row from loaded source records; explicit business glossary can improve labels.,family-8-semantic-enrichment/F25_context-node-dictionary.csv,169,tenant_file
skyharbor-air,APP-00131,Tax-Databricks-Manager-0131,application,family-8-semantic-enrichment/F25_context-node-dictionary.csv,Application node used for semantic graph and diagram answers.,0.68,Generated dictionary row from loaded source records; explicit business glossary can improve labels.,family-8-semantic-enrichment/F25_context-node-dictionary.csv,170,tenant_file
skyharbor-air,APP-00132,Identity-AIMS-Manager-0132,application,family-8-semantic-enrichment/F25_context-node-dictionary.csv,Application node used for semantic graph and diagram answers.,0.68,Generated dictionary row from loaded source records; explicit business glossary can improve labels.,family-8-semantic-enrichment/F25_context-node-dictionary.csv,171,tenant_file
skyharbor-air,APP-00133,Line-Microsoft-Suite-0133,application,family-8-semantic-enrichment/F25_context-node-dictionary.csv,Application node used for semantic graph and diagram answers.,0.68,Generated dictionary row from loaded source records; explicit business glossary can improve labels.,family-8-semantic-enrichment/F25_context-node-dictionary.csv,172,tenant_file
skyharbor-air,APP-00134,Maintenance-Amadeus-Manager-0134,application,family-8-semantic-enrichment/F25_context-node-dictionary.csv,Application node used for semantic graph and diagram answers.,0.68,Generated dictionary row from loaded source records; explicit business glossary can improve labels.,family-8-semantic-enrichment/F25_context-node-dictionary.csv,173,tenant_file
skyharbor-air,APP-00135,Parts-Databricks-Platform-0135,application,family-8-semantic-enrichment/F25_context-node-dictionary.csv,Application node used for semantic graph and diagram answers.,0.68,Generated dictionary row from loaded source records; explicit business glossary can improve labels.,family-8-semantic-enrichment/F25_context-node-dictionary.csv,174,tenant_file
skyharbor-air,APP-00136,Crew-Jeppesen-Manager-0136,application,family-8-semantic-enrichment/F25_context-node-dictionary.csv,Application node used for semantic graph and diagram answers.,0.68,Generated dictionary row from loaded source records; explicit business glossary can improve labels.,family-8-semantic-enrichment/F25_context-node-dictionary.csv,175,tenant_file
skyharbor-air,APP-00137,Disruption-Salesforce-Engine-0137,application,family-8-semantic-enrichment/F25_context-node-dictionary.csv,Application node used for semantic graph and diagram answers.,0.68,Generated dictionary row from loaded source records; explicit business glossary can improve labels.,family-8-semantic-enrichment/F25_context-node-dictionary.csv,176,tenant_file
skyharbor-air,APP-00138,Payroll-IBM-Suite-0138,application,family-8-semantic-enrichment/F25_context-node-dictionary.csv,Application node used for semantic graph and diagram answers.,0.68,Generated dictionary row from loaded source records; explicit business glossary can improve labels.,family-8-semantic-enrichment/F25_context-node-dictionary.csv,177,tenant_file
skyharbor-air,APP-00139,Identity-Microsoft-Service-0139,application,family-8-semantic-enrichment/F25_context-node-dictionary.csv,Application node used for semantic graph and diagram answers.,0.68,Generated dictionary row from loaded source records; explicit business glossary can improve labels.,family-8-semantic-enrichment/F25_context-node-dictionary.csv,178,tenant_file
skyharbor-air,APP-00140,Data-Oracle-Service-0140,application,family-8-semantic-enrichment/F25_context-node-dictionary.csv,Application node used for semantic graph and diagram answers.,0.68,Generated dictionary row from loaded source records; explicit business glossary can improve labels.,family-8-semantic-enrichment/F25_context-node-dictionary.csv,179,tenant_file
skyharbor-air,APP-00141,Predictive-Custom-Platform-0141,application,family-8-semantic-enrichment/F25_context-node-dictionary.csv,Application node used for semantic graph and diagram answers.,0.68,Generated dictionary row from loaded source records; explicit business glossary can improve labels.,family-8-semantic-enrichment/F25_context-node-dictionary.csv,180,tenant_file
skyharbor-air,APP-00142,Endpoint-Teradata-Engine-0142,application,family-8-semantic-enrichment/F25_context-node-dictionary.csv,Application node used for semantic graph and diagram answers.,0.68,Generated dictionary row from loaded source records; explicit business glossary can improve labels.,family-8-semantic-enrichment/F25_context-node-dictionary.csv,181,tenant_file
skyharbor-air,APP-00143,Contact-Microsoft-Platform-0143,application,family-8-semantic-enrichment/F25_context-node-dictionary.csv,Application node used for semantic graph and diagram answers.,0.68,Generated dictionary row from loaded source records; explicit business glossary can improve labels.,family-8-semantic-enrichment/F25_context-node-dictionary.csv,182,tenant_file
skyharbor-air,APP-00144,Slot-Sabre AirVision-Hub-0144,application,family-8-semantic-enrichment/F25_context-node-dictionary.csv,Application node used for semantic graph and diagram answers.,0.68,Generated dictionary row from loaded source records; explicit business glossary can improve labels.,family-8-semantic-enrichment/F25_context-node-dictionary.csv,183,tenant_file
skyharbor-air,APP-00145,Disruption-Lufthansa Systems-Suite-0145,application,family-8-semantic-enrichment/F25_context-node-dictionary.csv,Application node used for semantic graph and diagram answers.,0.68,Generated dictionary row from loaded source records; explicit business glossary can improve labels.,family-8-semantic-enrichment/F25_context-node-dictionary.csv,184,tenant_file
skyharbor-air,APP-00146,Crew-TCS-Manager-0146,application,family-8-semantic-enrichment/F25_context-node-dictionary.csv,Application node used for semantic graph and diagram answers.,0.68,Generated dictionary row from loaded source records; explicit business glossary can improve labels.,family-8-semantic-enrichment/F25_context-node-dictionary.csv,185,tenant_file
skyharbor-air,APP-00147,Revenue-Teradata-Hub-0147,application,family-8-semantic-enrichment/F25_context-node-dictionary.csv,Application node used for semantic graph and diagram answers.,0.68,Generated dictionary row from loaded source records; explicit business glossary can improve labels.,family-8-semantic-enrichment/F25_context-node-dictionary.csv,186,tenant_file
skyharbor-air,APP-00148,Component-Sabre-Service-0148,application,family-8-semantic-enrichment/F25_context-node-dictionary.csv,Application node used for semantic graph and diagram answers.,0.68,Generated dictionary row from loaded source records; explicit business glossary can improve labels.,family-8-semantic-enrichment/F25_context-node-dictionary.csv,187,tenant_file
skyharbor-air,APP-00149,Tax-Amadeus-Manager-0149,application,family-8-semantic-enrichment/F25_context-node-dictionary.csv,Application node used for semantic graph and diagram answers.,0.68,Generated dictionary row from loaded source records; explicit business glossary can improve labels.,family-8-semantic-enrichment/F25_context-node-dictionary.csv,188,tenant_file
skyharbor-air,APP-00150,Privileged-Jeppesen-Engine-0150,application,family-8-semantic-enrichment/F25_context-node-dictionary.csv,Application node used for semantic graph and diagram answers.,0.68,Generated dictionary row from loaded source records; explicit business glossary can improve labels.,family-8-semantic-enrichment/F25_context-node-dictionary.csv,189,tenant_file
skyharbor-air,APP-00151,Mainframe-ServiceNow-Platform-0151,application,family-8-semantic-enrichment/F25_context-node-dictionary.csv,Application node used for semantic graph and diagram answers.,0.68,Generated dictionary row from loaded source records; explicit business glossary can improve labels.,family-8-semantic-enrichment/F25_context-node-dictionary.csv,190,tenant_file
skyharbor-air,APP-00152,Parts-Sabre AirVision-Suite-0152,application,family-8-semantic-enrichment/F25_context-node-dictionary.csv,Application node used for semantic graph and diagram answers.,0.68,Generated dictionary row from loaded source records; explicit business glossary can improve labels.,family-8-semantic-enrichment/F25_context-node-dictionary.csv,191,tenant_file
skyharbor-air,APP-00153,Reliability-Teradata-Hub-0153,application,family-8-semantic-enrichment/F25_context-node-dictionary.csv,Application node used for semantic graph and diagram answers.,0.68,Generated dictionary row from loaded source records; explicit business glossary can improve labels.,family-8-semantic-enrichment/F25_context-node-dictionary.csv,192,tenant_file
skyharbor-air,APP-00154,Security-Databricks-Suite-0154,application,family-8-semantic-enrichment/F25_context-node-dictionary.csv,Application node used for semantic graph and diagram answers.,0.68,Generated dictionary row from loaded source records; explicit business glossary can improve labels.,family-8-semantic-enrichment/F25_context-node-dictionary.csv,193,tenant_file
skyharbor-air,APP-00155,Engine-Oracle-Service-0155,application,family-8-semantic-enrichment/F25_context-node-dictionary.csv,Application node used for semantic graph and diagram answers.,0.68,Generated dictionary row from loaded source records; explicit business glossary can improve labels.,family-8-semantic-enrichment/F25_context-node-dictionary.csv,194,tenant_file
skyharbor-air,APP-00156,Legal-TCS-Engine-0156,application,family-8-semantic-enrichment/F25_context-node-dictionary.csv,Application node used for semantic graph and diagram answers.,0.68,Generated dictionary row from loaded source records; explicit business glossary can improve labels.,family-8-semantic-enrichment/F25_context-node-dictionary.csv,195,tenant_file
skyharbor-air,APP-00157,Privileged-Adobe-Hub-0157,application,family-8-semantic-enrichment/F25_context-node-dictionary.csv,Application node used for semantic graph and diagram answers.,0.68,Generated dictionary row from loaded source records; explicit business glossary can improve labels.,family-8-semantic-enrichment/F25_context-node-dictionary.csv,196,tenant_file
skyharbor-air,APP-00158,Disruption-Sabre-Service-0158,application,family-8-semantic-enrichment/F25_context-node-dictionary.csv,Application node used for semantic graph and diagram answers.,0.68,Generated dictionary row from loaded source records; explicit business glossary can improve labels.,family-8-semantic-enrichment/F25_context-node-dictionary.csv,197,tenant_file
skyharbor-air,APP-00159,Gate-Databricks-Platform-0159,application,family-8-semantic-enrichment/F25_context-node-dictionary.csv,Application node used for semantic graph and diagram answers.,0.68,Generated dictionary row from loaded source records; explicit business glossary can improve labels.,family-8-semantic-enrichment/F25_context-node-dictionary.csv,198,tenant_file
skyharbor-air,APP-00160,Tax-AIMS-Service-0160,application,family-8-semantic-enrichment/F25_context-node-dictionary.csv,Application node used for semantic graph and diagram answers.,0.68,Generated dictionary row from loaded source records; explicit business glossary can improve labels.,family-8-semantic-enrichment/F25_context-node-dictionary.csv,199,tenant_file
skyharbor-air,APP-00161,Crew-Custom-Service-0161,application,family-8-semantic-enrichment/F25_context-node-dictionary.csv,Application node used for semantic graph and diagram answers.,0.68,Generated dictionary row from loaded source records; explicit business glossary can improve labels.,family-8-semantic-enrichment/F25_context-node-dictionary.csv,200,tenant_file
skyharbor-air,APP-00162,Metadata-Workday-Platform-0162,application,family-8-semantic-enrichment/F25_context-node-dictionary.csv,Application node used for semantic graph and diagram answers.,0.68,Generated dictionary row from loaded source records; explicit business glossary can improve labels.,family-8-semantic-enrichment/F25_context-node-dictionary.csv,201,tenant_file
skyharbor-air,APP-00163,Component-Oracle-Service-0163,application,family-8-semantic-enrichment/F25_context-node-dictionary.csv,Application node used for semantic graph and diagram answers.,0.68,Generated dictionary row from loaded source records; explicit business glossary can improve labels.,family-8-semantic-enrichment/F25_context-node-dictionary.csv,202,tenant_file
skyharbor-air,APP-00164,Sales-Oracle-Suite-0164,application,family-8-semantic-enrichment/F25_context-node-dictionary.csv,Application node used for semantic graph and diagram answers.,0.68,Generated dictionary row from loaded source records; explicit business glossary can improve labels.,family-8-semantic-enrichment/F25_context-node-dictionary.csv,203,tenant_file
skyharbor-air,APP-00165,Revenue-Custom-Hub-0165,application,family-8-semantic-enrichment/F25_context-node-dictionary.csv,Application node used for semantic graph and diagram answers.,0.68,Generated dictionary row from loaded source records; explicit business glossary can improve labels.,family-8-semantic-enrichment/F25_context-node-dictionary.csv,204,tenant_file
skyharbor-air,APP-00166,Line-Adobe-Hub-0166,application,family-8-semantic-enrichment/F25_context-node-dictionary.csv,Application node used for semantic graph and diagram answers.,0.68,Generated dictionary row from loaded source records; explicit business glossary can improve labels.,family-8-semantic-enrichment/F25_context-node-dictionary.csv,205,tenant_file
skyharbor-air,APP-00167,Sales-Oracle-Platform-0167,application,family-8-semantic-enrichment/F25_context-node-dictionary.csv,Application node used for semantic graph and diagram answers.,0.68,Generated dictionary row from loaded source records; explicit business glossary can improve labels.,family-8-semantic-enrichment/F25_context-node-dictionary.csv,206,tenant_file
skyharbor-air,APP-00168,Data-Teradata-Suite-0168,application,family-8-semantic-enrichment/F25_context-node-dictionary.csv,Application node used for semantic graph and diagram answers.,0.68,Generated dictionary row from loaded source records; explicit business glossary can improve labels.,family-8-semantic-enrichment/F25_context-node-dictionary.csv,207,tenant_file
skyharbor-air,APP-00169,Observability-IBM-Service-0169,application,family-8-semantic-enrichment/F25_context-node-dictionary.csv,Application node used for semantic graph and diagram answers.,0.68,Generated dictionary row from loaded source records; explicit business glossary can improve labels.,family-8-semantic-enrichment/F25_context-node-dictionary.csv,208,tenant_file
skyharbor-air,APP-00170,Contact-SAP-Manager-0170,application,family-8-semantic-enrichment/F25_context-node-dictionary.csv,Application node used for semantic graph and diagram answers.,0.68,Generated dictionary row from loaded source records; explicit business glossary can improve labels.,family-8-semantic-enrichment/F25_context-node-dictionary.csv,209,tenant_file
skyharbor-air,APP-00171,ML-Custom-Platform-0171,application,family-8-semantic-enrichment/F25_context-node-dictionary.csv,Application node used for semantic graph and diagram answers.,0.68,Generated dictionary row from loaded source records; explicit business glossary can improve labels.,family-8-semantic-enrichment/F25_context-node-dictionary.csv,210,tenant_file
skyharbor-air,APP-00172,Tax-Jeppesen-Engine-0172,application,family-8-semantic-enrichment/F25_context-node-dictionary.csv,Application node used for semantic graph and diagram answers.,0.68,Generated dictionary row from loaded source records; explicit business glossary can improve labels.,family-8-semantic-enrichment/F25_context-node-dictionary.csv,211,tenant_file
skyharbor-air,APP-00173,Gate-Databricks-Suite-0173,application,family-8-semantic-enrichment/F25_context-node-dictionary.csv,Application node used for semantic graph and diagram answers.,0.68,Generated dictionary row from loaded source records; explicit business glossary can improve labels.,family-8-semantic-enrichment/F25_context-node-dictionary.csv,212,tenant_file
skyharbor-air,APP-00174,Parts-Workday-Service-0174,application,family-8-semantic-enrichment/F25_context-node-dictionary.csv,Application node used for semantic graph and diagram answers.,0.68,Generated dictionary row from loaded source records; explicit business glossary can improve labels.,family-8-semantic-enrichment/F25_context-node-dictionary.csv,213,tenant_file
skyharbor-air,APP-00175,Network-Hexaware-Manager-0175,application,family-8-semantic-enrichment/F25_context-node-dictionary.csv,Application node used for semantic graph and diagram answers.,0.68,Generated dictionary row from loaded source records; explicit business glossary can improve labels.,family-8-semantic-enrichment/F25_context-node-dictionary.csv,214,tenant_file
skyharbor-air,APP-00176,Fuel-Sabre AirVision-Engine-0176,application,family-8-semantic-enrichment/F25_context-node-dictionary.csv,Application node used for semantic graph and diagram answers.,0.68,Generated dictionary row from loaded source records; explicit business glossary can improve labels.,family-8-semantic-enrichment/F25_context-node-dictionary.csv,215,tenant_file
skyharbor-air,APP-00177,Lounge-Jeppesen-Engine-0177,application,family-8-semantic-enrichment/F25_context-node-dictionary.csv,Application node used for semantic graph and diagram answers.,0.68,Generated dictionary row from loaded source records; explicit business glossary can improve labels.,family-8-semantic-enrichment/F25_context-node-dictionary.csv,216,tenant_file
skyharbor-air,APP-00178,Disruption-IBM-Suite-0178,application,family-8-semantic-enrichment/F25_context-node-dictionary.csv,Application node used for semantic graph and diagram answers.,0.68,Generated dictionary row from loaded source records; explicit business glossary can improve labels.,family-8-semantic-enrichment/F25_context-node-dictionary.csv,217,tenant_file
skyharbor-air,APP-00179,Slot-ServiceNow-Engine-0179,application,family-8-semantic-enrichment/F25_context-node-dictionary.csv,Application node used for semantic graph and diagram answers.,0.68,Generated dictionary row from loaded source records; explicit business glossary can improve labels.,family-8-semantic-enrichment/F25_context-node-dictionary.csv,218,tenant_file
skyharbor-air,APP-00180,Finance-Sabre-Platform-0180,application,family-8-semantic-enrichment/F25_context-node-dictionary.csv,Application node used for semantic graph and diagram answers.,0.68,Generated dictionary row from loaded source records; explicit business glossary can improve labels.,family-8-semantic-enrichment/F25_context-node-dictionary.csv,219,tenant_file
skyharbor-air,APP-00181,Pricing-Sabre-Platform-0181,application,family-8-semantic-enrichment/F25_context-node-dictionary.csv,Application node used for semantic graph and diagram answers.,0.68,Generated dictionary row from loaded source records; explicit business glossary can improve labels.,family-8-semantic-enrichment/F25_context-node-dictionary.csv,220,tenant_file
skyharbor-air,APP-00182,Distribution-Jeppesen-Hub-0182,application,family-8-semantic-enrichment/F25_context-node-dictionary.csv,Application node used for semantic graph and diagram answers.,0.68,Generated dictionary row from loaded source records; explicit business glossary can improve labels.,family-8-semantic-enrichment/F25_context-node-dictionary.csv,221,tenant_file
skyharbor-air,APP-00183,Flight-Amadeus-Platform-0183,application,family-8-semantic-enrichment/F25_context-node-dictionary.csv,Application node used for semantic graph and diagram answers.,0.68,Generated dictionary row from loaded source records; explicit business glossary can improve labels.,family-8-semantic-enrichment/F25_context-node-dictionary.csv,222,tenant_file
skyharbor-air,APP-00184,Parts-Microsoft-Suite-0184,application,family-8-semantic-enrichment/F25_context-node-dictionary.csv,Application node used for semantic graph and diagram answers.,0.68,Generated dictionary row from loaded source records; explicit business glossary can improve labels.,family-8-semantic-enrichment/F25_context-node-dictionary.csv,223,tenant_file
skyharbor-air,APP-00185,Container-Salesforce-Hub-0185,application,family-8-semantic-enrichment/F25_context-node-dictionary.csv,Application node used for semantic graph and diagram answers.,0.68,Generated dictionary row from loaded source records; explicit business glossary can improve labels.,family-8-semantic-enrichment/F25_context-node-dictionary.csv,224,tenant_file
skyharbor-air,APP-00186,Heavy-Oracle-Hub-0186,application,family-8-semantic-enrichment/F25_context-node-dictionary.csv,Application node used for semantic graph and diagram answers.,0.68,Generated dictionary row from loaded source records; explicit business glossary can improve labels.,family-8-semantic-enrichment/F25_context-node-dictionary.csv,225,tenant_file
skyharbor-air,APP-00187,Finance-SITA-Engine-0187,application,family-8-semantic-enrichment/F25_context-node-dictionary.csv,Application node used for semantic graph and diagram answers.,0.68,Generated dictionary row from loaded source records; explicit business glossary can improve labels.,family-8-semantic-enrichment/F25_context-node-dictionary.csv,226,tenant_file
skyharbor-air,APP-00188,Gate-ServiceNow-Hub-0188,application,family-8-semantic-enrichment/F25_context-node-dictionary.csv,Application node used for semantic graph and diagram answers.,0.68,Generated dictionary row from loaded source records; explicit business glossary can improve labels.,family-8-semantic-enrichment/F25_context-node-dictionary.csv,227,tenant_file
skyharbor-air,APP-00189,Mobile-TCS-Hub-0189,application,family-8-semantic-enrichment/F25_context-node-dictionary.csv,Application node used for semantic graph and diagram answers.,0.68,Generated dictionary row from loaded source records; explicit business glossary can improve labels.,family-8-semantic-enrichment/F25_context-node-dictionary.csv,228,tenant_file
skyharbor-air,APP-00190,Self-Service-Custom-Suite-0190,application,family-8-semantic-enrichment/F25_context-node-dictionary.csv,Application node used for semantic graph and diagram answers.,0.68,Generated dictionary row from loaded source records; explicit business glossary can improve labels.,family-8-semantic-enrichment/F25_context-node-dictionary.csv,229,tenant_file
skyharbor-air,APP-00191,Disruption-TCS-Hub-0191,application,family-8-semantic-enrichment/F25_context-node-dictionary.csv,Application node used for semantic graph and diagram answers.,0.68,Generated dictionary row from loaded source records; explicit business glossary can improve labels.,family-8-semantic-enrichment/F25_context-node-dictionary.csv,230,tenant_file
skyharbor-air,APP-00192,Maintenance-Accenture-Service-0192,application,family-8-semantic-enrichment/F25_context-node-dictionary.csv,Application node used for semantic graph and diagram answers.,0.68,Generated dictionary row from loaded source records; explicit business glossary can improve labels.,family-8-semantic-enrichment/F25_context-node-dictionary.csv,231,tenant_file
skyharbor-air,APP-00193,Cloud-Salesforce-Service-0193,application,family-8-semantic-enrichment/F25_context-node-dictionary.csv,Application node used for semantic graph and diagram answers.,0.68,Generated dictionary row from loaded source records; explicit business glossary can improve labels.,family-8-semantic-enrichment/F25_context-node-dictionary.csv,232,tenant_file
skyharbor-air,APP-00194,Metadata-Hexaware-Hub-0194,application,family-8-semantic-enrichment/F25_context-node-dictionary.csv,Application node used for semantic graph and diagram answers.,0.68,Generated dictionary row from loaded source records; explicit business glossary can improve labels.,family-8-semantic-enrichment/F25_context-node-dictionary.csv,233,tenant_file
skyharbor-air,APP-00195,Reliability-ServiceNow-Suite-0195,application,family-8-semantic-enrichment/F25_context-node-dictionary.csv,Application node used for semantic graph and diagram answers.,0.68,Generated dictionary row from loaded source records; explicit business glossary can improve labels.,family-8-semantic-enrichment/F25_context-node-dictionary.csv,234,tenant_file
skyharbor-air,APP-00196,Revenue-Salesforce-Platform-0196,application,family-8-semantic-enrichment/F25_context-node-dictionary.csv,Application node used for semantic graph and diagram answers.,0.68,Generated dictionary row from loaded source records; explicit business glossary can improve labels.,family-8-semantic-enrichment/F25_context-node-dictionary.csv,235,tenant_file
skyharbor-air,APP-00197,Sales-Sabre AirVision-Engine-0197,application,family-8-semantic-enrichment/F25_context-node-dictionary.csv,Application node used for semantic graph and diagram answers.,0.68,Generated dictionary row from loaded source records; explicit business glossary can improve labels.,family-8-semantic-enrichment/F25_context-node-dictionary.csv,236,tenant_file
skyharbor-air,APP-00198,Lounge-Hexaware-Service-0198,application,family-8-semantic-enrichment/F25_context-node-dictionary.csv,Application node used for semantic graph and diagram answers.,0.68,Generated dictionary row from loaded source records; explicit business glossary can improve labels.,family-8-semantic-enrichment/F25_context-node-dictionary.csv,237,tenant_file
skyharbor-air,APP-00199,Codeshare-TCS-Manager-0199,application,family-8-semantic-enrichment/F25_context-node-dictionary.csv,Application node used for semantic graph and diagram answers.,0.68,Generated dictionary row from loaded source records; explicit business glossary can improve labels.,family-8-semantic-enrichment/F25_context-node-dictionary.csv,238,tenant_file
skyharbor-air,APP-00200,Codeshare-Adobe-Manager-0200,application,family-8-semantic-enrichment/F25_context-node-dictionary.csv,Application node used for semantic graph and diagram answers.,0.68,Generated dictionary row from loaded source records; explicit business glossary can improve labels.,family-8-semantic-enrichment/F25_context-node-dictionary.csv,239,tenant_file
skyharbor-air,APP-00201,Finance-Jeppesen-Manager-0201,application,family-8-semantic-enrichment/F25_context-node-dictionary.csv,Application node used for semantic graph and diagram answers.,0.68,Generated dictionary row from loaded source records; explicit business glossary can improve labels.,family-8-semantic-enrichment/F25_context-node-dictionary.csv,240,tenant_file
skyharbor-air,APP-00202,Data-SAP-Engine-0202,application,family-8-semantic-enrichment/F25_context-node-dictionary.csv,Application node used for semantic graph and diagram answers.,0.68,Generated dictionary row from loaded source records; explicit business glossary can improve labels.,family-8-semantic-enrichment/F25_context-node-dictionary.csv,241,tenant_file
skyharbor-air,APP-00203,Predictive-Snowflake-Hub-0203,application,family-8-semantic-enrichment/F25_context-node-dictionary.csv,Application node used for semantic graph and diagram answers.,0.68,Generated dictionary row from loaded source records; explicit business glossary can improve labels.,family-8-semantic-enrichment/F25_context-node-dictionary.csv,242,tenant_file
skyharbor-air,APP-00204,Digital-Lufthansa Systems-Suite-0204,application,family-8-semantic-enrichment/F25_context-node-dictionary.csv,Application node used for semantic graph and diagram answers.,0.68,Generated dictionary row from loaded source records; explicit business glossary can improve labels.,family-8-semantic-enrichment/F25_context-node-dictionary.csv,243,tenant_file
skyharbor-air,APP-00205,Corporate-Amadeus-Manager-0205,application,family-8-semantic-enrichment/F25_context-node-dictionary.csv,Application node used for semantic graph and diagram answers.,0.68,Generated dictionary row from loaded source records; explicit business glossary can improve labels.,family-8-semantic-enrichment/F25_context-node-dictionary.csv,244,tenant_file
skyharbor-air,APP-00206,Component-Snowflake-Service-0206,application,family-8-semantic-enrichment/F25_context-node-dictionary.csv,Application node used for semantic graph and diagram answers.,0.68,Generated dictionary row from loaded source records; explicit business glossary can improve labels.,family-8-semantic-enrichment/F25_context-node-dictionary.csv,245,tenant_file
skyharbor-air,APP-00207,Payroll-Sabre AirVision-Hub-0207,application,family-8-semantic-enrichment/F25_context-node-dictionary.csv,Application node used for semantic graph and diagram answers.,0.68,Generated dictionary row from loaded source records; explicit business glossary can improve labels.,family-8-semantic-enrichment/F25_context-node-dictionary.csv,246,tenant_file
skyharbor-air,APP-00208,Container-Adobe-Suite-0208,application,family-8-semantic-enrichment/F25_context-node-dictionary.csv,Application node used for semantic graph and diagram answers.,0.68,Generated dictionary row from loaded source records; explicit business glossary can improve labels.,family-8-semantic-enrichment/F25_context-node-dictionary.csv,247,tenant_file
skyharbor-air,APP-00209,Container-Jeppesen-Hub-0209,application,family-8-semantic-enrichment/F25_context-node-dictionary.csv,Application node used for semantic graph and diagram answers.,0.68,Generated dictionary row from loaded source records; explicit business glossary can improve labels.,family-8-semantic-enrichment/F25_context-node-dictionary.csv,248,tenant_file
skyharbor-air,APP-00210,Network-Jeppesen-Hub-0210,application,family-8-semantic-enrichment/F25_context-node-dictionary.csv,Application node used for semantic graph and diagram answers.,0.68,Generated dictionary row from loaded source records; explicit business glossary can improve labels.,family-8-semantic-enrichment/F25_context-node-dictionary.csv,249,tenant_file
skyharbor-air,APP-00211,Disruption-Databricks-Manager-0211,application,family-8-semantic-enrichment/F25_context-node-dictionary.csv,Application node used for semantic graph and diagram answers.,0.68,Generated dictionary row from loaded source records; explicit business glossary can improve labels.,family-8-semantic-enrichment/F25_context-node-dictionary.csv,250,tenant_file
skyharbor-air,APP-00212,Crew-Workday-Suite-0212,application,family-8-semantic-enrichment/F25_context-node-dictionary.csv,Application node used for semantic graph and diagram answers.,0.68,Generated dictionary row from loaded source records; explicit business glossary can improve labels.,family-8-semantic-enrichment/F25_context-node-dictionary.csv,251,tenant_file
skyharbor-air,APP-00213,Identity-Amadeus-Manager-0213,application,family-8-semantic-enrichment/F25_context-node-dictionary.csv,Application node used for semantic graph and diagram answers.,0.68,Generated dictionary row from loaded source records; explicit business glossary can improve labels.,family-8-semantic-enrichment/F25_context-node-dictionary.csv,252,tenant_file
skyharbor-air,APP-00214,Corporate-Workday-Suite-0214,application,family-8-semantic-enrichment/F25_context-node-dictionary.csv,Application node used for semantic graph and diagram answers.,0.68,Generated dictionary row from loaded source records; explicit business glossary can improve labels.,family-8-semantic-enrichment/F25_context-node-dictionary.csv,253,tenant_file
skyharbor-air,APP-00215,Vulnerability-Salesforce-Hub-0215,application,family-8-semantic-enrichment/F25_context-node-dictionary.csv,Application node used for semantic graph and diagram answers.,0.68,Generated dictionary row from loaded source records; explicit business glossary can improve labels.,family-8-semantic-enrichment/F25_context-node-dictionary.csv,254,tenant_file
skyharbor-air,APP-00216,Crew-Jeppesen-Platform-0216,application,family-8-semantic-enrichment/F25_context-node-dictionary.csv,Application node used for semantic graph and diagram answers.,0.68,Generated dictionary row from loaded source records; explicit business glossary can improve labels.,family-8-semantic-enrichment/F25_context-node-dictionary.csv,255,tenant_file
skyharbor-air,APP-00217,Data-Accenture-Suite-0217,application,family-8-semantic-enrichment/F25_context-node-dictionary.csv,Application node used for semantic graph and diagram answers.,0.68,Generated dictionary row from loaded source records; explicit business glossary can improve labels.,family-8-semantic-enrichment/F25_context-node-dictionary.csv,256,tenant_file
skyharbor-air,APP-00218,Pricing-SITA-Suite-0218,application,family-8-semantic-enrichment/F25_context-node-dictionary.csv,Application node used for semantic graph and diagram answers.,0.68,Generated dictionary row from loaded source records; explicit business glossary can improve labels.,family-8-semantic-enrichment/F25_context-node-dictionary.csv,257,tenant_file
skyharbor-air,APP-00219,Self-Service-IBM-Hub-0219,application,family-8-semantic-enrichment/F25_context-node-dictionary.csv,Application node used for semantic graph and diagram answers.,0.68,Generated dictionary row from loaded source records; explicit business glossary can improve labels.,family-8-semantic-enrichment/F25_context-node-dictionary.csv,258,tenant_file
skyharbor-air,APP-00220,Procurement-Databricks-Service-0220,application,family-8-semantic-enrichment/F25_context-node-dictionary.csv,Application node used for semantic graph and diagram answers.,0.68,Generated dictionary row from loaded source records; explicit business glossary can improve labels.,family-8-semantic-enrichment/F25_context-node-dictionary.csv,259,tenant_file
skyharbor-air,APP-00221,Revenue-Sabre-Engine-0221,application,family-8-semantic-enrichment/F25_context-node-dictionary.csv,Application node used for semantic graph and diagram answers.,0.68,Generated dictionary row from loaded source records; explicit business glossary can improve labels.,family-8-semantic-enrichment/F25_context-node-dictionary.csv,260,tenant_file
skyharbor-air,APP-00222,Component-SITA-Platform-0222,application,family-8-semantic-enrichment/F25_context-node-dictionary.csv,Application node used for semantic graph and diagram answers.,0.68,Generated dictionary row from loaded source records; explicit business glossary can improve labels.,family-8-semantic-enrichment/F25_context-node-dictionary.csv,261,tenant_file
skyharbor-air,APP-00223,Line-Lufthansa Systems-Suite-0223,application,family-8-semantic-enrichment/F25_context-node-dictionary.csv,Application node used for semantic graph and diagram answers.,0.68,Generated dictionary row from loaded source records; explicit business glossary can improve labels.,family-8-semantic-enrichment/F25_context-node-dictionary.csv,262,tenant_file
skyharbor-air,APP-00224,Customer-ServiceNow-Manager-0224,application,family-8-semantic-enrichment/F25_context-node-dictionary.csv,Application node used for semantic graph and diagram answers.,0.68,Generated dictionary row from loaded source records; explicit business glossary can improve labels.,family-8-semantic-enrichment/F25_context-node-dictionary.csv,263,tenant_file
skyharbor-air,APP-00225,Observability-Microsoft-Hub-0225,application,family-8-semantic-enrichment/F25_context-node-dictionary.csv,Application node used for semantic graph and diagram answers.,0.68,Generated dictionary row from loaded source records; explicit business glossary can improve labels.,family-8-semantic-enrichment/F25_context-node-dictionary.csv,264,tenant_file
skyharbor-air,APP-00226,Inventory-IBM-Suite-0226,application,family-8-semantic-enrichment/F25_context-node-dictionary.csv,Application node used for semantic graph and diagram answers.,0.68,Generated dictionary row from loaded source records; explicit business glossary can improve labels.,family-8-semantic-enrichment/F25_context-node-dictionary.csv,265,tenant_file
skyharbor-air,APP-00227,Business-TCS-Service-0227,application,family-8-semantic-enrichment/F25_context-node-dictionary.csv,Application node used for semantic graph and diagram answers.,0.68,Generated dictionary row from loaded source records; explicit business glossary can improve labels.,family-8-semantic-enrichment/F25_context-node-dictionary.csv,266,tenant_file
skyharbor-air,APP-00228,Identity-Sabre AirVision-Service-0228,application,family-8-semantic-enrichment/F25_context-node-dictionary.csv,Application node used for semantic graph and diagram answers.,0.68,Generated dictionary row from loaded source records; explicit business glossary can improve labels.,family-8-semantic-enrichment/F25_context-node-dictionary.csv,267,tenant_file
skyharbor-air,APP-00229,Line-Microsoft-Engine-0229,application,family-8-semantic-enrichment/F25_context-node-dictionary.csv,Application node used for semantic graph and diagram answers.,0.68,Generated dictionary row from loaded source records; explicit business glossary can improve labels.,family-8-semantic-enrichment/F25_context-node-dictionary.csv,268,tenant_file
skyharbor-air,APP-00230,Digital-Salesforce-Suite-0230,application,family-8-semantic-enrichment/F25_context-node-dictionary.csv,Application node used for semantic graph and diagram answers.,0.68,Generated dictionary row from loaded source records; explicit business glossary can improve labels.,family-8-semantic-enrichment/F25_context-node-dictionary.csv,269,tenant_file
skyharbor-air,APP-00231,Crew-Sabre AirVision-Platform-0231,application,family-8-semantic-enrichment/F25_context-node-dictionary.csv,Application node used for semantic graph and diagram answers.,0.68,Generated dictionary row from loaded source records; explicit business glossary can improve labels.,family-8-semantic-enrichment/F25_context-node-dictionary.csv,270,tenant_file
skyharbor-air,APP-00232,Baggage-Teradata-Hub-0232,application,family-8-semantic-enrichment/F25_context-node-dictionary.csv,Application node used for semantic graph and diagram answers.,0.68,Generated dictionary row from loaded source records; explicit business glossary can improve labels.,family-8-semantic-enrichment/F25_context-node-dictionary.csv,271,tenant_file
skyharbor-air,APP-00233,Reliability-Snowflake-Suite-0233,application,family-8-semantic-enrichment/F25_context-node-dictionary.csv,Application node used for semantic graph and diagram answers.,0.68,Generated dictionary row from loaded source records; explicit business glossary can improve labels.,family-8-semantic-enrichment/F25_context-node-dictionary.csv,272,tenant_file
skyharbor-air,APP-00234,Distribution-IBM-Hub-0234,application,family-8-semantic-enrichment/F25_context-node-dictionary.csv,Application node used for semantic graph and diagram answers.,0.68,Generated dictionary row from loaded source records; explicit business glossary can improve labels.,family-8-semantic-enrichment/F25_context-node-dictionary.csv,273,tenant_file
skyharbor-air,APP-00235,Self-Service-Workday-Manager-0235,application,family-8-semantic-enrichment/F25_context-node-dictionary.csv,Application node used for semantic graph and diagram answers.,0.68,Generated dictionary row from loaded source records; explicit business glossary can improve labels.,family-8-semantic-enrichment/F25_context-node-dictionary.csv,274,tenant_file
skyharbor-air,APP-00236,Slot-Teradata-Engine-0236,application,family-8-semantic-enrichment/F25_context-node-dictionary.csv,Application node used for semantic graph and diagram answers.,0.68,Generated dictionary row from loaded source records; explicit business glossary can improve labels.,family-8-semantic-enrichment/F25_context-node-dictionary.csv,275,tenant_file
skyharbor-air,APP-00237,Privileged-Microsoft-Suite-0237,application,family-8-semantic-enrichment/F25_context-node-dictionary.csv,Application node used for semantic graph and diagram answers.,0.68,Generated dictionary row from loaded source records; explicit business glossary can improve labels.,family-8-semantic-enrichment/F25_context-node-dictionary.csv,276,tenant_file
skyharbor-air,APP-00238,Fuel-Sabre-Hub-0238,application,family-8-semantic-enrichment/F25_context-node-dictionary.csv,Application node used for semantic graph and diagram answers.,0.68,Generated dictionary row from loaded source records; explicit business glossary can improve labels.,family-8-semantic-enrichment/F25_context-node-dictionary.csv,277,tenant_file
skyharbor-air,APP-00239,Customer-Snowflake-Service-0239,application,family-8-semantic-enrichment/F25_context-node-dictionary.csv,Application node used for semantic graph and diagram answers.,0.68,Generated dictionary row from loaded source records; explicit business glossary can improve labels.,family-8-semantic-enrichment/F25_context-node-dictionary.csv,278,tenant_file
skyharbor-air,APP-00240,End-Accenture-Engine-0240,application,family-8-semantic-enrichment/F25_context-node-dictionary.csv,Application node used for semantic graph and diagram answers.,0.68,Generated dictionary row from loaded source records; explicit business glossary can improve labels.,family-8-semantic-enrichment/F25_context-node-dictionary.csv,279,tenant_file
skyharbor-air,APP-00241,Tax-Salesforce-Platform-0241,application,family-8-semantic-enrichment/F25_context-node-dictionary.csv,Application node used for semantic graph and diagram answers.,0.68,Generated dictionary row from loaded source records; explicit business glossary can improve labels.,family-8-semantic-enrichment/F25_context-node-dictionary.csv,280,tenant_file
skyharbor-air,APP-00242,Corporate-Teradata-Engine-0242,application,family-8-semantic-enrichment/F25_context-node-dictionary.csv,Application node used for semantic graph and diagram answers.,0.68,Generated dictionary row from loaded source records; explicit business glossary can improve labels.,family-8-semantic-enrichment/F25_context-node-dictionary.csv,281,tenant_file
skyharbor-air,APP-00243,Baggage-Sabre AirVision-Hub-0243,application,family-8-semantic-enrichment/F25_context-node-dictionary.csv,Application node used for semantic graph and diagram answers.,0.68,Generated dictionary row from loaded source records; explicit business glossary can improve labels.,family-8-semantic-enrichment/F25_context-node-dictionary.csv,282,tenant_file
skyharbor-air,APP-00244,Threat-TCS-Manager-0244,application,family-8-semantic-enrichment/F25_context-node-dictionary.csv,Application node used for semantic graph and diagram answers.,0.68,Generated dictionary row from loaded source records; explicit business glossary can improve labels.,family-8-semantic-enrichment/F25_context-node-dictionary.csv,283,tenant_file
skyharbor-air,APP-00245,Procurement-Databricks-Platform-0245,application,family-8-semantic-enrichment/F25_context-node-dictionary.csv,Application node used for semantic graph and diagram answers.,0.68,Generated dictionary row from loaded source records; explicit business glossary can improve labels.,family-8-semantic-enrichment/F25_context-node-dictionary.csv,284,tenant_file
skyharbor-air,APP-00246,Treasury-Sabre-Manager-0246,application,family-8-semantic-enrichment/F25_context-node-dictionary.csv,Application node used for semantic graph and diagram answers.,0.68,Generated dictionary row from loaded source records; explicit business glossary can improve labels.,family-8-semantic-enrichment/F25_context-node-dictionary.csv,285,tenant_file
skyharbor-air,APP-00247,Inventory-ServiceNow-Engine-0247,application,family-8-semantic-enrichment/F25_context-node-dictionary.csv,Application node used for semantic graph and diagram answers.,0.68,Generated dictionary row from loaded source records; explicit business glossary can improve labels.,family-8-semantic-enrichment/F25_context-node-dictionary.csv,286,tenant_file
skyharbor-air,APP-00248,Crew-Lufthansa Systems-Service-0248,application,family-8-semantic-enrichment/F25_context-node-dictionary.csv,Application node used for semantic graph and diagram answers.,0.68,Generated dictionary row from loaded source records; explicit business glossary can improve labels.,family-8-semantic-enrichment/F25_context-node-dictionary.csv,287,tenant_file
skyharbor-air,APP-00249,Maintenance-Amadeus-Hub-0249,application,family-8-semantic-enrichment/F25_context-node-dictionary.csv,Application node used for semantic graph and diagram answers.,0.68,Generated dictionary row from loaded source records; explicit business glossary can improve labels.,family-8-semantic-enrichment/F25_context-node-dictionary.csv,288,tenant_file
skyharbor-air,APP-00250,Component-Snowflake-Manager-0250,application,family-8-semantic-enrichment/F25_context-node-dictionary.csv,Application node used for semantic graph and diagram answers.,0.68,Generated dictionary row from loaded source records; explicit business glossary can improve labels.,family-8-semantic-enrichment/F25_context-node-dictionary.csv,289,tenant_file
skyharbor-air,APP-00251,Disruption-Databricks-Hub-0251,application,family-8-semantic-enrichment/F25_context-node-dictionary.csv,Application node used for semantic graph and diagram answers.,0.68,Generated dictionary row from loaded source records; explicit business glossary can improve labels.,family-8-semantic-enrichment/F25_context-node-dictionary.csv,290,tenant_file
skyharbor-air,APP-00252,Baggage-SAP-Service-0252,application,family-8-semantic-enrichment/F25_context-node-dictionary.csv,Application node used for semantic graph and diagram answers.,0.68,Generated dictionary row from loaded source records; explicit business glossary can improve labels.,family-8-semantic-enrichment/F25_context-node-dictionary.csv,291,tenant_file
skyharbor-air,APP-00253,Cargo-Amadeus-Suite-0253,application,family-8-semantic-enrichment/F25_context-node-dictionary.csv,Application node used for semantic graph and diagram answers.,0.68,Generated dictionary row from loaded source records; explicit business glossary can improve labels.,family-8-semantic-enrichment/F25_context-node-dictionary.csv,292,tenant_file
skyharbor-air,APP-00254,Disruption-IBM-Suite-0254,application,family-8-semantic-enrichment/F25_context-node-dictionary.csv,Application node used for semantic graph and diagram answers.,0.68,Generated dictionary row from loaded source records; explicit business glossary can improve labels.,family-8-semantic-enrichment/F25_context-node-dictionary.csv,293,tenant_file
skyharbor-air,APP-00255,Security-Microsoft-Platform-0255,application,family-8-semantic-enrichment/F25_context-node-dictionary.csv,Application node used for semantic graph and diagram answers.,0.68,Generated dictionary row from loaded source records; explicit business glossary can improve labels.,family-8-semantic-enrichment/F25_context-node-dictionary.csv,294,tenant_file
skyharbor-air,APP-00256,Slot-AIMS-Engine-0256,application,family-8-semantic-enrichment/F25_context-node-dictionary.csv,Application node used for semantic graph and diagram answers.,0.68,Generated dictionary row from loaded source records; explicit business glossary can improve labels.,family-8-semantic-enrichment/F25_context-node-dictionary.csv,295,tenant_file
skyharbor-air,APP-00257,Pricing-Amadeus-Platform-0257,application,family-8-semantic-enrichment/F25_context-node-dictionary.csv,Application node used for semantic graph and diagram answers.,0.68,Generated dictionary row from loaded source records; explicit business glossary can improve labels.,family-8-semantic-enrichment/F25_context-node-dictionary.csv,296,tenant_file
skyharbor-air,APP-00258,Mainframe-Lufthansa Systems-Hub-0258,application,family-8-semantic-enrichment/F25_context-node-dictionary.csv,Application node used for semantic graph and diagram answers.,0.68,Generated dictionary row from loaded source records; explicit business glossary can improve labels.,family-8-semantic-enrichment/F25_context-node-dictionary.csv,297,tenant_file
skyharbor-air,APP-00259,Security-Custom-Service-0259,application,family-8-semantic-enrichment/F25_context-node-dictionary.csv,Application node used for semantic graph and diagram answers.,0.68,Generated dictionary row from loaded source records; explicit business glossary can improve labels.,family-8-semantic-enrichment/F25_context-node-dictionary.csv,298,tenant_file
skyharbor-air,APP-00260,Irregular-Jeppesen-Engine-0260,application,family-8-semantic-enrichment/F25_context-node-dictionary.csv,Application node used for semantic graph and diagram answers.,0.68,Generated dictionary row from loaded source records; explicit business glossary can improve labels.,family-8-semantic-enrichment/F25_context-node-dictionary.csv,299,tenant_file
skyharbor-air,APP-00261,Loyalty-TCS-Engine-0261,application,family-8-semantic-enrichment/F25_context-node-dictionary.csv,Application node used for semantic graph and diagram answers.,0.68,Generated dictionary row from loaded source records; explicit business glossary can improve labels.,family-8-semantic-enrichment/F25_context-node-dictionary.csv,300,tenant_file
skyharbor-air,APP-00262,Mobile-Adobe-Hub-0262,application,family-8-semantic-enrichment/F25_context-node-dictionary.csv,Application node used for semantic graph and diagram answers.,0.68,Generated dictionary row from loaded source records; explicit business glossary can improve labels.,family-8-semantic-enrichment/F25_context-node-dictionary.csv,301,tenant_file
skyharbor-air,APP-00263,Security-IBM-Suite-0263,application,family-8-semantic-enrichment/F25_context-node-dictionary.csv,Application node used for semantic graph and diagram answers.,0.68,Generated dictionary row from loaded source records; explicit business glossary can improve labels.,family-8-semantic-enrichment/F25_context-node-dictionary.csv,302,tenant_file
skyharbor-air,APP-00264,Network-Jeppesen-Platform-0264,application,family-8-semantic-enrichment/F25_context-node-dictionary.csv,Application node used for semantic graph and diagram answers.,0.68,Generated dictionary row from loaded source records; explicit business glossary can improve labels.,family-8-semantic-enrichment/F25_context-node-dictionary.csv,303,tenant_file
skyharbor-air,APP-00265,Payroll-SITA-Suite-0265,application,family-8-semantic-enrichment/F25_context-node-dictionary.csv,Application node used for semantic graph and diagram answers.,0.68,Generated dictionary row from loaded source records; explicit business glossary can improve labels.,family-8-semantic-enrichment/F25_context-node-dictionary.csv,304,tenant_file
skyharbor-air,APP-00266,Cloud-Snowflake-Service-0266,application,family-8-semantic-enrichment/F25_context-node-dictionary.csv,Application node used for semantic graph and diagram answers.,0.68,Generated dictionary row from loaded source records; explicit business glossary can improve labels.,family-8-semantic-enrichment/F25_context-node-dictionary.csv,305,tenant_file
skyharbor-air,APP-00267,Tax-ServiceNow-Hub-0267,application,family-8-semantic-enrichment/F25_context-node-dictionary.csv,Application node used for semantic graph and diagram answers.,0.68,Generated dictionary row from loaded source records; explicit business glossary can improve labels.,family-8-semantic-enrichment/F25_context-node-dictionary.csv,306,tenant_file
skyharbor-air,APP-00268,Engine-Custom-Engine-0268,application,family-8-semantic-enrichment/F25_context-node-dictionary.csv,Application node used for semantic graph and diagram answers.,0.68,Generated dictionary row from loaded source records; explicit business glossary can improve labels.,family-8-semantic-enrichment/F25_context-node-dictionary.csv,307,tenant_file
skyharbor-air,APP-00269,Data-Adobe-Suite-0269,application,family-8-semantic-enrichment/F25_context-node-dictionary.csv,Application node used for semantic graph and diagram answers.,0.68,Generated dictionary row from loaded source records; explicit business glossary can improve labels.,family-8-semantic-enrichment/F25_context-node-dictionary.csv,308,tenant_file
skyharbor-air,APP-00270,Ground-Databricks-Suite-0270,application,family-8-semantic-enrichment/F25_context-node-dictionary.csv,Application node used for semantic graph and diagram answers.,0.68,Generated dictionary row from loaded source records; explicit business glossary can improve labels.,family-8-semantic-enrichment/F25_context-node-dictionary.csv,309,tenant_file
skyharbor-air,APP-00271,Data-TCS-Hub-0271,application,family-8-semantic-enrichment/F25_context-node-dictionary.csv,Application node used for semantic graph and diagram answers.,0.68,Generated dictionary row from loaded source records; explicit business glossary can improve labels.,family-8-semantic-enrichment/F25_context-node-dictionary.csv,310,tenant_file
skyharbor-air,APP-00272,Engine-AIMS-Platform-0272,application,family-8-semantic-enrichment/F25_context-node-dictionary.csv,Application node used for semantic graph and diagram answers.,0.68,Generated dictionary row from loaded source records; explicit business glossary can improve labels.,family-8-semantic-enrichment/F25_context-node-dictionary.csv,311,tenant_file
skyharbor-air,APP-00273,Digital-SITA-Suite-0273,application,family-8-semantic-enrichment/F25_context-node-dictionary.csv,Application node used for semantic graph and diagram answers.,0.68,Generated dictionary row from loaded source records; explicit business glossary can improve labels.,family-8-semantic-enrichment/F25_context-node-dictionary.csv,312,tenant_file
skyharbor-air,APP-00274,ML-Microsoft-Manager-0274,application,family-8-semantic-enrichment/F25_context-node-dictionary.csv,Application node used for semantic graph and diagram answers.,0.68,Generated dictionary row from loaded source records; explicit business glossary can improve labels.,family-8-semantic-enrichment/F25_context-node-dictionary.csv,313,tenant_file
skyharbor-air,APP-00275,Parts-Amadeus-Engine-0275,application,family-8-semantic-enrichment/F25_context-node-dictionary.csv,Application node used for semantic graph and diagram answers.,0.68,Generated dictionary row from loaded source records; explicit business glossary can improve labels.,family-8-semantic-enrichment/F25_context-node-dictionary.csv,314,tenant_file
skyharbor-air,APP-00276,Investor-TCS-Manager-0276,application,family-8-semantic-enrichment/F25_context-node-dictionary.csv,Application node used for semantic graph and diagram answers.,0.68,Generated dictionary row from loaded source records; explicit business glossary can improve labels.,family-8-semantic-enrichment/F25_context-node-dictionary.csv,315,tenant_file
skyharbor-air,APP-00277,Ancillary-Infosys-Manager-0277,application,family-8-semantic-enrichment/F25_context-node-dictionary.csv,Application node used for semantic graph and diagram answers.,0.68,Generated dictionary row from loaded source records; explicit business glossary can improve labels.,family-8-semantic-enrichment/F25_context-node-dictionary.csv,316,tenant_file
skyharbor-air,APP-00278,Legal-AIMS-Platform-0278,application,family-8-semantic-enrichment/F25_context-node-dictionary.csv,Application node used for semantic graph and diagram answers.,0.68,Generated dictionary row from loaded source records; explicit business glossary can improve labels.,family-8-semantic-enrichment/F25_context-node-dictionary.csv,317,tenant_file
skyharbor-air,APP-00279,GRC-Jeppesen-Manager-0279,application,family-8-semantic-enrichment/F25_context-node-dictionary.csv,Application node used for semantic graph and diagram answers.,0.68,Generated dictionary row from loaded source records; explicit business glossary can improve labels.,family-8-semantic-enrichment/F25_context-node-dictionary.csv,318,tenant_file
skyharbor-air,APP-00280,Ground-Salesforce-Hub-0280,application,family-8-semantic-enrichment/F25_context-node-dictionary.csv,Application node used for semantic graph and diagram answers.,0.68,Generated dictionary row from loaded source records; explicit business glossary can improve labels.,family-8-semantic-enrichment/F25_context-node-dictionary.csv,319,tenant_file
skyharbor-air,APP-00281,Revenue-Snowflake-Manager-0281,application,family-8-semantic-enrichment/F25_context-node-dictionary.csv,Application node used for semantic graph and diagram answers.,0.68,Generated dictionary row from loaded source records; explicit business glossary can improve labels.,family-8-semantic-enrichment/F25_context-node-dictionary.csv,320,tenant_file
skyharbor-air,APP-00282,Self-Service-SAP-Manager-0282,application,family-8-semantic-enrichment/F25_context-node-dictionary.csv,Application node used for semantic graph and diagram answers.,0.68,Generated dictionary row from loaded source records; explicit business glossary can improve labels.,family-8-semantic-enrichment/F25_context-node-dictionary.csv,321,tenant_file
skyharbor-air,APP-00283,Weight-Sabre AirVision-Suite-0283,application,family-8-semantic-enrichment/F25_context-node-dictionary.csv,Application node used for semantic graph and diagram answers.,0.68,Generated dictionary row from loaded source records; explicit business glossary can improve labels.,family-8-semantic-enrichment/F25_context-node-dictionary.csv,322,tenant_file
skyharbor-air,APP-00284,Treasury-Databricks-Platform-0284,application,family-8-semantic-enrichment/F25_context-node-dictionary.csv,Application node used for semantic graph and diagram answers.,0.68,Generated dictionary row from loaded source records; explicit business glossary can improve labels.,family-8-semantic-enrichment/F25_context-node-dictionary.csv,323,tenant_file
skyharbor-air,APP-00285,Data-SITA-Suite-0285,application,family-8-semantic-enrichment/F25_context-node-dictionary.csv,Application node used for semantic graph and diagram answers.,0.68,Generated dictionary row from loaded source records; explicit business glossary can improve labels.,family-8-semantic-enrichment/F25_context-node-dictionary.csv,324,tenant_file
skyharbor-air,APP-00286,MRO-Sabre AirVision-Manager-0286,application,family-8-semantic-enrichment/F25_context-node-dictionary.csv,Application node used for semantic graph and diagram answers.,0.68,Generated dictionary row from loaded source records; explicit business glossary can improve labels.,family-8-semantic-enrichment/F25_context-node-dictionary.csv,325,tenant_file
skyharbor-air,APP-00287,Ground-Oracle-Platform-0287,application,family-8-semantic-enrichment/F25_context-node-dictionary.csv,Application node used for semantic graph and diagram answers.,0.68,Generated dictionary row from loaded source records; explicit business glossary can improve labels.,family-8-semantic-enrichment/F25_context-node-dictionary.csv,326,tenant_file
skyharbor-air,APP-00288,Cloud-Infosys-Engine-0288,application,family-8-semantic-enrichment/F25_context-node-dictionary.csv,Application node used for semantic graph and diagram answers.,0.68,Generated dictionary row from loaded source records; explicit business glossary can improve labels.,family-8-semantic-enrichment/F25_context-node-dictionary.csv,327,tenant_file
skyharbor-air,APP-00289,Security-ServiceNow-Manager-0289,application,family-8-semantic-enrichment/F25_context-node-dictionary.csv,Application node used for semantic graph and diagram answers.,0.68,Generated dictionary row from loaded source records; explicit business glossary can improve labels.,family-8-semantic-enrichment/F25_context-node-dictionary.csv,328,tenant_file
skyharbor-air,APP-00290,Vulnerability-Databricks-Hub-0290,application,family-8-semantic-enrichment/F25_context-node-dictionary.csv,Application node used for semantic graph and diagram answers.,0.68,Generated dictionary row from loaded source records; explicit business glossary can improve labels.,family-8-semantic-enrichment/F25_context-node-dictionary.csv,329,tenant_file
skyharbor-air,APP-00291,Baggage-IBM-Hub-0291,application,family-8-semantic-enrichment/F25_context-node-dictionary.csv,Application node used for semantic graph and diagram answers.,0.68,Generated dictionary row from loaded source records; explicit business glossary can improve labels.,family-8-semantic-enrichment/F25_context-node-dictionary.csv,330,tenant_file
skyharbor-air,APP-00292,Inventory-SAP-Suite-0292,application,family-8-semantic-enrichment/F25_context-node-dictionary.csv,Application node used for semantic graph and diagram answers.,0.68,Generated dictionary row from loaded source records; explicit business glossary can improve labels.,family-8-semantic-enrichment/F25_context-node-dictionary.csv,331,tenant_file
skyharbor-air,APP-00293,Self-Service-Microsoft-Hub-0293,application,family-8-semantic-enrichment/F25_context-node-dictionary.csv,Application node used for semantic graph and diagram answers.,0.68,Generated dictionary row from loaded source records; explicit business glossary can improve labels.,family-8-semantic-enrichment/F25_context-node-dictionary.csv,332,tenant_file
skyharbor-air,APP-00294,Contact-Jeppesen-Service-0294,application,family-8-semantic-enrichment/F25_context-node-dictionary.csv,Application node used for semantic graph and diagram answers.,0.68,Generated dictionary row from loaded source records; explicit business glossary can improve labels.,family-8-semantic-enrichment/F25_context-node-dictionary.csv,333,tenant_file
skyharbor-air,APP-00295,Disruption-Teradata-Suite-0295,application,family-8-semantic-enrichment/F25_context-node-dictionary.csv,Application node used for semantic graph and diagram answers.,0.68,Generated dictionary row from loaded source records; explicit business glossary can improve labels.,family-8-semantic-enrichment/F25_context-node-dictionary.csv,334,tenant_file
skyharbor-air,APP-00296,Baggage-Sabre-Manager-0296,application,family-8-semantic-enrichment/F25_context-node-dictionary.csv,Application node used for semantic graph and diagram answers.,0.68,Generated dictionary row from loaded source records; explicit business glossary can improve labels.,family-8-semantic-enrichment/F25_context-node-dictionary.csv,335,tenant_file
skyharbor-air,APP-00297,Observability-Workday-Platform-0297,application,family-8-semantic-enrichment/F25_context-node-dictionary.csv,Application node used for semantic graph and diagram answers.,0.68,Generated dictionary row from loaded source records; explicit business glossary can improve labels.,family-8-semantic-enrichment/F25_context-node-dictionary.csv,336,tenant_file
skyharbor-air,APP-00298,Pricing-ServiceNow-Manager-0298,application,family-8-semantic-enrichment/F25_context-node-dictionary.csv,Application node used for semantic graph and diagram answers.,0.68,Generated dictionary row from loaded source records; explicit business glossary can improve labels.,family-8-semantic-enrichment/F25_context-node-dictionary.csv,337,tenant_file
skyharbor-air,APP-00299,Crew-Teradata-Engine-0299,application,family-8-semantic-enrichment/F25_context-node-dictionary.csv,Application node used for semantic graph and diagram answers.,0.68,Generated dictionary row from loaded source records; explicit business glossary can improve labels.,family-8-semantic-enrichment/F25_context-node-dictionary.csv,338,tenant_file
skyharbor-air,APP-00300,Fuel-Amadeus-Manager-0300,application,family-8-semantic-enrichment/F25_context-node-dictionary.csv,Application node used for semantic graph and diagram answers.,0.68,Generated dictionary row from loaded source records; explicit business glossary can improve labels.,family-8-semantic-enrichment/F25_context-node-dictionary.csv,339,tenant_file
skyharbor-air,APP-00301,Lounge-Sabre-Engine-0301,application,family-8-semantic-enrichment/F25_context-node-dictionary.csv,Application node used for semantic graph and diagram answers.,0.68,Generated dictionary row from loaded source records; explicit business glossary can improve labels.,family-8-semantic-enrichment/F25_context-node-dictionary.csv,340,tenant_file
skyharbor-air,APP-00302,Inventory-AIMS-Service-0302,application,family-8-semantic-enrichment/F25_context-node-dictionary.csv,Application node used for semantic graph and diagram answers.,0.68,Generated dictionary row from loaded source records; explicit business glossary can improve labels.,family-8-semantic-enrichment/F25_context-node-dictionary.csv,341,tenant_file
skyharbor-air,APP-00303,Inventory-Oracle-Platform-0303,application,family-8-semantic-enrichment/F25_context-node-dictionary.csv,Application node used for semantic graph and diagram answers.,0.68,Generated dictionary row from loaded source records; explicit business glossary can improve labels.,family-8-semantic-enrichment/F25_context-node-dictionary.csv,342,tenant_file
skyharbor-air,APP-00304,Master-Teradata-Engine-0304,application,family-8-semantic-enrichment/F25_context-node-dictionary.csv,Application node used for semantic graph and diagram answers.,0.68,Generated dictionary row from loaded source records; explicit business glossary can improve labels.,family-8-semantic-enrichment/F25_context-node-dictionary.csv,343,tenant_file
skyharbor-air,APP-00305,Ground-Amadeus-Engine-0305,application,family-8-semantic-enrichment/F25_context-node-dictionary.csv,Application node used for semantic graph and diagram answers.,0.68,Generated dictionary row from loaded source records; explicit business glossary can improve labels.,family-8-semantic-enrichment/F25_context-node-dictionary.csv,344,tenant_file
skyharbor-air,APP-00306,Investor-SITA-Engine-0306,application,family-8-semantic-enrichment/F25_context-node-dictionary.csv,Application node used for semantic graph and diagram answers.,0.68,Generated dictionary row from loaded source records; explicit business glossary can improve labels.,family-8-semantic-enrichment/F25_context-node-dictionary.csv,345,tenant_file
skyharbor-air,APP-00307,Master-Salesforce-Hub-0307,application,family-8-semantic-enrichment/F25_context-node-dictionary.csv,Application node used for semantic graph and diagram answers.,0.68,Generated dictionary row from loaded source records; explicit business glossary can improve labels.,family-8-semantic-enrichment/F25_context-node-dictionary.csv,346,tenant_file
skyharbor-air,APP-00308,Treasury-AIMS-Hub-0308,application,family-8-semantic-enrichment/F25_context-node-dictionary.csv,Application node used for semantic graph and diagram answers.,0.68,Generated dictionary row from loaded source records; explicit business glossary can improve labels.,family-8-semantic-enrichment/F25_context-node-dictionary.csv,347,tenant_file
skyharbor-air,APP-00309,Corporate-AIMS-Service-0309,application,family-8-semantic-enrichment/F25_context-node-dictionary.csv,Application node used for semantic graph and diagram answers.,0.68,Generated dictionary row from loaded source records; explicit business glossary can improve labels.,family-8-semantic-enrichment/F25_context-node-dictionary.csv,348,tenant_file
skyharbor-air,APP-00310,Tax-SAP-Suite-0310,application,family-8-semantic-enrichment/F25_context-node-dictionary.csv,Application node used for semantic graph and diagram answers.,0.68,Generated dictionary row from loaded source records; explicit business glossary can improve labels.,family-8-semantic-enrichment/F25_context-node-dictionary.csv,349,tenant_file
skyharbor-air,APP-00311,Vulnerability-Custom-Hub-0311,application,family-8-semantic-enrichment/F25_context-node-dictionary.csv,Application node used for semantic graph and diagram answers.,0.68,Generated dictionary row from loaded source records; explicit business glossary can improve labels.,family-8-semantic-enrichment/F25_context-node-dictionary.csv,350,tenant_file
skyharbor-air,APP-00312,Network-Oracle-Manager-0312,application,family-8-semantic-enrichment/F25_context-node-dictionary.csv,Application node used for semantic graph and diagram answers.,0.68,Generated dictionary row from loaded source records; explicit business glossary can improve labels.,family-8-semantic-enrichment/F25_context-node-dictionary.csv,351,tenant_file
skyharbor-air,APP-00313,Vulnerability-Sabre-Platform-0313,application,family-8-semantic-enrichment/F25_context-node-dictionary.csv,Application node used for semantic graph and diagram answers.,0.68,Generated dictionary row from loaded source records; explicit business glossary can improve labels.,family-8-semantic-enrichment/F25_context-node-dictionary.csv,352,tenant_file
skyharbor-air,APP-00314,Crew-TCS-Platform-0314,application,family-8-semantic-enrichment/F25_context-node-dictionary.csv,Application node used for semantic graph and diagram answers.,0.68,Generated dictionary row from loaded source records; explicit business glossary can improve labels.,family-8-semantic-enrichment/F25_context-node-dictionary.csv,353,tenant_file
skyharbor-air,APP-00315,Cargo-Adobe-Service-0315,application,family-8-semantic-enrichment/F25_context-node-dictionary.csv,Application node used for semantic graph and diagram answers.,0.68,Generated dictionary row from loaded source records; explicit business glossary can improve labels.,family-8-semantic-enrichment/F25_context-node-dictionary.csv,354,tenant_file
skyharbor-air,APP-00316,Metadata-Lufthansa Systems-Suite-0316,application,family-8-semantic-enrichment/F25_context-node-dictionary.csv,Application node used for semantic graph and diagram answers.,0.68,Generated dictionary row from loaded source records; explicit business glossary can improve labels.,family-8-semantic-enrichment/F25_context-node-dictionary.csv,355,tenant_file
skyharbor-air,APP-00317,Container-Amadeus-Platform-0317,application,family-8-semantic-enrichment/F25_context-node-dictionary.csv,Application node used for semantic graph and diagram answers.,0.68,Generated dictionary row from loaded source records; explicit business glossary can improve labels.,family-8-semantic-enrichment/F25_context-node-dictionary.csv,356,tenant_file
skyharbor-air,APP-00318,Digital-TCS-Suite-0318,application,family-8-semantic-enrichment/F25_context-node-dictionary.csv,Application node used for semantic graph and diagram answers.,0.68,Generated dictionary row from loaded source records; explicit business glossary can improve labels.,family-8-semantic-enrichment/F25_context-node-dictionary.csv,357,tenant_file
skyharbor-air,APP-00319,Component-Accenture-Platform-0319,application,family-8-semantic-enrichment/F25_context-node-dictionary.csv,Application node used for semantic graph and diagram answers.,0.68,Generated dictionary row from loaded source records; explicit business glossary can improve labels.,family-8-semantic-enrichment/F25_context-node-dictionary.csv,358,tenant_file
skyharbor-air,APP-00320,Payroll-Accenture-Hub-0320,application,family-8-semantic-enrichment/F25_context-node-dictionary.csv,Application node used for semantic graph and diagram answers.,0.68,Generated dictionary row from loaded source records; explicit business glossary can improve labels.,family-8-semantic-enrichment/F25_context-node-dictionary.csv,359,tenant_file
skyharbor-air,APP-00321,Weight-Sabre-Manager-0321,application,family-8-semantic-enrichment/F25_context-node-dictionary.csv,Application node used for semantic graph and diagram answers.,0.68,Generated dictionary row from loaded source records; explicit business glossary can improve labels.,family-8-semantic-enrichment/F25_context-node-dictionary.csv,360,tenant_file
skyharbor-air,APP-00322,Inventory-TCS-Engine-0322,application,family-8-semantic-enrichment/F25_context-node-dictionary.csv,Application node used for semantic graph and diagram answers.,0.68,Generated dictionary row from loaded source records; explicit business glossary can improve labels.,family-8-semantic-enrichment/F25_context-node-dictionary.csv,361,tenant_file
skyharbor-air,APP-00323,Cloud-Amadeus-Platform-0323,application,family-8-semantic-enrichment/F25_context-node-dictionary.csv,Application node used for semantic graph and diagram answers.,0.68,Generated dictionary row from loaded source records; explicit business glossary can improve labels.,family-8-semantic-enrichment/F25_context-node-dictionary.csv,362,tenant_file
skyharbor-air,APP-00324,Observability-Infosys-Platform-0324,application,family-8-semantic-enrichment/F25_context-node-dictionary.csv,Application node used for semantic graph and diagram answers.,0.68,Generated dictionary row from loaded source records; explicit business glossary can improve labels.,family-8-semantic-enrichment/F25_context-node-dictionary.csv,363,tenant_file
skyharbor-air,APP-00325,Inventory-Oracle-Engine-0325,application,family-8-semantic-enrichment/F25_context-node-dictionary.csv,Application node used for semantic graph and diagram answers.,0.68,Generated dictionary row from loaded source records; explicit business glossary can improve labels.,family-8-semantic-enrichment/F25_context-node-dictionary.csv,364,tenant_file
skyharbor-air,APP-00326,Procurement-Jeppesen-Engine-0326,application,family-8-semantic-enrichment/F25_context-node-dictionary.csv,Application node used for semantic graph and diagram answers.,0.68,Generated dictionary row from loaded source records; explicit business glossary can improve labels.,family-8-semantic-enrichment/F25_context-node-dictionary.csv,365,tenant_file
skyharbor-air,APP-00327,Real-Sabre-Suite-0327,application,family-8-semantic-enrichment/F25_context-node-dictionary.csv,Application node used for semantic graph and diagram answers.,0.68,Generated dictionary row from loaded source records; explicit business glossary can improve labels.,family-8-semantic-enrichment/F25_context-node-dictionary.csv,366,tenant_file
skyharbor-air,APP-00328,Mobile-Lufthansa Systems-Hub-0328,application,family-8-semantic-enrichment/F25_context-node-dictionary.csv,Application node used for semantic graph and diagram answers.,0.68,Generated dictionary row from loaded source records; explicit business glossary can improve labels.,family-8-semantic-enrichment/F25_context-node-dictionary.csv,367,tenant_file
skyharbor-air,APP-00329,Mobile-Jeppesen-Platform-0329,application,family-8-semantic-enrichment/F25_context-node-dictionary.csv,Application node used for semantic graph and diagram answers.,0.68,Generated dictionary row from loaded source records; explicit business glossary can improve labels.,family-8-semantic-enrichment/F25_context-node-dictionary.csv,368,tenant_file
skyharbor-air,APP-00330,Mainframe-IBM-Platform-0330,application,family-8-semantic-enrichment/F25_context-node-dictionary.csv,Application node used for semantic graph and diagram answers.,0.68,Generated dictionary row from loaded source records; explicit business glossary can improve labels.,family-8-semantic-enrichment/F25_context-node-dictionary.csv,369,tenant_file
skyharbor-air,APP-00331,Disruption-TCS-Manager-0331,application,family-8-semantic-enrichment/F25_context-node-dictionary.csv,Application node used for semantic graph and diagram answers.,0.68,Generated dictionary row from loaded source records; explicit business glossary can improve labels.,family-8-semantic-enrichment/F25_context-node-dictionary.csv,370,tenant_file
skyharbor-air,APP-00332,Network-Infosys-Hub-0332,application,family-8-semantic-enrichment/F25_context-node-dictionary.csv,Application node used for semantic graph and diagram answers.,0.68,Generated dictionary row from loaded source records; explicit business glossary can improve labels.,family-8-semantic-enrichment/F25_context-node-dictionary.csv,371,tenant_file
skyharbor-air,APP-00333,Digital-Sabre-Manager-0333,application,family-8-semantic-enrichment/F25_context-node-dictionary.csv,Application node used for semantic graph and diagram answers.,0.68,Generated dictionary row from loaded source records; explicit business glossary can improve labels.,family-8-semantic-enrichment/F25_context-node-dictionary.csv,372,tenant_file
skyharbor-air,APP-00334,Customer-Hexaware-Manager-0334,application,family-8-semantic-enrichment/F25_context-node-dictionary.csv,Application node used for semantic graph and diagram answers.,0.68,Generated dictionary row from loaded source records; explicit business glossary can improve labels.,family-8-semantic-enrichment/F25_context-node-dictionary.csv,373,tenant_file
skyharbor-air,APP-00335,Network-IBM-Engine-0335,application,family-8-semantic-enrichment/F25_context-node-dictionary.csv,Application node used for semantic graph and diagram answers.,0.68,Generated dictionary row from loaded source records; explicit business glossary can improve labels.,family-8-semantic-enrichment/F25_context-node-dictionary.csv,374,tenant_file
skyharbor-air,APP-00336,Loyalty-Teradata-Hub-0336,application,family-8-semantic-enrichment/F25_context-node-dictionary.csv,Application node used for semantic graph and diagram answers.,0.68,Generated dictionary row from loaded source records; explicit business glossary can improve labels.,family-8-semantic-enrichment/F25_context-node-dictionary.csv,375,tenant_file
skyharbor-air,APP-00337,MRO-Microsoft-Service-0337,application,family-8-semantic-enrichment/F25_context-node-dictionary.csv,Application node used for semantic graph and diagram answers.,0.68,Generated dictionary row from loaded source records; explicit business glossary can improve labels.,family-8-semantic-enrichment/F25_context-node-dictionary.csv,376,tenant_file
skyharbor-air,APP-00338,Endpoint-Amadeus-Platform-0338,application,family-8-semantic-enrichment/F25_context-node-dictionary.csv,Application node used for semantic graph and diagram answers.,0.68,Generated dictionary row from loaded source records; explicit business glossary can improve labels.,family-8-semantic-enrichment/F25_context-node-dictionary.csv,377,tenant_file
skyharbor-air,APP-00339,Lounge-Sabre AirVision-Suite-0339,application,family-8-semantic-enrichment/F25_context-node-dictionary.csv,Application node used for semantic graph and diagram answers.,0.68,Generated dictionary row from loaded source records; explicit business glossary can improve labels.,family-8-semantic-enrichment/F25_context-node-dictionary.csv,378,tenant_file
skyharbor-air,APP-00340,Parts-Infosys-Suite-0340,application,family-8-semantic-enrichment/F25_context-node-dictionary.csv,Application node used for semantic graph and diagram answers.,0.68,Generated dictionary row from loaded source records; explicit business glossary can improve labels.,family-8-semantic-enrichment/F25_context-node-dictionary.csv,379,tenant_file
skyharbor-air,APP-00341,Weight-Infosys-Service-0341,application,family-8-semantic-enrichment/F25_context-node-dictionary.csv,Application node used for semantic graph and diagram answers.,0.68,Generated dictionary row from loaded source records; explicit business glossary can improve labels.,family-8-semantic-enrichment/F25_context-node-dictionary.csv,380,tenant_file
skyharbor-air,APP-00342,Revenue-Salesforce-Manager-0342,application,family-8-semantic-enrichment/F25_context-node-dictionary.csv,Application node used for semantic graph and diagram answers.,0.68,Generated dictionary row from loaded source records; explicit business glossary can improve labels.,family-8-semantic-enrichment/F25_context-node-dictionary.csv,381,tenant_file
skyharbor-air,APP-00343,Metadata-Teradata-Engine-0343,application,family-8-semantic-enrichment/F25_context-node-dictionary.csv,Application node used for semantic graph and diagram answers.,0.68,Generated dictionary row from loaded source records; explicit business glossary can improve labels.,family-8-semantic-enrichment/F25_context-node-dictionary.csv,382,tenant_file
skyharbor-air,APP-00344,Gate-Adobe-Hub-0344,application,family-8-semantic-enrichment/F25_context-node-dictionary.csv,Application node used for semantic graph and diagram answers.,0.68,Generated dictionary row from loaded source records; explicit business glossary can improve labels.,family-8-semantic-enrichment/F25_context-node-dictionary.csv,383,tenant_file
skyharbor-air,APP-00345,Data-Workday-Manager-0345,application,family-8-semantic-enrichment/F25_context-node-dictionary.csv,Application node used for semantic graph and diagram answers.,0.68,Generated dictionary row from loaded source records; explicit business glossary can improve labels.,family-8-semantic-enrichment/F25_context-node-dictionary.csv,384,tenant_file
skyharbor-air,APP-00346,Reliability-Salesforce-Engine-0346,application,family-8-semantic-enrichment/F25_context-node-dictionary.csv,Application node used for semantic graph and diagram answers.,0.68,Generated dictionary row from loaded source records; explicit business glossary can improve labels.,family-8-semantic-enrichment/F25_context-node-dictionary.csv,385,tenant_file
skyharbor-air,APP-00347,Line-Sabre-Hub-0347,application,family-8-semantic-enrichment/F25_context-node-dictionary.csv,Application node used for semantic graph and diagram answers.,0.68,Generated dictionary row from loaded source records; explicit business glossary can improve labels.,family-8-semantic-enrichment/F25_context-node-dictionary.csv,386,tenant_file
skyharbor-air,APP-00348,Identity-Snowflake-Service-0348,application,family-8-semantic-enrichment/F25_context-node-dictionary.csv,Application node used for semantic graph and diagram answers.,0.68,Generated dictionary row from loaded source records; explicit business glossary can improve labels.,family-8-semantic-enrichment/F25_context-node-dictionary.csv,387,tenant_file
skyharbor-air,APP-00349,Engine-SITA-Platform-0349,application,family-8-semantic-enrichment/F25_context-node-dictionary.csv,Application node used for semantic graph and diagram answers.,0.68,Generated dictionary row from loaded source records; explicit business glossary can improve labels.,family-8-semantic-enrichment/F25_context-node-dictionary.csv,388,tenant_file
skyharbor-air,APP-00350,Self-Service-Databricks-Suite-0350,application,family-8-semantic-enrichment/F25_context-node-dictionary.csv,Application node used for semantic graph and diagram answers.,0.68,Generated dictionary row from loaded source records; explicit business glossary can improve labels.,family-8-semantic-enrichment/F25_context-node-dictionary.csv,389,tenant_file
skyharbor-air,APP-00351,Pricing-Lufthansa Systems-Suite-0351,application,family-8-semantic-enrichment/F25_context-node-dictionary.csv,Application node used for semantic graph and diagram answers.,0.68,Generated dictionary row from loaded source records; explicit business glossary can improve labels.,family-8-semantic-enrichment/F25_context-node-dictionary.csv,390,tenant_file
skyharbor-air,APP-00352,Parts-Jeppesen-Hub-0352,application,family-8-semantic-enrichment/F25_context-node-dictionary.csv,Application node used for semantic graph and diagram answers.,0.68,Generated dictionary row from loaded source records; explicit business glossary can improve labels.,family-8-semantic-enrichment/F25_context-node-dictionary.csv,391,tenant_file
skyharbor-air,APP-00353,Data-Oracle-Service-0353,application,family-8-semantic-enrichment/F25_context-node-dictionary.csv,Application node used for semantic graph and diagram answers.,0.68,Generated dictionary row from loaded source records; explicit business glossary can improve labels.,family-8-semantic-enrichment/F25_context-node-dictionary.csv,392,tenant_file
skyharbor-air,APP-00354,Storage-Sabre-Suite-0354,application,family-8-semantic-enrichment/F25_context-node-dictionary.csv,Application node used for semantic graph and diagram answers.,0.68,Generated dictionary row from loaded source records; explicit business glossary can improve labels.,family-8-semantic-enrichment/F25_context-node-dictionary.csv,393,tenant_file
skyharbor-air,APP-00355,Payroll-ServiceNow-Service-0355,application,family-8-semantic-enrichment/F25_context-node-dictionary.csv,Application node used for semantic graph and diagram answers.,0.68,Generated dictionary row from loaded source records; explicit business glossary can improve labels.,family-8-semantic-enrichment/F25_context-node-dictionary.csv,394,tenant_file
skyharbor-air,APP-00356,Disruption-Snowflake-Hub-0356,application,family-8-semantic-enrichment/F25_context-node-dictionary.csv,Application node used for semantic graph and diagram answers.,0.68,Generated dictionary row from loaded source records; explicit business glossary can improve labels.,family-8-semantic-enrichment/F25_context-node-dictionary.csv,395,tenant_file
skyharbor-air,APP-00357,Crew-SITA-Engine-0357,application,family-8-semantic-enrichment/F25_context-node-dictionary.csv,Application node used for semantic graph and diagram answers.,0.68,Generated dictionary row from loaded source records; explicit business glossary can improve labels.,family-8-semantic-enrichment/F25_context-node-dictionary.csv,396,tenant_file
skyharbor-air,APP-00358,Ground-Lufthansa Systems-Platform-0358,application,family-8-semantic-enrichment/F25_context-node-dictionary.csv,Application node used for semantic graph and diagram answers.,0.68,Generated dictionary row from loaded source records; explicit business glossary can improve labels.,family-8-semantic-enrichment/F25_context-node-dictionary.csv,397,tenant_file
skyharbor-air,APP-00359,Data-Infosys-Hub-0359,application,family-8-semantic-enrichment/F25_context-node-dictionary.csv,Application node used for semantic graph and diagram answers.,0.68,Generated dictionary row from loaded source records; explicit business glossary can improve labels.,family-8-semantic-enrichment/F25_context-node-dictionary.csv,398,tenant_file
skyharbor-air,APP-00360,Crew-SAP-Suite-0360,application,family-8-semantic-enrichment/F25_context-node-dictionary.csv,Application node used for semantic graph and diagram answers.,0.68,Generated dictionary row from loaded source records; explicit business glossary can improve labels.,family-8-semantic-enrichment/F25_context-node-dictionary.csv,399,tenant_file
skyharbor-air,APP-00361,Ancillary-Databricks-Platform-0361,application,family-8-semantic-enrichment/F25_context-node-dictionary.csv,Application node used for semantic graph and diagram answers.,0.68,Generated dictionary row from loaded source records; explicit business glossary can improve labels.,family-8-semantic-enrichment/F25_context-node-dictionary.csv,400,tenant_file
skyharbor-air,APP-00362,Slot-Amadeus-Suite-0362,application,family-8-semantic-enrichment/F25_context-node-dictionary.csv,Application node used for semantic graph and diagram answers.,0.68,Generated dictionary row from loaded source records; explicit business glossary can improve labels.,family-8-semantic-enrichment/F25_context-node-dictionary.csv,401,tenant_file
skyharbor-air,APP-00363,Compute-Accenture-Manager-0363,application,family-8-semantic-enrichment/F25_context-node-dictionary.csv,Application node used for semantic graph and diagram answers.,0.68,Generated dictionary row from loaded source records; explicit business glossary can improve labels.,family-8-semantic-enrichment/F25_context-node-dictionary.csv,402,tenant_file
skyharbor-air,APP-00364,Crew-AIMS-Platform-0364,application,family-8-semantic-enrichment/F25_context-node-dictionary.csv,Application node used for semantic graph and diagram answers.,0.68,Generated dictionary row from loaded source records; explicit business glossary can improve labels.,family-8-semantic-enrichment/F25_context-node-dictionary.csv,403,tenant_file
skyharbor-air,APP-00365,Network-Accenture-Engine-0365,application,family-8-semantic-enrichment/F25_context-node-dictionary.csv,Application node used for semantic graph and diagram answers.,0.68,Generated dictionary row from loaded source records; explicit business glossary can improve labels.,family-8-semantic-enrichment/F25_context-node-dictionary.csv,404,tenant_file
skyharbor-air,APP-00366,Self-Service-Lufthansa Systems-Suite-0366,application,family-8-semantic-enrichment/F25_context-node-dictionary.csv,Application node used for semantic graph and diagram answers.,0.68,Generated dictionary row from loaded source records; explicit business glossary can improve labels.,family-8-semantic-enrichment/F25_context-node-dictionary.csv,405,tenant_file
skyharbor-air,APP-00367,Slot-Jeppesen-Suite-0367,application,family-8-semantic-enrichment/F25_context-node-dictionary.csv,Application node used for semantic graph and diagram answers.,0.68,Generated dictionary row from loaded source records; explicit business glossary can improve labels.,family-8-semantic-enrichment/F25_context-node-dictionary.csv,406,tenant_file
skyharbor-air,APP-00368,Pricing-Lufthansa Systems-Service-0368,application,family-8-semantic-enrichment/F25_context-node-dictionary.csv,Application node used for semantic graph and diagram answers.,0.68,Generated dictionary row from loaded source records; explicit business glossary can improve labels.,family-8-semantic-enrichment/F25_context-node-dictionary.csv,407,tenant_file
skyharbor-air,APP-00369,Network-IBM-Hub-0369,application,family-8-semantic-enrichment/F25_context-node-dictionary.csv,Application node used for semantic graph and diagram answers.,0.68,Generated dictionary row from loaded source records; explicit business glossary can improve labels.,family-8-semantic-enrichment/F25_context-node-dictionary.csv,408,tenant_file
skyharbor-air,APP-00370,Sales-Amadeus-Platform-0370,application,family-8-semantic-enrichment/F25_context-node-dictionary.csv,Application node used for semantic graph and diagram answers.,0.68,Generated dictionary row from loaded source records; explicit business glossary can improve labels.,family-8-semantic-enrichment/F25_context-node-dictionary.csv,409,tenant_file
skyharbor-air,APP-00371,Crew-Databricks-Engine-0371,application,family-8-semantic-enrichment/F25_context-node-dictionary.csv,Application node used for semantic graph and diagram answers.,0.68,Generated dictionary row from loaded source records; explicit business glossary can improve labels.,family-8-semantic-enrichment/F25_context-node-dictionary.csv,410,tenant_file
skyharbor-air,APP-00372,Maintenance-Hexaware-Manager-0372,application,family-8-semantic-enrichment/F25_context-node-dictionary.csv,Application node used for semantic graph and diagram answers.,0.68,Generated dictionary row from loaded source records; explicit business glossary can improve labels.,family-8-semantic-enrichment/F25_context-node-dictionary.csv,411,tenant_file
skyharbor-air,APP-00373,Security-Snowflake-Hub-0373,application,family-8-semantic-enrichment/F25_context-node-dictionary.csv,Application node used for semantic graph and diagram answers.,0.68,Generated dictionary row from loaded source records; explicit business glossary can improve labels.,family-8-semantic-enrichment/F25_context-node-dictionary.csv,412,tenant_file
skyharbor-air,APP-00374,Data-AIMS-Suite-0374,application,family-8-semantic-enrichment/F25_context-node-dictionary.csv,Application node used for semantic graph and diagram answers.,0.68,Generated dictionary row from loaded source records; explicit business glossary can improve labels.,family-8-semantic-enrichment/F25_context-node-dictionary.csv,413,tenant_file
skyharbor-air,APP-00375,Tax-Jeppesen-Hub-0375,application,family-8-semantic-enrichment/F25_context-node-dictionary.csv,Application node used for semantic graph and diagram answers.,0.68,Generated dictionary row from loaded source records; explicit business glossary can improve labels.,family-8-semantic-enrichment/F25_context-node-dictionary.csv,414,tenant_file
skyharbor-air,APP-00376,Loyalty-Amadeus-Engine-0376,application,family-8-semantic-enrichment/F25_context-node-dictionary.csv,Application node used for semantic graph and diagram answers.,0.68,Generated dictionary row from loaded source records; explicit business glossary can improve labels.,family-8-semantic-enrichment/F25_context-node-dictionary.csv,415,tenant_file
skyharbor-air,APP-00377,Fare-Sabre-Suite-0377,application,family-8-semantic-enrichment/F25_context-node-dictionary.csv,Application node used for semantic graph and diagram answers.,0.68,Generated dictionary row from loaded source records; explicit business glossary can improve labels.,family-8-semantic-enrichment/F25_context-node-dictionary.csv,416,tenant_file
skyharbor-air,APP-00378,Disruption-Workday-Engine-0378,application,family-8-semantic-enrichment/F25_context-node-dictionary.csv,Application node used for semantic graph and diagram answers.,0.68,Generated dictionary row from loaded source records; explicit business glossary can improve labels.,family-8-semantic-enrichment/F25_context-node-dictionary.csv,417,tenant_file
skyharbor-air,APP-00379,Customer-SAP-Hub-0379,application,family-8-semantic-enrichment/F25_context-node-dictionary.csv,Application node used for semantic graph and diagram answers.,0.68,Generated dictionary row from loaded source records; explicit business glossary can improve labels.,family-8-semantic-enrichment/F25_context-node-dictionary.csv,418,tenant_file
skyharbor-air,APP-00380,Real-time-SAP-Hub-0380,application,family-8-semantic-enrichment/F25_context-node-dictionary.csv,Application node used for semantic graph and diagram answers.,0.68,Generated dictionary row from loaded source records; explicit business glossary can improve labels.,family-8-semantic-enrichment/F25_context-node-dictionary.csv,419,tenant_file
skyharbor-air,APP-00381,Digital-Salesforce-Engine-0381,application,family-8-semantic-enrichment/F25_context-node-dictionary.csv,Application node used for semantic graph and diagram answers.,0.68,Generated dictionary row from loaded source records; explicit business glossary can improve labels.,family-8-semantic-enrichment/F25_context-node-dictionary.csv,420,tenant_file
skyharbor-air,APP-00382,Distribution-ServiceNow-Platform-0382,application,family-8-semantic-enrichment/F25_context-node-dictionary.csv,Application node used for semantic graph and diagram answers.,0.68,Generated dictionary row from loaded source records; explicit business glossary can improve labels.,family-8-semantic-enrichment/F25_context-node-dictionary.csv,421,tenant_file
skyharbor-air,APP-00383,Crew-Adobe-Hub-0383,application,family-8-semantic-enrichment/F25_context-node-dictionary.csv,Application node used for semantic graph and diagram answers.,0.68,Generated dictionary row from loaded source records; explicit business glossary can improve labels.,family-8-semantic-enrichment/F25_context-node-dictionary.csv,422,tenant_file
skyharbor-air,APP-00384,Security-Custom-Suite-0384,application,family-8-semantic-enrichment/F25_context-node-dictionary.csv,Application node used for semantic graph and diagram answers.,0.68,Generated dictionary row from loaded source records; explicit business glossary can improve labels.,family-8-semantic-enrichment/F25_context-node-dictionary.csv,423,tenant_file
skyharbor-air,APP-00385,Reliability-Sabre AirVision-Hub-0385,application,family-8-semantic-enrichment/F25_context-node-dictionary.csv,Application node used for semantic graph and diagram answers.,0.68,Generated dictionary row from loaded source records; explicit business glossary can improve labels.,family-8-semantic-enrichment/F25_context-node-dictionary.csv,424,tenant_file
skyharbor-air,APP-00386,Crew-Salesforce-Service-0386,application,family-8-semantic-enrichment/F25_context-node-dictionary.csv,Application node used for semantic graph and diagram answers.,0.68,Generated dictionary row from loaded source records; explicit business glossary can improve labels.,family-8-semantic-enrichment/F25_context-node-dictionary.csv,425,tenant_file
skyharbor-air,APP-00387,Maintenance-Workday-Manager-0387,application,family-8-semantic-enrichment/F25_context-node-dictionary.csv,Application node used for semantic graph and diagram answers.,0.68,Generated dictionary row from loaded source records; explicit business glossary can improve labels.,family-8-semantic-enrichment/F25_context-node-dictionary.csv,426,tenant_file
skyharbor-air,APP-00388,Cloud-Databricks-Suite-0388,application,family-8-semantic-enrichment/F25_context-node-dictionary.csv,Application node used for semantic graph and diagram answers.,0.68,Generated dictionary row from loaded source records; explicit business glossary can improve labels.,family-8-semantic-enrichment/F25_context-node-dictionary.csv,427,tenant_file
skyharbor-air,APP-00389,Loyalty-SITA-Manager-0389,application,family-8-semantic-enrichment/F25_context-node-dictionary.csv,Application node used for semantic graph and diagram answers.,0.68,Generated dictionary row from loaded source records; explicit business glossary can improve labels.,family-8-semantic-enrichment/F25_context-node-dictionary.csv,428,tenant_file
skyharbor-air,APP-00390,Real-SAP-Service-0390,application,family-8-semantic-enrichment/F25_context-node-dictionary.csv,Application node used for semantic graph and diagram answers.,0.68,Generated dictionary row from loaded source records; explicit business glossary can improve labels.,family-8-semantic-enrichment/F25_context-node-dictionary.csv,429,tenant_file
skyharbor-air,APP-00391,Self-Service-Snowflake-Service-0391,application,family-8-semantic-enrichment/F25_context-node-dictionary.csv,Application node used for semantic graph and diagram answers.,0.68,Generated dictionary row from loaded source records; explicit business glossary can improve labels.,family-8-semantic-enrichment/F25_context-node-dictionary.csv,430,tenant_file
skyharbor-air,APP-00392,Crew-AIMS-Hub-0392,application,family-8-semantic-enrichment/F25_context-node-dictionary.csv,Application node used for semantic graph and diagram answers.,0.68,Generated dictionary row from loaded source records; explicit business glossary can improve labels.,family-8-semantic-enrichment/F25_context-node-dictionary.csv,431,tenant_file
skyharbor-air,APP-00393,Reliability-Sabre AirVision-Suite-0393,application,family-8-semantic-enrichment/F25_context-node-dictionary.csv,Application node used for semantic graph and diagram answers.,0.68,Generated dictionary row from loaded source records; explicit business glossary can improve labels.,family-8-semantic-enrichment/F25_context-node-dictionary.csv,432,tenant_file
skyharbor-air,APP-00394,Line-Jeppesen-Engine-0394,application,family-8-semantic-enrichment/F25_context-node-dictionary.csv,Application node used for semantic graph and diagram answers.,0.68,Generated dictionary row from loaded source records; explicit business glossary can improve labels.,family-8-semantic-enrichment/F25_context-node-dictionary.csv,433,tenant_file
skyharbor-air,APP-00395,Self-Service-Infosys-Manager-0395,application,family-8-semantic-enrichment/F25_context-node-dictionary.csv,Application node used for semantic graph and diagram answers.,0.68,Generated dictionary row from loaded source records; explicit business glossary can improve labels.,family-8-semantic-enrichment/F25_context-node-dictionary.csv,434,tenant_file
skyharbor-air,APP-00396,Component-SITA-Manager-0396,application,family-8-semantic-enrichment/F25_context-node-dictionary.csv,Application node used for semantic graph and diagram answers.,0.68,Generated dictionary row from loaded source records; explicit business glossary can improve labels.,family-8-semantic-enrichment/F25_context-node-dictionary.csv,435,tenant_file
skyharbor-air,APP-00397,Observability-Sabre-Platform-0397,application,family-8-semantic-enrichment/F25_context-node-dictionary.csv,Application node used for semantic graph and diagram answers.,0.68,Generated dictionary row from loaded source records; explicit business glossary can improve labels.,family-8-semantic-enrichment/F25_context-node-dictionary.csv,436,tenant_file
skyharbor-air,APP-00398,Data-Lufthansa Systems-Hub-0398,application,family-8-semantic-enrichment/F25_context-node-dictionary.csv,Application node used for semantic graph and diagram answers.,0.68,Generated dictionary row from loaded source records; explicit business glossary can improve labels.,family-8-semantic-enrichment/F25_context-node-dictionary.csv,437,tenant_file
skyharbor-air,APP-00399,Metadata-Microsoft-Engine-0399,application,family-8-semantic-enrichment/F25_context-node-dictionary.csv,Application node used for semantic graph and diagram answers.,0.68,Generated dictionary row from loaded source records; explicit business glossary can improve labels.,family-8-semantic-enrichment/F25_context-node-dictionary.csv,438,tenant_file
skyharbor-air,APP-00400,Cargo-Hexaware-Suite-0400,application,family-8-semantic-enrichment/F25_context-node-dictionary.csv,Application node used for semantic graph and diagram answers.,0.68,Generated dictionary row from loaded source records; explicit business glossary can improve labels.,family-8-semantic-enrichment/F25_context-node-dictionary.csv,439,tenant_file
skyharbor-air,APP-00401,Crew-Accenture-Suite-0401,application,family-8-semantic-enrichment/F25_context-node-dictionary.csv,Application node used for semantic graph and diagram answers.,0.68,Generated dictionary row from loaded source records; explicit business glossary can improve labels.,family-8-semantic-enrichment/F25_context-node-dictionary.csv,440,tenant_file
skyharbor-air,APP-00402,Slot-Teradata-Hub-0402,application,family-8-semantic-enrichment/F25_context-node-dictionary.csv,Application node used for semantic graph and diagram answers.,0.68,Generated dictionary row from loaded source records; explicit business glossary can improve labels.,family-8-semantic-enrichment/F25_context-node-dictionary.csv,441,tenant_file
skyharbor-air,APP-00403,Privileged-ServiceNow-Engine-0403,application,family-8-semantic-enrichment/F25_context-node-dictionary.csv,Application node used for semantic graph and diagram answers.,0.68,Generated dictionary row from loaded source records; explicit business glossary can improve labels.,family-8-semantic-enrichment/F25_context-node-dictionary.csv,442,tenant_file
skyharbor-air,APP-00404,Loyalty-TCS-Hub-0404,application,family-8-semantic-enrichment/F25_context-node-dictionary.csv,Application node used for semantic graph and diagram answers.,0.68,Generated dictionary row from loaded source records; explicit business glossary can improve labels.,family-8-semantic-enrichment/F25_context-node-dictionary.csv,443,tenant_file
skyharbor-air,APP-00405,Customer-Oracle-Suite-0405,application,family-8-semantic-enrichment/F25_context-node-dictionary.csv,Application node used for semantic graph and diagram answers.,0.68,Generated dictionary row from loaded source records; explicit business glossary can improve labels.,family-8-semantic-enrichment/F25_context-node-dictionary.csv,444,tenant_file
skyharbor-air,APP-00406,Gate-Sabre AirVision-Service-0406,application,family-8-semantic-enrichment/F25_context-node-dictionary.csv,Application node used for semantic graph and diagram answers.,0.68,Generated dictionary row from loaded source records; explicit business glossary can improve labels.,family-8-semantic-enrichment/F25_context-node-dictionary.csv,445,tenant_file
skyharbor-air,APP-00407,Mobile-TCS-Suite-0407,application,family-8-semantic-enrichment/F25_context-node-dictionary.csv,Application node used for semantic graph and diagram answers.,0.68,Generated dictionary row from loaded source records; explicit business glossary can improve labels.,family-8-semantic-enrichment/F25_context-node-dictionary.csv,446,tenant_file
skyharbor-air,APP-00408,Mainframe-Custom-Suite-0408,application,family-8-semantic-enrichment/F25_context-node-dictionary.csv,Application node used for semantic graph and diagram answers.,0.68,Generated dictionary row from loaded source records; explicit business glossary can improve labels.,family-8-semantic-enrichment/F25_context-node-dictionary.csv,447,tenant_file
skyharbor-air,APP-00409,Parts-ServiceNow-Hub-0409,application,family-8-semantic-enrichment/F25_context-node-dictionary.csv,Application node used for semantic graph and diagram answers.,0.68,Generated dictionary row from loaded source records; explicit business glossary can improve labels.,family-8-semantic-enrichment/F25_context-node-dictionary.csv,448,tenant_file
skyharbor-air,APP-00410,Ground-SITA-Manager-0410,application,family-8-semantic-enrichment/F25_context-node-dictionary.csv,Application node used for semantic graph and diagram answers.,0.68,Generated dictionary row from loaded source records; explicit business glossary can improve labels.,family-8-semantic-enrichment/F25_context-node-dictionary.csv,449,tenant_file
skyharbor-air,APP-00411,Gate-AIMS-Manager-0411,application,family-8-semantic-enrichment/F25_context-node-dictionary.csv,Application node used for semantic graph and diagram answers.,0.68,Generated dictionary row from loaded source records; explicit business glossary can improve labels.,family-8-semantic-enrichment/F25_context-node-dictionary.csv,450,tenant_file
skyharbor-air,APP-00412,Data-Hexaware-Platform-0412,application,family-8-semantic-enrichment/F25_context-node-dictionary.csv,Application node used for semantic graph and diagram answers.,0.68,Generated dictionary row from loaded source records; explicit business glossary can improve labels.,family-8-semantic-enrichment/F25_context-node-dictionary.csv,451,tenant_file
skyharbor-air,APP-00413,Data-Amadeus-Engine-0413,application,family-8-semantic-enrichment/F25_context-node-dictionary.csv,Application node used for semantic graph and diagram answers.,0.68,Generated dictionary row from loaded source records; explicit business glossary can improve labels.,family-8-semantic-enrichment/F25_context-node-dictionary.csv,452,tenant_file
skyharbor-air,APP-00414,Mobile-TCS-Platform-0414,application,family-8-semantic-enrichment/F25_context-node-dictionary.csv,Application node used for semantic graph and diagram answers.,0.68,Generated dictionary row from loaded source records; explicit business glossary can improve labels.,family-8-semantic-enrichment/F25_context-node-dictionary.csv,453,tenant_file
skyharbor-air,APP-00415,Disruption-Microsoft-Manager-0415,application,family-8-semantic-enrichment/F25_context-node-dictionary.csv,Application node used for semantic graph and diagram answers.,0.68,Generated dictionary row from loaded source records; explicit business glossary can improve labels.,family-8-semantic-enrichment/F25_context-node-dictionary.csv,454,tenant_file
skyharbor-air,APP-00416,Weight-Accenture-Manager-0416,application,family-8-semantic-enrichment/F25_context-node-dictionary.csv,Application node used for semantic graph and diagram answers.,0.68,Generated dictionary row from loaded source records; explicit business glossary can improve labels.,family-8-semantic-enrichment/F25_context-node-dictionary.csv,455,tenant_file
skyharbor-air,APP-00417,Network-Workday-Suite-0417,application,family-8-semantic-enrichment/F25_context-node-dictionary.csv,Application node used for semantic graph and diagram answers.,0.68,Generated dictionary row from loaded source records; explicit business glossary can improve labels.,family-8-semantic-enrichment/F25_context-node-dictionary.csv,456,tenant_file
skyharbor-air,APP-00418,Line-Accenture-Service-0418,application,family-8-semantic-enrichment/F25_context-node-dictionary.csv,Application node used for semantic graph and diagram answers.,0.68,Generated dictionary row from loaded source records; explicit business glossary can improve labels.,family-8-semantic-enrichment/F25_context-node-dictionary.csv,457,tenant_file
skyharbor-air,APP-00419,Container-Workday-Suite-0419,application,family-8-semantic-enrichment/F25_context-node-dictionary.csv,Application node used for semantic graph and diagram answers.,0.68,Generated dictionary row from loaded source records; explicit business glossary can improve labels.,family-8-semantic-enrichment/F25_context-node-dictionary.csv,458,tenant_file
skyharbor-air,APP-00420,Real-Oracle-Service-0420,application,family-8-semantic-enrichment/F25_context-node-dictionary.csv,Application node used for semantic graph and diagram answers.,0.68,Generated dictionary row from loaded source records; explicit business glossary can improve labels.,family-8-semantic-enrichment/F25_context-node-dictionary.csv,459,tenant_file
skyharbor-air,APP-00421,Crew-Teradata-Suite-0421,application,family-8-semantic-enrichment/F25_context-node-dictionary.csv,Application node used for semantic graph and diagram answers.,0.68,Generated dictionary row from loaded source records; explicit business glossary can improve labels.,family-8-semantic-enrichment/F25_context-node-dictionary.csv,460,tenant_file
skyharbor-air,APP-00422,Metadata-Custom-Manager-0422,application,family-8-semantic-enrichment/F25_context-node-dictionary.csv,Application node used for semantic graph and diagram answers.,0.68,Generated dictionary row from loaded source records; explicit business glossary can improve labels.,family-8-semantic-enrichment/F25_context-node-dictionary.csv,461,tenant_file
skyharbor-air,APP-00423,Business-Infosys-Platform-0423,application,family-8-semantic-enrichment/F25_context-node-dictionary.csv,Application node used for semantic graph and diagram answers.,0.68,Generated dictionary row from loaded source records; explicit business glossary can improve labels.,family-8-semantic-enrichment/F25_context-node-dictionary.csv,462,tenant_file
skyharbor-air,APP-00424,Customer-TCS-Suite-0424,application,family-8-semantic-enrichment/F25_context-node-dictionary.csv,Application node used for semantic graph and diagram answers.,0.68,Generated dictionary row from loaded source records; explicit business glossary can improve labels.,family-8-semantic-enrichment/F25_context-node-dictionary.csv,463,tenant_file
skyharbor-air,APP-00425,Treasury-Infosys-Platform-0425,application,family-8-semantic-enrichment/F25_context-node-dictionary.csv,Application node used for semantic graph and diagram answers.,0.68,Generated dictionary row from loaded source records; explicit business glossary can improve labels.,family-8-semantic-enrichment/F25_context-node-dictionary.csv,464,tenant_file
skyharbor-air,APP-00426,Tax-IBM-Hub-0426,application,family-8-semantic-enrichment/F25_context-node-dictionary.csv,Application node used for semantic graph and diagram answers.,0.68,Generated dictionary row from loaded source records; explicit business glossary can improve labels.,family-8-semantic-enrichment/F25_context-node-dictionary.csv,465,tenant_file
skyharbor-air,APP-00427,Container-Sabre AirVision-Service-0427,application,family-8-semantic-enrichment/F25_context-node-dictionary.csv,Application node used for semantic graph and diagram answers.,0.68,Generated dictionary row from loaded source records; explicit business glossary can improve labels.,family-8-semantic-enrichment/F25_context-node-dictionary.csv,466,tenant_file
skyharbor-air,APP-00428,Line-ServiceNow-Engine-0428,application,family-8-semantic-enrichment/F25_context-node-dictionary.csv,Application node used for semantic graph and diagram answers.,0.68,Generated dictionary row from loaded source records; explicit business glossary can improve labels.,family-8-semantic-enrichment/F25_context-node-dictionary.csv,467,tenant_file
skyharbor-air,APP-00429,Master-Hexaware-Platform-0429,application,family-8-semantic-enrichment/F25_context-node-dictionary.csv,Application node used for semantic graph and diagram answers.,0.68,Generated dictionary row from loaded source records; explicit business glossary can improve labels.,family-8-semantic-enrichment/F25_context-node-dictionary.csv,468,tenant_file
skyharbor-air,APP-00430,Endpoint-Snowflake-Service-0430,application,family-8-semantic-enrichment/F25_context-node-dictionary.csv,Application node used for semantic graph and diagram answers.,0.68,Generated dictionary row from loaded source records; explicit business glossary can improve labels.,family-8-semantic-enrichment/F25_context-node-dictionary.csv,469,tenant_file
skyharbor-air,APP-00431,Line-Teradata-Suite-0431,application,family-8-semantic-enrichment/F25_context-node-dictionary.csv,Application node used for semantic graph and diagram answers.,0.68,Generated dictionary row from loaded source records; explicit business glossary can improve labels.,family-8-semantic-enrichment/F25_context-node-dictionary.csv,470,tenant_file
skyharbor-air,APP-00432,Parts-Sabre AirVision-Platform-0432,application,family-8-semantic-enrichment/F25_context-node-dictionary.csv,Application node used for semantic graph and diagram answers.,0.68,Generated dictionary row from loaded source records; explicit business glossary can improve labels.,family-8-semantic-enrichment/F25_context-node-dictionary.csv,471,tenant_file
skyharbor-air,APP-00433,Inventory-Accenture-Service-0433,application,family-8-semantic-enrichment/F25_context-node-dictionary.csv,Application node used for semantic graph and diagram answers.,0.68,Generated dictionary row from loaded source records; explicit business glossary can improve labels.,family-8-semantic-enrichment/F25_context-node-dictionary.csv,472,tenant_file
skyharbor-air,APP-00434,Tax-Adobe-Service-0434,application,family-8-semantic-enrichment/F25_context-node-dictionary.csv,Application node used for semantic graph and diagram answers.,0.68,Generated dictionary row from loaded source records; explicit business glossary can improve labels.,family-8-semantic-enrichment/F25_context-node-dictionary.csv,473,tenant_file
skyharbor-air,APP-00435,Mobile-Amadeus-Suite-0435,application,family-8-semantic-enrichment/F25_context-node-dictionary.csv,Application node used for semantic graph and diagram answers.,0.68,Generated dictionary row from loaded source records; explicit business glossary can improve labels.,family-8-semantic-enrichment/F25_context-node-dictionary.csv,474,tenant_file
skyharbor-air,APP-00436,Fuel-Hexaware-Engine-0436,application,family-8-semantic-enrichment/F25_context-node-dictionary.csv,Application node used for semantic graph and diagram answers.,0.68,Generated dictionary row from loaded source records; explicit business glossary can improve labels.,family-8-semantic-enrichment/F25_context-node-dictionary.csv,475,tenant_file
skyharbor-air,APP-00437,Customer-SITA-Platform-0437,application,family-8-semantic-enrichment/F25_context-node-dictionary.csv,Application node used for semantic graph and diagram answers.,0.68,Generated dictionary row from loaded source records; explicit business glossary can improve labels.,family-8-semantic-enrichment/F25_context-node-dictionary.csv,476,tenant_file
skyharbor-air,APP-00438,ML-Custom-Suite-0438,application,family-8-semantic-enrichment/F25_context-node-dictionary.csv,Application node used for semantic graph and diagram answers.,0.68,Generated dictionary row from loaded source records; explicit business glossary can improve labels.,family-8-semantic-enrichment/F25_context-node-dictionary.csv,477,tenant_file
skyharbor-air,APP-00439,Observability-Jeppesen-Engine-0439,application,family-8-semantic-enrichment/F25_context-node-dictionary.csv,Application node used for semantic graph and diagram answers.,0.68,Generated dictionary row from loaded source records; explicit business glossary can improve labels.,family-8-semantic-enrichment/F25_context-node-dictionary.csv,478,tenant_file
skyharbor-air,APP-00440,MRO-ServiceNow-Manager-0440,application,family-8-semantic-enrichment/F25_context-node-dictionary.csv,Application node used for semantic graph and diagram answers.,0.68,Generated dictionary row from loaded source records; explicit business glossary can improve labels.,family-8-semantic-enrichment/F25_context-node-dictionary.csv,479,tenant_file
skyharbor-air,APP-00441,Slot-Sabre AirVision-Platform-0441,application,family-8-semantic-enrichment/F25_context-node-dictionary.csv,Application node used for semantic graph and diagram answers.,0.68,Generated dictionary row from loaded source records; explicit business glossary can improve labels.,family-8-semantic-enrichment/F25_context-node-dictionary.csv,480,tenant_file
skyharbor-air,APP-00442,Weight-Salesforce-Hub-0442,application,family-8-semantic-enrichment/F25_context-node-dictionary.csv,Application node used for semantic graph and diagram answers.,0.68,Generated dictionary row from loaded source records; explicit business glossary can improve labels.,family-8-semantic-enrichment/F25_context-node-dictionary.csv,481,tenant_file
skyharbor-air,APP-00443,Airworthiness-Custom-Service-0443,application,family-8-semantic-enrichment/F25_context-node-dictionary.csv,Application node used for semantic graph and diagram answers.,0.68,Generated dictionary row from loaded source records; explicit business glossary can improve labels.,family-8-semantic-enrichment/F25_context-node-dictionary.csv,482,tenant_file
skyharbor-air,APP-00444,Mainframe-Snowflake-Suite-0444,application,family-8-semantic-enrichment/F25_context-node-dictionary.csv,Application node used for semantic graph and diagram answers.,0.68,Generated dictionary row from loaded source records; explicit business glossary can improve labels.,family-8-semantic-enrichment/F25_context-node-dictionary.csv,483,tenant_file
skyharbor-air,APP-00445,ML-Amadeus-Engine-0445,application,family-8-semantic-enrichment/F25_context-node-dictionary.csv,Application node used for semantic graph and diagram answers.,0.68,Generated dictionary row from loaded source records; explicit business glossary can improve labels.,family-8-semantic-enrichment/F25_context-node-dictionary.csv,484,tenant_file
skyharbor-air,APP-00446,Airworthiness-AIMS-Service-0446,application,family-8-semantic-enrichment/F25_context-node-dictionary.csv,Application node used for semantic graph and diagram answers.,0.68,Generated dictionary row from loaded source records; explicit business glossary can improve labels.,family-8-semantic-enrichment/F25_context-node-dictionary.csv,485,tenant_file
skyharbor-air,APP-00447,Fuel-Snowflake-Engine-0447,application,family-8-semantic-enrichment/F25_context-node-dictionary.csv,Application node used for semantic graph and diagram answers.,0.68,Generated dictionary row from loaded source records; explicit business glossary can improve labels.,family-8-semantic-enrichment/F25_context-node-dictionary.csv,486,tenant_file
skyharbor-air,APP-00448,Disruption-TCS-Hub-0448,application,family-8-semantic-enrichment/F25_context-node-dictionary.csv,Application node used for semantic graph and diagram answers.,0.68,Generated dictionary row from loaded source records; explicit business glossary can improve labels.,family-8-semantic-enrichment/F25_context-node-dictionary.csv,487,tenant_file
skyharbor-air,APP-00449,Network-SAP-Hub-0449,application,family-8-semantic-enrichment/F25_context-node-dictionary.csv,Application node used for semantic graph and diagram answers.,0.68,Generated dictionary row from loaded source records; explicit business glossary can improve labels.,family-8-semantic-enrichment/F25_context-node-dictionary.csv,488,tenant_file
skyharbor-air,APP-00450,Data-Lufthansa Systems-Manager-0450,application,family-8-semantic-enrichment/F25_context-node-dictionary.csv,Application node used for semantic graph and diagram answers.,0.68,Generated dictionary row from loaded source records; explicit business glossary can improve labels.,family-8-semantic-enrichment/F25_context-node-dictionary.csv,489,tenant_file
skyharbor-air,APP-00451,Security-Amadeus-Service-0451,application,family-8-semantic-enrichment/F25_context-node-dictionary.csv,Application node used for semantic graph and diagram answers.,0.68,Generated dictionary row from loaded source records; explicit business glossary can improve labels.,family-8-semantic-enrichment/F25_context-node-dictionary.csv,490,tenant_file
skyharbor-air,APP-00452,Inventory-Teradata-Hub-0452,application,family-8-semantic-enrichment/F25_context-node-dictionary.csv,Application node used for semantic graph and diagram answers.,0.68,Generated dictionary row from loaded source records; explicit business glossary can improve labels.,family-8-semantic-enrichment/F25_context-node-dictionary.csv,491,tenant_file
skyharbor-air,APP-00453,Container-Amadeus-Manager-0453,application,family-8-semantic-enrichment/F25_context-node-dictionary.csv,Application node used for semantic graph and diagram answers.,0.68,Generated dictionary row from loaded source records; explicit business glossary can improve labels.,family-8-semantic-enrichment/F25_context-node-dictionary.csv,492,tenant_file
skyharbor-air,APP-00454,Inventory-Workday-Manager-0454,application,family-8-semantic-enrichment/F25_context-node-dictionary.csv,Application node used for semantic graph and diagram answers.,0.68,Generated dictionary row from loaded source records; explicit business glossary can improve labels.,family-8-semantic-enrichment/F25_context-node-dictionary.csv,493,tenant_file
skyharbor-air,APP-00455,Customer-ServiceNow-Hub-0455,application,family-8-semantic-enrichment/F25_context-node-dictionary.csv,Application node used for semantic graph and diagram answers.,0.68,Generated dictionary row from loaded source records; explicit business glossary can improve labels.,family-8-semantic-enrichment/F25_context-node-dictionary.csv,494,tenant_file
skyharbor-air,APP-00456,Self-Service-Jeppesen-Engine-0456,application,family-8-semantic-enrichment/F25_context-node-dictionary.csv,Application node used for semantic graph and diagram answers.,0.68,Generated dictionary row from loaded source records; explicit business glossary can improve labels.,family-8-semantic-enrichment/F25_context-node-dictionary.csv,495,tenant_file
skyharbor-air,APP-00457,Procurement-Adobe-Suite-0457,application,family-8-semantic-enrichment/F25_context-node-dictionary.csv,Application node used for semantic graph and diagram answers.,0.68,Generated dictionary row from loaded source records; explicit business glossary can improve labels.,family-8-semantic-enrichment/F25_context-node-dictionary.csv,496,tenant_file
skyharbor-air,APP-00458,Cloud-TCS-Manager-0458,application,family-8-semantic-enrichment/F25_context-node-dictionary.csv,Application node used for semantic graph and diagram answers.,0.68,Generated dictionary row from loaded source records; explicit business glossary can improve labels.,family-8-semantic-enrichment/F25_context-node-dictionary.csv,497,tenant_file
skyharbor-air,APP-00459,Procurement-Teradata-Suite-0459,application,family-8-semantic-enrichment/F25_context-node-dictionary.csv,Application node used for semantic graph and diagram answers.,0.68,Generated dictionary row from loaded source records; explicit business glossary can improve labels.,family-8-semantic-enrichment/F25_context-node-dictionary.csv,498,tenant_file
skyharbor-air,APP-00460,Cargo-Amadeus-Suite-0460,application,family-8-semantic-enrichment/F25_context-node-dictionary.csv,Application node used for semantic graph and diagram answers.,0.68,Generated dictionary row from loaded source records; explicit business glossary can improve labels.,family-8-semantic-enrichment/F25_context-node-dictionary.csv,499,tenant_file
skyharbor-air,APP-00461,Engine-Lufthansa Systems-Platform-0461,application,family-8-semantic-enrichment/F25_context-node-dictionary.csv,Application node used for semantic graph and diagram answers.,0.68,Generated dictionary row from loaded source records; explicit business glossary can improve labels.,family-8-semantic-enrichment/F25_context-node-dictionary.csv,500,tenant_file
skyharbor-air,APP-00462,Customer-Hexaware-Manager-0462,application,family-8-semantic-enrichment/F25_context-node-dictionary.csv,Application node used for semantic graph and diagram answers.,0.68,Generated dictionary row from loaded source records; explicit business glossary can improve labels.,family-8-semantic-enrichment/F25_context-node-dictionary.csv,501,tenant_file
skyharbor-air,APP-00463,Data-Accenture-Hub-0463,application,family-8-semantic-enrichment/F25_context-node-dictionary.csv,Application node used for semantic graph and diagram answers.,0.68,Generated dictionary row from loaded source records; explicit business glossary can improve labels.,family-8-semantic-enrichment/F25_context-node-dictionary.csv,502,tenant_file
skyharbor-air,APP-00464,Privileged-Oracle-Service-0464,application,family-8-semantic-enrichment/F25_context-node-dictionary.csv,Application node used for semantic graph and diagram answers.,0.68,Generated dictionary row from loaded source records; explicit business glossary can improve labels.,family-8-semantic-enrichment/F25_context-node-dictionary.csv,503,tenant_file
skyharbor-air,APP-00465,Maintenance-TCS-Hub-0465,application,family-8-semantic-enrichment/F25_context-node-dictionary.csv,Application node used for semantic graph and diagram answers.,0.68,Generated dictionary row from loaded source records; explicit business glossary can improve labels.,family-8-semantic-enrichment/F25_context-node-dictionary.csv,504,tenant_file
skyharbor-air,APP-00466,Line-IBM-Engine-0466,application,family-8-semantic-enrichment/F25_context-node-dictionary.csv,Application node used for semantic graph and diagram answers.,0.68,Generated dictionary row from loaded source records; explicit business glossary can improve labels.,family-8-semantic-enrichment/F25_context-node-dictionary.csv,505,tenant_file
skyharbor-air,APP-00467,Line-SITA-Manager-0467,application,family-8-semantic-enrichment/F25_context-node-dictionary.csv,Application node used for semantic graph and diagram answers.,0.68,Generated dictionary row from loaded source records; explicit business glossary can improve labels.,family-8-semantic-enrichment/F25_context-node-dictionary.csv,506,tenant_file
skyharbor-air,APP-00468,Pricing-Accenture-Platform-0468,application,family-8-semantic-enrichment/F25_context-node-dictionary.csv,Application node used for semantic graph and diagram answers.,0.68,Generated dictionary row from loaded source records; explicit business glossary can improve labels.,family-8-semantic-enrichment/F25_context-node-dictionary.csv,507,tenant_file
skyharbor-air,APP-00469,Engine-Lufthansa Systems-Hub-0469,application,family-8-semantic-enrichment/F25_context-node-dictionary.csv,Application node used for semantic graph and diagram answers.,0.68,Generated dictionary row from loaded source records; explicit business glossary can improve labels.,family-8-semantic-enrichment/F25_context-node-dictionary.csv,508,tenant_file
skyharbor-air,APP-00470,Procurement-Custom-Hub-0470,application,family-8-semantic-enrichment/F25_context-node-dictionary.csv,Application node used for semantic graph and diagram answers.,0.68,Generated dictionary row from loaded source records; explicit business glossary can improve labels.,family-8-semantic-enrichment/F25_context-node-dictionary.csv,509,tenant_file
skyharbor-air,APP-00471,Network-SITA-Service-0471,application,family-8-semantic-enrichment/F25_context-node-dictionary.csv,Application node used for semantic graph and diagram answers.,0.68,Generated dictionary row from loaded source records; explicit business glossary can improve labels.,family-8-semantic-enrichment/F25_context-node-dictionary.csv,510,tenant_file
skyharbor-air,APP-00472,Legal-Amadeus-Engine-0472,application,family-8-semantic-enrichment/F25_context-node-dictionary.csv,Application node used for semantic graph and diagram answers.,0.68,Generated dictionary row from loaded source records; explicit business glossary can improve labels.,family-8-semantic-enrichment/F25_context-node-dictionary.csv,511,tenant_file
skyharbor-air,APP-00473,Fuel-Teradata-Platform-0473,application,family-8-semantic-enrichment/F25_context-node-dictionary.csv,Application node used for semantic graph and diagram answers.,0.68,Generated dictionary row from loaded source records; explicit business glossary can improve labels.,family-8-semantic-enrichment/F25_context-node-dictionary.csv,512,tenant_file
skyharbor-air,APP-00474,Sales-SITA-Manager-0474,application,family-8-semantic-enrichment/F25_context-node-dictionary.csv,Application node used for semantic graph and diagram answers.,0.68,Generated dictionary row from loaded source records; explicit business glossary can improve labels.,family-8-semantic-enrichment/F25_context-node-dictionary.csv,513,tenant_file
skyharbor-air,APP-00475,Disruption-IBM-Manager-0475,application,family-8-semantic-enrichment/F25_context-node-dictionary.csv,Application node used for semantic graph and diagram answers.,0.68,Generated dictionary row from loaded source records; explicit business glossary can improve labels.,family-8-semantic-enrichment/F25_context-node-dictionary.csv,514,tenant_file
skyharbor-air,APP-00476,Revenue-Sabre-Suite-0476,application,family-8-semantic-enrichment/F25_context-node-dictionary.csv,Application node used for semantic graph and diagram answers.,0.68,Generated dictionary row from loaded source records; explicit business glossary can improve labels.,family-8-semantic-enrichment/F25_context-node-dictionary.csv,515,tenant_file
skyharbor-air,APP-00477,Revenue-Workday-Service-0477,application,family-8-semantic-enrichment/F25_context-node-dictionary.csv,Application node used for semantic graph and diagram answers.,0.68,Generated dictionary row from loaded source records; explicit business glossary can improve labels.,family-8-semantic-enrichment/F25_context-node-dictionary.csv,516,tenant_file
skyharbor-air,APP-00478,Crew-Accenture-Service-0478,application,family-8-semantic-enrichment/F25_context-node-dictionary.csv,Application node used for semantic graph and diagram answers.,0.68,Generated dictionary row from loaded source records; explicit business glossary can improve labels.,family-8-semantic-enrichment/F25_context-node-dictionary.csv,517,tenant_file
skyharbor-air,APP-00479,Lounge-Oracle-Hub-0479,application,family-8-semantic-enrichment/F25_context-node-dictionary.csv,Application node used for semantic graph and diagram answers.,0.68,Generated dictionary row from loaded source records; explicit business glossary can improve labels.,family-8-semantic-enrichment/F25_context-node-dictionary.csv,518,tenant_file
skyharbor-air,APP-00480,Business-Databricks-Hub-0480,application,family-8-semantic-enrichment/F25_context-node-dictionary.csv,Application node used for semantic graph and diagram answers.,0.68,Generated dictionary row from loaded source records; explicit business glossary can improve labels.,family-8-semantic-enrichment/F25_context-node-dictionary.csv,519,tenant_file
skyharbor-air,APP-00481,Reliability-Salesforce-Service-0481,application,family-8-semantic-enrichment/F25_context-node-dictionary.csv,Application node used for semantic graph and diagram answers.,0.68,Generated dictionary row from loaded source records; explicit business glossary can improve labels.,family-8-semantic-enrichment/F25_context-node-dictionary.csv,520,tenant_file
skyharbor-air,APP-00482,Irregular-IBM-Engine-0482,application,family-8-semantic-enrichment/F25_context-node-dictionary.csv,Application node used for semantic graph and diagram answers.,0.68,Generated dictionary row from loaded source records; explicit business glossary can improve labels.,family-8-semantic-enrichment/F25_context-node-dictionary.csv,521,tenant_file
skyharbor-air,APP-00483,Disruption-Infosys-Service-0483,application,family-8-semantic-enrichment/F25_context-node-dictionary.csv,Application node used for semantic graph and diagram answers.,0.68,Generated dictionary row from loaded source records; explicit business glossary can improve labels.,family-8-semantic-enrichment/F25_context-node-dictionary.csv,522,tenant_file
skyharbor-air,APP-00484,Procurement-Teradata-Platform-0484,application,family-8-semantic-enrichment/F25_context-node-dictionary.csv,Application node used for semantic graph and diagram answers.,0.68,Generated dictionary row from loaded source records; explicit business glossary can improve labels.,family-8-semantic-enrichment/F25_context-node-dictionary.csv,523,tenant_file
skyharbor-air,APP-00485,Mainframe-Lufthansa Systems-Hub-0485,application,family-8-semantic-enrichment/F25_context-node-dictionary.csv,Application node used for semantic graph and diagram answers.,0.68,Generated dictionary row from loaded source records; explicit business glossary can improve labels.,family-8-semantic-enrichment/F25_context-node-dictionary.csv,524,tenant_file
skyharbor-air,APP-00486,Slot-Sabre AirVision-Engine-0486,application,family-8-semantic-enrichment/F25_context-node-dictionary.csv,Application node used for semantic graph and diagram answers.,0.68,Generated dictionary row from loaded source records; explicit business glossary can improve labels.,family-8-semantic-enrichment/F25_context-node-dictionary.csv,525,tenant_file
skyharbor-air,APP-00487,Line-Snowflake-Engine-0487,application,family-8-semantic-enrichment/F25_context-node-dictionary.csv,Application node used for semantic graph and diagram answers.,0.68,Generated dictionary row from loaded source records; explicit business glossary can improve labels.,family-8-semantic-enrichment/F25_context-node-dictionary.csv,526,tenant_file
skyharbor-air,APP-00488,Customer-TCS-Engine-0488,application,family-8-semantic-enrichment/F25_context-node-dictionary.csv,Application node used for semantic graph and diagram answers.,0.68,Generated dictionary row from loaded source records; explicit business glossary can improve labels.,family-8-semantic-enrichment/F25_context-node-dictionary.csv,527,tenant_file
skyharbor-air,APP-00489,Gate-Infosys-Platform-0489,application,family-8-semantic-enrichment/F25_context-node-dictionary.csv,Application node used for semantic graph and diagram answers.,0.68,Generated dictionary row from loaded source records; explicit business glossary can improve labels.,family-8-semantic-enrichment/F25_context-node-dictionary.csv,528,tenant_file
skyharbor-air,APP-00490,ML-Salesforce-Engine-0490,application,family-8-semantic-enrichment/F25_context-node-dictionary.csv,Application node used for semantic graph and diagram answers.,0.68,Generated dictionary row from loaded source records; explicit business glossary can improve labels.,family-8-semantic-enrichment/F25_context-node-dictionary.csv,529,tenant_file
skyharbor-air,APP-00491,Identity-SITA-Suite-0491,application,family-8-semantic-enrichment/F25_context-node-dictionary.csv,Application node used for semantic graph and diagram answers.,0.68,Generated dictionary row from loaded source records; explicit business glossary can improve labels.,family-8-semantic-enrichment/F25_context-node-dictionary.csv,530,tenant_file
skyharbor-air,APP-00492,Slot-IBM-Platform-0492,application,family-8-semantic-enrichment/F25_context-node-dictionary.csv,Application node used for semantic graph and diagram answers.,0.68,Generated dictionary row from loaded source records; explicit business glossary can improve labels.,family-8-semantic-enrichment/F25_context-node-dictionary.csv,531,tenant_file
skyharbor-air,APP-00493,Ground-Oracle-Engine-0493,application,family-8-semantic-enrichment/F25_context-node-dictionary.csv,Application node used for semantic graph and diagram answers.,0.68,Generated dictionary row from loaded source records; explicit business glossary can improve labels.,family-8-semantic-enrichment/F25_context-node-dictionary.csv,532,tenant_file
skyharbor-air,APP-00494,Self-Service-Accenture-Suite-0494,application,family-8-semantic-enrichment/F25_context-node-dictionary.csv,Application node used for semantic graph and diagram answers.,0.68,Generated dictionary row from loaded source records; explicit business glossary can improve labels.,family-8-semantic-enrichment/F25_context-node-dictionary.csv,533,tenant_file
skyharbor-air,APP-00495,Weight-Teradata-Platform-0495,application,family-8-semantic-enrichment/F25_context-node-dictionary.csv,Application node used for semantic graph and diagram answers.,0.68,Generated dictionary row from loaded source records; explicit business glossary can improve labels.,family-8-semantic-enrichment/F25_context-node-dictionary.csv,534,tenant_file
skyharbor-air,APP-00496,Data-Salesforce-Platform-0496,application,family-8-semantic-enrichment/F25_context-node-dictionary.csv,Application node used for semantic graph and diagram answers.,0.68,Generated dictionary row from loaded source records; explicit business glossary can improve labels.,family-8-semantic-enrichment/F25_context-node-dictionary.csv,535,tenant_file
skyharbor-air,APP-00497,Vulnerability-Oracle-Service-0497,application,family-8-semantic-enrichment/F25_context-node-dictionary.csv,Application node used for semantic graph and diagram answers.,0.68,Generated dictionary row from loaded source records; explicit business glossary can improve labels.,family-8-semantic-enrichment/F25_context-node-dictionary.csv,536,tenant_file
skyharbor-air,APP-00498,Service-Accenture-Engine-0498,application,family-8-semantic-enrichment/F25_context-node-dictionary.csv,Application node used for semantic graph and diagram answers.,0.68,Generated dictionary row from loaded source records; explicit business glossary can improve labels.,family-8-semantic-enrichment/F25_context-node-dictionary.csv,537,tenant_file
skyharbor-air,APP-00499,Maintenance-Salesforce-Manager-0499,application,family-8-semantic-enrichment/F25_context-node-dictionary.csv,Application node used for semantic graph and diagram answers.,0.68,Generated dictionary row from loaded source records; explicit business glossary can improve labels.,family-8-semantic-enrichment/F25_context-node-dictionary.csv,538,tenant_file
skyharbor-air,APP-00500,Crew-Accenture-Engine-0500,application,family-8-semantic-enrichment/F25_context-node-dictionary.csv,Application node used for semantic graph and diagram answers.,0.68,Generated dictionary row from loaded source records; explicit business glossary can improve labels.,family-8-semantic-enrichment/F25_context-node-dictionary.csv,539,tenant_file
skyharbor-air,APP-00501,Tax-SAP-Suite-0501,application,family-8-semantic-enrichment/F25_context-node-dictionary.csv,Application node used for semantic graph and diagram answers.,0.68,Generated dictionary row from loaded source records; explicit business glossary can improve labels.,family-8-semantic-enrichment/F25_context-node-dictionary.csv,540,tenant_file
skyharbor-air,APP-00502,Inventory-ServiceNow-Manager-0502,application,family-8-semantic-enrichment/F25_context-node-dictionary.csv,Application node used for semantic graph and diagram answers.,0.68,Generated dictionary row from loaded source records; explicit business glossary can improve labels.,family-8-semantic-enrichment/F25_context-node-dictionary.csv,541,tenant_file
skyharbor-air,APP-00503,Component-Microsoft-Manager-0503,application,family-8-semantic-enrichment/F25_context-node-dictionary.csv,Application node used for semantic graph and diagram answers.,0.68,Generated dictionary row from loaded source records; explicit business glossary can improve labels.,family-8-semantic-enrichment/F25_context-node-dictionary.csv,542,tenant_file
skyharbor-air,APP-00504,HR-Amadeus-Suite-0504,application,family-8-semantic-enrichment/F25_context-node-dictionary.csv,Application node used for semantic graph and diagram answers.,0.68,Generated dictionary row from loaded source records; explicit business glossary can improve labels.,family-8-semantic-enrichment/F25_context-node-dictionary.csv,543,tenant_file
skyharbor-air,APP-00505,Crew-Custom-Hub-0505,application,family-8-semantic-enrichment/F25_context-node-dictionary.csv,Application node used for semantic graph and diagram answers.,0.68,Generated dictionary row from loaded source records; explicit business glossary can improve labels.,family-8-semantic-enrichment/F25_context-node-dictionary.csv,544,tenant_file
skyharbor-air,APP-00506,Fuel-Databricks-Suite-0506,application,family-8-semantic-enrichment/F25_context-node-dictionary.csv,Application node used for semantic graph and diagram answers.,0.68,Generated dictionary row from loaded source records; explicit business glossary can improve labels.,family-8-semantic-enrichment/F25_context-node-dictionary.csv,545,tenant_file
skyharbor-air,APP-00507,Sales-TCS-Engine-0507,application,family-8-semantic-enrichment/F25_context-node-dictionary.csv,Application node used for semantic graph and diagram answers.,0.68,Generated dictionary row from loaded source records; explicit business glossary can improve labels.,family-8-semantic-enrichment/F25_context-node-dictionary.csv,546,tenant_file
skyharbor-air,APP-00508,Compute-TCS-Service-0508,application,family-8-semantic-enrichment/F25_context-node-dictionary.csv,Application node used for semantic graph and diagram answers.,0.68,Generated dictionary row from loaded source records; explicit business glossary can improve labels.,family-8-semantic-enrichment/F25_context-node-dictionary.csv,547,tenant_file
skyharbor-air,APP-00509,Real-Amadeus-Service-0509,application,family-8-semantic-enrichment/F25_context-node-dictionary.csv,Application node used for semantic graph and diagram answers.,0.68,Generated dictionary row from loaded source records; explicit business glossary can improve labels.,family-8-semantic-enrichment/F25_context-node-dictionary.csv,548,tenant_file
skyharbor-air,APP-00510,Baggage-Snowflake-Manager-0510,application,family-8-semantic-enrichment/F25_context-node-dictionary.csv,Application node used for semantic graph and diagram answers.,0.68,Generated dictionary row from loaded source records; explicit business glossary can improve labels.,family-8-semantic-enrichment/F25_context-node-dictionary.csv,549,tenant_file
skyharbor-air,APP-00511,Data-Lufthansa Systems-Engine-0511,application,family-8-semantic-enrichment/F25_context-node-dictionary.csv,Application node used for semantic graph and diagram answers.,0.68,Generated dictionary row from loaded source records; explicit business glossary can improve labels.,family-8-semantic-enrichment/F25_context-node-dictionary.csv,550,tenant_file
skyharbor-air,APP-00512,GRC-SITA-Suite-0512,application,family-8-semantic-enrichment/F25_context-node-dictionary.csv,Application node used for semantic graph and diagram answers.,0.68,Generated dictionary row from loaded source records; explicit business glossary can improve labels.,family-8-semantic-enrichment/F25_context-node-dictionary.csv,551,tenant_file
skyharbor-air,APP-00513,Master-Adobe-Manager-0513,application,family-8-semantic-enrichment/F25_context-node-dictionary.csv,Application node used for semantic graph and diagram answers.,0.68,Generated dictionary row from loaded source records; explicit business glossary can improve labels.,family-8-semantic-enrichment/F25_context-node-dictionary.csv,552,tenant_file
skyharbor-air,APP-00514,Maintenance-Jeppesen-Engine-0514,application,family-8-semantic-enrichment/F25_context-node-dictionary.csv,Application node used for semantic graph and diagram answers.,0.68,Generated dictionary row from loaded source records; explicit business glossary can improve labels.,family-8-semantic-enrichment/F25_context-node-dictionary.csv,553,tenant_file
skyharbor-air,APP-00515,Gate-Snowflake-Service-0515,application,family-8-semantic-enrichment/F25_context-node-dictionary.csv,Application node used for semantic graph and diagram answers.,0.68,Generated dictionary row from loaded source records; explicit business glossary can improve labels.,family-8-semantic-enrichment/F25_context-node-dictionary.csv,554,tenant_file
skyharbor-air,APP-00516,Reliability-Snowflake-Manager-0516,application,family-8-semantic-enrichment/F25_context-node-dictionary.csv,Application node used for semantic graph and diagram answers.,0.68,Generated dictionary row from loaded source records; explicit business glossary can improve labels.,family-8-semantic-enrichment/F25_context-node-dictionary.csv,555,tenant_file
skyharbor-air,APP-00517,Customer-Jeppesen-Hub-0517,application,family-8-semantic-enrichment/F25_context-node-dictionary.csv,Application node used for semantic graph and diagram answers.,0.68,Generated dictionary row from loaded source records; explicit business glossary can improve labels.,family-8-semantic-enrichment/F25_context-node-dictionary.csv,556,tenant_file
skyharbor-air,APP-00518,Real-Workday-Service-0518,application,family-8-semantic-enrichment/F25_context-node-dictionary.csv,Application node used for semantic graph and diagram answers.,0.68,Generated dictionary row from loaded source records; explicit business glossary can improve labels.,family-8-semantic-enrichment/F25_context-node-dictionary.csv,557,tenant_file
skyharbor-air,APP-00519,Compute-Teradata-Manager-0519,application,family-8-semantic-enrichment/F25_context-node-dictionary.csv,Application node used for semantic graph and diagram answers.,0.68,Generated dictionary row from loaded source records; explicit business glossary can improve labels.,family-8-semantic-enrichment/F25_context-node-dictionary.csv,558,tenant_file
skyharbor-air,APP-00520,Finance-SITA-Platform-0520,application,family-8-semantic-enrichment/F25_context-node-dictionary.csv,Application node used for semantic graph and diagram answers.,0.68,Generated dictionary row from loaded source records; explicit business glossary can improve labels.,family-8-semantic-enrichment/F25_context-node-dictionary.csv,559,tenant_file
skyharbor-air,APP-00521,Real-Adobe-Manager-0521,application,family-8-semantic-enrichment/F25_context-node-dictionary.csv,Application node used for semantic graph and diagram answers.,0.68,Generated dictionary row from loaded source records; explicit business glossary can improve labels.,family-8-semantic-enrichment/F25_context-node-dictionary.csv,560,tenant_file
skyharbor-air,APP-00522,Loyalty-Workday-Manager-0522,application,family-8-semantic-enrichment/F25_context-node-dictionary.csv,Application node used for semantic graph and diagram answers.,0.68,Generated dictionary row from loaded source records; explicit business glossary can improve labels.,family-8-semantic-enrichment/F25_context-node-dictionary.csv,561,tenant_file
skyharbor-air,APP-00523,Digital-AIMS-Service-0523,application,family-8-semantic-enrichment/F25_context-node-dictionary.csv,Application node used for semantic graph and diagram answers.,0.68,Generated dictionary row from loaded source records; explicit business glossary can improve labels.,family-8-semantic-enrichment/F25_context-node-dictionary.csv,562,tenant_file
skyharbor-air,APP-00524,Digital-Lufthansa Systems-Platform-0524,application,family-8-semantic-enrichment/F25_context-node-dictionary.csv,Application node used for semantic graph and diagram answers.,0.68,Generated dictionary row from loaded source records; explicit business glossary can improve labels.,family-8-semantic-enrichment/F25_context-node-dictionary.csv,563,tenant_file
skyharbor-air,APP-00525,Identity-Jeppesen-Service-0525,application,family-8-semantic-enrichment/F25_context-node-dictionary.csv,Application node used for semantic graph and diagram answers.,0.68,Generated dictionary row from loaded source records; explicit business glossary can improve labels.,family-8-semantic-enrichment/F25_context-node-dictionary.csv,564,tenant_file
skyharbor-air,APP-00526,Airworthiness-Custom-Service-0526,application,family-8-semantic-enrichment/F25_context-node-dictionary.csv,Application node used for semantic graph and diagram answers.,0.68,Generated dictionary row from loaded source records; explicit business glossary can improve labels.,family-8-semantic-enrichment/F25_context-node-dictionary.csv,565,tenant_file
skyharbor-air,APP-00527,Ancillary-Microsoft-Platform-0527,application,family-8-semantic-enrichment/F25_context-node-dictionary.csv,Application node used for semantic graph and diagram answers.,0.68,Generated dictionary row from loaded source records; explicit business glossary can improve labels.,family-8-semantic-enrichment/F25_context-node-dictionary.csv,566,tenant_file
skyharbor-air,APP-00528,Procurement-ServiceNow-Service-0528,application,family-8-semantic-enrichment/F25_context-node-dictionary.csv,Application node used for semantic graph and diagram answers.,0.68,Generated dictionary row from loaded source records; explicit business glossary can improve labels.,family-8-semantic-enrichment/F25_context-node-dictionary.csv,567,tenant_file
skyharbor-air,APP-00529,Revenue-AIMS-Suite-0529,application,family-8-semantic-enrichment/F25_context-node-dictionary.csv,Application node used for semantic graph and diagram answers.,0.68,Generated dictionary row from loaded source records; explicit business glossary can improve labels.,family-8-semantic-enrichment/F25_context-node-dictionary.csv,568,tenant_file
skyharbor-air,APP-00530,Container-SAP-Engine-0530,application,family-8-semantic-enrichment/F25_context-node-dictionary.csv,Application node used for semantic graph and diagram answers.,0.68,Generated dictionary row from loaded source records; explicit business glossary can improve labels.,family-8-semantic-enrichment/F25_context-node-dictionary.csv,569,tenant_file
skyharbor-air,APP-00531,Gate-ServiceNow-Engine-0531,application,family-8-semantic-enrichment/F25_context-node-dictionary.csv,Application node used for semantic graph and diagram answers.,0.68,Generated dictionary row from loaded source records; explicit business glossary can improve labels.,family-8-semantic-enrichment/F25_context-node-dictionary.csv,570,tenant_file
skyharbor-air,APP-00532,Data-AIMS-Hub-0532,application,family-8-semantic-enrichment/F25_context-node-dictionary.csv,Application node used for semantic graph and diagram answers.,0.68,Generated dictionary row from loaded source records; explicit business glossary can improve labels.,family-8-semantic-enrichment/F25_context-node-dictionary.csv,571,tenant_file
skyharbor-air,APP-00533,Flight-Amadeus-Suite-0533,application,family-8-semantic-enrichment/F25_context-node-dictionary.csv,Application node used for semantic graph and diagram answers.,0.68,Generated dictionary row from loaded source records; explicit business glossary can improve labels.,family-8-semantic-enrichment/F25_context-node-dictionary.csv,572,tenant_file
skyharbor-air,APP-00534,Ancillary-Accenture-Suite-0534,application,family-8-semantic-enrichment/F25_context-node-dictionary.csv,Application node used for semantic graph and diagram answers.,0.68,Generated dictionary row from loaded source records; explicit business glossary can improve labels.,family-8-semantic-enrichment/F25_context-node-dictionary.csv,573,tenant_file
skyharbor-air,APP-00535,Self-Service-AIMS-Engine-0535,application,family-8-semantic-enrichment/F25_context-node-dictionary.csv,Application node used for semantic graph and diagram answers.,0.68,Generated dictionary row from loaded source records; explicit business glossary can improve labels.,family-8-semantic-enrichment/F25_context-node-dictionary.csv,574,tenant_file
skyharbor-air,APP-00536,Irregular-Oracle-Hub-0536,application,family-8-semantic-enrichment/F25_context-node-dictionary.csv,Application node used for semantic graph and diagram answers.,0.68,Generated dictionary row from loaded source records; explicit business glossary can improve labels.,family-8-semantic-enrichment/F25_context-node-dictionary.csv,575,tenant_file
skyharbor-air,APP-00537,Lounge-SAP-Engine-0537,application,family-8-semantic-enrichment/F25_context-node-dictionary.csv,Application node used for semantic graph and diagram answers.,0.68,Generated dictionary row from loaded source records; explicit business glossary can improve labels.,family-8-semantic-enrichment/F25_context-node-dictionary.csv,576,tenant_file
skyharbor-air,APP-00538,Network-Accenture-Manager-0538,application,family-8-semantic-enrichment/F25_context-node-dictionary.csv,Application node used for semantic graph and diagram answers.,0.68,Generated dictionary row from loaded source records; explicit business glossary can improve labels.,family-8-semantic-enrichment/F25_context-node-dictionary.csv,577,tenant_file
skyharbor-air,APP-00539,Crew-Teradata-Engine-0539,application,family-8-semantic-enrichment/F25_context-node-dictionary.csv,Application node used for semantic graph and diagram answers.,0.68,Generated dictionary row from loaded source records; explicit business glossary can improve labels.,family-8-semantic-enrichment/F25_context-node-dictionary.csv,578,tenant_file
skyharbor-air,APP-00540,Weight-Adobe-Engine-0540,application,family-8-semantic-enrichment/F25_context-node-dictionary.csv,Application node used for semantic graph and diagram answers.,0.68,Generated dictionary row from loaded source records; explicit business glossary can improve labels.,family-8-semantic-enrichment/F25_context-node-dictionary.csv,579,tenant_file
skyharbor-air,APP-00541,Disruption-Salesforce-Platform-0541,application,family-8-semantic-enrichment/F25_context-node-dictionary.csv,Application node used for semantic graph and diagram answers.,0.68,Generated dictionary row from loaded source records; explicit business glossary can improve labels.,family-8-semantic-enrichment/F25_context-node-dictionary.csv,580,tenant_file
skyharbor-air,APP-00542,GRC-SITA-Manager-0542,application,family-8-semantic-enrichment/F25_context-node-dictionary.csv,Application node used for semantic graph and diagram answers.,0.68,Generated dictionary row from loaded source records; explicit business glossary can improve labels.,family-8-semantic-enrichment/F25_context-node-dictionary.csv,581,tenant_file
skyharbor-air,APP-00543,Crew-SAP-Service-0543,application,family-8-semantic-enrichment/F25_context-node-dictionary.csv,Application node used for semantic graph and diagram answers.,0.68,Generated dictionary row from loaded source records; explicit business glossary can improve labels.,family-8-semantic-enrichment/F25_context-node-dictionary.csv,582,tenant_file
skyharbor-air,APP-00544,Data-Custom-Platform-0544,application,family-8-semantic-enrichment/F25_context-node-dictionary.csv,Application node used for semantic graph and diagram answers.,0.68,Generated dictionary row from loaded source records; explicit business glossary can improve labels.,family-8-semantic-enrichment/F25_context-node-dictionary.csv,583,tenant_file
skyharbor-air,APP-00545,Cloud-Jeppesen-Manager-0545,application,family-8-semantic-enrichment/F25_context-node-dictionary.csv,Application node used for semantic graph and diagram answers.,0.68,Generated dictionary row from loaded source records; explicit business glossary can improve labels.,family-8-semantic-enrichment/F25_context-node-dictionary.csv,584,tenant_file
skyharbor-air,APP-00546,Disruption-Adobe-Engine-0546,application,family-8-semantic-enrichment/F25_context-node-dictionary.csv,Application node used for semantic graph and diagram answers.,0.68,Generated dictionary row from loaded source records; explicit business glossary can improve labels.,family-8-semantic-enrichment/F25_context-node-dictionary.csv,585,tenant_file
skyharbor-air,APP-00547,Ancillary-Jeppesen-Manager-0547,application,family-8-semantic-enrichment/F25_context-node-dictionary.csv,Application node used for semantic graph and diagram answers.,0.68,Generated dictionary row from loaded source records; explicit business glossary can improve labels.,family-8-semantic-enrichment/F25_context-node-dictionary.csv,586,tenant_file
skyharbor-air,APP-00548,Weight-SITA-Platform-0548,application,family-8-semantic-enrichment/F25_context-node-dictionary.csv,Application node used for semantic graph and diagram answers.,0.68,Generated dictionary row from loaded source records; explicit business glossary can improve labels.,family-8-semantic-enrichment/F25_context-node-dictionary.csv,587,tenant_file
skyharbor-air,APP-00549,Network-Workday-Suite-0549,application,family-8-semantic-enrichment/F25_context-node-dictionary.csv,Application node used for semantic graph and diagram answers.,0.68,Generated dictionary row from loaded source records; explicit business glossary can improve labels.,family-8-semantic-enrichment/F25_context-node-dictionary.csv,588,tenant_file
skyharbor-air,APP-00550,Data-Jeppesen-Hub-0550,application,family-8-semantic-enrichment/F25_context-node-dictionary.csv,Application node used for semantic graph and diagram answers.,0.68,Generated dictionary row from loaded source records; explicit business glossary can improve labels.,family-8-semantic-enrichment/F25_context-node-dictionary.csv,589,tenant_file
skyharbor-air,APP-00551,Engine-IBM-Platform-0551,application,family-8-semantic-enrichment/F25_context-node-dictionary.csv,Application node used for semantic graph and diagram answers.,0.68,Generated dictionary row from loaded source records; explicit business glossary can improve labels.,family-8-semantic-enrichment/F25_context-node-dictionary.csv,590,tenant_file
skyharbor-air,APP-00552,Crew-Amadeus-Hub-0552,application,family-8-semantic-enrichment/F25_context-node-dictionary.csv,Application node used for semantic graph and diagram answers.,0.68,Generated dictionary row from loaded source records; explicit business glossary can improve labels.,family-8-semantic-enrichment/F25_context-node-dictionary.csv,591,tenant_file
skyharbor-air,APP-00553,Self-Service-Teradata-Manager-0553,application,family-8-semantic-enrichment/F25_context-node-dictionary.csv,Application node used for semantic graph and diagram answers.,0.68,Generated dictionary row from loaded source records; explicit business glossary can improve labels.,family-8-semantic-enrichment/F25_context-node-dictionary.csv,592,tenant_file
skyharbor-air,APP-00554,Airworthiness-Salesforce-Suite-0554,application,family-8-semantic-enrichment/F25_context-node-dictionary.csv,Application node used for semantic graph and diagram answers.,0.68,Generated dictionary row from loaded source records; explicit business glossary can improve labels.,family-8-semantic-enrichment/F25_context-node-dictionary.csv,593,tenant_file
skyharbor-air,APP-00555,Slot-Hexaware-Suite-0555,application,family-8-semantic-enrichment/F25_context-node-dictionary.csv,Application node used for semantic graph and diagram answers.,0.68,Generated dictionary row from loaded source records; explicit business glossary can improve labels.,family-8-semantic-enrichment/F25_context-node-dictionary.csv,594,tenant_file
skyharbor-air,APP-00556,Self-Service-SAP-Engine-0556,application,family-8-semantic-enrichment/F25_context-node-dictionary.csv,Application node used for semantic graph and diagram answers.,0.68,Generated dictionary row from loaded source records; explicit business glossary can improve labels.,family-8-semantic-enrichment/F25_context-node-dictionary.csv,595,tenant_file
skyharbor-air,APP-00557,Flight-Infosys-Suite-0557,application,family-8-semantic-enrichment/F25_context-node-dictionary.csv,Application node used for semantic graph and diagram answers.,0.68,Generated dictionary row from loaded source records; explicit business glossary can improve labels.,family-8-semantic-enrichment/F25_context-node-dictionary.csv,596,tenant_file
skyharbor-air,APP-00558,Weight-TCS-Hub-0558,application,family-8-semantic-enrichment/F25_context-node-dictionary.csv,Application node used for semantic graph and diagram answers.,0.68,Generated dictionary row from loaded source records; explicit business glossary can improve labels.,family-8-semantic-enrichment/F25_context-node-dictionary.csv,597,tenant_file
skyharbor-air,APP-00559,Crew-ServiceNow-Service-0559,application,family-8-semantic-enrichment/F25_context-node-dictionary.csv,Application node used for semantic graph and diagram answers.,0.68,Generated dictionary row from loaded source records; explicit business glossary can improve labels.,family-8-semantic-enrichment/F25_context-node-dictionary.csv,598,tenant_file
skyharbor-air,APP-00560,Network-Snowflake-Engine-0560,application,family-8-semantic-enrichment/F25_context-node-dictionary.csv,Application node used for semantic graph and diagram answers.,0.68,Generated dictionary row from loaded source records; explicit business glossary can improve labels.,family-8-semantic-enrichment/F25_context-node-dictionary.csv,599,tenant_file
skyharbor-air,APP-00561,Predictive-IBM-Suite-0561,application,family-8-semantic-enrichment/F25_context-node-dictionary.csv,Application node used for semantic graph and diagram answers.,0.68,Generated dictionary row from loaded source records; explicit business glossary can improve labels.,family-8-semantic-enrichment/F25_context-node-dictionary.csv,600,tenant_file
skyharbor-air,APP-00562,Self-Service-Teradata-Service-0562,application,family-8-semantic-enrichment/F25_context-node-dictionary.csv,Application node used for semantic graph and diagram answers.,0.68,Generated dictionary row from loaded source records; explicit business glossary can improve labels.,family-8-semantic-enrichment/F25_context-node-dictionary.csv,601,tenant_file
skyharbor-air,APP-00563,End-Microsoft-Engine-0563,application,family-8-semantic-enrichment/F25_context-node-dictionary.csv,Application node used for semantic graph and diagram answers.,0.68,Generated dictionary row from loaded source records; explicit business glossary can improve labels.,family-8-semantic-enrichment/F25_context-node-dictionary.csv,602,tenant_file
skyharbor-air,APP-00564,Customer-Teradata-Platform-0564,application,family-8-semantic-enrichment/F25_context-node-dictionary.csv,Application node used for semantic graph and diagram answers.,0.68,Generated dictionary row from loaded source records; explicit business glossary can improve labels.,family-8-semantic-enrichment/F25_context-node-dictionary.csv,603,tenant_file
skyharbor-air,APP-00565,Crew-Custom-Platform-0565,application,family-8-semantic-enrichment/F25_context-node-dictionary.csv,Application node used for semantic graph and diagram answers.,0.68,Generated dictionary row from loaded source records; explicit business glossary can improve labels.,family-8-semantic-enrichment/F25_context-node-dictionary.csv,604,tenant_file
skyharbor-air,APP-00566,Weight-Hexaware-Platform-0566,application,family-8-semantic-enrichment/F25_context-node-dictionary.csv,Application node used for semantic graph and diagram answers.,0.68,Generated dictionary row from loaded source records; explicit business glossary can improve labels.,family-8-semantic-enrichment/F25_context-node-dictionary.csv,605,tenant_file
skyharbor-air,APP-00567,Investor-Custom-Service-0567,application,family-8-semantic-enrichment/F25_context-node-dictionary.csv,Application node used for semantic graph and diagram answers.,0.68,Generated dictionary row from loaded source records; explicit business glossary can improve labels.,family-8-semantic-enrichment/F25_context-node-dictionary.csv,606,tenant_file
skyharbor-air,APP-00568,Revenue-TCS-Platform-0568,application,family-8-semantic-enrichment/F25_context-node-dictionary.csv,Application node used for semantic graph and diagram answers.,0.68,Generated dictionary row from loaded source records; explicit business glossary can improve labels.,family-8-semantic-enrichment/F25_context-node-dictionary.csv,607,tenant_file
skyharbor-air,APP-00569,Corporate-AIMS-Suite-0569,application,family-8-semantic-enrichment/F25_context-node-dictionary.csv,Application node used for semantic graph and diagram answers.,0.68,Generated dictionary row from loaded source records; explicit business glossary can improve labels.,family-8-semantic-enrichment/F25_context-node-dictionary.csv,608,tenant_file
skyharbor-air,APP-00570,Storage-Lufthansa Systems-Platform-0570,application,family-8-semantic-enrichment/F25_context-node-dictionary.csv,Application node used for semantic graph and diagram answers.,0.68,Generated dictionary row from loaded source records; explicit business glossary can improve labels.,family-8-semantic-enrichment/F25_context-node-dictionary.csv,609,tenant_file
skyharbor-air,APP-00571,Crew-ServiceNow-Manager-0571,application,family-8-semantic-enrichment/F25_context-node-dictionary.csv,Application node used for semantic graph and diagram answers.,0.68,Generated dictionary row from loaded source records; explicit business glossary can improve labels.,family-8-semantic-enrichment/F25_context-node-dictionary.csv,610,tenant_file
skyharbor-air,APP-00572,Network-Amadeus-Manager-0572,application,family-8-semantic-enrichment/F25_context-node-dictionary.csv,Application node used for semantic graph and diagram answers.,0.68,Generated dictionary row from loaded source records; explicit business glossary can improve labels.,family-8-semantic-enrichment/F25_context-node-dictionary.csv,611,tenant_file
skyharbor-air,APP-00573,Contact-ServiceNow-Manager-0573,application,family-8-semantic-enrichment/F25_context-node-dictionary.csv,Application node used for semantic graph and diagram answers.,0.68,Generated dictionary row from loaded source records; explicit business glossary can improve labels.,family-8-semantic-enrichment/F25_context-node-dictionary.csv,612,tenant_file
skyharbor-air,APP-00574,Flight-Snowflake-Engine-0574,application,family-8-semantic-enrichment/F25_context-node-dictionary.csv,Application node used for semantic graph and diagram answers.,0.68,Generated dictionary row from loaded source records; explicit business glossary can improve labels.,family-8-semantic-enrichment/F25_context-node-dictionary.csv,613,tenant_file
skyharbor-air,APP-00575,Real-Custom-Service-0575,application,family-8-semantic-enrichment/F25_context-node-dictionary.csv,Application node used for semantic graph and diagram answers.,0.68,Generated dictionary row from loaded source records; explicit business glossary can improve labels.,family-8-semantic-enrichment/F25_context-node-dictionary.csv,614,tenant_file
skyharbor-air,APP-00576,Self-Service-Infosys-Service-0576,application,family-8-semantic-enrichment/F25_context-node-dictionary.csv,Application node used for semantic graph and diagram answers.,0.68,Generated dictionary row from loaded source records; explicit business glossary can improve labels.,family-8-semantic-enrichment/F25_context-node-dictionary.csv,615,tenant_file
skyharbor-air,APP-00577,Compute-Teradata-Manager-0577,application,family-8-semantic-enrichment/F25_context-node-dictionary.csv,Application node used for semantic graph and diagram answers.,0.68,Generated dictionary row from loaded source records; explicit business glossary can improve labels.,family-8-semantic-enrichment/F25_context-node-dictionary.csv,616,tenant_file
skyharbor-air,APP-00578,Mobile-Workday-Engine-0578,application,family-8-semantic-enrichment/F25_context-node-dictionary.csv,Application node used for semantic graph and diagram answers.,0.68,Generated dictionary row from loaded source records; explicit business glossary can improve labels.,family-8-semantic-enrichment/F25_context-node-dictionary.csv,617,tenant_file
skyharbor-air,APP-00579,Lounge-Teradata-Engine-0579,application,family-8-semantic-enrichment/F25_context-node-dictionary.csv,Application node used for semantic graph and diagram answers.,0.68,Generated dictionary row from loaded source records; explicit business glossary can improve labels.,family-8-semantic-enrichment/F25_context-node-dictionary.csv,618,tenant_file
skyharbor-air,APP-00580,Crew-Teradata-Hub-0580,application,family-8-semantic-enrichment/F25_context-node-dictionary.csv,Application node used for semantic graph and diagram answers.,0.68,Generated dictionary row from loaded source records; explicit business glossary can improve labels.,family-8-semantic-enrichment/F25_context-node-dictionary.csv,619,tenant_file
skyharbor-air,APP-00581,Data-Microsoft-Suite-0581,application,family-8-semantic-enrichment/F25_context-node-dictionary.csv,Application node used for semantic graph and diagram answers.,0.68,Generated dictionary row from loaded source records; explicit business glossary can improve labels.,family-8-semantic-enrichment/F25_context-node-dictionary.csv,620,tenant_file
skyharbor-air,APP-00582,Ancillary-SITA-Manager-0582,application,family-8-semantic-enrichment/F25_context-node-dictionary.csv,Application node used for semantic graph and diagram answers.,0.68,Generated dictionary row from loaded source records; explicit business glossary can improve labels.,family-8-semantic-enrichment/F25_context-node-dictionary.csv,621,tenant_file
skyharbor-air,APP-00583,Component-Amadeus-Manager-0583,application,family-8-semantic-enrichment/F25_context-node-dictionary.csv,Application node used for semantic graph and diagram answers.,0.68,Generated dictionary row from loaded source records; explicit business glossary can improve labels.,family-8-semantic-enrichment/F25_context-node-dictionary.csv,622,tenant_file
skyharbor-air,APP-00584,Heavy-AIMS-Suite-0584,application,family-8-semantic-enrichment/F25_context-node-dictionary.csv,Application node used for semantic graph and diagram answers.,0.68,Generated dictionary row from loaded source records; explicit business glossary can improve labels.,family-8-semantic-enrichment/F25_context-node-dictionary.csv,623,tenant_file
skyharbor-air,APP-00585,Slot-Custom-Service-0585,application,family-8-semantic-enrichment/F25_context-node-dictionary.csv,Application node used for semantic graph and diagram answers.,0.68,Generated dictionary row from loaded source records; explicit business glossary can improve labels.,family-8-semantic-enrichment/F25_context-node-dictionary.csv,624,tenant_file
skyharbor-air,APP-00586,HR-Infosys-Engine-0586,application,family-8-semantic-enrichment/F25_context-node-dictionary.csv,Application node used for semantic graph and diagram answers.,0.68,Generated dictionary row from loaded source records; explicit business glossary can improve labels.,family-8-semantic-enrichment/F25_context-node-dictionary.csv,625,tenant_file
skyharbor-air,APP-00587,Airworthiness-Hexaware-Manager-0587,application,family-8-semantic-enrichment/F25_context-node-dictionary.csv,Application node used for semantic graph and diagram answers.,0.68,Generated dictionary row from loaded source records; explicit business glossary can improve labels.,family-8-semantic-enrichment/F25_context-node-dictionary.csv,626,tenant_file
skyharbor-air,APP-00588,GRC-Jeppesen-Service-0588,application,family-8-semantic-enrichment/F25_context-node-dictionary.csv,Application node used for semantic graph and diagram answers.,0.68,Generated dictionary row from loaded source records; explicit business glossary can improve labels.,family-8-semantic-enrichment/F25_context-node-dictionary.csv,627,tenant_file
skyharbor-air,APP-00589,Treasury-Databricks-Suite-0589,application,family-8-semantic-enrichment/F25_context-node-dictionary.csv,Application node used for semantic graph and diagram answers.,0.68,Generated dictionary row from loaded source records; explicit business glossary can improve labels.,family-8-semantic-enrichment/F25_context-node-dictionary.csv,628,tenant_file
skyharbor-air,APP-00590,Crew-Databricks-Suite-0590,application,family-8-semantic-enrichment/F25_context-node-dictionary.csv,Application node used for semantic graph and diagram answers.,0.68,Generated dictionary row from loaded source records; explicit business glossary can improve labels.,family-8-semantic-enrichment/F25_context-node-dictionary.csv,629,tenant_file
skyharbor-air,APP-00591,Tax-Salesforce-Service-0591,application,family-8-semantic-enrichment/F25_context-node-dictionary.csv,Application node used for semantic graph and diagram answers.,0.68,Generated dictionary row from loaded source records; explicit business glossary can improve labels.,family-8-semantic-enrichment/F25_context-node-dictionary.csv,630,tenant_file
skyharbor-air,APP-00592,Cargo-ServiceNow-Service-0592,application,family-8-semantic-enrichment/F25_context-node-dictionary.csv,Application node used for semantic graph and diagram answers.,0.68,Generated dictionary row from loaded source records; explicit business glossary can improve labels.,family-8-semantic-enrichment/F25_context-node-dictionary.csv,631,tenant_file
skyharbor-air,APP-00593,Component-Databricks-Hub-0593,application,family-8-semantic-enrichment/F25_context-node-dictionary.csv,Application node used for semantic graph and diagram answers.,0.68,Generated dictionary row from loaded source records; explicit business glossary can improve labels.,family-8-semantic-enrichment/F25_context-node-dictionary.csv,632,tenant_file
skyharbor-air,APP-00594,Reliability-Lufthansa Systems-Suite-0594,application,family-8-semantic-enrichment/F25_context-node-dictionary.csv,Application node used for semantic graph and diagram answers.,0.68,Generated dictionary row from loaded source records; explicit business glossary can improve labels.,family-8-semantic-enrichment/F25_context-node-dictionary.csv,633,tenant_file
skyharbor-air,APP-00595,MRO-Oracle-Manager-0595,application,family-8-semantic-enrichment/F25_context-node-dictionary.csv,Application node used for semantic graph and diagram answers.,0.68,Generated dictionary row from loaded source records; explicit business glossary can improve labels.,family-8-semantic-enrichment/F25_context-node-dictionary.csv,634,tenant_file
skyharbor-air,APP-00596,Metadata-Microsoft-Suite-0596,application,family-8-semantic-enrichment/F25_context-node-dictionary.csv,Application node used for semantic graph and diagram answers.,0.68,Generated dictionary row from loaded source records; explicit business glossary can improve labels.,family-8-semantic-enrichment/F25_context-node-dictionary.csv,635,tenant_file
skyharbor-air,APP-00597,Treasury-Hexaware-Suite-0597,application,family-8-semantic-enrichment/F25_context-node-dictionary.csv,Application node used for semantic graph and diagram answers.,0.68,Generated dictionary row from loaded source records; explicit business glossary can improve labels.,family-8-semantic-enrichment/F25_context-node-dictionary.csv,636,tenant_file
skyharbor-air,APP-00598,Data-Microsoft-Platform-0598,application,family-8-semantic-enrichment/F25_context-node-dictionary.csv,Application node used for semantic graph and diagram answers.,0.68,Generated dictionary row from loaded source records; explicit business glossary can improve labels.,family-8-semantic-enrichment/F25_context-node-dictionary.csv,637,tenant_file
skyharbor-air,APP-00599,Cargo-Accenture-Suite-0599,application,family-8-semantic-enrichment/F25_context-node-dictionary.csv,Application node used for semantic graph and diagram answers.,0.68,Generated dictionary row from loaded source records; explicit business glossary can improve labels.,family-8-semantic-enrichment/F25_context-node-dictionary.csv,638,tenant_file
skyharbor-air,APP-00600,Endpoint-Sabre-Manager-0600,application,family-8-semantic-enrichment/F25_context-node-dictionary.csv,Application node used for semantic graph and diagram answers.,0.68,Generated dictionary row from loaded source records; explicit business glossary can improve labels.,family-8-semantic-enrichment/F25_context-node-dictionary.csv,639,tenant_file
skyharbor-air,APP-00601,Weight-Teradata-Hub-0601,application,family-8-semantic-enrichment/F25_context-node-dictionary.csv,Application node used for semantic graph and diagram answers.,0.68,Generated dictionary row from loaded source records; explicit business glossary can improve labels.,family-8-semantic-enrichment/F25_context-node-dictionary.csv,640,tenant_file
skyharbor-air,APP-00602,Finance-AIMS-Engine-0602,application,family-8-semantic-enrichment/F25_context-node-dictionary.csv,Application node used for semantic graph and diagram answers.,0.68,Generated dictionary row from loaded source records; explicit business glossary can improve labels.,family-8-semantic-enrichment/F25_context-node-dictionary.csv,641,tenant_file
skyharbor-air,APP-00603,Ground-Custom-Platform-0603,application,family-8-semantic-enrichment/F25_context-node-dictionary.csv,Application node used for semantic graph and diagram answers.,0.68,Generated dictionary row from loaded source records; explicit business glossary can improve labels.,family-8-semantic-enrichment/F25_context-node-dictionary.csv,642,tenant_file
skyharbor-air,APP-00604,Inventory-Hexaware-Engine-0604,application,family-8-semantic-enrichment/F25_context-node-dictionary.csv,Application node used for semantic graph and diagram answers.,0.68,Generated dictionary row from loaded source records; explicit business glossary can improve labels.,family-8-semantic-enrichment/F25_context-node-dictionary.csv,643,tenant_file
skyharbor-air,APP-00605,Ancillary-Oracle-Hub-0605,application,family-8-semantic-enrichment/F25_context-node-dictionary.csv,Application node used for semantic graph and diagram answers.,0.68,Generated dictionary row from loaded source records; explicit business glossary can improve labels.,family-8-semantic-enrichment/F25_context-node-dictionary.csv,644,tenant_file
skyharbor-air,APP-00606,Ancillary-Lufthansa Systems-Platform-0606,application,family-8-semantic-enrichment/F25_context-node-dictionary.csv,Application node used for semantic graph and diagram answers.,0.68,Generated dictionary row from loaded source records; explicit business glossary can improve labels.,family-8-semantic-enrichment/F25_context-node-dictionary.csv,645,tenant_file
skyharbor-air,APP-00607,ML-Sabre AirVision-Hub-0607,application,family-8-semantic-enrichment/F25_context-node-dictionary.csv,Application node used for semantic graph and diagram answers.,0.68,Generated dictionary row from loaded source records; explicit business glossary can improve labels.,family-8-semantic-enrichment/F25_context-node-dictionary.csv,646,tenant_file
skyharbor-air,APP-00608,Airworthiness-Sabre-Manager-0608,application,family-8-semantic-enrichment/F25_context-node-dictionary.csv,Application node used for semantic graph and diagram answers.,0.68,Generated dictionary row from loaded source records; explicit business glossary can improve labels.,family-8-semantic-enrichment/F25_context-node-dictionary.csv,647,tenant_file
skyharbor-air,APP-00609,Ground-TCS-Engine-0609,application,family-8-semantic-enrichment/F25_context-node-dictionary.csv,Application node used for semantic graph and diagram answers.,0.68,Generated dictionary row from loaded source records; explicit business glossary can improve labels.,family-8-semantic-enrichment/F25_context-node-dictionary.csv,648,tenant_file
skyharbor-air,APP-00610,Cargo-AIMS-Platform-0610,application,family-8-semantic-enrichment/F25_context-node-dictionary.csv,Application node used for semantic graph and diagram answers.,0.68,Generated dictionary row from loaded source records; explicit business glossary can improve labels.,family-8-semantic-enrichment/F25_context-node-dictionary.csv,649,tenant_file
skyharbor-air,APP-00611,Threat-Jeppesen-Manager-0611,application,family-8-semantic-enrichment/F25_context-node-dictionary.csv,Application node used for semantic graph and diagram answers.,0.68,Generated dictionary row from loaded source records; explicit business glossary can improve labels.,family-8-semantic-enrichment/F25_context-node-dictionary.csv,650,tenant_file
skyharbor-air,APP-00612,Sales-Microsoft-Engine-0612,application,family-8-semantic-enrichment/F25_context-node-dictionary.csv,Application node used for semantic graph and diagram answers.,0.68,Generated dictionary row from loaded source records; explicit business glossary can improve labels.,family-8-semantic-enrichment/F25_context-node-dictionary.csv,651,tenant_file
skyharbor-air,APP-00613,Reliability-Accenture-Manager-0613,application,family-8-semantic-enrichment/F25_context-node-dictionary.csv,Application node used for semantic graph and diagram answers.,0.68,Generated dictionary row from loaded source records; explicit business glossary can improve labels.,family-8-semantic-enrichment/F25_context-node-dictionary.csv,652,tenant_file
skyharbor-air,APP-00614,Revenue-Amadeus-Manager-0614,application,family-8-semantic-enrichment/F25_context-node-dictionary.csv,Application node used for semantic graph and diagram answers.,0.68,Generated dictionary row from loaded source records; explicit business glossary can improve labels.,family-8-semantic-enrichment/F25_context-node-dictionary.csv,653,tenant_file
skyharbor-air,APP-00615,Procurement-Snowflake-Suite-0615,application,family-8-semantic-enrichment/F25_context-node-dictionary.csv,Application node used for semantic graph and diagram answers.,0.68,Generated dictionary row from loaded source records; explicit business glossary can improve labels.,family-8-semantic-enrichment/F25_context-node-dictionary.csv,654,tenant_file
skyharbor-air,APP-00616,Payroll-Sabre-Platform-0616,application,family-8-semantic-enrichment/F25_context-node-dictionary.csv,Application node used for semantic graph and diagram answers.,0.68,Generated dictionary row from loaded source records; explicit business glossary can improve labels.,family-8-semantic-enrichment/F25_context-node-dictionary.csv,655,tenant_file
skyharbor-air,APP-00617,Self-Service-Infosys-Manager-0617,application,family-8-semantic-enrichment/F25_context-node-dictionary.csv,Application node used for semantic graph and diagram answers.,0.68,Generated dictionary row from loaded source records; explicit business glossary can improve labels.,family-8-semantic-enrichment/F25_context-node-dictionary.csv,656,tenant_file
skyharbor-air,APP-00618,Observability-SAP-Hub-0618,application,family-8-semantic-enrichment/F25_context-node-dictionary.csv,Application node used for semantic graph and diagram answers.,0.68,Generated dictionary row from loaded source records; explicit business glossary can improve labels.,family-8-semantic-enrichment/F25_context-node-dictionary.csv,657,tenant_file
skyharbor-air,APP-00619,Line-Sabre AirVision-Hub-0619,application,family-8-semantic-enrichment/F25_context-node-dictionary.csv,Application node used for semantic graph and diagram answers.,0.68,Generated dictionary row from loaded source records; explicit business glossary can improve labels.,family-8-semantic-enrichment/F25_context-node-dictionary.csv,658,tenant_file
skyharbor-air,APP-00620,Disruption-IBM-Manager-0620,application,family-8-semantic-enrichment/F25_context-node-dictionary.csv,Application node used for semantic graph and diagram answers.,0.68,Generated dictionary row from loaded source records; explicit business glossary can improve labels.,family-8-semantic-enrichment/F25_context-node-dictionary.csv,659,tenant_file
skyharbor-air,APP-00621,Airworthiness-Salesforce-Hub-0621,application,family-8-semantic-enrichment/F25_context-node-dictionary.csv,Application node used for semantic graph and diagram answers.,0.68,Generated dictionary row from loaded source records; explicit business glossary can improve labels.,family-8-semantic-enrichment/F25_context-node-dictionary.csv,660,tenant_file
skyharbor-air,APP-00622,Data-Hexaware-Hub-0622,application,family-8-semantic-enrichment/F25_context-node-dictionary.csv,Application node used for semantic graph and diagram answers.,0.68,Generated dictionary row from loaded source records; explicit business glossary can improve labels.,family-8-semantic-enrichment/F25_context-node-dictionary.csv,661,tenant_file
skyharbor-air,APP-00623,Container-Salesforce-Hub-0623,application,family-8-semantic-enrichment/F25_context-node-dictionary.csv,Application node used for semantic graph and diagram answers.,0.68,Generated dictionary row from loaded source records; explicit business glossary can improve labels.,family-8-semantic-enrichment/F25_context-node-dictionary.csv,662,tenant_file
skyharbor-air,APP-00624,Compute-Sabre-Platform-0624,application,family-8-semantic-enrichment/F25_context-node-dictionary.csv,Application node used for semantic graph and diagram answers.,0.68,Generated dictionary row from loaded source records; explicit business glossary can improve labels.,family-8-semantic-enrichment/F25_context-node-dictionary.csv,663,tenant_file
skyharbor-air,APP-00625,Engine-Adobe-Hub-0625,application,family-8-semantic-enrichment/F25_context-node-dictionary.csv,Application node used for semantic graph and diagram answers.,0.68,Generated dictionary row from loaded source records; explicit business glossary can improve labels.,family-8-semantic-enrichment/F25_context-node-dictionary.csv,664,tenant_file
skyharbor-air,APP-00626,Compute-Custom-Service-0626,application,family-8-semantic-enrichment/F25_context-node-dictionary.csv,Application node used for semantic graph and diagram answers.,0.68,Generated dictionary row from loaded source records; explicit business glossary can improve labels.,family-8-semantic-enrichment/F25_context-node-dictionary.csv,665,tenant_file
skyharbor-air,APP-00627,Mobile-Oracle-Suite-0627,application,family-8-semantic-enrichment/F25_context-node-dictionary.csv,Application node used for semantic graph and diagram answers.,0.68,Generated dictionary row from loaded source records; explicit business glossary can improve labels.,family-8-semantic-enrichment/F25_context-node-dictionary.csv,666,tenant_file
skyharbor-air,APP-00628,Engine-Jeppesen-Platform-0628,application,family-8-semantic-enrichment/F25_context-node-dictionary.csv,Application node used for semantic graph and diagram answers.,0.68,Generated dictionary row from loaded source records; explicit business glossary can improve labels.,family-8-semantic-enrichment/F25_context-node-dictionary.csv,667,tenant_file
skyharbor-air,APP-00629,Disruption-Salesforce-Platform-0629,application,family-8-semantic-enrichment/F25_context-node-dictionary.csv,Application node used for semantic graph and diagram answers.,0.68,Generated dictionary row from loaded source records; explicit business glossary can improve labels.,family-8-semantic-enrichment/F25_context-node-dictionary.csv,668,tenant_file
skyharbor-air,APP-00630,Data-Microsoft-Engine-0630,application,family-8-semantic-enrichment/F25_context-node-dictionary.csv,Application node used for semantic graph and diagram answers.,0.68,Generated dictionary row from loaded source records; explicit business glossary can improve labels.,family-8-semantic-enrichment/F25_context-node-dictionary.csv,669,tenant_file
skyharbor-air,APP-00631,HR-Jeppesen-Hub-0631,application,family-8-semantic-enrichment/F25_context-node-dictionary.csv,Application node used for semantic graph and diagram answers.,0.68,Generated dictionary row from loaded source records; explicit business glossary can improve labels.,family-8-semantic-enrichment/F25_context-node-dictionary.csv,670,tenant_file
skyharbor-air,APP-00632,Real-time-Lufthansa Systems-Suite-0632,application,family-8-semantic-enrichment/F25_context-node-dictionary.csv,Application node used for semantic graph and diagram answers.,0.68,Generated dictionary row from loaded source records; explicit business glossary can improve labels.,family-8-semantic-enrichment/F25_context-node-dictionary.csv,671,tenant_file
skyharbor-air,APP-00633,Ancillary-Infosys-Manager-0633,application,family-8-semantic-enrichment/F25_context-node-dictionary.csv,Application node used for semantic graph and diagram answers.,0.68,Generated dictionary row from loaded source records; explicit business glossary can improve labels.,family-8-semantic-enrichment/F25_context-node-dictionary.csv,672,tenant_file
skyharbor-air,APP-00634,Heavy-SAP-Suite-0634,application,family-8-semantic-enrichment/F25_context-node-dictionary.csv,Application node used for semantic graph and diagram answers.,0.68,Generated dictionary row from loaded source records; explicit business glossary can improve labels.,family-8-semantic-enrichment/F25_context-node-dictionary.csv,673,tenant_file
skyharbor-air,APP-00635,Contact-Accenture-Service-0635,application,family-8-semantic-enrichment/F25_context-node-dictionary.csv,Application node used for semantic graph and diagram answers.,0.68,Generated dictionary row from loaded source records; explicit business glossary can improve labels.,family-8-semantic-enrichment/F25_context-node-dictionary.csv,674,tenant_file
skyharbor-air,APP-00636,Data-Microsoft-Platform-0636,application,family-8-semantic-enrichment/F25_context-node-dictionary.csv,Application node used for semantic graph and diagram answers.,0.68,Generated dictionary row from loaded source records; explicit business glossary can improve labels.,family-8-semantic-enrichment/F25_context-node-dictionary.csv,675,tenant_file
skyharbor-air,APP-00637,Maintenance-IBM-Manager-0637,application,family-8-semantic-enrichment/F25_context-node-dictionary.csv,Application node used for semantic graph and diagram answers.,0.68,Generated dictionary row from loaded source records; explicit business glossary can improve labels.,family-8-semantic-enrichment/F25_context-node-dictionary.csv,676,tenant_file
skyharbor-air,APP-00638,Heavy-Sabre-Suite-0638,application,family-8-semantic-enrichment/F25_context-node-dictionary.csv,Application node used for semantic graph and diagram answers.,0.68,Generated dictionary row from loaded source records; explicit business glossary can improve labels.,family-8-semantic-enrichment/F25_context-node-dictionary.csv,677,tenant_file
skyharbor-air,APP-00639,Ancillary-Lufthansa Systems-Manager-0639,application,family-8-semantic-enrichment/F25_context-node-dictionary.csv,Application node used for semantic graph and diagram answers.,0.68,Generated dictionary row from loaded source records; explicit business glossary can improve labels.,family-8-semantic-enrichment/F25_context-node-dictionary.csv,678,tenant_file
skyharbor-air,APP-00640,Network-Teradata-Manager-0640,application,family-8-semantic-enrichment/F25_context-node-dictionary.csv,Application node used for semantic graph and diagram answers.,0.68,Generated dictionary row from loaded source records; explicit business glossary can improve labels.,family-8-semantic-enrichment/F25_context-node-dictionary.csv,679,tenant_file
skyharbor-air,APP-00641,Fuel-SAP-Manager-0641,application,family-8-semantic-enrichment/F25_context-node-dictionary.csv,Application node used for semantic graph and diagram answers.,0.68,Generated dictionary row from loaded source records; explicit business glossary can improve labels.,family-8-semantic-enrichment/F25_context-node-dictionary.csv,680,tenant_file
skyharbor-air,APP-00642,Crew-AIMS-Engine-0642,application,family-8-semantic-enrichment/F25_context-node-dictionary.csv,Application node used for semantic graph and diagram answers.,0.68,Generated dictionary row from loaded source records; explicit business glossary can improve labels.,family-8-semantic-enrichment/F25_context-node-dictionary.csv,681,tenant_file
skyharbor-air,APP-00643,Maintenance-Lufthansa Systems-Hub-0643,application,family-8-semantic-enrichment/F25_context-node-dictionary.csv,Application node used for semantic graph and diagram answers.,0.68,Generated dictionary row from loaded source records; explicit business glossary can improve labels.,family-8-semantic-enrichment/F25_context-node-dictionary.csv,682,tenant_file
skyharbor-air,APP-00644,Irregular-SAP-Hub-0644,application,family-8-semantic-enrichment/F25_context-node-dictionary.csv,Application node used for semantic graph and diagram answers.,0.68,Generated dictionary row from loaded source records; explicit business glossary can improve labels.,family-8-semantic-enrichment/F25_context-node-dictionary.csv,683,tenant_file
skyharbor-air,APP-00645,Weight-AIMS-Hub-0645,application,family-8-semantic-enrichment/F25_context-node-dictionary.csv,Application node used for semantic graph and diagram answers.,0.68,Generated dictionary row from loaded source records; explicit business glossary can improve labels.,family-8-semantic-enrichment/F25_context-node-dictionary.csv,684,tenant_file
skyharbor-air,APP-00646,Contact-Snowflake-Platform-0646,application,family-8-semantic-enrichment/F25_context-node-dictionary.csv,Application node used for semantic graph and diagram answers.,0.68,Generated dictionary row from loaded source records; explicit business glossary can improve labels.,family-8-semantic-enrichment/F25_context-node-dictionary.csv,685,tenant_file
skyharbor-air,APP-00647,Revenue-SAP-Engine-0647,application,family-8-semantic-enrichment/F25_context-node-dictionary.csv,Application node used for semantic graph and diagram answers.,0.68,Generated dictionary row from loaded source records; explicit business glossary can improve labels.,family-8-semantic-enrichment/F25_context-node-dictionary.csv,686,tenant_file
skyharbor-air,APP-00648,Crew-Infosys-Service-0648,application,family-8-semantic-enrichment/F25_context-node-dictionary.csv,Application node used for semantic graph and diagram answers.,0.68,Generated dictionary row from loaded source records; explicit business glossary can improve labels.,family-8-semantic-enrichment/F25_context-node-dictionary.csv,687,tenant_file
skyharbor-air,APP-00649,Data-Accenture-Service-0649,application,family-8-semantic-enrichment/F25_context-node-dictionary.csv,Application node used for semantic graph and diagram answers.,0.68,Generated dictionary row from loaded source records; explicit business glossary can improve labels.,family-8-semantic-enrichment/F25_context-node-dictionary.csv,688,tenant_file
skyharbor-air,APP-00650,Component-Accenture-Service-0650,application,family-8-semantic-enrichment/F25_context-node-dictionary.csv,Application node used for semantic graph and diagram answers.,0.68,Generated dictionary row from loaded source records; explicit business glossary can improve labels.,family-8-semantic-enrichment/F25_context-node-dictionary.csv,689,tenant_file
skyharbor-air,APP-00651,Finance-Workday-Manager-0651,application,family-8-semantic-enrichment/F25_context-node-dictionary.csv,Application node used for semantic graph and diagram answers.,0.68,Generated dictionary row from loaded source records; explicit business glossary can improve labels.,family-8-semantic-enrichment/F25_context-node-dictionary.csv,690,tenant_file
skyharbor-air,APP-00652,Network-Workday-Engine-0652,application,family-8-semantic-enrichment/F25_context-node-dictionary.csv,Application node used for semantic graph and diagram answers.,0.68,Generated dictionary row from loaded source records; explicit business glossary can improve labels.,family-8-semantic-enrichment/F25_context-node-dictionary.csv,691,tenant_file
skyharbor-air,APP-00653,Container-Hexaware-Engine-0653,application,family-8-semantic-enrichment/F25_context-node-dictionary.csv,Application node used for semantic graph and diagram answers.,0.68,Generated dictionary row from loaded source records; explicit business glossary can improve labels.,family-8-semantic-enrichment/F25_context-node-dictionary.csv,692,tenant_file
skyharbor-air,APP-00654,Vulnerability-Jeppesen-Suite-0654,application,family-8-semantic-enrichment/F25_context-node-dictionary.csv,Application node used for semantic graph and diagram answers.,0.68,Generated dictionary row from loaded source records; explicit business glossary can improve labels.,family-8-semantic-enrichment/F25_context-node-dictionary.csv,693,tenant_file
skyharbor-air,APP-00655,Storage-Databricks-Service-0655,application,family-8-semantic-enrichment/F25_context-node-dictionary.csv,Application node used for semantic graph and diagram answers.,0.68,Generated dictionary row from loaded source records; explicit business glossary can improve labels.,family-8-semantic-enrichment/F25_context-node-dictionary.csv,694,tenant_file
skyharbor-air,APP-00656,Gate-Salesforce-Engine-0656,application,family-8-semantic-enrichment/F25_context-node-dictionary.csv,Application node used for semantic graph and diagram answers.,0.68,Generated dictionary row from loaded source records; explicit business glossary can improve labels.,family-8-semantic-enrichment/F25_context-node-dictionary.csv,695,tenant_file
skyharbor-air,APP-00657,Slot-Hexaware-Platform-0657,application,family-8-semantic-enrichment/F25_context-node-dictionary.csv,Application node used for semantic graph and diagram answers.,0.68,Generated dictionary row from loaded source records; explicit business glossary can improve labels.,family-8-semantic-enrichment/F25_context-node-dictionary.csv,696,tenant_file
skyharbor-air,APP-00658,Identity-Sabre-Hub-0658,application,family-8-semantic-enrichment/F25_context-node-dictionary.csv,Application node used for semantic graph and diagram answers.,0.68,Generated dictionary row from loaded source records; explicit business glossary can improve labels.,family-8-semantic-enrichment/F25_context-node-dictionary.csv,697,tenant_file
skyharbor-air,APP-00659,Cargo-IBM-Hub-0659,application,family-8-semantic-enrichment/F25_context-node-dictionary.csv,Application node used for semantic graph and diagram answers.,0.68,Generated dictionary row from loaded source records; explicit business glossary can improve labels.,family-8-semantic-enrichment/F25_context-node-dictionary.csv,698,tenant_file
skyharbor-air,APP-00660,Flight-Oracle-Suite-0660,application,family-8-semantic-enrichment/F25_context-node-dictionary.csv,Application node used for semantic graph and diagram answers.,0.68,Generated dictionary row from loaded source records; explicit business glossary can improve labels.,family-8-semantic-enrichment/F25_context-node-dictionary.csv,699,tenant_file
skyharbor-air,APP-00661,Fuel-SAP-Manager-0661,application,family-8-semantic-enrichment/F25_context-node-dictionary.csv,Application node used for semantic graph and diagram answers.,0.68,Generated dictionary row from loaded source records; explicit business glossary can improve labels.,family-8-semantic-enrichment/F25_context-node-dictionary.csv,700,tenant_file
skyharbor-air,APP-00662,Storage-Adobe-Engine-0662,application,family-8-semantic-enrichment/F25_context-node-dictionary.csv,Application node used for semantic graph and diagram answers.,0.68,Generated dictionary row from loaded source records; explicit business glossary can improve labels.,family-8-semantic-enrichment/F25_context-node-dictionary.csv,701,tenant_file
skyharbor-air,APP-00663,Cloud-Microsoft-Suite-0663,application,family-8-semantic-enrichment/F25_context-node-dictionary.csv,Application node used for semantic graph and diagram answers.,0.68,Generated dictionary row from loaded source records; explicit business glossary can improve labels.,family-8-semantic-enrichment/F25_context-node-dictionary.csv,702,tenant_file
skyharbor-air,APP-00664,Weight-Lufthansa Systems-Suite-0664,application,family-8-semantic-enrichment/F25_context-node-dictionary.csv,Application node used for semantic graph and diagram answers.,0.68,Generated dictionary row from loaded source records; explicit business glossary can improve labels.,family-8-semantic-enrichment/F25_context-node-dictionary.csv,703,tenant_file
skyharbor-air,APP-00665,Mainframe-Infosys-Hub-0665,application,family-8-semantic-enrichment/F25_context-node-dictionary.csv,Application node used for semantic graph and diagram answers.,0.68,Generated dictionary row from loaded source records; explicit business glossary can improve labels.,family-8-semantic-enrichment/F25_context-node-dictionary.csv,704,tenant_file
skyharbor-air,APP-00666,Maintenance-AIMS-Manager-0666,application,family-8-semantic-enrichment/F25_context-node-dictionary.csv,Application node used for semantic graph and diagram answers.,0.68,Generated dictionary row from loaded source records; explicit business glossary can improve labels.,family-8-semantic-enrichment/F25_context-node-dictionary.csv,705,tenant_file
skyharbor-air,APP-00667,Crew-SAP-Platform-0667,application,family-8-semantic-enrichment/F25_context-node-dictionary.csv,Application node used for semantic graph and diagram answers.,0.68,Generated dictionary row from loaded source records; explicit business glossary can improve labels.,family-8-semantic-enrichment/F25_context-node-dictionary.csv,706,tenant_file
skyharbor-air,APP-00668,Pricing-Teradata-Suite-0668,application,family-8-semantic-enrichment/F25_context-node-dictionary.csv,Application node used for semantic graph and diagram answers.,0.68,Generated dictionary row from loaded source records; explicit business glossary can improve labels.,family-8-semantic-enrichment/F25_context-node-dictionary.csv,707,tenant_file
skyharbor-air,APP-00669,Security-Jeppesen-Suite-0669,application,family-8-semantic-enrichment/F25_context-node-dictionary.csv,Application node used for semantic graph and diagram answers.,0.68,Generated dictionary row from loaded source records; explicit business glossary can improve labels.,family-8-semantic-enrichment/F25_context-node-dictionary.csv,708,tenant_file
skyharbor-air,APP-00670,Irregular-Workday-Platform-0670,application,family-8-semantic-enrichment/F25_context-node-dictionary.csv,Application node used for semantic graph and diagram answers.,0.68,Generated dictionary row from loaded source records; explicit business glossary can improve labels.,family-8-semantic-enrichment/F25_context-node-dictionary.csv,709,tenant_file
skyharbor-air,APP-00671,Fuel-Sabre AirVision-Suite-0671,application,family-8-semantic-enrichment/F25_context-node-dictionary.csv,Application node used for semantic graph and diagram answers.,0.68,Generated dictionary row from loaded source records; explicit business glossary can improve labels.,family-8-semantic-enrichment/F25_context-node-dictionary.csv,710,tenant_file
skyharbor-air,APP-00672,Corporate-Databricks-Hub-0672,application,family-8-semantic-enrichment/F25_context-node-dictionary.csv,Application node used for semantic graph and diagram answers.,0.68,Generated dictionary row from loaded source records; explicit business glossary can improve labels.,family-8-semantic-enrichment/F25_context-node-dictionary.csv,711,tenant_file
skyharbor-air,APP-00673,Contact-Sabre-Service-0673,application,family-8-semantic-enrichment/F25_context-node-dictionary.csv,Application node used for semantic graph and diagram answers.,0.68,Generated dictionary row from loaded source records; explicit business glossary can improve labels.,family-8-semantic-enrichment/F25_context-node-dictionary.csv,712,tenant_file
skyharbor-air,APP-00674,Self-Service-Sabre AirVision-Suite-0674,application,family-8-semantic-enrichment/F25_context-node-dictionary.csv,Application node used for semantic graph and diagram answers.,0.68,Generated dictionary row from loaded source records; explicit business glossary can improve labels.,family-8-semantic-enrichment/F25_context-node-dictionary.csv,713,tenant_file
skyharbor-air,APP-00675,Component-Sabre AirVision-Platform-0675,application,family-8-semantic-enrichment/F25_context-node-dictionary.csv,Application node used for semantic graph and diagram answers.,0.68,Generated dictionary row from loaded source records; explicit business glossary can improve labels.,family-8-semantic-enrichment/F25_context-node-dictionary.csv,714,tenant_file
skyharbor-air,APP-00676,Slot-SITA-Engine-0676,application,family-8-semantic-enrichment/F25_context-node-dictionary.csv,Application node used for semantic graph and diagram answers.,0.68,Generated dictionary row from loaded source records; explicit business glossary can improve labels.,family-8-semantic-enrichment/F25_context-node-dictionary.csv,715,tenant_file
skyharbor-air,APP-00677,Maintenance-Adobe-Platform-0677,application,family-8-semantic-enrichment/F25_context-node-dictionary.csv,Application node used for semantic graph and diagram answers.,0.68,Generated dictionary row from loaded source records; explicit business glossary can improve labels.,family-8-semantic-enrichment/F25_context-node-dictionary.csv,716,tenant_file
skyharbor-air,APP-00678,Customer-ServiceNow-Service-0678,application,family-8-semantic-enrichment/F25_context-node-dictionary.csv,Application node used for semantic graph and diagram answers.,0.68,Generated dictionary row from loaded source records; explicit business glossary can improve labels.,family-8-semantic-enrichment/F25_context-node-dictionary.csv,717,tenant_file
skyharbor-air,APP-00679,Vulnerability-AIMS-Suite-0679,application,family-8-semantic-enrichment/F25_context-node-dictionary.csv,Application node used for semantic graph and diagram answers.,0.68,Generated dictionary row from loaded source records; explicit business glossary can improve labels.,family-8-semantic-enrichment/F25_context-node-dictionary.csv,718,tenant_file
skyharbor-air,APP-00680,Treasury-Amadeus-Suite-0680,application,family-8-semantic-enrichment/F25_context-node-dictionary.csv,Application node used for semantic graph and diagram answers.,0.68,Generated dictionary row from loaded source records; explicit business glossary can improve labels.,family-8-semantic-enrichment/F25_context-node-dictionary.csv,719,tenant_file
skyharbor-air,APP-00681,Identity-Accenture-Hub-0681,application,family-8-semantic-enrichment/F25_context-node-dictionary.csv,Application node used for semantic graph and diagram answers.,0.68,Generated dictionary row from loaded source records; explicit business glossary can improve labels.,family-8-semantic-enrichment/F25_context-node-dictionary.csv,720,tenant_file
skyharbor-air,APP-00682,Compute-SAP-Engine-0682,application,family-8-semantic-enrichment/F25_context-node-dictionary.csv,Application node used for semantic graph and diagram answers.,0.68,Generated dictionary row from loaded source records; explicit business glossary can improve labels.,family-8-semantic-enrichment/F25_context-node-dictionary.csv,721,tenant_file
skyharbor-air,APP-00683,Airworthiness-Sabre-Hub-0683,application,family-8-semantic-enrichment/F25_context-node-dictionary.csv,Application node used for semantic graph and diagram answers.,0.68,Generated dictionary row from loaded source records; explicit business glossary can improve labels.,family-8-semantic-enrichment/F25_context-node-dictionary.csv,722,tenant_file
skyharbor-air,APP-00684,Legal-Oracle-Engine-0684,application,family-8-semantic-enrichment/F25_context-node-dictionary.csv,Application node used for semantic graph and diagram answers.,0.68,Generated dictionary row from loaded source records; explicit business glossary can improve labels.,family-8-semantic-enrichment/F25_context-node-dictionary.csv,723,tenant_file
skyharbor-air,APP-00685,Slot-Sabre-Service-0685,application,family-8-semantic-enrichment/F25_context-node-dictionary.csv,Application node used for semantic graph and diagram answers.,0.68,Generated dictionary row from loaded source records; explicit business glossary can improve labels.,family-8-semantic-enrichment/F25_context-node-dictionary.csv,724,tenant_file
skyharbor-air,APP-00686,Digital-Microsoft-Hub-0686,application,family-8-semantic-enrichment/F25_context-node-dictionary.csv,Application node used for semantic graph and diagram answers.,0.68,Generated dictionary row from loaded source records; explicit business glossary can improve labels.,family-8-semantic-enrichment/F25_context-node-dictionary.csv,725,tenant_file
skyharbor-air,APP-00687,Weight-SAP-Hub-0687,application,family-8-semantic-enrichment/F25_context-node-dictionary.csv,Application node used for semantic graph and diagram answers.,0.68,Generated dictionary row from loaded source records; explicit business glossary can improve labels.,family-8-semantic-enrichment/F25_context-node-dictionary.csv,726,tenant_file
skyharbor-air,APP-00688,Mobile-Amadeus-Suite-0688,application,family-8-semantic-enrichment/F25_context-node-dictionary.csv,Application node used for semantic graph and diagram answers.,0.68,Generated dictionary row from loaded source records; explicit business glossary can improve labels.,family-8-semantic-enrichment/F25_context-node-dictionary.csv,727,tenant_file
skyharbor-air,APP-00689,Baggage-Amadeus-Hub-0689,application,family-8-semantic-enrichment/F25_context-node-dictionary.csv,Application node used for semantic graph and diagram answers.,0.68,Generated dictionary row from loaded source records; explicit business glossary can improve labels.,family-8-semantic-enrichment/F25_context-node-dictionary.csv,728,tenant_file
skyharbor-air,APP-00690,Heavy-Salesforce-Platform-0690,application,family-8-semantic-enrichment/F25_context-node-dictionary.csv,Application node used for semantic graph and diagram answers.,0.68,Generated dictionary row from loaded source records; explicit business glossary can improve labels.,family-8-semantic-enrichment/F25_context-node-dictionary.csv,729,tenant_file
skyharbor-air,APP-00691,HR-Sabre-Manager-0691,application,family-8-semantic-enrichment/F25_context-node-dictionary.csv,Application node used for semantic graph and diagram answers.,0.68,Generated dictionary row from loaded source records; explicit business glossary can improve labels.,family-8-semantic-enrichment/F25_context-node-dictionary.csv,730,tenant_file
skyharbor-air,APP-00692,Vulnerability-Oracle-Service-0692,application,family-8-semantic-enrichment/F25_context-node-dictionary.csv,Application node used for semantic graph and diagram answers.,0.68,Generated dictionary row from loaded source records; explicit business glossary can improve labels.,family-8-semantic-enrichment/F25_context-node-dictionary.csv,731,tenant_file
skyharbor-air,APP-00693,Airworthiness-Snowflake-Hub-0693,application,family-8-semantic-enrichment/F25_context-node-dictionary.csv,Application node used for semantic graph and diagram answers.,0.68,Generated dictionary row from loaded source records; explicit business glossary can improve labels.,family-8-semantic-enrichment/F25_context-node-dictionary.csv,732,tenant_file
skyharbor-air,APP-00694,Crew-Salesforce-Platform-0694,application,family-8-semantic-enrichment/F25_context-node-dictionary.csv,Application node used for semantic graph and diagram answers.,0.68,Generated dictionary row from loaded source records; explicit business glossary can improve labels.,family-8-semantic-enrichment/F25_context-node-dictionary.csv,733,tenant_file
skyharbor-air,APP-00695,Customer-Sabre AirVision-Platform-0695,application,family-8-semantic-enrichment/F25_context-node-dictionary.csv,Application node used for semantic graph and diagram answers.,0.68,Generated dictionary row from loaded source records; explicit business glossary can improve labels.,family-8-semantic-enrichment/F25_context-node-dictionary.csv,734,tenant_file
skyharbor-air,APP-00696,Flight-Sabre AirVision-Manager-0696,application,family-8-semantic-enrichment/F25_context-node-dictionary.csv,Application node used for semantic graph and diagram answers.,0.68,Generated dictionary row from loaded source records; explicit business glossary can improve labels.,family-8-semantic-enrichment/F25_context-node-dictionary.csv,735,tenant_file
skyharbor-air,APP-00697,Network-Databricks-Suite-0697,application,family-8-semantic-enrichment/F25_context-node-dictionary.csv,Application node used for semantic graph and diagram answers.,0.68,Generated dictionary row from loaded source records; explicit business glossary can improve labels.,family-8-semantic-enrichment/F25_context-node-dictionary.csv,736,tenant_file
skyharbor-air,APP-00698,Ancillary-AIMS-Service-0698,application,family-8-semantic-enrichment/F25_context-node-dictionary.csv,Application node used for semantic graph and diagram answers.,0.68,Generated dictionary row from loaded source records; explicit business glossary can improve labels.,family-8-semantic-enrichment/F25_context-node-dictionary.csv,737,tenant_file
skyharbor-air,APP-00699,Digital-Workday-Manager-0699,application,family-8-semantic-enrichment/F25_context-node-dictionary.csv,Application node used for semantic graph and diagram answers.,0.68,Generated dictionary row from loaded source records; explicit business glossary can improve labels.,family-8-semantic-enrichment/F25_context-node-dictionary.csv,738,tenant_file
skyharbor-air,APP-00700,Data-IBM-Engine-0700,application,family-8-semantic-enrichment/F25_context-node-dictionary.csv,Application node used for semantic graph and diagram answers.,0.68,Generated dictionary row from loaded source records; explicit business glossary can improve labels.,family-8-semantic-enrichment/F25_context-node-dictionary.csv,739,tenant_file
skyharbor-air,APP-00701,Network-Databricks-Service-0701,application,family-8-semantic-enrichment/F25_context-node-dictionary.csv,Application node used for semantic graph and diagram answers.,0.68,Generated dictionary row from loaded source records; explicit business glossary can improve labels.,family-8-semantic-enrichment/F25_context-node-dictionary.csv,740,tenant_file
skyharbor-air,APP-00702,Payroll-Microsoft-Manager-0702,application,family-8-semantic-enrichment/F25_context-node-dictionary.csv,Application node used for semantic graph and diagram answers.,0.68,Generated dictionary row from loaded source records; explicit business glossary can improve labels.,family-8-semantic-enrichment/F25_context-node-dictionary.csv,741,tenant_file
skyharbor-air,APP-00703,Gate-Workday-Platform-0703,application,family-8-semantic-enrichment/F25_context-node-dictionary.csv,Application node used for semantic graph and diagram answers.,0.68,Generated dictionary row from loaded source records; explicit business glossary can improve labels.,family-8-semantic-enrichment/F25_context-node-dictionary.csv,742,tenant_file
skyharbor-air,APP-00704,Ground-Hexaware-Service-0704,application,family-8-semantic-enrichment/F25_context-node-dictionary.csv,Application node used for semantic graph and diagram answers.,0.68,Generated dictionary row from loaded source records; explicit business glossary can improve labels.,family-8-semantic-enrichment/F25_context-node-dictionary.csv,743,tenant_file
skyharbor-air,APP-00705,Ground-Amadeus-Suite-0705,application,family-8-semantic-enrichment/F25_context-node-dictionary.csv,Application node used for semantic graph and diagram answers.,0.68,Generated dictionary row from loaded source records; explicit business glossary can improve labels.,family-8-semantic-enrichment/F25_context-node-dictionary.csv,744,tenant_file
skyharbor-air,APP-00706,ML-IBM-Platform-0706,application,family-8-semantic-enrichment/F25_context-node-dictionary.csv,Application node used for semantic graph and diagram answers.,0.68,Generated dictionary row from loaded source records; explicit business glossary can improve labels.,family-8-semantic-enrichment/F25_context-node-dictionary.csv,745,tenant_file
skyharbor-air,APP-00707,Ancillary-Custom-Engine-0707,application,family-8-semantic-enrichment/F25_context-node-dictionary.csv,Application node used for semantic graph and diagram answers.,0.68,Generated dictionary row from loaded source records; explicit business glossary can improve labels.,family-8-semantic-enrichment/F25_context-node-dictionary.csv,746,tenant_file
skyharbor-air,APP-00708,Tax-Microsoft-Platform-0708,application,family-8-semantic-enrichment/F25_context-node-dictionary.csv,Application node used for semantic graph and diagram answers.,0.68,Generated dictionary row from loaded source records; explicit business glossary can improve labels.,family-8-semantic-enrichment/F25_context-node-dictionary.csv,747,tenant_file
skyharbor-air,APP-00709,Observability-SAP-Suite-0709,application,family-8-semantic-enrichment/F25_context-node-dictionary.csv,Application node used for semantic graph and diagram answers.,0.68,Generated dictionary row from loaded source records; explicit business glossary can improve labels.,family-8-semantic-enrichment/F25_context-node-dictionary.csv,748,tenant_file
skyharbor-air,APP-00710,Identity-Lufthansa Systems-Service-0710,application,family-8-semantic-enrichment/F25_context-node-dictionary.csv,Application node used for semantic graph and diagram answers.,0.68,Generated dictionary row from loaded source records; explicit business glossary can improve labels.,family-8-semantic-enrichment/F25_context-node-dictionary.csv,749,tenant_file
skyharbor-air,APP-00711,Procurement-SITA-Hub-0711,application,family-8-semantic-enrichment/F25_context-node-dictionary.csv,Application node used for semantic graph and diagram answers.,0.68,Generated dictionary row from loaded source records; explicit business glossary can improve labels.,family-8-semantic-enrichment/F25_context-node-dictionary.csv,750,tenant_file
skyharbor-air,APP-00712,Procurement-Accenture-Engine-0712,application,family-8-semantic-enrichment/F25_context-node-dictionary.csv,Application node used for semantic graph and diagram answers.,0.68,Generated dictionary row from loaded source records; explicit business glossary can improve labels.,family-8-semantic-enrichment/F25_context-node-dictionary.csv,751,tenant_file
skyharbor-air,APP-00713,Airworthiness-Jeppesen-Manager-0713,application,family-8-semantic-enrichment/F25_context-node-dictionary.csv,Application node used for semantic graph and diagram answers.,0.68,Generated dictionary row from loaded source records; explicit business glossary can improve labels.,family-8-semantic-enrichment/F25_context-node-dictionary.csv,752,tenant_file
skyharbor-air,APP-00714,Inventory-Infosys-Suite-0714,application,family-8-semantic-enrichment/F25_context-node-dictionary.csv,Application node used for semantic graph and diagram answers.,0.68,Generated dictionary row from loaded source records; explicit business glossary can improve labels.,family-8-semantic-enrichment/F25_context-node-dictionary.csv,753,tenant_file
skyharbor-air,APP-00715,Crew-Lufthansa Systems-Engine-0715,application,family-8-semantic-enrichment/F25_context-node-dictionary.csv,Application node used for semantic graph and diagram answers.,0.68,Generated dictionary row from loaded source records; explicit business glossary can improve labels.,family-8-semantic-enrichment/F25_context-node-dictionary.csv,754,tenant_file
skyharbor-air,APP-00716,Crew-Salesforce-Engine-0716,application,family-8-semantic-enrichment/F25_context-node-dictionary.csv,Application node used for semantic graph and diagram answers.,0.68,Generated dictionary row from loaded source records; explicit business glossary can improve labels.,family-8-semantic-enrichment/F25_context-node-dictionary.csv,755,tenant_file
skyharbor-air,APP-00717,Payroll-Adobe-Manager-0717,application,family-8-semantic-enrichment/F25_context-node-dictionary.csv,Application node used for semantic graph and diagram answers.,0.68,Generated dictionary row from loaded source records; explicit business glossary can improve labels.,family-8-semantic-enrichment/F25_context-node-dictionary.csv,756,tenant_file
skyharbor-air,APP-00718,Airworthiness-Workday-Suite-0718,application,family-8-semantic-enrichment/F25_context-node-dictionary.csv,Application node used for semantic graph and diagram answers.,0.68,Generated dictionary row from loaded source records; explicit business glossary can improve labels.,family-8-semantic-enrichment/F25_context-node-dictionary.csv,757,tenant_file
skyharbor-air,APP-00719,Customer-Hexaware-Platform-0719,application,family-8-semantic-enrichment/F25_context-node-dictionary.csv,Application node used for semantic graph and diagram answers.,0.68,Generated dictionary row from loaded source records; explicit business glossary can improve labels.,family-8-semantic-enrichment/F25_context-node-dictionary.csv,758,tenant_file
skyharbor-air,APP-00720,Crew-Jeppesen-Suite-0720,application,family-8-semantic-enrichment/F25_context-node-dictionary.csv,Application node used for semantic graph and diagram answers.,0.68,Generated dictionary row from loaded source records; explicit business glossary can improve labels.,family-8-semantic-enrichment/F25_context-node-dictionary.csv,759,tenant_file
skyharbor-air,APP-00721,Finance-TCS-Hub-0721,application,family-8-semantic-enrichment/F25_context-node-dictionary.csv,Application node used for semantic graph and diagram answers.,0.68,Generated dictionary row from loaded source records; explicit business glossary can improve labels.,family-8-semantic-enrichment/F25_context-node-dictionary.csv,760,tenant_file
skyharbor-air,APP-00722,Data-Workday-Service-0722,application,family-8-semantic-enrichment/F25_context-node-dictionary.csv,Application node used for semantic graph and diagram answers.,0.68,Generated dictionary row from loaded source records; explicit business glossary can improve labels.,family-8-semantic-enrichment/F25_context-node-dictionary.csv,761,tenant_file
skyharbor-air,APP-00723,Self-Service-Lufthansa Systems-Hub-0723,application,family-8-semantic-enrichment/F25_context-node-dictionary.csv,Application node used for semantic graph and diagram answers.,0.68,Generated dictionary row from loaded source records; explicit business glossary can improve labels.,family-8-semantic-enrichment/F25_context-node-dictionary.csv,762,tenant_file
skyharbor-air,APP-00724,Data-Teradata-Engine-0724,application,family-8-semantic-enrichment/F25_context-node-dictionary.csv,Application node used for semantic graph and diagram answers.,0.68,Generated dictionary row from loaded source records; explicit business glossary can improve labels.,family-8-semantic-enrichment/F25_context-node-dictionary.csv,763,tenant_file
skyharbor-air,APP-00725,Airworthiness-Jeppesen-Suite-0725,application,family-8-semantic-enrichment/F25_context-node-dictionary.csv,Application node used for semantic graph and diagram answers.,0.68,Generated dictionary row from loaded source records; explicit business glossary can improve labels.,family-8-semantic-enrichment/F25_context-node-dictionary.csv,764,tenant_file
skyharbor-air,APP-00726,Crew-Infosys-Service-0726,application,family-8-semantic-enrichment/F25_context-node-dictionary.csv,Application node used for semantic graph and diagram answers.,0.68,Generated dictionary row from loaded source records; explicit business glossary can improve labels.,family-8-semantic-enrichment/F25_context-node-dictionary.csv,765,tenant_file
skyharbor-air,APP-00727,Inventory-Workday-Platform-0727,application,family-8-semantic-enrichment/F25_context-node-dictionary.csv,Application node used for semantic graph and diagram answers.,0.68,Generated dictionary row from loaded source records; explicit business glossary can improve labels.,family-8-semantic-enrichment/F25_context-node-dictionary.csv,766,tenant_file
skyharbor-air,APP-00728,Ancillary-Infosys-Platform-0728,application,family-8-semantic-enrichment/F25_context-node-dictionary.csv,Application node used for semantic graph and diagram answers.,0.68,Generated dictionary row from loaded source records; explicit business glossary can improve labels.,family-8-semantic-enrichment/F25_context-node-dictionary.csv,767,tenant_file
skyharbor-air,APP-00729,Observability-Accenture-Manager-0729,application,family-8-semantic-enrichment/F25_context-node-dictionary.csv,Application node used for semantic graph and diagram answers.,0.68,Generated dictionary row from loaded source records; explicit business glossary can improve labels.,family-8-semantic-enrichment/F25_context-node-dictionary.csv,768,tenant_file
skyharbor-air,APP-00730,Distribution-TCS-Platform-0730,application,family-8-semantic-enrichment/F25_context-node-dictionary.csv,Application node used for semantic graph and diagram answers.,0.68,Generated dictionary row from loaded source records; explicit business glossary can improve labels.,family-8-semantic-enrichment/F25_context-node-dictionary.csv,769,tenant_file
skyharbor-air,APP-00731,Crew-SAP-Platform-0731,application,family-8-semantic-enrichment/F25_context-node-dictionary.csv,Application node used for semantic graph and diagram answers.,0.68,Generated dictionary row from loaded source records; explicit business glossary can improve labels.,family-8-semantic-enrichment/F25_context-node-dictionary.csv,770,tenant_file
skyharbor-air,APP-00732,Gate-SITA-Manager-0732,application,family-8-semantic-enrichment/F25_context-node-dictionary.csv,Application node used for semantic graph and diagram answers.,0.68,Generated dictionary row from loaded source records; explicit business glossary can improve labels.,family-8-semantic-enrichment/F25_context-node-dictionary.csv,771,tenant_file
skyharbor-air,APP-00733,Maintenance-SITA-Suite-0733,application,family-8-semantic-enrichment/F25_context-node-dictionary.csv,Application node used for semantic graph and diagram answers.,0.68,Generated dictionary row from loaded source records; explicit business glossary can improve labels.,family-8-semantic-enrichment/F25_context-node-dictionary.csv,772,tenant_file
skyharbor-air,APP-00734,Revenue-Workday-Platform-0734,application,family-8-semantic-enrichment/F25_context-node-dictionary.csv,Application node used for semantic graph and diagram answers.,0.68,Generated dictionary row from loaded source records; explicit business glossary can improve labels.,family-8-semantic-enrichment/F25_context-node-dictionary.csv,773,tenant_file
skyharbor-air,APP-00735,Cargo-Sabre AirVision-Service-0735,application,family-8-semantic-enrichment/F25_context-node-dictionary.csv,Application node used for semantic graph and diagram answers.,0.68,Generated dictionary row from loaded source records; explicit business glossary can improve labels.,family-8-semantic-enrichment/F25_context-node-dictionary.csv,774,tenant_file
skyharbor-air,APP-00736,Pricing-Sabre AirVision-Suite-0736,application,family-8-semantic-enrichment/F25_context-node-dictionary.csv,Application node used for semantic graph and diagram answers.,0.68,Generated dictionary row from loaded source records; explicit business glossary can improve labels.,family-8-semantic-enrichment/F25_context-node-dictionary.csv,775,tenant_file
skyharbor-air,APP-00737,Engine-Sabre AirVision-Suite-0737,application,family-8-semantic-enrichment/F25_context-node-dictionary.csv,Application node used for semantic graph and diagram answers.,0.68,Generated dictionary row from loaded source records; explicit business glossary can improve labels.,family-8-semantic-enrichment/F25_context-node-dictionary.csv,776,tenant_file
skyharbor-air,APP-00738,Parts-SAP-Suite-0738,application,family-8-semantic-enrichment/F25_context-node-dictionary.csv,Application node used for semantic graph and diagram answers.,0.68,Generated dictionary row from loaded source records; explicit business glossary can improve labels.,family-8-semantic-enrichment/F25_context-node-dictionary.csv,777,tenant_file
skyharbor-air,APP-00739,Identity-Oracle-Suite-0739,application,family-8-semantic-enrichment/F25_context-node-dictionary.csv,Application node used for semantic graph and diagram answers.,0.68,Generated dictionary row from loaded source records; explicit business glossary can improve labels.,family-8-semantic-enrichment/F25_context-node-dictionary.csv,778,tenant_file
skyharbor-air,APP-00740,Crew-Workday-Service-0740,application,family-8-semantic-enrichment/F25_context-node-dictionary.csv,Application node used for semantic graph and diagram answers.,0.68,Generated dictionary row from loaded source records; explicit business glossary can improve labels.,family-8-semantic-enrichment/F25_context-node-dictionary.csv,779,tenant_file
skyharbor-air,APP-00741,ML-SITA-Suite-0741,application,family-8-semantic-enrichment/F25_context-node-dictionary.csv,Application node used for semantic graph and diagram answers.,0.68,Generated dictionary row from loaded source records; explicit business glossary can improve labels.,family-8-semantic-enrichment/F25_context-node-dictionary.csv,780,tenant_file
skyharbor-air,APP-00742,Crew-ServiceNow-Engine-0742,application,family-8-semantic-enrichment/F25_context-node-dictionary.csv,Application node used for semantic graph and diagram answers.,0.68,Generated dictionary row from loaded source records; explicit business glossary can improve labels.,family-8-semantic-enrichment/F25_context-node-dictionary.csv,781,tenant_file
skyharbor-air,APP-00743,Corporate-Salesforce-Manager-0743,application,family-8-semantic-enrichment/F25_context-node-dictionary.csv,Application node used for semantic graph and diagram answers.,0.68,Generated dictionary row from loaded source records; explicit business glossary can improve labels.,family-8-semantic-enrichment/F25_context-node-dictionary.csv,782,tenant_file
skyharbor-air,APP-00744,Tax-AIMS-Manager-0744,application,family-8-semantic-enrichment/F25_context-node-dictionary.csv,Application node used for semantic graph and diagram answers.,0.68,Generated dictionary row from loaded source records; explicit business glossary can improve labels.,family-8-semantic-enrichment/F25_context-node-dictionary.csv,783,tenant_file
skyharbor-air,APP-00745,Threat-Snowflake-Hub-0745,application,family-8-semantic-enrichment/F25_context-node-dictionary.csv,Application node used for semantic graph and diagram answers.,0.68,Generated dictionary row from loaded source records; explicit business glossary can improve labels.,family-8-semantic-enrichment/F25_context-node-dictionary.csv,784,tenant_file
skyharbor-air,APP-00746,Reliability-Workday-Hub-0746,application,family-8-semantic-enrichment/F25_context-node-dictionary.csv,Application node used for semantic graph and diagram answers.,0.68,Generated dictionary row from loaded source records; explicit business glossary can improve labels.,family-8-semantic-enrichment/F25_context-node-dictionary.csv,785,tenant_file
skyharbor-air,APP-00747,Mobile-Oracle-Platform-0747,application,family-8-semantic-enrichment/F25_context-node-dictionary.csv,Application node used for semantic graph and diagram answers.,0.68,Generated dictionary row from loaded source records; explicit business glossary can improve labels.,family-8-semantic-enrichment/F25_context-node-dictionary.csv,786,tenant_file
skyharbor-air,APP-00748,Business-Snowflake-Manager-0748,application,family-8-semantic-enrichment/F25_context-node-dictionary.csv,Application node used for semantic graph and diagram answers.,0.68,Generated dictionary row from loaded source records; explicit business glossary can improve labels.,family-8-semantic-enrichment/F25_context-node-dictionary.csv,787,tenant_file
skyharbor-air,APP-00749,Engine-Custom-Hub-0749,application,family-8-semantic-enrichment/F25_context-node-dictionary.csv,Application node used for semantic graph and diagram answers.,0.68,Generated dictionary row from loaded source records; explicit business glossary can improve labels.,family-8-semantic-enrichment/F25_context-node-dictionary.csv,788,tenant_file
skyharbor-air,APP-00750,Slot-Accenture-Service-0750,application,family-8-semantic-enrichment/F25_context-node-dictionary.csv,Application node used for semantic graph and diagram answers.,0.68,Generated dictionary row from loaded source records; explicit business glossary can improve labels.,family-8-semantic-enrichment/F25_context-node-dictionary.csv,789,tenant_file
skyharbor-air,APP-00751,Maintenance-ServiceNow-Platform-0751,application,family-8-semantic-enrichment/F25_context-node-dictionary.csv,Application node used for semantic graph and diagram answers.,0.68,Generated dictionary row from loaded source records; explicit business glossary can improve labels.,family-8-semantic-enrichment/F25_context-node-dictionary.csv,790,tenant_file
skyharbor-air,APP-00752,Revenue-Hexaware-Manager-0752,application,family-8-semantic-enrichment/F25_context-node-dictionary.csv,Application node used for semantic graph and diagram answers.,0.68,Generated dictionary row from loaded source records; explicit business glossary can improve labels.,family-8-semantic-enrichment/F25_context-node-dictionary.csv,791,tenant_file
skyharbor-air,APP-00753,Tax-Custom-Manager-0753,application,family-8-semantic-enrichment/F25_context-node-dictionary.csv,Application node used for semantic graph and diagram answers.,0.68,Generated dictionary row from loaded source records; explicit business glossary can improve labels.,family-8-semantic-enrichment/F25_context-node-dictionary.csv,792,tenant_file
skyharbor-air,APP-00754,Endpoint-Workday-Suite-0754,application,family-8-semantic-enrichment/F25_context-node-dictionary.csv,Application node used for semantic graph and diagram answers.,0.68,Generated dictionary row from loaded source records; explicit business glossary can improve labels.,family-8-semantic-enrichment/F25_context-node-dictionary.csv,793,tenant_file
skyharbor-air,APP-00755,Disaster-Databricks-Service-0755,application,family-8-semantic-enrichment/F25_context-node-dictionary.csv,Application node used for semantic graph and diagram answers.,0.68,Generated dictionary row from loaded source records; explicit business glossary can improve labels.,family-8-semantic-enrichment/F25_context-node-dictionary.csv,794,tenant_file
skyharbor-air,APP-00756,Crew-Amadeus-Service-0756,application,family-8-semantic-enrichment/F25_context-node-dictionary.csv,Application node used for semantic graph and diagram answers.,0.68,Generated dictionary row from loaded source records; explicit business glossary can improve labels.,family-8-semantic-enrichment/F25_context-node-dictionary.csv,795,tenant_file
skyharbor-air,APP-00757,GRC-Workday-Manager-0757,application,family-8-semantic-enrichment/F25_context-node-dictionary.csv,Application node used for semantic graph and diagram answers.,0.68,Generated dictionary row from loaded source records; explicit business glossary can improve labels.,family-8-semantic-enrichment/F25_context-node-dictionary.csv,796,tenant_file
skyharbor-air,APP-00758,Metadata-SAP-Engine-0758,application,family-8-semantic-enrichment/F25_context-node-dictionary.csv,Application node used for semantic graph and diagram answers.,0.68,Generated dictionary row from loaded source records; explicit business glossary can improve labels.,family-8-semantic-enrichment/F25_context-node-dictionary.csv,797,tenant_file
skyharbor-air,APP-00759,Component-Custom-Hub-0759,application,family-8-semantic-enrichment/F25_context-node-dictionary.csv,Application node used for semantic graph and diagram answers.,0.68,Generated dictionary row from loaded source records; explicit business glossary can improve labels.,family-8-semantic-enrichment/F25_context-node-dictionary.csv,798,tenant_file
skyharbor-air,APP-00760,Service-Teradata-Engine-0760,application,family-8-semantic-enrichment/F25_context-node-dictionary.csv,Application node used for semantic graph and diagram answers.,0.68,Generated dictionary row from loaded source records; explicit business glossary can improve labels.,family-8-semantic-enrichment/F25_context-node-dictionary.csv,799,tenant_file
skyharbor-air,APP-00761,Mainframe-AIMS-Hub-0761,application,family-8-semantic-enrichment/F25_context-node-dictionary.csv,Application node used for semantic graph and diagram answers.,0.68,Generated dictionary row from loaded source records; explicit business glossary can improve labels.,family-8-semantic-enrichment/F25_context-node-dictionary.csv,800,tenant_file
skyharbor-air,APP-00762,Ancillary-TCS-Manager-0762,application,family-8-semantic-enrichment/F25_context-node-dictionary.csv,Application node used for semantic graph and diagram answers.,0.68,Generated dictionary row from loaded source records; explicit business glossary can improve labels.,family-8-semantic-enrichment/F25_context-node-dictionary.csv,801,tenant_file
skyharbor-air,APP-00763,Observability-TCS-Hub-0763,application,family-8-semantic-enrichment/F25_context-node-dictionary.csv,Application node used for semantic graph and diagram answers.,0.68,Generated dictionary row from loaded source records; explicit business glossary can improve labels.,family-8-semantic-enrichment/F25_context-node-dictionary.csv,802,tenant_file
skyharbor-air,APP-00764,Mobile-Accenture-Engine-0764,application,family-8-semantic-enrichment/F25_context-node-dictionary.csv,Application node used for semantic graph and diagram answers.,0.68,Generated dictionary row from loaded source records; explicit business glossary can improve labels.,family-8-semantic-enrichment/F25_context-node-dictionary.csv,803,tenant_file
skyharbor-air,APP-00765,Advanced-TCS-Service-0765,application,family-8-semantic-enrichment/F25_context-node-dictionary.csv,Application node used for semantic graph and diagram answers.,0.68,Generated dictionary row from loaded source records; explicit business glossary can improve labels.,family-8-semantic-enrichment/F25_context-node-dictionary.csv,804,tenant_file
skyharbor-air,APP-00766,Parts-Amadeus-Service-0766,application,family-8-semantic-enrichment/F25_context-node-dictionary.csv,Application node used for semantic graph and diagram answers.,0.68,Generated dictionary row from loaded source records; explicit business glossary can improve labels.,family-8-semantic-enrichment/F25_context-node-dictionary.csv,805,tenant_file
skyharbor-air,APP-00767,Payroll-Sabre-Engine-0767,application,family-8-semantic-enrichment/F25_context-node-dictionary.csv,Application node used for semantic graph and diagram answers.,0.68,Generated dictionary row from loaded source records; explicit business glossary can improve labels.,family-8-semantic-enrichment/F25_context-node-dictionary.csv,806,tenant_file
skyharbor-air,APP-00768,Customer-ServiceNow-Hub-0768,application,family-8-semantic-enrichment/F25_context-node-dictionary.csv,Application node used for semantic graph and diagram answers.,0.68,Generated dictionary row from loaded source records; explicit business glossary can improve labels.,family-8-semantic-enrichment/F25_context-node-dictionary.csv,807,tenant_file
skyharbor-air,APP-00769,HR-Hexaware-Engine-0769,application,family-8-semantic-enrichment/F25_context-node-dictionary.csv,Application node used for semantic graph and diagram answers.,0.68,Generated dictionary row from loaded source records; explicit business glossary can improve labels.,family-8-semantic-enrichment/F25_context-node-dictionary.csv,808,tenant_file
skyharbor-air,APP-00770,Crew-SAP-Platform-0770,application,family-8-semantic-enrichment/F25_context-node-dictionary.csv,Application node used for semantic graph and diagram answers.,0.68,Generated dictionary row from loaded source records; explicit business glossary can improve labels.,family-8-semantic-enrichment/F25_context-node-dictionary.csv,809,tenant_file
skyharbor-air,APP-00771,Lounge-ServiceNow-Suite-0771,application,family-8-semantic-enrichment/F25_context-node-dictionary.csv,Application node used for semantic graph and diagram answers.,0.68,Generated dictionary row from loaded source records; explicit business glossary can improve labels.,family-8-semantic-enrichment/F25_context-node-dictionary.csv,810,tenant_file
skyharbor-air,APP-00772,Sales-Sabre AirVision-Platform-0772,application,family-8-semantic-enrichment/F25_context-node-dictionary.csv,Application node used for semantic graph and diagram answers.,0.68,Generated dictionary row from loaded source records; explicit business glossary can improve labels.,family-8-semantic-enrichment/F25_context-node-dictionary.csv,811,tenant_file
skyharbor-air,APP-00773,Data-Jeppesen-Manager-0773,application,family-8-semantic-enrichment/F25_context-node-dictionary.csv,Application node used for semantic graph and diagram answers.,0.68,Generated dictionary row from loaded source records; explicit business glossary can improve labels.,family-8-semantic-enrichment/F25_context-node-dictionary.csv,812,tenant_file
skyharbor-air,APP-00774,Heavy-Oracle-Engine-0774,application,family-8-semantic-enrichment/F25_context-node-dictionary.csv,Application node used for semantic graph and diagram answers.,0.68,Generated dictionary row from loaded source records; explicit business glossary can improve labels.,family-8-semantic-enrichment/F25_context-node-dictionary.csv,813,tenant_file
skyharbor-air,APP-00775,Sales-Salesforce-Engine-0775,application,family-8-semantic-enrichment/F25_context-node-dictionary.csv,Application node used for semantic graph and diagram answers.,0.68,Generated dictionary row from loaded source records; explicit business glossary can improve labels.,family-8-semantic-enrichment/F25_context-node-dictionary.csv,814,tenant_file
skyharbor-air,APP-00776,Data-Databricks-Engine-0776,application,family-8-semantic-enrichment/F25_context-node-dictionary.csv,Application node used for semantic graph and diagram answers.,0.68,Generated dictionary row from loaded source records; explicit business glossary can improve labels.,family-8-semantic-enrichment/F25_context-node-dictionary.csv,815,tenant_file
skyharbor-air,APP-00777,Customer-Custom-Service-0777,application,family-8-semantic-enrichment/F25_context-node-dictionary.csv,Application node used for semantic graph and diagram answers.,0.68,Generated dictionary row from loaded source records; explicit business glossary can improve labels.,family-8-semantic-enrichment/F25_context-node-dictionary.csv,816,tenant_file
skyharbor-air,APP-00778,Security-Adobe-Platform-0778,application,family-8-semantic-enrichment/F25_context-node-dictionary.csv,Application node used for semantic graph and diagram answers.,0.68,Generated dictionary row from loaded source records; explicit business glossary can improve labels.,family-8-semantic-enrichment/F25_context-node-dictionary.csv,817,tenant_file
skyharbor-air,APP-00779,Security-Sabre AirVision-Service-0779,application,family-8-semantic-enrichment/F25_context-node-dictionary.csv,Application node used for semantic graph and diagram answers.,0.68,Generated dictionary row from loaded source records; explicit business glossary can improve labels.,family-8-semantic-enrichment/F25_context-node-dictionary.csv,818,tenant_file
skyharbor-air,APP-00780,Disruption-Teradata-Hub-0780,application,family-8-semantic-enrichment/F25_context-node-dictionary.csv,Application node used for semantic graph and diagram answers.,0.68,Generated dictionary row from loaded source records; explicit business glossary can improve labels.,family-8-semantic-enrichment/F25_context-node-dictionary.csv,819,tenant_file
skyharbor-air,APP-00781,Slot-Accenture-Hub-0781,application,family-8-semantic-enrichment/F25_context-node-dictionary.csv,Application node used for semantic graph and diagram answers.,0.68,Generated dictionary row from loaded source records; explicit business glossary can improve labels.,family-8-semantic-enrichment/F25_context-node-dictionary.csv,820,tenant_file
skyharbor-air,APP-00782,Crew-Sabre AirVision-Service-0782,application,family-8-semantic-enrichment/F25_context-node-dictionary.csv,Application node used for semantic graph and diagram answers.,0.68,Generated dictionary row from loaded source records; explicit business glossary can improve labels.,family-8-semantic-enrichment/F25_context-node-dictionary.csv,821,tenant_file
skyharbor-air,APP-00783,Reliability-SAP-Service-0783,application,family-8-semantic-enrichment/F25_context-node-dictionary.csv,Application node used for semantic graph and diagram answers.,0.68,Generated dictionary row from loaded source records; explicit business glossary can improve labels.,family-8-semantic-enrichment/F25_context-node-dictionary.csv,822,tenant_file
skyharbor-air,APP-00784,Tax-Teradata-Suite-0784,application,family-8-semantic-enrichment/F25_context-node-dictionary.csv,Application node used for semantic graph and diagram answers.,0.68,Generated dictionary row from loaded source records; explicit business glossary can improve labels.,family-8-semantic-enrichment/F25_context-node-dictionary.csv,823,tenant_file
skyharbor-air,APP-00785,HR-Amadeus-Platform-0785,application,family-8-semantic-enrichment/F25_context-node-dictionary.csv,Application node used for semantic graph and diagram answers.,0.68,Generated dictionary row from loaded source records; explicit business glossary can improve labels.,family-8-semantic-enrichment/F25_context-node-dictionary.csv,824,tenant_file
skyharbor-air,APP-00786,Identity-Teradata-Service-0786,application,family-8-semantic-enrichment/F25_context-node-dictionary.csv,Application node used for semantic graph and diagram answers.,0.68,Generated dictionary row from loaded source records; explicit business glossary can improve labels.,family-8-semantic-enrichment/F25_context-node-dictionary.csv,825,tenant_file
skyharbor-air,APP-00787,Weight-TCS-Hub-0787,application,family-8-semantic-enrichment/F25_context-node-dictionary.csv,Application node used for semantic graph and diagram answers.,0.68,Generated dictionary row from loaded source records; explicit business glossary can improve labels.,family-8-semantic-enrichment/F25_context-node-dictionary.csv,826,tenant_file
skyharbor-air,APP-00788,Fuel-Databricks-Platform-0788,application,family-8-semantic-enrichment/F25_context-node-dictionary.csv,Application node used for semantic graph and diagram answers.,0.68,Generated dictionary row from loaded source records; explicit business glossary can improve labels.,family-8-semantic-enrichment/F25_context-node-dictionary.csv,827,tenant_file
skyharbor-air,APP-00789,Sales-Sabre-Suite-0789,application,family-8-semantic-enrichment/F25_context-node-dictionary.csv,Application node used for semantic graph and diagram answers.,0.68,Generated dictionary row from loaded source records; explicit business glossary can improve labels.,family-8-semantic-enrichment/F25_context-node-dictionary.csv,828,tenant_file
skyharbor-air,APP-00790,Customer-Jeppesen-Suite-0790,application,family-8-semantic-enrichment/F25_context-node-dictionary.csv,Application node used for semantic graph and diagram answers.,0.68,Generated dictionary row from loaded source records; explicit business glossary can improve labels.,family-8-semantic-enrichment/F25_context-node-dictionary.csv,829,tenant_file
skyharbor-air,APP-00791,Crew-TCS-Hub-0791,application,family-8-semantic-enrichment/F25_context-node-dictionary.csv,Application node used for semantic graph and diagram answers.,0.68,Generated dictionary row from loaded source records; explicit business glossary can improve labels.,family-8-semantic-enrichment/F25_context-node-dictionary.csv,830,tenant_file
skyharbor-air,APP-00792,Flight-Teradata-Service-0792,application,family-8-semantic-enrichment/F25_context-node-dictionary.csv,Application node used for semantic graph and diagram answers.,0.68,Generated dictionary row from loaded source records; explicit business glossary can improve labels.,family-8-semantic-enrichment/F25_context-node-dictionary.csv,831,tenant_file
skyharbor-air,APP-00793,Crew-Custom-Service-0793,application,family-8-semantic-enrichment/F25_context-node-dictionary.csv,Application node used for semantic graph and diagram answers.,0.68,Generated dictionary row from loaded source records; explicit business glossary can improve labels.,family-8-semantic-enrichment/F25_context-node-dictionary.csv,832,tenant_file
skyharbor-air,APP-00794,Reliability-IBM-Suite-0794,application,family-8-semantic-enrichment/F25_context-node-dictionary.csv,Application node used for semantic graph and diagram answers.,0.68,Generated dictionary row from loaded source records; explicit business glossary can improve labels.,family-8-semantic-enrichment/F25_context-node-dictionary.csv,833,tenant_file
skyharbor-air,APP-00795,Vulnerability-Snowflake-Engine-0795,application,family-8-semantic-enrichment/F25_context-node-dictionary.csv,Application node used for semantic graph and diagram answers.,0.68,Generated dictionary row from loaded source records; explicit business glossary can improve labels.,family-8-semantic-enrichment/F25_context-node-dictionary.csv,834,tenant_file
skyharbor-air,APP-00796,Network-Sabre-Manager-0796,application,family-8-semantic-enrichment/F25_context-node-dictionary.csv,Application node used for semantic graph and diagram answers.,0.68,Generated dictionary row from loaded source records; explicit business glossary can improve labels.,family-8-semantic-enrichment/F25_context-node-dictionary.csv,835,tenant_file
skyharbor-air,APP-00797,Treasury-Lufthansa Systems-Manager-0797,application,family-8-semantic-enrichment/F25_context-node-dictionary.csv,Application node used for semantic graph and diagram answers.,0.68,Generated dictionary row from loaded source records; explicit business glossary can improve labels.,family-8-semantic-enrichment/F25_context-node-dictionary.csv,836,tenant_file
skyharbor-air,APP-00798,Network-TCS-Hub-0798,application,family-8-semantic-enrichment/F25_context-node-dictionary.csv,Application node used for semantic graph and diagram answers.,0.68,Generated dictionary row from loaded source records; explicit business glossary can improve labels.,family-8-semantic-enrichment/F25_context-node-dictionary.csv,837,tenant_file
skyharbor-air,APP-00799,Weight-SITA-Platform-0799,application,family-8-semantic-enrichment/F25_context-node-dictionary.csv,Application node used for semantic graph and diagram answers.,0.68,Generated dictionary row from loaded source records; explicit business glossary can improve labels.,family-8-semantic-enrichment/F25_context-node-dictionary.csv,838,tenant_file
skyharbor-air,APP-00800,Data-Salesforce-Hub-0800,application,family-8-semantic-enrichment/F25_context-node-dictionary.csv,Application node used for semantic graph and diagram answers.,0.68,Generated dictionary row from loaded source records; explicit business glossary can improve labels.,family-8-semantic-enrichment/F25_context-node-dictionary.csv,839,tenant_file
skyharbor-air,APP-00801,Contact-TCS-Suite-0801,application,family-8-semantic-enrichment/F25_context-node-dictionary.csv,Application node used for semantic graph and diagram answers.,0.68,Generated dictionary row from loaded source records; explicit business glossary can improve labels.,family-8-semantic-enrichment/F25_context-node-dictionary.csv,840,tenant_file
skyharbor-air,APP-00802,Lounge-SITA-Engine-0802,application,family-8-semantic-enrichment/F25_context-node-dictionary.csv,Application node used for semantic graph and diagram answers.,0.68,Generated dictionary row from loaded source records; explicit business glossary can improve labels.,family-8-semantic-enrichment/F25_context-node-dictionary.csv,841,tenant_file
skyharbor-air,APP-00803,Cloud-Amadeus-Service-0803,application,family-8-semantic-enrichment/F25_context-node-dictionary.csv,Application node used for semantic graph and diagram answers.,0.68,Generated dictionary row from loaded source records; explicit business glossary can improve labels.,family-8-semantic-enrichment/F25_context-node-dictionary.csv,842,tenant_file
skyharbor-air,APP-00804,Maintenance-Hexaware-Manager-0804,application,family-8-semantic-enrichment/F25_context-node-dictionary.csv,Application node used for semantic graph and diagram answers.,0.68,Generated dictionary row from loaded source records; explicit business glossary can improve labels.,family-8-semantic-enrichment/F25_context-node-dictionary.csv,843,tenant_file
skyharbor-air,APP-00805,Tax-Sabre AirVision-Engine-0805,application,family-8-semantic-enrichment/F25_context-node-dictionary.csv,Application node used for semantic graph and diagram answers.,0.68,Generated dictionary row from loaded source records; explicit business glossary can improve labels.,family-8-semantic-enrichment/F25_context-node-dictionary.csv,844,tenant_file
skyharbor-air,APP-00806,Real-Workday-Platform-0806,application,family-8-semantic-enrichment/F25_context-node-dictionary.csv,Application node used for semantic graph and diagram answers.,0.68,Generated dictionary row from loaded source records; explicit business glossary can improve labels.,family-8-semantic-enrichment/F25_context-node-dictionary.csv,845,tenant_file
skyharbor-air,APP-00807,Parts-ServiceNow-Manager-0807,application,family-8-semantic-enrichment/F25_context-node-dictionary.csv,Application node used for semantic graph and diagram answers.,0.68,Generated dictionary row from loaded source records; explicit business glossary can improve labels.,family-8-semantic-enrichment/F25_context-node-dictionary.csv,846,tenant_file
skyharbor-air,APP-00808,Component-TCS-Hub-0808,application,family-8-semantic-enrichment/F25_context-node-dictionary.csv,Application node used for semantic graph and diagram answers.,0.68,Generated dictionary row from loaded source records; explicit business glossary can improve labels.,family-8-semantic-enrichment/F25_context-node-dictionary.csv,847,tenant_file
skyharbor-air,APP-00809,Data-Workday-Engine-0809,application,family-8-semantic-enrichment/F25_context-node-dictionary.csv,Application node used for semantic graph and diagram answers.,0.68,Generated dictionary row from loaded source records; explicit business glossary can improve labels.,family-8-semantic-enrichment/F25_context-node-dictionary.csv,848,tenant_file
skyharbor-air,APP-00810,Crew-IBM-Engine-0810,application,family-8-semantic-enrichment/F25_context-node-dictionary.csv,Application node used for semantic graph and diagram answers.,0.68,Generated dictionary row from loaded source records; explicit business glossary can improve labels.,family-8-semantic-enrichment/F25_context-node-dictionary.csv,849,tenant_file
skyharbor-air,APP-00811,Maintenance-Hexaware-Hub-0811,application,family-8-semantic-enrichment/F25_context-node-dictionary.csv,Application node used for semantic graph and diagram answers.,0.68,Generated dictionary row from loaded source records; explicit business glossary can improve labels.,family-8-semantic-enrichment/F25_context-node-dictionary.csv,850,tenant_file
skyharbor-air,APP-00812,Tax-Teradata-Engine-0812,application,family-8-semantic-enrichment/F25_context-node-dictionary.csv,Application node used for semantic graph and diagram answers.,0.68,Generated dictionary row from loaded source records; explicit business glossary can improve labels.,family-8-semantic-enrichment/F25_context-node-dictionary.csv,851,tenant_file
skyharbor-air,APP-00813,Finance-Jeppesen-Service-0813,application,family-8-semantic-enrichment/F25_context-node-dictionary.csv,Application node used for semantic graph and diagram answers.,0.68,Generated dictionary row from loaded source records; explicit business glossary can improve labels.,family-8-semantic-enrichment/F25_context-node-dictionary.csv,852,tenant_file
skyharbor-air,APP-00814,Ancillary-Sabre AirVision-Platform-0814,application,family-8-semantic-enrichment/F25_context-node-dictionary.csv,Application node used for semantic graph and diagram answers.,0.68,Generated dictionary row from loaded source records; explicit business glossary can improve labels.,family-8-semantic-enrichment/F25_context-node-dictionary.csv,853,tenant_file
skyharbor-air,APP-00815,Legal-Sabre AirVision-Platform-0815,application,family-8-semantic-enrichment/F25_context-node-dictionary.csv,Application node used for semantic graph and diagram answers.,0.68,Generated dictionary row from loaded source records; explicit business glossary can improve labels.,family-8-semantic-enrichment/F25_context-node-dictionary.csv,854,tenant_file
skyharbor-air,APP-00816,Inventory-Teradata-Service-0816,application,family-8-semantic-enrichment/F25_context-node-dictionary.csv,Application node used for semantic graph and diagram answers.,0.68,Generated dictionary row from loaded source records; explicit business glossary can improve labels.,family-8-semantic-enrichment/F25_context-node-dictionary.csv,855,tenant_file
skyharbor-air,APP-00817,Line-IBM-Suite-0817,application,family-8-semantic-enrichment/F25_context-node-dictionary.csv,Application node used for semantic graph and diagram answers.,0.68,Generated dictionary row from loaded source records; explicit business glossary can improve labels.,family-8-semantic-enrichment/F25_context-node-dictionary.csv,856,tenant_file
skyharbor-air,APP-00818,Ground-Workday-Platform-0818,application,family-8-semantic-enrichment/F25_context-node-dictionary.csv,Application node used for semantic graph and diagram answers.,0.68,Generated dictionary row from loaded source records; explicit business glossary can improve labels.,family-8-semantic-enrichment/F25_context-node-dictionary.csv,857,tenant_file
skyharbor-air,APP-00819,Data-Sabre AirVision-Hub-0819,application,family-8-semantic-enrichment/F25_context-node-dictionary.csv,Application node used for semantic graph and diagram answers.,0.68,Generated dictionary row from loaded source records; explicit business glossary can improve labels.,family-8-semantic-enrichment/F25_context-node-dictionary.csv,858,tenant_file
skyharbor-air,APP-00820,Metadata-IBM-Engine-0820,application,family-8-semantic-enrichment/F25_context-node-dictionary.csv,Application node used for semantic graph and diagram answers.,0.68,Generated dictionary row from loaded source records; explicit business glossary can improve labels.,family-8-semantic-enrichment/F25_context-node-dictionary.csv,859,tenant_file
skyharbor-air,APP-00821,Flight-IBM-Engine-0821,application,family-8-semantic-enrichment/F25_context-node-dictionary.csv,Application node used for semantic graph and diagram answers.,0.68,Generated dictionary row from loaded source records; explicit business glossary can improve labels.,family-8-semantic-enrichment/F25_context-node-dictionary.csv,860,tenant_file
skyharbor-air,APP-00822,Procurement-Hexaware-Engine-0822,application,family-8-semantic-enrichment/F25_context-node-dictionary.csv,Application node used for semantic graph and diagram answers.,0.68,Generated dictionary row from loaded source records; explicit business glossary can improve labels.,family-8-semantic-enrichment/F25_context-node-dictionary.csv,861,tenant_file
skyharbor-air,APP-00823,Reliability-AIMS-Manager-0823,application,family-8-semantic-enrichment/F25_context-node-dictionary.csv,Application node used for semantic graph and diagram answers.,0.68,Generated dictionary row from loaded source records; explicit business glossary can improve labels.,family-8-semantic-enrichment/F25_context-node-dictionary.csv,862,tenant_file
skyharbor-air,APP-00824,Ancillary-Databricks-Manager-0824,application,family-8-semantic-enrichment/F25_context-node-dictionary.csv,Application node used for semantic graph and diagram answers.,0.68,Generated dictionary row from loaded source records; explicit business glossary can improve labels.,family-8-semantic-enrichment/F25_context-node-dictionary.csv,863,tenant_file
skyharbor-air,APP-00825,Ground-Databricks-Hub-0825,application,family-8-semantic-enrichment/F25_context-node-dictionary.csv,Application node used for semantic graph and diagram answers.,0.68,Generated dictionary row from loaded source records; explicit business glossary can improve labels.,family-8-semantic-enrichment/F25_context-node-dictionary.csv,864,tenant_file
skyharbor-air,APP-00826,Business-Sabre-Service-0826,application,family-8-semantic-enrichment/F25_context-node-dictionary.csv,Application node used for semantic graph and diagram answers.,0.68,Generated dictionary row from loaded source records; explicit business glossary can improve labels.,family-8-semantic-enrichment/F25_context-node-dictionary.csv,865,tenant_file
skyharbor-air,APP-00827,Crew-SAP-Service-0827,application,family-8-semantic-enrichment/F25_context-node-dictionary.csv,Application node used for semantic graph and diagram answers.,0.68,Generated dictionary row from loaded source records; explicit business glossary can improve labels.,family-8-semantic-enrichment/F25_context-node-dictionary.csv,866,tenant_file
skyharbor-air,APP-00828,Mainframe-Adobe-Service-0828,application,family-8-semantic-enrichment/F25_context-node-dictionary.csv,Application node used for semantic graph and diagram answers.,0.68,Generated dictionary row from loaded source records; explicit business glossary can improve labels.,family-8-semantic-enrichment/F25_context-node-dictionary.csv,867,tenant_file
skyharbor-air,APP-00829,Revenue-IBM-Engine-0829,application,family-8-semantic-enrichment/F25_context-node-dictionary.csv,Application node used for semantic graph and diagram answers.,0.68,Generated dictionary row from loaded source records; explicit business glossary can improve labels.,family-8-semantic-enrichment/F25_context-node-dictionary.csv,868,tenant_file
skyharbor-air,APP-00830,Payroll-TCS-Platform-0830,application,family-8-semantic-enrichment/F25_context-node-dictionary.csv,Application node used for semantic graph and diagram answers.,0.68,Generated dictionary row from loaded source records; explicit business glossary can improve labels.,family-8-semantic-enrichment/F25_context-node-dictionary.csv,869,tenant_file
skyharbor-air,APP-00831,Digital-Custom-Manager-0831,application,family-8-semantic-enrichment/F25_context-node-dictionary.csv,Application node used for semantic graph and diagram answers.,0.68,Generated dictionary row from loaded source records; explicit business glossary can improve labels.,family-8-semantic-enrichment/F25_context-node-dictionary.csv,870,tenant_file
skyharbor-air,APP-00832,Weight-Custom-Hub-0832,application,family-8-semantic-enrichment/F25_context-node-dictionary.csv,Application node used for semantic graph and diagram answers.,0.68,Generated dictionary row from loaded source records; explicit business glossary can improve labels.,family-8-semantic-enrichment/F25_context-node-dictionary.csv,871,tenant_file
skyharbor-air,APP-00833,Loyalty-Custom-Suite-0833,application,family-8-semantic-enrichment/F25_context-node-dictionary.csv,Application node used for semantic graph and diagram answers.,0.68,Generated dictionary row from loaded source records; explicit business glossary can improve labels.,family-8-semantic-enrichment/F25_context-node-dictionary.csv,872,tenant_file
skyharbor-air,APP-00834,Reliability-SAP-Manager-0834,application,family-8-semantic-enrichment/F25_context-node-dictionary.csv,Application node used for semantic graph and diagram answers.,0.68,Generated dictionary row from loaded source records; explicit business glossary can improve labels.,family-8-semantic-enrichment/F25_context-node-dictionary.csv,873,tenant_file
skyharbor-air,APP-00835,Disruption-Snowflake-Suite-0835,application,family-8-semantic-enrichment/F25_context-node-dictionary.csv,Application node used for semantic graph and diagram answers.,0.68,Generated dictionary row from loaded source records; explicit business glossary can improve labels.,family-8-semantic-enrichment/F25_context-node-dictionary.csv,874,tenant_file
skyharbor-air,APP-00836,Cloud-Accenture-Platform-0836,application,family-8-semantic-enrichment/F25_context-node-dictionary.csv,Application node used for semantic graph and diagram answers.,0.68,Generated dictionary row from loaded source records; explicit business glossary can improve labels.,family-8-semantic-enrichment/F25_context-node-dictionary.csv,875,tenant_file
skyharbor-air,APP-00837,Digital-ServiceNow-Manager-0837,application,family-8-semantic-enrichment/F25_context-node-dictionary.csv,Application node used for semantic graph and diagram answers.,0.68,Generated dictionary row from loaded source records; explicit business glossary can improve labels.,family-8-semantic-enrichment/F25_context-node-dictionary.csv,876,tenant_file
skyharbor-air,APP-00838,Corporate-Sabre AirVision-Manager-0838,application,family-8-semantic-enrichment/F25_context-node-dictionary.csv,Application node used for semantic graph and diagram answers.,0.68,Generated dictionary row from loaded source records; explicit business glossary can improve labels.,family-8-semantic-enrichment/F25_context-node-dictionary.csv,877,tenant_file
skyharbor-air,APP-00839,Customer-Microsoft-Service-0839,application,family-8-semantic-enrichment/F25_context-node-dictionary.csv,Application node used for semantic graph and diagram answers.,0.68,Generated dictionary row from loaded source records; explicit business glossary can improve labels.,family-8-semantic-enrichment/F25_context-node-dictionary.csv,878,tenant_file
skyharbor-air,APP-00840,Corporate-Accenture-Engine-0840,application,family-8-semantic-enrichment/F25_context-node-dictionary.csv,Application node used for semantic graph and diagram answers.,0.68,Generated dictionary row from loaded source records; explicit business glossary can improve labels.,family-8-semantic-enrichment/F25_context-node-dictionary.csv,879,tenant_file
skyharbor-air,APP-00841,Network-Sabre-Service-0841,application,family-8-semantic-enrichment/F25_context-node-dictionary.csv,Application node used for semantic graph and diagram answers.,0.68,Generated dictionary row from loaded source records; explicit business glossary can improve labels.,family-8-semantic-enrichment/F25_context-node-dictionary.csv,880,tenant_file
skyharbor-air,APP-00842,End-Adobe-Engine-0842,application,family-8-semantic-enrichment/F25_context-node-dictionary.csv,Application node used for semantic graph and diagram answers.,0.68,Generated dictionary row from loaded source records; explicit business glossary can improve labels.,family-8-semantic-enrichment/F25_context-node-dictionary.csv,881,tenant_file
skyharbor-air,APP-00843,Line-Microsoft-Service-0843,application,family-8-semantic-enrichment/F25_context-node-dictionary.csv,Application node used for semantic graph and diagram answers.,0.68,Generated dictionary row from loaded source records; explicit business glossary can improve labels.,family-8-semantic-enrichment/F25_context-node-dictionary.csv,882,tenant_file
skyharbor-air,APP-00844,Ground-ServiceNow-Hub-0844,application,family-8-semantic-enrichment/F25_context-node-dictionary.csv,Application node used for semantic graph and diagram answers.,0.68,Generated dictionary row from loaded source records; explicit business glossary can improve labels.,family-8-semantic-enrichment/F25_context-node-dictionary.csv,883,tenant_file
skyharbor-air,APP-00845,Self-Service-Microsoft-Platform-0845,application,family-8-semantic-enrichment/F25_context-node-dictionary.csv,Application node used for semantic graph and diagram answers.,0.68,Generated dictionary row from loaded source records; explicit business glossary can improve labels.,family-8-semantic-enrichment/F25_context-node-dictionary.csv,884,tenant_file
skyharbor-air,APP-00846,Reliability-Sabre AirVision-Suite-0846,application,family-8-semantic-enrichment/F25_context-node-dictionary.csv,Application node used for semantic graph and diagram answers.,0.68,Generated dictionary row from loaded source records; explicit business glossary can improve labels.,family-8-semantic-enrichment/F25_context-node-dictionary.csv,885,tenant_file
skyharbor-air,APP-00847,Mobile-Microsoft-Service-0847,application,family-8-semantic-enrichment/F25_context-node-dictionary.csv,Application node used for semantic graph and diagram answers.,0.68,Generated dictionary row from loaded source records; explicit business glossary can improve labels.,family-8-semantic-enrichment/F25_context-node-dictionary.csv,886,tenant_file
skyharbor-air,APP-00848,Disruption-Lufthansa Systems-Manager-0848,application,family-8-semantic-enrichment/F25_context-node-dictionary.csv,Application node used for semantic graph and diagram answers.,0.68,Generated dictionary row from loaded source records; explicit business glossary can improve labels.,family-8-semantic-enrichment/F25_context-node-dictionary.csv,887,tenant_file
skyharbor-air,APP-00849,Finance-Lufthansa Systems-Service-0849,application,family-8-semantic-enrichment/F25_context-node-dictionary.csv,Application node used for semantic graph and diagram answers.,0.68,Generated dictionary row from loaded source records; explicit business glossary can improve labels.,family-8-semantic-enrichment/F25_context-node-dictionary.csv,888,tenant_file
skyharbor-air,APP-00850,Customer-Accenture-Service-0850,application,family-8-semantic-enrichment/F25_context-node-dictionary.csv,Application node used for semantic graph and diagram answers.,0.68,Generated dictionary row from loaded source records; explicit business glossary can improve labels.,family-8-semantic-enrichment/F25_context-node-dictionary.csv,889,tenant_file
skyharbor-air,APP-00851,Customer-Accenture-Service-0851,application,family-8-semantic-enrichment/F25_context-node-dictionary.csv,Application node used for semantic graph and diagram answers.,0.68,Generated dictionary row from loaded source records; explicit business glossary can improve labels.,family-8-semantic-enrichment/F25_context-node-dictionary.csv,890,tenant_file
skyharbor-air,APP-00852,Cargo-Salesforce-Platform-0852,application,family-8-semantic-enrichment/F25_context-node-dictionary.csv,Application node used for semantic graph and diagram answers.,0.68,Generated dictionary row from loaded source records; explicit business glossary can improve labels.,family-8-semantic-enrichment/F25_context-node-dictionary.csv,891,tenant_file
skyharbor-air,APP-00853,Reliability-SITA-Service-0853,application,family-8-semantic-enrichment/F25_context-node-dictionary.csv,Application node used for semantic graph and diagram answers.,0.68,Generated dictionary row from loaded source records; explicit business glossary can improve labels.,family-8-semantic-enrichment/F25_context-node-dictionary.csv,892,tenant_file
skyharbor-air,APP-00854,Vulnerability-Microsoft-Suite-0854,application,family-8-semantic-enrichment/F25_context-node-dictionary.csv,Application node used for semantic graph and diagram answers.,0.68,Generated dictionary row from loaded source records; explicit business glossary can improve labels.,family-8-semantic-enrichment/F25_context-node-dictionary.csv,893,tenant_file
skyharbor-air,APP-00855,Crew-Lufthansa Systems-Platform-0855,application,family-8-semantic-enrichment/F25_context-node-dictionary.csv,Application node used for semantic graph and diagram answers.,0.68,Generated dictionary row from loaded source records; explicit business glossary can improve labels.,family-8-semantic-enrichment/F25_context-node-dictionary.csv,894,tenant_file
skyharbor-air,APP-00856,Container-Hexaware-Hub-0856,application,family-8-semantic-enrichment/F25_context-node-dictionary.csv,Application node used for semantic graph and diagram answers.,0.68,Generated dictionary row from loaded source records; explicit business glossary can improve labels.,family-8-semantic-enrichment/F25_context-node-dictionary.csv,895,tenant_file
skyharbor-air,APP-00857,Baggage-Teradata-Suite-0857,application,family-8-semantic-enrichment/F25_context-node-dictionary.csv,Application node used for semantic graph and diagram answers.,0.68,Generated dictionary row from loaded source records; explicit business glossary can improve labels.,family-8-semantic-enrichment/F25_context-node-dictionary.csv,896,tenant_file
skyharbor-air,APP-00858,Tax-Adobe-Platform-0858,application,family-8-semantic-enrichment/F25_context-node-dictionary.csv,Application node used for semantic graph and diagram answers.,0.68,Generated dictionary row from loaded source records; explicit business glossary can improve labels.,family-8-semantic-enrichment/F25_context-node-dictionary.csv,897,tenant_file
skyharbor-air,APP-00859,Ground-Hexaware-Hub-0859,application,family-8-semantic-enrichment/F25_context-node-dictionary.csv,Application node used for semantic graph and diagram answers.,0.68,Generated dictionary row from loaded source records; explicit business glossary can improve labels.,family-8-semantic-enrichment/F25_context-node-dictionary.csv,898,tenant_file
skyharbor-air,APP-00860,Cargo-Snowflake-Service-0860,application,family-8-semantic-enrichment/F25_context-node-dictionary.csv,Application node used for semantic graph and diagram answers.,0.68,Generated dictionary row from loaded source records; explicit business glossary can improve labels.,family-8-semantic-enrichment/F25_context-node-dictionary.csv,899,tenant_file
skyharbor-air,APP-00861,Parts-Accenture-Manager-0861,application,family-8-semantic-enrichment/F25_context-node-dictionary.csv,Application node used for semantic graph and diagram answers.,0.68,Generated dictionary row from loaded source records; explicit business glossary can improve labels.,family-8-semantic-enrichment/F25_context-node-dictionary.csv,900,tenant_file
skyharbor-air,APP-00862,Codeshare-SITA-Manager-0862,application,family-8-semantic-enrichment/F25_context-node-dictionary.csv,Application node used for semantic graph and diagram answers.,0.68,Generated dictionary row from loaded source records; explicit business glossary can improve labels.,family-8-semantic-enrichment/F25_context-node-dictionary.csv,901,tenant_file
skyharbor-air,APP-00863,Data-Lufthansa Systems-Service-0863,application,family-8-semantic-enrichment/F25_context-node-dictionary.csv,Application node used for semantic graph and diagram answers.,0.68,Generated dictionary row from loaded source records; explicit business glossary can improve labels.,family-8-semantic-enrichment/F25_context-node-dictionary.csv,902,tenant_file
skyharbor-air,APP-00864,Component-Snowflake-Service-0864,application,family-8-semantic-enrichment/F25_context-node-dictionary.csv,Application node used for semantic graph and diagram answers.,0.68,Generated dictionary row from loaded source records; explicit business glossary can improve labels.,family-8-semantic-enrichment/F25_context-node-dictionary.csv,903,tenant_file
skyharbor-air,APP-00865,GRC-Sabre-Engine-0865,application,family-8-semantic-enrichment/F25_context-node-dictionary.csv,Application node used for semantic graph and diagram answers.,0.68,Generated dictionary row from loaded source records; explicit business glossary can improve labels.,family-8-semantic-enrichment/F25_context-node-dictionary.csv,904,tenant_file
skyharbor-air,APP-00866,Weight-Infosys-Service-0866,application,family-8-semantic-enrichment/F25_context-node-dictionary.csv,Application node used for semantic graph and diagram answers.,0.68,Generated dictionary row from loaded source records; explicit business glossary can improve labels.,family-8-semantic-enrichment/F25_context-node-dictionary.csv,905,tenant_file
skyharbor-air,APP-00867,Payroll-Salesforce-Manager-0867,application,family-8-semantic-enrichment/F25_context-node-dictionary.csv,Application node used for semantic graph and diagram answers.,0.68,Generated dictionary row from loaded source records; explicit business glossary can improve labels.,family-8-semantic-enrichment/F25_context-node-dictionary.csv,906,tenant_file
skyharbor-air,APP-00868,Inventory-Custom-Platform-0868,application,family-8-semantic-enrichment/F25_context-node-dictionary.csv,Application node used for semantic graph and diagram answers.,0.68,Generated dictionary row from loaded source records; explicit business glossary can improve labels.,family-8-semantic-enrichment/F25_context-node-dictionary.csv,907,tenant_file
skyharbor-air,APP-00869,Crew-Salesforce-Engine-0869,application,family-8-semantic-enrichment/F25_context-node-dictionary.csv,Application node used for semantic graph and diagram answers.,0.68,Generated dictionary row from loaded source records; explicit business glossary can improve labels.,family-8-semantic-enrichment/F25_context-node-dictionary.csv,908,tenant_file
skyharbor-air,APP-00870,Data-Hexaware-Engine-0870,application,family-8-semantic-enrichment/F25_context-node-dictionary.csv,Application node used for semantic graph and diagram answers.,0.68,Generated dictionary row from loaded source records; explicit business glossary can improve labels.,family-8-semantic-enrichment/F25_context-node-dictionary.csv,909,tenant_file
skyharbor-air,APP-00871,Airworthiness-SITA-Platform-0871,application,family-8-semantic-enrichment/F25_context-node-dictionary.csv,Application node used for semantic graph and diagram answers.,0.68,Generated dictionary row from loaded source records; explicit business glossary can improve labels.,family-8-semantic-enrichment/F25_context-node-dictionary.csv,910,tenant_file
skyharbor-air,APP-00872,Payroll-Sabre-Suite-0872,application,family-8-semantic-enrichment/F25_context-node-dictionary.csv,Application node used for semantic graph and diagram answers.,0.68,Generated dictionary row from loaded source records; explicit business glossary can improve labels.,family-8-semantic-enrichment/F25_context-node-dictionary.csv,911,tenant_file
skyharbor-air,APP-00873,Tax-Teradata-Manager-0873,application,family-8-semantic-enrichment/F25_context-node-dictionary.csv,Application node used for semantic graph and diagram answers.,0.68,Generated dictionary row from loaded source records; explicit business glossary can improve labels.,family-8-semantic-enrichment/F25_context-node-dictionary.csv,912,tenant_file
skyharbor-air,APP-00874,Data-Adobe-Service-0874,application,family-8-semantic-enrichment/F25_context-node-dictionary.csv,Application node used for semantic graph and diagram answers.,0.68,Generated dictionary row from loaded source records; explicit business glossary can improve labels.,family-8-semantic-enrichment/F25_context-node-dictionary.csv,913,tenant_file
skyharbor-air,APP-00875,Procurement-SAP-Suite-0875,application,family-8-semantic-enrichment/F25_context-node-dictionary.csv,Application node used for semantic graph and diagram answers.,0.68,Generated dictionary row from loaded source records; explicit business glossary can improve labels.,family-8-semantic-enrichment/F25_context-node-dictionary.csv,914,tenant_file
skyharbor-air,APP-00876,Gate-Salesforce-Suite-0876,application,family-8-semantic-enrichment/F25_context-node-dictionary.csv,Application node used for semantic graph and diagram answers.,0.68,Generated dictionary row from loaded source records; explicit business glossary can improve labels.,family-8-semantic-enrichment/F25_context-node-dictionary.csv,915,tenant_file
skyharbor-air,APP-00877,Tax-Hexaware-Suite-0877,application,family-8-semantic-enrichment/F25_context-node-dictionary.csv,Application node used for semantic graph and diagram answers.,0.68,Generated dictionary row from loaded source records; explicit business glossary can improve labels.,family-8-semantic-enrichment/F25_context-node-dictionary.csv,916,tenant_file
skyharbor-air,APP-00878,Codeshare-Databricks-Platform-0878,application,family-8-semantic-enrichment/F25_context-node-dictionary.csv,Application node used for semantic graph and diagram answers.,0.68,Generated dictionary row from loaded source records; explicit business glossary can improve labels.,family-8-semantic-enrichment/F25_context-node-dictionary.csv,917,tenant_file
skyharbor-air,APP-00879,Mainframe-Lufthansa Systems-Suite-0879,application,family-8-semantic-enrichment/F25_context-node-dictionary.csv,Application node used for semantic graph and diagram answers.,0.68,Generated dictionary row from loaded source records; explicit business glossary can improve labels.,family-8-semantic-enrichment/F25_context-node-dictionary.csv,918,tenant_file
skyharbor-air,APP-00880,Slot-Lufthansa Systems-Platform-0880,application,family-8-semantic-enrichment/F25_context-node-dictionary.csv,Application node used for semantic graph and diagram answers.,0.68,Generated dictionary row from loaded source records; explicit business glossary can improve labels.,family-8-semantic-enrichment/F25_context-node-dictionary.csv,919,tenant_file
skyharbor-air,APP-00881,Data-SAP-Engine-0881,application,family-8-semantic-enrichment/F25_context-node-dictionary.csv,Application node used for semantic graph and diagram answers.,0.68,Generated dictionary row from loaded source records; explicit business glossary can improve labels.,family-8-semantic-enrichment/F25_context-node-dictionary.csv,920,tenant_file
skyharbor-air,APP-00882,Mobile-ServiceNow-Service-0882,application,family-8-semantic-enrichment/F25_context-node-dictionary.csv,Application node used for semantic graph and diagram answers.,0.68,Generated dictionary row from loaded source records; explicit business glossary can improve labels.,family-8-semantic-enrichment/F25_context-node-dictionary.csv,921,tenant_file
skyharbor-air,APP-00883,Airworthiness-Workday-Hub-0883,application,family-8-semantic-enrichment/F25_context-node-dictionary.csv,Application node used for semantic graph and diagram answers.,0.68,Generated dictionary row from loaded source records; explicit business glossary can improve labels.,family-8-semantic-enrichment/F25_context-node-dictionary.csv,922,tenant_file
skyharbor-air,APP-00884,Ancillary-Workday-Engine-0884,application,family-8-semantic-enrichment/F25_context-node-dictionary.csv,Application node used for semantic graph and diagram answers.,0.68,Generated dictionary row from loaded source records; explicit business glossary can improve labels.,family-8-semantic-enrichment/F25_context-node-dictionary.csv,923,tenant_file
skyharbor-air,APP-00885,Parts-Jeppesen-Platform-0885,application,family-8-semantic-enrichment/F25_context-node-dictionary.csv,Application node used for semantic graph and diagram answers.,0.68,Generated dictionary row from loaded source records; explicit business glossary can improve labels.,family-8-semantic-enrichment/F25_context-node-dictionary.csv,924,tenant_file
skyharbor-air,APP-00886,Ancillary-Adobe-Service-0886,application,family-8-semantic-enrichment/F25_context-node-dictionary.csv,Application node used for semantic graph and diagram answers.,0.68,Generated dictionary row from loaded source records; explicit business glossary can improve labels.,family-8-semantic-enrichment/F25_context-node-dictionary.csv,925,tenant_file
skyharbor-air,APP-00887,Inventory-Oracle-Engine-0887,application,family-8-semantic-enrichment/F25_context-node-dictionary.csv,Application node used for semantic graph and diagram answers.,0.68,Generated dictionary row from loaded source records; explicit business glossary can improve labels.,family-8-semantic-enrichment/F25_context-node-dictionary.csv,926,tenant_file
skyharbor-air,APP-00888,Identity-ServiceNow-Manager-0888,application,family-8-semantic-enrichment/F25_context-node-dictionary.csv,Application node used for semantic graph and diagram answers.,0.68,Generated dictionary row from loaded source records; explicit business glossary can improve labels.,family-8-semantic-enrichment/F25_context-node-dictionary.csv,927,tenant_file
skyharbor-air,APP-00889,Privileged-Amadeus-Hub-0889,application,family-8-semantic-enrichment/F25_context-node-dictionary.csv,Application node used for semantic graph and diagram answers.,0.68,Generated dictionary row from loaded source records; explicit business glossary can improve labels.,family-8-semantic-enrichment/F25_context-node-dictionary.csv,928,tenant_file
skyharbor-air,APP-00890,Data-Sabre-Engine-0890,application,family-8-semantic-enrichment/F25_context-node-dictionary.csv,Application node used for semantic graph and diagram answers.,0.68,Generated dictionary row from loaded source records; explicit business glossary can improve labels.,family-8-semantic-enrichment/F25_context-node-dictionary.csv,929,tenant_file
skyharbor-air,APP-00891,Component-IBM-Manager-0891,application,family-8-semantic-enrichment/F25_context-node-dictionary.csv,Application node used for semantic graph and diagram answers.,0.68,Generated dictionary row from loaded source records; explicit business glossary can improve labels.,family-8-semantic-enrichment/F25_context-node-dictionary.csv,930,tenant_file
skyharbor-air,APP-00892,Sales-Snowflake-Manager-0892,application,family-8-semantic-enrichment/F25_context-node-dictionary.csv,Application node used for semantic graph and diagram answers.,0.68,Generated dictionary row from loaded source records; explicit business glossary can improve labels.,family-8-semantic-enrichment/F25_context-node-dictionary.csv,931,tenant_file
skyharbor-air,APP-00893,Revenue-Amadeus-Suite-0893,application,family-8-semantic-enrichment/F25_context-node-dictionary.csv,Application node used for semantic graph and diagram answers.,0.68,Generated dictionary row from loaded source records; explicit business glossary can improve labels.,family-8-semantic-enrichment/F25_context-node-dictionary.csv,932,tenant_file
skyharbor-air,APP-00894,Weight-Oracle-Engine-0894,application,family-8-semantic-enrichment/F25_context-node-dictionary.csv,Application node used for semantic graph and diagram answers.,0.68,Generated dictionary row from loaded source records; explicit business glossary can improve labels.,family-8-semantic-enrichment/F25_context-node-dictionary.csv,933,tenant_file
skyharbor-air,APP-00895,Observability-Salesforce-Engine-0895,application,family-8-semantic-enrichment/F25_context-node-dictionary.csv,Application node used for semantic graph and diagram answers.,0.68,Generated dictionary row from loaded source records; explicit business glossary can improve labels.,family-8-semantic-enrichment/F25_context-node-dictionary.csv,934,tenant_file
skyharbor-air,APP-00896,Tax-Salesforce-Suite-0896,application,family-8-semantic-enrichment/F25_context-node-dictionary.csv,Application node used for semantic graph and diagram answers.,0.68,Generated dictionary row from loaded source records; explicit business glossary can improve labels.,family-8-semantic-enrichment/F25_context-node-dictionary.csv,935,tenant_file
skyharbor-air,APP-00897,Engine-Salesforce-Manager-0897,application,family-8-semantic-enrichment/F25_context-node-dictionary.csv,Application node used for semantic graph and diagram answers.,0.68,Generated dictionary row from loaded source records; explicit business glossary can improve labels.,family-8-semantic-enrichment/F25_context-node-dictionary.csv,936,tenant_file
skyharbor-air,APP-00898,Ancillary-Infosys-Hub-0898,application,family-8-semantic-enrichment/F25_context-node-dictionary.csv,Application node used for semantic graph and diagram answers.,0.68,Generated dictionary row from loaded source records; explicit business glossary can improve labels.,family-8-semantic-enrichment/F25_context-node-dictionary.csv,937,tenant_file
skyharbor-air,APP-00899,Metadata-Sabre AirVision-Platform-0899,application,family-8-semantic-enrichment/F25_context-node-dictionary.csv,Application node used for semantic graph and diagram answers.,0.68,Generated dictionary row from loaded source records; explicit business glossary can improve labels.,family-8-semantic-enrichment/F25_context-node-dictionary.csv,938,tenant_file
skyharbor-air,APP-00900,MRO-Sabre-Hub-0900,application,family-8-semantic-enrichment/F25_context-node-dictionary.csv,Application node used for semantic graph and diagram answers.,0.68,Generated dictionary row from loaded source records; explicit business glossary can improve labels.,family-8-semantic-enrichment/F25_context-node-dictionary.csv,939,tenant_file
skyharbor-air,CON-00001,SAP,vendor_contract,family-8-semantic-enrichment/F25_context-node-dictionary.csv,Vendor Contract node used for semantic graph and diagram answers.,0.68,Generated dictionary row from loaded source records; explicit business glossary can improve labels.,family-8-semantic-enrichment/F25_context-node-dictionary.csv,940,tenant_file
skyharbor-air,CON-00002,Infosys,vendor_contract,family-8-semantic-enrichment/F25_context-node-dictionary.csv,Vendor Contract node used for semantic graph and diagram answers.,0.68,Generated dictionary row from loaded source records; explicit business glossary can improve labels.,family-8-semantic-enrichment/F25_context-node-dictionary.csv,941,tenant_file
skyharbor-air,CON-00003,Informatica,vendor_contract,family-8-semantic-enrichment/F25_context-node-dictionary.csv,Vendor Contract node used for semantic graph and diagram answers.,0.68,Generated dictionary row from loaded source records; explicit business glossary can improve labels.,family-8-semantic-enrichment/F25_context-node-dictionary.csv,942,tenant_file
skyharbor-air,CON-00004,Informatica,vendor_contract,family-8-semantic-enrichment/F25_context-node-dictionary.csv,Vendor Contract node used for semantic graph and diagram answers.,0.68,Generated dictionary row from loaded source records; explicit business glossary can improve labels.,family-8-semantic-enrichment/F25_context-node-dictionary.csv,943,tenant_file
skyharbor-air,CON-00005,Amadeus,vendor_contract,family-8-semantic-enrichment/F25_context-node-dictionary.csv,Vendor Contract node used for semantic graph and diagram answers.,0.68,Generated dictionary row from loaded source records; explicit business glossary can improve labels.,family-8-semantic-enrichment/F25_context-node-dictionary.csv,944,tenant_file
skyharbor-air,CON-00006,IBM,vendor_contract,family-8-semantic-enrichment/F25_context-node-dictionary.csv,Vendor Contract node used for semantic graph and diagram answers.,0.68,Generated dictionary row from loaded source records; explicit business glossary can improve labels.,family-8-semantic-enrichment/F25_context-node-dictionary.csv,945,tenant_file
skyharbor-air,CON-00007,Oracle,vendor_contract,family-8-semantic-enrichment/F25_context-node-dictionary.csv,Vendor Contract node used for semantic graph and diagram answers.,0.68,Generated dictionary row from loaded source records; explicit business glossary can improve labels.,family-8-semantic-enrichment/F25_context-node-dictionary.csv,946,tenant_file
skyharbor-air,CON-00008,Red Hat,vendor_contract,family-8-semantic-enrichment/F25_context-node-dictionary.csv,Vendor Contract node used for semantic graph and diagram answers.,0.68,Generated dictionary row from loaded source records; explicit business glossary can improve labels.,family-8-semantic-enrichment/F25_context-node-dictionary.csv,947,tenant_file
skyharbor-air,CON-00009,Accenture,vendor_contract,family-8-semantic-enrichment/F25_context-node-dictionary.csv,Vendor Contract node used for semantic graph and diagram answers.,0.68,Generated dictionary row from loaded source records; explicit business glossary can improve labels.,family-8-semantic-enrichment/F25_context-node-dictionary.csv,948,tenant_file
skyharbor-air,CON-00010,Informatica,vendor_contract,family-8-semantic-enrichment/F25_context-node-dictionary.csv,Vendor Contract node used for semantic graph and diagram answers.,0.68,Generated dictionary row from loaded source records; explicit business glossary can improve labels.,family-8-semantic-enrichment/F25_context-node-dictionary.csv,949,tenant_file
skyharbor-air,CON-00011,IBM,vendor_contract,family-8-semantic-enrichment/F25_context-node-dictionary.csv,Vendor Contract node used for semantic graph and diagram answers.,0.68,Generated dictionary row from loaded source records; explicit business glossary can improve labels.,family-8-semantic-enrichment/F25_context-node-dictionary.csv,950,tenant_file
skyharbor-air,CON-00012,IBM,vendor_contract,family-8-semantic-enrichment/F25_context-node-dictionary.csv,Vendor Contract node used for semantic graph and diagram answers.,0.68,Generated dictionary row from loaded source records; explicit business glossary can improve labels.,family-8-semantic-enrichment/F25_context-node-dictionary.csv,951,tenant_file
skyharbor-air,CON-00013,NetApp,vendor_contract,family-8-semantic-enrichment/F25_context-node-dictionary.csv,Vendor Contract node used for semantic graph and diagram answers.,0.68,Generated dictionary row from loaded source records; explicit business glossary can improve labels.,family-8-semantic-enrichment/F25_context-node-dictionary.csv,952,tenant_file
skyharbor-air,CON-00014,SAP,vendor_contract,family-8-semantic-enrichment/F25_context-node-dictionary.csv,Vendor Contract node used for semantic graph and diagram answers.,0.68,Generated dictionary row from loaded source records; explicit business glossary can improve labels.,family-8-semantic-enrichment/F25_context-node-dictionary.csv,953,tenant_file
skyharbor-air,CON-00015,Salesforce,vendor_contract,family-8-semantic-enrichment/F25_context-node-dictionary.csv,Vendor Contract node used for semantic graph and diagram answers.,0.68,Generated dictionary row from loaded source records; explicit business glossary can improve labels.,family-8-semantic-enrichment/F25_context-node-dictionary.csv,954,tenant_file
skyharbor-air,CON-00016,Informatica,vendor_contract,family-8-semantic-enrichment/F25_context-node-dictionary.csv,Vendor Contract node used for semantic graph and diagram answers.,0.68,Generated dictionary row from loaded source records; explicit business glossary can improve labels.,family-8-semantic-enrichment/F25_context-node-dictionary.csv,955,tenant_file
skyharbor-air,CON-00017,MuleSoft,vendor_contract,family-8-semantic-enrichment/F25_context-node-dictionary.csv,Vendor Contract node used for semantic graph and diagram answers.,0.68,Generated dictionary row from loaded source records; explicit business glossary can improve labels.,family-8-semantic-enrichment/F25_context-node-dictionary.csv,956,tenant_file
skyharbor-air,CON-00018,TCS,vendor_contract,family-8-semantic-enrichment/F25_context-node-dictionary.csv,Vendor Contract node used for semantic graph and diagram answers.,0.68,Generated dictionary row from loaded source records; explicit business glossary can improve labels.,family-8-semantic-enrichment/F25_context-node-dictionary.csv,957,tenant_file
skyharbor-air,CON-00019,Dell EMC,vendor_contract,family-8-semantic-enrichment/F25_context-node-dictionary.csv,Vendor Contract node used for semantic graph and diagram answers.,0.68,Generated dictionary row from loaded source records; explicit business glossary can improve labels.,family-8-semantic-enrichment/F25_context-node-dictionary.csv,958,tenant_file
skyharbor-air,CON-00020,Fortinet,vendor_contract,family-8-semantic-enrichment/F25_context-node-dictionary.csv,Vendor Contract node used for semantic graph and diagram answers.,0.68,Generated dictionary row from loaded source records; explicit business glossary can improve labels.,family-8-semantic-enrichment/F25_context-node-dictionary.csv,959,tenant_file
skyharbor-air,CON-00021,Databricks,vendor_contract,family-8-semantic-enrichment/F25_context-node-dictionary.csv,Vendor Contract node used for semantic graph and diagram answers.,0.68,Generated dictionary row from loaded source records; explicit business glossary can improve labels.,family-8-semantic-enrichment/F25_context-node-dictionary.csv,960,tenant_file
skyharbor-air,CON-00022,NetApp,vendor_contract,family-8-semantic-enrichment/F25_context-node-dictionary.csv,Vendor Contract node used for semantic graph and diagram answers.,0.68,Generated dictionary row from loaded source records; explicit business glossary can improve labels.,family-8-semantic-enrichment/F25_context-node-dictionary.csv,961,tenant_file
skyharbor-air,CON-00023,SAP,vendor_contract,family-8-semantic-enrichment/F25_context-node-dictionary.csv,Vendor Contract node used for semantic graph and diagram answers.,0.68,Generated dictionary row from loaded source records; explicit business glossary can improve labels.,family-8-semantic-enrichment/F25_context-node-dictionary.csv,962,tenant_file
skyharbor-air,CON-00024,Accenture,vendor_contract,family-8-semantic-enrichment/F25_context-node-dictionary.csv,Vendor Contract node used for semantic graph and diagram answers.,0.68,Generated dictionary row from loaded source records; explicit business glossary can improve labels.,family-8-semantic-enrichment/F25_context-node-dictionary.csv,963,tenant_file
skyharbor-air,CON-00025,Databricks,vendor_contract,family-8-semantic-enrichment/F25_context-node-dictionary.csv,Vendor Contract node used for semantic graph and diagram answers.,0.68,Generated dictionary row from loaded source records; explicit business glossary can improve labels.,family-8-semantic-enrichment/F25_context-node-dictionary.csv,964,tenant_file
skyharbor-air,CON-00026,Cisco,vendor_contract,family-8-semantic-enrichment/F25_context-node-dictionary.csv,Vendor Contract node used for semantic graph and diagram answers.,0.68,Generated dictionary row from loaded source records; explicit business glossary can improve labels.,family-8-semantic-enrichment/F25_context-node-dictionary.csv,965,tenant_file
skyharbor-air,CON-00027,ServiceNow,vendor_contract,family-8-semantic-enrichment/F25_context-node-dictionary.csv,Vendor Contract node used for semantic graph and diagram answers.,0.68,Generated dictionary row from loaded source records; explicit business glossary can improve labels.,family-8-semantic-enrichment/F25_context-node-dictionary.csv,966,tenant_file
skyharbor-air,CON-00028,Fortinet,vendor_contract,family-8-semantic-enrichment/F25_context-node-dictionary.csv,Vendor Contract node used for semantic graph and diagram answers.,0.68,Generated dictionary row from loaded source records; explicit business glossary can improve labels.,family-8-semantic-enrichment/F25_context-node-dictionary.csv,967,tenant_file
skyharbor-air,CON-00029,Oracle,vendor_contract,family-8-semantic-enrichment/F25_context-node-dictionary.csv,Vendor Contract node used for semantic graph and diagram answers.,0.68,Generated dictionary row from loaded source records; explicit business glossary can improve labels.,family-8-semantic-enrichment/F25_context-node-dictionary.csv,968,tenant_file
skyharbor-air,CON-00030,Infosys,vendor_contract,family-8-semantic-enrichment/F25_context-node-dictionary.csv,Vendor Contract node used for semantic graph and diagram answers.,0.68,Generated dictionary row from loaded source records; explicit business glossary can improve labels.,family-8-semantic-enrichment/F25_context-node-dictionary.csv,969,tenant_file
skyharbor-air,CON-00031,NetApp,vendor_contract,family-8-semantic-enrichment/F25_context-node-dictionary.csv,Vendor Contract node used for semantic graph and diagram answers.,0.68,Generated dictionary row from loaded source records; explicit business glossary can improve labels.,family-8-semantic-enrichment/F25_context-node-dictionary.csv,970,tenant_file
skyharbor-air,CON-00032,Snowflake,vendor_contract,family-8-semantic-enrichment/F25_context-node-dictionary.csv,Vendor Contract node used for semantic graph and diagram answers.,0.68,Generated dictionary row from loaded source records; explicit business glossary can improve labels.,family-8-semantic-enrichment/F25_context-node-dictionary.csv,971,tenant_file
skyharbor-air,CON-00033,Snowflake,vendor_contract,family-8-semantic-enrichment/F25_context-node-dictionary.csv,Vendor Contract node used for semantic graph and diagram answers.,0.68,Generated dictionary row from loaded source records; explicit business glossary can improve labels.,family-8-semantic-enrichment/F25_context-node-dictionary.csv,972,tenant_file
skyharbor-air,CON-00034,Palo Alto,vendor_contract,family-8-semantic-enrichment/F25_context-node-dictionary.csv,Vendor Contract node used for semantic graph and diagram answers.,0.68,Generated dictionary row from loaded source records; explicit business glossary can improve labels.,family-8-semantic-enrichment/F25_context-node-dictionary.csv,973,tenant_file
skyharbor-air,CON-00035,ServiceNow,vendor_contract,family-8-semantic-enrichment/F25_context-node-dictionary.csv,Vendor Contract node used for semantic graph and diagram answers.,0.68,Generated dictionary row from loaded source records; explicit business glossary can improve labels.,family-8-semantic-enrichment/F25_context-node-dictionary.csv,974,tenant_file
skyharbor-air,CON-00036,Dell EMC,vendor_contract,family-8-semantic-enrichment/F25_context-node-dictionary.csv,Vendor Contract node used for semantic graph and diagram answers.,0.68,Generated dictionary row from loaded source records; explicit business glossary can improve labels.,family-8-semantic-enrichment/F25_context-node-dictionary.csv,975,tenant_file
skyharbor-air,CON-00037,Accenture,vendor_contract,family-8-semantic-enrichment/F25_context-node-dictionary.csv,Vendor Contract node used for semantic graph and diagram answers.,0.68,Generated dictionary row from loaded source records; explicit business glossary can improve labels.,family-8-semantic-enrichment/F25_context-node-dictionary.csv,976,tenant_file
skyharbor-air,CON-00038,SAP,vendor_contract,family-8-semantic-enrichment/F25_context-node-dictionary.csv,Vendor Contract node used for semantic graph and diagram answers.,0.68,Generated dictionary row from loaded source records; explicit business glossary can improve labels.,family-8-semantic-enrichment/F25_context-node-dictionary.csv,977,tenant_file
skyharbor-air,CON-00039,Microsoft,vendor_contract,family-8-semantic-enrichment/F25_context-node-dictionary.csv,Vendor Contract node used for semantic graph and diagram answers.,0.68,Generated dictionary row from loaded source records; explicit business glossary can improve labels.,family-8-semantic-enrichment/F25_context-node-dictionary.csv,978,tenant_file
skyharbor-air,CON-00040,SAP,vendor_contract,family-8-semantic-enrichment/F25_context-node-dictionary.csv,Vendor Contract node used for semantic graph and diagram answers.,0.68,Generated dictionary row from loaded source records; explicit business glossary can improve labels.,family-8-semantic-enrichment/F25_context-node-dictionary.csv,979,tenant_file
skyharbor-air,CON-00041,ServiceNow,vendor_contract,family-8-semantic-enrichment/F25_context-node-dictionary.csv,Vendor Contract node used for semantic graph and diagram answers.,0.68,Generated dictionary row from loaded source records; explicit business glossary can improve labels.,family-8-semantic-enrichment/F25_context-node-dictionary.csv,980,tenant_file
skyharbor-air,CON-00042,Databricks,vendor_contract,family-8-semantic-enrichment/F25_context-node-dictionary.csv,Vendor Contract node used for semantic graph and diagram answers.,0.68,Generated dictionary row from loaded source records; explicit business glossary can improve labels.,family-8-semantic-enrichment/F25_context-node-dictionary.csv,981,tenant_file
skyharbor-air,CON-00043,ServiceNow,vendor_contract,family-8-semantic-enrichment/F25_context-node-dictionary.csv,Vendor Contract node used for semantic graph and diagram answers.,0.68,Generated dictionary row from loaded source records; explicit business glossary can improve labels.,family-8-semantic-enrichment/F25_context-node-dictionary.csv,982,tenant_file
skyharbor-air,CON-00044,Fortinet,vendor_contract,family-8-semantic-enrichment/F25_context-node-dictionary.csv,Vendor Contract node used for semantic graph and diagram answers.,0.68,Generated dictionary row from loaded source records; explicit business glossary can improve labels.,family-8-semantic-enrichment/F25_context-node-dictionary.csv,983,tenant_file
skyharbor-air,CON-00045,NetApp,vendor_contract,family-8-semantic-enrichment/F25_context-node-dictionary.csv,Vendor Contract node used for semantic graph and diagram answers.,0.68,Generated dictionary row from loaded source records; explicit business glossary can improve labels.,family-8-semantic-enrichment/F25_context-node-dictionary.csv,984,tenant_file
skyharbor-air,CON-00046,Amadeus,vendor_contract,family-8-semantic-enrichment/F25_context-node-dictionary.csv,Vendor Contract node used for semantic graph and diagram answers.,0.68,Generated dictionary row from loaded source records; explicit business glossary can improve labels.,family-8-semantic-enrichment/F25_context-node-dictionary.csv,985,tenant_file
skyharbor-air,CON-00047,Sabre,vendor_contract,family-8-semantic-enrichment/F25_context-node-dictionary.csv,Vendor Contract node used for semantic graph and diagram answers.,0.68,Generated dictionary row from loaded source records; explicit business glossary can improve labels.,family-8-semantic-enrichment/F25_context-node-dictionary.csv,986,tenant_file
skyharbor-air,CON-00048,ServiceNow,vendor_contract,family-8-semantic-enrichment/F25_context-node-dictionary.csv,Vendor Contract node used for semantic graph and diagram answers.,0.68,Generated dictionary row from loaded source records; explicit business glossary can improve labels.,family-8-semantic-enrichment/F25_context-node-dictionary.csv,987,tenant_file
skyharbor-air,CON-00049,TCS,vendor_contract,family-8-semantic-enrichment/F25_context-node-dictionary.csv,Vendor Contract node used for semantic graph and diagram answers.,0.68,Generated dictionary row from loaded source records; explicit business glossary can improve labels.,family-8-semantic-enrichment/F25_context-node-dictionary.csv,988,tenant_file
skyharbor-air,CON-00050,Workday,vendor_contract,family-8-semantic-enrichment/F25_context-node-dictionary.csv,Vendor Contract node used for semantic graph and diagram answers.,0.68,Generated dictionary row from loaded source records; explicit business glossary can improve labels.,family-8-semantic-enrichment/F25_context-node-dictionary.csv,989,tenant_file
skyharbor-air,CON-00051,Fortinet,vendor_contract,family-8-semantic-enrichment/F25_context-node-dictionary.csv,Vendor Contract node used for semantic graph and diagram answers.,0.68,Generated dictionary row from loaded source records; explicit business glossary can improve labels.,family-8-semantic-enrichment/F25_context-node-dictionary.csv,990,tenant_file
skyharbor-air,CON-00052,NetApp,vendor_contract,family-8-semantic-enrichment/F25_context-node-dictionary.csv,Vendor Contract node used for semantic graph and diagram answers.,0.68,Generated dictionary row from loaded source records; explicit business glossary can improve labels.,family-8-semantic-enrichment/F25_context-node-dictionary.csv,991,tenant_file
skyharbor-air,CON-00053,MuleSoft,vendor_contract,family-8-semantic-enrichment/F25_context-node-dictionary.csv,Vendor Contract node used for semantic graph and diagram answers.,0.68,Generated dictionary row from loaded source records; explicit business glossary can improve labels.,family-8-semantic-enrichment/F25_context-node-dictionary.csv,992,tenant_file
skyharbor-air,CON-00054,Infosys,vendor_contract,family-8-semantic-enrichment/F25_context-node-dictionary.csv,Vendor Contract node used for semantic graph and diagram answers.,0.68,Generated dictionary row from loaded source records; explicit business glossary can improve labels.,family-8-semantic-enrichment/F25_context-node-dictionary.csv,993,tenant_file
skyharbor-air,CON-00055,Workday,vendor_contract,family-8-semantic-enrichment/F25_context-node-dictionary.csv,Vendor Contract node used for semantic graph and diagram answers.,0.68,Generated dictionary row from loaded source records; explicit business glossary can improve labels.,family-8-semantic-enrichment/F25_context-node-dictionary.csv,994,tenant_file
skyharbor-air,CON-00056,Oracle,vendor_contract,family-8-semantic-enrichment/F25_context-node-dictionary.csv,Vendor Contract node used for semantic graph and diagram answers.,0.68,Generated dictionary row from loaded source records; explicit business glossary can improve labels.,family-8-semantic-enrichment/F25_context-node-dictionary.csv,995,tenant_file
skyharbor-air,CON-00057,Amadeus,vendor_contract,family-8-semantic-enrichment/F25_context-node-dictionary.csv,Vendor Contract node used for semantic graph and diagram answers.,0.68,Generated dictionary row from loaded source records; explicit business glossary can improve labels.,family-8-semantic-enrichment/F25_context-node-dictionary.csv,996,tenant_file
skyharbor-air,CON-00058,Sabre,vendor_contract,family-8-semantic-enrichment/F25_context-node-dictionary.csv,Vendor Contract node used for semantic graph and diagram answers.,0.68,Generated dictionary row from loaded source records; explicit business glossary can improve labels.,family-8-semantic-enrichment/F25_context-node-dictionary.csv,997,tenant_file
skyharbor-air,CON-00059,NetApp,vendor_contract,family-8-semantic-enrichment/F25_context-node-dictionary.csv,Vendor Contract node used for semantic graph and diagram answers.,0.68,Generated dictionary row from loaded source records; explicit business glossary can improve labels.,family-8-semantic-enrichment/F25_context-node-dictionary.csv,998,tenant_file
skyharbor-air,CON-00060,Cisco,vendor_contract,family-8-semantic-enrichment/F25_context-node-dictionary.csv,Vendor Contract node used for semantic graph and diagram answers.,0.68,Generated dictionary row from loaded source records; explicit business glossary can improve labels.,family-8-semantic-enrichment/F25_context-node-dictionary.csv,999,tenant_file
skyharbor-air,CON-00061,ServiceNow,vendor_contract,family-8-semantic-enrichment/F25_context-node-dictionary.csv,Vendor Contract node used for semantic graph and diagram answers.,0.68,Generated dictionary row from loaded source records; explicit business glossary can improve labels.,family-8-semantic-enrichment/F25_context-node-dictionary.csv,1000,tenant_file
skyharbor-air,CON-00062,IBM,vendor_contract,family-8-semantic-enrichment/F25_context-node-dictionary.csv,Vendor Contract node used for semantic graph and diagram answers.,0.68,Generated dictionary row from loaded source records; explicit business glossary can improve labels.,family-8-semantic-enrichment/F25_context-node-dictionary.csv,1001,tenant_file
skyharbor-air,CON-00063,NetApp,vendor_contract,family-8-semantic-enrichment/F25_context-node-dictionary.csv,Vendor Contract node used for semantic graph and diagram answers.,0.68,Generated dictionary row from loaded source records; explicit business glossary can improve labels.,family-8-semantic-enrichment/F25_context-node-dictionary.csv,1002,tenant_file
skyharbor-air,CON-00064,Palo Alto,vendor_contract,family-8-semantic-enrichment/F25_context-node-dictionary.csv,Vendor Contract node used for semantic graph and diagram answers.,0.68,Generated dictionary row from loaded source records; explicit business glossary can improve labels.,family-8-semantic-enrichment/F25_context-node-dictionary.csv,1003,tenant_file
skyharbor-air,CON-00065,Palo Alto,vendor_contract,family-8-semantic-enrichment/F25_context-node-dictionary.csv,Vendor Contract node used for semantic graph and diagram answers.,0.68,Generated dictionary row from loaded source records; explicit business glossary can improve labels.,family-8-semantic-enrichment/F25_context-node-dictionary.csv,1004,tenant_file
skyharbor-air,CON-00066,Fortinet,vendor_contract,family-8-semantic-enrichment/F25_context-node-dictionary.csv,Vendor Contract node used for semantic graph and diagram answers.,0.68,Generated dictionary row from loaded source records; explicit business glossary can improve labels.,family-8-semantic-enrichment/F25_context-node-dictionary.csv,1005,tenant_file
skyharbor-air,CON-00067,TCS,vendor_contract,family-8-semantic-enrichment/F25_context-node-dictionary.csv,Vendor Contract node used for semantic graph and diagram answers.,0.68,Generated dictionary row from loaded source records; explicit business glossary can improve labels.,family-8-semantic-enrichment/F25_context-node-dictionary.csv,1006,tenant_file
skyharbor-air,CON-00068,SAP,vendor_contract,family-8-semantic-enrichment/F25_context-node-dictionary.csv,Vendor Contract node used for semantic graph and diagram answers.,0.68,Generated dictionary row from loaded source records; explicit business glossary can improve labels.,family-8-semantic-enrichment/F25_context-node-dictionary.csv,1007,tenant_file
skyharbor-air,CON-00069,Microsoft,vendor_contract,family-8-semantic-enrichment/F25_context-node-dictionary.csv,Vendor Contract node used for semantic graph and diagram answers.,0.68,Generated dictionary row from loaded source records; explicit business glossary can improve labels.,family-8-semantic-enrichment/F25_context-node-dictionary.csv,1008,tenant_file
skyharbor-air,CON-00070,Snowflake,vendor_contract,family-8-semantic-enrichment/F25_context-node-dictionary.csv,Vendor Contract node used for semantic graph and diagram answers.,0.68,Generated dictionary row from loaded source records; explicit business glossary can improve labels.,family-8-semantic-enrichment/F25_context-node-dictionary.csv,1009,tenant_file
skyharbor-air,CON-00071,Accenture,vendor_contract,family-8-semantic-enrichment/F25_context-node-dictionary.csv,Vendor Contract node used for semantic graph and diagram answers.,0.68,Generated dictionary row from loaded source records; explicit business glossary can improve labels.,family-8-semantic-enrichment/F25_context-node-dictionary.csv,1010,tenant_file
skyharbor-air,CON-00072,TCS,vendor_contract,family-8-semantic-enrichment/F25_context-node-dictionary.csv,Vendor Contract node used for semantic graph and diagram answers.,0.68,Generated dictionary row from loaded source records; explicit business glossary can improve labels.,family-8-semantic-enrichment/F25_context-node-dictionary.csv,1011,tenant_file
skyharbor-air,CON-00073,Workday,vendor_contract,family-8-semantic-enrichment/F25_context-node-dictionary.csv,Vendor Contract node used for semantic graph and diagram answers.,0.68,Generated dictionary row from loaded source records; explicit business glossary can improve labels.,family-8-semantic-enrichment/F25_context-node-dictionary.csv,1012,tenant_file
skyharbor-air,CON-00074,AWS,vendor_contract,family-8-semantic-enrichment/F25_context-node-dictionary.csv,Vendor Contract node used for semantic graph and diagram answers.,0.68,Generated dictionary row from loaded source records; explicit business glossary can improve labels.,family-8-semantic-enrichment/F25_context-node-dictionary.csv,1013,tenant_file
skyharbor-air,CON-00075,TCS,vendor_contract,family-8-semantic-enrichment/F25_context-node-dictionary.csv,Vendor Contract node used for semantic graph and diagram answers.,0.68,Generated dictionary row from loaded source records; explicit business glossary can improve labels.,family-8-semantic-enrichment/F25_context-node-dictionary.csv,1014,tenant_file
skyharbor-air,CON-00076,Snowflake,vendor_contract,family-8-semantic-enrichment/F25_context-node-dictionary.csv,Vendor Contract node used for semantic graph and diagram answers.,0.68,Generated dictionary row from loaded source records; explicit business glossary can improve labels.,family-8-semantic-enrichment/F25_context-node-dictionary.csv,1015,tenant_file
skyharbor-air,CON-00077,IBM,vendor_contract,family-8-semantic-enrichment/F25_context-node-dictionary.csv,Vendor Contract node used for semantic graph and diagram answers.,0.68,Generated dictionary row from loaded source records; explicit business glossary can improve labels.,family-8-semantic-enrichment/F25_context-node-dictionary.csv,1016,tenant_file
skyharbor-air,CON-00078,IBM,vendor_contract,family-8-semantic-enrichment/F25_context-node-dictionary.csv,Vendor Contract node used for semantic graph and diagram answers.,0.68,Generated dictionary row from loaded source records; explicit business glossary can improve labels.,family-8-semantic-enrichment/F25_context-node-dictionary.csv,1017,tenant_file
skyharbor-air,CON-00079,AWS,vendor_contract,family-8-semantic-enrichment/F25_context-node-dictionary.csv,Vendor Contract node used for semantic graph and diagram answers.,0.68,Generated dictionary row from loaded source records; explicit business glossary can improve labels.,family-8-semantic-enrichment/F25_context-node-dictionary.csv,1018,tenant_file
skyharbor-air,CON-00080,MuleSoft,vendor_contract,family-8-semantic-enrichment/F25_context-node-dictionary.csv,Vendor Contract node used for semantic graph and diagram answers.,0.68,Generated dictionary row from loaded source records; explicit business glossary can improve labels.,family-8-semantic-enrichment/F25_context-node-dictionary.csv,1019,tenant_file
skyharbor-air,CON-00081,MuleSoft,vendor_contract,family-8-semantic-enrichment/F25_context-node-dictionary.csv,Vendor Contract node used for semantic graph and diagram answers.,0.68,Generated dictionary row from loaded source records; explicit business glossary can improve labels.,family-8-semantic-enrichment/F25_context-node-dictionary.csv,1020,tenant_file
skyharbor-air,CON-00082,TCS,vendor_contract,family-8-semantic-enrichment/F25_context-node-dictionary.csv,Vendor Contract node used for semantic graph and diagram answers.,0.68,Generated dictionary row from loaded source records; explicit business glossary can improve labels.,family-8-semantic-enrichment/F25_context-node-dictionary.csv,1021,tenant_file
skyharbor-air,CON-00083,Oracle,vendor_contract,family-8-semantic-enrichment/F25_context-node-dictionary.csv,Vendor Contract node used for semantic graph and diagram answers.,0.68,Generated dictionary row from loaded source records; explicit business glossary can improve labels.,family-8-semantic-enrichment/F25_context-node-dictionary.csv,1022,tenant_file
skyharbor-air,CON-00084,Salesforce,vendor_contract,family-8-semantic-enrichment/F25_context-node-dictionary.csv,Vendor Contract node used for semantic graph and diagram answers.,0.68,Generated dictionary row from loaded source records; explicit business glossary can improve labels.,family-8-semantic-enrichment/F25_context-node-dictionary.csv,1023,tenant_file
skyharbor-air,CON-00085,NetApp,vendor_contract,family-8-semantic-enrichment/F25_context-node-dictionary.csv,Vendor Contract node used for semantic graph and diagram answers.,0.68,Generated dictionary row from loaded source records; explicit business glossary can improve labels.,family-8-semantic-enrichment/F25_context-node-dictionary.csv,1024,tenant_file
skyharbor-air,CON-00086,Informatica,vendor_contract,family-8-semantic-enrichment/F25_context-node-dictionary.csv,Vendor Contract node used for semantic graph and diagram answers.,0.68,Generated dictionary row from loaded source records; explicit business glossary can improve labels.,family-8-semantic-enrichment/F25_context-node-dictionary.csv,1025,tenant_file
skyharbor-air,CON-00087,Salesforce,vendor_contract,family-8-semantic-enrichment/F25_context-node-dictionary.csv,Vendor Contract node used for semantic graph and diagram answers.,0.68,Generated dictionary row from loaded source records; explicit business glossary can improve labels.,family-8-semantic-enrichment/F25_context-node-dictionary.csv,1026,tenant_file
skyharbor-air,CON-00088,TCS,vendor_contract,family-8-semantic-enrichment/F25_context-node-dictionary.csv,Vendor Contract node used for semantic graph and diagram answers.,0.68,Generated dictionary row from loaded source records; explicit business glossary can improve labels.,family-8-semantic-enrichment/F25_context-node-dictionary.csv,1027,tenant_file
skyharbor-air,CON-00089,MuleSoft,vendor_contract,family-8-semantic-enrichment/F25_context-node-dictionary.csv,Vendor Contract node used for semantic graph and diagram answers.,0.68,Generated dictionary row from loaded source records; explicit business glossary can improve labels.,family-8-semantic-enrichment/F25_context-node-dictionary.csv,1028,tenant_file
skyharbor-air,CON-00090,Accenture,vendor_contract,family-8-semantic-enrichment/F25_context-node-dictionary.csv,Vendor Contract node used for semantic graph and diagram answers.,0.68,Generated dictionary row from loaded source records; explicit business glossary can improve labels.,family-8-semantic-enrichment/F25_context-node-dictionary.csv,1029,tenant_file
skyharbor-air,CON-00091,Cisco,vendor_contract,family-8-semantic-enrichment/F25_context-node-dictionary.csv,Vendor Contract node used for semantic graph and diagram answers.,0.68,Generated dictionary row from loaded source records; explicit business glossary can improve labels.,family-8-semantic-enrichment/F25_context-node-dictionary.csv,1030,tenant_file
skyharbor-air,CON-00092,TCS,vendor_contract,family-8-semantic-enrichment/F25_context-node-dictionary.csv,Vendor Contract node used for semantic graph and diagram answers.,0.68,Generated dictionary row from loaded source records; explicit business glossary can improve labels.,family-8-semantic-enrichment/F25_context-node-dictionary.csv,1031,tenant_file
skyharbor-air,CON-00093,Informatica,vendor_contract,family-8-semantic-enrichment/F25_context-node-dictionary.csv,Vendor Contract node used for semantic graph and diagram answers.,0.68,Generated dictionary row from loaded source records; explicit business glossary can improve labels.,family-8-semantic-enrichment/F25_context-node-dictionary.csv,1032,tenant_file
skyharbor-air,CON-00094,Infosys,vendor_contract,family-8-semantic-enrichment/F25_context-node-dictionary.csv,Vendor Contract node used for semantic graph and diagram answers.,0.68,Generated dictionary row from loaded source records; explicit business glossary can improve labels.,family-8-semantic-enrichment/F25_context-node-dictionary.csv,1033,tenant_file
skyharbor-air,CON-00095,Snowflake,vendor_contract,family-8-semantic-enrichment/F25_context-node-dictionary.csv,Vendor Contract node used for semantic graph and diagram answers.,0.68,Generated dictionary row from loaded source records; explicit business glossary can improve labels.,family-8-semantic-enrichment/F25_context-node-dictionary.csv,1034,tenant_file
skyharbor-air,CON-00096,TCS,vendor_contract,family-8-semantic-enrichment/F25_context-node-dictionary.csv,Vendor Contract node used for semantic graph and diagram answers.,0.68,Generated dictionary row from loaded source records; explicit business glossary can improve labels.,family-8-semantic-enrichment/F25_context-node-dictionary.csv,1035,tenant_file
skyharbor-air,CON-00097,VMware,vendor_contract,family-8-semantic-enrichment/F25_context-node-dictionary.csv,Vendor Contract node used for semantic graph and diagram answers.,0.68,Generated dictionary row from loaded source records; explicit business glossary can improve labels.,family-8-semantic-enrichment/F25_context-node-dictionary.csv,1036,tenant_file
skyharbor-air,CON-00098,Fortinet,vendor_contract,family-8-semantic-enrichment/F25_context-node-dictionary.csv,Vendor Contract node used for semantic graph and diagram answers.,0.68,Generated dictionary row from loaded source records; explicit business glossary can improve labels.,family-8-semantic-enrichment/F25_context-node-dictionary.csv,1037,tenant_file
skyharbor-air,CON-00099,IBM,vendor_contract,family-8-semantic-enrichment/F25_context-node-dictionary.csv,Vendor Contract node used for semantic graph and diagram answers.,0.68,Generated dictionary row from loaded source records; explicit business glossary can improve labels.,family-8-semantic-enrichment/F25_context-node-dictionary.csv,1038,tenant_file
skyharbor-air,CON-00100,TCS,vendor_contract,family-8-semantic-enrichment/F25_context-node-dictionary.csv,Vendor Contract node used for semantic graph and diagram answers.,0.68,Generated dictionary row from loaded source records; explicit business glossary can improve labels.,family-8-semantic-enrichment/F25_context-node-dictionary.csv,1039,tenant_file
skyharbor-air,CON-00101,NetApp,vendor_contract,family-8-semantic-enrichment/F25_context-node-dictionary.csv,Vendor Contract node used for semantic graph and diagram answers.,0.68,Generated dictionary row from loaded source records; explicit business glossary can improve labels.,family-8-semantic-enrichment/F25_context-node-dictionary.csv,1040,tenant_file
skyharbor-air,CON-00102,Cisco,vendor_contract,family-8-semantic-enrichment/F25_context-node-dictionary.csv,Vendor Contract node used for semantic graph and diagram answers.,0.68,Generated dictionary row from loaded source records; explicit business glossary can improve labels.,family-8-semantic-enrichment/F25_context-node-dictionary.csv,1041,tenant_file
skyharbor-air,CON-00103,TCS,vendor_contract,family-8-semantic-enrichment/F25_context-node-dictionary.csv,Vendor Contract node used for semantic graph and diagram answers.,0.68,Generated dictionary row from loaded source records; explicit business glossary can improve labels.,family-8-semantic-enrichment/F25_context-node-dictionary.csv,1042,tenant_file
skyharbor-air,CON-00104,Informatica,vendor_contract,family-8-semantic-enrichment/F25_context-node-dictionary.csv,Vendor Contract node used for semantic graph and diagram answers.,0.68,Generated dictionary row from loaded source records; explicit business glossary can improve labels.,family-8-semantic-enrichment/F25_context-node-dictionary.csv,1043,tenant_file
skyharbor-air,CON-00105,SAP,vendor_contract,family-8-semantic-enrichment/F25_context-node-dictionary.csv,Vendor Contract node used for semantic graph and diagram answers.,0.68,Generated dictionary row from loaded source records; explicit business glossary can improve labels.,family-8-semantic-enrichment/F25_context-node-dictionary.csv,1044,tenant_file
skyharbor-air,CON-00106,Infosys,vendor_contract,family-8-semantic-enrichment/F25_context-node-dictionary.csv,Vendor Contract node used for semantic graph and diagram answers.,0.68,Generated dictionary row from loaded source records; explicit business glossary can improve labels.,family-8-semantic-enrichment/F25_context-node-dictionary.csv,1045,tenant_file
skyharbor-air,CON-00107,Sabre,vendor_contract,family-8-semantic-enrichment/F25_context-node-dictionary.csv,Vendor Contract node used for semantic graph and diagram answers.,0.68,Generated dictionary row from loaded source records; explicit business glossary can improve labels.,family-8-semantic-enrichment/F25_context-node-dictionary.csv,1046,tenant_file
skyharbor-air,CON-00108,Snowflake,vendor_contract,family-8-semantic-enrichment/F25_context-node-dictionary.csv,Vendor Contract node used for semantic graph and diagram answers.,0.68,Generated dictionary row from loaded source records; explicit business glossary can improve labels.,family-8-semantic-enrichment/F25_context-node-dictionary.csv,1047,tenant_file
skyharbor-air,CON-00109,Red Hat,vendor_contract,family-8-semantic-enrichment/F25_context-node-dictionary.csv,Vendor Contract node used for semantic graph and diagram answers.,0.68,Generated dictionary row from loaded source records; explicit business glossary can improve labels.,family-8-semantic-enrichment/F25_context-node-dictionary.csv,1048,tenant_file
skyharbor-air,CON-00110,Salesforce,vendor_contract,family-8-semantic-enrichment/F25_context-node-dictionary.csv,Vendor Contract node used for semantic graph and diagram answers.,0.68,Generated dictionary row from loaded source records; explicit business glossary can improve labels.,family-8-semantic-enrichment/F25_context-node-dictionary.csv,1049,tenant_file
skyharbor-air,CON-00111,Cisco,vendor_contract,family-8-semantic-enrichment/F25_context-node-dictionary.csv,Vendor Contract node used for semantic graph and diagram answers.,0.68,Generated dictionary row from loaded source records; explicit business glossary can improve labels.,family-8-semantic-enrichment/F25_context-node-dictionary.csv,1050,tenant_file
skyharbor-air,CON-00112,Accenture,vendor_contract,family-8-semantic-enrichment/F25_context-node-dictionary.csv,Vendor Contract node used for semantic graph and diagram answers.,0.68,Generated dictionary row from loaded source records; explicit business glossary can improve labels.,family-8-semantic-enrichment/F25_context-node-dictionary.csv,1051,tenant_file
skyharbor-air,CON-00113,Infosys,vendor_contract,family-8-semantic-enrichment/F25_context-node-dictionary.csv,Vendor Contract node used for semantic graph and diagram answers.,0.68,Generated dictionary row from loaded source records; explicit business glossary can improve labels.,family-8-semantic-enrichment/F25_context-node-dictionary.csv,1052,tenant_file
skyharbor-air,CON-00114,VMware,vendor_contract,family-8-semantic-enrichment/F25_context-node-dictionary.csv,Vendor Contract node used for semantic graph and diagram answers.,0.68,Generated dictionary row from loaded source records; explicit business glossary can improve labels.,family-8-semantic-enrichment/F25_context-node-dictionary.csv,1053,tenant_file
skyharbor-air,CON-00115,VMware,vendor_contract,family-8-semantic-enrichment/F25_context-node-dictionary.csv,Vendor Contract node used for semantic graph and diagram answers.,0.68,Generated dictionary row from loaded source records; explicit business glossary can improve labels.,family-8-semantic-enrichment/F25_context-node-dictionary.csv,1054,tenant_file
skyharbor-air,CON-00116,Cisco,vendor_contract,family-8-semantic-enrichment/F25_context-node-dictionary.csv,Vendor Contract node used for semantic graph and diagram answers.,0.68,Generated dictionary row from loaded source records; explicit business glossary can improve labels.,family-8-semantic-enrichment/F25_context-node-dictionary.csv,1055,tenant_file
skyharbor-air,CON-00117,VMware,vendor_contract,family-8-semantic-enrichment/F25_context-node-dictionary.csv,Vendor Contract node used for semantic graph and diagram answers.,0.68,Generated dictionary row from loaded source records; explicit business glossary can improve labels.,family-8-semantic-enrichment/F25_context-node-dictionary.csv,1056,tenant_file
skyharbor-air,CON-00118,Informatica,vendor_contract,family-8-semantic-enrichment/F25_context-node-dictionary.csv,Vendor Contract node used for semantic graph and diagram answers.,0.68,Generated dictionary row from loaded source records; explicit business glossary can improve labels.,family-8-semantic-enrichment/F25_context-node-dictionary.csv,1057,tenant_file
skyharbor-air,CON-00119,Teradata,vendor_contract,family-8-semantic-enrichment/F25_context-node-dictionary.csv,Vendor Contract node used for semantic graph and diagram answers.,0.68,Generated dictionary row from loaded source records; explicit business glossary can improve labels.,family-8-semantic-enrichment/F25_context-node-dictionary.csv,1058,tenant_file
skyharbor-air,CON-00120,VMware,vendor_contract,family-8-semantic-enrichment/F25_context-node-dictionary.csv,Vendor Contract node used for semantic graph and diagram answers.,0.68,Generated dictionary row from loaded source records; explicit business glossary can improve labels.,family-8-semantic-enrichment/F25_context-node-dictionary.csv,1059,tenant_file
skyharbor-air,CON-00121,ServiceNow,vendor_contract,family-8-semantic-enrichment/F25_context-node-dictionary.csv,Vendor Contract node used for semantic graph and diagram answers.,0.68,Generated dictionary row from loaded source records; explicit business glossary can improve labels.,family-8-semantic-enrichment/F25_context-node-dictionary.csv,1060,tenant_file
skyharbor-air,CON-00122,IBM,vendor_contract,family-8-semantic-enrichment/F25_context-node-dictionary.csv,Vendor Contract node used for semantic graph and diagram answers.,0.68,Generated dictionary row from loaded source records; explicit business glossary can improve labels.,family-8-semantic-enrichment/F25_context-node-dictionary.csv,1061,tenant_file
skyharbor-air,CON-00123,Microsoft,vendor_contract,family-8-semantic-enrichment/F25_context-node-dictionary.csv,Vendor Contract node used for semantic graph and diagram answers.,0.68,Generated dictionary row from loaded source records; explicit business glossary can improve labels.,family-8-semantic-enrichment/F25_context-node-dictionary.csv,1062,tenant_file
skyharbor-air,CON-00124,Fortinet,vendor_contract,family-8-semantic-enrichment/F25_context-node-dictionary.csv,Vendor Contract node used for semantic graph and diagram answers.,0.68,Generated dictionary row from loaded source records; explicit business glossary can improve labels.,family-8-semantic-enrichment/F25_context-node-dictionary.csv,1063,tenant_file
skyharbor-air,CON-00125,Workday,vendor_contract,family-8-semantic-enrichment/F25_context-node-dictionary.csv,Vendor Contract node used for semantic graph and diagram answers.,0.68,Generated dictionary row from loaded source records; explicit business glossary can improve labels.,family-8-semantic-enrichment/F25_context-node-dictionary.csv,1064,tenant_file
skyharbor-air,CON-00126,VMware,vendor_contract,family-8-semantic-enrichment/F25_context-node-dictionary.csv,Vendor Contract node used for semantic graph and diagram answers.,0.68,Generated dictionary row from loaded source records; explicit business glossary can improve labels.,family-8-semantic-enrichment/F25_context-node-dictionary.csv,1065,tenant_file
skyharbor-air,CON-00127,ServiceNow,vendor_contract,family-8-semantic-enrichment/F25_context-node-dictionary.csv,Vendor Contract node used for semantic graph and diagram answers.,0.68,Generated dictionary row from loaded source records; explicit business glossary can improve labels.,family-8-semantic-enrichment/F25_context-node-dictionary.csv,1066,tenant_file
skyharbor-air,CON-00128,VMware,vendor_contract,family-8-semantic-enrichment/F25_context-node-dictionary.csv,Vendor Contract node used for semantic graph and diagram answers.,0.68,Generated dictionary row from loaded source records; explicit business glossary can improve labels.,family-8-semantic-enrichment/F25_context-node-dictionary.csv,1067,tenant_file
skyharbor-air,CON-00129,Cisco,vendor_contract,family-8-semantic-enrichment/F25_context-node-dictionary.csv,Vendor Contract node used for semantic graph and diagram answers.,0.68,Generated dictionary row from loaded source records; explicit business glossary can improve labels.,family-8-semantic-enrichment/F25_context-node-dictionary.csv,1068,tenant_file
skyharbor-air,CON-00130,Microsoft,vendor_contract,family-8-semantic-enrichment/F25_context-node-dictionary.csv,Vendor Contract node used for semantic graph and diagram answers.,0.68,Generated dictionary row from loaded source records; explicit business glossary can improve labels.,family-8-semantic-enrichment/F25_context-node-dictionary.csv,1069,tenant_file
skyharbor-air,CON-00131,Fortinet,vendor_contract,family-8-semantic-enrichment/F25_context-node-dictionary.csv,Vendor Contract node used for semantic graph and diagram answers.,0.68,Generated dictionary row from loaded source records; explicit business glossary can improve labels.,family-8-semantic-enrichment/F25_context-node-dictionary.csv,1070,tenant_file
skyharbor-air,CON-00132,Microsoft,vendor_contract,family-8-semantic-enrichment/F25_context-node-dictionary.csv,Vendor Contract node used for semantic graph and diagram answers.,0.68,Generated dictionary row from loaded source records; explicit business glossary can improve labels.,family-8-semantic-enrichment/F25_context-node-dictionary.csv,1071,tenant_file
skyharbor-air,CON-00133,MuleSoft,vendor_contract,family-8-semantic-enrichment/F25_context-node-dictionary.csv,Vendor Contract node used for semantic graph and diagram answers.,0.68,Generated dictionary row from loaded source records; explicit business glossary can improve labels.,family-8-semantic-enrichment/F25_context-node-dictionary.csv,1072,tenant_file
skyharbor-air,CON-00134,AWS,vendor_contract,family-8-semantic-enrichment/F25_context-node-dictionary.csv,Vendor Contract node used for semantic graph and diagram answers.,0.68,Generated dictionary row from loaded source records; explicit business glossary can improve labels.,family-8-semantic-enrichment/F25_context-node-dictionary.csv,1073,tenant_file
skyharbor-air,CON-00135,Oracle,vendor_contract,family-8-semantic-enrichment/F25_context-node-dictionary.csv,Vendor Contract node used for semantic graph and diagram answers.,0.68,Generated dictionary row from loaded source records; explicit business glossary can improve labels.,family-8-semantic-enrichment/F25_context-node-dictionary.csv,1074,tenant_file
skyharbor-air,CON-00136,Cisco,vendor_contract,family-8-semantic-enrichment/F25_context-node-dictionary.csv,Vendor Contract node used for semantic graph and diagram answers.,0.68,Generated dictionary row from loaded source records; explicit business glossary can improve labels.,family-8-semantic-enrichment/F25_context-node-dictionary.csv,1075,tenant_file
skyharbor-air,CON-00137,Workday,vendor_contract,family-8-semantic-enrichment/F25_context-node-dictionary.csv,Vendor Contract node used for semantic graph and diagram answers.,0.68,Generated dictionary row from loaded source records; explicit business glossary can improve labels.,family-8-semantic-enrichment/F25_context-node-dictionary.csv,1076,tenant_file
skyharbor-air,CON-00138,Workday,vendor_contract,family-8-semantic-enrichment/F25_context-node-dictionary.csv,Vendor Contract node used for semantic graph and diagram answers.,0.68,Generated dictionary row from loaded source records; explicit business glossary can improve labels.,family-8-semantic-enrichment/F25_context-node-dictionary.csv,1077,tenant_file
skyharbor-air,CON-00139,Snowflake,vendor_contract,family-8-semantic-enrichment/F25_context-node-dictionary.csv,Vendor Contract node used for semantic graph and diagram answers.,0.68,Generated dictionary row from loaded source records; explicit business glossary can improve labels.,family-8-semantic-enrichment/F25_context-node-dictionary.csv,1078,tenant_file
skyharbor-air,CON-00140,Cisco,vendor_contract,family-8-semantic-enrichment/F25_context-node-dictionary.csv,Vendor Contract node used for semantic graph and diagram answers.,0.68,Generated dictionary row from loaded source records; explicit business glossary can improve labels.,family-8-semantic-enrichment/F25_context-node-dictionary.csv,1079,tenant_file
skyharbor-air,CON-00141,Amadeus,vendor_contract,family-8-semantic-enrichment/F25_context-node-dictionary.csv,Vendor Contract node used for semantic graph and diagram answers.,0.68,Generated dictionary row from loaded source records; explicit business glossary can improve labels.,family-8-semantic-enrichment/F25_context-node-dictionary.csv,1080,tenant_file
skyharbor-air,CON-00142,ServiceNow,vendor_contract,family-8-semantic-enrichment/F25_context-node-dictionary.csv,Vendor Contract node used for semantic graph and diagram answers.,0.68,Generated dictionary row from loaded source records; explicit business glossary can improve labels.,family-8-semantic-enrichment/F25_context-node-dictionary.csv,1081,tenant_file
skyharbor-air,CON-00143,Salesforce,vendor_contract,family-8-semantic-enrichment/F25_context-node-dictionary.csv,Vendor Contract node used for semantic graph and diagram answers.,0.68,Generated dictionary row from loaded source records; explicit business glossary can improve labels.,family-8-semantic-enrichment/F25_context-node-dictionary.csv,1082,tenant_file
skyharbor-air,CON-00144,Snowflake,vendor_contract,family-8-semantic-enrichment/F25_context-node-dictionary.csv,Vendor Contract node used for semantic graph and diagram answers.,0.68,Generated dictionary row from loaded source records; explicit business glossary can improve labels.,family-8-semantic-enrichment/F25_context-node-dictionary.csv,1083,tenant_file
skyharbor-air,CON-00145,SAP,vendor_contract,family-8-semantic-enrichment/F25_context-node-dictionary.csv,Vendor Contract node used for semantic graph and diagram answers.,0.68,Generated dictionary row from loaded source records; explicit business glossary can improve labels.,family-8-semantic-enrichment/F25_context-node-dictionary.csv,1084,tenant_file
skyharbor-air,CON-00146,TCS,vendor_contract,family-8-semantic-enrichment/F25_context-node-dictionary.csv,Vendor Contract node used for semantic graph and diagram answers.,0.68,Generated dictionary row from loaded source records; explicit business glossary can improve labels.,family-8-semantic-enrichment/F25_context-node-dictionary.csv,1085,tenant_file
skyharbor-air,CON-00147,Workday,vendor_contract,family-8-semantic-enrichment/F25_context-node-dictionary.csv,Vendor Contract node used for semantic graph and diagram answers.,0.68,Generated dictionary row from loaded source records; explicit business glossary can improve labels.,family-8-semantic-enrichment/F25_context-node-dictionary.csv,1086,tenant_file
skyharbor-air,CON-00148,Sabre,vendor_contract,family-8-semantic-enrichment/F25_context-node-dictionary.csv,Vendor Contract node used for semantic graph and diagram answers.,0.68,Generated dictionary row from loaded source records; explicit business glossary can improve labels.,family-8-semantic-enrichment/F25_context-node-dictionary.csv,1087,tenant_file
skyharbor-air,CON-00149,Databricks,vendor_contract,family-8-semantic-enrichment/F25_context-node-dictionary.csv,Vendor Contract node used for semantic graph and diagram answers.,0.68,Generated dictionary row from loaded source records; explicit business glossary can improve labels.,family-8-semantic-enrichment/F25_context-node-dictionary.csv,1088,tenant_file
skyharbor-air,CON-00150,IBM,vendor_contract,family-8-semantic-enrichment/F25_context-node-dictionary.csv,Vendor Contract node used for semantic graph and diagram answers.,0.68,Generated dictionary row from loaded source records; explicit business glossary can improve labels.,family-8-semantic-enrichment/F25_context-node-dictionary.csv,1089,tenant_file
skyharbor-air,CON-00151,SAP,vendor_contract,family-8-semantic-enrichment/F25_context-node-dictionary.csv,Vendor Contract node used for semantic graph and diagram answers.,0.68,Generated dictionary row from loaded source records; explicit business glossary can improve labels.,family-8-semantic-enrichment/F25_context-node-dictionary.csv,1090,tenant_file
skyharbor-air,CON-00152,Palo Alto,vendor_contract,family-8-semantic-enrichment/F25_context-node-dictionary.csv,Vendor Contract node used for semantic graph and diagram answers.,0.68,Generated dictionary row from loaded source records; explicit business glossary can improve labels.,family-8-semantic-enrichment/F25_context-node-dictionary.csv,1091,tenant_file
skyharbor-air,CON-00153,Salesforce,vendor_contract,family-8-semantic-enrichment/F25_context-node-dictionary.csv,Vendor Contract node used for semantic graph and diagram answers.,0.68,Generated dictionary row from loaded source records; explicit business glossary can improve labels.,family-8-semantic-enrichment/F25_context-node-dictionary.csv,1092,tenant_file
skyharbor-air,CON-00154,Amadeus,vendor_contract,family-8-semantic-enrichment/F25_context-node-dictionary.csv,Vendor Contract node used for semantic graph and diagram answers.,0.68,Generated dictionary row from loaded source records; explicit business glossary can improve labels.,family-8-semantic-enrichment/F25_context-node-dictionary.csv,1093,tenant_file
skyharbor-air,CON-00155,Snowflake,vendor_contract,family-8-semantic-enrichment/F25_context-node-dictionary.csv,Vendor Contract node used for semantic graph and diagram answers.,0.68,Generated dictionary row from loaded source records; explicit business glossary can improve labels.,family-8-semantic-enrichment/F25_context-node-dictionary.csv,1094,tenant_file
skyharbor-air,CON-00156,Oracle,vendor_contract,family-8-semantic-enrichment/F25_context-node-dictionary.csv,Vendor Contract node used for semantic graph and diagram answers.,0.68,Generated dictionary row from loaded source records; explicit business glossary can improve labels.,family-8-semantic-enrichment/F25_context-node-dictionary.csv,1095,tenant_file
skyharbor-air,CON-00157,Red Hat,vendor_contract,family-8-semantic-enrichment/F25_context-node-dictionary.csv,Vendor Contract node used for semantic graph and diagram answers.,0.68,Generated dictionary row from loaded source records; explicit business glossary can improve labels.,family-8-semantic-enrichment/F25_context-node-dictionary.csv,1096,tenant_file
skyharbor-air,CON-00158,ServiceNow,vendor_contract,family-8-semantic-enrichment/F25_context-node-dictionary.csv,Vendor Contract node used for semantic graph and diagram answers.,0.68,Generated dictionary row from loaded source records; explicit business glossary can improve labels.,family-8-semantic-enrichment/F25_context-node-dictionary.csv,1097,tenant_file
skyharbor-air,CON-00159,Sabre,vendor_contract,family-8-semantic-enrichment/F25_context-node-dictionary.csv,Vendor Contract node used for semantic graph and diagram answers.,0.68,Generated dictionary row from loaded source records; explicit business glossary can improve labels.,family-8-semantic-enrichment/F25_context-node-dictionary.csv,1098,tenant_file
skyharbor-air,CON-00160,TCS,vendor_contract,family-8-semantic-enrichment/F25_context-node-dictionary.csv,Vendor Contract node used for semantic graph and diagram answers.,0.68,Generated dictionary row from loaded source records; explicit business glossary can improve labels.,family-8-semantic-enrichment/F25_context-node-dictionary.csv,1099,tenant_file
skyharbor-air,CON-00161,NetApp,vendor_contract,family-8-semantic-enrichment/F25_context-node-dictionary.csv,Vendor Contract node used for semantic graph and diagram answers.,0.68,Generated dictionary row from loaded source records; explicit business glossary can improve labels.,family-8-semantic-enrichment/F25_context-node-dictionary.csv,1100,tenant_file
skyharbor-air,CON-00162,ServiceNow,vendor_contract,family-8-semantic-enrichment/F25_context-node-dictionary.csv,Vendor Contract node used for semantic graph and diagram answers.,0.68,Generated dictionary row from loaded source records; explicit business glossary can improve labels.,family-8-semantic-enrichment/F25_context-node-dictionary.csv,1101,tenant_file
skyharbor-air,CON-00163,Amadeus,vendor_contract,family-8-semantic-enrichment/F25_context-node-dictionary.csv,Vendor Contract node used for semantic graph and diagram answers.,0.68,Generated dictionary row from loaded source records; explicit business glossary can improve labels.,family-8-semantic-enrichment/F25_context-node-dictionary.csv,1102,tenant_file
skyharbor-air,CON-00164,MuleSoft,vendor_contract,family-8-semantic-enrichment/F25_context-node-dictionary.csv,Vendor Contract node used for semantic graph and diagram answers.,0.68,Generated dictionary row from loaded source records; explicit business glossary can improve labels.,family-8-semantic-enrichment/F25_context-node-dictionary.csv,1103,tenant_file
skyharbor-air,CON-00165,Dell EMC,vendor_contract,family-8-semantic-enrichment/F25_context-node-dictionary.csv,Vendor Contract node used for semantic graph and diagram answers.,0.68,Generated dictionary row from loaded source records; explicit business glossary can improve labels.,family-8-semantic-enrichment/F25_context-node-dictionary.csv,1104,tenant_file
skyharbor-air,CON-00166,ServiceNow,vendor_contract,family-8-semantic-enrichment/F25_context-node-dictionary.csv,Vendor Contract node used for semantic graph and diagram answers.,0.68,Generated dictionary row from loaded source records; explicit business glossary can improve labels.,family-8-semantic-enrichment/F25_context-node-dictionary.csv,1105,tenant_file
skyharbor-air,CON-00167,MuleSoft,vendor_contract,family-8-semantic-enrichment/F25_context-node-dictionary.csv,Vendor Contract node used for semantic graph and diagram answers.,0.68,Generated dictionary row from loaded source records; explicit business glossary can improve labels.,family-8-semantic-enrichment/F25_context-node-dictionary.csv,1106,tenant_file
skyharbor-air,CON-00168,Accenture,vendor_contract,family-8-semantic-enrichment/F25_context-node-dictionary.csv,Vendor Contract node used for semantic graph and diagram answers.,0.68,Generated dictionary row from loaded source records; explicit business glossary can improve labels.,family-8-semantic-enrichment/F25_context-node-dictionary.csv,1107,tenant_file
skyharbor-air,CON-00169,Salesforce,vendor_contract,family-8-semantic-enrichment/F25_context-node-dictionary.csv,Vendor Contract node used for semantic graph and diagram answers.,0.68,Generated dictionary row from loaded source records; explicit business glossary can improve labels.,family-8-semantic-enrichment/F25_context-node-dictionary.csv,1108,tenant_file
skyharbor-air,CON-00170,Teradata,vendor_contract,family-8-semantic-enrichment/F25_context-node-dictionary.csv,Vendor Contract node used for semantic graph and diagram answers.,0.68,Generated dictionary row from loaded source records; explicit business glossary can improve labels.,family-8-semantic-enrichment/F25_context-node-dictionary.csv,1109,tenant_file
skyharbor-air,CON-00171,Accenture,vendor_contract,family-8-semantic-enrichment/F25_context-node-dictionary.csv,Vendor Contract node used for semantic graph and diagram answers.,0.68,Generated dictionary row from loaded source records; explicit business glossary can improve labels.,family-8-semantic-enrichment/F25_context-node-dictionary.csv,1110,tenant_file
skyharbor-air,CON-00172,Oracle,vendor_contract,family-8-semantic-enrichment/F25_context-node-dictionary.csv,Vendor Contract node used for semantic graph and diagram answers.,0.68,Generated dictionary row from loaded source records; explicit business glossary can improve labels.,family-8-semantic-enrichment/F25_context-node-dictionary.csv,1111,tenant_file
skyharbor-air,CON-00173,Snowflake,vendor_contract,family-8-semantic-enrichment/F25_context-node-dictionary.csv,Vendor Contract node used for semantic graph and diagram answers.,0.68,Generated dictionary row from loaded source records; explicit business glossary can improve labels.,family-8-semantic-enrichment/F25_context-node-dictionary.csv,1112,tenant_file
skyharbor-air,CON-00174,Databricks,vendor_contract,family-8-semantic-enrichment/F25_context-node-dictionary.csv,Vendor Contract node used for semantic graph and diagram answers.,0.68,Generated dictionary row from loaded source records; explicit business glossary can improve labels.,family-8-semantic-enrichment/F25_context-node-dictionary.csv,1113,tenant_file
skyharbor-air,CON-00175,Sabre,vendor_contract,family-8-semantic-enrichment/F25_context-node-dictionary.csv,Vendor Contract node used for semantic graph and diagram answers.,0.68,Generated dictionary row from loaded source records; explicit business glossary can improve labels.,family-8-semantic-enrichment/F25_context-node-dictionary.csv,1114,tenant_file
skyharbor-air,CON-00176,AWS,vendor_contract,family-8-semantic-enrichment/F25_context-node-dictionary.csv,Vendor Contract node used for semantic graph and diagram answers.,0.68,Generated dictionary row from loaded source records; explicit business glossary can improve labels.,family-8-semantic-enrichment/F25_context-node-dictionary.csv,1115,tenant_file
skyharbor-air,CON-00177,Red Hat,vendor_contract,family-8-semantic-enrichment/F25_context-node-dictionary.csv,Vendor Contract node used for semantic graph and diagram answers.,0.68,Generated dictionary row from loaded source records; explicit business glossary can improve labels.,family-8-semantic-enrichment/F25_context-node-dictionary.csv,1116,tenant_file
skyharbor-air,CON-00178,NetApp,vendor_contract,family-8-semantic-enrichment/F25_context-node-dictionary.csv,Vendor Contract node used for semantic graph and diagram answers.,0.68,Generated dictionary row from loaded source records; explicit business glossary can improve labels.,family-8-semantic-enrichment/F25_context-node-dictionary.csv,1117,tenant_file
skyharbor-air,CON-00179,Databricks,vendor_contract,family-8-semantic-enrichment/F25_context-node-dictionary.csv,Vendor Contract node used for semantic graph and diagram answers.,0.68,Generated dictionary row from loaded source records; explicit business glossary can improve labels.,family-8-semantic-enrichment/F25_context-node-dictionary.csv,1118,tenant_file
skyharbor-air,CON-00180,Snowflake,vendor_contract,family-8-semantic-enrichment/F25_context-node-dictionary.csv,Vendor Contract node used for semantic graph and diagram answers.,0.68,Generated dictionary row from loaded source records; explicit business glossary can improve labels.,family-8-semantic-enrichment/F25_context-node-dictionary.csv,1119,tenant_file
skyharbor-air,CON-00181,Salesforce,vendor_contract,family-8-semantic-enrichment/F25_context-node-dictionary.csv,Vendor Contract node used for semantic graph and diagram answers.,0.68,Generated dictionary row from loaded source records; explicit business glossary can improve labels.,family-8-semantic-enrichment/F25_context-node-dictionary.csv,1120,tenant_file
skyharbor-air,CON-00182,Dell EMC,vendor_contract,family-8-semantic-enrichment/F25_context-node-dictionary.csv,Vendor Contract node used for semantic graph and diagram answers.,0.68,Generated dictionary row from loaded source records; explicit business glossary can improve labels.,family-8-semantic-enrichment/F25_context-node-dictionary.csv,1121,tenant_file
skyharbor-air,CON-00183,AWS,vendor_contract,family-8-semantic-enrichment/F25_context-node-dictionary.csv,Vendor Contract node used for semantic graph and diagram answers.,0.68,Generated dictionary row from loaded source records; explicit business glossary can improve labels.,family-8-semantic-enrichment/F25_context-node-dictionary.csv,1122,tenant_file
skyharbor-air,CON-00184,Accenture,vendor_contract,family-8-semantic-enrichment/F25_context-node-dictionary.csv,Vendor Contract node used for semantic graph and diagram answers.,0.68,Generated dictionary row from loaded source records; explicit business glossary can improve labels.,family-8-semantic-enrichment/F25_context-node-dictionary.csv,1123,tenant_file
skyharbor-air,CON-00185,Snowflake,vendor_contract,family-8-semantic-enrichment/F25_context-node-dictionary.csv,Vendor Contract node used for semantic graph and diagram answers.,0.68,Generated dictionary row from loaded source records; explicit business glossary can improve labels.,family-8-semantic-enrichment/F25_context-node-dictionary.csv,1124,tenant_file
skyharbor-air,CON-00186,Dell EMC,vendor_contract,family-8-semantic-enrichment/F25_context-node-dictionary.csv,Vendor Contract node used for semantic graph and diagram answers.,0.68,Generated dictionary row from loaded source records; explicit business glossary can improve labels.,family-8-semantic-enrichment/F25_context-node-dictionary.csv,1125,tenant_file
skyharbor-air,CON-00187,Amadeus,vendor_contract,family-8-semantic-enrichment/F25_context-node-dictionary.csv,Vendor Contract node used for semantic graph and diagram answers.,0.68,Generated dictionary row from loaded source records; explicit business glossary can improve labels.,family-8-semantic-enrichment/F25_context-node-dictionary.csv,1126,tenant_file
skyharbor-air,CON-00188,Sabre,vendor_contract,family-8-semantic-enrichment/F25_context-node-dictionary.csv,Vendor Contract node used for semantic graph and diagram answers.,0.68,Generated dictionary row from loaded source records; explicit business glossary can improve labels.,family-8-semantic-enrichment/F25_context-node-dictionary.csv,1127,tenant_file
skyharbor-air,CON-00189,Workday,vendor_contract,family-8-semantic-enrichment/F25_context-node-dictionary.csv,Vendor Contract node used for semantic graph and diagram answers.,0.68,Generated dictionary row from loaded source records; explicit business glossary can improve labels.,family-8-semantic-enrichment/F25_context-node-dictionary.csv,1128,tenant_file
skyharbor-air,CON-00190,Amadeus,vendor_contract,family-8-semantic-enrichment/F25_context-node-dictionary.csv,Vendor Contract node used for semantic graph and diagram answers.,0.68,Generated dictionary row from loaded source records; explicit business glossary can improve labels.,family-8-semantic-enrichment/F25_context-node-dictionary.csv,1129,tenant_file
skyharbor-air,CON-00191,Sabre,vendor_contract,family-8-semantic-enrichment/F25_context-node-dictionary.csv,Vendor Contract node used for semantic graph and diagram answers.,0.68,Generated dictionary row from loaded source records; explicit business glossary can improve labels.,family-8-semantic-enrichment/F25_context-node-dictionary.csv,1130,tenant_file
skyharbor-air,CON-00192,Informatica,vendor_contract,family-8-semantic-enrichment/F25_context-node-dictionary.csv,Vendor Contract node used for semantic graph and diagram answers.,0.68,Generated dictionary row from loaded source records; explicit business glossary can improve labels.,family-8-semantic-enrichment/F25_context-node-dictionary.csv,1131,tenant_file
skyharbor-air,CON-00193,Microsoft,vendor_contract,family-8-semantic-enrichment/F25_context-node-dictionary.csv,Vendor Contract node used for semantic graph and diagram answers.,0.68,Generated dictionary row from loaded source records; explicit business glossary can improve labels.,family-8-semantic-enrichment/F25_context-node-dictionary.csv,1132,tenant_file
skyharbor-air,CON-00194,MuleSoft,vendor_contract,family-8-semantic-enrichment/F25_context-node-dictionary.csv,Vendor Contract node used for semantic graph and diagram answers.,0.68,Generated dictionary row from loaded source records; explicit business glossary can improve labels.,family-8-semantic-enrichment/F25_context-node-dictionary.csv,1133,tenant_file
skyharbor-air,CON-00195,TCS,vendor_contract,family-8-semantic-enrichment/F25_context-node-dictionary.csv,Vendor Contract node used for semantic graph and diagram answers.,0.68,Generated dictionary row from loaded source records; explicit business glossary can improve labels.,family-8-semantic-enrichment/F25_context-node-dictionary.csv,1134,tenant_file
skyharbor-air,CON-00196,Microsoft,vendor_contract,family-8-semantic-enrichment/F25_context-node-dictionary.csv,Vendor Contract node used for semantic graph and diagram answers.,0.68,Generated dictionary row from loaded source records; explicit business glossary can improve labels.,family-8-semantic-enrichment/F25_context-node-dictionary.csv,1135,tenant_file
skyharbor-air,CON-00197,Amadeus,vendor_contract,family-8-semantic-enrichment/F25_context-node-dictionary.csv,Vendor Contract node used for semantic graph and diagram answers.,0.68,Generated dictionary row from loaded source records; explicit business glossary can improve labels.,family-8-semantic-enrichment/F25_context-node-dictionary.csv,1136,tenant_file
skyharbor-air,CON-00198,Microsoft,vendor_contract,family-8-semantic-enrichment/F25_context-node-dictionary.csv,Vendor Contract node used for semantic graph and diagram answers.,0.68,Generated dictionary row from loaded source records; explicit business glossary can improve labels.,family-8-semantic-enrichment/F25_context-node-dictionary.csv,1137,tenant_file
skyharbor-air,CON-00199,ServiceNow,vendor_contract,family-8-semantic-enrichment/F25_context-node-dictionary.csv,Vendor Contract node used for semantic graph and diagram answers.,0.68,Generated dictionary row from loaded source records; explicit business glossary can improve labels.,family-8-semantic-enrichment/F25_context-node-dictionary.csv,1138,tenant_file
skyharbor-air,CON-00200,Oracle,vendor_contract,family-8-semantic-enrichment/F25_context-node-dictionary.csv,Vendor Contract node used for semantic graph and diagram answers.,0.68,Generated dictionary row from loaded source records; explicit business glossary can improve labels.,family-8-semantic-enrichment/F25_context-node-dictionary.csv,1139,tenant_file
skyharbor-air,CON-00201,VMware,vendor_contract,family-8-semantic-enrichment/F25_context-node-dictionary.csv,Vendor Contract node used for semantic graph and diagram answers.,0.68,Generated dictionary row from loaded source records; explicit business glossary can improve labels.,family-8-semantic-enrichment/F25_context-node-dictionary.csv,1140,tenant_file
skyharbor-air,CON-00202,Microsoft,vendor_contract,family-8-semantic-enrichment/F25_context-node-dictionary.csv,Vendor Contract node used for semantic graph and diagram answers.,0.68,Generated dictionary row from loaded source records; explicit business glossary can improve labels.,family-8-semantic-enrichment/F25_context-node-dictionary.csv,1141,tenant_file
skyharbor-air,CON-00203,Dell EMC,vendor_contract,family-8-semantic-enrichment/F25_context-node-dictionary.csv,Vendor Contract node used for semantic graph and diagram answers.,0.68,Generated dictionary row from loaded source records; explicit business glossary can improve labels.,family-8-semantic-enrichment/F25_context-node-dictionary.csv,1142,tenant_file
skyharbor-air,CON-00204,IBM,vendor_contract,family-8-semantic-enrichment/F25_context-node-dictionary.csv,Vendor Contract node used for semantic graph and diagram answers.,0.68,Generated dictionary row from loaded source records; explicit business glossary can improve labels.,family-8-semantic-enrichment/F25_context-node-dictionary.csv,1143,tenant_file
skyharbor-air,CON-00205,Salesforce,vendor_contract,family-8-semantic-enrichment/F25_context-node-dictionary.csv,Vendor Contract node used for semantic graph and diagram answers.,0.68,Generated dictionary row from loaded source records; explicit business glossary can improve labels.,family-8-semantic-enrichment/F25_context-node-dictionary.csv,1144,tenant_file
skyharbor-air,CON-00206,SAP,vendor_contract,family-8-semantic-enrichment/F25_context-node-dictionary.csv,Vendor Contract node used for semantic graph and diagram answers.,0.68,Generated dictionary row from loaded source records; explicit business glossary can improve labels.,family-8-semantic-enrichment/F25_context-node-dictionary.csv,1145,tenant_file
skyharbor-air,CON-00207,Sabre,vendor_contract,family-8-semantic-enrichment/F25_context-node-dictionary.csv,Vendor Contract node used for semantic graph and diagram answers.,0.68,Generated dictionary row from loaded source records; explicit business glossary can improve labels.,family-8-semantic-enrichment/F25_context-node-dictionary.csv,1146,tenant_file
skyharbor-air,CON-00208,Snowflake,vendor_contract,family-8-semantic-enrichment/F25_context-node-dictionary.csv,Vendor Contract node used for semantic graph and diagram answers.,0.68,Generated dictionary row from loaded source records; explicit business glossary can improve labels.,family-8-semantic-enrichment/F25_context-node-dictionary.csv,1147,tenant_file
skyharbor-air,CON-00209,NetApp,vendor_contract,family-8-semantic-enrichment/F25_context-node-dictionary.csv,Vendor Contract node used for semantic graph and diagram answers.,0.68,Generated dictionary row from loaded source records; explicit business glossary can improve labels.,family-8-semantic-enrichment/F25_context-node-dictionary.csv,1148,tenant_file
skyharbor-air,CON-00210,Sabre,vendor_contract,family-8-semantic-enrichment/F25_context-node-dictionary.csv,Vendor Contract node used for semantic graph and diagram answers.,0.68,Generated dictionary row from loaded source records; explicit business glossary can improve labels.,family-8-semantic-enrichment/F25_context-node-dictionary.csv,1149,tenant_file
skyharbor-air,CON-00211,ServiceNow,vendor_contract,family-8-semantic-enrichment/F25_context-node-dictionary.csv,Vendor Contract node used for semantic graph and diagram answers.,0.68,Generated dictionary row from loaded source records; explicit business glossary can improve labels.,family-8-semantic-enrichment/F25_context-node-dictionary.csv,1150,tenant_file
skyharbor-air,CON-00212,Red Hat,vendor_contract,family-8-semantic-enrichment/F25_context-node-dictionary.csv,Vendor Contract node used for semantic graph and diagram answers.,0.68,Generated dictionary row from loaded source records; explicit business glossary can improve labels.,family-8-semantic-enrichment/F25_context-node-dictionary.csv,1151,tenant_file
skyharbor-air,CON-00213,Teradata,vendor_contract,family-8-semantic-enrichment/F25_context-node-dictionary.csv,Vendor Contract node used for semantic graph and diagram answers.,0.68,Generated dictionary row from loaded source records; explicit business glossary can improve labels.,family-8-semantic-enrichment/F25_context-node-dictionary.csv,1152,tenant_file
skyharbor-air,CON-00214,SAP,vendor_contract,family-8-semantic-enrichment/F25_context-node-dictionary.csv,Vendor Contract node used for semantic graph and diagram answers.,0.68,Generated dictionary row from loaded source records; explicit business glossary can improve labels.,family-8-semantic-enrichment/F25_context-node-dictionary.csv,1153,tenant_file
skyharbor-air,CON-00215,Fortinet,vendor_contract,family-8-semantic-enrichment/F25_context-node-dictionary.csv,Vendor Contract node used for semantic graph and diagram answers.,0.68,Generated dictionary row from loaded source records; explicit business glossary can improve labels.,family-8-semantic-enrichment/F25_context-node-dictionary.csv,1154,tenant_file
skyharbor-air,CON-00216,Palo Alto,vendor_contract,family-8-semantic-enrichment/F25_context-node-dictionary.csv,Vendor Contract node used for semantic graph and diagram answers.,0.68,Generated dictionary row from loaded source records; explicit business glossary can improve labels.,family-8-semantic-enrichment/F25_context-node-dictionary.csv,1155,tenant_file
skyharbor-air,CON-00217,ServiceNow,vendor_contract,family-8-semantic-enrichment/F25_context-node-dictionary.csv,Vendor Contract node used for semantic graph and diagram answers.,0.68,Generated dictionary row from loaded source records; explicit business glossary can improve labels.,family-8-semantic-enrichment/F25_context-node-dictionary.csv,1156,tenant_file
skyharbor-air,CON-00218,TCS,vendor_contract,family-8-semantic-enrichment/F25_context-node-dictionary.csv,Vendor Contract node used for semantic graph and diagram answers.,0.68,Generated dictionary row from loaded source records; explicit business glossary can improve labels.,family-8-semantic-enrichment/F25_context-node-dictionary.csv,1157,tenant_file
skyharbor-air,CON-00219,Sabre,vendor_contract,family-8-semantic-enrichment/F25_context-node-dictionary.csv,Vendor Contract node used for semantic graph and diagram answers.,0.68,Generated dictionary row from loaded source records; explicit business glossary can improve labels.,family-8-semantic-enrichment/F25_context-node-dictionary.csv,1158,tenant_file
skyharbor-air,CON-00220,Infosys,vendor_contract,family-8-semantic-enrichment/F25_context-node-dictionary.csv,Vendor Contract node used for semantic graph and diagram answers.,0.68,Generated dictionary row from loaded source records; explicit business glossary can improve labels.,family-8-semantic-enrichment/F25_context-node-dictionary.csv,1159,tenant_file
skyharbor-air,CON-00221,Workday,vendor_contract,family-8-semantic-enrichment/F25_context-node-dictionary.csv,Vendor Contract node used for semantic graph and diagram answers.,0.68,Generated dictionary row from loaded source records; explicit business glossary can improve labels.,family-8-semantic-enrichment/F25_context-node-dictionary.csv,1160,tenant_file
skyharbor-air,CON-00222,Snowflake,vendor_contract,family-8-semantic-enrichment/F25_context-node-dictionary.csv,Vendor Contract node used for semantic graph and diagram answers.,0.68,Generated dictionary row from loaded source records; explicit business glossary can improve labels.,family-8-semantic-enrichment/F25_context-node-dictionary.csv,1161,tenant_file
skyharbor-air,CON-00223,NetApp,vendor_contract,family-8-semantic-enrichment/F25_context-node-dictionary.csv,Vendor Contract node used for semantic graph and diagram answers.,0.68,Generated dictionary row from loaded source records; explicit business glossary can improve labels.,family-8-semantic-enrichment/F25_context-node-dictionary.csv,1162,tenant_file
skyharbor-air,CON-00224,Fortinet,vendor_contract,family-8-semantic-enrichment/F25_context-node-dictionary.csv,Vendor Contract node used for semantic graph and diagram answers.,0.68,Generated dictionary row from loaded source records; explicit business glossary can improve labels.,family-8-semantic-enrichment/F25_context-node-dictionary.csv,1163,tenant_file
skyharbor-air,CON-00225,Amadeus,vendor_contract,family-8-semantic-enrichment/F25_context-node-dictionary.csv,Vendor Contract node used for semantic graph and diagram answers.,0.68,Generated dictionary row from loaded source records; explicit business glossary can improve labels.,family-8-semantic-enrichment/F25_context-node-dictionary.csv,1164,tenant_file
skyharbor-air,CON-00226,Palo Alto,vendor_contract,family-8-semantic-enrichment/F25_context-node-dictionary.csv,Vendor Contract node used for semantic graph and diagram answers.,0.68,Generated dictionary row from loaded source records; explicit business glossary can improve labels.,family-8-semantic-enrichment/F25_context-node-dictionary.csv,1165,tenant_file
skyharbor-air,CON-00227,AWS,vendor_contract,family-8-semantic-enrichment/F25_context-node-dictionary.csv,Vendor Contract node used for semantic graph and diagram answers.,0.68,Generated dictionary row from loaded source records; explicit business glossary can improve labels.,family-8-semantic-enrichment/F25_context-node-dictionary.csv,1166,tenant_file
skyharbor-air,CON-00228,Workday,vendor_contract,family-8-semantic-enrichment/F25_context-node-dictionary.csv,Vendor Contract node used for semantic graph and diagram answers.,0.68,Generated dictionary row from loaded source records; explicit business glossary can improve labels.,family-8-semantic-enrichment/F25_context-node-dictionary.csv,1167,tenant_file
skyharbor-air,CON-00229,NetApp,vendor_contract,family-8-semantic-enrichment/F25_context-node-dictionary.csv,Vendor Contract node used for semantic graph and diagram answers.,0.68,Generated dictionary row from loaded source records; explicit business glossary can improve labels.,family-8-semantic-enrichment/F25_context-node-dictionary.csv,1168,tenant_file
skyharbor-air,CON-00230,Workday,vendor_contract,family-8-semantic-enrichment/F25_context-node-dictionary.csv,Vendor Contract node used for semantic graph and diagram answers.,0.68,Generated dictionary row from loaded source records; explicit business glossary can improve labels.,family-8-semantic-enrichment/F25_context-node-dictionary.csv,1169,tenant_file
skyharbor-air,CON-00231,Red Hat,vendor_contract,family-8-semantic-enrichment/F25_context-node-dictionary.csv,Vendor Contract node used for semantic graph and diagram answers.,0.68,Generated dictionary row from loaded source records; explicit business glossary can improve labels.,family-8-semantic-enrichment/F25_context-node-dictionary.csv,1170,tenant_file
skyharbor-air,CON-00232,SAP,vendor_contract,family-8-semantic-enrichment/F25_context-node-dictionary.csv,Vendor Contract node used for semantic graph and diagram answers.,0.68,Generated dictionary row from loaded source records; explicit business glossary can improve labels.,family-8-semantic-enrichment/F25_context-node-dictionary.csv,1171,tenant_file
skyharbor-air,CON-00233,NetApp,vendor_contract,family-8-semantic-enrichment/F25_context-node-dictionary.csv,Vendor Contract node used for semantic graph and diagram answers.,0.68,Generated dictionary row from loaded source records; explicit business glossary can improve labels.,family-8-semantic-enrichment/F25_context-node-dictionary.csv,1172,tenant_file
skyharbor-air,CON-00234,Dell EMC,vendor_contract,family-8-semantic-enrichment/F25_context-node-dictionary.csv,Vendor Contract node used for semantic graph and diagram answers.,0.68,Generated dictionary row from loaded source records; explicit business glossary can improve labels.,family-8-semantic-enrichment/F25_context-node-dictionary.csv,1173,tenant_file
skyharbor-air,CON-00235,Infosys,vendor_contract,family-8-semantic-enrichment/F25_context-node-dictionary.csv,Vendor Contract node used for semantic graph and diagram answers.,0.68,Generated dictionary row from loaded source records; explicit business glossary can improve labels.,family-8-semantic-enrichment/F25_context-node-dictionary.csv,1174,tenant_file
skyharbor-air,CON-00236,MuleSoft,vendor_contract,family-8-semantic-enrichment/F25_context-node-dictionary.csv,Vendor Contract node used for semantic graph and diagram answers.,0.68,Generated dictionary row from loaded source records; explicit business glossary can improve labels.,family-8-semantic-enrichment/F25_context-node-dictionary.csv,1175,tenant_file
skyharbor-air,CON-00237,Informatica,vendor_contract,family-8-semantic-enrichment/F25_context-node-dictionary.csv,Vendor Contract node used for semantic graph and diagram answers.,0.68,Generated dictionary row from loaded source records; explicit business glossary can improve labels.,family-8-semantic-enrichment/F25_context-node-dictionary.csv,1176,tenant_file
skyharbor-air,CON-00238,IBM,vendor_contract,family-8-semantic-enrichment/F25_context-node-dictionary.csv,Vendor Contract node used for semantic graph and diagram answers.,0.68,Generated dictionary row from loaded source records; explicit business glossary can improve labels.,family-8-semantic-enrichment/F25_context-node-dictionary.csv,1177,tenant_file
skyharbor-air,CON-00239,TCS,vendor_contract,family-8-semantic-enrichment/F25_context-node-dictionary.csv,Vendor Contract node used for semantic graph and diagram answers.,0.68,Generated dictionary row from loaded source records; explicit business glossary can improve labels.,family-8-semantic-enrichment/F25_context-node-dictionary.csv,1178,tenant_file
skyharbor-air,CON-00240,Accenture,vendor_contract,family-8-semantic-enrichment/F25_context-node-dictionary.csv,Vendor Contract node used for semantic graph and diagram answers.,0.68,Generated dictionary row from loaded source records; explicit business glossary can improve labels.,family-8-semantic-enrichment/F25_context-node-dictionary.csv,1179,tenant_file
skyharbor-air,CON-00241,Red Hat,vendor_contract,family-8-semantic-enrichment/F25_context-node-dictionary.csv,Vendor Contract node used for semantic graph and diagram answers.,0.68,Generated dictionary row from loaded source records; explicit business glossary can improve labels.,family-8-semantic-enrichment/F25_context-node-dictionary.csv,1180,tenant_file
skyharbor-air,CON-00242,Infosys,vendor_contract,family-8-semantic-enrichment/F25_context-node-dictionary.csv,Vendor Contract node used for semantic graph and diagram answers.,0.68,Generated dictionary row from loaded source records; explicit business glossary can improve labels.,family-8-semantic-enrichment/F25_context-node-dictionary.csv,1181,tenant_file
skyharbor-air,CON-00243,Cisco,vendor_contract,family-8-semantic-enrichment/F25_context-node-dictionary.csv,Vendor Contract node used for semantic graph and diagram answers.,0.68,Generated dictionary row from loaded source records; explicit business glossary can improve labels.,family-8-semantic-enrichment/F25_context-node-dictionary.csv,1182,tenant_file
skyharbor-air,CON-00244,Infosys,vendor_contract,family-8-semantic-enrichment/F25_context-node-dictionary.csv,Vendor Contract node used for semantic graph and diagram answers.,0.68,Generated dictionary row from loaded source records; explicit business glossary can improve labels.,family-8-semantic-enrichment/F25_context-node-dictionary.csv,1183,tenant_file
skyharbor-air,CON-00245,Workday,vendor_contract,family-8-semantic-enrichment/F25_context-node-dictionary.csv,Vendor Contract node used for semantic graph and diagram answers.,0.68,Generated dictionary row from loaded source records; explicit business glossary can improve labels.,family-8-semantic-enrichment/F25_context-node-dictionary.csv,1184,tenant_file
skyharbor-air,CON-00246,Dell EMC,vendor_contract,family-8-semantic-enrichment/F25_context-node-dictionary.csv,Vendor Contract node used for semantic graph and diagram answers.,0.68,Generated dictionary row from loaded source records; explicit business glossary can improve labels.,family-8-semantic-enrichment/F25_context-node-dictionary.csv,1185,tenant_file
skyharbor-air,CON-00247,MuleSoft,vendor_contract,family-8-semantic-enrichment/F25_context-node-dictionary.csv,Vendor Contract node used for semantic graph and diagram answers.,0.68,Generated dictionary row from loaded source records; explicit business glossary can improve labels.,family-8-semantic-enrichment/F25_context-node-dictionary.csv,1186,tenant_file
skyharbor-air,CON-00248,SAP,vendor_contract,family-8-semantic-enrichment/F25_context-node-dictionary.csv,Vendor Contract node used for semantic graph and diagram answers.,0.68,Generated dictionary row from loaded source records; explicit business glossary can improve labels.,family-8-semantic-enrichment/F25_context-node-dictionary.csv,1187,tenant_file
skyharbor-air,CON-00249,Fortinet,vendor_contract,family-8-semantic-enrichment/F25_context-node-dictionary.csv,Vendor Contract node used for semantic graph and diagram answers.,0.68,Generated dictionary row from loaded source records; explicit business glossary can improve labels.,family-8-semantic-enrichment/F25_context-node-dictionary.csv,1188,tenant_file
skyharbor-air,CON-00250,Red Hat,vendor_contract,family-8-semantic-enrichment/F25_context-node-dictionary.csv,Vendor Contract node used for semantic graph and diagram answers.,0.68,Generated dictionary row from loaded source records; explicit business glossary can improve labels.,family-8-semantic-enrichment/F25_context-node-dictionary.csv,1189,tenant_file
skyharbor-air,CON-00251,Informatica,vendor_contract,family-8-semantic-enrichment/F25_context-node-dictionary.csv,Vendor Contract node used for semantic graph and diagram answers.,0.68,Generated dictionary row from loaded source records; explicit business glossary can improve labels.,family-8-semantic-enrichment/F25_context-node-dictionary.csv,1190,tenant_file
skyharbor-air,CON-00252,Cisco,vendor_contract,family-8-semantic-enrichment/F25_context-node-dictionary.csv,Vendor Contract node used for semantic graph and diagram answers.,0.68,Generated dictionary row from loaded source records; explicit business glossary can improve labels.,family-8-semantic-enrichment/F25_context-node-dictionary.csv,1191,tenant_file
skyharbor-air,CON-00253,Dell EMC,vendor_contract,family-8-semantic-enrichment/F25_context-node-dictionary.csv,Vendor Contract node used for semantic graph and diagram answers.,0.68,Generated dictionary row from loaded source records; explicit business glossary can improve labels.,family-8-semantic-enrichment/F25_context-node-dictionary.csv,1192,tenant_file
skyharbor-air,CON-00254,Teradata,vendor_contract,family-8-semantic-enrichment/F25_context-node-dictionary.csv,Vendor Contract node used for semantic graph and diagram answers.,0.68,Generated dictionary row from loaded source records; explicit business glossary can improve labels.,family-8-semantic-enrichment/F25_context-node-dictionary.csv,1193,tenant_file
skyharbor-air,CON-00255,Fortinet,vendor_contract,family-8-semantic-enrichment/F25_context-node-dictionary.csv,Vendor Contract node used for semantic graph and diagram answers.,0.68,Generated dictionary row from loaded source records; explicit business glossary can improve labels.,family-8-semantic-enrichment/F25_context-node-dictionary.csv,1194,tenant_file
skyharbor-air,CON-00256,Infosys,vendor_contract,family-8-semantic-enrichment/F25_context-node-dictionary.csv,Vendor Contract node used for semantic graph and diagram answers.,0.68,Generated dictionary row from loaded source records; explicit business glossary can improve labels.,family-8-semantic-enrichment/F25_context-node-dictionary.csv,1195,tenant_file
skyharbor-air,CON-00257,Accenture,vendor_contract,family-8-semantic-enrichment/F25_context-node-dictionary.csv,Vendor Contract node used for semantic graph and diagram answers.,0.68,Generated dictionary row from loaded source records; explicit business glossary can improve labels.,family-8-semantic-enrichment/F25_context-node-dictionary.csv,1196,tenant_file
skyharbor-air,CON-00258,Workday,vendor_contract,family-8-semantic-enrichment/F25_context-node-dictionary.csv,Vendor Contract node used for semantic graph and diagram answers.,0.68,Generated dictionary row from loaded source records; explicit business glossary can improve labels.,family-8-semantic-enrichment/F25_context-node-dictionary.csv,1197,tenant_file
skyharbor-air,CON-00259,Workday,vendor_contract,family-8-semantic-enrichment/F25_context-node-dictionary.csv,Vendor Contract node used for semantic graph and diagram answers.,0.68,Generated dictionary row from loaded source records; explicit business glossary can improve labels.,family-8-semantic-enrichment/F25_context-node-dictionary.csv,1198,tenant_file
skyharbor-air,CON-00260,Palo Alto,vendor_contract,family-8-semantic-enrichment/F25_context-node-dictionary.csv,Vendor Contract node used for semantic graph and diagram answers.,0.68,Generated dictionary row from loaded source records; explicit business glossary can improve labels.,family-8-semantic-enrichment/F25_context-node-dictionary.csv,1199,tenant_file
skyharbor-air,CON-00261,Databricks,vendor_contract,family-8-semantic-enrichment/F25_context-node-dictionary.csv,Vendor Contract node used for semantic graph and diagram answers.,0.68,Generated dictionary row from loaded source records; explicit business glossary can improve labels.,family-8-semantic-enrichment/F25_context-node-dictionary.csv,1200,tenant_file
skyharbor-air,CON-00262,AWS,vendor_contract,family-8-semantic-enrichment/F25_context-node-dictionary.csv,Vendor Contract node used for semantic graph and diagram answers.,0.68,Generated dictionary row from loaded source records; explicit business glossary can improve labels.,family-8-semantic-enrichment/F25_context-node-dictionary.csv,1201,tenant_file
skyharbor-air,CON-00263,ServiceNow,vendor_contract,family-8-semantic-enrichment/F25_context-node-dictionary.csv,Vendor Contract node used for semantic graph and diagram answers.,0.68,Generated dictionary row from loaded source records; explicit business glossary can improve labels.,family-8-semantic-enrichment/F25_context-node-dictionary.csv,1202,tenant_file
skyharbor-air,CON-00264,Teradata,vendor_contract,family-8-semantic-enrichment/F25_context-node-dictionary.csv,Vendor Contract node used for semantic graph and diagram answers.,0.68,Generated dictionary row from loaded source records; explicit business glossary can improve labels.,family-8-semantic-enrichment/F25_context-node-dictionary.csv,1203,tenant_file
skyharbor-air,CON-00265,SAP,vendor_contract,family-8-semantic-enrichment/F25_context-node-dictionary.csv,Vendor Contract node used for semantic graph and diagram answers.,0.68,Generated dictionary row from loaded source records; explicit business glossary can improve labels.,family-8-semantic-enrichment/F25_context-node-dictionary.csv,1204,tenant_file
skyharbor-air,CON-00266,Accenture,vendor_contract,family-8-semantic-enrichment/F25_context-node-dictionary.csv,Vendor Contract node used for semantic graph and diagram answers.,0.68,Generated dictionary row from loaded source records; explicit business glossary can improve labels.,family-8-semantic-enrichment/F25_context-node-dictionary.csv,1205,tenant_file
skyharbor-air,CON-00267,Salesforce,vendor_contract,family-8-semantic-enrichment/F25_context-node-dictionary.csv,Vendor Contract node used for semantic graph and diagram answers.,0.68,Generated dictionary row from loaded source records; explicit business glossary can improve labels.,family-8-semantic-enrichment/F25_context-node-dictionary.csv,1206,tenant_file
skyharbor-air,CON-00268,Informatica,vendor_contract,family-8-semantic-enrichment/F25_context-node-dictionary.csv,Vendor Contract node used for semantic graph and diagram answers.,0.68,Generated dictionary row from loaded source records; explicit business glossary can improve labels.,family-8-semantic-enrichment/F25_context-node-dictionary.csv,1207,tenant_file
skyharbor-air,CON-00269,IBM,vendor_contract,family-8-semantic-enrichment/F25_context-node-dictionary.csv,Vendor Contract node used for semantic graph and diagram answers.,0.68,Generated dictionary row from loaded source records; explicit business glossary can improve labels.,family-8-semantic-enrichment/F25_context-node-dictionary.csv,1208,tenant_file
skyharbor-air,CON-00270,Salesforce,vendor_contract,family-8-semantic-enrichment/F25_context-node-dictionary.csv,Vendor Contract node used for semantic graph and diagram answers.,0.68,Generated dictionary row from loaded source records; explicit business glossary can improve labels.,family-8-semantic-enrichment/F25_context-node-dictionary.csv,1209,tenant_file
skyharbor-air,CON-00271,Sabre,vendor_contract,family-8-semantic-enrichment/F25_context-node-dictionary.csv,Vendor Contract node used for semantic graph and diagram answers.,0.68,Generated dictionary row from loaded source records; explicit business glossary can improve labels.,family-8-semantic-enrichment/F25_context-node-dictionary.csv,1210,tenant_file
skyharbor-air,CON-00272,Salesforce,vendor_contract,family-8-semantic-enrichment/F25_context-node-dictionary.csv,Vendor Contract node used for semantic graph and diagram answers.,0.68,Generated dictionary row from loaded source records; explicit business glossary can improve labels.,family-8-semantic-enrichment/F25_context-node-dictionary.csv,1211,tenant_file
skyharbor-air,CON-00273,Red Hat,vendor_contract,family-8-semantic-enrichment/F25_context-node-dictionary.csv,Vendor Contract node used for semantic graph and diagram answers.,0.68,Generated dictionary row from loaded source records; explicit business glossary can improve labels.,family-8-semantic-enrichment/F25_context-node-dictionary.csv,1212,tenant_file
skyharbor-air,CON-00274,Informatica,vendor_contract,family-8-semantic-enrichment/F25_context-node-dictionary.csv,Vendor Contract node used for semantic graph and diagram answers.,0.68,Generated dictionary row from loaded source records; explicit business glossary can improve labels.,family-8-semantic-enrichment/F25_context-node-dictionary.csv,1213,tenant_file
skyharbor-air,CON-00275,Databricks,vendor_contract,family-8-semantic-enrichment/F25_context-node-dictionary.csv,Vendor Contract node used for semantic graph and diagram answers.,0.68,Generated dictionary row from loaded source records; explicit business glossary can improve labels.,family-8-semantic-enrichment/F25_context-node-dictionary.csv,1214,tenant_file
skyharbor-air,CON-00276,NetApp,vendor_contract,family-8-semantic-enrichment/F25_context-node-dictionary.csv,Vendor Contract node used for semantic graph and diagram answers.,0.68,Generated dictionary row from loaded source records; explicit business glossary can improve labels.,family-8-semantic-enrichment/F25_context-node-dictionary.csv,1215,tenant_file
skyharbor-air,CON-00277,Workday,vendor_contract,family-8-semantic-enrichment/F25_context-node-dictionary.csv,Vendor Contract node used for semantic graph and diagram answers.,0.68,Generated dictionary row from loaded source records; explicit business glossary can improve labels.,family-8-semantic-enrichment/F25_context-node-dictionary.csv,1216,tenant_file
skyharbor-air,CON-00278,Informatica,vendor_contract,family-8-semantic-enrichment/F25_context-node-dictionary.csv,Vendor Contract node used for semantic graph and diagram answers.,0.68,Generated dictionary row from loaded source records; explicit business glossary can improve labels.,family-8-semantic-enrichment/F25_context-node-dictionary.csv,1217,tenant_file
skyharbor-air,CON-00279,ServiceNow,vendor_contract,family-8-semantic-enrichment/F25_context-node-dictionary.csv,Vendor Contract node used for semantic graph and diagram answers.,0.68,Generated dictionary row from loaded source records; explicit business glossary can improve labels.,family-8-semantic-enrichment/F25_context-node-dictionary.csv,1218,tenant_file
skyharbor-air,CON-00280,Informatica,vendor_contract,family-8-semantic-enrichment/F25_context-node-dictionary.csv,Vendor Contract node used for semantic graph and diagram answers.,0.68,Generated dictionary row from loaded source records; explicit business glossary can improve labels.,family-8-semantic-enrichment/F25_context-node-dictionary.csv,1219,tenant_file
skyharbor-air,CON-00281,Dell EMC,vendor_contract,family-8-semantic-enrichment/F25_context-node-dictionary.csv,Vendor Contract node used for semantic graph and diagram answers.,0.68,Generated dictionary row from loaded source records; explicit business glossary can improve labels.,family-8-semantic-enrichment/F25_context-node-dictionary.csv,1220,tenant_file
skyharbor-air,CON-00282,Palo Alto,vendor_contract,family-8-semantic-enrichment/F25_context-node-dictionary.csv,Vendor Contract node used for semantic graph and diagram answers.,0.68,Generated dictionary row from loaded source records; explicit business glossary can improve labels.,family-8-semantic-enrichment/F25_context-node-dictionary.csv,1221,tenant_file
skyharbor-air,CON-00283,Palo Alto,vendor_contract,family-8-semantic-enrichment/F25_context-node-dictionary.csv,Vendor Contract node used for semantic graph and diagram answers.,0.68,Generated dictionary row from loaded source records; explicit business glossary can improve labels.,family-8-semantic-enrichment/F25_context-node-dictionary.csv,1222,tenant_file
skyharbor-air,CON-00284,Workday,vendor_contract,family-8-semantic-enrichment/F25_context-node-dictionary.csv,Vendor Contract node used for semantic graph and diagram answers.,0.68,Generated dictionary row from loaded source records; explicit business glossary can improve labels.,family-8-semantic-enrichment/F25_context-node-dictionary.csv,1223,tenant_file
skyharbor-air,CON-00285,VMware,vendor_contract,family-8-semantic-enrichment/F25_context-node-dictionary.csv,Vendor Contract node used for semantic graph and diagram answers.,0.68,Generated dictionary row from loaded source records; explicit business glossary can improve labels.,family-8-semantic-enrichment/F25_context-node-dictionary.csv,1224,tenant_file
skyharbor-air,CON-00286,VMware,vendor_contract,family-8-semantic-enrichment/F25_context-node-dictionary.csv,Vendor Contract node used for semantic graph and diagram answers.,0.68,Generated dictionary row from loaded source records; explicit business glossary can improve labels.,family-8-semantic-enrichment/F25_context-node-dictionary.csv,1225,tenant_file
skyharbor-air,CON-00287,Accenture,vendor_contract,family-8-semantic-enrichment/F25_context-node-dictionary.csv,Vendor Contract node used for semantic graph and diagram answers.,0.68,Generated dictionary row from loaded source records; explicit business glossary can improve labels.,family-8-semantic-enrichment/F25_context-node-dictionary.csv,1226,tenant_file
skyharbor-air,CON-00288,MuleSoft,vendor_contract,family-8-semantic-enrichment/F25_context-node-dictionary.csv,Vendor Contract node used for semantic graph and diagram answers.,0.68,Generated dictionary row from loaded source records; explicit business glossary can improve labels.,family-8-semantic-enrichment/F25_context-node-dictionary.csv,1227,tenant_file
skyharbor-air,CON-00289,Salesforce,vendor_contract,family-8-semantic-enrichment/F25_context-node-dictionary.csv,Vendor Contract node used for semantic graph and diagram answers.,0.68,Generated dictionary row from loaded source records; explicit business glossary can improve labels.,family-8-semantic-enrichment/F25_context-node-dictionary.csv,1228,tenant_file
skyharbor-air,CON-00290,Workday,vendor_contract,family-8-semantic-enrichment/F25_context-node-dictionary.csv,Vendor Contract node used for semantic graph and diagram answers.,0.68,Generated dictionary row from loaded source records; explicit business glossary can improve labels.,family-8-semantic-enrichment/F25_context-node-dictionary.csv,1229,tenant_file
skyharbor-air,CON-00291,Accenture,vendor_contract,family-8-semantic-enrichment/F25_context-node-dictionary.csv,Vendor Contract node used for semantic graph and diagram answers.,0.68,Generated dictionary row from loaded source records; explicit business glossary can improve labels.,family-8-semantic-enrichment/F25_context-node-dictionary.csv,1230,tenant_file
skyharbor-air,CON-00292,Palo Alto,vendor_contract,family-8-semantic-enrichment/F25_context-node-dictionary.csv,Vendor Contract node used for semantic graph and diagram answers.,0.68,Generated dictionary row from loaded source records; explicit business glossary can improve labels.,family-8-semantic-enrichment/F25_context-node-dictionary.csv,1231,tenant_file
skyharbor-air,CON-00293,Teradata,vendor_contract,family-8-semantic-enrichment/F25_context-node-dictionary.csv,Vendor Contract node used for semantic graph and diagram answers.,0.68,Generated dictionary row from loaded source records; explicit business glossary can improve labels.,family-8-semantic-enrichment/F25_context-node-dictionary.csv,1232,tenant_file
skyharbor-air,CON-00294,MuleSoft,vendor_contract,family-8-semantic-enrichment/F25_context-node-dictionary.csv,Vendor Contract node used for semantic graph and diagram answers.,0.68,Generated dictionary row from loaded source records; explicit business glossary can improve labels.,family-8-semantic-enrichment/F25_context-node-dictionary.csv,1233,tenant_file
skyharbor-air,CON-00295,TCS,vendor_contract,family-8-semantic-enrichment/F25_context-node-dictionary.csv,Vendor Contract node used for semantic graph and diagram answers.,0.68,Generated dictionary row from loaded source records; explicit business glossary can improve labels.,family-8-semantic-enrichment/F25_context-node-dictionary.csv,1234,tenant_file
skyharbor-air,CON-00296,Snowflake,vendor_contract,family-8-semantic-enrichment/F25_context-node-dictionary.csv,Vendor Contract node used for semantic graph and diagram answers.,0.68,Generated dictionary row from loaded source records; explicit business glossary can improve labels.,family-8-semantic-enrichment/F25_context-node-dictionary.csv,1235,tenant_file
skyharbor-air,CON-00297,NetApp,vendor_contract,family-8-semantic-enrichment/F25_context-node-dictionary.csv,Vendor Contract node used for semantic graph and diagram answers.,0.68,Generated dictionary row from loaded source records; explicit business glossary can improve labels.,family-8-semantic-enrichment/F25_context-node-dictionary.csv,1236,tenant_file
skyharbor-air,CON-00298,Teradata,vendor_contract,family-8-semantic-enrichment/F25_context-node-dictionary.csv,Vendor Contract node used for semantic graph and diagram answers.,0.68,Generated dictionary row from loaded source records; explicit business glossary can improve labels.,family-8-semantic-enrichment/F25_context-node-dictionary.csv,1237,tenant_file
skyharbor-air,CON-00299,Palo Alto,vendor_contract,family-8-semantic-enrichment/F25_context-node-dictionary.csv,Vendor Contract node used for semantic graph and diagram answers.,0.68,Generated dictionary row from loaded source records; explicit business glossary can improve labels.,family-8-semantic-enrichment/F25_context-node-dictionary.csv,1238,tenant_file
skyharbor-air,CON-00300,SAP,vendor_contract,family-8-semantic-enrichment/F25_context-node-dictionary.csv,Vendor Contract node used for semantic graph and diagram answers.,0.68,Generated dictionary row from loaded source records; explicit business glossary can improve labels.,family-8-semantic-enrichment/F25_context-node-dictionary.csv,1239,tenant_file
skyharbor-air,CON-00301,Workday,vendor_contract,family-8-semantic-enrichment/F25_context-node-dictionary.csv,Vendor Contract node used for semantic graph and diagram answers.,0.68,Generated dictionary row from loaded source records; explicit business glossary can improve labels.,family-8-semantic-enrichment/F25_context-node-dictionary.csv,1240,tenant_file
skyharbor-air,CON-00302,Oracle,vendor_contract,family-8-semantic-enrichment/F25_context-node-dictionary.csv,Vendor Contract node used for semantic graph and diagram answers.,0.68,Generated dictionary row from loaded source records; explicit business glossary can improve labels.,family-8-semantic-enrichment/F25_context-node-dictionary.csv,1241,tenant_file
skyharbor-air,CON-00303,Informatica,vendor_contract,family-8-semantic-enrichment/F25_context-node-dictionary.csv,Vendor Contract node used for semantic graph and diagram answers.,0.68,Generated dictionary row from loaded source records; explicit business glossary can improve labels.,family-8-semantic-enrichment/F25_context-node-dictionary.csv,1242,tenant_file
skyharbor-air,CON-00304,Salesforce,vendor_contract,family-8-semantic-enrichment/F25_context-node-dictionary.csv,Vendor Contract node used for semantic graph and diagram answers.,0.68,Generated dictionary row from loaded source records; explicit business glossary can improve labels.,family-8-semantic-enrichment/F25_context-node-dictionary.csv,1243,tenant_file
skyharbor-air,CON-00305,Amadeus,vendor_contract,family-8-semantic-enrichment/F25_context-node-dictionary.csv,Vendor Contract node used for semantic graph and diagram answers.,0.68,Generated dictionary row from loaded source records; explicit business glossary can improve labels.,family-8-semantic-enrichment/F25_context-node-dictionary.csv,1244,tenant_file
skyharbor-air,CON-00306,Fortinet,vendor_contract,family-8-semantic-enrichment/F25_context-node-dictionary.csv,Vendor Contract node used for semantic graph and diagram answers.,0.68,Generated dictionary row from loaded source records; explicit business glossary can improve labels.,family-8-semantic-enrichment/F25_context-node-dictionary.csv,1245,tenant_file
skyharbor-air,CON-00307,Accenture,vendor_contract,family-8-semantic-enrichment/F25_context-node-dictionary.csv,Vendor Contract node used for semantic graph and diagram answers.,0.68,Generated dictionary row from loaded source records; explicit business glossary can improve labels.,family-8-semantic-enrichment/F25_context-node-dictionary.csv,1246,tenant_file
skyharbor-air,CON-00308,Amadeus,vendor_contract,family-8-semantic-enrichment/F25_context-node-dictionary.csv,Vendor Contract node used for semantic graph and diagram answers.,0.68,Generated dictionary row from loaded source records; explicit business glossary can improve labels.,family-8-semantic-enrichment/F25_context-node-dictionary.csv,1247,tenant_file
skyharbor-air,CON-00309,Cisco,vendor_contract,family-8-semantic-enrichment/F25_context-node-dictionary.csv,Vendor Contract node used for semantic graph and diagram answers.,0.68,Generated dictionary row from loaded source records; explicit business glossary can improve labels.,family-8-semantic-enrichment/F25_context-node-dictionary.csv,1248,tenant_file
skyharbor-air,CON-00310,Snowflake,vendor_contract,family-8-semantic-enrichment/F25_context-node-dictionary.csv,Vendor Contract node used for semantic graph and diagram answers.,0.68,Generated dictionary row from loaded source records; explicit business glossary can improve labels.,family-8-semantic-enrichment/F25_context-node-dictionary.csv,1249,tenant_file
skyharbor-air,CON-00311,Cisco,vendor_contract,family-8-semantic-enrichment/F25_context-node-dictionary.csv,Vendor Contract node used for semantic graph and diagram answers.,0.68,Generated dictionary row from loaded source records; explicit business glossary can improve labels.,family-8-semantic-enrichment/F25_context-node-dictionary.csv,1250,tenant_file
skyharbor-air,CON-00312,Sabre,vendor_contract,family-8-semantic-enrichment/F25_context-node-dictionary.csv,Vendor Contract node used for semantic graph and diagram answers.,0.68,Generated dictionary row from loaded source records; explicit business glossary can improve labels.,family-8-semantic-enrichment/F25_context-node-dictionary.csv,1251,tenant_file
skyharbor-air,CON-00313,TCS,vendor_contract,family-8-semantic-enrichment/F25_context-node-dictionary.csv,Vendor Contract node used for semantic graph and diagram answers.,0.68,Generated dictionary row from loaded source records; explicit business glossary can improve labels.,family-8-semantic-enrichment/F25_context-node-dictionary.csv,1252,tenant_file
skyharbor-air,CON-00314,Fortinet,vendor_contract,family-8-semantic-enrichment/F25_context-node-dictionary.csv,Vendor Contract node used for semantic graph and diagram answers.,0.68,Generated dictionary row from loaded source records; explicit business glossary can improve labels.,family-8-semantic-enrichment/F25_context-node-dictionary.csv,1253,tenant_file
skyharbor-air,CON-00315,Salesforce,vendor_contract,family-8-semantic-enrichment/F25_context-node-dictionary.csv,Vendor Contract node used for semantic graph and diagram answers.,0.68,Generated dictionary row from loaded source records; explicit business glossary can improve labels.,family-8-semantic-enrichment/F25_context-node-dictionary.csv,1254,tenant_file
skyharbor-air,CON-00316,IBM,vendor_contract,family-8-semantic-enrichment/F25_context-node-dictionary.csv,Vendor Contract node used for semantic graph and diagram answers.,0.68,Generated dictionary row from loaded source records; explicit business glossary can improve labels.,family-8-semantic-enrichment/F25_context-node-dictionary.csv,1255,tenant_file
skyharbor-air,CON-00317,TCS,vendor_contract,family-8-semantic-enrichment/F25_context-node-dictionary.csv,Vendor Contract node used for semantic graph and diagram answers.,0.68,Generated dictionary row from loaded source records; explicit business glossary can improve labels.,family-8-semantic-enrichment/F25_context-node-dictionary.csv,1256,tenant_file
skyharbor-air,CON-00318,ServiceNow,vendor_contract,family-8-semantic-enrichment/F25_context-node-dictionary.csv,Vendor Contract node used for semantic graph and diagram answers.,0.68,Generated dictionary row from loaded source records; explicit business glossary can improve labels.,family-8-semantic-enrichment/F25_context-node-dictionary.csv,1257,tenant_file
skyharbor-air,CON-00319,Teradata,vendor_contract,family-8-semantic-enrichment/F25_context-node-dictionary.csv,Vendor Contract node used for semantic graph and diagram answers.,0.68,Generated dictionary row from loaded source records; explicit business glossary can improve labels.,family-8-semantic-enrichment/F25_context-node-dictionary.csv,1258,tenant_file
skyharbor-air,CON-00320,Cisco,vendor_contract,family-8-semantic-enrichment/F25_context-node-dictionary.csv,Vendor Contract node used for semantic graph and diagram answers.,0.68,Generated dictionary row from loaded source records; explicit business glossary can improve labels.,family-8-semantic-enrichment/F25_context-node-dictionary.csv,1259,tenant_file
skyharbor-air,NODE-000941,NODE 000941,graph_node,family-8-semantic-enrichment/F25_context-node-dictionary.csv,Graph Node node used for semantic graph and diagram answers.,0.68,Generated dictionary row from loaded source records; explicit business glossary can improve labels.,family-8-semantic-enrichment/F25_context-node-dictionary.csv,1260,tenant_file
skyharbor-air,NODE-000299,NODE 000299,graph_node,family-8-semantic-enrichment/F25_context-node-dictionary.csv,Graph Node node used for semantic graph and diagram answers.,0.68,Generated dictionary row from loaded source records; explicit business glossary can improve labels.,family-8-semantic-enrichment/F25_context-node-dictionary.csv,1261,tenant_file
skyharbor-air,NODE-002172,NODE 002172,graph_node,family-8-semantic-enrichment/F25_context-node-dictionary.csv,Graph Node node used for semantic graph and diagram answers.,0.68,Generated dictionary row from loaded source records; explicit business glossary can improve labels.,family-8-semantic-enrichment/F25_context-node-dictionary.csv,1262,tenant_file
skyharbor-air,NODE-000279,NODE 000279,graph_node,family-8-semantic-enrichment/F25_context-node-dictionary.csv,Graph Node node used for semantic graph and diagram answers.,0.68,Generated dictionary row from loaded source records; explicit business glossary can improve labels.,family-8-semantic-enrichment/F25_context-node-dictionary.csv,1263,tenant_file
skyharbor-air,NODE-001964,NODE 001964,graph_node,family-8-semantic-enrichment/F25_context-node-dictionary.csv,Graph Node node used for semantic graph and diagram answers.,0.68,Generated dictionary row from loaded source records; explicit business glossary can improve labels.,family-8-semantic-enrichment/F25_context-node-dictionary.csv,1264,tenant_file
skyharbor-air,NODE-000290,NODE 000290,graph_node,family-8-semantic-enrichment/F25_context-node-dictionary.csv,Graph Node node used for semantic graph and diagram answers.,0.68,Generated dictionary row from loaded source records; explicit business glossary can improve labels.,family-8-semantic-enrichment/F25_context-node-dictionary.csv,1265,tenant_file
skyharbor-air,NODE-001178,NODE 001178,graph_node,family-8-semantic-enrichment/F25_context-node-dictionary.csv,Graph Node node used for semantic graph and diagram answers.,0.68,Generated dictionary row from loaded source records; explicit business glossary can improve labels.,family-8-semantic-enrichment/F25_context-node-dictionary.csv,1266,tenant_file
skyharbor-air,NODE-000608,NODE 000608,graph_node,family-8-semantic-enrichment/F25_context-node-dictionary.csv,Graph Node node used for semantic graph and diagram answers.,0.68,Generated dictionary row from loaded source records; explicit business glossary can improve labels.,family-8-semantic-enrichment/F25_context-node-dictionary.csv,1267,tenant_file
skyharbor-air,NODE-001585,NODE 001585,graph_node,family-8-semantic-enrichment/F25_context-node-dictionary.csv,Graph Node node used for semantic graph and diagram answers.,0.68,Generated dictionary row from loaded source records; explicit business glossary can improve labels.,family-8-semantic-enrichment/F25_context-node-dictionary.csv,1268,tenant_file
skyharbor-air,NODE-000296,NODE 000296,graph_node,family-8-semantic-enrichment/F25_context-node-dictionary.csv,Graph Node node used for semantic graph and diagram answers.,0.68,Generated dictionary row from loaded source records; explicit business glossary can improve labels.,family-8-semantic-enrichment/F25_context-node-dictionary.csv,1269,tenant_file
skyharbor-air,NODE-001254,NODE 001254,graph_node,family-8-semantic-enrichment/F25_context-node-dictionary.csv,Graph Node node used for semantic graph and diagram answers.,0.68,Generated dictionary row from loaded source records; explicit business glossary can improve labels.,family-8-semantic-enrichment/F25_context-node-dictionary.csv,1270,tenant_file
skyharbor-air,NODE-000405,NODE 000405,graph_node,family-8-semantic-enrichment/F25_context-node-dictionary.csv,Graph Node node used for semantic graph and diagram answers.,0.68,Generated dictionary row from loaded source records; explicit business glossary can improve labels.,family-8-semantic-enrichment/F25_context-node-dictionary.csv,1271,tenant_file
skyharbor-air,NODE-001997,NODE 001997,graph_node,family-8-semantic-enrichment/F25_context-node-dictionary.csv,Graph Node node used for semantic graph and diagram answers.,0.68,Generated dictionary row from loaded source records; explicit business glossary can improve labels.,family-8-semantic-enrichment/F25_context-node-dictionary.csv,1272,tenant_file
skyharbor-air,NODE-000198,NODE 000198,graph_node,family-8-semantic-enrichment/F25_context-node-dictionary.csv,Graph Node node used for semantic graph and diagram answers.,0.68,Generated dictionary row from loaded source records; explicit business glossary can improve labels.,family-8-semantic-enrichment/F25_context-node-dictionary.csv,1273,tenant_file
skyharbor-air,NODE-001793,NODE 001793,graph_node,family-8-semantic-enrichment/F25_context-node-dictionary.csv,Graph Node node used for semantic graph and diagram answers.,0.68,Generated dictionary row from loaded source records; explicit business glossary can improve labels.,family-8-semantic-enrichment/F25_context-node-dictionary.csv,1274,tenant_file
skyharbor-air,NODE-000652,NODE 000652,graph_node,family-8-semantic-enrichment/F25_context-node-dictionary.csv,Graph Node node used for semantic graph and diagram answers.,0.68,Generated dictionary row from loaded source records; explicit business glossary can improve labels.,family-8-semantic-enrichment/F25_context-node-dictionary.csv,1275,tenant_file
skyharbor-air,NODE-001081,NODE 001081,graph_node,family-8-semantic-enrichment/F25_context-node-dictionary.csv,Graph Node node used for semantic graph and diagram answers.,0.68,Generated dictionary row from loaded source records; explicit business glossary can improve labels.,family-8-semantic-enrichment/F25_context-node-dictionary.csv,1276,tenant_file
skyharbor-air,NODE-000331,NODE 000331,graph_node,family-8-semantic-enrichment/F25_context-node-dictionary.csv,Graph Node node used for semantic graph and diagram answers.,0.68,Generated dictionary row from loaded source records; explicit business glossary can improve labels.,family-8-semantic-enrichment/F25_context-node-dictionary.csv,1277,tenant_file
skyharbor-air,NODE-001646,NODE 001646,graph_node,family-8-semantic-enrichment/F25_context-node-dictionary.csv,Graph Node node used for semantic graph and diagram answers.,0.68,Generated dictionary row from loaded source records; explicit business glossary can improve labels.,family-8-semantic-enrichment/F25_context-node-dictionary.csv,1278,tenant_file
skyharbor-air,NODE-000193,NODE 000193,graph_node,family-8-semantic-enrichment/F25_context-node-dictionary.csv,Graph Node node used for semantic graph and diagram answers.,0.68,Generated dictionary row from loaded source records; explicit business glossary can improve labels.,family-8-semantic-enrichment/F25_context-node-dictionary.csv,1279,tenant_file
skyharbor-air,NODE-001203,NODE 001203,graph_node,family-8-semantic-enrichment/F25_context-node-dictionary.csv,Graph Node node used for semantic graph and diagram answers.,0.68,Generated dictionary row from loaded source records; explicit business glossary can improve labels.,family-8-semantic-enrichment/F25_context-node-dictionary.csv,1280,tenant_file
skyharbor-air,NODE-000394,NODE 000394,graph_node,family-8-semantic-enrichment/F25_context-node-dictionary.csv,Graph Node node used for semantic graph and diagram answers.,0.68,Generated dictionary row from loaded source records; explicit business glossary can improve labels.,family-8-semantic-enrichment/F25_context-node-dictionary.csv,1281,tenant_file
skyharbor-air,NODE-001649,NODE 001649,graph_node,family-8-semantic-enrichment/F25_context-node-dictionary.csv,Graph Node node used for semantic graph and diagram answers.,0.68,Generated dictionary row from loaded source records; explicit business glossary can improve labels.,family-8-semantic-enrichment/F25_context-node-dictionary.csv,1282,tenant_file
skyharbor-air,NODE-000580,NODE 000580,graph_node,family-8-semantic-enrichment/F25_context-node-dictionary.csv,Graph Node node used for semantic graph and diagram answers.,0.68,Generated dictionary row from loaded source records; explicit business glossary can improve labels.,family-8-semantic-enrichment/F25_context-node-dictionary.csv,1283,tenant_file
skyharbor-air,NODE-002229,NODE 002229,graph_node,family-8-semantic-enrichment/F25_context-node-dictionary.csv,Graph Node node used for semantic graph and diagram answers.,0.68,Generated dictionary row from loaded source records; explicit business glossary can improve labels.,family-8-semantic-enrichment/F25_context-node-dictionary.csv,1284,tenant_file
skyharbor-air,NODE-000202,NODE 000202,graph_node,family-8-semantic-enrichment/F25_context-node-dictionary.csv,Graph Node node used for semantic graph and diagram answers.,0.68,Generated dictionary row from loaded source records; explicit business glossary can improve labels.,family-8-semantic-enrichment/F25_context-node-dictionary.csv,1285,tenant_file
skyharbor-air,NODE-001303,NODE 001303,graph_node,family-8-semantic-enrichment/F25_context-node-dictionary.csv,Graph Node node used for semantic graph and diagram answers.,0.68,Generated dictionary row from loaded source records; explicit business glossary can improve labels.,family-8-semantic-enrichment/F25_context-node-dictionary.csv,1286,tenant_file
skyharbor-air,NODE-000255,NODE 000255,graph_node,family-8-semantic-enrichment/F25_context-node-dictionary.csv,Graph Node node used for semantic graph and diagram answers.,0.68,Generated dictionary row from loaded source records; explicit business glossary can improve labels.,family-8-semantic-enrichment/F25_context-node-dictionary.csv,1287,tenant_file
skyharbor-air,NODE-000829,NODE 000829,graph_node,family-8-semantic-enrichment/F25_context-node-dictionary.csv,Graph Node node used for semantic graph and diagram answers.,0.68,Generated dictionary row from loaded source records; explicit business glossary can improve labels.,family-8-semantic-enrichment/F25_context-node-dictionary.csv,1288,tenant_file
skyharbor-air,NODE-000194,NODE 000194,graph_node,family-8-semantic-enrichment/F25_context-node-dictionary.csv,Graph Node node used for semantic graph and diagram answers.,0.68,Generated dictionary row from loaded source records; explicit business glossary can improve labels.,family-8-semantic-enrichment/F25_context-node-dictionary.csv,1289,tenant_file
skyharbor-air,NODE-001820,NODE 001820,graph_node,family-8-semantic-enrichment/F25_context-node-dictionary.csv,Graph Node node used for semantic graph and diagram answers.,0.68,Generated dictionary row from loaded source records; explicit business glossary can improve labels.,family-8-semantic-enrichment/F25_context-node-dictionary.csv,1290,tenant_file
skyharbor-air,NODE-000370,NODE 000370,graph_node,family-8-semantic-enrichment/F25_context-node-dictionary.csv,Graph Node node used for semantic graph and diagram answers.,0.68,Generated dictionary row from loaded source records; explicit business glossary can improve labels.,family-8-semantic-enrichment/F25_context-node-dictionary.csv,1291,tenant_file
skyharbor-air,NODE-001144,NODE 001144,graph_node,family-8-semantic-enrichment/F25_context-node-dictionary.csv,Graph Node node used for semantic graph and diagram answers.,0.68,Generated dictionary row from loaded source records; explicit business glossary can improve labels.,family-8-semantic-enrichment/F25_context-node-dictionary.csv,1292,tenant_file
skyharbor-air,NODE-000420,NODE 000420,graph_node,family-8-semantic-enrichment/F25_context-node-dictionary.csv,Graph Node node used for semantic graph and diagram answers.,0.68,Generated dictionary row from loaded source records; explicit business glossary can improve labels.,family-8-semantic-enrichment/F25_context-node-dictionary.csv,1293,tenant_file
skyharbor-air,NODE-002195,NODE 002195,graph_node,family-8-semantic-enrichment/F25_context-node-dictionary.csv,Graph Node node used for semantic graph and diagram answers.,0.68,Generated dictionary row from loaded source records; explicit business glossary can improve labels.,family-8-semantic-enrichment/F25_context-node-dictionary.csv,1294,tenant_file
skyharbor-air,NODE-000204,NODE 000204,graph_node,family-8-semantic-enrichment/F25_context-node-dictionary.csv,Graph Node node used for semantic graph and diagram answers.,0.68,Generated dictionary row from loaded source records; explicit business glossary can improve labels.,family-8-semantic-enrichment/F25_context-node-dictionary.csv,1295,tenant_file
skyharbor-air,NODE-001986,NODE 001986,graph_node,family-8-semantic-enrichment/F25_context-node-dictionary.csv,Graph Node node used for semantic graph and diagram answers.,0.68,Generated dictionary row from loaded source records; explicit business glossary can improve labels.,family-8-semantic-enrichment/F25_context-node-dictionary.csv,1296,tenant_file
skyharbor-air,NODE-000515,NODE 000515,graph_node,family-8-semantic-enrichment/F25_context-node-dictionary.csv,Graph Node node used for semantic graph and diagram answers.,0.68,Generated dictionary row from loaded source records; explicit business glossary can improve labels.,family-8-semantic-enrichment/F25_context-node-dictionary.csv,1297,tenant_file
skyharbor-air,NODE-000849,NODE 000849,graph_node,family-8-semantic-enrichment/F25_context-node-dictionary.csv,Graph Node node used for semantic graph and diagram answers.,0.68,Generated dictionary row from loaded source records; explicit business glossary can improve labels.,family-8-semantic-enrichment/F25_context-node-dictionary.csv,1298,tenant_file
skyharbor-air,NODE-000717,NODE 000717,graph_node,family-8-semantic-enrichment/F25_context-node-dictionary.csv,Graph Node node used for semantic graph and diagram answers.,0.68,Generated dictionary row from loaded source records; explicit business glossary can improve labels.,family-8-semantic-enrichment/F25_context-node-dictionary.csv,1299,tenant_file
skyharbor-air,NODE-002263,NODE 002263,graph_node,family-8-semantic-enrichment/F25_context-node-dictionary.csv,Graph Node node used for semantic graph and diagram answers.,0.68,Generated dictionary row from loaded source records; explicit business glossary can improve labels.,family-8-semantic-enrichment/F25_context-node-dictionary.csv,1300,tenant_file
skyharbor-air,NODE-000754,NODE 000754,graph_node,family-8-semantic-enrichment/F25_context-node-dictionary.csv,Graph Node node used for semantic graph and diagram answers.,0.68,Generated dictionary row from loaded source records; explicit business glossary can improve labels.,family-8-semantic-enrichment/F25_context-node-dictionary.csv,1301,tenant_file
skyharbor-air,NODE-001453,NODE 001453,graph_node,family-8-semantic-enrichment/F25_context-node-dictionary.csv,Graph Node node used for semantic graph and diagram answers.,0.68,Generated dictionary row from loaded source records; explicit business glossary can improve labels.,family-8-semantic-enrichment/F25_context-node-dictionary.csv,1302,tenant_file
skyharbor-air,NODE-000598,NODE 000598,graph_node,family-8-semantic-enrichment/F25_context-node-dictionary.csv,Graph Node node used for semantic graph and diagram answers.,0.68,Generated dictionary row from loaded source records; explicit business glossary can improve labels.,family-8-semantic-enrichment/F25_context-node-dictionary.csv,1303,tenant_file
skyharbor-air,NODE-001657,NODE 001657,graph_node,family-8-semantic-enrichment/F25_context-node-dictionary.csv,Graph Node node used for semantic graph and diagram answers.,0.68,Generated dictionary row from loaded source records; explicit business glossary can improve labels.,family-8-semantic-enrichment/F25_context-node-dictionary.csv,1304,tenant_file
skyharbor-air,NODE-000628,NODE 000628,graph_node,family-8-semantic-enrichment/F25_context-node-dictionary.csv,Graph Node node used for semantic graph and diagram answers.,0.68,Generated dictionary row from loaded source records; explicit business glossary can improve labels.,family-8-semantic-enrichment/F25_context-node-dictionary.csv,1305,tenant_file
skyharbor-air,NODE-001694,NODE 001694,graph_node,family-8-semantic-enrichment/F25_context-node-dictionary.csv,Graph Node node used for semantic graph and diagram answers.,0.68,Generated dictionary row from loaded source records; explicit business glossary can improve labels.,family-8-semantic-enrichment/F25_context-node-dictionary.csv,1306,tenant_file
skyharbor-air,NODE-000747,NODE 000747,graph_node,family-8-semantic-enrichment/F25_context-node-dictionary.csv,Graph Node node used for semantic graph and diagram answers.,0.68,Generated dictionary row from loaded source records; explicit business glossary can improve labels.,family-8-semantic-enrichment/F25_context-node-dictionary.csv,1307,tenant_file
skyharbor-air,NODE-000884,NODE 000884,graph_node,family-8-semantic-enrichment/F25_context-node-dictionary.csv,Graph Node node used for semantic graph and diagram answers.,0.68,Generated dictionary row from loaded source records; explicit business glossary can improve labels.,family-8-semantic-enrichment/F25_context-node-dictionary.csv,1308,tenant_file
skyharbor-air,NODE-000317,NODE 000317,graph_node,family-8-semantic-enrichment/F25_context-node-dictionary.csv,Graph Node node used for semantic graph and diagram answers.,0.68,Generated dictionary row from loaded source records; explicit business glossary can improve labels.,family-8-semantic-enrichment/F25_context-node-dictionary.csv,1309,tenant_file
skyharbor-air,NODE-001557,NODE 001557,graph_node,family-8-semantic-enrichment/F25_context-node-dictionary.csv,Graph Node node used for semantic graph and diagram answers.,0.68,Generated dictionary row from loaded source records; explicit business glossary can improve labels.,family-8-semantic-enrichment/F25_context-node-dictionary.csv,1310,tenant_file
skyharbor-air,NODE-000482,NODE 000482,graph_node,family-8-semantic-enrichment/F25_context-node-dictionary.csv,Graph Node node used for semantic graph and diagram answers.,0.68,Generated dictionary row from loaded source records; explicit business glossary can improve labels.,family-8-semantic-enrichment/F25_context-node-dictionary.csv,1311,tenant_file
skyharbor-air,NODE-002238,NODE 002238,graph_node,family-8-semantic-enrichment/F25_context-node-dictionary.csv,Graph Node node used for semantic graph and diagram answers.,0.68,Generated dictionary row from loaded source records; explicit business glossary can improve labels.,family-8-semantic-enrichment/F25_context-node-dictionary.csv,1312,tenant_file
skyharbor-air,NODE-000197,NODE 000197,graph_node,family-8-semantic-enrichment/F25_context-node-dictionary.csv,Graph Node node used for semantic graph and diagram answers.,0.68,Generated dictionary row from loaded source records; explicit business glossary can improve labels.,family-8-semantic-enrichment/F25_context-node-dictionary.csv,1313,tenant_file
skyharbor-air,NODE-001809,NODE 001809,graph_node,family-8-semantic-enrichment/F25_context-node-dictionary.csv,Graph Node node used for semantic graph and diagram answers.,0.68,Generated dictionary row from loaded source records; explicit business glossary can improve labels.,family-8-semantic-enrichment/F25_context-node-dictionary.csv,1314,tenant_file
skyharbor-air,NODE-000645,NODE 000645,graph_node,family-8-semantic-enrichment/F25_context-node-dictionary.csv,Graph Node node used for semantic graph and diagram answers.,0.68,Generated dictionary row from loaded source records; explicit business glossary can improve labels.,family-8-semantic-enrichment/F25_context-node-dictionary.csv,1315,tenant_file
skyharbor-air,NODE-001896,NODE 001896,graph_node,family-8-semantic-enrichment/F25_context-node-dictionary.csv,Graph Node node used for semantic graph and diagram answers.,0.68,Generated dictionary row from loaded source records; explicit business glossary can improve labels.,family-8-semantic-enrichment/F25_context-node-dictionary.csv,1316,tenant_file
skyharbor-air,NODE-000234,NODE 000234,graph_node,family-8-semantic-enrichment/F25_context-node-dictionary.csv,Graph Node node used for semantic graph and diagram answers.,0.68,Generated dictionary row from loaded source records; explicit business glossary can improve labels.,family-8-semantic-enrichment/F25_context-node-dictionary.csv,1317,tenant_file
skyharbor-air,NODE-002096,NODE 002096,graph_node,family-8-semantic-enrichment/F25_context-node-dictionary.csv,Graph Node node used for semantic graph and diagram answers.,0.68,Generated dictionary row from loaded source records; explicit business glossary can improve labels.,family-8-semantic-enrichment/F25_context-node-dictionary.csv,1318,tenant_file
skyharbor-air,NODE-000578,NODE 000578,graph_node,family-8-semantic-enrichment/F25_context-node-dictionary.csv,Graph Node node used for semantic graph and diagram answers.,0.68,Generated dictionary row from loaded source records; explicit business glossary can improve labels.,family-8-semantic-enrichment/F25_context-node-dictionary.csv,1319,tenant_file
skyharbor-air,NODE-001002,NODE 001002,graph_node,family-8-semantic-enrichment/F25_context-node-dictionary.csv,Graph Node node used for semantic graph and diagram answers.,0.68,Generated dictionary row from loaded source records; explicit business glossary can improve labels.,family-8-semantic-enrichment/F25_context-node-dictionary.csv,1320,tenant_file
skyharbor-air,NODE-000491,NODE 000491,graph_node,family-8-semantic-enrichment/F25_context-node-dictionary.csv,Graph Node node used for semantic graph and diagram answers.,0.68,Generated dictionary row from loaded source records; explicit business glossary can improve labels.,family-8-semantic-enrichment/F25_context-node-dictionary.csv,1321,tenant_file
skyharbor-air,NODE-002122,NODE 002122,graph_node,family-8-semantic-enrichment/F25_context-node-dictionary.csv,Graph Node node used for semantic graph and diagram answers.,0.68,Generated dictionary row from loaded source records; explicit business glossary can improve labels.,family-8-semantic-enrichment/F25_context-node-dictionary.csv,1322,tenant_file
skyharbor-air,NODE-000147,NODE 000147,graph_node,family-8-semantic-enrichment/F25_context-node-dictionary.csv,Graph Node node used for semantic graph and diagram answers.,0.68,Generated dictionary row from loaded source records; explicit business glossary can improve labels.,family-8-semantic-enrichment/F25_context-node-dictionary.csv,1323,tenant_file
skyharbor-air,NODE-002392,NODE 002392,graph_node,family-8-semantic-enrichment/F25_context-node-dictionary.csv,Graph Node node used for semantic graph and diagram answers.,0.68,Generated dictionary row from loaded source records; explicit business glossary can improve labels.,family-8-semantic-enrichment/F25_context-node-dictionary.csv,1324,tenant_file
skyharbor-air,NODE-000713,NODE 000713,graph_node,family-8-semantic-enrichment/F25_context-node-dictionary.csv,Graph Node node used for semantic graph and diagram answers.,0.68,Generated dictionary row from loaded source records; explicit business glossary can improve labels.,family-8-semantic-enrichment/F25_context-node-dictionary.csv,1325,tenant_file
skyharbor-air,NODE-001605,NODE 001605,graph_node,family-8-semantic-enrichment/F25_context-node-dictionary.csv,Graph Node node used for semantic graph and diagram answers.,0.68,Generated dictionary row from loaded source records; explicit business glossary can improve labels.,family-8-semantic-enrichment/F25_context-node-dictionary.csv,1326,tenant_file
skyharbor-air,NODE-000489,NODE 000489,graph_node,family-8-semantic-enrichment/F25_context-node-dictionary.csv,Graph Node node used for semantic graph and diagram answers.,0.68,Generated dictionary row from loaded source records; explicit business glossary can improve labels.,family-8-semantic-enrichment/F25_context-node-dictionary.csv,1327,tenant_file
skyharbor-air,NODE-002069,NODE 002069,graph_node,family-8-semantic-enrichment/F25_context-node-dictionary.csv,Graph Node node used for semantic graph and diagram answers.,0.68,Generated dictionary row from loaded source records; explicit business glossary can improve labels.,family-8-semantic-enrichment/F25_context-node-dictionary.csv,1328,tenant_file
skyharbor-air,NODE-000177,NODE 000177,graph_node,family-8-semantic-enrichment/F25_context-node-dictionary.csv,Graph Node node used for semantic graph and diagram answers.,0.68,Generated dictionary row from loaded source records; explicit business glossary can improve labels.,family-8-semantic-enrichment/F25_context-node-dictionary.csv,1329,tenant_file
skyharbor-air,NODE-001228,NODE 001228,graph_node,family-8-semantic-enrichment/F25_context-node-dictionary.csv,Graph Node node used for semantic graph and diagram answers.,0.68,Generated dictionary row from loaded source records; explicit business glossary can improve labels.,family-8-semantic-enrichment/F25_context-node-dictionary.csv,1330,tenant_file
skyharbor-air,NODE-000721,NODE 000721,graph_node,family-8-semantic-enrichment/F25_context-node-dictionary.csv,Graph Node node used for semantic graph and diagram answers.,0.68,Generated dictionary row from loaded source records; explicit business glossary can improve labels.,family-8-semantic-enrichment/F25_context-node-dictionary.csv,1331,tenant_file
skyharbor-air,NODE-001107,NODE 001107,graph_node,family-8-semantic-enrichment/F25_context-node-dictionary.csv,Graph Node node used for semantic graph and diagram answers.,0.68,Generated dictionary row from loaded source records; explicit business glossary can improve labels.,family-8-semantic-enrichment/F25_context-node-dictionary.csv,1332,tenant_file
skyharbor-air,NODE-000246,NODE 000246,graph_node,family-8-semantic-enrichment/F25_context-node-dictionary.csv,Graph Node node used for semantic graph and diagram answers.,0.68,Generated dictionary row from loaded source records; explicit business glossary can improve labels.,family-8-semantic-enrichment/F25_context-node-dictionary.csv,1333,tenant_file
skyharbor-air,NODE-000490,NODE 000490,graph_node,family-8-semantic-enrichment/F25_context-node-dictionary.csv,Graph Node node used for semantic graph and diagram answers.,0.68,Generated dictionary row from loaded source records; explicit business glossary can improve labels.,family-8-semantic-enrichment/F25_context-node-dictionary.csv,1334,tenant_file
skyharbor-air,NODE-001576,NODE 001576,graph_node,family-8-semantic-enrichment/F25_context-node-dictionary.csv,Graph Node node used for semantic graph and diagram answers.,0.68,Generated dictionary row from loaded source records; explicit business glossary can improve labels.,family-8-semantic-enrichment/F25_context-node-dictionary.csv,1335,tenant_file
skyharbor-air,NODE-000665,NODE 000665,graph_node,family-8-semantic-enrichment/F25_context-node-dictionary.csv,Graph Node node used for semantic graph and diagram answers.,0.68,Generated dictionary row from loaded source records; explicit business glossary can improve labels.,family-8-semantic-enrichment/F25_context-node-dictionary.csv,1336,tenant_file
skyharbor-air,NODE-001708,NODE 001708,graph_node,family-8-semantic-enrichment/F25_context-node-dictionary.csv,Graph Node node used for semantic graph and diagram answers.,0.68,Generated dictionary row from loaded source records; explicit business glossary can improve labels.,family-8-semantic-enrichment/F25_context-node-dictionary.csv,1337,tenant_file
skyharbor-air,NODE-000472,NODE 000472,graph_node,family-8-semantic-enrichment/F25_context-node-dictionary.csv,Graph Node node used for semantic graph and diagram answers.,0.68,Generated dictionary row from loaded source records; explicit business glossary can improve labels.,family-8-semantic-enrichment/F25_context-node-dictionary.csv,1338,tenant_file
skyharbor-air,NODE-001802,NODE 001802,graph_node,family-8-semantic-enrichment/F25_context-node-dictionary.csv,Graph Node node used for semantic graph and diagram answers.,0.68,Generated dictionary row from loaded source records; explicit business glossary can improve labels.,family-8-semantic-enrichment/F25_context-node-dictionary.csv,1339,tenant_file
skyharbor-air,NODE-000339,NODE 000339,graph_node,family-8-semantic-enrichment/F25_context-node-dictionary.csv,Graph Node node used for semantic graph and diagram answers.,0.68,Generated dictionary row from loaded source records; explicit business glossary can improve labels.,family-8-semantic-enrichment/F25_context-node-dictionary.csv,1340,tenant_file
skyharbor-air,NODE-001881,NODE 001881,graph_node,family-8-semantic-enrichment/F25_context-node-dictionary.csv,Graph Node node used for semantic graph and diagram answers.,0.68,Generated dictionary row from loaded source records; explicit business glossary can improve labels.,family-8-semantic-enrichment/F25_context-node-dictionary.csv,1341,tenant_file
skyharbor-air,NODE-000731,NODE 000731,graph_node,family-8-semantic-enrichment/F25_context-node-dictionary.csv,Graph Node node used for semantic graph and diagram answers.,0.68,Generated dictionary row from loaded source records; explicit business glossary can improve labels.,family-8-semantic-enrichment/F25_context-node-dictionary.csv,1342,tenant_file
skyharbor-air,NODE-001860,NODE 001860,graph_node,family-8-semantic-enrichment/F25_context-node-dictionary.csv,Graph Node node used for semantic graph and diagram answers.,0.68,Generated dictionary row from loaded source records; explicit business glossary can improve labels.,family-8-semantic-enrichment/F25_context-node-dictionary.csv,1343,tenant_file
skyharbor-air,NODE-000716,NODE 000716,graph_node,family-8-semantic-enrichment/F25_context-node-dictionary.csv,Graph Node node used for semantic graph and diagram answers.,0.68,Generated dictionary row from loaded source records; explicit business glossary can improve labels.,family-8-semantic-enrichment/F25_context-node-dictionary.csv,1344,tenant_file
skyharbor-air,NODE-002498,NODE 002498,graph_node,family-8-semantic-enrichment/F25_context-node-dictionary.csv,Graph Node node used for semantic graph and diagram answers.,0.68,Generated dictionary row from loaded source records; explicit business glossary can improve labels.,family-8-semantic-enrichment/F25_context-node-dictionary.csv,1345,tenant_file
skyharbor-air,NODE-000328,NODE 000328,graph_node,family-8-semantic-enrichment/F25_context-node-dictionary.csv,Graph Node node used for semantic graph and diagram answers.,0.68,Generated dictionary row from loaded source records; explicit business glossary can improve labels.,family-8-semantic-enrichment/F25_context-node-dictionary.csv,1346,tenant_file
skyharbor-air,NODE-000525,NODE 000525,graph_node,family-8-semantic-enrichment/F25_context-node-dictionary.csv,Graph Node node used for semantic graph and diagram answers.,0.68,Generated dictionary row from loaded source records; explicit business glossary can improve labels.,family-8-semantic-enrichment/F25_context-node-dictionary.csv,1347,tenant_file
skyharbor-air,NODE-000915,NODE 000915,graph_node,family-8-semantic-enrichment/F25_context-node-dictionary.csv,Graph Node node used for semantic graph and diagram answers.,0.68,Generated dictionary row from loaded source records; explicit business glossary can improve labels.,family-8-semantic-enrichment/F25_context-node-dictionary.csv,1348,tenant_file
skyharbor-air,NODE-000203,NODE 000203,graph_node,family-8-semantic-enrichment/F25_context-node-dictionary.csv,Graph Node node used for semantic graph and diagram answers.,0.68,Generated dictionary row from loaded source records; explicit business glossary can improve labels.,family-8-semantic-enrichment/F25_context-node-dictionary.csv,1349,tenant_file
skyharbor-air,NODE-002428,NODE 002428,graph_node,family-8-semantic-enrichment/F25_context-node-dictionary.csv,Graph Node node used for semantic graph and diagram answers.,0.68,Generated dictionary row from loaded source records; explicit business glossary can improve labels.,family-8-semantic-enrichment/F25_context-node-dictionary.csv,1350,tenant_file
skyharbor-air,NODE-000178,NODE 000178,graph_node,family-8-semantic-enrichment/F25_context-node-dictionary.csv,Graph Node node used for semantic graph and diagram answers.,0.68,Generated dictionary row from loaded source records; explicit business glossary can improve labels.,family-8-semantic-enrichment/F25_context-node-dictionary.csv,1351,tenant_file
skyharbor-air,NODE-000900,NODE 000900,graph_node,family-8-semantic-enrichment/F25_context-node-dictionary.csv,Graph Node node used for semantic graph and diagram answers.,0.68,Generated dictionary row from loaded source records; explicit business glossary can improve labels.,family-8-semantic-enrichment/F25_context-node-dictionary.csv,1352,tenant_file
skyharbor-air,NODE-000497,NODE 000497,graph_node,family-8-semantic-enrichment/F25_context-node-dictionary.csv,Graph Node node used for semantic graph and diagram answers.,0.68,Generated dictionary row from loaded source records; explicit business glossary can improve labels.,family-8-semantic-enrichment/F25_context-node-dictionary.csv,1353,tenant_file
skyharbor-air,NODE-001633,NODE 001633,graph_node,family-8-semantic-enrichment/F25_context-node-dictionary.csv,Graph Node node used for semantic graph and diagram answers.,0.68,Generated dictionary row from loaded source records; explicit business glossary can improve labels.,family-8-semantic-enrichment/F25_context-node-dictionary.csv,1354,tenant_file
skyharbor-air,NODE-000361,NODE 000361,graph_node,family-8-semantic-enrichment/F25_context-node-dictionary.csv,Graph Node node used for semantic graph and diagram answers.,0.68,Generated dictionary row from loaded source records; explicit business glossary can improve labels.,family-8-semantic-enrichment/F25_context-node-dictionary.csv,1355,tenant_file
skyharbor-air,NODE-001300,NODE 001300,graph_node,family-8-semantic-enrichment/F25_context-node-dictionary.csv,Graph Node node used for semantic graph and diagram answers.,0.68,Generated dictionary row from loaded source records; explicit business glossary can improve labels.,family-8-semantic-enrichment/F25_context-node-dictionary.csv,1356,tenant_file
skyharbor-air,NODE-000402,NODE 000402,graph_node,family-8-semantic-enrichment/F25_context-node-dictionary.csv,Graph Node node used for semantic graph and diagram answers.,0.68,Generated dictionary row from loaded source records; explicit business glossary can improve labels.,family-8-semantic-enrichment/F25_context-node-dictionary.csv,1357,tenant_file
skyharbor-air,NODE-001898,NODE 001898,graph_node,family-8-semantic-enrichment/F25_context-node-dictionary.csv,Graph Node node used for semantic graph and diagram answers.,0.68,Generated dictionary row from loaded source records; explicit business glossary can improve labels.,family-8-semantic-enrichment/F25_context-node-dictionary.csv,1358,tenant_file
skyharbor-air,NODE-000703,NODE 000703,graph_node,family-8-semantic-enrichment/F25_context-node-dictionary.csv,Graph Node node used for semantic graph and diagram answers.,0.68,Generated dictionary row from loaded source records; explicit business glossary can improve labels.,family-8-semantic-enrichment/F25_context-node-dictionary.csv,1359,tenant_file
skyharbor-air,NODE-001279,NODE 001279,graph_node,family-8-semantic-enrichment/F25_context-node-dictionary.csv,Graph Node node used for semantic graph and diagram answers.,0.68,Generated dictionary row from loaded source records; explicit business glossary can improve labels.,family-8-semantic-enrichment/F25_context-node-dictionary.csv,1360,tenant_file
skyharbor-air,NODE-000164,NODE 000164,graph_node,family-8-semantic-enrichment/F25_context-node-dictionary.csv,Graph Node node used for semantic graph and diagram answers.,0.68,Generated dictionary row from loaded source records; explicit business glossary can improve labels.,family-8-semantic-enrichment/F25_context-node-dictionary.csv,1361,tenant_file
skyharbor-air,NODE-001734,NODE 001734,graph_node,family-8-semantic-enrichment/F25_context-node-dictionary.csv,Graph Node node used for semantic graph and diagram answers.,0.68,Generated dictionary row from loaded source records; explicit business glossary can improve labels.,family-8-semantic-enrichment/F25_context-node-dictionary.csv,1362,tenant_file
skyharbor-air,NODE-000736,NODE 000736,graph_node,family-8-semantic-enrichment/F25_context-node-dictionary.csv,Graph Node node used for semantic graph and diagram answers.,0.68,Generated dictionary row from loaded source records; explicit business glossary can improve labels.,family-8-semantic-enrichment/F25_context-node-dictionary.csv,1363,tenant_file
skyharbor-air,NODE-001538,NODE 001538,graph_node,family-8-semantic-enrichment/F25_context-node-dictionary.csv,Graph Node node used for semantic graph and diagram answers.,0.68,Generated dictionary row from loaded source records; explicit business glossary can improve labels.,family-8-semantic-enrichment/F25_context-node-dictionary.csv,1364,tenant_file
skyharbor-air,NODE-001575,NODE 001575,graph_node,family-8-semantic-enrichment/F25_context-node-dictionary.csv,Graph Node node used for semantic graph and diagram answers.,0.68,Generated dictionary row from loaded source records; explicit business glossary can improve labels.,family-8-semantic-enrichment/F25_context-node-dictionary.csv,1365,tenant_file
skyharbor-air,NODE-000215,NODE 000215,graph_node,family-8-semantic-enrichment/F25_context-node-dictionary.csv,Graph Node node used for semantic graph and diagram answers.,0.68,Generated dictionary row from loaded source records; explicit business glossary can improve labels.,family-8-semantic-enrichment/F25_context-node-dictionary.csv,1366,tenant_file
skyharbor-air,NODE-001494,NODE 001494,graph_node,family-8-semantic-enrichment/F25_context-node-dictionary.csv,Graph Node node used for semantic graph and diagram answers.,0.68,Generated dictionary row from loaded source records; explicit business glossary can improve labels.,family-8-semantic-enrichment/F25_context-node-dictionary.csv,1367,tenant_file
skyharbor-air,NODE-000210,NODE 000210,graph_node,family-8-semantic-enrichment/F25_context-node-dictionary.csv,Graph Node node used for semantic graph and diagram answers.,0.68,Generated dictionary row from loaded source records; explicit business glossary can improve labels.,family-8-semantic-enrichment/F25_context-node-dictionary.csv,1368,tenant_file
skyharbor-air,NODE-001086,NODE 001086,graph_node,family-8-semantic-enrichment/F25_context-node-dictionary.csv,Graph Node node used for semantic graph and diagram answers.,0.68,Generated dictionary row from loaded source records; explicit business glossary can improve labels.,family-8-semantic-enrichment/F25_context-node-dictionary.csv,1369,tenant_file
skyharbor-air,NODE-000648,NODE 000648,graph_node,family-8-semantic-enrichment/F25_context-node-dictionary.csv,Graph Node node used for semantic graph and diagram answers.,0.68,Generated dictionary row from loaded source records; explicit business glossary can improve labels.,family-8-semantic-enrichment/F25_context-node-dictionary.csv,1370,tenant_file
skyharbor-air,NODE-000791,NODE 000791,graph_node,family-8-semantic-enrichment/F25_context-node-dictionary.csv,Graph Node node used for semantic graph and diagram answers.,0.68,Generated dictionary row from loaded source records; explicit business glossary can improve labels.,family-8-semantic-enrichment/F25_context-node-dictionary.csv,1371,tenant_file
skyharbor-air,NODE-000397,NODE 000397,graph_node,family-8-semantic-enrichment/F25_context-node-dictionary.csv,Graph Node node used for semantic graph and diagram answers.,0.68,Generated dictionary row from loaded source records; explicit business glossary can improve labels.,family-8-semantic-enrichment/F25_context-node-dictionary.csv,1372,tenant_file
skyharbor-air,NODE-002011,NODE 002011,graph_node,family-8-semantic-enrichment/F25_context-node-dictionary.csv,Graph Node node used for semantic graph and diagram answers.,0.68,Generated dictionary row from loaded source records; explicit business glossary can improve labels.,family-8-semantic-enrichment/F25_context-node-dictionary.csv,1373,tenant_file
skyharbor-air,NODE-000699,NODE 000699,graph_node,family-8-semantic-enrichment/F25_context-node-dictionary.csv,Graph Node node used for semantic graph and diagram answers.,0.68,Generated dictionary row from loaded source records; explicit business glossary can improve labels.,family-8-semantic-enrichment/F25_context-node-dictionary.csv,1374,tenant_file
skyharbor-air,NODE-001320,NODE 001320,graph_node,family-8-semantic-enrichment/F25_context-node-dictionary.csv,Graph Node node used for semantic graph and diagram answers.,0.68,Generated dictionary row from loaded source records; explicit business glossary can improve labels.,family-8-semantic-enrichment/F25_context-node-dictionary.csv,1375,tenant_file
skyharbor-air,NODE-000552,NODE 000552,graph_node,family-8-semantic-enrichment/F25_context-node-dictionary.csv,Graph Node node used for semantic graph and diagram answers.,0.68,Generated dictionary row from loaded source records; explicit business glossary can improve labels.,family-8-semantic-enrichment/F25_context-node-dictionary.csv,1376,tenant_file
skyharbor-air,NODE-002486,NODE 002486,graph_node,family-8-semantic-enrichment/F25_context-node-dictionary.csv,Graph Node node used for semantic graph and diagram answers.,0.68,Generated dictionary row from loaded source records; explicit business glossary can improve labels.,family-8-semantic-enrichment/F25_context-node-dictionary.csv,1377,tenant_file
skyharbor-air,NODE-000729,NODE 000729,graph_node,family-8-semantic-enrichment/F25_context-node-dictionary.csv,Graph Node node used for semantic graph and diagram answers.,0.68,Generated dictionary row from loaded source records; explicit business glossary can improve labels.,family-8-semantic-enrichment/F25_context-node-dictionary.csv,1378,tenant_file
skyharbor-air,NODE-001094,NODE 001094,graph_node,family-8-semantic-enrichment/F25_context-node-dictionary.csv,Graph Node node used for semantic graph and diagram answers.,0.68,Generated dictionary row from loaded source records; explicit business glossary can improve labels.,family-8-semantic-enrichment/F25_context-node-dictionary.csv,1379,tenant_file
skyharbor-air,NODE-000619,NODE 000619,graph_node,family-8-semantic-enrichment/F25_context-node-dictionary.csv,Graph Node node used for semantic graph and diagram answers.,0.68,Generated dictionary row from loaded source records; explicit business glossary can improve labels.,family-8-semantic-enrichment/F25_context-node-dictionary.csv,1380,tenant_file
skyharbor-air,NODE-001535,NODE 001535,graph_node,family-8-semantic-enrichment/F25_context-node-dictionary.csv,Graph Node node used for semantic graph and diagram answers.,0.68,Generated dictionary row from loaded source records; explicit business glossary can improve labels.,family-8-semantic-enrichment/F25_context-node-dictionary.csv,1381,tenant_file
skyharbor-air,NODE-000682,NODE 000682,graph_node,family-8-semantic-enrichment/F25_context-node-dictionary.csv,Graph Node node used for semantic graph and diagram answers.,0.68,Generated dictionary row from loaded source records; explicit business glossary can improve labels.,family-8-semantic-enrichment/F25_context-node-dictionary.csv,1382,tenant_file
skyharbor-air,NODE-001745,NODE 001745,graph_node,family-8-semantic-enrichment/F25_context-node-dictionary.csv,Graph Node node used for semantic graph and diagram answers.,0.68,Generated dictionary row from loaded source records; explicit business glossary can improve labels.,family-8-semantic-enrichment/F25_context-node-dictionary.csv,1383,tenant_file
skyharbor-air,NODE-000626,NODE 000626,graph_node,family-8-semantic-enrichment/F25_context-node-dictionary.csv,Graph Node node used for semantic graph and diagram answers.,0.68,Generated dictionary row from loaded source records; explicit business glossary can improve labels.,family-8-semantic-enrichment/F25_context-node-dictionary.csv,1384,tenant_file
skyharbor-air,NODE-001439,NODE 001439,graph_node,family-8-semantic-enrichment/F25_context-node-dictionary.csv,Graph Node node used for semantic graph and diagram answers.,0.68,Generated dictionary row from loaded source records; explicit business glossary can improve labels.,family-8-semantic-enrichment/F25_context-node-dictionary.csv,1385,tenant_file
skyharbor-air,NODE-000300,NODE 000300,graph_node,family-8-semantic-enrichment/F25_context-node-dictionary.csv,Graph Node node used for semantic graph and diagram answers.,0.68,Generated dictionary row from loaded source records; explicit business glossary can improve labels.,family-8-semantic-enrichment/F25_context-node-dictionary.csv,1386,tenant_file
skyharbor-air,NODE-002300,NODE 002300,graph_node,family-8-semantic-enrichment/F25_context-node-dictionary.csv,Graph Node node used for semantic graph and diagram answers.,0.68,Generated dictionary row from loaded source records; explicit business glossary can improve labels.,family-8-semantic-enrichment/F25_context-node-dictionary.csv,1387,tenant_file
skyharbor-air,NODE-000558,NODE 000558,graph_node,family-8-semantic-enrichment/F25_context-node-dictionary.csv,Graph Node node used for semantic graph and diagram answers.,0.68,Generated dictionary row from loaded source records; explicit business glossary can improve labels.,family-8-semantic-enrichment/F25_context-node-dictionary.csv,1388,tenant_file
skyharbor-air,NODE-001223,NODE 001223,graph_node,family-8-semantic-enrichment/F25_context-node-dictionary.csv,Graph Node node used for semantic graph and diagram answers.,0.68,Generated dictionary row from loaded source records; explicit business glossary can improve labels.,family-8-semantic-enrichment/F25_context-node-dictionary.csv,1389,tenant_file
skyharbor-air,NODE-000483,NODE 000483,graph_node,family-8-semantic-enrichment/F25_context-node-dictionary.csv,Graph Node node used for semantic graph and diagram answers.,0.68,Generated dictionary row from loaded source records; explicit business glossary can improve labels.,family-8-semantic-enrichment/F25_context-node-dictionary.csv,1390,tenant_file
skyharbor-air,NODE-000143,NODE 000143,graph_node,family-8-semantic-enrichment/F25_context-node-dictionary.csv,Graph Node node used for semantic graph and diagram answers.,0.68,Generated dictionary row from loaded source records; explicit business glossary can improve labels.,family-8-semantic-enrichment/F25_context-node-dictionary.csv,1391,tenant_file
skyharbor-air,NODE-001996,NODE 001996,graph_node,family-8-semantic-enrichment/F25_context-node-dictionary.csv,Graph Node node used for semantic graph and diagram answers.,0.68,Generated dictionary row from loaded source records; explicit business glossary can improve labels.,family-8-semantic-enrichment/F25_context-node-dictionary.csv,1392,tenant_file
skyharbor-air,NODE-000410,NODE 000410,graph_node,family-8-semantic-enrichment/F25_context-node-dictionary.csv,Graph Node node used for semantic graph and diagram answers.,0.68,Generated dictionary row from loaded source records; explicit business glossary can improve labels.,family-8-semantic-enrichment/F25_context-node-dictionary.csv,1393,tenant_file
skyharbor-air,NODE-002057,NODE 002057,graph_node,family-8-semantic-enrichment/F25_context-node-dictionary.csv,Graph Node node used for semantic graph and diagram answers.,0.68,Generated dictionary row from loaded source records; explicit business glossary can improve labels.,family-8-semantic-enrichment/F25_context-node-dictionary.csv,1394,tenant_file
skyharbor-air,NODE-000659,NODE 000659,graph_node,family-8-semantic-enrichment/F25_context-node-dictionary.csv,Graph Node node used for semantic graph and diagram answers.,0.68,Generated dictionary row from loaded source records; explicit business glossary can improve labels.,family-8-semantic-enrichment/F25_context-node-dictionary.csv,1395,tenant_file
skyharbor-air,NODE-001508,NODE 001508,graph_node,family-8-semantic-enrichment/F25_context-node-dictionary.csv,Graph Node node used for semantic graph and diagram answers.,0.68,Generated dictionary row from loaded source records; explicit business glossary can improve labels.,family-8-semantic-enrichment/F25_context-node-dictionary.csv,1396,tenant_file
skyharbor-air,NODE-000209,NODE 000209,graph_node,family-8-semantic-enrichment/F25_context-node-dictionary.csv,Graph Node node used for semantic graph and diagram answers.,0.68,Generated dictionary row from loaded source records; explicit business glossary can improve labels.,family-8-semantic-enrichment/F25_context-node-dictionary.csv,1397,tenant_file
skyharbor-air,NODE-001353,NODE 001353,graph_node,family-8-semantic-enrichment/F25_context-node-dictionary.csv,Graph Node node used for semantic graph and diagram answers.,0.68,Generated dictionary row from loaded source records; explicit business glossary can improve labels.,family-8-semantic-enrichment/F25_context-node-dictionary.csv,1398,tenant_file
skyharbor-air,NODE-000488,NODE 000488,graph_node,family-8-semantic-enrichment/F25_context-node-dictionary.csv,Graph Node node used for semantic graph and diagram answers.,0.68,Generated dictionary row from loaded source records; explicit business glossary can improve labels.,family-8-semantic-enrichment/F25_context-node-dictionary.csv,1399,tenant_file
skyharbor-air,NODE-002175,NODE 002175,graph_node,family-8-semantic-enrichment/F25_context-node-dictionary.csv,Graph Node node used for semantic graph and diagram answers.,0.68,Generated dictionary row from loaded source records; explicit business glossary can improve labels.,family-8-semantic-enrichment/F25_context-node-dictionary.csv,1400,tenant_file
skyharbor-air,NODE-000353,NODE 000353,graph_node,family-8-semantic-enrichment/F25_context-node-dictionary.csv,Graph Node node used for semantic graph and diagram answers.,0.68,Generated dictionary row from loaded source records; explicit business glossary can improve labels.,family-8-semantic-enrichment/F25_context-node-dictionary.csv,1401,tenant_file
skyharbor-air,NODE-001463,NODE 001463,graph_node,family-8-semantic-enrichment/F25_context-node-dictionary.csv,Graph Node node used for semantic graph and diagram answers.,0.68,Generated dictionary row from loaded source records; explicit business glossary can improve labels.,family-8-semantic-enrichment/F25_context-node-dictionary.csv,1402,tenant_file
skyharbor-air,NODE-002220,NODE 002220,graph_node,family-8-semantic-enrichment/F25_context-node-dictionary.csv,Graph Node node used for semantic graph and diagram answers.,0.68,Generated dictionary row from loaded source records; explicit business glossary can improve labels.,family-8-semantic-enrichment/F25_context-node-dictionary.csv,1403,tenant_file
skyharbor-air,NODE-000521,NODE 000521,graph_node,family-8-semantic-enrichment/F25_context-node-dictionary.csv,Graph Node node used for semantic graph and diagram answers.,0.68,Generated dictionary row from loaded source records; explicit business glossary can improve labels.,family-8-semantic-enrichment/F25_context-node-dictionary.csv,1404,tenant_file
skyharbor-air,NODE-001270,NODE 001270,graph_node,family-8-semantic-enrichment/F25_context-node-dictionary.csv,Graph Node node used for semantic graph and diagram answers.,0.68,Generated dictionary row from loaded source records; explicit business glossary can improve labels.,family-8-semantic-enrichment/F25_context-node-dictionary.csv,1405,tenant_file
skyharbor-air,NODE-000715,NODE 000715,graph_node,family-8-semantic-enrichment/F25_context-node-dictionary.csv,Graph Node node used for semantic graph and diagram answers.,0.68,Generated dictionary row from loaded source records; explicit business glossary can improve labels.,family-8-semantic-enrichment/F25_context-node-dictionary.csv,1406,tenant_file
skyharbor-air,NODE-000932,NODE 000932,graph_node,family-8-semantic-enrichment/F25_context-node-dictionary.csv,Graph Node node used for semantic graph and diagram answers.,0.68,Generated dictionary row from loaded source records; explicit business glossary can improve labels.,family-8-semantic-enrichment/F25_context-node-dictionary.csv,1407,tenant_file
skyharbor-air,NODE-000271,NODE 000271,graph_node,family-8-semantic-enrichment/F25_context-node-dictionary.csv,Graph Node node used for semantic graph and diagram answers.,0.68,Generated dictionary row from loaded source records; explicit business glossary can improve labels.,family-8-semantic-enrichment/F25_context-node-dictionary.csv,1408,tenant_file
skyharbor-air,NODE-001252,NODE 001252,graph_node,family-8-semantic-enrichment/F25_context-node-dictionary.csv,Graph Node node used for semantic graph and diagram answers.,0.68,Generated dictionary row from loaded source records; explicit business glossary can improve labels.,family-8-semantic-enrichment/F25_context-node-dictionary.csv,1409,tenant_file
skyharbor-air,NODE-000718,NODE 000718,graph_node,family-8-semantic-enrichment/F25_context-node-dictionary.csv,Graph Node node used for semantic graph and diagram answers.,0.68,Generated dictionary row from loaded source records; explicit business glossary can improve labels.,family-8-semantic-enrichment/F25_context-node-dictionary.csv,1410,tenant_file
skyharbor-air,NODE-002317,NODE 002317,graph_node,family-8-semantic-enrichment/F25_context-node-dictionary.csv,Graph Node node used for semantic graph and diagram answers.,0.68,Generated dictionary row from loaded source records; explicit business glossary can improve labels.,family-8-semantic-enrichment/F25_context-node-dictionary.csv,1411,tenant_file
skyharbor-air,NODE-000382,NODE 000382,graph_node,family-8-semantic-enrichment/F25_context-node-dictionary.csv,Graph Node node used for semantic graph and diagram answers.,0.68,Generated dictionary row from loaded source records; explicit business glossary can improve labels.,family-8-semantic-enrichment/F25_context-node-dictionary.csv,1412,tenant_file
skyharbor-air,NODE-001381,NODE 001381,graph_node,family-8-semantic-enrichment/F25_context-node-dictionary.csv,Graph Node node used for semantic graph and diagram answers.,0.68,Generated dictionary row from loaded source records; explicit business glossary can improve labels.,family-8-semantic-enrichment/F25_context-node-dictionary.csv,1413,tenant_file
skyharbor-air,NODE-000386,NODE 000386,graph_node,family-8-semantic-enrichment/F25_context-node-dictionary.csv,Graph Node node used for semantic graph and diagram answers.,0.68,Generated dictionary row from loaded source records; explicit business glossary can improve labels.,family-8-semantic-enrichment/F25_context-node-dictionary.csv,1414,tenant_file
skyharbor-air,NODE-002433,NODE 002433,graph_node,family-8-semantic-enrichment/F25_context-node-dictionary.csv,Graph Node node used for semantic graph and diagram answers.,0.68,Generated dictionary row from loaded source records; explicit business glossary can improve labels.,family-8-semantic-enrichment/F25_context-node-dictionary.csv,1415,tenant_file
skyharbor-air,NODE-001454,NODE 001454,graph_node,family-8-semantic-enrichment/F25_context-node-dictionary.csv,Graph Node node used for semantic graph and diagram answers.,0.68,Generated dictionary row from loaded source records; explicit business glossary can improve labels.,family-8-semantic-enrichment/F25_context-node-dictionary.csv,1416,tenant_file
skyharbor-air,NODE-000367,NODE 000367,graph_node,family-8-semantic-enrichment/F25_context-node-dictionary.csv,Graph Node node used for semantic graph and diagram answers.,0.68,Generated dictionary row from loaded source records; explicit business glossary can improve labels.,family-8-semantic-enrichment/F25_context-node-dictionary.csv,1417,tenant_file
skyharbor-air,NODE-002087,NODE 002087,graph_node,family-8-semantic-enrichment/F25_context-node-dictionary.csv,Graph Node node used for semantic graph and diagram answers.,0.68,Generated dictionary row from loaded source records; explicit business glossary can improve labels.,family-8-semantic-enrichment/F25_context-node-dictionary.csv,1418,tenant_file
skyharbor-air,NODE-000502,NODE 000502,graph_node,family-8-semantic-enrichment/F25_context-node-dictionary.csv,Graph Node node used for semantic graph and diagram answers.,0.68,Generated dictionary row from loaded source records; explicit business glossary can improve labels.,family-8-semantic-enrichment/F25_context-node-dictionary.csv,1419,tenant_file
skyharbor-air,NODE-002347,NODE 002347,graph_node,family-8-semantic-enrichment/F25_context-node-dictionary.csv,Graph Node node used for semantic graph and diagram answers.,0.68,Generated dictionary row from loaded source records; explicit business glossary can improve labels.,family-8-semantic-enrichment/F25_context-node-dictionary.csv,1420,tenant_file
skyharbor-air,NODE-000431,NODE 000431,graph_node,family-8-semantic-enrichment/F25_context-node-dictionary.csv,Graph Node node used for semantic graph and diagram answers.,0.68,Generated dictionary row from loaded source records; explicit business glossary can improve labels.,family-8-semantic-enrichment/F25_context-node-dictionary.csv,1421,tenant_file
skyharbor-air,NODE-000904,NODE 000904,graph_node,family-8-semantic-enrichment/F25_context-node-dictionary.csv,Graph Node node used for semantic graph and diagram answers.,0.68,Generated dictionary row from loaded source records; explicit business glossary can improve labels.,family-8-semantic-enrichment/F25_context-node-dictionary.csv,1422,tenant_file
skyharbor-air,NODE-000182,NODE 000182,graph_node,family-8-semantic-enrichment/F25_context-node-dictionary.csv,Graph Node node used for semantic graph and diagram answers.,0.68,Generated dictionary row from loaded source records; explicit business glossary can improve labels.,family-8-semantic-enrichment/F25_context-node-dictionary.csv,1423,tenant_file
skyharbor-air,NODE-001505,NODE 001505,graph_node,family-8-semantic-enrichment/F25_context-node-dictionary.csv,Graph Node node used for semantic graph and diagram answers.,0.68,Generated dictionary row from loaded source records; explicit business glossary can improve labels.,family-8-semantic-enrichment/F25_context-node-dictionary.csv,1424,tenant_file
skyharbor-air,NODE-000459,NODE 000459,graph_node,family-8-semantic-enrichment/F25_context-node-dictionary.csv,Graph Node node used for semantic graph and diagram answers.,0.68,Generated dictionary row from loaded source records; explicit business glossary can improve labels.,family-8-semantic-enrichment/F25_context-node-dictionary.csv,1425,tenant_file
skyharbor-air,NODE-001162,NODE 001162,graph_node,family-8-semantic-enrichment/F25_context-node-dictionary.csv,Graph Node node used for semantic graph and diagram answers.,0.68,Generated dictionary row from loaded source records; explicit business glossary can improve labels.,family-8-semantic-enrichment/F25_context-node-dictionary.csv,1426,tenant_file
skyharbor-air,NODE-000963,NODE 000963,graph_node,family-8-semantic-enrichment/F25_context-node-dictionary.csv,Graph Node node used for semantic graph and diagram answers.,0.68,Generated dictionary row from loaded source records; explicit business glossary can improve labels.,family-8-semantic-enrichment/F25_context-node-dictionary.csv,1427,tenant_file
skyharbor-air,NODE-000161,NODE 000161,graph_node,family-8-semantic-enrichment/F25_context-node-dictionary.csv,Graph Node node used for semantic graph and diagram answers.,0.68,Generated dictionary row from loaded source records; explicit business glossary can improve labels.,family-8-semantic-enrichment/F25_context-node-dictionary.csv,1428,tenant_file
skyharbor-air,NODE-000978,NODE 000978,graph_node,family-8-semantic-enrichment/F25_context-node-dictionary.csv,Graph Node node used for semantic graph and diagram answers.,0.68,Generated dictionary row from loaded source records; explicit business glossary can improve labels.,family-8-semantic-enrichment/F25_context-node-dictionary.csv,1429,tenant_file
skyharbor-air,NODE-000434,NODE 000434,graph_node,family-8-semantic-enrichment/F25_context-node-dictionary.csv,Graph Node node used for semantic graph and diagram answers.,0.68,Generated dictionary row from loaded source records; explicit business glossary can improve labels.,family-8-semantic-enrichment/F25_context-node-dictionary.csv,1430,tenant_file
skyharbor-air,NODE-002293,NODE 002293,graph_node,family-8-semantic-enrichment/F25_context-node-dictionary.csv,Graph Node node used for semantic graph and diagram answers.,0.68,Generated dictionary row from loaded source records; explicit business glossary can improve labels.,family-8-semantic-enrichment/F25_context-node-dictionary.csv,1431,tenant_file
skyharbor-air,NODE-000707,NODE 000707,graph_node,family-8-semantic-enrichment/F25_context-node-dictionary.csv,Graph Node node used for semantic graph and diagram answers.,0.68,Generated dictionary row from loaded source records; explicit business glossary can improve labels.,family-8-semantic-enrichment/F25_context-node-dictionary.csv,1432,tenant_file
skyharbor-air,NODE-001317,NODE 001317,graph_node,family-8-semantic-enrichment/F25_context-node-dictionary.csv,Graph Node node used for semantic graph and diagram answers.,0.68,Generated dictionary row from loaded source records; explicit business glossary can improve labels.,family-8-semantic-enrichment/F25_context-node-dictionary.csv,1433,tenant_file
skyharbor-air,NODE-000265,NODE 000265,graph_node,family-8-semantic-enrichment/F25_context-node-dictionary.csv,Graph Node node used for semantic graph and diagram answers.,0.68,Generated dictionary row from loaded source records; explicit business glossary can improve labels.,family-8-semantic-enrichment/F25_context-node-dictionary.csv,1434,tenant_file
skyharbor-air,NODE-001564,NODE 001564,graph_node,family-8-semantic-enrichment/F25_context-node-dictionary.csv,Graph Node node used for semantic graph and diagram answers.,0.68,Generated dictionary row from loaded source records; explicit business glossary can improve labels.,family-8-semantic-enrichment/F25_context-node-dictionary.csv,1435,tenant_file
skyharbor-air,NODE-000162,NODE 000162,graph_node,family-8-semantic-enrichment/F25_context-node-dictionary.csv,Graph Node node used for semantic graph and diagram answers.,0.68,Generated dictionary row from loaded source records; explicit business glossary can improve labels.,family-8-semantic-enrichment/F25_context-node-dictionary.csv,1436,tenant_file
skyharbor-air,NODE-001991,NODE 001991,graph_node,family-8-semantic-enrichment/F25_context-node-dictionary.csv,Graph Node node used for semantic graph and diagram answers.,0.68,Generated dictionary row from loaded source records; explicit business glossary can improve labels.,family-8-semantic-enrichment/F25_context-node-dictionary.csv,1437,tenant_file
skyharbor-air,NODE-000270,NODE 000270,graph_node,family-8-semantic-enrichment/F25_context-node-dictionary.csv,Graph Node node used for semantic graph and diagram answers.,0.68,Generated dictionary row from loaded source records; explicit business glossary can improve labels.,family-8-semantic-enrichment/F25_context-node-dictionary.csv,1438,tenant_file
skyharbor-air,NODE-002203,NODE 002203,graph_node,family-8-semantic-enrichment/F25_context-node-dictionary.csv,Graph Node node used for semantic graph and diagram answers.,0.68,Generated dictionary row from loaded source records; explicit business glossary can improve labels.,family-8-semantic-enrichment/F25_context-node-dictionary.csv,1439,tenant_file
skyharbor-air,NODE-001417,NODE 001417,graph_node,family-8-semantic-enrichment/F25_context-node-dictionary.csv,Graph Node node used for semantic graph and diagram answers.,0.68,Generated dictionary row from loaded source records; explicit business glossary can improve labels.,family-8-semantic-enrichment/F25_context-node-dictionary.csv,1440,tenant_file
skyharbor-air,NODE-000137,NODE 000137,graph_node,family-8-semantic-enrichment/F25_context-node-dictionary.csv,Graph Node node used for semantic graph and diagram answers.,0.68,Generated dictionary row from loaded source records; explicit business glossary can improve labels.,family-8-semantic-enrichment/F25_context-node-dictionary.csv,1441,tenant_file
skyharbor-air,NODE-001926,NODE 001926,graph_node,family-8-semantic-enrichment/F25_context-node-dictionary.csv,Graph Node node used for semantic graph and diagram answers.,0.68,Generated dictionary row from loaded source records; explicit business glossary can improve labels.,family-8-semantic-enrichment/F25_context-node-dictionary.csv,1442,tenant_file
skyharbor-air,NODE-000676,NODE 000676,graph_node,family-8-semantic-enrichment/F25_context-node-dictionary.csv,Graph Node node used for semantic graph and diagram answers.,0.68,Generated dictionary row from loaded source records; explicit business glossary can improve labels.,family-8-semantic-enrichment/F25_context-node-dictionary.csv,1443,tenant_file
skyharbor-air,NODE-002044,NODE 002044,graph_node,family-8-semantic-enrichment/F25_context-node-dictionary.csv,Graph Node node used for semantic graph and diagram answers.,0.68,Generated dictionary row from loaded source records; explicit business glossary can improve labels.,family-8-semantic-enrichment/F25_context-node-dictionary.csv,1444,tenant_file
skyharbor-air,NODE-000503,NODE 000503,graph_node,family-8-semantic-enrichment/F25_context-node-dictionary.csv,Graph Node node used for semantic graph and diagram answers.,0.68,Generated dictionary row from loaded source records; explicit business glossary can improve labels.,family-8-semantic-enrichment/F25_context-node-dictionary.csv,1445,tenant_file
skyharbor-air,NODE-002148,NODE 002148,graph_node,family-8-semantic-enrichment/F25_context-node-dictionary.csv,Graph Node node used for semantic graph and diagram answers.,0.68,Generated dictionary row from loaded source records; explicit business glossary can improve labels.,family-8-semantic-enrichment/F25_context-node-dictionary.csv,1446,tenant_file
skyharbor-air,NODE-000345,NODE 000345,graph_node,family-8-semantic-enrichment/F25_context-node-dictionary.csv,Graph Node node used for semantic graph and diagram answers.,0.68,Generated dictionary row from loaded source records; explicit business glossary can improve labels.,family-8-semantic-enrichment/F25_context-node-dictionary.csv,1447,tenant_file
skyharbor-air,NODE-001604,NODE 001604,graph_node,family-8-semantic-enrichment/F25_context-node-dictionary.csv,Graph Node node used for semantic graph and diagram answers.,0.68,Generated dictionary row from loaded source records; explicit business glossary can improve labels.,family-8-semantic-enrichment/F25_context-node-dictionary.csv,1448,tenant_file
skyharbor-air,NODE-000738,NODE 000738,graph_node,family-8-semantic-enrichment/F25_context-node-dictionary.csv,Graph Node node used for semantic graph and diagram answers.,0.68,Generated dictionary row from loaded source records; explicit business glossary can improve labels.,family-8-semantic-enrichment/F25_context-node-dictionary.csv,1449,tenant_file
skyharbor-air,NODE-001264,NODE 001264,graph_node,family-8-semantic-enrichment/F25_context-node-dictionary.csv,Graph Node node used for semantic graph and diagram answers.,0.68,Generated dictionary row from loaded source records; explicit business glossary can improve labels.,family-8-semantic-enrichment/F25_context-node-dictionary.csv,1450,tenant_file
skyharbor-air,NODE-000455,NODE 000455,graph_node,family-8-semantic-enrichment/F25_context-node-dictionary.csv,Graph Node node used for semantic graph and diagram answers.,0.68,Generated dictionary row from loaded source records; explicit business glossary can improve labels.,family-8-semantic-enrichment/F25_context-node-dictionary.csv,1451,tenant_file
skyharbor-air,NODE-001951,NODE 001951,graph_node,family-8-semantic-enrichment/F25_context-node-dictionary.csv,Graph Node node used for semantic graph and diagram answers.,0.68,Generated dictionary row from loaded source records; explicit business glossary can improve labels.,family-8-semantic-enrichment/F25_context-node-dictionary.csv,1452,tenant_file
skyharbor-air,NODE-000320,NODE 000320,graph_node,family-8-semantic-enrichment/F25_context-node-dictionary.csv,Graph Node node used for semantic graph and diagram answers.,0.68,Generated dictionary row from loaded source records; explicit business glossary can improve labels.,family-8-semantic-enrichment/F25_context-node-dictionary.csv,1453,tenant_file
skyharbor-air,NODE-000841,NODE 000841,graph_node,family-8-semantic-enrichment/F25_context-node-dictionary.csv,Graph Node node used for semantic graph and diagram answers.,0.68,Generated dictionary row from loaded source records; explicit business glossary can improve labels.,family-8-semantic-enrichment/F25_context-node-dictionary.csv,1454,tenant_file
skyharbor-air,NODE-000509,NODE 000509,graph_node,family-8-semantic-enrichment/F25_context-node-dictionary.csv,Graph Node node used for semantic graph and diagram answers.,0.68,Generated dictionary row from loaded source records; explicit business glossary can improve labels.,family-8-semantic-enrichment/F25_context-node-dictionary.csv,1455,tenant_file
skyharbor-air,NODE-001754,NODE 001754,graph_node,family-8-semantic-enrichment/F25_context-node-dictionary.csv,Graph Node node used for semantic graph and diagram answers.,0.68,Generated dictionary row from loaded source records; explicit business glossary can improve labels.,family-8-semantic-enrichment/F25_context-node-dictionary.csv,1456,tenant_file
skyharbor-air,NODE-002084,NODE 002084,graph_node,family-8-semantic-enrichment/F25_context-node-dictionary.csv,Graph Node node used for semantic graph and diagram answers.,0.68,Generated dictionary row from loaded source records; explicit business glossary can improve labels.,family-8-semantic-enrichment/F25_context-node-dictionary.csv,1457,tenant_file
skyharbor-air,NODE-000540,NODE 000540,graph_node,family-8-semantic-enrichment/F25_context-node-dictionary.csv,Graph Node node used for semantic graph and diagram answers.,0.68,Generated dictionary row from loaded source records; explicit business glossary can improve labels.,family-8-semantic-enrichment/F25_context-node-dictionary.csv,1458,tenant_file
skyharbor-air,NODE-000957,NODE 000957,graph_node,family-8-semantic-enrichment/F25_context-node-dictionary.csv,Graph Node node used for semantic graph and diagram answers.,0.68,Generated dictionary row from loaded source records; explicit business glossary can improve labels.,family-8-semantic-enrichment/F25_context-node-dictionary.csv,1459,tenant_file
skyharbor-air,NODE-000559,NODE 000559,graph_node,family-8-semantic-enrichment/F25_context-node-dictionary.csv,Graph Node node used for semantic graph and diagram answers.,0.68,Generated dictionary row from loaded source records; explicit business glossary can improve labels.,family-8-semantic-enrichment/F25_context-node-dictionary.csv,1460,tenant_file
skyharbor-air,NODE-002296,NODE 002296,graph_node,family-8-semantic-enrichment/F25_context-node-dictionary.csv,Graph Node node used for semantic graph and diagram answers.,0.68,Generated dictionary row from loaded source records; explicit business glossary can improve labels.,family-8-semantic-enrichment/F25_context-node-dictionary.csv,1461,tenant_file
skyharbor-air,NODE-000765,NODE 000765,graph_node,family-8-semantic-enrichment/F25_context-node-dictionary.csv,Graph Node node used for semantic graph and diagram answers.,0.68,Generated dictionary row from loaded source records; explicit business glossary can improve labels.,family-8-semantic-enrichment/F25_context-node-dictionary.csv,1462,tenant_file
skyharbor-air,NODE-002492,NODE 002492,graph_node,family-8-semantic-enrichment/F25_context-node-dictionary.csv,Graph Node node used for semantic graph and diagram answers.,0.68,Generated dictionary row from loaded source records; explicit business glossary can improve labels.,family-8-semantic-enrichment/F25_context-node-dictionary.csv,1463,tenant_file
skyharbor-air,NODE-000385,NODE 000385,graph_node,family-8-semantic-enrichment/F25_context-node-dictionary.csv,Graph Node node used for semantic graph and diagram answers.,0.68,Generated dictionary row from loaded source records; explicit business glossary can improve labels.,family-8-semantic-enrichment/F25_context-node-dictionary.csv,1464,tenant_file
skyharbor-air,NODE-001123,NODE 001123,graph_node,family-8-semantic-enrichment/F25_context-node-dictionary.csv,Graph Node node used for semantic graph and diagram answers.,0.68,Generated dictionary row from loaded source records; explicit business glossary can improve labels.,family-8-semantic-enrichment/F25_context-node-dictionary.csv,1465,tenant_file
skyharbor-air,NODE-000344,NODE 000344,graph_node,family-8-semantic-enrichment/F25_context-node-dictionary.csv,Graph Node node used for semantic graph and diagram answers.,0.68,Generated dictionary row from loaded source records; explicit business glossary can improve labels.,family-8-semantic-enrichment/F25_context-node-dictionary.csv,1466,tenant_file
skyharbor-air,NODE-001811,NODE 001811,graph_node,family-8-semantic-enrichment/F25_context-node-dictionary.csv,Graph Node node used for semantic graph and diagram answers.,0.68,Generated dictionary row from loaded source records; explicit business glossary can improve labels.,family-8-semantic-enrichment/F25_context-node-dictionary.csv,1467,tenant_file
skyharbor-air,NODE-000750,NODE 000750,graph_node,family-8-semantic-enrichment/F25_context-node-dictionary.csv,Graph Node node used for semantic graph and diagram answers.,0.68,Generated dictionary row from loaded source records; explicit business glossary can improve labels.,family-8-semantic-enrichment/F25_context-node-dictionary.csv,1468,tenant_file
skyharbor-air,NODE-001641,NODE 001641,graph_node,family-8-semantic-enrichment/F25_context-node-dictionary.csv,Graph Node node used for semantic graph and diagram answers.,0.68,Generated dictionary row from loaded source records; explicit business glossary can improve labels.,family-8-semantic-enrichment/F25_context-node-dictionary.csv,1469,tenant_file
skyharbor-air,NODE-000308,NODE 000308,graph_node,family-8-semantic-enrichment/F25_context-node-dictionary.csv,Graph Node node used for semantic graph and diagram answers.,0.68,Generated dictionary row from loaded source records; explicit business glossary can improve labels.,family-8-semantic-enrichment/F25_context-node-dictionary.csv,1470,tenant_file
skyharbor-air,NODE-000807,NODE 000807,graph_node,family-8-semantic-enrichment/F25_context-node-dictionary.csv,Graph Node node used for semantic graph and diagram answers.,0.68,Generated dictionary row from loaded source records; explicit business glossary can improve labels.,family-8-semantic-enrichment/F25_context-node-dictionary.csv,1471,tenant_file
skyharbor-air,NODE-000473,NODE 000473,graph_node,family-8-semantic-enrichment/F25_context-node-dictionary.csv,Graph Node node used for semantic graph and diagram answers.,0.68,Generated dictionary row from loaded source records; explicit business glossary can improve labels.,family-8-semantic-enrichment/F25_context-node-dictionary.csv,1472,tenant_file
skyharbor-air,NODE-001056,NODE 001056,graph_node,family-8-semantic-enrichment/F25_context-node-dictionary.csv,Graph Node node used for semantic graph and diagram answers.,0.68,Generated dictionary row from loaded source records; explicit business glossary can improve labels.,family-8-semantic-enrichment/F25_context-node-dictionary.csv,1473,tenant_file
skyharbor-air,NODE-000248,NODE 000248,graph_node,family-8-semantic-enrichment/F25_context-node-dictionary.csv,Graph Node node used for semantic graph and diagram answers.,0.68,Generated dictionary row from loaded source records; explicit business glossary can improve labels.,family-8-semantic-enrichment/F25_context-node-dictionary.csv,1474,tenant_file
skyharbor-air,NODE-001125,NODE 001125,graph_node,family-8-semantic-enrichment/F25_context-node-dictionary.csv,Graph Node node used for semantic graph and diagram answers.,0.68,Generated dictionary row from loaded source records; explicit business glossary can improve labels.,family-8-semantic-enrichment/F25_context-node-dictionary.csv,1475,tenant_file
skyharbor-air,NODE-002259,NODE 002259,graph_node,family-8-semantic-enrichment/F25_context-node-dictionary.csv,Graph Node node used for semantic graph and diagram answers.,0.68,Generated dictionary row from loaded source records; explicit business glossary can improve labels.,family-8-semantic-enrichment/F25_context-node-dictionary.csv,1476,tenant_file
skyharbor-air,NODE-000238,NODE 000238,graph_node,family-8-semantic-enrichment/F25_context-node-dictionary.csv,Graph Node node used for semantic graph and diagram answers.,0.68,Generated dictionary row from loaded source records; explicit business glossary can improve labels.,family-8-semantic-enrichment/F25_context-node-dictionary.csv,1477,tenant_file
skyharbor-air,NODE-001941,NODE 001941,graph_node,family-8-semantic-enrichment/F25_context-node-dictionary.csv,Graph Node node used for semantic graph and diagram answers.,0.68,Generated dictionary row from loaded source records; explicit business glossary can improve labels.,family-8-semantic-enrichment/F25_context-node-dictionary.csv,1478,tenant_file
skyharbor-air,NODE-000321,NODE 000321,graph_node,family-8-semantic-enrichment/F25_context-node-dictionary.csv,Graph Node node used for semantic graph and diagram answers.,0.68,Generated dictionary row from loaded source records; explicit business glossary can improve labels.,family-8-semantic-enrichment/F25_context-node-dictionary.csv,1479,tenant_file
skyharbor-air,NODE-002123,NODE 002123,graph_node,family-8-semantic-enrichment/F25_context-node-dictionary.csv,Graph Node node used for semantic graph and diagram answers.,0.68,Generated dictionary row from loaded source records; explicit business glossary can improve labels.,family-8-semantic-enrichment/F25_context-node-dictionary.csv,1480,tenant_file
skyharbor-air,NODE-000485,NODE 000485,graph_node,family-8-semantic-enrichment/F25_context-node-dictionary.csv,Graph Node node used for semantic graph and diagram answers.,0.68,Generated dictionary row from loaded source records; explicit business glossary can improve labels.,family-8-semantic-enrichment/F25_context-node-dictionary.csv,1481,tenant_file
skyharbor-air,NODE-000375,NODE 000375,graph_node,family-8-semantic-enrichment/F25_context-node-dictionary.csv,Graph Node node used for semantic graph and diagram answers.,0.68,Generated dictionary row from loaded source records; explicit business glossary can improve labels.,family-8-semantic-enrichment/F25_context-node-dictionary.csv,1482,tenant_file
skyharbor-air,NODE-002322,NODE 002322,graph_node,family-8-semantic-enrichment/F25_context-node-dictionary.csv,Graph Node node used for semantic graph and diagram answers.,0.68,Generated dictionary row from loaded source records; explicit business glossary can improve labels.,family-8-semantic-enrichment/F25_context-node-dictionary.csv,1483,tenant_file
skyharbor-air,NODE-000614,NODE 000614,graph_node,family-8-semantic-enrichment/F25_context-node-dictionary.csv,Graph Node node used for semantic graph and diagram answers.,0.68,Generated dictionary row from loaded source records; explicit business glossary can improve labels.,family-8-semantic-enrichment/F25_context-node-dictionary.csv,1484,tenant_file
skyharbor-air,NODE-001827,NODE 001827,graph_node,family-8-semantic-enrichment/F25_context-node-dictionary.csv,Graph Node node used for semantic graph and diagram answers.,0.68,Generated dictionary row from loaded source records; explicit business glossary can improve labels.,family-8-semantic-enrichment/F25_context-node-dictionary.csv,1485,tenant_file
skyharbor-air,NODE-000403,NODE 000403,graph_node,family-8-semantic-enrichment/F25_context-node-dictionary.csv,Graph Node node used for semantic graph and diagram answers.,0.68,Generated dictionary row from loaded source records; explicit business glossary can improve labels.,family-8-semantic-enrichment/F25_context-node-dictionary.csv,1486,tenant_file
skyharbor-air,NODE-001165,NODE 001165,graph_node,family-8-semantic-enrichment/F25_context-node-dictionary.csv,Graph Node node used for semantic graph and diagram answers.,0.68,Generated dictionary row from loaded source records; explicit business glossary can improve labels.,family-8-semantic-enrichment/F25_context-node-dictionary.csv,1487,tenant_file
skyharbor-air,NODE-001731,NODE 001731,graph_node,family-8-semantic-enrichment/F25_context-node-dictionary.csv,Graph Node node used for semantic graph and diagram answers.,0.68,Generated dictionary row from loaded source records; explicit business glossary can improve labels.,family-8-semantic-enrichment/F25_context-node-dictionary.csv,1488,tenant_file
skyharbor-air,NODE-000381,NODE 000381,graph_node,family-8-semantic-enrichment/F25_context-node-dictionary.csv,Graph Node node used for semantic graph and diagram answers.,0.68,Generated dictionary row from loaded source records; explicit business glossary can improve labels.,family-8-semantic-enrichment/F25_context-node-dictionary.csv,1489,tenant_file
skyharbor-air,NODE-002427,NODE 002427,graph_node,family-8-semantic-enrichment/F25_context-node-dictionary.csv,Graph Node node used for semantic graph and diagram answers.,0.68,Generated dictionary row from loaded source records; explicit business glossary can improve labels.,family-8-semantic-enrichment/F25_context-node-dictionary.csv,1490,tenant_file
skyharbor-air,NODE-000470,NODE 000470,graph_node,family-8-semantic-enrichment/F25_context-node-dictionary.csv,Graph Node node used for semantic graph and diagram answers.,0.68,Generated dictionary row from loaded source records; explicit business glossary can improve labels.,family-8-semantic-enrichment/F25_context-node-dictionary.csv,1491,tenant_file
skyharbor-air,NODE-000937,NODE 000937,graph_node,family-8-semantic-enrichment/F25_context-node-dictionary.csv,Graph Node node used for semantic graph and diagram answers.,0.68,Generated dictionary row from loaded source records; explicit business glossary can improve labels.,family-8-semantic-enrichment/F25_context-node-dictionary.csv,1492,tenant_file
skyharbor-air,NODE-000257,NODE 000257,graph_node,family-8-semantic-enrichment/F25_context-node-dictionary.csv,Graph Node node used for semantic graph and diagram answers.,0.68,Generated dictionary row from loaded source records; explicit business glossary can improve labels.,family-8-semantic-enrichment/F25_context-node-dictionary.csv,1493,tenant_file
skyharbor-air,NODE-001082,NODE 001082,graph_node,family-8-semantic-enrichment/F25_context-node-dictionary.csv,Graph Node node used for semantic graph and diagram answers.,0.68,Generated dictionary row from loaded source records; explicit business glossary can improve labels.,family-8-semantic-enrichment/F25_context-node-dictionary.csv,1494,tenant_file
skyharbor-air,NODE-002369,NODE 002369,graph_node,family-8-semantic-enrichment/F25_context-node-dictionary.csv,Graph Node node used for semantic graph and diagram answers.,0.68,Generated dictionary row from loaded source records; explicit business glossary can improve labels.,family-8-semantic-enrichment/F25_context-node-dictionary.csv,1495,tenant_file
skyharbor-air,NODE-000553,NODE 000553,graph_node,family-8-semantic-enrichment/F25_context-node-dictionary.csv,Graph Node node used for semantic graph and diagram answers.,0.68,Generated dictionary row from loaded source records; explicit business glossary can improve labels.,family-8-semantic-enrichment/F25_context-node-dictionary.csv,1496,tenant_file
skyharbor-air,NODE-000510,NODE 000510,graph_node,family-8-semantic-enrichment/F25_context-node-dictionary.csv,Graph Node node used for semantic graph and diagram answers.,0.68,Generated dictionary row from loaded source records; explicit business glossary can improve labels.,family-8-semantic-enrichment/F25_context-node-dictionary.csv,1497,tenant_file
skyharbor-air,NODE-002231,NODE 002231,graph_node,family-8-semantic-enrichment/F25_context-node-dictionary.csv,Graph Node node used for semantic graph and diagram answers.,0.68,Generated dictionary row from loaded source records; explicit business glossary can improve labels.,family-8-semantic-enrichment/F25_context-node-dictionary.csv,1498,tenant_file
skyharbor-air,NODE-000778,NODE 000778,graph_node,family-8-semantic-enrichment/F25_context-node-dictionary.csv,Graph Node node used for semantic graph and diagram answers.,0.68,Generated dictionary row from loaded source records; explicit business glossary can improve labels.,family-8-semantic-enrichment/F25_context-node-dictionary.csv,1499,tenant_file
skyharbor-air,NODE-002314,NODE 002314,graph_node,family-8-semantic-enrichment/F25_context-node-dictionary.csv,Graph Node node used for semantic graph and diagram answers.,0.68,Generated dictionary row from loaded source records; explicit business glossary can improve labels.,family-8-semantic-enrichment/F25_context-node-dictionary.csv,1500,tenant_file
skyharbor-air,NODE-000390,NODE 000390,graph_node,family-8-semantic-enrichment/F25_context-node-dictionary.csv,Graph Node node used for semantic graph and diagram answers.,0.68,Generated dictionary row from loaded source records; explicit business glossary can improve labels.,family-8-semantic-enrichment/F25_context-node-dictionary.csv,1501,tenant_file
skyharbor-air,NODE-001799,NODE 001799,graph_node,family-8-semantic-enrichment/F25_context-node-dictionary.csv,Graph Node node used for semantic graph and diagram answers.,0.68,Generated dictionary row from loaded source records; explicit business glossary can improve labels.,family-8-semantic-enrichment/F25_context-node-dictionary.csv,1502,tenant_file
skyharbor-air,NODE-000312,NODE 000312,graph_node,family-8-semantic-enrichment/F25_context-node-dictionary.csv,Graph Node node used for semantic graph and diagram answers.,0.68,Generated dictionary row from loaded source records; explicit business glossary can improve labels.,family-8-semantic-enrichment/F25_context-node-dictionary.csv,1503,tenant_file
skyharbor-air,NODE-001344,NODE 001344,graph_node,family-8-semantic-enrichment/F25_context-node-dictionary.csv,Graph Node node used for semantic graph and diagram answers.,0.68,Generated dictionary row from loaded source records; explicit business glossary can improve labels.,family-8-semantic-enrichment/F25_context-node-dictionary.csv,1504,tenant_file
skyharbor-air,NODE-001171,NODE 001171,graph_node,family-8-semantic-enrichment/F25_context-node-dictionary.csv,Graph Node node used for semantic graph and diagram answers.,0.68,Generated dictionary row from loaded source records; explicit business glossary can improve labels.,family-8-semantic-enrichment/F25_context-node-dictionary.csv,1505,tenant_file
skyharbor-air,NODE-000408,NODE 000408,graph_node,family-8-semantic-enrichment/F25_context-node-dictionary.csv,Graph Node node used for semantic graph and diagram answers.,0.68,Generated dictionary row from loaded source records; explicit business glossary can improve labels.,family-8-semantic-enrichment/F25_context-node-dictionary.csv,1506,tenant_file
skyharbor-air,NODE-002344,NODE 002344,graph_node,family-8-semantic-enrichment/F25_context-node-dictionary.csv,Graph Node node used for semantic graph and diagram answers.,0.68,Generated dictionary row from loaded source records; explicit business glossary can improve labels.,family-8-semantic-enrichment/F25_context-node-dictionary.csv,1507,tenant_file
skyharbor-air,NODE-000569,NODE 000569,graph_node,family-8-semantic-enrichment/F25_context-node-dictionary.csv,Graph Node node used for semantic graph and diagram answers.,0.68,Generated dictionary row from loaded source records; explicit business glossary can improve labels.,family-8-semantic-enrichment/F25_context-node-dictionary.csv,1508,tenant_file
skyharbor-air,NODE-001963,NODE 001963,graph_node,family-8-semantic-enrichment/F25_context-node-dictionary.csv,Graph Node node used for semantic graph and diagram answers.,0.68,Generated dictionary row from loaded source records; explicit business glossary can improve labels.,family-8-semantic-enrichment/F25_context-node-dictionary.csv,1509,tenant_file
skyharbor-air,NODE-000495,NODE 000495,graph_node,family-8-semantic-enrichment/F25_context-node-dictionary.csv,Graph Node node used for semantic graph and diagram answers.,0.68,Generated dictionary row from loaded source records; explicit business glossary can improve labels.,family-8-semantic-enrichment/F25_context-node-dictionary.csv,1510,tenant_file
skyharbor-air,NODE-002579,NODE 002579,graph_node,family-8-semantic-enrichment/F25_context-node-dictionary.csv,Graph Node node used for semantic graph and diagram answers.,0.68,Generated dictionary row from loaded source records; explicit business glossary can improve labels.,family-8-semantic-enrichment/F25_context-node-dictionary.csv,1511,tenant_file
skyharbor-air,NODE-001824,NODE 001824,graph_node,family-8-semantic-enrichment/F25_context-node-dictionary.csv,Graph Node node used for semantic graph and diagram answers.,0.68,Generated dictionary row from loaded source records; explicit business glossary can improve labels.,family-8-semantic-enrichment/F25_context-node-dictionary.csv,1512,tenant_file
skyharbor-air,NODE-000412,NODE 000412,graph_node,family-8-semantic-enrichment/F25_context-node-dictionary.csv,Graph Node node used for semantic graph and diagram answers.,0.68,Generated dictionary row from loaded source records; explicit business glossary can improve labels.,family-8-semantic-enrichment/F25_context-node-dictionary.csv,1513,tenant_file
skyharbor-air,NODE-001716,NODE 001716,graph_node,family-8-semantic-enrichment/F25_context-node-dictionary.csv,Graph Node node used for semantic graph and diagram answers.,0.68,Generated dictionary row from loaded source records; explicit business glossary can improve labels.,family-8-semantic-enrichment/F25_context-node-dictionary.csv,1514,tenant_file
skyharbor-air,NODE-002213,NODE 002213,graph_node,family-8-semantic-enrichment/F25_context-node-dictionary.csv,Graph Node node used for semantic graph and diagram answers.,0.68,Generated dictionary row from loaded source records; explicit business glossary can improve labels.,family-8-semantic-enrichment/F25_context-node-dictionary.csv,1515,tenant_file
skyharbor-air,NODE-000478,NODE 000478,graph_node,family-8-semantic-enrichment/F25_context-node-dictionary.csv,Graph Node node used for semantic graph and diagram answers.,0.68,Generated dictionary row from loaded source records; explicit business glossary can improve labels.,family-8-semantic-enrichment/F25_context-node-dictionary.csv,1516,tenant_file
skyharbor-air,NODE-001119,NODE 001119,graph_node,family-8-semantic-enrichment/F25_context-node-dictionary.csv,Graph Node node used for semantic graph and diagram answers.,0.68,Generated dictionary row from loaded source records; explicit business glossary can improve labels.,family-8-semantic-enrichment/F25_context-node-dictionary.csv,1517,tenant_file
skyharbor-air,NODE-000415,NODE 000415,graph_node,family-8-semantic-enrichment/F25_context-node-dictionary.csv,Graph Node node used for semantic graph and diagram answers.,0.68,Generated dictionary row from loaded source records; explicit business glossary can improve labels.,family-8-semantic-enrichment/F25_context-node-dictionary.csv,1518,tenant_file
skyharbor-air,NODE-002000,NODE 002000,graph_node,family-8-semantic-enrichment/F25_context-node-dictionary.csv,Graph Node node used for semantic graph and diagram answers.,0.68,Generated dictionary row from loaded source records; explicit business glossary can improve labels.,family-8-semantic-enrichment/F25_context-node-dictionary.csv,1519,tenant_file
skyharbor-air,NODE-000582,NODE 000582,graph_node,family-8-semantic-enrichment/F25_context-node-dictionary.csv,Graph Node node used for semantic graph and diagram answers.,0.68,Generated dictionary row from loaded source records; explicit business glossary can improve labels.,family-8-semantic-enrichment/F25_context-node-dictionary.csv,1520,tenant_file
skyharbor-air,NODE-001878,NODE 001878,graph_node,family-8-semantic-enrichment/F25_context-node-dictionary.csv,Graph Node node used for semantic graph and diagram answers.,0.68,Generated dictionary row from loaded source records; explicit business glossary can improve labels.,family-8-semantic-enrichment/F25_context-node-dictionary.csv,1521,tenant_file
skyharbor-air,NODE-000733,NODE 000733,graph_node,family-8-semantic-enrichment/F25_context-node-dictionary.csv,Graph Node node used for semantic graph and diagram answers.,0.68,Generated dictionary row from loaded source records; explicit business glossary can improve labels.,family-8-semantic-enrichment/F25_context-node-dictionary.csv,1522,tenant_file
skyharbor-air,NODE-002569,NODE 002569,graph_node,family-8-semantic-enrichment/F25_context-node-dictionary.csv,Graph Node node used for semantic graph and diagram answers.,0.68,Generated dictionary row from loaded source records; explicit business glossary can improve labels.,family-8-semantic-enrichment/F25_context-node-dictionary.csv,1523,tenant_file
skyharbor-air,NODE-000388,NODE 000388,graph_node,family-8-semantic-enrichment/F25_context-node-dictionary.csv,Graph Node node used for semantic graph and diagram answers.,0.68,Generated dictionary row from loaded source records; explicit business glossary can improve labels.,family-8-semantic-enrichment/F25_context-node-dictionary.csv,1524,tenant_file
skyharbor-air,NODE-002310,NODE 002310,graph_node,family-8-semantic-enrichment/F25_context-node-dictionary.csv,Graph Node node used for semantic graph and diagram answers.,0.68,Generated dictionary row from loaded source records; explicit business glossary can improve labels.,family-8-semantic-enrichment/F25_context-node-dictionary.csv,1525,tenant_file
skyharbor-air,NODE-000401,NODE 000401,graph_node,family-8-semantic-enrichment/F25_context-node-dictionary.csv,Graph Node node used for semantic graph and diagram answers.,0.68,Generated dictionary row from loaded source records; explicit business glossary can improve labels.,family-8-semantic-enrichment/F25_context-node-dictionary.csv,1526,tenant_file
skyharbor-air,NODE-002184,NODE 002184,graph_node,family-8-semantic-enrichment/F25_context-node-dictionary.csv,Graph Node node used for semantic graph and diagram answers.,0.68,Generated dictionary row from loaded source records; explicit business glossary can improve labels.,family-8-semantic-enrichment/F25_context-node-dictionary.csv,1527,tenant_file
skyharbor-air,NODE-000213,NODE 000213,graph_node,family-8-semantic-enrichment/F25_context-node-dictionary.csv,Graph Node node used for semantic graph and diagram answers.,0.68,Generated dictionary row from loaded source records; explicit business glossary can improve labels.,family-8-semantic-enrichment/F25_context-node-dictionary.csv,1528,tenant_file
skyharbor-air,NODE-001680,NODE 001680,graph_node,family-8-semantic-enrichment/F25_context-node-dictionary.csv,Graph Node node used for semantic graph and diagram answers.,0.68,Generated dictionary row from loaded source records; explicit business glossary can improve labels.,family-8-semantic-enrichment/F25_context-node-dictionary.csv,1529,tenant_file
skyharbor-air,NODE-000217,NODE 000217,graph_node,family-8-semantic-enrichment/F25_context-node-dictionary.csv,Graph Node node used for semantic graph and diagram answers.,0.68,Generated dictionary row from loaded source records; explicit business glossary can improve labels.,family-8-semantic-enrichment/F25_context-node-dictionary.csv,1530,tenant_file
skyharbor-air,NODE-000450,NODE 000450,graph_node,family-8-semantic-enrichment/F25_context-node-dictionary.csv,Graph Node node used for semantic graph and diagram answers.,0.68,Generated dictionary row from loaded source records; explicit business glossary can improve labels.,family-8-semantic-enrichment/F25_context-node-dictionary.csv,1531,tenant_file
skyharbor-air,NODE-001565,NODE 001565,graph_node,family-8-semantic-enrichment/F25_context-node-dictionary.csv,Graph Node node used for semantic graph and diagram answers.,0.68,Generated dictionary row from loaded source records; explicit business glossary can improve labels.,family-8-semantic-enrichment/F25_context-node-dictionary.csv,1532,tenant_file
skyharbor-air,NODE-000324,NODE 000324,graph_node,family-8-semantic-enrichment/F25_context-node-dictionary.csv,Graph Node node used for semantic graph and diagram answers.,0.68,Generated dictionary row from loaded source records; explicit business glossary can improve labels.,family-8-semantic-enrichment/F25_context-node-dictionary.csv,1533,tenant_file
skyharbor-air,NODE-002474,NODE 002474,graph_node,family-8-semantic-enrichment/F25_context-node-dictionary.csv,Graph Node node used for semantic graph and diagram answers.,0.68,Generated dictionary row from loaded source records; explicit business glossary can improve labels.,family-8-semantic-enrichment/F25_context-node-dictionary.csv,1534,tenant_file
skyharbor-air,NODE-000595,NODE 000595,graph_node,family-8-semantic-enrichment/F25_context-node-dictionary.csv,Graph Node node used for semantic graph and diagram answers.,0.68,Generated dictionary row from loaded source records; explicit business glossary can improve labels.,family-8-semantic-enrichment/F25_context-node-dictionary.csv,1535,tenant_file
skyharbor-air,NODE-000901,NODE 000901,graph_node,family-8-semantic-enrichment/F25_context-node-dictionary.csv,Graph Node node used for semantic graph and diagram answers.,0.68,Generated dictionary row from loaded source records; explicit business glossary can improve labels.,family-8-semantic-enrichment/F25_context-node-dictionary.csv,1536,tenant_file
skyharbor-air,NODE-000661,NODE 000661,graph_node,family-8-semantic-enrichment/F25_context-node-dictionary.csv,Graph Node node used for semantic graph and diagram answers.,0.68,Generated dictionary row from loaded source records; explicit business glossary can improve labels.,family-8-semantic-enrichment/F25_context-node-dictionary.csv,1537,tenant_file
skyharbor-air,NODE-001756,NODE 001756,graph_node,family-8-semantic-enrichment/F25_context-node-dictionary.csv,Graph Node node used for semantic graph and diagram answers.,0.68,Generated dictionary row from loaded source records; explicit business glossary can improve labels.,family-8-semantic-enrichment/F25_context-node-dictionary.csv,1538,tenant_file
skyharbor-air,NODE-000513,NODE 000513,graph_node,family-8-semantic-enrichment/F25_context-node-dictionary.csv,Graph Node node used for semantic graph and diagram answers.,0.68,Generated dictionary row from loaded source records; explicit business glossary can improve labels.,family-8-semantic-enrichment/F25_context-node-dictionary.csv,1539,tenant_file
skyharbor-air,NODE-002152,NODE 002152,graph_node,family-8-semantic-enrichment/F25_context-node-dictionary.csv,Graph Node node used for semantic graph and diagram answers.,0.68,Generated dictionary row from loaded source records; explicit business glossary can improve labels.,family-8-semantic-enrichment/F25_context-node-dictionary.csv,1540,tenant_file
skyharbor-air,NODE-000655,NODE 000655,graph_node,family-8-semantic-enrichment/F25_context-node-dictionary.csv,Graph Node node used for semantic graph and diagram answers.,0.68,Generated dictionary row from loaded source records; explicit business glossary can improve labels.,family-8-semantic-enrichment/F25_context-node-dictionary.csv,1541,tenant_file
skyharbor-air,NODE-000824,NODE 000824,graph_node,family-8-semantic-enrichment/F25_context-node-dictionary.csv,Graph Node node used for semantic graph and diagram answers.,0.68,Generated dictionary row from loaded source records; explicit business glossary can improve labels.,family-8-semantic-enrichment/F25_context-node-dictionary.csv,1542,tenant_file
skyharbor-air,NODE-002380,NODE 002380,graph_node,family-8-semantic-enrichment/F25_context-node-dictionary.csv,Graph Node node used for semantic graph and diagram answers.,0.68,Generated dictionary row from loaded source records; explicit business glossary can improve labels.,family-8-semantic-enrichment/F25_context-node-dictionary.csv,1543,tenant_file
skyharbor-air,NODE-000588,NODE 000588,graph_node,family-8-semantic-enrichment/F25_context-node-dictionary.csv,Graph Node node used for semantic graph and diagram answers.,0.68,Generated dictionary row from loaded source records; explicit business glossary can improve labels.,family-8-semantic-enrichment/F25_context-node-dictionary.csv,1544,tenant_file
skyharbor-air,NODE-002418,NODE 002418,graph_node,family-8-semantic-enrichment/F25_context-node-dictionary.csv,Graph Node node used for semantic graph and diagram answers.,0.68,Generated dictionary row from loaded source records; explicit business glossary can improve labels.,family-8-semantic-enrichment/F25_context-node-dictionary.csv,1545,tenant_file
skyharbor-air,NODE-000346,NODE 000346,graph_node,family-8-semantic-enrichment/F25_context-node-dictionary.csv,Graph Node node used for semantic graph and diagram answers.,0.68,Generated dictionary row from loaded source records; explicit business glossary can improve labels.,family-8-semantic-enrichment/F25_context-node-dictionary.csv,1546,tenant_file
skyharbor-air,NODE-001359,NODE 001359,graph_node,family-8-semantic-enrichment/F25_context-node-dictionary.csv,Graph Node node used for semantic graph and diagram answers.,0.68,Generated dictionary row from loaded source records; explicit business glossary can improve labels.,family-8-semantic-enrichment/F25_context-node-dictionary.csv,1547,tenant_file
skyharbor-air,NODE-000268,NODE 000268,graph_node,family-8-semantic-enrichment/F25_context-node-dictionary.csv,Graph Node node used for semantic graph and diagram answers.,0.68,Generated dictionary row from loaded source records; explicit business glossary can improve labels.,family-8-semantic-enrichment/F25_context-node-dictionary.csv,1548,tenant_file
skyharbor-air,NODE-000961,NODE 000961,graph_node,family-8-semantic-enrichment/F25_context-node-dictionary.csv,Graph Node node used for semantic graph and diagram answers.,0.68,Generated dictionary row from loaded source records; explicit business glossary can improve labels.,family-8-semantic-enrichment/F25_context-node-dictionary.csv,1549,tenant_file
skyharbor-air,NODE-000272,NODE 000272,graph_node,family-8-semantic-enrichment/F25_context-node-dictionary.csv,Graph Node node used for semantic graph and diagram answers.,0.68,Generated dictionary row from loaded source records; explicit business glossary can improve labels.,family-8-semantic-enrichment/F25_context-node-dictionary.csv,1550,tenant_file
skyharbor-air,NODE-002416,NODE 002416,graph_node,family-8-semantic-enrichment/F25_context-node-dictionary.csv,Graph Node node used for semantic graph and diagram answers.,0.68,Generated dictionary row from loaded source records; explicit business glossary can improve labels.,family-8-semantic-enrichment/F25_context-node-dictionary.csv,1551,tenant_file
skyharbor-air,NODE-000258,NODE 000258,graph_node,family-8-semantic-enrichment/F25_context-node-dictionary.csv,Graph Node node used for semantic graph and diagram answers.,0.68,Generated dictionary row from loaded source records; explicit business glossary can improve labels.,family-8-semantic-enrichment/F25_context-node-dictionary.csv,1552,tenant_file
skyharbor-air,NODE-001102,NODE 001102,graph_node,family-8-semantic-enrichment/F25_context-node-dictionary.csv,Graph Node node used for semantic graph and diagram answers.,0.68,Generated dictionary row from loaded source records; explicit business glossary can improve labels.,family-8-semantic-enrichment/F25_context-node-dictionary.csv,1553,tenant_file
skyharbor-air,NODE-000139,NODE 000139,graph_node,family-8-semantic-enrichment/F25_context-node-dictionary.csv,Graph Node node used for semantic graph and diagram answers.,0.68,Generated dictionary row from loaded source records; explicit business glossary can improve labels.,family-8-semantic-enrichment/F25_context-node-dictionary.csv,1554,tenant_file
skyharbor-air,NODE-001601,NODE 001601,graph_node,family-8-semantic-enrichment/F25_context-node-dictionary.csv,Graph Node node used for semantic graph and diagram answers.,0.68,Generated dictionary row from loaded source records; explicit business glossary can improve labels.,family-8-semantic-enrichment/F25_context-node-dictionary.csv,1555,tenant_file
skyharbor-air,NODE-000755,NODE 000755,graph_node,family-8-semantic-enrichment/F25_context-node-dictionary.csv,Graph Node node used for semantic graph and diagram answers.,0.68,Generated dictionary row from loaded source records; explicit business glossary can improve labels.,family-8-semantic-enrichment/F25_context-node-dictionary.csv,1556,tenant_file
skyharbor-air,NODE-002409,NODE 002409,graph_node,family-8-semantic-enrichment/F25_context-node-dictionary.csv,Graph Node node used for semantic graph and diagram answers.,0.68,Generated dictionary row from loaded source records; explicit business glossary can improve labels.,family-8-semantic-enrichment/F25_context-node-dictionary.csv,1557,tenant_file
skyharbor-air,NODE-000395,NODE 000395,graph_node,family-8-semantic-enrichment/F25_context-node-dictionary.csv,Graph Node node used for semantic graph and diagram answers.,0.68,Generated dictionary row from loaded source records; explicit business glossary can improve labels.,family-8-semantic-enrichment/F25_context-node-dictionary.csv,1558,tenant_file
skyharbor-air,NODE-001209,NODE 001209,graph_node,family-8-semantic-enrichment/F25_context-node-dictionary.csv,Graph Node node used for semantic graph and diagram answers.,0.68,Generated dictionary row from loaded source records; explicit business glossary can improve labels.,family-8-semantic-enrichment/F25_context-node-dictionary.csv,1559,tenant_file
skyharbor-air,NODE-000225,NODE 000225,graph_node,family-8-semantic-enrichment/F25_context-node-dictionary.csv,Graph Node node used for semantic graph and diagram answers.,0.68,Generated dictionary row from loaded source records; explicit business glossary can improve labels.,family-8-semantic-enrichment/F25_context-node-dictionary.csv,1560,tenant_file
skyharbor-air,NODE-002378,NODE 002378,graph_node,family-8-semantic-enrichment/F25_context-node-dictionary.csv,Graph Node node used for semantic graph and diagram answers.,0.68,Generated dictionary row from loaded source records; explicit business glossary can improve labels.,family-8-semantic-enrichment/F25_context-node-dictionary.csv,1561,tenant_file
skyharbor-air,NODE-000724,NODE 000724,graph_node,family-8-semantic-enrichment/F25_context-node-dictionary.csv,Graph Node node used for semantic graph and diagram answers.,0.68,Generated dictionary row from loaded source records; explicit business glossary can improve labels.,family-8-semantic-enrichment/F25_context-node-dictionary.csv,1562,tenant_file
skyharbor-air,NODE-001108,NODE 001108,graph_node,family-8-semantic-enrichment/F25_context-node-dictionary.csv,Graph Node node used for semantic graph and diagram answers.,0.68,Generated dictionary row from loaded source records; explicit business glossary can improve labels.,family-8-semantic-enrichment/F25_context-node-dictionary.csv,1563,tenant_file
skyharbor-air,NODE-002325,NODE 002325,graph_node,family-8-semantic-enrichment/F25_context-node-dictionary.csv,Graph Node node used for semantic graph and diagram answers.,0.68,Generated dictionary row from loaded source records; explicit business glossary can improve labels.,family-8-semantic-enrichment/F25_context-node-dictionary.csv,1564,tenant_file
skyharbor-air,NODE-000710,NODE 000710,graph_node,family-8-semantic-enrichment/F25_context-node-dictionary.csv,Graph Node node used for semantic graph and diagram answers.,0.68,Generated dictionary row from loaded source records; explicit business glossary can improve labels.,family-8-semantic-enrichment/F25_context-node-dictionary.csv,1565,tenant_file
skyharbor-air,NODE-001390,NODE 001390,graph_node,family-8-semantic-enrichment/F25_context-node-dictionary.csv,Graph Node node used for semantic graph and diagram answers.,0.68,Generated dictionary row from loaded source records; explicit business glossary can improve labels.,family-8-semantic-enrichment/F25_context-node-dictionary.csv,1566,tenant_file
skyharbor-air,NODE-002210,NODE 002210,graph_node,family-8-semantic-enrichment/F25_context-node-dictionary.csv,Graph Node node used for semantic graph and diagram answers.,0.68,Generated dictionary row from loaded source records; explicit business glossary can improve labels.,family-8-semantic-enrichment/F25_context-node-dictionary.csv,1567,tenant_file
skyharbor-air,NODE-001188,NODE 001188,graph_node,family-8-semantic-enrichment/F25_context-node-dictionary.csv,Graph Node node used for semantic graph and diagram answers.,0.68,Generated dictionary row from loaded source records; explicit business glossary can improve labels.,family-8-semantic-enrichment/F25_context-node-dictionary.csv,1568,tenant_file
skyharbor-air,NODE-001696,NODE 001696,graph_node,family-8-semantic-enrichment/F25_context-node-dictionary.csv,Graph Node node used for semantic graph and diagram answers.,0.68,Generated dictionary row from loaded source records; explicit business glossary can improve labels.,family-8-semantic-enrichment/F25_context-node-dictionary.csv,1569,tenant_file
skyharbor-air,NODE-000372,NODE 000372,graph_node,family-8-semantic-enrichment/F25_context-node-dictionary.csv,Graph Node node used for semantic graph and diagram answers.,0.68,Generated dictionary row from loaded source records; explicit business glossary can improve labels.,family-8-semantic-enrichment/F25_context-node-dictionary.csv,1570,tenant_file
skyharbor-air,NODE-001760,NODE 001760,graph_node,family-8-semantic-enrichment/F25_context-node-dictionary.csv,Graph Node node used for semantic graph and diagram answers.,0.68,Generated dictionary row from loaded source records; explicit business glossary can improve labels.,family-8-semantic-enrichment/F25_context-node-dictionary.csv,1571,tenant_file
skyharbor-air,NODE-000153,NODE 000153,graph_node,family-8-semantic-enrichment/F25_context-node-dictionary.csv,Graph Node node used for semantic graph and diagram answers.,0.68,Generated dictionary row from loaded source records; explicit business glossary can improve labels.,family-8-semantic-enrichment/F25_context-node-dictionary.csv,1572,tenant_file
skyharbor-air,NODE-001493,NODE 001493,graph_node,family-8-semantic-enrichment/F25_context-node-dictionary.csv,Graph Node node used for semantic graph and diagram answers.,0.68,Generated dictionary row from loaded source records; explicit business glossary can improve labels.,family-8-semantic-enrichment/F25_context-node-dictionary.csv,1573,tenant_file
skyharbor-air,NODE-000732,NODE 000732,graph_node,family-8-semantic-enrichment/F25_context-node-dictionary.csv,Graph Node node used for semantic graph and diagram answers.,0.68,Generated dictionary row from loaded source records; explicit business glossary can improve labels.,family-8-semantic-enrichment/F25_context-node-dictionary.csv,1574,tenant_file
skyharbor-air,NODE-002419,NODE 002419,graph_node,family-8-semantic-enrichment/F25_context-node-dictionary.csv,Graph Node node used for semantic graph and diagram answers.,0.68,Generated dictionary row from loaded source records; explicit business glossary can improve labels.,family-8-semantic-enrichment/F25_context-node-dictionary.csv,1575,tenant_file
skyharbor-air,NODE-000769,NODE 000769,graph_node,family-8-semantic-enrichment/F25_context-node-dictionary.csv,Graph Node node used for semantic graph and diagram answers.,0.68,Generated dictionary row from loaded source records; explicit business glossary can improve labels.,family-8-semantic-enrichment/F25_context-node-dictionary.csv,1576,tenant_file
skyharbor-air,NODE-002280,NODE 002280,graph_node,family-8-semantic-enrichment/F25_context-node-dictionary.csv,Graph Node node used for semantic graph and diagram answers.,0.68,Generated dictionary row from loaded source records; explicit business glossary can improve labels.,family-8-semantic-enrichment/F25_context-node-dictionary.csv,1577,tenant_file
skyharbor-air,NODE-001446,NODE 001446,graph_node,family-8-semantic-enrichment/F25_context-node-dictionary.csv,Graph Node node used for semantic graph and diagram answers.,0.68,Generated dictionary row from loaded source records; explicit business glossary can improve labels.,family-8-semantic-enrichment/F25_context-node-dictionary.csv,1578,tenant_file
skyharbor-air,NODE-000603,NODE 000603,graph_node,family-8-semantic-enrichment/F25_context-node-dictionary.csv,Graph Node node used for semantic graph and diagram answers.,0.68,Generated dictionary row from loaded source records; explicit business glossary can improve labels.,family-8-semantic-enrichment/F25_context-node-dictionary.csv,1579,tenant_file
skyharbor-air,NODE-000826,NODE 000826,graph_node,family-8-semantic-enrichment/F25_context-node-dictionary.csv,Graph Node node used for semantic graph and diagram answers.,0.68,Generated dictionary row from loaded source records; explicit business glossary can improve labels.,family-8-semantic-enrichment/F25_context-node-dictionary.csv,1580,tenant_file
skyharbor-air,NODE-000224,NODE 000224,graph_node,family-8-semantic-enrichment/F25_context-node-dictionary.csv,Graph Node node used for semantic graph and diagram answers.,0.68,Generated dictionary row from loaded source records; explicit business glossary can improve labels.,family-8-semantic-enrichment/F25_context-node-dictionary.csv,1581,tenant_file
skyharbor-air,NODE-002297,NODE 002297,graph_node,family-8-semantic-enrichment/F25_context-node-dictionary.csv,Graph Node node used for semantic graph and diagram answers.,0.68,Generated dictionary row from loaded source records; explicit business glossary can improve labels.,family-8-semantic-enrichment/F25_context-node-dictionary.csv,1582,tenant_file
skyharbor-air,NODE-000399,NODE 000399,graph_node,family-8-semantic-enrichment/F25_context-node-dictionary.csv,Graph Node node used for semantic graph and diagram answers.,0.68,Generated dictionary row from loaded source records; explicit business glossary can improve labels.,family-8-semantic-enrichment/F25_context-node-dictionary.csv,1583,tenant_file
skyharbor-air,NODE-001615,NODE 001615,graph_node,family-8-semantic-enrichment/F25_context-node-dictionary.csv,Graph Node node used for semantic graph and diagram answers.,0.68,Generated dictionary row from loaded source records; explicit business glossary can improve labels.,family-8-semantic-enrichment/F25_context-node-dictionary.csv,1584,tenant_file
skyharbor-air,NODE-001547,NODE 001547,graph_node,family-8-semantic-enrichment/F25_context-node-dictionary.csv,Graph Node node used for semantic graph and diagram answers.,0.68,Generated dictionary row from loaded source records; explicit business glossary can improve labels.,family-8-semantic-enrichment/F25_context-node-dictionary.csv,1585,tenant_file
skyharbor-air,NODE-000517,NODE 000517,graph_node,family-8-semantic-enrichment/F25_context-node-dictionary.csv,Graph Node node used for semantic graph and diagram answers.,0.68,Generated dictionary row from loaded source records; explicit business glossary can improve labels.,family-8-semantic-enrichment/F25_context-node-dictionary.csv,1586,tenant_file
skyharbor-air,NODE-001015,NODE 001015,graph_node,family-8-semantic-enrichment/F25_context-node-dictionary.csv,Graph Node node used for semantic graph and diagram answers.,0.68,Generated dictionary row from loaded source records; explicit business glossary can improve labels.,family-8-semantic-enrichment/F25_context-node-dictionary.csv,1587,tenant_file
skyharbor-air,NODE-000511,NODE 000511,graph_node,family-8-semantic-enrichment/F25_context-node-dictionary.csv,Graph Node node used for semantic graph and diagram answers.,0.68,Generated dictionary row from loaded source records; explicit business glossary can improve labels.,family-8-semantic-enrichment/F25_context-node-dictionary.csv,1588,tenant_file
skyharbor-air,NODE-001197,NODE 001197,graph_node,family-8-semantic-enrichment/F25_context-node-dictionary.csv,Graph Node node used for semantic graph and diagram answers.,0.68,Generated dictionary row from loaded source records; explicit business glossary can improve labels.,family-8-semantic-enrichment/F25_context-node-dictionary.csv,1589,tenant_file
skyharbor-air,NODE-001337,NODE 001337,graph_node,family-8-semantic-enrichment/F25_context-node-dictionary.csv,Graph Node node used for semantic graph and diagram answers.,0.68,Generated dictionary row from loaded source records; explicit business glossary can improve labels.,family-8-semantic-enrichment/F25_context-node-dictionary.csv,1590,tenant_file
skyharbor-air,NODE-000591,NODE 000591,graph_node,family-8-semantic-enrichment/F25_context-node-dictionary.csv,Graph Node node used for semantic graph and diagram answers.,0.68,Generated dictionary row from loaded source records; explicit business glossary can improve labels.,family-8-semantic-enrichment/F25_context-node-dictionary.csv,1591,tenant_file
skyharbor-air,NODE-002116,NODE 002116,graph_node,family-8-semantic-enrichment/F25_context-node-dictionary.csv,Graph Node node used for semantic graph and diagram answers.,0.68,Generated dictionary row from loaded source records; explicit business glossary can improve labels.,family-8-semantic-enrichment/F25_context-node-dictionary.csv,1592,tenant_file
skyharbor-air,NODE-000592,NODE 000592,graph_node,family-8-semantic-enrichment/F25_context-node-dictionary.csv,Graph Node node used for semantic graph and diagram answers.,0.68,Generated dictionary row from loaded source records; explicit business glossary can improve labels.,family-8-semantic-enrichment/F25_context-node-dictionary.csv,1593,tenant_file
skyharbor-air,NODE-001573,NODE 001573,graph_node,family-8-semantic-enrichment/F25_context-node-dictionary.csv,Graph Node node used for semantic graph and diagram answers.,0.68,Generated dictionary row from loaded source records; explicit business glossary can improve labels.,family-8-semantic-enrichment/F25_context-node-dictionary.csv,1594,tenant_file
skyharbor-air,NODE-000520,NODE 000520,graph_node,family-8-semantic-enrichment/F25_context-node-dictionary.csv,Graph Node node used for semantic graph and diagram answers.,0.68,Generated dictionary row from loaded source records; explicit business glossary can improve labels.,family-8-semantic-enrichment/F25_context-node-dictionary.csv,1595,tenant_file
skyharbor-air,NODE-000897,NODE 000897,graph_node,family-8-semantic-enrichment/F25_context-node-dictionary.csv,Graph Node node used for semantic graph and diagram answers.,0.68,Generated dictionary row from loaded source records; explicit business glossary can improve labels.,family-8-semantic-enrichment/F25_context-node-dictionary.csv,1596,tenant_file
skyharbor-air,NODE-000315,NODE 000315,graph_node,family-8-semantic-enrichment/F25_context-node-dictionary.csv,Graph Node node used for semantic graph and diagram answers.,0.68,Generated dictionary row from loaded source records; explicit business glossary can improve labels.,family-8-semantic-enrichment/F25_context-node-dictionary.csv,1597,tenant_file
skyharbor-air,NODE-001693,NODE 001693,graph_node,family-8-semantic-enrichment/F25_context-node-dictionary.csv,Graph Node node used for semantic graph and diagram answers.,0.68,Generated dictionary row from loaded source records; explicit business glossary can improve labels.,family-8-semantic-enrichment/F25_context-node-dictionary.csv,1598,tenant_file
skyharbor-air,NODE-000654,NODE 000654,graph_node,family-8-semantic-enrichment/F25_context-node-dictionary.csv,Graph Node node used for semantic graph and diagram answers.,0.68,Generated dictionary row from loaded source records; explicit business glossary can improve labels.,family-8-semantic-enrichment/F25_context-node-dictionary.csv,1599,tenant_file
skyharbor-air,NODE-002398,NODE 002398,graph_node,family-8-semantic-enrichment/F25_context-node-dictionary.csv,Graph Node node used for semantic graph and diagram answers.,0.68,Generated dictionary row from loaded source records; explicit business glossary can improve labels.,family-8-semantic-enrichment/F25_context-node-dictionary.csv,1600,tenant_file
skyharbor-air,NODE-000565,NODE 000565,graph_node,family-8-semantic-enrichment/F25_context-node-dictionary.csv,Graph Node node used for semantic graph and diagram answers.,0.68,Generated dictionary row from loaded source records; explicit business glossary can improve labels.,family-8-semantic-enrichment/F25_context-node-dictionary.csv,1601,tenant_file
skyharbor-air,NODE-001284,NODE 001284,graph_node,family-8-semantic-enrichment/F25_context-node-dictionary.csv,Graph Node node used for semantic graph and diagram answers.,0.68,Generated dictionary row from loaded source records; explicit business glossary can improve labels.,family-8-semantic-enrichment/F25_context-node-dictionary.csv,1602,tenant_file
skyharbor-air,NODE-000454,NODE 000454,graph_node,family-8-semantic-enrichment/F25_context-node-dictionary.csv,Graph Node node used for semantic graph and diagram answers.,0.68,Generated dictionary row from loaded source records; explicit business glossary can improve labels.,family-8-semantic-enrichment/F25_context-node-dictionary.csv,1603,tenant_file
skyharbor-air,NODE-001758,NODE 001758,graph_node,family-8-semantic-enrichment/F25_context-node-dictionary.csv,Graph Node node used for semantic graph and diagram answers.,0.68,Generated dictionary row from loaded source records; explicit business glossary can improve labels.,family-8-semantic-enrichment/F25_context-node-dictionary.csv,1604,tenant_file
skyharbor-air,NODE-000677,NODE 000677,graph_node,family-8-semantic-enrichment/F25_context-node-dictionary.csv,Graph Node node used for semantic graph and diagram answers.,0.68,Generated dictionary row from loaded source records; explicit business glossary can improve labels.,family-8-semantic-enrichment/F25_context-node-dictionary.csv,1605,tenant_file
skyharbor-air,NODE-001840,NODE 001840,graph_node,family-8-semantic-enrichment/F25_context-node-dictionary.csv,Graph Node node used for semantic graph and diagram answers.,0.68,Generated dictionary row from loaded source records; explicit business glossary can improve labels.,family-8-semantic-enrichment/F25_context-node-dictionary.csv,1606,tenant_file
skyharbor-air,NODE-000622,NODE 000622,graph_node,family-8-semantic-enrichment/F25_context-node-dictionary.csv,Graph Node node used for semantic graph and diagram answers.,0.68,Generated dictionary row from loaded source records; explicit business glossary can improve labels.,family-8-semantic-enrichment/F25_context-node-dictionary.csv,1607,tenant_file
skyharbor-air,NODE-000805,NODE 000805,graph_node,family-8-semantic-enrichment/F25_context-node-dictionary.csv,Graph Node node used for semantic graph and diagram answers.,0.68,Generated dictionary row from loaded source records; explicit business glossary can improve labels.,family-8-semantic-enrichment/F25_context-node-dictionary.csv,1608,tenant_file
skyharbor-air,NODE-000581,NODE 000581,graph_node,family-8-semantic-enrichment/F25_context-node-dictionary.csv,Graph Node node used for semantic graph and diagram answers.,0.68,Generated dictionary row from loaded source records; explicit business glossary can improve labels.,family-8-semantic-enrichment/F25_context-node-dictionary.csv,1609,tenant_file
skyharbor-air,NODE-001019,NODE 001019,graph_node,family-8-semantic-enrichment/F25_context-node-dictionary.csv,Graph Node node used for semantic graph and diagram answers.,0.68,Generated dictionary row from loaded source records; explicit business glossary can improve labels.,family-8-semantic-enrichment/F25_context-node-dictionary.csv,1610,tenant_file
skyharbor-air,NODE-000227,NODE 000227,graph_node,family-8-semantic-enrichment/F25_context-node-dictionary.csv,Graph Node node used for semantic graph and diagram answers.,0.68,Generated dictionary row from loaded source records; explicit business glossary can improve labels.,family-8-semantic-enrichment/F25_context-node-dictionary.csv,1611,tenant_file
skyharbor-air,NODE-001911,NODE 001911,graph_node,family-8-semantic-enrichment/F25_context-node-dictionary.csv,Graph Node node used for semantic graph and diagram answers.,0.68,Generated dictionary row from loaded source records; explicit business glossary can improve labels.,family-8-semantic-enrichment/F25_context-node-dictionary.csv,1612,tenant_file
skyharbor-air,NODE-000764,NODE 000764,graph_node,family-8-semantic-enrichment/F25_context-node-dictionary.csv,Graph Node node used for semantic graph and diagram answers.,0.68,Generated dictionary row from loaded source records; explicit business glossary can improve labels.,family-8-semantic-enrichment/F25_context-node-dictionary.csv,1613,tenant_file
skyharbor-air,NODE-001438,NODE 001438,graph_node,family-8-semantic-enrichment/F25_context-node-dictionary.csv,Graph Node node used for semantic graph and diagram answers.,0.68,Generated dictionary row from loaded source records; explicit business glossary can improve labels.,family-8-semantic-enrichment/F25_context-node-dictionary.csv,1614,tenant_file
skyharbor-air,NODE-000409,NODE 000409,graph_node,family-8-semantic-enrichment/F25_context-node-dictionary.csv,Graph Node node used for semantic graph and diagram answers.,0.68,Generated dictionary row from loaded source records; explicit business glossary can improve labels.,family-8-semantic-enrichment/F25_context-node-dictionary.csv,1615,tenant_file
skyharbor-air,NODE-001704,NODE 001704,graph_node,family-8-semantic-enrichment/F25_context-node-dictionary.csv,Graph Node node used for semantic graph and diagram answers.,0.68,Generated dictionary row from loaded source records; explicit business glossary can improve labels.,family-8-semantic-enrichment/F25_context-node-dictionary.csv,1616,tenant_file
skyharbor-air,NODE-000518,NODE 000518,graph_node,family-8-semantic-enrichment/F25_context-node-dictionary.csv,Graph Node node used for semantic graph and diagram answers.,0.68,Generated dictionary row from loaded source records; explicit business glossary can improve labels.,family-8-semantic-enrichment/F25_context-node-dictionary.csv,1617,tenant_file
skyharbor-air,NODE-001076,NODE 001076,graph_node,family-8-semantic-enrichment/F25_context-node-dictionary.csv,Graph Node node used for semantic graph and diagram answers.,0.68,Generated dictionary row from loaded source records; explicit business glossary can improve labels.,family-8-semantic-enrichment/F25_context-node-dictionary.csv,1618,tenant_file
skyharbor-air,NODE-000534,NODE 000534,graph_node,family-8-semantic-enrichment/F25_context-node-dictionary.csv,Graph Node node used for semantic graph and diagram answers.,0.68,Generated dictionary row from loaded source records; explicit business glossary can improve labels.,family-8-semantic-enrichment/F25_context-node-dictionary.csv,1619,tenant_file
skyharbor-air,NODE-001232,NODE 001232,graph_node,family-8-semantic-enrichment/F25_context-node-dictionary.csv,Graph Node node used for semantic graph and diagram answers.,0.68,Generated dictionary row from loaded source records; explicit business glossary can improve labels.,family-8-semantic-enrichment/F25_context-node-dictionary.csv,1620,tenant_file
skyharbor-air,NODE-001006,NODE 001006,graph_node,family-8-semantic-enrichment/F25_context-node-dictionary.csv,Graph Node node used for semantic graph and diagram answers.,0.68,Generated dictionary row from loaded source records; explicit business glossary can improve labels.,family-8-semantic-enrichment/F25_context-node-dictionary.csv,1621,tenant_file
skyharbor-air,NODE-000424,NODE 000424,graph_node,family-8-semantic-enrichment/F25_context-node-dictionary.csv,Graph Node node used for semantic graph and diagram answers.,0.68,Generated dictionary row from loaded source records; explicit business glossary can improve labels.,family-8-semantic-enrichment/F25_context-node-dictionary.csv,1622,tenant_file
skyharbor-air,NODE-002575,NODE 002575,graph_node,family-8-semantic-enrichment/F25_context-node-dictionary.csv,Graph Node node used for semantic graph and diagram answers.,0.68,Generated dictionary row from loaded source records; explicit business glossary can improve labels.,family-8-semantic-enrichment/F25_context-node-dictionary.csv,1623,tenant_file
skyharbor-air,NODE-000398,NODE 000398,graph_node,family-8-semantic-enrichment/F25_context-node-dictionary.csv,Graph Node node used for semantic graph and diagram answers.,0.68,Generated dictionary row from loaded source records; explicit business glossary can improve labels.,family-8-semantic-enrichment/F25_context-node-dictionary.csv,1624,tenant_file
skyharbor-air,NODE-002139,NODE 002139,graph_node,family-8-semantic-enrichment/F25_context-node-dictionary.csv,Graph Node node used for semantic graph and diagram answers.,0.68,Generated dictionary row from loaded source records; explicit business glossary can improve labels.,family-8-semantic-enrichment/F25_context-node-dictionary.csv,1625,tenant_file
skyharbor-air,NODE-000437,NODE 000437,graph_node,family-8-semantic-enrichment/F25_context-node-dictionary.csv,Graph Node node used for semantic graph and diagram answers.,0.68,Generated dictionary row from loaded source records; explicit business glossary can improve labels.,family-8-semantic-enrichment/F25_context-node-dictionary.csv,1626,tenant_file
skyharbor-air,NODE-001683,NODE 001683,graph_node,family-8-semantic-enrichment/F25_context-node-dictionary.csv,Graph Node node used for semantic graph and diagram answers.,0.68,Generated dictionary row from loaded source records; explicit business glossary can improve labels.,family-8-semantic-enrichment/F25_context-node-dictionary.csv,1627,tenant_file
skyharbor-air,NODE-000658,NODE 000658,graph_node,family-8-semantic-enrichment/F25_context-node-dictionary.csv,Graph Node node used for semantic graph and diagram answers.,0.68,Generated dictionary row from loaded source records; explicit business glossary can improve labels.,family-8-semantic-enrichment/F25_context-node-dictionary.csv,1628,tenant_file
skyharbor-air,NODE-001523,NODE 001523,graph_node,family-8-semantic-enrichment/F25_context-node-dictionary.csv,Graph Node node used for semantic graph and diagram answers.,0.68,Generated dictionary row from loaded source records; explicit business glossary can improve labels.,family-8-semantic-enrichment/F25_context-node-dictionary.csv,1629,tenant_file
skyharbor-air,NODE-001314,NODE 001314,graph_node,family-8-semantic-enrichment/F25_context-node-dictionary.csv,Graph Node node used for semantic graph and diagram answers.,0.68,Generated dictionary row from loaded source records; explicit business glossary can improve labels.,family-8-semantic-enrichment/F25_context-node-dictionary.csv,1630,tenant_file
skyharbor-air,NODE-000284,NODE 000284,graph_node,family-8-semantic-enrichment/F25_context-node-dictionary.csv,Graph Node node used for semantic graph and diagram answers.,0.68,Generated dictionary row from loaded source records; explicit business glossary can improve labels.,family-8-semantic-enrichment/F25_context-node-dictionary.csv,1631,tenant_file
skyharbor-air,NODE-001360,NODE 001360,graph_node,family-8-semantic-enrichment/F25_context-node-dictionary.csv,Graph Node node used for semantic graph and diagram answers.,0.68,Generated dictionary row from loaded source records; explicit business glossary can improve labels.,family-8-semantic-enrichment/F25_context-node-dictionary.csv,1632,tenant_file
skyharbor-air,NODE-000155,NODE 000155,graph_node,family-8-semantic-enrichment/F25_context-node-dictionary.csv,Graph Node node used for semantic graph and diagram answers.,0.68,Generated dictionary row from loaded source records; explicit business glossary can improve labels.,family-8-semantic-enrichment/F25_context-node-dictionary.csv,1633,tenant_file
skyharbor-air,NODE-001055,NODE 001055,graph_node,family-8-semantic-enrichment/F25_context-node-dictionary.csv,Graph Node node used for semantic graph and diagram answers.,0.68,Generated dictionary row from loaded source records; explicit business glossary can improve labels.,family-8-semantic-enrichment/F25_context-node-dictionary.csv,1634,tenant_file
skyharbor-air,NODE-000433,NODE 000433,graph_node,family-8-semantic-enrichment/F25_context-node-dictionary.csv,Graph Node node used for semantic graph and diagram answers.,0.68,Generated dictionary row from loaded source records; explicit business glossary can improve labels.,family-8-semantic-enrichment/F25_context-node-dictionary.csv,1635,tenant_file
skyharbor-air,NODE-002261,NODE 002261,graph_node,family-8-semantic-enrichment/F25_context-node-dictionary.csv,Graph Node node used for semantic graph and diagram answers.,0.68,Generated dictionary row from loaded source records; explicit business glossary can improve labels.,family-8-semantic-enrichment/F25_context-node-dictionary.csv,1636,tenant_file
skyharbor-air,NODE-000471,NODE 000471,graph_node,family-8-semantic-enrichment/F25_context-node-dictionary.csv,Graph Node node used for semantic graph and diagram answers.,0.68,Generated dictionary row from loaded source records; explicit business glossary can improve labels.,family-8-semantic-enrichment/F25_context-node-dictionary.csv,1637,tenant_file
skyharbor-air,NODE-002399,NODE 002399,graph_node,family-8-semantic-enrichment/F25_context-node-dictionary.csv,Graph Node node used for semantic graph and diagram answers.,0.68,Generated dictionary row from loaded source records; explicit business glossary can improve labels.,family-8-semantic-enrichment/F25_context-node-dictionary.csv,1638,tenant_file
skyharbor-air,NODE-000618,NODE 000618,graph_node,family-8-semantic-enrichment/F25_context-node-dictionary.csv,Graph Node node used for semantic graph and diagram answers.,0.68,Generated dictionary row from loaded source records; explicit business glossary can improve labels.,family-8-semantic-enrichment/F25_context-node-dictionary.csv,1639,tenant_file
skyharbor-air,NODE-002178,NODE 002178,graph_node,family-8-semantic-enrichment/F25_context-node-dictionary.csv,Graph Node node used for semantic graph and diagram answers.,0.68,Generated dictionary row from loaded source records; explicit business glossary can improve labels.,family-8-semantic-enrichment/F25_context-node-dictionary.csv,1640,tenant_file
skyharbor-air,NODE-000631,NODE 000631,graph_node,family-8-semantic-enrichment/F25_context-node-dictionary.csv,Graph Node node used for semantic graph and diagram answers.,0.68,Generated dictionary row from loaded source records; explicit business glossary can improve labels.,family-8-semantic-enrichment/F25_context-node-dictionary.csv,1641,tenant_file
skyharbor-air,NODE-002476,NODE 002476,graph_node,family-8-semantic-enrichment/F25_context-node-dictionary.csv,Graph Node node used for semantic graph and diagram answers.,0.68,Generated dictionary row from loaded source records; explicit business glossary can improve labels.,family-8-semantic-enrichment/F25_context-node-dictionary.csv,1642,tenant_file
skyharbor-air,NODE-000379,NODE 000379,graph_node,family-8-semantic-enrichment/F25_context-node-dictionary.csv,Graph Node node used for semantic graph and diagram answers.,0.68,Generated dictionary row from loaded source records; explicit business glossary can improve labels.,family-8-semantic-enrichment/F25_context-node-dictionary.csv,1643,tenant_file
skyharbor-air,NODE-002361,NODE 002361,graph_node,family-8-semantic-enrichment/F25_context-node-dictionary.csv,Graph Node node used for semantic graph and diagram answers.,0.68,Generated dictionary row from loaded source records; explicit business glossary can improve labels.,family-8-semantic-enrichment/F25_context-node-dictionary.csv,1644,tenant_file
skyharbor-air,NODE-000696,NODE 000696,graph_node,family-8-semantic-enrichment/F25_context-node-dictionary.csv,Graph Node node used for semantic graph and diagram answers.,0.68,Generated dictionary row from loaded source records; explicit business glossary can improve labels.,family-8-semantic-enrichment/F25_context-node-dictionary.csv,1645,tenant_file
skyharbor-air,NODE-000997,NODE 000997,graph_node,family-8-semantic-enrichment/F25_context-node-dictionary.csv,Graph Node node used for semantic graph and diagram answers.,0.68,Generated dictionary row from loaded source records; explicit business glossary can improve labels.,family-8-semantic-enrichment/F25_context-node-dictionary.csv,1646,tenant_file
skyharbor-air,NODE-000935,NODE 000935,graph_node,family-8-semantic-enrichment/F25_context-node-dictionary.csv,Graph Node node used for semantic graph and diagram answers.,0.68,Generated dictionary row from loaded source records; explicit business glossary can improve labels.,family-8-semantic-enrichment/F25_context-node-dictionary.csv,1647,tenant_file
skyharbor-air,NODE-000539,NODE 000539,graph_node,family-8-semantic-enrichment/F25_context-node-dictionary.csv,Graph Node node used for semantic graph and diagram answers.,0.68,Generated dictionary row from loaded source records; explicit business glossary can improve labels.,family-8-semantic-enrichment/F25_context-node-dictionary.csv,1648,tenant_file
skyharbor-air,NODE-001304,NODE 001304,graph_node,family-8-semantic-enrichment/F25_context-node-dictionary.csv,Graph Node node used for semantic graph and diagram answers.,0.68,Generated dictionary row from loaded source records; explicit business glossary can improve labels.,family-8-semantic-enrichment/F25_context-node-dictionary.csv,1649,tenant_file
skyharbor-air,NODE-000354,NODE 000354,graph_node,family-8-semantic-enrichment/F25_context-node-dictionary.csv,Graph Node node used for semantic graph and diagram answers.,0.68,Generated dictionary row from loaded source records; explicit business glossary can improve labels.,family-8-semantic-enrichment/F25_context-node-dictionary.csv,1650,tenant_file
skyharbor-air,NODE-002367,NODE 002367,graph_node,family-8-semantic-enrichment/F25_context-node-dictionary.csv,Graph Node node used for semantic graph and diagram answers.,0.68,Generated dictionary row from loaded source records; explicit business glossary can improve labels.,family-8-semantic-enrichment/F25_context-node-dictionary.csv,1651,tenant_file
skyharbor-air,NODE-001189,NODE 001189,graph_node,family-8-semantic-enrichment/F25_context-node-dictionary.csv,Graph Node node used for semantic graph and diagram answers.,0.68,Generated dictionary row from loaded source records; explicit business glossary can improve labels.,family-8-semantic-enrichment/F25_context-node-dictionary.csv,1652,tenant_file
skyharbor-air,NODE-000338,NODE 000338,graph_node,family-8-semantic-enrichment/F25_context-node-dictionary.csv,Graph Node node used for semantic graph and diagram answers.,0.68,Generated dictionary row from loaded source records; explicit business glossary can improve labels.,family-8-semantic-enrichment/F25_context-node-dictionary.csv,1653,tenant_file
skyharbor-air,NODE-001183,NODE 001183,graph_node,family-8-semantic-enrichment/F25_context-node-dictionary.csv,Graph Node node used for semantic graph and diagram answers.,0.68,Generated dictionary row from loaded source records; explicit business glossary can improve labels.,family-8-semantic-enrichment/F25_context-node-dictionary.csv,1654,tenant_file
skyharbor-air,NODE-000451,NODE 000451,graph_node,family-8-semantic-enrichment/F25_context-node-dictionary.csv,Graph Node node used for semantic graph and diagram answers.,0.68,Generated dictionary row from loaded source records; explicit business glossary can improve labels.,family-8-semantic-enrichment/F25_context-node-dictionary.csv,1655,tenant_file
skyharbor-air,NODE-002305,NODE 002305,graph_node,family-8-semantic-enrichment/F25_context-node-dictionary.csv,Graph Node node used for semantic graph and diagram answers.,0.68,Generated dictionary row from loaded source records; explicit business glossary can improve labels.,family-8-semantic-enrichment/F25_context-node-dictionary.csv,1656,tenant_file
skyharbor-air,NODE-000335,NODE 000335,graph_node,family-8-semantic-enrichment/F25_context-node-dictionary.csv,Graph Node node used for semantic graph and diagram answers.,0.68,Generated dictionary row from loaded source records; explicit business glossary can improve labels.,family-8-semantic-enrichment/F25_context-node-dictionary.csv,1657,tenant_file
skyharbor-air,NODE-002351,NODE 002351,graph_node,family-8-semantic-enrichment/F25_context-node-dictionary.csv,Graph Node node used for semantic graph and diagram answers.,0.68,Generated dictionary row from loaded source records; explicit business glossary can improve labels.,family-8-semantic-enrichment/F25_context-node-dictionary.csv,1658,tenant_file
skyharbor-air,NODE-000480,NODE 000480,graph_node,family-8-semantic-enrichment/F25_context-node-dictionary.csv,Graph Node node used for semantic graph and diagram answers.,0.68,Generated dictionary row from loaded source records; explicit business glossary can improve labels.,family-8-semantic-enrichment/F25_context-node-dictionary.csv,1659,tenant_file
skyharbor-air,NODE-001532,NODE 001532,graph_node,family-8-semantic-enrichment/F25_context-node-dictionary.csv,Graph Node node used for semantic graph and diagram answers.,0.68,Generated dictionary row from loaded source records; explicit business glossary can improve labels.,family-8-semantic-enrichment/F25_context-node-dictionary.csv,1660,tenant_file
skyharbor-air,NODE-001427,NODE 001427,graph_node,family-8-semantic-enrichment/F25_context-node-dictionary.csv,Graph Node node used for semantic graph and diagram answers.,0.68,Generated dictionary row from loaded source records; explicit business glossary can improve labels.,family-8-semantic-enrichment/F25_context-node-dictionary.csv,1661,tenant_file
skyharbor-air,NODE-001179,NODE 001179,graph_node,family-8-semantic-enrichment/F25_context-node-dictionary.csv,Graph Node node used for semantic graph and diagram answers.,0.68,Generated dictionary row from loaded source records; explicit business glossary can improve labels.,family-8-semantic-enrichment/F25_context-node-dictionary.csv,1662,tenant_file
skyharbor-air,NODE-000152,NODE 000152,graph_node,family-8-semantic-enrichment/F25_context-node-dictionary.csv,Graph Node node used for semantic graph and diagram answers.,0.68,Generated dictionary row from loaded source records; explicit business glossary can improve labels.,family-8-semantic-enrichment/F25_context-node-dictionary.csv,1663,tenant_file
skyharbor-air,NODE-001780,NODE 001780,graph_node,family-8-semantic-enrichment/F25_context-node-dictionary.csv,Graph Node node used for semantic graph and diagram answers.,0.68,Generated dictionary row from loaded source records; explicit business glossary can improve labels.,family-8-semantic-enrichment/F25_context-node-dictionary.csv,1664,tenant_file
skyharbor-air,NODE-001531,NODE 001531,graph_node,family-8-semantic-enrichment/F25_context-node-dictionary.csv,Graph Node node used for semantic graph and diagram answers.,0.68,Generated dictionary row from loaded source records; explicit business glossary can improve labels.,family-8-semantic-enrichment/F25_context-node-dictionary.csv,1665,tenant_file
skyharbor-air,NODE-001473,NODE 001473,graph_node,family-8-semantic-enrichment/F25_context-node-dictionary.csv,Graph Node node used for semantic graph and diagram answers.,0.68,Generated dictionary row from loaded source records; explicit business glossary can improve labels.,family-8-semantic-enrichment/F25_context-node-dictionary.csv,1666,tenant_file
skyharbor-air,NODE-000256,NODE 000256,graph_node,family-8-semantic-enrichment/F25_context-node-dictionary.csv,Graph Node node used for semantic graph and diagram answers.,0.68,Generated dictionary row from loaded source records; explicit business glossary can improve labels.,family-8-semantic-enrichment/F25_context-node-dictionary.csv,1667,tenant_file
skyharbor-air,NODE-001326,NODE 001326,graph_node,family-8-semantic-enrichment/F25_context-node-dictionary.csv,Graph Node node used for semantic graph and diagram answers.,0.68,Generated dictionary row from loaded source records; explicit business glossary can improve labels.,family-8-semantic-enrichment/F25_context-node-dictionary.csv,1668,tenant_file
skyharbor-air,NODE-000411,NODE 000411,graph_node,family-8-semantic-enrichment/F25_context-node-dictionary.csv,Graph Node node used for semantic graph and diagram answers.,0.68,Generated dictionary row from loaded source records; explicit business glossary can improve labels.,family-8-semantic-enrichment/F25_context-node-dictionary.csv,1669,tenant_file
skyharbor-air,NODE-001992,NODE 001992,graph_node,family-8-semantic-enrichment/F25_context-node-dictionary.csv,Graph Node node used for semantic graph and diagram answers.,0.68,Generated dictionary row from loaded source records; explicit business glossary can improve labels.,family-8-semantic-enrichment/F25_context-node-dictionary.csv,1670,tenant_file
skyharbor-air,NODE-002163,NODE 002163,graph_node,family-8-semantic-enrichment/F25_context-node-dictionary.csv,Graph Node node used for semantic graph and diagram answers.,0.68,Generated dictionary row from loaded source records; explicit business glossary can improve labels.,family-8-semantic-enrichment/F25_context-node-dictionary.csv,1671,tenant_file
skyharbor-air,NODE-000343,NODE 000343,graph_node,family-8-semantic-enrichment/F25_context-node-dictionary.csv,Graph Node node used for semantic graph and diagram answers.,0.68,Generated dictionary row from loaded source records; explicit business glossary can improve labels.,family-8-semantic-enrichment/F25_context-node-dictionary.csv,1672,tenant_file
skyharbor-air,NODE-002453,NODE 002453,graph_node,family-8-semantic-enrichment/F25_context-node-dictionary.csv,Graph Node node used for semantic graph and diagram answers.,0.68,Generated dictionary row from loaded source records; explicit business glossary can improve labels.,family-8-semantic-enrichment/F25_context-node-dictionary.csv,1673,tenant_file
skyharbor-air,NODE-000834,NODE 000834,graph_node,family-8-semantic-enrichment/F25_context-node-dictionary.csv,Graph Node node used for semantic graph and diagram answers.,0.68,Generated dictionary row from loaded source records; explicit business glossary can improve labels.,family-8-semantic-enrichment/F25_context-node-dictionary.csv,1674,tenant_file
skyharbor-air,NODE-000314,NODE 000314,graph_node,family-8-semantic-enrichment/F25_context-node-dictionary.csv,Graph Node node used for semantic graph and diagram answers.,0.68,Generated dictionary row from loaded source records; explicit business glossary can improve labels.,family-8-semantic-enrichment/F25_context-node-dictionary.csv,1675,tenant_file
skyharbor-air,NODE-001591,NODE 001591,graph_node,family-8-semantic-enrichment/F25_context-node-dictionary.csv,Graph Node node used for semantic graph and diagram answers.,0.68,Generated dictionary row from loaded source records; explicit business glossary can improve labels.,family-8-semantic-enrichment/F25_context-node-dictionary.csv,1676,tenant_file
skyharbor-air,NODE-000759,NODE 000759,graph_node,family-8-semantic-enrichment/F25_context-node-dictionary.csv,Graph Node node used for semantic graph and diagram answers.,0.68,Generated dictionary row from loaded source records; explicit business glossary can improve labels.,family-8-semantic-enrichment/F25_context-node-dictionary.csv,1677,tenant_file
skyharbor-air,NODE-001009,NODE 001009,graph_node,family-8-semantic-enrichment/F25_context-node-dictionary.csv,Graph Node node used for semantic graph and diagram answers.,0.68,Generated dictionary row from loaded source records; explicit business glossary can improve labels.,family-8-semantic-enrichment/F25_context-node-dictionary.csv,1678,tenant_file
skyharbor-air,NODE-000368,NODE 000368,graph_node,family-8-semantic-enrichment/F25_context-node-dictionary.csv,Graph Node node used for semantic graph and diagram answers.,0.68,Generated dictionary row from loaded source records; explicit business glossary can improve labels.,family-8-semantic-enrichment/F25_context-node-dictionary.csv,1679,tenant_file
skyharbor-air,NODE-000463,NODE 000463,graph_node,family-8-semantic-enrichment/F25_context-node-dictionary.csv,Graph Node node used for semantic graph and diagram answers.,0.68,Generated dictionary row from loaded source records; explicit business glossary can improve labels.,family-8-semantic-enrichment/F25_context-node-dictionary.csv,1680,tenant_file
skyharbor-air,NODE-000815,NODE 000815,graph_node,family-8-semantic-enrichment/F25_context-node-dictionary.csv,Graph Node node used for semantic graph and diagram answers.,0.68,Generated dictionary row from loaded source records; explicit business glossary can improve labels.,family-8-semantic-enrichment/F25_context-node-dictionary.csv,1681,tenant_file
skyharbor-air,NODE-000196,NODE 000196,graph_node,family-8-semantic-enrichment/F25_context-node-dictionary.csv,Graph Node node used for semantic graph and diagram answers.,0.68,Generated dictionary row from loaded source records; explicit business glossary can improve labels.,family-8-semantic-enrichment/F25_context-node-dictionary.csv,1682,tenant_file
skyharbor-air,NODE-000530,NODE 000530,graph_node,family-8-semantic-enrichment/F25_context-node-dictionary.csv,Graph Node node used for semantic graph and diagram answers.,0.68,Generated dictionary row from loaded source records; explicit business glossary can improve labels.,family-8-semantic-enrichment/F25_context-node-dictionary.csv,1683,tenant_file
skyharbor-air,NODE-002112,NODE 002112,graph_node,family-8-semantic-enrichment/F25_context-node-dictionary.csv,Graph Node node used for semantic graph and diagram answers.,0.68,Generated dictionary row from loaded source records; explicit business glossary can improve labels.,family-8-semantic-enrichment/F25_context-node-dictionary.csv,1684,tenant_file
skyharbor-air,NODE-000269,NODE 000269,graph_node,family-8-semantic-enrichment/F25_context-node-dictionary.csv,Graph Node node used for semantic graph and diagram answers.,0.68,Generated dictionary row from loaded source records; explicit business glossary can improve labels.,family-8-semantic-enrichment/F25_context-node-dictionary.csv,1685,tenant_file
skyharbor-air,NODE-002499,NODE 002499,graph_node,family-8-semantic-enrichment/F25_context-node-dictionary.csv,Graph Node node used for semantic graph and diagram answers.,0.68,Generated dictionary row from loaded source records; explicit business glossary can improve labels.,family-8-semantic-enrichment/F25_context-node-dictionary.csv,1686,tenant_file
skyharbor-air,NODE-000216,NODE 000216,graph_node,family-8-semantic-enrichment/F25_context-node-dictionary.csv,Graph Node node used for semantic graph and diagram answers.,0.68,Generated dictionary row from loaded source records; explicit business glossary can improve labels.,family-8-semantic-enrichment/F25_context-node-dictionary.csv,1687,tenant_file
skyharbor-air,NODE-001730,NODE 001730,graph_node,family-8-semantic-enrichment/F25_context-node-dictionary.csv,Graph Node node used for semantic graph and diagram answers.,0.68,Generated dictionary row from loaded source records; explicit business glossary can improve labels.,family-8-semantic-enrichment/F25_context-node-dictionary.csv,1688,tenant_file
skyharbor-air,NODE-001902,NODE 001902,graph_node,family-8-semantic-enrichment/F25_context-node-dictionary.csv,Graph Node node used for semantic graph and diagram answers.,0.68,Generated dictionary row from loaded source records; explicit business glossary can improve labels.,family-8-semantic-enrichment/F25_context-node-dictionary.csv,1689,tenant_file
skyharbor-air,NODE-000407,NODE 000407,graph_node,family-8-semantic-enrichment/F25_context-node-dictionary.csv,Graph Node node used for semantic graph and diagram answers.,0.68,Generated dictionary row from loaded source records; explicit business glossary can improve labels.,family-8-semantic-enrichment/F25_context-node-dictionary.csv,1690,tenant_file
skyharbor-air,NODE-002336,NODE 002336,graph_node,family-8-semantic-enrichment/F25_context-node-dictionary.csv,Graph Node node used for semantic graph and diagram answers.,0.68,Generated dictionary row from loaded source records; explicit business glossary can improve labels.,family-8-semantic-enrichment/F25_context-node-dictionary.csv,1691,tenant_file
skyharbor-air,NODE-000266,NODE 000266,graph_node,family-8-semantic-enrichment/F25_context-node-dictionary.csv,Graph Node node used for semantic graph and diagram answers.,0.68,Generated dictionary row from loaded source records; explicit business glossary can improve labels.,family-8-semantic-enrichment/F25_context-node-dictionary.csv,1692,tenant_file
skyharbor-air,NODE-001451,NODE 001451,graph_node,family-8-semantic-enrichment/F25_context-node-dictionary.csv,Graph Node node used for semantic graph and diagram answers.,0.68,Generated dictionary row from loaded source records; explicit business glossary can improve labels.,family-8-semantic-enrichment/F25_context-node-dictionary.csv,1693,tenant_file
skyharbor-air,NODE-000150,NODE 000150,graph_node,family-8-semantic-enrichment/F25_context-node-dictionary.csv,Graph Node node used for semantic graph and diagram answers.,0.68,Generated dictionary row from loaded source records; explicit business glossary can improve labels.,family-8-semantic-enrichment/F25_context-node-dictionary.csv,1694,tenant_file
skyharbor-air,NODE-002390,NODE 002390,graph_node,family-8-semantic-enrichment/F25_context-node-dictionary.csv,Graph Node node used for semantic graph and diagram answers.,0.68,Generated dictionary row from loaded source records; explicit business glossary can improve labels.,family-8-semantic-enrichment/F25_context-node-dictionary.csv,1695,tenant_file
skyharbor-air,NODE-002435,NODE 002435,graph_node,family-8-semantic-enrichment/F25_context-node-dictionary.csv,Graph Node node used for semantic graph and diagram answers.,0.68,Generated dictionary row from loaded source records; explicit business glossary can improve labels.,family-8-semantic-enrichment/F25_context-node-dictionary.csv,1696,tenant_file
skyharbor-air,NODE-000605,NODE 000605,graph_node,family-8-semantic-enrichment/F25_context-node-dictionary.csv,Graph Node node used for semantic graph and diagram answers.,0.68,Generated dictionary row from loaded source records; explicit business glossary can improve labels.,family-8-semantic-enrichment/F25_context-node-dictionary.csv,1697,tenant_file
skyharbor-air,NODE-002207,NODE 002207,graph_node,family-8-semantic-enrichment/F25_context-node-dictionary.csv,Graph Node node used for semantic graph and diagram answers.,0.68,Generated dictionary row from loaded source records; explicit business glossary can improve labels.,family-8-semantic-enrichment/F25_context-node-dictionary.csv,1698,tenant_file
skyharbor-air,NODE-000229,NODE 000229,graph_node,family-8-semantic-enrichment/F25_context-node-dictionary.csv,Graph Node node used for semantic graph and diagram answers.,0.68,Generated dictionary row from loaded source records; explicit business glossary can improve labels.,family-8-semantic-enrichment/F25_context-node-dictionary.csv,1699,tenant_file
skyharbor-air,NODE-000923,NODE 000923,graph_node,family-8-semantic-enrichment/F25_context-node-dictionary.csv,Graph Node node used for semantic graph and diagram answers.,0.68,Generated dictionary row from loaded source records; explicit business glossary can improve labels.,family-8-semantic-enrichment/F25_context-node-dictionary.csv,1700,tenant_file
skyharbor-air,NODE-000237,NODE 000237,graph_node,family-8-semantic-enrichment/F25_context-node-dictionary.csv,Graph Node node used for semantic graph and diagram answers.,0.68,Generated dictionary row from loaded source records; explicit business glossary can improve labels.,family-8-semantic-enrichment/F25_context-node-dictionary.csv,1701,tenant_file
skyharbor-air,NODE-002563,NODE 002563,graph_node,family-8-semantic-enrichment/F25_context-node-dictionary.csv,Graph Node node used for semantic graph and diagram answers.,0.68,Generated dictionary row from loaded source records; explicit business glossary can improve labels.,family-8-semantic-enrichment/F25_context-node-dictionary.csv,1702,tenant_file
skyharbor-air,NODE-002535,NODE 002535,graph_node,family-8-semantic-enrichment/F25_context-node-dictionary.csv,Graph Node node used for semantic graph and diagram answers.,0.68,Generated dictionary row from loaded source records; explicit business glossary can improve labels.,family-8-semantic-enrichment/F25_context-node-dictionary.csv,1703,tenant_file
skyharbor-air,NODE-000574,NODE 000574,graph_node,family-8-semantic-enrichment/F25_context-node-dictionary.csv,Graph Node node used for semantic graph and diagram answers.,0.68,Generated dictionary row from loaded source records; explicit business glossary can improve labels.,family-8-semantic-enrichment/F25_context-node-dictionary.csv,1704,tenant_file
skyharbor-air,NODE-002217,NODE 002217,graph_node,family-8-semantic-enrichment/F25_context-node-dictionary.csv,Graph Node node used for semantic graph and diagram answers.,0.68,Generated dictionary row from loaded source records; explicit business glossary can improve labels.,family-8-semantic-enrichment/F25_context-node-dictionary.csv,1705,tenant_file
skyharbor-air,NODE-000496,NODE 000496,graph_node,family-8-semantic-enrichment/F25_context-node-dictionary.csv,Graph Node node used for semantic graph and diagram answers.,0.68,Generated dictionary row from loaded source records; explicit business glossary can improve labels.,family-8-semantic-enrichment/F25_context-node-dictionary.csv,1706,tenant_file
skyharbor-air,NODE-001090,NODE 001090,graph_node,family-8-semantic-enrichment/F25_context-node-dictionary.csv,Graph Node node used for semantic graph and diagram answers.,0.68,Generated dictionary row from loaded source records; explicit business glossary can improve labels.,family-8-semantic-enrichment/F25_context-node-dictionary.csv,1707,tenant_file
skyharbor-air,NODE-000166,NODE 000166,graph_node,family-8-semantic-enrichment/F25_context-node-dictionary.csv,Graph Node node used for semantic graph and diagram answers.,0.68,Generated dictionary row from loaded source records; explicit business glossary can improve labels.,family-8-semantic-enrichment/F25_context-node-dictionary.csv,1708,tenant_file
skyharbor-air,NODE-001138,NODE 001138,graph_node,family-8-semantic-enrichment/F25_context-node-dictionary.csv,Graph Node node used for semantic graph and diagram answers.,0.68,Generated dictionary row from loaded source records; explicit business glossary can improve labels.,family-8-semantic-enrichment/F25_context-node-dictionary.csv,1709,tenant_file
skyharbor-air,NODE-001521,NODE 001521,graph_node,family-8-semantic-enrichment/F25_context-node-dictionary.csv,Graph Node node used for semantic graph and diagram answers.,0.68,Generated dictionary row from loaded source records; explicit business glossary can improve labels.,family-8-semantic-enrichment/F25_context-node-dictionary.csv,1710,tenant_file
skyharbor-air,NODE-000781,NODE 000781,graph_node,family-8-semantic-enrichment/F25_context-node-dictionary.csv,Graph Node node used for semantic graph and diagram answers.,0.68,Generated dictionary row from loaded source records; explicit business glossary can improve labels.,family-8-semantic-enrichment/F25_context-node-dictionary.csv,1711,tenant_file
skyharbor-air,NODE-001739,NODE 001739,graph_node,family-8-semantic-enrichment/F25_context-node-dictionary.csv,Graph Node node used for semantic graph and diagram answers.,0.68,Generated dictionary row from loaded source records; explicit business glossary can improve labels.,family-8-semantic-enrichment/F25_context-node-dictionary.csv,1712,tenant_file
skyharbor-air,NODE-000233,NODE 000233,graph_node,family-8-semantic-enrichment/F25_context-node-dictionary.csv,Graph Node node used for semantic graph and diagram answers.,0.68,Generated dictionary row from loaded source records; explicit business glossary can improve labels.,family-8-semantic-enrichment/F25_context-node-dictionary.csv,1713,tenant_file
skyharbor-air,NODE-001972,NODE 001972,graph_node,family-8-semantic-enrichment/F25_context-node-dictionary.csv,Graph Node node used for semantic graph and diagram answers.,0.68,Generated dictionary row from loaded source records; explicit business glossary can improve labels.,family-8-semantic-enrichment/F25_context-node-dictionary.csv,1714,tenant_file
skyharbor-air,NODE-000239,NODE 000239,graph_node,family-8-semantic-enrichment/F25_context-node-dictionary.csv,Graph Node node used for semantic graph and diagram answers.,0.68,Generated dictionary row from loaded source records; explicit business glossary can improve labels.,family-8-semantic-enrichment/F25_context-node-dictionary.csv,1715,tenant_file
skyharbor-air,NODE-001479,NODE 001479,graph_node,family-8-semantic-enrichment/F25_context-node-dictionary.csv,Graph Node node used for semantic graph and diagram answers.,0.68,Generated dictionary row from loaded source records; explicit business glossary can improve labels.,family-8-semantic-enrichment/F25_context-node-dictionary.csv,1716,tenant_file
skyharbor-air,NODE-000467,NODE 000467,graph_node,family-8-semantic-enrichment/F25_context-node-dictionary.csv,Graph Node node used for semantic graph and diagram answers.,0.68,Generated dictionary row from loaded source records; explicit business glossary can improve labels.,family-8-semantic-enrichment/F25_context-node-dictionary.csv,1717,tenant_file
skyharbor-air,NODE-001921,NODE 001921,graph_node,family-8-semantic-enrichment/F25_context-node-dictionary.csv,Graph Node node used for semantic graph and diagram answers.,0.68,Generated dictionary row from loaded source records; explicit business glossary can improve labels.,family-8-semantic-enrichment/F25_context-node-dictionary.csv,1718,tenant_file
skyharbor-air,NODE-000444,NODE 000444,graph_node,family-8-semantic-enrichment/F25_context-node-dictionary.csv,Graph Node node used for semantic graph and diagram answers.,0.68,Generated dictionary row from loaded source records; explicit business glossary can improve labels.,family-8-semantic-enrichment/F25_context-node-dictionary.csv,1719,tenant_file
skyharbor-air,NODE-002511,NODE 002511,graph_node,family-8-semantic-enrichment/F25_context-node-dictionary.csv,Graph Node node used for semantic graph and diagram answers.,0.68,Generated dictionary row from loaded source records; explicit business glossary can improve labels.,family-8-semantic-enrichment/F25_context-node-dictionary.csv,1720,tenant_file
skyharbor-air,NODE-002056,NODE 002056,graph_node,family-8-semantic-enrichment/F25_context-node-dictionary.csv,Graph Node node used for semantic graph and diagram answers.,0.68,Generated dictionary row from loaded source records; explicit business glossary can improve labels.,family-8-semantic-enrichment/F25_context-node-dictionary.csv,1721,tenant_file
skyharbor-air,NODE-001455,NODE 001455,graph_node,family-8-semantic-enrichment/F25_context-node-dictionary.csv,Graph Node node used for semantic graph and diagram answers.,0.68,Generated dictionary row from loaded source records; explicit business glossary can improve labels.,family-8-semantic-enrichment/F25_context-node-dictionary.csv,1722,tenant_file
skyharbor-air,NODE-000541,NODE 000541,graph_node,family-8-semantic-enrichment/F25_context-node-dictionary.csv,Graph Node node used for semantic graph and diagram answers.,0.68,Generated dictionary row from loaded source records; explicit business glossary can improve labels.,family-8-semantic-enrichment/F25_context-node-dictionary.csv,1723,tenant_file
skyharbor-air,NODE-002036,NODE 002036,graph_node,family-8-semantic-enrichment/F25_context-node-dictionary.csv,Graph Node node used for semantic graph and diagram answers.,0.68,Generated dictionary row from loaded source records; explicit business glossary can improve labels.,family-8-semantic-enrichment/F25_context-node-dictionary.csv,1724,tenant_file
skyharbor-air,NODE-000457,NODE 000457,graph_node,family-8-semantic-enrichment/F25_context-node-dictionary.csv,Graph Node node used for semantic graph and diagram answers.,0.68,Generated dictionary row from loaded source records; explicit business glossary can improve labels.,family-8-semantic-enrichment/F25_context-node-dictionary.csv,1725,tenant_file
skyharbor-air,NODE-002046,NODE 002046,graph_node,family-8-semantic-enrichment/F25_context-node-dictionary.csv,Graph Node node used for semantic graph and diagram answers.,0.68,Generated dictionary row from loaded source records; explicit business glossary can improve labels.,family-8-semantic-enrichment/F25_context-node-dictionary.csv,1726,tenant_file
skyharbor-air,NODE-000501,NODE 000501,graph_node,family-8-semantic-enrichment/F25_context-node-dictionary.csv,Graph Node node used for semantic graph and diagram answers.,0.68,Generated dictionary row from loaded source records; explicit business glossary can improve labels.,family-8-semantic-enrichment/F25_context-node-dictionary.csv,1727,tenant_file
skyharbor-air,NODE-001874,NODE 001874,graph_node,family-8-semantic-enrichment/F25_context-node-dictionary.csv,Graph Node node used for semantic graph and diagram answers.,0.68,Generated dictionary row from loaded source records; explicit business glossary can improve labels.,family-8-semantic-enrichment/F25_context-node-dictionary.csv,1728,tenant_file
skyharbor-air,NODE-000748,NODE 000748,graph_node,family-8-semantic-enrichment/F25_context-node-dictionary.csv,Graph Node node used for semantic graph and diagram answers.,0.68,Generated dictionary row from loaded source records; explicit business glossary can improve labels.,family-8-semantic-enrichment/F25_context-node-dictionary.csv,1729,tenant_file
skyharbor-air,NODE-002105,NODE 002105,graph_node,family-8-semantic-enrichment/F25_context-node-dictionary.csv,Graph Node node used for semantic graph and diagram answers.,0.68,Generated dictionary row from loaded source records; explicit business glossary can improve labels.,family-8-semantic-enrichment/F25_context-node-dictionary.csv,1730,tenant_file
skyharbor-air,NODE-001121,NODE 001121,graph_node,family-8-semantic-enrichment/F25_context-node-dictionary.csv,Graph Node node used for semantic graph and diagram answers.,0.68,Generated dictionary row from loaded source records; explicit business glossary can improve labels.,family-8-semantic-enrichment/F25_context-node-dictionary.csv,1731,tenant_file
skyharbor-air,NODE-001529,NODE 001529,graph_node,family-8-semantic-enrichment/F25_context-node-dictionary.csv,Graph Node node used for semantic graph and diagram answers.,0.68,Generated dictionary row from loaded source records; explicit business glossary can improve labels.,family-8-semantic-enrichment/F25_context-node-dictionary.csv,1732,tenant_file
skyharbor-air,NODE-000651,NODE 000651,graph_node,family-8-semantic-enrichment/F25_context-node-dictionary.csv,Graph Node node used for semantic graph and diagram answers.,0.68,Generated dictionary row from loaded source records; explicit business glossary can improve labels.,family-8-semantic-enrichment/F25_context-node-dictionary.csv,1733,tenant_file
skyharbor-air,NODE-002405,NODE 002405,graph_node,family-8-semantic-enrichment/F25_context-node-dictionary.csv,Graph Node node used for semantic graph and diagram answers.,0.68,Generated dictionary row from loaded source records; explicit business glossary can improve labels.,family-8-semantic-enrichment/F25_context-node-dictionary.csv,1734,tenant_file
skyharbor-air,NODE-000492,NODE 000492,graph_node,family-8-semantic-enrichment/F25_context-node-dictionary.csv,Graph Node node used for semantic graph and diagram answers.,0.68,Generated dictionary row from loaded source records; explicit business glossary can improve labels.,family-8-semantic-enrichment/F25_context-node-dictionary.csv,1735,tenant_file
skyharbor-air,NODE-001518,NODE 001518,graph_node,family-8-semantic-enrichment/F25_context-node-dictionary.csv,Graph Node node used for semantic graph and diagram answers.,0.68,Generated dictionary row from loaded source records; explicit business glossary can improve labels.,family-8-semantic-enrichment/F25_context-node-dictionary.csv,1736,tenant_file
skyharbor-air,NODE-000602,NODE 000602,graph_node,family-8-semantic-enrichment/F25_context-node-dictionary.csv,Graph Node node used for semantic graph and diagram answers.,0.68,Generated dictionary row from loaded source records; explicit business glossary can improve labels.,family-8-semantic-enrichment/F25_context-node-dictionary.csv,1737,tenant_file
skyharbor-air,NODE-001184,NODE 001184,graph_node,family-8-semantic-enrichment/F25_context-node-dictionary.csv,Graph Node node used for semantic graph and diagram answers.,0.68,Generated dictionary row from loaded source records; explicit business glossary can improve labels.,family-8-semantic-enrichment/F25_context-node-dictionary.csv,1738,tenant_file
skyharbor-air,NODE-000439,NODE 000439,graph_node,family-8-semantic-enrichment/F25_context-node-dictionary.csv,Graph Node node used for semantic graph and diagram answers.,0.68,Generated dictionary row from loaded source records; explicit business glossary can improve labels.,family-8-semantic-enrichment/F25_context-node-dictionary.csv,1739,tenant_file
skyharbor-air,NODE-002194,NODE 002194,graph_node,family-8-semantic-enrichment/F25_context-node-dictionary.csv,Graph Node node used for semantic graph and diagram answers.,0.68,Generated dictionary row from loaded source records; explicit business glossary can improve labels.,family-8-semantic-enrichment/F25_context-node-dictionary.csv,1740,tenant_file
skyharbor-air,NODE-000611,NODE 000611,graph_node,family-8-semantic-enrichment/F25_context-node-dictionary.csv,Graph Node node used for semantic graph and diagram answers.,0.68,Generated dictionary row from loaded source records; explicit business glossary can improve labels.,family-8-semantic-enrichment/F25_context-node-dictionary.csv,1741,tenant_file
skyharbor-air,NODE-001031,NODE 001031,graph_node,family-8-semantic-enrichment/F25_context-node-dictionary.csv,Graph Node node used for semantic graph and diagram answers.,0.68,Generated dictionary row from loaded source records; explicit business glossary can improve labels.,family-8-semantic-enrichment/F25_context-node-dictionary.csv,1742,tenant_file
skyharbor-air,NODE-000195,NODE 000195,graph_node,family-8-semantic-enrichment/F25_context-node-dictionary.csv,Graph Node node used for semantic graph and diagram answers.,0.68,Generated dictionary row from loaded source records; explicit business glossary can improve labels.,family-8-semantic-enrichment/F25_context-node-dictionary.csv,1743,tenant_file
skyharbor-air,NODE-001066,NODE 001066,graph_node,family-8-semantic-enrichment/F25_context-node-dictionary.csv,Graph Node node used for semantic graph and diagram answers.,0.68,Generated dictionary row from loaded source records; explicit business glossary can improve labels.,family-8-semantic-enrichment/F25_context-node-dictionary.csv,1744,tenant_file
skyharbor-air,NODE-000740,NODE 000740,graph_node,family-8-semantic-enrichment/F25_context-node-dictionary.csv,Graph Node node used for semantic graph and diagram answers.,0.68,Generated dictionary row from loaded source records; explicit business glossary can improve labels.,family-8-semantic-enrichment/F25_context-node-dictionary.csv,1745,tenant_file
skyharbor-air,NODE-000806,NODE 000806,graph_node,family-8-semantic-enrichment/F25_context-node-dictionary.csv,Graph Node node used for semantic graph and diagram answers.,0.68,Generated dictionary row from loaded source records; explicit business glossary can improve labels.,family-8-semantic-enrichment/F25_context-node-dictionary.csv,1746,tenant_file
skyharbor-air,NODE-001515,NODE 001515,graph_node,family-8-semantic-enrichment/F25_context-node-dictionary.csv,Graph Node node used for semantic graph and diagram answers.,0.68,Generated dictionary row from loaded source records; explicit business glossary can improve labels.,family-8-semantic-enrichment/F25_context-node-dictionary.csv,1747,tenant_file
skyharbor-air,NODE-000365,NODE 000365,graph_node,family-8-semantic-enrichment/F25_context-node-dictionary.csv,Graph Node node used for semantic graph and diagram answers.,0.68,Generated dictionary row from loaded source records; explicit business glossary can improve labels.,family-8-semantic-enrichment/F25_context-node-dictionary.csv,1748,tenant_file
skyharbor-air,NODE-001205,NODE 001205,graph_node,family-8-semantic-enrichment/F25_context-node-dictionary.csv,Graph Node node used for semantic graph and diagram answers.,0.68,Generated dictionary row from loaded source records; explicit business glossary can improve labels.,family-8-semantic-enrichment/F25_context-node-dictionary.csv,1749,tenant_file
skyharbor-air,NODE-000359,NODE 000359,graph_node,family-8-semantic-enrichment/F25_context-node-dictionary.csv,Graph Node node used for semantic graph and diagram answers.,0.68,Generated dictionary row from loaded source records; explicit business glossary can improve labels.,family-8-semantic-enrichment/F25_context-node-dictionary.csv,1750,tenant_file
skyharbor-air,NODE-001965,NODE 001965,graph_node,family-8-semantic-enrichment/F25_context-node-dictionary.csv,Graph Node node used for semantic graph and diagram answers.,0.68,Generated dictionary row from loaded source records; explicit business glossary can improve labels.,family-8-semantic-enrichment/F25_context-node-dictionary.csv,1751,tenant_file
skyharbor-air,NODE-000663,NODE 000663,graph_node,family-8-semantic-enrichment/F25_context-node-dictionary.csv,Graph Node node used for semantic graph and diagram answers.,0.68,Generated dictionary row from loaded source records; explicit business glossary can improve labels.,family-8-semantic-enrichment/F25_context-node-dictionary.csv,1752,tenant_file
skyharbor-air,NODE-000871,NODE 000871,graph_node,family-8-semantic-enrichment/F25_context-node-dictionary.csv,Graph Node node used for semantic graph and diagram answers.,0.68,Generated dictionary row from loaded source records; explicit business glossary can improve labels.,family-8-semantic-enrichment/F25_context-node-dictionary.csv,1753,tenant_file
skyharbor-air,NODE-000242,NODE 000242,graph_node,family-8-semantic-enrichment/F25_context-node-dictionary.csv,Graph Node node used for semantic graph and diagram answers.,0.68,Generated dictionary row from loaded source records; explicit business glossary can improve labels.,family-8-semantic-enrichment/F25_context-node-dictionary.csv,1754,tenant_file
skyharbor-air,NODE-001667,NODE 001667,graph_node,family-8-semantic-enrichment/F25_context-node-dictionary.csv,Graph Node node used for semantic graph and diagram answers.,0.68,Generated dictionary row from loaded source records; explicit business glossary can improve labels.,family-8-semantic-enrichment/F25_context-node-dictionary.csv,1755,tenant_file
skyharbor-air,NODE-002513,NODE 002513,graph_node,family-8-semantic-enrichment/F25_context-node-dictionary.csv,Graph Node node used for semantic graph and diagram answers.,0.68,Generated dictionary row from loaded source records; explicit business glossary can improve labels.,family-8-semantic-enrichment/F25_context-node-dictionary.csv,1756,tenant_file
skyharbor-air,NODE-000366,NODE 000366,graph_node,family-8-semantic-enrichment/F25_context-node-dictionary.csv,Graph Node node used for semantic graph and diagram answers.,0.68,Generated dictionary row from loaded source records; explicit business glossary can improve labels.,family-8-semantic-enrichment/F25_context-node-dictionary.csv,1757,tenant_file
skyharbor-air,NODE-000430,NODE 000430,graph_node,family-8-semantic-enrichment/F25_context-node-dictionary.csv,Graph Node node used for semantic graph and diagram answers.,0.68,Generated dictionary row from loaded source records; explicit business glossary can improve labels.,family-8-semantic-enrichment/F25_context-node-dictionary.csv,1758,tenant_file
skyharbor-air,NODE-000993,NODE 000993,graph_node,family-8-semantic-enrichment/F25_context-node-dictionary.csv,Graph Node node used for semantic graph and diagram answers.,0.68,Generated dictionary row from loaded source records; explicit business glossary can improve labels.,family-8-semantic-enrichment/F25_context-node-dictionary.csv,1759,tenant_file
skyharbor-air,NODE-000358,NODE 000358,graph_node,family-8-semantic-enrichment/F25_context-node-dictionary.csv,Graph Node node used for semantic graph and diagram answers.,0.68,Generated dictionary row from loaded source records; explicit business glossary can improve labels.,family-8-semantic-enrichment/F25_context-node-dictionary.csv,1760,tenant_file
skyharbor-air,NODE-002539,NODE 002539,graph_node,family-8-semantic-enrichment/F25_context-node-dictionary.csv,Graph Node node used for semantic graph and diagram answers.,0.68,Generated dictionary row from loaded source records; explicit business glossary can improve labels.,family-8-semantic-enrichment/F25_context-node-dictionary.csv,1761,tenant_file
skyharbor-air,NODE-000181,NODE 000181,graph_node,family-8-semantic-enrichment/F25_context-node-dictionary.csv,Graph Node node used for semantic graph and diagram answers.,0.68,Generated dictionary row from loaded source records; explicit business glossary can improve labels.,family-8-semantic-enrichment/F25_context-node-dictionary.csv,1762,tenant_file
skyharbor-air,NODE-001666,NODE 001666,graph_node,family-8-semantic-enrichment/F25_context-node-dictionary.csv,Graph Node node used for semantic graph and diagram answers.,0.68,Generated dictionary row from loaded source records; explicit business glossary can improve labels.,family-8-semantic-enrichment/F25_context-node-dictionary.csv,1763,tenant_file
skyharbor-air,NODE-000561,NODE 000561,graph_node,family-8-semantic-enrichment/F25_context-node-dictionary.csv,Graph Node node used for semantic graph and diagram answers.,0.68,Generated dictionary row from loaded source records; explicit business glossary can improve labels.,family-8-semantic-enrichment/F25_context-node-dictionary.csv,1764,tenant_file
skyharbor-air,NODE-000666,NODE 000666,graph_node,family-8-semantic-enrichment/F25_context-node-dictionary.csv,Graph Node node used for semantic graph and diagram answers.,0.68,Generated dictionary row from loaded source records; explicit business glossary can improve labels.,family-8-semantic-enrichment/F25_context-node-dictionary.csv,1765,tenant_file
skyharbor-air,NODE-002508,NODE 002508,graph_node,family-8-semantic-enrichment/F25_context-node-dictionary.csv,Graph Node node used for semantic graph and diagram answers.,0.68,Generated dictionary row from loaded source records; explicit business glossary can improve labels.,family-8-semantic-enrichment/F25_context-node-dictionary.csv,1766,tenant_file
skyharbor-air,NODE-000303,NODE 000303,graph_node,family-8-semantic-enrichment/F25_context-node-dictionary.csv,Graph Node node used for semantic graph and diagram answers.,0.68,Generated dictionary row from loaded source records; explicit business glossary can improve labels.,family-8-semantic-enrichment/F25_context-node-dictionary.csv,1767,tenant_file
skyharbor-air,NODE-001563,NODE 001563,graph_node,family-8-semantic-enrichment/F25_context-node-dictionary.csv,Graph Node node used for semantic graph and diagram answers.,0.68,Generated dictionary row from loaded source records; explicit business glossary can improve labels.,family-8-semantic-enrichment/F25_context-node-dictionary.csv,1768,tenant_file
skyharbor-air,NODE-000249,NODE 000249,graph_node,family-8-semantic-enrichment/F25_context-node-dictionary.csv,Graph Node node used for semantic graph and diagram answers.,0.68,Generated dictionary row from loaded source records; explicit business glossary can improve labels.,family-8-semantic-enrichment/F25_context-node-dictionary.csv,1769,tenant_file
skyharbor-air,NODE-002050,NODE 002050,graph_node,family-8-semantic-enrichment/F25_context-node-dictionary.csv,Graph Node node used for semantic graph and diagram answers.,0.68,Generated dictionary row from loaded source records; explicit business glossary can improve labels.,family-8-semantic-enrichment/F25_context-node-dictionary.csv,1770,tenant_file
skyharbor-air,NODE-001131,NODE 001131,graph_node,family-8-semantic-enrichment/F25_context-node-dictionary.csv,Graph Node node used for semantic graph and diagram answers.,0.68,Generated dictionary row from loaded source records; explicit business glossary can improve labels.,family-8-semantic-enrichment/F25_context-node-dictionary.csv,1771,tenant_file
skyharbor-air,NODE-000728,NODE 000728,graph_node,family-8-semantic-enrichment/F25_context-node-dictionary.csv,Graph Node node used for semantic graph and diagram answers.,0.68,Generated dictionary row from loaded source records; explicit business glossary can improve labels.,family-8-semantic-enrichment/F25_context-node-dictionary.csv,1772,tenant_file
skyharbor-air,NODE-001327,NODE 001327,graph_node,family-8-semantic-enrichment/F25_context-node-dictionary.csv,Graph Node node used for semantic graph and diagram answers.,0.68,Generated dictionary row from loaded source records; explicit business glossary can improve labels.,family-8-semantic-enrichment/F25_context-node-dictionary.csv,1773,tenant_file
skyharbor-air,NODE-001480,NODE 001480,graph_node,family-8-semantic-enrichment/F25_context-node-dictionary.csv,Graph Node node used for semantic graph and diagram answers.,0.68,Generated dictionary row from loaded source records; explicit business glossary can improve labels.,family-8-semantic-enrichment/F25_context-node-dictionary.csv,1774,tenant_file
skyharbor-air,NODE-000531,NODE 000531,graph_node,family-8-semantic-enrichment/F25_context-node-dictionary.csv,Graph Node node used for semantic graph and diagram answers.,0.68,Generated dictionary row from loaded source records; explicit business glossary can improve labels.,family-8-semantic-enrichment/F25_context-node-dictionary.csv,1775,tenant_file
skyharbor-air,NODE-000643,NODE 000643,graph_node,family-8-semantic-enrichment/F25_context-node-dictionary.csv,Graph Node node used for semantic graph and diagram answers.,0.68,Generated dictionary row from loaded source records; explicit business glossary can improve labels.,family-8-semantic-enrichment/F25_context-node-dictionary.csv,1776,tenant_file
skyharbor-air,NODE-002067,NODE 002067,graph_node,family-8-semantic-enrichment/F25_context-node-dictionary.csv,Graph Node node used for semantic graph and diagram answers.,0.68,Generated dictionary row from loaded source records; explicit business glossary can improve labels.,family-8-semantic-enrichment/F25_context-node-dictionary.csv,1777,tenant_file
skyharbor-air,NODE-002260,NODE 002260,graph_node,family-8-semantic-enrichment/F25_context-node-dictionary.csv,Graph Node node used for semantic graph and diagram answers.,0.68,Generated dictionary row from loaded source records; explicit business glossary can improve labels.,family-8-semantic-enrichment/F25_context-node-dictionary.csv,1778,tenant_file
skyharbor-air,NODE-001247,NODE 001247,graph_node,family-8-semantic-enrichment/F25_context-node-dictionary.csv,Graph Node node used for semantic graph and diagram answers.,0.68,Generated dictionary row from loaded source records; explicit business glossary can improve labels.,family-8-semantic-enrichment/F25_context-node-dictionary.csv,1779,tenant_file
skyharbor-air,NODE-000475,NODE 000475,graph_node,family-8-semantic-enrichment/F25_context-node-dictionary.csv,Graph Node node used for semantic graph and diagram answers.,0.68,Generated dictionary row from loaded source records; explicit business glossary can improve labels.,family-8-semantic-enrichment/F25_context-node-dictionary.csv,1780,tenant_file
skyharbor-air,NODE-000863,NODE 000863,graph_node,family-8-semantic-enrichment/F25_context-node-dictionary.csv,Graph Node node used for semantic graph and diagram answers.,0.68,Generated dictionary row from loaded source records; explicit business glossary can improve labels.,family-8-semantic-enrichment/F25_context-node-dictionary.csv,1781,tenant_file
skyharbor-air,NODE-000173,NODE 000173,graph_node,family-8-semantic-enrichment/F25_context-node-dictionary.csv,Graph Node node used for semantic graph and diagram answers.,0.68,Generated dictionary row from loaded source records; explicit business glossary can improve labels.,family-8-semantic-enrichment/F25_context-node-dictionary.csv,1782,tenant_file
skyharbor-air,NODE-001176,NODE 001176,graph_node,family-8-semantic-enrichment/F25_context-node-dictionary.csv,Graph Node node used for semantic graph and diagram answers.,0.68,Generated dictionary row from loaded source records; explicit business glossary can improve labels.,family-8-semantic-enrichment/F25_context-node-dictionary.csv,1783,tenant_file
skyharbor-air,NODE-000158,NODE 000158,graph_node,family-8-semantic-enrichment/F25_context-node-dictionary.csv,Graph Node node used for semantic graph and diagram answers.,0.68,Generated dictionary row from loaded source records; explicit business glossary can improve labels.,family-8-semantic-enrichment/F25_context-node-dictionary.csv,1784,tenant_file
skyharbor-air,NODE-002033,NODE 002033,graph_node,family-8-semantic-enrichment/F25_context-node-dictionary.csv,Graph Node node used for semantic graph and diagram answers.,0.68,Generated dictionary row from loaded source records; explicit business glossary can improve labels.,family-8-semantic-enrichment/F25_context-node-dictionary.csv,1785,tenant_file
skyharbor-air,NODE-000340,NODE 000340,graph_node,family-8-semantic-enrichment/F25_context-node-dictionary.csv,Graph Node node used for semantic graph and diagram answers.,0.68,Generated dictionary row from loaded source records; explicit business glossary can improve labels.,family-8-semantic-enrichment/F25_context-node-dictionary.csv,1786,tenant_file
skyharbor-air,NODE-002118,NODE 002118,graph_node,family-8-semantic-enrichment/F25_context-node-dictionary.csv,Graph Node node used for semantic graph and diagram answers.,0.68,Generated dictionary row from loaded source records; explicit business glossary can improve labels.,family-8-semantic-enrichment/F25_context-node-dictionary.csv,1787,tenant_file
skyharbor-air,NODE-002266,NODE 002266,graph_node,family-8-semantic-enrichment/F25_context-node-dictionary.csv,Graph Node node used for semantic graph and diagram answers.,0.68,Generated dictionary row from loaded source records; explicit business glossary can improve labels.,family-8-semantic-enrichment/F25_context-node-dictionary.csv,1788,tenant_file
skyharbor-air,NODE-000982,NODE 000982,graph_node,family-8-semantic-enrichment/F25_context-node-dictionary.csv,Graph Node node used for semantic graph and diagram answers.,0.68,Generated dictionary row from loaded source records; explicit business glossary can improve labels.,family-8-semantic-enrichment/F25_context-node-dictionary.csv,1789,tenant_file
skyharbor-air,NODE-000758,NODE 000758,graph_node,family-8-semantic-enrichment/F25_context-node-dictionary.csv,Graph Node node used for semantic graph and diagram answers.,0.68,Generated dictionary row from loaded source records; explicit business glossary can improve labels.,family-8-semantic-enrichment/F25_context-node-dictionary.csv,1790,tenant_file
skyharbor-air,NODE-001346,NODE 001346,graph_node,family-8-semantic-enrichment/F25_context-node-dictionary.csv,Graph Node node used for semantic graph and diagram answers.,0.68,Generated dictionary row from loaded source records; explicit business glossary can improve labels.,family-8-semantic-enrichment/F25_context-node-dictionary.csv,1791,tenant_file
skyharbor-air,NODE-001798,NODE 001798,graph_node,family-8-semantic-enrichment/F25_context-node-dictionary.csv,Graph Node node used for semantic graph and diagram answers.,0.68,Generated dictionary row from loaded source records; explicit business glossary can improve labels.,family-8-semantic-enrichment/F25_context-node-dictionary.csv,1792,tenant_file
skyharbor-air,NODE-000566,NODE 000566,graph_node,family-8-semantic-enrichment/F25_context-node-dictionary.csv,Graph Node node used for semantic graph and diagram answers.,0.68,Generated dictionary row from loaded source records; explicit business glossary can improve labels.,family-8-semantic-enrichment/F25_context-node-dictionary.csv,1793,tenant_file
skyharbor-air,NODE-002209,NODE 002209,graph_node,family-8-semantic-enrichment/F25_context-node-dictionary.csv,Graph Node node used for semantic graph and diagram answers.,0.68,Generated dictionary row from loaded source records; explicit business glossary can improve labels.,family-8-semantic-enrichment/F25_context-node-dictionary.csv,1794,tenant_file
skyharbor-air,NODE-002145,NODE 002145,graph_node,family-8-semantic-enrichment/F25_context-node-dictionary.csv,Graph Node node used for semantic graph and diagram answers.,0.68,Generated dictionary row from loaded source records; explicit business glossary can improve labels.,family-8-semantic-enrichment/F25_context-node-dictionary.csv,1795,tenant_file
skyharbor-air,NODE-000262,NODE 000262,graph_node,family-8-semantic-enrichment/F25_context-node-dictionary.csv,Graph Node node used for semantic graph and diagram answers.,0.68,Generated dictionary row from loaded source records; explicit business glossary can improve labels.,family-8-semantic-enrichment/F25_context-node-dictionary.csv,1796,tenant_file
skyharbor-air,NODE-000842,NODE 000842,graph_node,family-8-semantic-enrichment/F25_context-node-dictionary.csv,Graph Node node used for semantic graph and diagram answers.,0.68,Generated dictionary row from loaded source records; explicit business glossary can improve labels.,family-8-semantic-enrichment/F25_context-node-dictionary.csv,1797,tenant_file
skyharbor-air,NODE-000572,NODE 000572,graph_node,family-8-semantic-enrichment/F25_context-node-dictionary.csv,Graph Node node used for semantic graph and diagram answers.,0.68,Generated dictionary row from loaded source records; explicit business glossary can improve labels.,family-8-semantic-enrichment/F25_context-node-dictionary.csv,1798,tenant_file
skyharbor-air,NODE-002051,NODE 002051,graph_node,family-8-semantic-enrichment/F25_context-node-dictionary.csv,Graph Node node used for semantic graph and diagram answers.,0.68,Generated dictionary row from loaded source records; explicit business glossary can improve labels.,family-8-semantic-enrichment/F25_context-node-dictionary.csv,1799,tenant_file
skyharbor-air,NODE-000306,NODE 000306,graph_node,family-8-semantic-enrichment/F25_context-node-dictionary.csv,Graph Node node used for semantic graph and diagram answers.,0.68,Generated dictionary row from loaded source records; explicit business glossary can improve labels.,family-8-semantic-enrichment/F25_context-node-dictionary.csv,1800,tenant_file
skyharbor-air,NODE-001661,NODE 001661,graph_node,family-8-semantic-enrichment/F25_context-node-dictionary.csv,Graph Node node used for semantic graph and diagram answers.,0.68,Generated dictionary row from loaded source records; explicit business glossary can improve labels.,family-8-semantic-enrichment/F25_context-node-dictionary.csv,1801,tenant_file
skyharbor-air,NODE-000277,NODE 000277,graph_node,family-8-semantic-enrichment/F25_context-node-dictionary.csv,Graph Node node used for semantic graph and diagram answers.,0.68,Generated dictionary row from loaded source records; explicit business glossary can improve labels.,family-8-semantic-enrichment/F25_context-node-dictionary.csv,1802,tenant_file
skyharbor-air,NODE-001630,NODE 001630,graph_node,family-8-semantic-enrichment/F25_context-node-dictionary.csv,Graph Node node used for semantic graph and diagram answers.,0.68,Generated dictionary row from loaded source records; explicit business glossary can improve labels.,family-8-semantic-enrichment/F25_context-node-dictionary.csv,1803,tenant_file
skyharbor-air,NODE-000423,NODE 000423,graph_node,family-8-semantic-enrichment/F25_context-node-dictionary.csv,Graph Node node used for semantic graph and diagram answers.,0.68,Generated dictionary row from loaded source records; explicit business glossary can improve labels.,family-8-semantic-enrichment/F25_context-node-dictionary.csv,1804,tenant_file
skyharbor-air,NODE-002141,NODE 002141,graph_node,family-8-semantic-enrichment/F25_context-node-dictionary.csv,Graph Node node used for semantic graph and diagram answers.,0.68,Generated dictionary row from loaded source records; explicit business glossary can improve labels.,family-8-semantic-enrichment/F25_context-node-dictionary.csv,1805,tenant_file
skyharbor-air,NODE-000579,NODE 000579,graph_node,family-8-semantic-enrichment/F25_context-node-dictionary.csv,Graph Node node used for semantic graph and diagram answers.,0.68,Generated dictionary row from loaded source records; explicit business glossary can improve labels.,family-8-semantic-enrichment/F25_context-node-dictionary.csv,1806,tenant_file
skyharbor-air,NODE-001348,NODE 001348,graph_node,family-8-semantic-enrichment/F25_context-node-dictionary.csv,Graph Node node used for semantic graph and diagram answers.,0.68,Generated dictionary row from loaded source records; explicit business glossary can improve labels.,family-8-semantic-enrichment/F25_context-node-dictionary.csv,1807,tenant_file
skyharbor-air,NODE-001054,NODE 001054,graph_node,family-8-semantic-enrichment/F25_context-node-dictionary.csv,Graph Node node used for semantic graph and diagram answers.,0.68,Generated dictionary row from loaded source records; explicit business glossary can improve labels.,family-8-semantic-enrichment/F25_context-node-dictionary.csv,1808,tenant_file
skyharbor-air,NODE-000250,NODE 000250,graph_node,family-8-semantic-enrichment/F25_context-node-dictionary.csv,Graph Node node used for semantic graph and diagram answers.,0.68,Generated dictionary row from loaded source records; explicit business glossary can improve labels.,family-8-semantic-enrichment/F25_context-node-dictionary.csv,1809,tenant_file
skyharbor-air,NODE-000864,NODE 000864,graph_node,family-8-semantic-enrichment/F25_context-node-dictionary.csv,Graph Node node used for semantic graph and diagram answers.,0.68,Generated dictionary row from loaded source records; explicit business glossary can improve labels.,family-8-semantic-enrichment/F25_context-node-dictionary.csv,1810,tenant_file
skyharbor-air,NODE-000165,NODE 000165,graph_node,family-8-semantic-enrichment/F25_context-node-dictionary.csv,Graph Node node used for semantic graph and diagram answers.,0.68,Generated dictionary row from loaded source records; explicit business glossary can improve labels.,family-8-semantic-enrichment/F25_context-node-dictionary.csv,1811,tenant_file
skyharbor-air,NODE-001193,NODE 001193,graph_node,family-8-semantic-enrichment/F25_context-node-dictionary.csv,Graph Node node used for semantic graph and diagram answers.,0.68,Generated dictionary row from loaded source records; explicit business glossary can improve labels.,family-8-semantic-enrichment/F25_context-node-dictionary.csv,1812,tenant_file
skyharbor-air,NODE-000689,NODE 000689,graph_node,family-8-semantic-enrichment/F25_context-node-dictionary.csv,Graph Node node used for semantic graph and diagram answers.,0.68,Generated dictionary row from loaded source records; explicit business glossary can improve labels.,family-8-semantic-enrichment/F25_context-node-dictionary.csv,1813,tenant_file
skyharbor-air,NODE-000880,NODE 000880,graph_node,family-8-semantic-enrichment/F25_context-node-dictionary.csv,Graph Node node used for semantic graph and diagram answers.,0.68,Generated dictionary row from loaded source records; explicit business glossary can improve labels.,family-8-semantic-enrichment/F25_context-node-dictionary.csv,1814,tenant_file
skyharbor-air,NODE-001788,NODE 001788,graph_node,family-8-semantic-enrichment/F25_context-node-dictionary.csv,Graph Node node used for semantic graph and diagram answers.,0.68,Generated dictionary row from loaded source records; explicit business glossary can improve labels.,family-8-semantic-enrichment/F25_context-node-dictionary.csv,1815,tenant_file
skyharbor-air,NODE-000427,NODE 000427,graph_node,family-8-semantic-enrichment/F25_context-node-dictionary.csv,Graph Node node used for semantic graph and diagram answers.,0.68,Generated dictionary row from loaded source records; explicit business glossary can improve labels.,family-8-semantic-enrichment/F25_context-node-dictionary.csv,1816,tenant_file
skyharbor-air,NODE-002507,NODE 002507,graph_node,family-8-semantic-enrichment/F25_context-node-dictionary.csv,Graph Node node used for semantic graph and diagram answers.,0.68,Generated dictionary row from loaded source records; explicit business glossary can improve labels.,family-8-semantic-enrichment/F25_context-node-dictionary.csv,1817,tenant_file
skyharbor-air,NODE-000494,NODE 000494,graph_node,family-8-semantic-enrichment/F25_context-node-dictionary.csv,Graph Node node used for semantic graph and diagram answers.,0.68,Generated dictionary row from loaded source records; explicit business glossary can improve labels.,family-8-semantic-enrichment/F25_context-node-dictionary.csv,1818,tenant_file
skyharbor-air,NODE-001396,NODE 001396,graph_node,family-8-semantic-enrichment/F25_context-node-dictionary.csv,Graph Node node used for semantic graph and diagram answers.,0.68,Generated dictionary row from loaded source records; explicit business glossary can improve labels.,family-8-semantic-enrichment/F25_context-node-dictionary.csv,1819,tenant_file
skyharbor-air,NODE-001545,NODE 001545,graph_node,family-8-semantic-enrichment/F25_context-node-dictionary.csv,Graph Node node used for semantic graph and diagram answers.,0.68,Generated dictionary row from loaded source records; explicit business glossary can improve labels.,family-8-semantic-enrichment/F25_context-node-dictionary.csv,1820,tenant_file
skyharbor-air,NODE-000556,NODE 000556,graph_node,family-8-semantic-enrichment/F25_context-node-dictionary.csv,Graph Node node used for semantic graph and diagram answers.,0.68,Generated dictionary row from loaded source records; explicit business glossary can improve labels.,family-8-semantic-enrichment/F25_context-node-dictionary.csv,1821,tenant_file
skyharbor-air,NODE-000207,NODE 000207,graph_node,family-8-semantic-enrichment/F25_context-node-dictionary.csv,Graph Node node used for semantic graph and diagram answers.,0.68,Generated dictionary row from loaded source records; explicit business glossary can improve labels.,family-8-semantic-enrichment/F25_context-node-dictionary.csv,1822,tenant_file
skyharbor-air,NODE-000868,NODE 000868,graph_node,family-8-semantic-enrichment/F25_context-node-dictionary.csv,Graph Node node used for semantic graph and diagram answers.,0.68,Generated dictionary row from loaded source records; explicit business glossary can improve labels.,family-8-semantic-enrichment/F25_context-node-dictionary.csv,1823,tenant_file
skyharbor-air,NODE-001637,NODE 001637,graph_node,family-8-semantic-enrichment/F25_context-node-dictionary.csv,Graph Node node used for semantic graph and diagram answers.,0.68,Generated dictionary row from loaded source records; explicit business glossary can improve labels.,family-8-semantic-enrichment/F25_context-node-dictionary.csv,1824,tenant_file
skyharbor-air,NODE-000594,NODE 000594,graph_node,family-8-semantic-enrichment/F25_context-node-dictionary.csv,Graph Node node used for semantic graph and diagram answers.,0.68,Generated dictionary row from loaded source records; explicit business glossary can improve labels.,family-8-semantic-enrichment/F25_context-node-dictionary.csv,1825,tenant_file
skyharbor-air,NODE-002274,NODE 002274,graph_node,family-8-semantic-enrichment/F25_context-node-dictionary.csv,Graph Node node used for semantic graph and diagram answers.,0.68,Generated dictionary row from loaded source records; explicit business glossary can improve labels.,family-8-semantic-enrichment/F25_context-node-dictionary.csv,1826,tenant_file
skyharbor-air,NODE-000280,NODE 000280,graph_node,family-8-semantic-enrichment/F25_context-node-dictionary.csv,Graph Node node used for semantic graph and diagram answers.,0.68,Generated dictionary row from loaded source records; explicit business glossary can improve labels.,family-8-semantic-enrichment/F25_context-node-dictionary.csv,1827,tenant_file
skyharbor-air,NODE-002031,NODE 002031,graph_node,family-8-semantic-enrichment/F25_context-node-dictionary.csv,Graph Node node used for semantic graph and diagram answers.,0.68,Generated dictionary row from loaded source records; explicit business glossary can improve labels.,family-8-semantic-enrichment/F25_context-node-dictionary.csv,1828,tenant_file
skyharbor-air,NODE-001619,NODE 001619,graph_node,family-8-semantic-enrichment/F25_context-node-dictionary.csv,Graph Node node used for semantic graph and diagram answers.,0.68,Generated dictionary row from loaded source records; explicit business glossary can improve labels.,family-8-semantic-enrichment/F25_context-node-dictionary.csv,1829,tenant_file
skyharbor-air,NODE-000302,NODE 000302,graph_node,family-8-semantic-enrichment/F25_context-node-dictionary.csv,Graph Node node used for semantic graph and diagram answers.,0.68,Generated dictionary row from loaded source records; explicit business glossary can improve labels.,family-8-semantic-enrichment/F25_context-node-dictionary.csv,1830,tenant_file
skyharbor-air,NODE-002372,NODE 002372,graph_node,family-8-semantic-enrichment/F25_context-node-dictionary.csv,Graph Node node used for semantic graph and diagram answers.,0.68,Generated dictionary row from loaded source records; explicit business glossary can improve labels.,family-8-semantic-enrichment/F25_context-node-dictionary.csv,1831,tenant_file
skyharbor-air,NODE-000350,NODE 000350,graph_node,family-8-semantic-enrichment/F25_context-node-dictionary.csv,Graph Node node used for semantic graph and diagram answers.,0.68,Generated dictionary row from loaded source records; explicit business glossary can improve labels.,family-8-semantic-enrichment/F25_context-node-dictionary.csv,1832,tenant_file
skyharbor-air,NODE-001644,NODE 001644,graph_node,family-8-semantic-enrichment/F25_context-node-dictionary.csv,Graph Node node used for semantic graph and diagram answers.,0.68,Generated dictionary row from loaded source records; explicit business glossary can improve labels.,family-8-semantic-enrichment/F25_context-node-dictionary.csv,1833,tenant_file
skyharbor-air,NODE-001050,NODE 001050,graph_node,family-8-semantic-enrichment/F25_context-node-dictionary.csv,Graph Node node used for semantic graph and diagram answers.,0.68,Generated dictionary row from loaded source records; explicit business glossary can improve labels.,family-8-semantic-enrichment/F25_context-node-dictionary.csv,1834,tenant_file
skyharbor-air,NODE-000532,NODE 000532,graph_node,family-8-semantic-enrichment/F25_context-node-dictionary.csv,Graph Node node used for semantic graph and diagram answers.,0.68,Generated dictionary row from loaded source records; explicit business glossary can improve labels.,family-8-semantic-enrichment/F25_context-node-dictionary.csv,1835,tenant_file
skyharbor-air,NODE-002500,NODE 002500,graph_node,family-8-semantic-enrichment/F25_context-node-dictionary.csv,Graph Node node used for semantic graph and diagram answers.,0.68,Generated dictionary row from loaded source records; explicit business glossary can improve labels.,family-8-semantic-enrichment/F25_context-node-dictionary.csv,1836,tenant_file
skyharbor-air,NODE-000171,NODE 000171,graph_node,family-8-semantic-enrichment/F25_context-node-dictionary.csv,Graph Node node used for semantic graph and diagram answers.,0.68,Generated dictionary row from loaded source records; explicit business glossary can improve labels.,family-8-semantic-enrichment/F25_context-node-dictionary.csv,1837,tenant_file
skyharbor-air,NODE-000647,NODE 000647,graph_node,family-8-semantic-enrichment/F25_context-node-dictionary.csv,Graph Node node used for semantic graph and diagram answers.,0.68,Generated dictionary row from loaded source records; explicit business glossary can improve labels.,family-8-semantic-enrichment/F25_context-node-dictionary.csv,1838,tenant_file
skyharbor-air,NODE-001888,NODE 001888,graph_node,family-8-semantic-enrichment/F25_context-node-dictionary.csv,Graph Node node used for semantic graph and diagram answers.,0.68,Generated dictionary row from loaded source records; explicit business glossary can improve labels.,family-8-semantic-enrichment/F25_context-node-dictionary.csv,1839,tenant_file
skyharbor-air,NODE-000664,NODE 000664,graph_node,family-8-semantic-enrichment/F25_context-node-dictionary.csv,Graph Node node used for semantic graph and diagram answers.,0.68,Generated dictionary row from loaded source records; explicit business glossary can improve labels.,family-8-semantic-enrichment/F25_context-node-dictionary.csv,1840,tenant_file
skyharbor-air,NODE-001631,NODE 001631,graph_node,family-8-semantic-enrichment/F25_context-node-dictionary.csv,Graph Node node used for semantic graph and diagram answers.,0.68,Generated dictionary row from loaded source records; explicit business glossary can improve labels.,family-8-semantic-enrichment/F25_context-node-dictionary.csv,1841,tenant_file
skyharbor-air,NODE-000304,NODE 000304,graph_node,family-8-semantic-enrichment/F25_context-node-dictionary.csv,Graph Node node used for semantic graph and diagram answers.,0.68,Generated dictionary row from loaded source records; explicit business glossary can improve labels.,family-8-semantic-enrichment/F25_context-node-dictionary.csv,1842,tenant_file
skyharbor-air,NODE-000252,NODE 000252,graph_node,family-8-semantic-enrichment/F25_context-node-dictionary.csv,Graph Node node used for semantic graph and diagram answers.,0.68,Generated dictionary row from loaded source records; explicit business glossary can improve labels.,family-8-semantic-enrichment/F25_context-node-dictionary.csv,1843,tenant_file
skyharbor-air,NODE-001701,NODE 001701,graph_node,family-8-semantic-enrichment/F25_context-node-dictionary.csv,Graph Node node used for semantic graph and diagram answers.,0.68,Generated dictionary row from loaded source records; explicit business glossary can improve labels.,family-8-semantic-enrichment/F25_context-node-dictionary.csv,1844,tenant_file
skyharbor-air,NODE-000460,NODE 000460,graph_node,family-8-semantic-enrichment/F25_context-node-dictionary.csv,Graph Node node used for semantic graph and diagram answers.,0.68,Generated dictionary row from loaded source records; explicit business glossary can improve labels.,family-8-semantic-enrichment/F25_context-node-dictionary.csv,1845,tenant_file
skyharbor-air,NODE-001875,NODE 001875,graph_node,family-8-semantic-enrichment/F25_context-node-dictionary.csv,Graph Node node used for semantic graph and diagram answers.,0.68,Generated dictionary row from loaded source records; explicit business glossary can improve labels.,family-8-semantic-enrichment/F25_context-node-dictionary.csv,1846,tenant_file
skyharbor-air,NODE-000287,NODE 000287,graph_node,family-8-semantic-enrichment/F25_context-node-dictionary.csv,Graph Node node used for semantic graph and diagram answers.,0.68,Generated dictionary row from loaded source records; explicit business glossary can improve labels.,family-8-semantic-enrichment/F25_context-node-dictionary.csv,1847,tenant_file
skyharbor-air,NODE-000232,NODE 000232,graph_node,family-8-semantic-enrichment/F25_context-node-dictionary.csv,Graph Node node used for semantic graph and diagram answers.,0.68,Generated dictionary row from loaded source records; explicit business glossary can improve labels.,family-8-semantic-enrichment/F25_context-node-dictionary.csv,1848,tenant_file
skyharbor-air,NODE-001106,NODE 001106,graph_node,family-8-semantic-enrichment/F25_context-node-dictionary.csv,Graph Node node used for semantic graph and diagram answers.,0.68,Generated dictionary row from loaded source records; explicit business glossary can improve labels.,family-8-semantic-enrichment/F25_context-node-dictionary.csv,1849,tenant_file
skyharbor-air,NODE-000465,NODE 000465,graph_node,family-8-semantic-enrichment/F25_context-node-dictionary.csv,Graph Node node used for semantic graph and diagram answers.,0.68,Generated dictionary row from loaded source records; explicit business glossary can improve labels.,family-8-semantic-enrichment/F25_context-node-dictionary.csv,1850,tenant_file
skyharbor-air,NODE-001593,NODE 001593,graph_node,family-8-semantic-enrichment/F25_context-node-dictionary.csv,Graph Node node used for semantic graph and diagram answers.,0.68,Generated dictionary row from loaded source records; explicit business glossary can improve labels.,family-8-semantic-enrichment/F25_context-node-dictionary.csv,1851,tenant_file
skyharbor-air,NODE-000692,NODE 000692,graph_node,family-8-semantic-enrichment/F25_context-node-dictionary.csv,Graph Node node used for semantic graph and diagram answers.,0.68,Generated dictionary row from loaded source records; explicit business glossary can improve labels.,family-8-semantic-enrichment/F25_context-node-dictionary.csv,1852,tenant_file
skyharbor-air,NODE-002525,NODE 002525,graph_node,family-8-semantic-enrichment/F25_context-node-dictionary.csv,Graph Node node used for semantic graph and diagram answers.,0.68,Generated dictionary row from loaded source records; explicit business glossary can improve labels.,family-8-semantic-enrichment/F25_context-node-dictionary.csv,1853,tenant_file
skyharbor-air,NODE-000440,NODE 000440,graph_node,family-8-semantic-enrichment/F25_context-node-dictionary.csv,Graph Node node used for semantic graph and diagram answers.,0.68,Generated dictionary row from loaded source records; explicit business glossary can improve labels.,family-8-semantic-enrichment/F25_context-node-dictionary.csv,1854,tenant_file
skyharbor-air,NODE-001201,NODE 001201,graph_node,family-8-semantic-enrichment/F25_context-node-dictionary.csv,Graph Node node used for semantic graph and diagram answers.,0.68,Generated dictionary row from loaded source records; explicit business glossary can improve labels.,family-8-semantic-enrichment/F25_context-node-dictionary.csv,1855,tenant_file
skyharbor-air,NODE-001151,NODE 001151,graph_node,family-8-semantic-enrichment/F25_context-node-dictionary.csv,Graph Node node used for semantic graph and diagram answers.,0.68,Generated dictionary row from loaded source records; explicit business glossary can improve labels.,family-8-semantic-enrichment/F25_context-node-dictionary.csv,1856,tenant_file
skyharbor-air,NODE-000756,NODE 000756,graph_node,family-8-semantic-enrichment/F25_context-node-dictionary.csv,Graph Node node used for semantic graph and diagram answers.,0.68,Generated dictionary row from loaded source records; explicit business glossary can improve labels.,family-8-semantic-enrichment/F25_context-node-dictionary.csv,1857,tenant_file
skyharbor-air,NODE-000355,NODE 000355,graph_node,family-8-semantic-enrichment/F25_context-node-dictionary.csv,Graph Node node used for semantic graph and diagram answers.,0.68,Generated dictionary row from loaded source records; explicit business glossary can improve labels.,family-8-semantic-enrichment/F25_context-node-dictionary.csv,1858,tenant_file
skyharbor-air,NODE-001374,NODE 001374,graph_node,family-8-semantic-enrichment/F25_context-node-dictionary.csv,Graph Node node used for semantic graph and diagram answers.,0.68,Generated dictionary row from loaded source records; explicit business glossary can improve labels.,family-8-semantic-enrichment/F25_context-node-dictionary.csv,1859,tenant_file
skyharbor-air,NODE-000282,NODE 000282,graph_node,family-8-semantic-enrichment/F25_context-node-dictionary.csv,Graph Node node used for semantic graph and diagram answers.,0.68,Generated dictionary row from loaded source records; explicit business glossary can improve labels.,family-8-semantic-enrichment/F25_context-node-dictionary.csv,1860,tenant_file
skyharbor-air,NODE-002060,NODE 002060,graph_node,family-8-semantic-enrichment/F25_context-node-dictionary.csv,Graph Node node used for semantic graph and diagram answers.,0.68,Generated dictionary row from loaded source records; explicit business glossary can improve labels.,family-8-semantic-enrichment/F25_context-node-dictionary.csv,1861,tenant_file
skyharbor-air,NODE-000555,NODE 000555,graph_node,family-8-semantic-enrichment/F25_context-node-dictionary.csv,Graph Node node used for semantic graph and diagram answers.,0.68,Generated dictionary row from loaded source records; explicit business glossary can improve labels.,family-8-semantic-enrichment/F25_context-node-dictionary.csv,1862,tenant_file
skyharbor-air,NODE-002565,NODE 002565,graph_node,family-8-semantic-enrichment/F25_context-node-dictionary.csv,Graph Node node used for semantic graph and diagram answers.,0.68,Generated dictionary row from loaded source records; explicit business glossary can improve labels.,family-8-semantic-enrichment/F25_context-node-dictionary.csv,1863,tenant_file
skyharbor-air,NODE-001907,NODE 001907,graph_node,family-8-semantic-enrichment/F25_context-node-dictionary.csv,Graph Node node used for semantic graph and diagram answers.,0.68,Generated dictionary row from loaded source records; explicit business glossary can improve labels.,family-8-semantic-enrichment/F25_context-node-dictionary.csv,1864,tenant_file
skyharbor-air,NODE-000456,NODE 000456,graph_node,family-8-semantic-enrichment/F25_context-node-dictionary.csv,Graph Node node used for semantic graph and diagram answers.,0.68,Generated dictionary row from loaded source records; explicit business glossary can improve labels.,family-8-semantic-enrichment/F25_context-node-dictionary.csv,1865,tenant_file
skyharbor-air,NODE-001257,NODE 001257,graph_node,family-8-semantic-enrichment/F25_context-node-dictionary.csv,Graph Node node used for semantic graph and diagram answers.,0.68,Generated dictionary row from loaded source records; explicit business glossary can improve labels.,family-8-semantic-enrichment/F25_context-node-dictionary.csv,1866,tenant_file
skyharbor-air,NODE-000464,NODE 000464,graph_node,family-8-semantic-enrichment/F25_context-node-dictionary.csv,Graph Node node used for semantic graph and diagram answers.,0.68,Generated dictionary row from loaded source records; explicit business glossary can improve labels.,family-8-semantic-enrichment/F25_context-node-dictionary.csv,1867,tenant_file
skyharbor-air,NODE-000562,NODE 000562,graph_node,family-8-semantic-enrichment/F25_context-node-dictionary.csv,Graph Node node used for semantic graph and diagram answers.,0.68,Generated dictionary row from loaded source records; explicit business glossary can improve labels.,family-8-semantic-enrichment/F25_context-node-dictionary.csv,1868,tenant_file
skyharbor-air,NODE-000413,NODE 000413,graph_node,family-8-semantic-enrichment/F25_context-node-dictionary.csv,Graph Node node used for semantic graph and diagram answers.,0.68,Generated dictionary row from loaded source records; explicit business glossary can improve labels.,family-8-semantic-enrichment/F25_context-node-dictionary.csv,1869,tenant_file
skyharbor-air,NODE-001044,NODE 001044,graph_node,family-8-semantic-enrichment/F25_context-node-dictionary.csv,Graph Node node used for semantic graph and diagram answers.,0.68,Generated dictionary row from loaded source records; explicit business glossary can improve labels.,family-8-semantic-enrichment/F25_context-node-dictionary.csv,1870,tenant_file
skyharbor-air,NODE-001509,NODE 001509,graph_node,family-8-semantic-enrichment/F25_context-node-dictionary.csv,Graph Node node used for semantic graph and diagram answers.,0.68,Generated dictionary row from loaded source records; explicit business glossary can improve labels.,family-8-semantic-enrichment/F25_context-node-dictionary.csv,1871,tenant_file
skyharbor-air,NODE-000573,NODE 000573,graph_node,family-8-semantic-enrichment/F25_context-node-dictionary.csv,Graph Node node used for semantic graph and diagram answers.,0.68,Generated dictionary row from loaded source records; explicit business glossary can improve labels.,family-8-semantic-enrichment/F25_context-node-dictionary.csv,1872,tenant_file
skyharbor-air,NODE-002173,NODE 002173,graph_node,family-8-semantic-enrichment/F25_context-node-dictionary.csv,Graph Node node used for semantic graph and diagram answers.,0.68,Generated dictionary row from loaded source records; explicit business glossary can improve labels.,family-8-semantic-enrichment/F25_context-node-dictionary.csv,1873,tenant_file
skyharbor-air,NODE-000373,NODE 000373,graph_node,family-8-semantic-enrichment/F25_context-node-dictionary.csv,Graph Node node used for semantic graph and diagram answers.,0.68,Generated dictionary row from loaded source records; explicit business glossary can improve labels.,family-8-semantic-enrichment/F25_context-node-dictionary.csv,1874,tenant_file
skyharbor-air,NODE-001584,NODE 001584,graph_node,family-8-semantic-enrichment/F25_context-node-dictionary.csv,Graph Node node used for semantic graph and diagram answers.,0.68,Generated dictionary row from loaded source records; explicit business glossary can improve labels.,family-8-semantic-enrichment/F25_context-node-dictionary.csv,1875,tenant_file
skyharbor-air,NODE-000295,NODE 000295,graph_node,family-8-semantic-enrichment/F25_context-node-dictionary.csv,Graph Node node used for semantic graph and diagram answers.,0.68,Generated dictionary row from loaded source records; explicit business glossary can improve labels.,family-8-semantic-enrichment/F25_context-node-dictionary.csv,1876,tenant_file
skyharbor-air,NODE-001365,NODE 001365,graph_node,family-8-semantic-enrichment/F25_context-node-dictionary.csv,Graph Node node used for semantic graph and diagram answers.,0.68,Generated dictionary row from loaded source records; explicit business glossary can improve labels.,family-8-semantic-enrichment/F25_context-node-dictionary.csv,1877,tenant_file
skyharbor-air,NODE-000380,NODE 000380,graph_node,family-8-semantic-enrichment/F25_context-node-dictionary.csv,Graph Node node used for semantic graph and diagram answers.,0.68,Generated dictionary row from loaded source records; explicit business glossary can improve labels.,family-8-semantic-enrichment/F25_context-node-dictionary.csv,1878,tenant_file
skyharbor-air,NODE-000817,NODE 000817,graph_node,family-8-semantic-enrichment/F25_context-node-dictionary.csv,Graph Node node used for semantic graph and diagram answers.,0.68,Generated dictionary row from loaded source records; explicit business glossary can improve labels.,family-8-semantic-enrichment/F25_context-node-dictionary.csv,1879,tenant_file
skyharbor-air,NODE-000653,NODE 000653,graph_node,family-8-semantic-enrichment/F25_context-node-dictionary.csv,Graph Node node used for semantic graph and diagram answers.,0.68,Generated dictionary row from loaded source records; explicit business glossary can improve labels.,family-8-semantic-enrichment/F25_context-node-dictionary.csv,1880,tenant_file
skyharbor-air,NODE-001961,NODE 001961,graph_node,family-8-semantic-enrichment/F25_context-node-dictionary.csv,Graph Node node used for semantic graph and diagram answers.,0.68,Generated dictionary row from loaded source records; explicit business glossary can improve labels.,family-8-semantic-enrichment/F25_context-node-dictionary.csv,1881,tenant_file
skyharbor-air,NODE-001588,NODE 001588,graph_node,family-8-semantic-enrichment/F25_context-node-dictionary.csv,Graph Node node used for semantic graph and diagram answers.,0.68,Generated dictionary row from loaded source records; explicit business glossary can improve labels.,family-8-semantic-enrichment/F25_context-node-dictionary.csv,1882,tenant_file
skyharbor-air,NODE-001977,NODE 001977,graph_node,family-8-semantic-enrichment/F25_context-node-dictionary.csv,Graph Node node used for semantic graph and diagram answers.,0.68,Generated dictionary row from loaded source records; explicit business glossary can improve labels.,family-8-semantic-enrichment/F25_context-node-dictionary.csv,1883,tenant_file
skyharbor-air,NODE-002288,NODE 002288,graph_node,family-8-semantic-enrichment/F25_context-node-dictionary.csv,Graph Node node used for semantic graph and diagram answers.,0.68,Generated dictionary row from loaded source records; explicit business glossary can improve labels.,family-8-semantic-enrichment/F25_context-node-dictionary.csv,1884,tenant_file
skyharbor-air,NODE-000896,NODE 000896,graph_node,family-8-semantic-enrichment/F25_context-node-dictionary.csv,Graph Node node used for semantic graph and diagram answers.,0.68,Generated dictionary row from loaded source records; explicit business glossary can improve labels.,family-8-semantic-enrichment/F25_context-node-dictionary.csv,1885,tenant_file
skyharbor-air,NODE-000637,NODE 000637,graph_node,family-8-semantic-enrichment/F25_context-node-dictionary.csv,Graph Node node used for semantic graph and diagram answers.,0.68,Generated dictionary row from loaded source records; explicit business glossary can improve labels.,family-8-semantic-enrichment/F25_context-node-dictionary.csv,1886,tenant_file
skyharbor-air,NODE-000447,NODE 000447,graph_node,family-8-semantic-enrichment/F25_context-node-dictionary.csv,Graph Node node used for semantic graph and diagram answers.,0.68,Generated dictionary row from loaded source records; explicit business glossary can improve labels.,family-8-semantic-enrichment/F25_context-node-dictionary.csv,1887,tenant_file
skyharbor-air,NODE-001767,NODE 001767,graph_node,family-8-semantic-enrichment/F25_context-node-dictionary.csv,Graph Node node used for semantic graph and diagram answers.,0.68,Generated dictionary row from loaded source records; explicit business glossary can improve labels.,family-8-semantic-enrichment/F25_context-node-dictionary.csv,1888,tenant_file
skyharbor-air,NODE-000730,NODE 000730,graph_node,family-8-semantic-enrichment/F25_context-node-dictionary.csv,Graph Node node used for semantic graph and diagram answers.,0.68,Generated dictionary row from loaded source records; explicit business glossary can improve labels.,family-8-semantic-enrichment/F25_context-node-dictionary.csv,1889,tenant_file
skyharbor-air,NODE-001450,NODE 001450,graph_node,family-8-semantic-enrichment/F25_context-node-dictionary.csv,Graph Node node used for semantic graph and diagram answers.,0.68,Generated dictionary row from loaded source records; explicit business glossary can improve labels.,family-8-semantic-enrichment/F25_context-node-dictionary.csv,1890,tenant_file
skyharbor-air,NODE-000337,NODE 000337,graph_node,family-8-semantic-enrichment/F25_context-node-dictionary.csv,Graph Node node used for semantic graph and diagram answers.,0.68,Generated dictionary row from loaded source records; explicit business glossary can improve labels.,family-8-semantic-enrichment/F25_context-node-dictionary.csv,1891,tenant_file
skyharbor-air,NODE-000855,NODE 000855,graph_node,family-8-semantic-enrichment/F25_context-node-dictionary.csv,Graph Node node used for semantic graph and diagram answers.,0.68,Generated dictionary row from loaded source records; explicit business glossary can improve labels.,family-8-semantic-enrichment/F25_context-node-dictionary.csv,1892,tenant_file
skyharbor-air,NODE-000319,NODE 000319,graph_node,family-8-semantic-enrichment/F25_context-node-dictionary.csv,Graph Node node used for semantic graph and diagram answers.,0.68,Generated dictionary row from loaded source records; explicit business glossary can improve labels.,family-8-semantic-enrichment/F25_context-node-dictionary.csv,1893,tenant_file
skyharbor-air,NODE-000981,NODE 000981,graph_node,family-8-semantic-enrichment/F25_context-node-dictionary.csv,Graph Node node used for semantic graph and diagram answers.,0.68,Generated dictionary row from loaded source records; explicit business glossary can improve labels.,family-8-semantic-enrichment/F25_context-node-dictionary.csv,1894,tenant_file
skyharbor-air,NODE-000505,NODE 000505,graph_node,family-8-semantic-enrichment/F25_context-node-dictionary.csv,Graph Node node used for semantic graph and diagram answers.,0.68,Generated dictionary row from loaded source records; explicit business glossary can improve labels.,family-8-semantic-enrichment/F25_context-node-dictionary.csv,1895,tenant_file
skyharbor-air,NODE-000629,NODE 000629,graph_node,family-8-semantic-enrichment/F25_context-node-dictionary.csv,Graph Node node used for semantic graph and diagram answers.,0.68,Generated dictionary row from loaded source records; explicit business glossary can improve labels.,family-8-semantic-enrichment/F25_context-node-dictionary.csv,1896,tenant_file
skyharbor-air,NODE-002159,NODE 002159,graph_node,family-8-semantic-enrichment/F25_context-node-dictionary.csv,Graph Node node used for semantic graph and diagram answers.,0.68,Generated dictionary row from loaded source records; explicit business glossary can improve labels.,family-8-semantic-enrichment/F25_context-node-dictionary.csv,1897,tenant_file
skyharbor-air,NODE-000669,NODE 000669,graph_node,family-8-semantic-enrichment/F25_context-node-dictionary.csv,Graph Node node used for semantic graph and diagram answers.,0.68,Generated dictionary row from loaded source records; explicit business glossary can improve labels.,family-8-semantic-enrichment/F25_context-node-dictionary.csv,1898,tenant_file
skyharbor-air,NODE-001834,NODE 001834,graph_node,family-8-semantic-enrichment/F25_context-node-dictionary.csv,Graph Node node used for semantic graph and diagram answers.,0.68,Generated dictionary row from loaded source records; explicit business glossary can improve labels.,family-8-semantic-enrichment/F25_context-node-dictionary.csv,1899,tenant_file
skyharbor-air,NODE-000188,NODE 000188,graph_node,family-8-semantic-enrichment/F25_context-node-dictionary.csv,Graph Node node used for semantic graph and diagram answers.,0.68,Generated dictionary row from loaded source records; explicit business glossary can improve labels.,family-8-semantic-enrichment/F25_context-node-dictionary.csv,1900,tenant_file
skyharbor-air,NODE-001598,NODE 001598,graph_node,family-8-semantic-enrichment/F25_context-node-dictionary.csv,Graph Node node used for semantic graph and diagram answers.,0.68,Generated dictionary row from loaded source records; explicit business glossary can improve labels.,family-8-semantic-enrichment/F25_context-node-dictionary.csv,1901,tenant_file
skyharbor-air,NODE-001868,NODE 001868,graph_node,family-8-semantic-enrichment/F25_context-node-dictionary.csv,Graph Node node used for semantic graph and diagram answers.,0.68,Generated dictionary row from loaded source records; explicit business glossary can improve labels.,family-8-semantic-enrichment/F25_context-node-dictionary.csv,1902,tenant_file
skyharbor-air,NODE-000393,NODE 000393,graph_node,family-8-semantic-enrichment/F25_context-node-dictionary.csv,Graph Node node used for semantic graph and diagram answers.,0.68,Generated dictionary row from loaded source records; explicit business glossary can improve labels.,family-8-semantic-enrichment/F25_context-node-dictionary.csv,1903,tenant_file
skyharbor-air,NODE-001448,NODE 001448,graph_node,family-8-semantic-enrichment/F25_context-node-dictionary.csv,Graph Node node used for semantic graph and diagram answers.,0.68,Generated dictionary row from loaded source records; explicit business glossary can improve labels.,family-8-semantic-enrichment/F25_context-node-dictionary.csv,1904,tenant_file
skyharbor-air,NODE-000133,NODE 000133,graph_node,family-8-semantic-enrichment/F25_context-node-dictionary.csv,Graph Node node used for semantic graph and diagram answers.,0.68,Generated dictionary row from loaded source records; explicit business glossary can improve labels.,family-8-semantic-enrichment/F25_context-node-dictionary.csv,1905,tenant_file
skyharbor-air,NODE-002505,NODE 002505,graph_node,family-8-semantic-enrichment/F25_context-node-dictionary.csv,Graph Node node used for semantic graph and diagram answers.,0.68,Generated dictionary row from loaded source records; explicit business glossary can improve labels.,family-8-semantic-enrichment/F25_context-node-dictionary.csv,1906,tenant_file
skyharbor-air,NODE-001879,NODE 001879,graph_node,family-8-semantic-enrichment/F25_context-node-dictionary.csv,Graph Node node used for semantic graph and diagram answers.,0.68,Generated dictionary row from loaded source records; explicit business glossary can improve labels.,family-8-semantic-enrichment/F25_context-node-dictionary.csv,1907,tenant_file
skyharbor-air,NODE-000142,NODE 000142,graph_node,family-8-semantic-enrichment/F25_context-node-dictionary.csv,Graph Node node used for semantic graph and diagram answers.,0.68,Generated dictionary row from loaded source records; explicit business glossary can improve labels.,family-8-semantic-enrichment/F25_context-node-dictionary.csv,1908,tenant_file
skyharbor-air,NODE-001266,NODE 001266,graph_node,family-8-semantic-enrichment/F25_context-node-dictionary.csv,Graph Node node used for semantic graph and diagram answers.,0.68,Generated dictionary row from loaded source records; explicit business glossary can improve labels.,family-8-semantic-enrichment/F25_context-node-dictionary.csv,1909,tenant_file
skyharbor-air,NODE-000646,NODE 000646,graph_node,family-8-semantic-enrichment/F25_context-node-dictionary.csv,Graph Node node used for semantic graph and diagram answers.,0.68,Generated dictionary row from loaded source records; explicit business glossary can improve labels.,family-8-semantic-enrichment/F25_context-node-dictionary.csv,1910,tenant_file
skyharbor-air,NODE-002295,NODE 002295,graph_node,family-8-semantic-enrichment/F25_context-node-dictionary.csv,Graph Node node used for semantic graph and diagram answers.,0.68,Generated dictionary row from loaded source records; explicit business glossary can improve labels.,family-8-semantic-enrichment/F25_context-node-dictionary.csv,1911,tenant_file
skyharbor-air,NODE-002549,NODE 002549,graph_node,family-8-semantic-enrichment/F25_context-node-dictionary.csv,Graph Node node used for semantic graph and diagram answers.,0.68,Generated dictionary row from loaded source records; explicit business glossary can improve labels.,family-8-semantic-enrichment/F25_context-node-dictionary.csv,1912,tenant_file
skyharbor-air,NODE-000752,NODE 000752,graph_node,family-8-semantic-enrichment/F25_context-node-dictionary.csv,Graph Node node used for semantic graph and diagram answers.,0.68,Generated dictionary row from loaded source records; explicit business glossary can improve labels.,family-8-semantic-enrichment/F25_context-node-dictionary.csv,1913,tenant_file
skyharbor-air,NODE-000288,NODE 000288,graph_node,family-8-semantic-enrichment/F25_context-node-dictionary.csv,Graph Node node used for semantic graph and diagram answers.,0.68,Generated dictionary row from loaded source records; explicit business glossary can improve labels.,family-8-semantic-enrichment/F25_context-node-dictionary.csv,1914,tenant_file
skyharbor-air,NODE-000538,NODE 000538,graph_node,family-8-semantic-enrichment/F25_context-node-dictionary.csv,Graph Node node used for semantic graph and diagram answers.,0.68,Generated dictionary row from loaded source records; explicit business glossary can improve labels.,family-8-semantic-enrichment/F25_context-node-dictionary.csv,1915,tenant_file
skyharbor-air,NODE-002143,NODE 002143,graph_node,family-8-semantic-enrichment/F25_context-node-dictionary.csv,Graph Node node used for semantic graph and diagram answers.,0.68,Generated dictionary row from loaded source records; explicit business glossary can improve labels.,family-8-semantic-enrichment/F25_context-node-dictionary.csv,1916,tenant_file
skyharbor-air,NODE-001825,NODE 001825,graph_node,family-8-semantic-enrichment/F25_context-node-dictionary.csv,Graph Node node used for semantic graph and diagram answers.,0.68,Generated dictionary row from loaded source records; explicit business glossary can improve labels.,family-8-semantic-enrichment/F25_context-node-dictionary.csv,1917,tenant_file
skyharbor-air,NODE-000700,NODE 000700,graph_node,family-8-semantic-enrichment/F25_context-node-dictionary.csv,Graph Node node used for semantic graph and diagram answers.,0.68,Generated dictionary row from loaded source records; explicit business glossary can improve labels.,family-8-semantic-enrichment/F25_context-node-dictionary.csv,1918,tenant_file
skyharbor-air,NODE-001882,NODE 001882,graph_node,family-8-semantic-enrichment/F25_context-node-dictionary.csv,Graph Node node used for semantic graph and diagram answers.,0.68,Generated dictionary row from loaded source records; explicit business glossary can improve labels.,family-8-semantic-enrichment/F25_context-node-dictionary.csv,1919,tenant_file
skyharbor-air,NODE-000145,NODE 000145,graph_node,family-8-semantic-enrichment/F25_context-node-dictionary.csv,Graph Node node used for semantic graph and diagram answers.,0.68,Generated dictionary row from loaded source records; explicit business glossary can improve labels.,family-8-semantic-enrichment/F25_context-node-dictionary.csv,1920,tenant_file
skyharbor-air,NODE-002205,NODE 002205,graph_node,family-8-semantic-enrichment/F25_context-node-dictionary.csv,Graph Node node used for semantic graph and diagram answers.,0.68,Generated dictionary row from loaded source records; explicit business glossary can improve labels.,family-8-semantic-enrichment/F25_context-node-dictionary.csv,1921,tenant_file
skyharbor-air,NODE-000657,NODE 000657,graph_node,family-8-semantic-enrichment/F25_context-node-dictionary.csv,Graph Node node used for semantic graph and diagram answers.,0.68,Generated dictionary row from loaded source records; explicit business glossary can improve labels.,family-8-semantic-enrichment/F25_context-node-dictionary.csv,1922,tenant_file
skyharbor-air,NODE-001135,NODE 001135,graph_node,family-8-semantic-enrichment/F25_context-node-dictionary.csv,Graph Node node used for semantic graph and diagram answers.,0.68,Generated dictionary row from loaded source records; explicit business glossary can improve labels.,family-8-semantic-enrichment/F25_context-node-dictionary.csv,1923,tenant_file
skyharbor-air,NODE-002190,NODE 002190,graph_node,family-8-semantic-enrichment/F25_context-node-dictionary.csv,Graph Node node used for semantic graph and diagram answers.,0.68,Generated dictionary row from loaded source records; explicit business glossary can improve labels.,family-8-semantic-enrichment/F25_context-node-dictionary.csv,1924,tenant_file
skyharbor-air,NODE-001357,NODE 001357,graph_node,family-8-semantic-enrichment/F25_context-node-dictionary.csv,Graph Node node used for semantic graph and diagram answers.,0.68,Generated dictionary row from loaded source records; explicit business glossary can improve labels.,family-8-semantic-enrichment/F25_context-node-dictionary.csv,1925,tenant_file
skyharbor-air,NODE-000443,NODE 000443,graph_node,family-8-semantic-enrichment/F25_context-node-dictionary.csv,Graph Node node used for semantic graph and diagram answers.,0.68,Generated dictionary row from loaded source records; explicit business glossary can improve labels.,family-8-semantic-enrichment/F25_context-node-dictionary.csv,1926,tenant_file
skyharbor-air,NODE-002541,NODE 002541,graph_node,family-8-semantic-enrichment/F25_context-node-dictionary.csv,Graph Node node used for semantic graph and diagram answers.,0.68,Generated dictionary row from loaded source records; explicit business glossary can improve labels.,family-8-semantic-enrichment/F25_context-node-dictionary.csv,1927,tenant_file
skyharbor-air,NODE-000384,NODE 000384,graph_node,family-8-semantic-enrichment/F25_context-node-dictionary.csv,Graph Node node used for semantic graph and diagram answers.,0.68,Generated dictionary row from loaded source records; explicit business glossary can improve labels.,family-8-semantic-enrichment/F25_context-node-dictionary.csv,1928,tenant_file
skyharbor-air,NODE-002448,NODE 002448,graph_node,family-8-semantic-enrichment/F25_context-node-dictionary.csv,Graph Node node used for semantic graph and diagram answers.,0.68,Generated dictionary row from loaded source records; explicit business glossary can improve labels.,family-8-semantic-enrichment/F25_context-node-dictionary.csv,1929,tenant_file
skyharbor-air,NODE-000975,NODE 000975,graph_node,family-8-semantic-enrichment/F25_context-node-dictionary.csv,Graph Node node used for semantic graph and diagram answers.,0.68,Generated dictionary row from loaded source records; explicit business glossary can improve labels.,family-8-semantic-enrichment/F25_context-node-dictionary.csv,1930,tenant_file
skyharbor-air,NODE-000891,NODE 000891,graph_node,family-8-semantic-enrichment/F25_context-node-dictionary.csv,Graph Node node used for semantic graph and diagram answers.,0.68,Generated dictionary row from loaded source records; explicit business glossary can improve labels.,family-8-semantic-enrichment/F25_context-node-dictionary.csv,1931,tenant_file
skyharbor-air,NODE-000777,NODE 000777,graph_node,family-8-semantic-enrichment/F25_context-node-dictionary.csv,Graph Node node used for semantic graph and diagram answers.,0.68,Generated dictionary row from loaded source records; explicit business glossary can improve labels.,family-8-semantic-enrichment/F25_context-node-dictionary.csv,1932,tenant_file
skyharbor-air,NODE-001160,NODE 001160,graph_node,family-8-semantic-enrichment/F25_context-node-dictionary.csv,Graph Node node used for semantic graph and diagram answers.,0.68,Generated dictionary row from loaded source records; explicit business glossary can improve labels.,family-8-semantic-enrichment/F25_context-node-dictionary.csv,1933,tenant_file
skyharbor-air,NODE-002557,NODE 002557,graph_node,family-8-semantic-enrichment/F25_context-node-dictionary.csv,Graph Node node used for semantic graph and diagram answers.,0.68,Generated dictionary row from loaded source records; explicit business glossary can improve labels.,family-8-semantic-enrichment/F25_context-node-dictionary.csv,1934,tenant_file
skyharbor-air,NODE-001943,NODE 001943,graph_node,family-8-semantic-enrichment/F25_context-node-dictionary.csv,Graph Node node used for semantic graph and diagram answers.,0.68,Generated dictionary row from loaded source records; explicit business glossary can improve labels.,family-8-semantic-enrichment/F25_context-node-dictionary.csv,1935,tenant_file
skyharbor-air,NODE-001375,NODE 001375,graph_node,family-8-semantic-enrichment/F25_context-node-dictionary.csv,Graph Node node used for semantic graph and diagram answers.,0.68,Generated dictionary row from loaded source records; explicit business glossary can improve labels.,family-8-semantic-enrichment/F25_context-node-dictionary.csv,1936,tenant_file
skyharbor-air,NODE-000356,NODE 000356,graph_node,family-8-semantic-enrichment/F25_context-node-dictionary.csv,Graph Node node used for semantic graph and diagram answers.,0.68,Generated dictionary row from loaded source records; explicit business glossary can improve labels.,family-8-semantic-enrichment/F25_context-node-dictionary.csv,1937,tenant_file
skyharbor-air,NODE-001428,NODE 001428,graph_node,family-8-semantic-enrichment/F25_context-node-dictionary.csv,Graph Node node used for semantic graph and diagram answers.,0.68,Generated dictionary row from loaded source records; explicit business glossary can improve labels.,family-8-semantic-enrichment/F25_context-node-dictionary.csv,1938,tenant_file
skyharbor-air,NODE-000404,NODE 000404,graph_node,family-8-semantic-enrichment/F25_context-node-dictionary.csv,Graph Node node used for semantic graph and diagram answers.,0.68,Generated dictionary row from loaded source records; explicit business glossary can improve labels.,family-8-semantic-enrichment/F25_context-node-dictionary.csv,1939,tenant_file
skyharbor-air,NODE-001091,NODE 001091,graph_node,family-8-semantic-enrichment/F25_context-node-dictionary.csv,Graph Node node used for semantic graph and diagram answers.,0.68,Generated dictionary row from loaded source records; explicit business glossary can improve labels.,family-8-semantic-enrichment/F25_context-node-dictionary.csv,1940,tenant_file
skyharbor-air,NODE-002257,NODE 002257,graph_node,family-8-semantic-enrichment/F25_context-node-dictionary.csv,Graph Node node used for semantic graph and diagram answers.,0.68,Generated dictionary row from loaded source records; explicit business glossary can improve labels.,family-8-semantic-enrichment/F25_context-node-dictionary.csv,1941,tenant_file
skyharbor-air,NODE-001512,NODE 001512,graph_node,family-8-semantic-enrichment/F25_context-node-dictionary.csv,Graph Node node used for semantic graph and diagram answers.,0.68,Generated dictionary row from loaded source records; explicit business glossary can improve labels.,family-8-semantic-enrichment/F25_context-node-dictionary.csv,1942,tenant_file
skyharbor-air,NODE-000760,NODE 000760,graph_node,family-8-semantic-enrichment/F25_context-node-dictionary.csv,Graph Node node used for semantic graph and diagram answers.,0.68,Generated dictionary row from loaded source records; explicit business glossary can improve labels.,family-8-semantic-enrichment/F25_context-node-dictionary.csv,1943,tenant_file
skyharbor-air,NODE-002519,NODE 002519,graph_node,family-8-semantic-enrichment/F25_context-node-dictionary.csv,Graph Node node used for semantic graph and diagram answers.,0.68,Generated dictionary row from loaded source records; explicit business glossary can improve labels.,family-8-semantic-enrichment/F25_context-node-dictionary.csv,1944,tenant_file
skyharbor-air,NODE-000275,NODE 000275,graph_node,family-8-semantic-enrichment/F25_context-node-dictionary.csv,Graph Node node used for semantic graph and diagram answers.,0.68,Generated dictionary row from loaded source records; explicit business glossary can improve labels.,family-8-semantic-enrichment/F25_context-node-dictionary.csv,1945,tenant_file
skyharbor-air,NODE-001613,NODE 001613,graph_node,family-8-semantic-enrichment/F25_context-node-dictionary.csv,Graph Node node used for semantic graph and diagram answers.,0.68,Generated dictionary row from loaded source records; explicit business glossary can improve labels.,family-8-semantic-enrichment/F25_context-node-dictionary.csv,1946,tenant_file
skyharbor-air,NODE-001224,NODE 001224,graph_node,family-8-semantic-enrichment/F25_context-node-dictionary.csv,Graph Node node used for semantic graph and diagram answers.,0.68,Generated dictionary row from loaded source records; explicit business glossary can improve labels.,family-8-semantic-enrichment/F25_context-node-dictionary.csv,1947,tenant_file
skyharbor-air,NODE-000673,NODE 000673,graph_node,family-8-semantic-enrichment/F25_context-node-dictionary.csv,Graph Node node used for semantic graph and diagram answers.,0.68,Generated dictionary row from loaded source records; explicit business glossary can improve labels.,family-8-semantic-enrichment/F25_context-node-dictionary.csv,1948,tenant_file
skyharbor-air,NODE-001343,NODE 001343,graph_node,family-8-semantic-enrichment/F25_context-node-dictionary.csv,Graph Node node used for semantic graph and diagram answers.,0.68,Generated dictionary row from loaded source records; explicit business glossary can improve labels.,family-8-semantic-enrichment/F25_context-node-dictionary.csv,1949,tenant_file
skyharbor-air,NODE-000725,NODE 000725,graph_node,family-8-semantic-enrichment/F25_context-node-dictionary.csv,Graph Node node used for semantic graph and diagram answers.,0.68,Generated dictionary row from loaded source records; explicit business glossary can improve labels.,family-8-semantic-enrichment/F25_context-node-dictionary.csv,1950,tenant_file
skyharbor-air,NODE-001159,NODE 001159,graph_node,family-8-semantic-enrichment/F25_context-node-dictionary.csv,Graph Node node used for semantic graph and diagram answers.,0.68,Generated dictionary row from loaded source records; explicit business glossary can improve labels.,family-8-semantic-enrichment/F25_context-node-dictionary.csv,1951,tenant_file
skyharbor-air,NODE-000154,NODE 000154,graph_node,family-8-semantic-enrichment/F25_context-node-dictionary.csv,Graph Node node used for semantic graph and diagram answers.,0.68,Generated dictionary row from loaded source records; explicit business glossary can improve labels.,family-8-semantic-enrichment/F25_context-node-dictionary.csv,1952,tenant_file
skyharbor-air,NODE-002282,NODE 002282,graph_node,family-8-semantic-enrichment/F25_context-node-dictionary.csv,Graph Node node used for semantic graph and diagram answers.,0.68,Generated dictionary row from loaded source records; explicit business glossary can improve labels.,family-8-semantic-enrichment/F25_context-node-dictionary.csv,1953,tenant_file
skyharbor-air,NODE-000627,NODE 000627,graph_node,family-8-semantic-enrichment/F25_context-node-dictionary.csv,Graph Node node used for semantic graph and diagram answers.,0.68,Generated dictionary row from loaded source records; explicit business glossary can improve labels.,family-8-semantic-enrichment/F25_context-node-dictionary.csv,1954,tenant_file
skyharbor-air,NODE-002386,NODE 002386,graph_node,family-8-semantic-enrichment/F25_context-node-dictionary.csv,Graph Node node used for semantic graph and diagram answers.,0.68,Generated dictionary row from loaded source records; explicit business glossary can improve labels.,family-8-semantic-enrichment/F25_context-node-dictionary.csv,1955,tenant_file
skyharbor-air,NODE-000771,NODE 000771,graph_node,family-8-semantic-enrichment/F25_context-node-dictionary.csv,Graph Node node used for semantic graph and diagram answers.,0.68,Generated dictionary row from loaded source records; explicit business glossary can improve labels.,family-8-semantic-enrichment/F25_context-node-dictionary.csv,1956,tenant_file
skyharbor-air,NODE-000895,NODE 000895,graph_node,family-8-semantic-enrichment/F25_context-node-dictionary.csv,Graph Node node used for semantic graph and diagram answers.,0.68,Generated dictionary row from loaded source records; explicit business glossary can improve labels.,family-8-semantic-enrichment/F25_context-node-dictionary.csv,1957,tenant_file
skyharbor-air,NODE-001237,NODE 001237,graph_node,family-8-semantic-enrichment/F25_context-node-dictionary.csv,Graph Node node used for semantic graph and diagram answers.,0.68,Generated dictionary row from loaded source records; explicit business glossary can improve labels.,family-8-semantic-enrichment/F25_context-node-dictionary.csv,1958,tenant_file
skyharbor-air,NODE-002157,NODE 002157,graph_node,family-8-semantic-enrichment/F25_context-node-dictionary.csv,Graph Node node used for semantic graph and diagram answers.,0.68,Generated dictionary row from loaded source records; explicit business glossary can improve labels.,family-8-semantic-enrichment/F25_context-node-dictionary.csv,1959,tenant_file
skyharbor-air,NODE-001421,NODE 001421,graph_node,family-8-semantic-enrichment/F25_context-node-dictionary.csv,Graph Node node used for semantic graph and diagram answers.,0.68,Generated dictionary row from loaded source records; explicit business glossary can improve labels.,family-8-semantic-enrichment/F25_context-node-dictionary.csv,1960,tenant_file
skyharbor-air,NODE-000333,NODE 000333,graph_node,family-8-semantic-enrichment/F25_context-node-dictionary.csv,Graph Node node used for semantic graph and diagram answers.,0.68,Generated dictionary row from loaded source records; explicit business glossary can improve labels.,family-8-semantic-enrichment/F25_context-node-dictionary.csv,1961,tenant_file
skyharbor-air,NODE-001067,NODE 001067,graph_node,family-8-semantic-enrichment/F25_context-node-dictionary.csv,Graph Node node used for semantic graph and diagram answers.,0.68,Generated dictionary row from loaded source records; explicit business glossary can improve labels.,family-8-semantic-enrichment/F25_context-node-dictionary.csv,1962,tenant_file
skyharbor-air,NODE-001027,NODE 001027,graph_node,family-8-semantic-enrichment/F25_context-node-dictionary.csv,Graph Node node used for semantic graph and diagram answers.,0.68,Generated dictionary row from loaded source records; explicit business glossary can improve labels.,family-8-semantic-enrichment/F25_context-node-dictionary.csv,1963,tenant_file
skyharbor-air,NODE-000837,NODE 000837,graph_node,family-8-semantic-enrichment/F25_context-node-dictionary.csv,Graph Node node used for semantic graph and diagram answers.,0.68,Generated dictionary row from loaded source records; explicit business glossary can improve labels.,family-8-semantic-enrichment/F25_context-node-dictionary.csv,1964,tenant_file
skyharbor-air,NODE-001805,NODE 001805,graph_node,family-8-semantic-enrichment/F25_context-node-dictionary.csv,Graph Node node used for semantic graph and diagram answers.,0.68,Generated dictionary row from loaded source records; explicit business glossary can improve labels.,family-8-semantic-enrichment/F25_context-node-dictionary.csv,1965,tenant_file
skyharbor-air,NODE-002039,NODE 002039,graph_node,family-8-semantic-enrichment/F25_context-node-dictionary.csv,Graph Node node used for semantic graph and diagram answers.,0.68,Generated dictionary row from loaded source records; explicit business glossary can improve labels.,family-8-semantic-enrichment/F25_context-node-dictionary.csv,1966,tenant_file
skyharbor-air,NODE-000642,NODE 000642,graph_node,family-8-semantic-enrichment/F25_context-node-dictionary.csv,Graph Node node used for semantic graph and diagram answers.,0.68,Generated dictionary row from loaded source records; explicit business glossary can improve labels.,family-8-semantic-enrichment/F25_context-node-dictionary.csv,1967,tenant_file
skyharbor-air,NODE-002391,NODE 002391,graph_node,family-8-semantic-enrichment/F25_context-node-dictionary.csv,Graph Node node used for semantic graph and diagram answers.,0.68,Generated dictionary row from loaded source records; explicit business glossary can improve labels.,family-8-semantic-enrichment/F25_context-node-dictionary.csv,1968,tenant_file
skyharbor-air,NODE-000223,NODE 000223,graph_node,family-8-semantic-enrichment/F25_context-node-dictionary.csv,Graph Node node used for semantic graph and diagram answers.,0.68,Generated dictionary row from loaded source records; explicit business glossary can improve labels.,family-8-semantic-enrichment/F25_context-node-dictionary.csv,1969,tenant_file
skyharbor-air,NODE-002452,NODE 002452,graph_node,family-8-semantic-enrichment/F25_context-node-dictionary.csv,Graph Node node used for semantic graph and diagram answers.,0.68,Generated dictionary row from loaded source records; explicit business glossary can improve labels.,family-8-semantic-enrichment/F25_context-node-dictionary.csv,1970,tenant_file
skyharbor-air,NODE-001853,NODE 001853,graph_node,family-8-semantic-enrichment/F25_context-node-dictionary.csv,Graph Node node used for semantic graph and diagram answers.,0.68,Generated dictionary row from loaded source records; explicit business glossary can improve labels.,family-8-semantic-enrichment/F25_context-node-dictionary.csv,1971,tenant_file
skyharbor-air,NODE-002471,NODE 002471,graph_node,family-8-semantic-enrichment/F25_context-node-dictionary.csv,Graph Node node used for semantic graph and diagram answers.,0.68,Generated dictionary row from loaded source records; explicit business glossary can improve labels.,family-8-semantic-enrichment/F25_context-node-dictionary.csv,1972,tenant_file
skyharbor-air,NODE-000138,NODE 000138,graph_node,family-8-semantic-enrichment/F25_context-node-dictionary.csv,Graph Node node used for semantic graph and diagram answers.,0.68,Generated dictionary row from loaded source records; explicit business glossary can improve labels.,family-8-semantic-enrichment/F25_context-node-dictionary.csv,1973,tenant_file
skyharbor-air,NODE-001937,NODE 001937,graph_node,family-8-semantic-enrichment/F25_context-node-dictionary.csv,Graph Node node used for semantic graph and diagram answers.,0.68,Generated dictionary row from loaded source records; explicit business glossary can improve labels.,family-8-semantic-enrichment/F25_context-node-dictionary.csv,1974,tenant_file
skyharbor-air,NODE-001145,NODE 001145,graph_node,family-8-semantic-enrichment/F25_context-node-dictionary.csv,Graph Node node used for semantic graph and diagram answers.,0.68,Generated dictionary row from loaded source records; explicit business glossary can improve labels.,family-8-semantic-enrichment/F25_context-node-dictionary.csv,1975,tenant_file
skyharbor-air,NODE-001376,NODE 001376,graph_node,family-8-semantic-enrichment/F25_context-node-dictionary.csv,Graph Node node used for semantic graph and diagram answers.,0.68,Generated dictionary row from loaded source records; explicit business glossary can improve labels.,family-8-semantic-enrichment/F25_context-node-dictionary.csv,1976,tenant_file
skyharbor-air,NODE-000310,NODE 000310,graph_node,family-8-semantic-enrichment/F25_context-node-dictionary.csv,Graph Node node used for semantic graph and diagram answers.,0.68,Generated dictionary row from loaded source records; explicit business glossary can improve labels.,family-8-semantic-enrichment/F25_context-node-dictionary.csv,1977,tenant_file
skyharbor-air,NODE-001974,NODE 001974,graph_node,family-8-semantic-enrichment/F25_context-node-dictionary.csv,Graph Node node used for semantic graph and diagram answers.,0.68,Generated dictionary row from loaded source records; explicit business glossary can improve labels.,family-8-semantic-enrichment/F25_context-node-dictionary.csv,1978,tenant_file
skyharbor-air,NODE-001703,NODE 001703,graph_node,family-8-semantic-enrichment/F25_context-node-dictionary.csv,Graph Node node used for semantic graph and diagram answers.,0.68,Generated dictionary row from loaded source records; explicit business glossary can improve labels.,family-8-semantic-enrichment/F25_context-node-dictionary.csv,1979,tenant_file
skyharbor-air,NODE-000422,NODE 000422,graph_node,family-8-semantic-enrichment/F25_context-node-dictionary.csv,Graph Node node used for semantic graph and diagram answers.,0.68,Generated dictionary row from loaded source records; explicit business glossary can improve labels.,family-8-semantic-enrichment/F25_context-node-dictionary.csv,1980,tenant_file
skyharbor-air,NODE-002140,NODE 002140,graph_node,family-8-semantic-enrichment/F25_context-node-dictionary.csv,Graph Node node used for semantic graph and diagram answers.,0.68,Generated dictionary row from loaded source records; explicit business glossary can improve labels.,family-8-semantic-enrichment/F25_context-node-dictionary.csv,1981,tenant_file
skyharbor-air,NODE-000448,NODE 000448,graph_node,family-8-semantic-enrichment/F25_context-node-dictionary.csv,Graph Node node used for semantic graph and diagram answers.,0.68,Generated dictionary row from loaded source records; explicit business glossary can improve labels.,family-8-semantic-enrichment/F25_context-node-dictionary.csv,1982,tenant_file
skyharbor-air,NODE-000830,NODE 000830,graph_node,family-8-semantic-enrichment/F25_context-node-dictionary.csv,Graph Node node used for semantic graph and diagram answers.,0.68,Generated dictionary row from loaded source records; explicit business glossary can improve labels.,family-8-semantic-enrichment/F25_context-node-dictionary.csv,1983,tenant_file
skyharbor-air,NODE-000146,NODE 000146,graph_node,family-8-semantic-enrichment/F25_context-node-dictionary.csv,Graph Node node used for semantic graph and diagram answers.,0.68,Generated dictionary row from loaded source records; explicit business glossary can improve labels.,family-8-semantic-enrichment/F25_context-node-dictionary.csv,1984,tenant_file
skyharbor-air,NODE-002545,NODE 002545,graph_node,family-8-semantic-enrichment/F25_context-node-dictionary.csv,Graph Node node used for semantic graph and diagram answers.,0.68,Generated dictionary row from loaded source records; explicit business glossary can improve labels.,family-8-semantic-enrichment/F25_context-node-dictionary.csv,1985,tenant_file
skyharbor-air,NODE-000446,NODE 000446,graph_node,family-8-semantic-enrichment/F25_context-node-dictionary.csv,Graph Node node used for semantic graph and diagram answers.,0.68,Generated dictionary row from loaded source records; explicit business glossary can improve labels.,family-8-semantic-enrichment/F25_context-node-dictionary.csv,1986,tenant_file
skyharbor-air,NODE-000792,NODE 000792,graph_node,family-8-semantic-enrichment/F25_context-node-dictionary.csv,Graph Node node used for semantic graph and diagram answers.,0.68,Generated dictionary row from loaded source records; explicit business glossary can improve labels.,family-8-semantic-enrichment/F25_context-node-dictionary.csv,1987,tenant_file
skyharbor-air,NODE-000706,NODE 000706,graph_node,family-8-semantic-enrichment/F25_context-node-dictionary.csv,Graph Node node used for semantic graph and diagram answers.,0.68,Generated dictionary row from loaded source records; explicit business glossary can improve labels.,family-8-semantic-enrichment/F25_context-node-dictionary.csv,1988,tenant_file
skyharbor-air,NODE-000506,NODE 000506,graph_node,family-8-semantic-enrichment/F25_context-node-dictionary.csv,Graph Node node used for semantic graph and diagram answers.,0.68,Generated dictionary row from loaded source records; explicit business glossary can improve labels.,family-8-semantic-enrichment/F25_context-node-dictionary.csv,1989,tenant_file
skyharbor-air,NODE-002331,NODE 002331,graph_node,family-8-semantic-enrichment/F25_context-node-dictionary.csv,Graph Node node used for semantic graph and diagram answers.,0.68,Generated dictionary row from loaded source records; explicit business glossary can improve labels.,family-8-semantic-enrichment/F25_context-node-dictionary.csv,1990,tenant_file
skyharbor-air,NODE-000348,NODE 000348,graph_node,family-8-semantic-enrichment/F25_context-node-dictionary.csv,Graph Node node used for semantic graph and diagram answers.,0.68,Generated dictionary row from loaded source records; explicit business glossary can improve labels.,family-8-semantic-enrichment/F25_context-node-dictionary.csv,1991,tenant_file
skyharbor-air,NODE-002020,NODE 002020,graph_node,family-8-semantic-enrichment/F25_context-node-dictionary.csv,Graph Node node used for semantic graph and diagram answers.,0.68,Generated dictionary row from loaded source records; explicit business glossary can improve labels.,family-8-semantic-enrichment/F25_context-node-dictionary.csv,1992,tenant_file
skyharbor-air,NODE-001215,NODE 001215,graph_node,family-8-semantic-enrichment/F25_context-node-dictionary.csv,Graph Node node used for semantic graph and diagram answers.,0.68,Generated dictionary row from loaded source records; explicit business glossary can improve labels.,family-8-semantic-enrichment/F25_context-node-dictionary.csv,1993,tenant_file
skyharbor-air,NODE-000745,NODE 000745,graph_node,family-8-semantic-enrichment/F25_context-node-dictionary.csv,Graph Node node used for semantic graph and diagram answers.,0.68,Generated dictionary row from loaded source records; explicit business glossary can improve labels.,family-8-semantic-enrichment/F25_context-node-dictionary.csv,1994,tenant_file
skyharbor-air,NODE-000831,NODE 000831,graph_node,family-8-semantic-enrichment/F25_context-node-dictionary.csv,Graph Node node used for semantic graph and diagram answers.,0.68,Generated dictionary row from loaded source records; explicit business glossary can improve labels.,family-8-semantic-enrichment/F25_context-node-dictionary.csv,1995,tenant_file
skyharbor-air,NODE-000876,NODE 000876,graph_node,family-8-semantic-enrichment/F25_context-node-dictionary.csv,Graph Node node used for semantic graph and diagram answers.,0.68,Generated dictionary row from loaded source records; explicit business glossary can improve labels.,family-8-semantic-enrichment/F25_context-node-dictionary.csv,1996,tenant_file
skyharbor-air,NODE-000662,NODE 000662,graph_node,family-8-semantic-enrichment/F25_context-node-dictionary.csv,Graph Node node used for semantic graph and diagram answers.,0.68,Generated dictionary row from loaded source records; explicit business glossary can improve labels.,family-8-semantic-enrichment/F25_context-node-dictionary.csv,1997,tenant_file
skyharbor-air,NODE-000720,NODE 000720,graph_node,family-8-semantic-enrichment/F25_context-node-dictionary.csv,Graph Node node used for semantic graph and diagram answers.,0.68,Generated dictionary row from loaded source records; explicit business glossary can improve labels.,family-8-semantic-enrichment/F25_context-node-dictionary.csv,1998,tenant_file
skyharbor-air,NODE-001045,NODE 001045,graph_node,family-8-semantic-enrichment/F25_context-node-dictionary.csv,Graph Node node used for semantic graph and diagram answers.,0.68,Generated dictionary row from loaded source records; explicit business glossary can improve labels.,family-8-semantic-enrichment/F25_context-node-dictionary.csv,1999,tenant_file
skyharbor-air,NODE-000336,NODE 000336,graph_node,family-8-semantic-enrichment/F25_context-node-dictionary.csv,Graph Node node used for semantic graph and diagram answers.,0.68,Generated dictionary row from loaded source records; explicit business glossary can improve labels.,family-8-semantic-enrichment/F25_context-node-dictionary.csv,2000,tenant_file
skyharbor-air,NODE-001112,NODE 001112,graph_node,family-8-semantic-enrichment/F25_context-node-dictionary.csv,Graph Node node used for semantic graph and diagram answers.,0.68,Generated dictionary row from loaded source records; explicit business glossary can improve labels.,family-8-semantic-enrichment/F25_context-node-dictionary.csv,2001,tenant_file
skyharbor-air,NODE-000292,NODE 000292,graph_node,family-8-semantic-enrichment/F25_context-node-dictionary.csv,Graph Node node used for semantic graph and diagram answers.,0.68,Generated dictionary row from loaded source records; explicit business glossary can improve labels.,family-8-semantic-enrichment/F25_context-node-dictionary.csv,2002,tenant_file
skyharbor-air,NODE-002381,NODE 002381,graph_node,family-8-semantic-enrichment/F25_context-node-dictionary.csv,Graph Node node used for semantic graph and diagram answers.,0.68,Generated dictionary row from loaded source records; explicit business glossary can improve labels.,family-8-semantic-enrichment/F25_context-node-dictionary.csv,2003,tenant_file
skyharbor-air,NODE-000149,NODE 000149,graph_node,family-8-semantic-enrichment/F25_context-node-dictionary.csv,Graph Node node used for semantic graph and diagram answers.,0.68,Generated dictionary row from loaded source records; explicit business glossary can improve labels.,family-8-semantic-enrichment/F25_context-node-dictionary.csv,2004,tenant_file
skyharbor-air,NODE-002364,NODE 002364,graph_node,family-8-semantic-enrichment/F25_context-node-dictionary.csv,Graph Node node used for semantic graph and diagram answers.,0.68,Generated dictionary row from loaded source records; explicit business glossary can improve labels.,family-8-semantic-enrichment/F25_context-node-dictionary.csv,2005,tenant_file
skyharbor-air,NODE-000168,NODE 000168,graph_node,family-8-semantic-enrichment/F25_context-node-dictionary.csv,Graph Node node used for semantic graph and diagram answers.,0.68,Generated dictionary row from loaded source records; explicit business glossary can improve labels.,family-8-semantic-enrichment/F25_context-node-dictionary.csv,2006,tenant_file
skyharbor-air,NODE-001042,NODE 001042,graph_node,family-8-semantic-enrichment/F25_context-node-dictionary.csv,Graph Node node used for semantic graph and diagram answers.,0.68,Generated dictionary row from loaded source records; explicit business glossary can improve labels.,family-8-semantic-enrichment/F25_context-node-dictionary.csv,2007,tenant_file
skyharbor-air,NODE-000709,NODE 000709,graph_node,family-8-semantic-enrichment/F25_context-node-dictionary.csv,Graph Node node used for semantic graph and diagram answers.,0.68,Generated dictionary row from loaded source records; explicit business glossary can improve labels.,family-8-semantic-enrichment/F25_context-node-dictionary.csv,2008,tenant_file
skyharbor-air,NODE-001445,NODE 001445,graph_node,family-8-semantic-enrichment/F25_context-node-dictionary.csv,Graph Node node used for semantic graph and diagram answers.,0.68,Generated dictionary row from loaded source records; explicit business glossary can improve labels.,family-8-semantic-enrichment/F25_context-node-dictionary.csv,2009,tenant_file
skyharbor-air,NODE-001116,NODE 001116,graph_node,family-8-semantic-enrichment/F25_context-node-dictionary.csv,Graph Node node used for semantic graph and diagram answers.,0.68,Generated dictionary row from loaded source records; explicit business glossary can improve labels.,family-8-semantic-enrichment/F25_context-node-dictionary.csv,2010,tenant_file
skyharbor-air,NODE-000644,NODE 000644,graph_node,family-8-semantic-enrichment/F25_context-node-dictionary.csv,Graph Node node used for semantic graph and diagram answers.,0.68,Generated dictionary row from loaded source records; explicit business glossary can improve labels.,family-8-semantic-enrichment/F25_context-node-dictionary.csv,2011,tenant_file
skyharbor-air,NODE-001863,NODE 001863,graph_node,family-8-semantic-enrichment/F25_context-node-dictionary.csv,Graph Node node used for semantic graph and diagram answers.,0.68,Generated dictionary row from loaded source records; explicit business glossary can improve labels.,family-8-semantic-enrichment/F25_context-node-dictionary.csv,2012,tenant_file
skyharbor-air,NODE-000772,NODE 000772,graph_node,family-8-semantic-enrichment/F25_context-node-dictionary.csv,Graph Node node used for semantic graph and diagram answers.,0.68,Generated dictionary row from loaded source records; explicit business glossary can improve labels.,family-8-semantic-enrichment/F25_context-node-dictionary.csv,2013,tenant_file
skyharbor-air,NODE-000899,NODE 000899,graph_node,family-8-semantic-enrichment/F25_context-node-dictionary.csv,Graph Node node used for semantic graph and diagram answers.,0.68,Generated dictionary row from loaded source records; explicit business glossary can improve labels.,family-8-semantic-enrichment/F25_context-node-dictionary.csv,2014,tenant_file
skyharbor-air,NODE-002568,NODE 002568,graph_node,family-8-semantic-enrichment/F25_context-node-dictionary.csv,Graph Node node used for semantic graph and diagram answers.,0.68,Generated dictionary row from loaded source records; explicit business glossary can improve labels.,family-8-semantic-enrichment/F25_context-node-dictionary.csv,2015,tenant_file
skyharbor-air,NODE-000554,NODE 000554,graph_node,family-8-semantic-enrichment/F25_context-node-dictionary.csv,Graph Node node used for semantic graph and diagram answers.,0.68,Generated dictionary row from loaded source records; explicit business glossary can improve labels.,family-8-semantic-enrichment/F25_context-node-dictionary.csv,2016,tenant_file
skyharbor-air,NODE-000865,NODE 000865,graph_node,family-8-semantic-enrichment/F25_context-node-dictionary.csv,Graph Node node used for semantic graph and diagram answers.,0.68,Generated dictionary row from loaded source records; explicit business glossary can improve labels.,family-8-semantic-enrichment/F25_context-node-dictionary.csv,2017,tenant_file
skyharbor-air,NODE-000191,NODE 000191,graph_node,family-8-semantic-enrichment/F25_context-node-dictionary.csv,Graph Node node used for semantic graph and diagram answers.,0.68,Generated dictionary row from loaded source records; explicit business glossary can improve labels.,family-8-semantic-enrichment/F25_context-node-dictionary.csv,2018,tenant_file
skyharbor-air,NODE-001038,NODE 001038,graph_node,family-8-semantic-enrichment/F25_context-node-dictionary.csv,Graph Node node used for semantic graph and diagram answers.,0.68,Generated dictionary row from loaded source records; explicit business glossary can improve labels.,family-8-semantic-enrichment/F25_context-node-dictionary.csv,2019,tenant_file
skyharbor-air,NODE-000500,NODE 000500,graph_node,family-8-semantic-enrichment/F25_context-node-dictionary.csv,Graph Node node used for semantic graph and diagram answers.,0.68,Generated dictionary row from loaded source records; explicit business glossary can improve labels.,family-8-semantic-enrichment/F25_context-node-dictionary.csv,2020,tenant_file
skyharbor-air,NODE-001354,NODE 001354,graph_node,family-8-semantic-enrichment/F25_context-node-dictionary.csv,Graph Node node used for semantic graph and diagram answers.,0.68,Generated dictionary row from loaded source records; explicit business glossary can improve labels.,family-8-semantic-enrichment/F25_context-node-dictionary.csv,2021,tenant_file
skyharbor-air,NODE-000604,NODE 000604,graph_node,family-8-semantic-enrichment/F25_context-node-dictionary.csv,Graph Node node used for semantic graph and diagram answers.,0.68,Generated dictionary row from loaded source records; explicit business glossary can improve labels.,family-8-semantic-enrichment/F25_context-node-dictionary.csv,2022,tenant_file
skyharbor-air,NODE-002411,NODE 002411,graph_node,family-8-semantic-enrichment/F25_context-node-dictionary.csv,Graph Node node used for semantic graph and diagram answers.,0.68,Generated dictionary row from loaded source records; explicit business glossary can improve labels.,family-8-semantic-enrichment/F25_context-node-dictionary.csv,2023,tenant_file
skyharbor-air,NODE-001987,NODE 001987,graph_node,family-8-semantic-enrichment/F25_context-node-dictionary.csv,Graph Node node used for semantic graph and diagram answers.,0.68,Generated dictionary row from loaded source records; explicit business glossary can improve labels.,family-8-semantic-enrichment/F25_context-node-dictionary.csv,2024,tenant_file
skyharbor-air,NODE-000596,NODE 000596,graph_node,family-8-semantic-enrichment/F25_context-node-dictionary.csv,Graph Node node used for semantic graph and diagram answers.,0.68,Generated dictionary row from loaded source records; explicit business glossary can improve labels.,family-8-semantic-enrichment/F25_context-node-dictionary.csv,2025,tenant_file
skyharbor-air,NODE-001889,NODE 001889,graph_node,family-8-semantic-enrichment/F25_context-node-dictionary.csv,Graph Node node used for semantic graph and diagram answers.,0.68,Generated dictionary row from loaded source records; explicit business glossary can improve labels.,family-8-semantic-enrichment/F25_context-node-dictionary.csv,2026,tenant_file
skyharbor-air,NODE-000426,NODE 000426,graph_node,family-8-semantic-enrichment/F25_context-node-dictionary.csv,Graph Node node used for semantic graph and diagram answers.,0.68,Generated dictionary row from loaded source records; explicit business glossary can improve labels.,family-8-semantic-enrichment/F25_context-node-dictionary.csv,2027,tenant_file
skyharbor-air,NODE-002237,NODE 002237,graph_node,family-8-semantic-enrichment/F25_context-node-dictionary.csv,Graph Node node used for semantic graph and diagram answers.,0.68,Generated dictionary row from loaded source records; explicit business glossary can improve labels.,family-8-semantic-enrichment/F25_context-node-dictionary.csv,2028,tenant_file
skyharbor-air,NODE-000872,NODE 000872,graph_node,family-8-semantic-enrichment/F25_context-node-dictionary.csv,Graph Node node used for semantic graph and diagram answers.,0.68,Generated dictionary row from loaded source records; explicit business glossary can improve labels.,family-8-semantic-enrichment/F25_context-node-dictionary.csv,2029,tenant_file
skyharbor-air,NODE-002225,NODE 002225,graph_node,family-8-semantic-enrichment/F25_context-node-dictionary.csv,Graph Node node used for semantic graph and diagram answers.,0.68,Generated dictionary row from loaded source records; explicit business glossary can improve labels.,family-8-semantic-enrichment/F25_context-node-dictionary.csv,2030,tenant_file
skyharbor-air,NODE-002010,NODE 002010,graph_node,family-8-semantic-enrichment/F25_context-node-dictionary.csv,Graph Node node used for semantic graph and diagram answers.,0.68,Generated dictionary row from loaded source records; explicit business glossary can improve labels.,family-8-semantic-enrichment/F25_context-node-dictionary.csv,2031,tenant_file
skyharbor-air,NODE-000761,NODE 000761,graph_node,family-8-semantic-enrichment/F25_context-node-dictionary.csv,Graph Node node used for semantic graph and diagram answers.,0.68,Generated dictionary row from loaded source records; explicit business glossary can improve labels.,family-8-semantic-enrichment/F25_context-node-dictionary.csv,2032,tenant_file
skyharbor-air,NODE-001755,NODE 001755,graph_node,family-8-semantic-enrichment/F25_context-node-dictionary.csv,Graph Node node used for semantic graph and diagram answers.,0.68,Generated dictionary row from loaded source records; explicit business glossary can improve labels.,family-8-semantic-enrichment/F25_context-node-dictionary.csv,2033,tenant_file
skyharbor-air,NODE-000560,NODE 000560,graph_node,family-8-semantic-enrichment/F25_context-node-dictionary.csv,Graph Node node used for semantic graph and diagram answers.,0.68,Generated dictionary row from loaded source records; explicit business glossary can improve labels.,family-8-semantic-enrichment/F25_context-node-dictionary.csv,2034,tenant_file
skyharbor-air,NODE-001751,NODE 001751,graph_node,family-8-semantic-enrichment/F25_context-node-dictionary.csv,Graph Node node used for semantic graph and diagram answers.,0.68,Generated dictionary row from loaded source records; explicit business glossary can improve labels.,family-8-semantic-enrichment/F25_context-node-dictionary.csv,2035,tenant_file
skyharbor-air,NODE-001691,NODE 001691,graph_node,family-8-semantic-enrichment/F25_context-node-dictionary.csv,Graph Node node used for semantic graph and diagram answers.,0.68,Generated dictionary row from loaded source records; explicit business glossary can improve labels.,family-8-semantic-enrichment/F25_context-node-dictionary.csv,2036,tenant_file
skyharbor-air,NODE-001485,NODE 001485,graph_node,family-8-semantic-enrichment/F25_context-node-dictionary.csv,Graph Node node used for semantic graph and diagram answers.,0.68,Generated dictionary row from loaded source records; explicit business glossary can improve labels.,family-8-semantic-enrichment/F25_context-node-dictionary.csv,2037,tenant_file
skyharbor-air,NODE-000607,NODE 000607,graph_node,family-8-semantic-enrichment/F25_context-node-dictionary.csv,Graph Node node used for semantic graph and diagram answers.,0.68,Generated dictionary row from loaded source records; explicit business glossary can improve labels.,family-8-semantic-enrichment/F25_context-node-dictionary.csv,2038,tenant_file
skyharbor-air,NODE-000930,NODE 000930,graph_node,family-8-semantic-enrichment/F25_context-node-dictionary.csv,Graph Node node used for semantic graph and diagram answers.,0.68,Generated dictionary row from loaded source records; explicit business glossary can improve labels.,family-8-semantic-enrichment/F25_context-node-dictionary.csv,2039,tenant_file
skyharbor-air,NODE-002013,NODE 002013,graph_node,family-8-semantic-enrichment/F25_context-node-dictionary.csv,Graph Node node used for semantic graph and diagram answers.,0.68,Generated dictionary row from loaded source records; explicit business glossary can improve labels.,family-8-semantic-enrichment/F25_context-node-dictionary.csv,2040,tenant_file
skyharbor-air,NODE-000693,NODE 000693,graph_node,family-8-semantic-enrichment/F25_context-node-dictionary.csv,Graph Node node used for semantic graph and diagram answers.,0.68,Generated dictionary row from loaded source records; explicit business glossary can improve labels.,family-8-semantic-enrichment/F25_context-node-dictionary.csv,2041,tenant_file
skyharbor-air,NODE-002005,NODE 002005,graph_node,family-8-semantic-enrichment/F25_context-node-dictionary.csv,Graph Node node used for semantic graph and diagram answers.,0.68,Generated dictionary row from loaded source records; explicit business glossary can improve labels.,family-8-semantic-enrichment/F25_context-node-dictionary.csv,2042,tenant_file
skyharbor-air,NODE-002556,NODE 002556,graph_node,family-8-semantic-enrichment/F25_context-node-dictionary.csv,Graph Node node used for semantic graph and diagram answers.,0.68,Generated dictionary row from loaded source records; explicit business glossary can improve labels.,family-8-semantic-enrichment/F25_context-node-dictionary.csv,2043,tenant_file
skyharbor-air,NODE-002022,NODE 002022,graph_node,family-8-semantic-enrichment/F25_context-node-dictionary.csv,Graph Node node used for semantic graph and diagram answers.,0.68,Generated dictionary row from loaded source records; explicit business glossary can improve labels.,family-8-semantic-enrichment/F25_context-node-dictionary.csv,2044,tenant_file
skyharbor-air,NODE-000479,NODE 000479,graph_node,family-8-semantic-enrichment/F25_context-node-dictionary.csv,Graph Node node used for semantic graph and diagram answers.,0.68,Generated dictionary row from loaded source records; explicit business glossary can improve labels.,family-8-semantic-enrichment/F25_context-node-dictionary.csv,2045,tenant_file
skyharbor-air,NODE-001385,NODE 001385,graph_node,family-8-semantic-enrichment/F25_context-node-dictionary.csv,Graph Node node used for semantic graph and diagram answers.,0.68,Generated dictionary row from loaded source records; explicit business glossary can improve labels.,family-8-semantic-enrichment/F25_context-node-dictionary.csv,2046,tenant_file
skyharbor-air,NODE-002415,NODE 002415,graph_node,family-8-semantic-enrichment/F25_context-node-dictionary.csv,Graph Node node used for semantic graph and diagram answers.,0.68,Generated dictionary row from loaded source records; explicit business glossary can improve labels.,family-8-semantic-enrichment/F25_context-node-dictionary.csv,2047,tenant_file
skyharbor-air,NODE-001899,NODE 001899,graph_node,family-8-semantic-enrichment/F25_context-node-dictionary.csv,Graph Node node used for semantic graph and diagram answers.,0.68,Generated dictionary row from loaded source records; explicit business glossary can improve labels.,family-8-semantic-enrichment/F25_context-node-dictionary.csv,2048,tenant_file
skyharbor-air,NODE-000211,NODE 000211,graph_node,family-8-semantic-enrichment/F25_context-node-dictionary.csv,Graph Node node used for semantic graph and diagram answers.,0.68,Generated dictionary row from loaded source records; explicit business glossary can improve labels.,family-8-semantic-enrichment/F25_context-node-dictionary.csv,2049,tenant_file
skyharbor-air,NODE-000775,NODE 000775,graph_node,family-8-semantic-enrichment/F25_context-node-dictionary.csv,Graph Node node used for semantic graph and diagram answers.,0.68,Generated dictionary row from loaded source records; explicit business glossary can improve labels.,family-8-semantic-enrichment/F25_context-node-dictionary.csv,2050,tenant_file
skyharbor-air,NODE-002168,NODE 002168,graph_node,family-8-semantic-enrichment/F25_context-node-dictionary.csv,Graph Node node used for semantic graph and diagram answers.,0.68,Generated dictionary row from loaded source records; explicit business glossary can improve labels.,family-8-semantic-enrichment/F25_context-node-dictionary.csv,2051,tenant_file
skyharbor-air,NODE-000476,NODE 000476,graph_node,family-8-semantic-enrichment/F25_context-node-dictionary.csv,Graph Node node used for semantic graph and diagram answers.,0.68,Generated dictionary row from loaded source records; explicit business glossary can improve labels.,family-8-semantic-enrichment/F25_context-node-dictionary.csv,2052,tenant_file
skyharbor-air,NODE-001093,NODE 001093,graph_node,family-8-semantic-enrichment/F25_context-node-dictionary.csv,Graph Node node used for semantic graph and diagram answers.,0.68,Generated dictionary row from loaded source records; explicit business glossary can improve labels.,family-8-semantic-enrichment/F25_context-node-dictionary.csv,2053,tenant_file
skyharbor-air,NODE-000719,NODE 000719,graph_node,family-8-semantic-enrichment/F25_context-node-dictionary.csv,Graph Node node used for semantic graph and diagram answers.,0.68,Generated dictionary row from loaded source records; explicit business glossary can improve labels.,family-8-semantic-enrichment/F25_context-node-dictionary.csv,2054,tenant_file
