tenant_key,source_file,source_row,source_record_id,source_label,view,amount_type,basis,period,amount_usd,is_rollup_of,component_of,formula,formula_version,value_source,reconciles_to_view,reconciles_to_record_id,reconciliation_envelope_usd,notes
first-capital-financial,derived/tower_financial_amounts_fy2025_trend.csv,2,FC-AI-001-FY2025-262f829609,Real-time scam & APP fraud detection FY2025 trend baseline,value,none,baseline,fy25,21620000,,,synthetic_backcast_from_fy26:FC-AI-001:2; multiplier=0.46,tower_synthetic_fy2025_trend_v1,synthetic,value,FC-AI-001,,Synthetic FY2025 trend baseline for demo trend views. Not client-attested; replace with client actuals when provided.
first-capital-financial,derived/tower_financial_amounts_fy2025_trend.csv,3,FC-AI-002-FY2025-bdda09cb68,AML alert triage & false-positive reduction FY2025 trend baseline,value,none,baseline,fy25,5520000,,,synthetic_backcast_from_fy26:FC-AI-002:3; multiplier=0.46,tower_synthetic_fy2025_trend_v1,synthetic,value,FC-AI-002,,Synthetic FY2025 trend baseline for demo trend views. Not client-attested; replace with client actuals when provided.
first-capital-financial,derived/tower_financial_amounts_fy2025_trend.csv,4,FC-AI-003-FY2025-a91fdab4ba,SAR narrative drafting copilot FY2025 trend baseline,value,none,baseline,fy25,17480000,,,synthetic_backcast_from_fy26:FC-AI-003:4; multiplier=0.46,tower_synthetic_fy2025_trend_v1,synthetic,value,FC-AI-003,,Synthetic FY2025 trend baseline for demo trend views. Not client-attested; replace with client actuals when provided.
first-capital-financial,derived/tower_financial_amounts_fy2025_trend.csv,5,FC-AI-004-FY2025-e97d69cdaf,Contact center next-best-action assist FY2025 trend baseline,value,none,baseline,fy25,18860000,,,synthetic_backcast_from_fy26:FC-AI-004:5; multiplier=0.46,tower_synthetic_fy2025_trend_v1,synthetic,value,FC-AI-004,,Synthetic FY2025 trend baseline for demo trend views. Not client-attested; replace with client actuals when provided.
first-capital-financial,derived/tower_financial_amounts_fy2025_trend.csv,6,FC-AI-005-FY2025-a9ccd4968e,Commercial credit spreading automation FY2025 trend baseline,value,none,baseline,fy25,12420000,,,synthetic_backcast_from_fy26:FC-AI-005:6; multiplier=0.46,tower_synthetic_fy2025_trend_v1,synthetic,value,FC-AI-005,,Synthetic FY2025 trend baseline for demo trend views. Not client-attested; replace with client actuals when provided.
first-capital-financial,derived/tower_financial_amounts_fy2025_trend.csv,7,FC-AI-006-FY2025-1ba69b2c8e,Customer 360 lakehouse foundation FY2025 trend baseline,value,none,baseline,fy25,13800000,,,synthetic_backcast_from_fy26:FC-AI-006:7; multiplier=0.46,tower_synthetic_fy2025_trend_v1,synthetic,value,FC-AI-006,,Synthetic FY2025 trend baseline for demo trend views. Not client-attested; replace with client actuals when provided.
first-capital-financial,derived/tower_financial_amounts_fy2025_trend.csv,8,FC-AI-007-FY2025-f7dd0286e1,Certified semantic layer for KPIs FY2025 trend baseline,value,none,baseline,fy25,7820000,,,synthetic_backcast_from_fy26:FC-AI-007:8; multiplier=0.46,tower_synthetic_fy2025_trend_v1,synthetic,value,FC-AI-007,,Synthetic FY2025 trend baseline for demo trend views. Not client-attested; replace with client actuals when provided.
first-capital-financial,derived/tower_financial_amounts_fy2025_trend.csv,9,FC-AI-007-FY2025-bed5730e03,Certified semantic layer for KPIs FY2025 trend baseline,value,none,baseline,fy25,44000,,,synthetic_backcast_from_fy26:FC-AI-007:8; multiplier=0.46,tower_synthetic_fy2025_trend_v1,synthetic,value,FC-AI-007,,Synthetic FY2025 trend baseline for demo trend views. Not client-attested; replace with client actuals when provided.
first-capital-financial,derived/tower_financial_amounts_fy2025_trend.csv,10,FC-AI-008-FY2025-bc0630f6a5,Engineering code-assist productivity FY2025 trend baseline,value,none,baseline,fy25,17020000,,,synthetic_backcast_from_fy26:FC-AI-008:9; multiplier=0.46,tower_synthetic_fy2025_trend_v1,synthetic,value,FC-AI-008,,Synthetic FY2025 trend baseline for demo trend views. Not client-attested; replace with client actuals when provided.
first-capital-financial,derived/tower_financial_amounts_fy2025_trend.csv,11,FC-AI-008-FY2025-05fd7da2ad,Engineering code-assist productivity FY2025 trend baseline,value,none,baseline,fy25,556000,,,synthetic_backcast_from_fy26:FC-AI-008:9; multiplier=0.46,tower_synthetic_fy2025_trend_v1,synthetic,value,FC-AI-008,,Synthetic FY2025 trend baseline for demo trend views. Not client-attested; replace with client actuals when provided.
first-capital-financial,derived/tower_financial_amounts_fy2025_trend.csv,12,FC-AI-009-FY2025-001f7806e6,Regulatory close & reconciliation automation FY2025 trend baseline,value,none,baseline,fy25,5060000,,,synthetic_backcast_from_fy26:FC-AI-009:10; multiplier=0.46,tower_synthetic_fy2025_trend_v1,synthetic,value,FC-AI-009,,Synthetic FY2025 trend baseline for demo trend views. Not client-attested; replace with client actuals when provided.
first-capital-financial,derived/tower_financial_amounts_fy2025_trend.csv,13,FC-AI-009-FY2025-3d2c017747,Regulatory close & reconciliation automation FY2025 trend baseline,value,none,baseline,fy25,192000,,,synthetic_backcast_from_fy26:FC-AI-009:10; multiplier=0.46,tower_synthetic_fy2025_trend_v1,synthetic,value,FC-AI-009,,Synthetic FY2025 trend baseline for demo trend views. Not client-attested; replace with client actuals when provided.
first-capital-financial,derived/tower_financial_amounts_fy2025_trend.csv,14,FC-AI-010-FY2025-352b5e2f5e,Cards dispute & chargeback automation FY2025 trend baseline,value,none,baseline,fy25,11960000,,,synthetic_backcast_from_fy26:FC-AI-010:11; multiplier=0.46,tower_synthetic_fy2025_trend_v1,synthetic,value,FC-AI-010,,Synthetic FY2025 trend baseline for demo trend views. Not client-attested; replace with client actuals when provided.
first-capital-financial,derived/tower_financial_amounts_fy2025_trend.csv,15,FC-AI-010-FY2025-6a509b49e5,Cards dispute & chargeback automation FY2025 trend baseline,value,none,baseline,fy25,76000,,,synthetic_backcast_from_fy26:FC-AI-010:11; multiplier=0.46,tower_synthetic_fy2025_trend_v1,synthetic,value,FC-AI-010,,Synthetic FY2025 trend baseline for demo trend views. Not client-attested; replace with client actuals when provided.
first-capital-financial,derived/tower_financial_amounts_fy2025_trend.csv,16,FC-AI-011-FY2025-06dfcaec75,Wealth advisor proposal generation FY2025 trend baseline,value,none,baseline,fy25,19780000,,,synthetic_backcast_from_fy26:FC-AI-011:12; multiplier=0.46,tower_synthetic_fy2025_trend_v1,synthetic,value,FC-AI-011,,Synthetic FY2025 trend baseline for demo trend views. Not client-attested; replace with client actuals when provided.
first-capital-financial,derived/tower_financial_amounts_fy2025_trend.csv,17,FC-AI-011-FY2025-af357b7014,Wealth advisor proposal generation FY2025 trend baseline,value,none,baseline,fy25,993000,,,synthetic_backcast_from_fy26:FC-AI-011:12; multiplier=0.46,tower_synthetic_fy2025_trend_v1,synthetic,value,FC-AI-011,,Synthetic FY2025 trend baseline for demo trend views. Not client-attested; replace with client actuals when provided.
first-capital-financial,derived/tower_financial_amounts_fy2025_trend.csv,18,FC-AI-012-FY2025-4e5bca7b32,Payments exception repair automation FY2025 trend baseline,value,none,baseline,fy25,6440000,,,synthetic_backcast_from_fy26:FC-AI-012:13; multiplier=0.46,tower_synthetic_fy2025_trend_v1,synthetic,value,FC-AI-012,,Synthetic FY2025 trend baseline for demo trend views. Not client-attested; replace with client actuals when provided.
first-capital-financial,derived/tower_financial_amounts_fy2025_trend.csv,19,FC-AI-012-FY2025-b4dde4c0dc,Payments exception repair automation FY2025 trend baseline,value,none,baseline,fy25,230000,,,synthetic_backcast_from_fy26:FC-AI-012:13; multiplier=0.46,tower_synthetic_fy2025_trend_v1,synthetic,value,FC-AI-012,,Synthetic FY2025 trend baseline for demo trend views. Not client-attested; replace with client actuals when provided.
first-capital-financial,derived/tower_financial_amounts_fy2025_trend.csv,20,FC-AI-013-FY2025-69f280c95b,Credit risk model SR 11-7 evidence automation FY2025 trend baseline,value,none,baseline,fy25,20240000,,,synthetic_backcast_from_fy26:FC-AI-013:14; multiplier=0.46,tower_synthetic_fy2025_trend_v1,synthetic,value,FC-AI-013,,Synthetic FY2025 trend baseline for demo trend views. Not client-attested; replace with client actuals when provided.
first-capital-financial,derived/tower_financial_amounts_fy2025_trend.csv,21,FC-AI-013-FY2025-e9fc05bf08,Credit risk model SR 11-7 evidence automation FY2025 trend baseline,value,none,baseline,fy25,847000,,,synthetic_backcast_from_fy26:FC-AI-013:14; multiplier=0.46,tower_synthetic_fy2025_trend_v1,synthetic,value,FC-AI-013,,Synthetic FY2025 trend baseline for demo trend views. Not client-attested; replace with client actuals when provided.
first-capital-financial,derived/tower_financial_amounts_fy2025_trend.csv,22,FC-AI-014-FY2025-a696dee759,KYC refresh & onboarding intelligence FY2025 trend baseline,value,none,baseline,fy25,15640000,,,synthetic_backcast_from_fy26:FC-AI-014:15; multiplier=0.46,tower_synthetic_fy2025_trend_v1,synthetic,value,FC-AI-014,,Synthetic FY2025 trend baseline for demo trend views. Not client-attested; replace with client actuals when provided.
first-capital-financial,derived/tower_financial_amounts_fy2025_trend.csv,23,FC-AI-014-FY2025-058771482c,KYC refresh & onboarding intelligence FY2025 trend baseline,value,none,baseline,fy25,1673000,,,synthetic_backcast_from_fy26:FC-AI-014:15; multiplier=0.46,tower_synthetic_fy2025_trend_v1,synthetic,value,FC-AI-014,,Synthetic FY2025 trend baseline for demo trend views. Not client-attested; replace with client actuals when provided.
first-capital-financial,derived/tower_financial_amounts_fy2025_trend.csv,24,FC-AI-015-FY2025-0e10d2d271,Collections prioritization optimization FY2025 trend baseline,value,none,baseline,fy25,8280000,,,synthetic_backcast_from_fy26:FC-AI-015:16; multiplier=0.46,tower_synthetic_fy2025_trend_v1,synthetic,value,FC-AI-015,,Synthetic FY2025 trend baseline for demo trend views. Not client-attested; replace with client actuals when provided.
first-capital-financial,derived/tower_financial_amounts_fy2025_trend.csv,25,FC-AI-015-FY2025-12a6cb5719,Collections prioritization optimization FY2025 trend baseline,value,none,baseline,fy25,978000,,,synthetic_backcast_from_fy26:FC-AI-015:16; multiplier=0.46,tower_synthetic_fy2025_trend_v1,synthetic,value,FC-AI-015,,Synthetic FY2025 trend baseline for demo trend views. Not client-attested; replace with client actuals when provided.
first-capital-financial,derived/tower_financial_amounts_fy2025_trend.csv,26,FC-AI-016-FY2025-bdbb4e7bd2,Branch banker knowledge assist FY2025 trend baseline,value,none,baseline,fy25,9660000,,,synthetic_backcast_from_fy26:FC-AI-016:17; multiplier=0.46,tower_synthetic_fy2025_trend_v1,synthetic,value,FC-AI-016,,Synthetic FY2025 trend baseline for demo trend views. Not client-attested; replace with client actuals when provided.
first-capital-financial,derived/tower_financial_amounts_fy2025_trend.csv,27,FC-AI-016-FY2025-aad8cef74b,Branch banker knowledge assist FY2025 trend baseline,value,none,baseline,fy25,197000,,,synthetic_backcast_from_fy26:FC-AI-016:17; multiplier=0.46,tower_synthetic_fy2025_trend_v1,synthetic,value,FC-AI-016,,Synthetic FY2025 trend baseline for demo trend views. Not client-attested; replace with client actuals when provided.
first-capital-financial,derived/tower_financial_amounts_fy2025_trend.csv,28,FC-AI-017-FY2025-a9354986e5,Marketing personalization & retention FY2025 trend baseline,value,none,baseline,fy25,13800000,,,synthetic_backcast_from_fy26:FC-AI-017:18; multiplier=0.46,tower_synthetic_fy2025_trend_v1,synthetic,value,FC-AI-017,,Synthetic FY2025 trend baseline for demo trend views. Not client-attested; replace with client actuals when provided.
first-capital-financial,derived/tower_financial_amounts_fy2025_trend.csv,29,FC-AI-017-FY2025-30fd483725,Marketing personalization & retention FY2025 trend baseline,value,none,baseline,fy25,1528000,,,synthetic_backcast_from_fy26:FC-AI-017:18; multiplier=0.46,tower_synthetic_fy2025_trend_v1,synthetic,value,FC-AI-017,,Synthetic FY2025 trend baseline for demo trend views. Not client-attested; replace with client actuals when provided.
first-capital-financial,derived/tower_financial_amounts_fy2025_trend.csv,30,FC-AI-018-FY2025-cd7bb0d216,Treasury liquidity forecasting FY2025 trend baseline,value,none,baseline,fy25,19780000,,,synthetic_backcast_from_fy26:FC-AI-018:19; multiplier=0.46,tower_synthetic_fy2025_trend_v1,synthetic,value,FC-AI-018,,Synthetic FY2025 trend baseline for demo trend views. Not client-attested; replace with client actuals when provided.
first-capital-financial,derived/tower_financial_amounts_fy2025_trend.csv,31,FC-AI-018-FY2025-a6e7b944fc,Treasury liquidity forecasting FY2025 trend baseline,value,none,baseline,fy25,2738000,,,synthetic_backcast_from_fy26:FC-AI-018:19; multiplier=0.46,tower_synthetic_fy2025_trend_v1,synthetic,value,FC-AI-018,,Synthetic FY2025 trend baseline for demo trend views. Not client-attested; replace with client actuals when provided.
first-capital-financial,derived/tower_financial_amounts_fy2025_trend.csv,32,FC-AI-019-FY2025-d2c315d364,Complaint & fair-lending surveillance NLP FY2025 trend baseline,value,none,baseline,fy25,9200000,,,synthetic_backcast_from_fy26:FC-AI-019:20; multiplier=0.46,tower_synthetic_fy2025_trend_v1,synthetic,value,FC-AI-019,,Synthetic FY2025 trend baseline for demo trend views. Not client-attested; replace with client actuals when provided.
first-capital-financial,derived/tower_financial_amounts_fy2025_trend.csv,33,FC-AI-019-FY2025-a67b6b2899,Complaint & fair-lending surveillance NLP FY2025 trend baseline,value,none,baseline,fy25,207000,,,synthetic_backcast_from_fy26:FC-AI-019:20; multiplier=0.46,tower_synthetic_fy2025_trend_v1,synthetic,value,FC-AI-019,,Synthetic FY2025 trend baseline for demo trend views. Not client-attested; replace with client actuals when provided.
first-capital-financial,derived/tower_financial_amounts_fy2025_trend.csv,34,FC-AI-020-FY2025-d08c2e28d7,Mainframe code modernization assist FY2025 trend baseline,value,none,baseline,fy25,10580000,,,synthetic_backcast_from_fy26:FC-AI-020:21; multiplier=0.46,tower_synthetic_fy2025_trend_v1,synthetic,value,FC-AI-020,,Synthetic FY2025 trend baseline for demo trend views. Not client-attested; replace with client actuals when provided.
first-capital-financial,derived/tower_financial_amounts_fy2025_trend.csv,35,FC-AI-020-FY2025-ef010a21c6,Mainframe code modernization assist FY2025 trend baseline,value,none,baseline,fy25,1254000,,,synthetic_backcast_from_fy26:FC-AI-020:21; multiplier=0.46,tower_synthetic_fy2025_trend_v1,synthetic,value,FC-AI-020,,Synthetic FY2025 trend baseline for demo trend views. Not client-attested; replace with client actuals when provided.
first-capital-financial,derived/tower_financial_amounts_fy2025_trend.csv,36,FC-AI-021-FY2025-3e64672712,Document intelligence for commercial onboarding FY2025 trend baseline,value,none,baseline,fy25,19780000,,,synthetic_backcast_from_fy26:FC-AI-021:22; multiplier=0.46,tower_synthetic_fy2025_trend_v1,synthetic,value,FC-AI-021,,Synthetic FY2025 trend baseline for demo trend views. Not client-attested; replace with client actuals when provided.
first-capital-financial,derived/tower_financial_amounts_fy2025_trend.csv,37,FC-AI-021-FY2025-e434459a67,Document intelligence for commercial onboarding FY2025 trend baseline,value,none,baseline,fy25,2179000,,,synthetic_backcast_from_fy26:FC-AI-021:22; multiplier=0.46,tower_synthetic_fy2025_trend_v1,synthetic,value,FC-AI-021,,Synthetic FY2025 trend baseline for demo trend views. Not client-attested; replace with client actuals when provided.
first-capital-financial,derived/tower_financial_amounts_fy2025_trend.csv,38,FC-AI-022-FY2025-4873335a3f,Sanctions screening tuning FY2025 trend baseline,value,none,baseline,fy25,18860000,,,synthetic_backcast_from_fy26:FC-AI-022:23; multiplier=0.46,tower_synthetic_fy2025_trend_v1,synthetic,value,FC-AI-022,,Synthetic FY2025 trend baseline for demo trend views. Not client-attested; replace with client actuals when provided.
first-capital-financial,derived/tower_financial_amounts_fy2025_trend.csv,39,FC-AI-022-FY2025-1f4e07af42,Sanctions screening tuning FY2025 trend baseline,value,none,baseline,fy25,4578000,,,synthetic_backcast_from_fy26:FC-AI-022:23; multiplier=0.46,tower_synthetic_fy2025_trend_v1,synthetic,value,FC-AI-022,,Synthetic FY2025 trend baseline for demo trend views. Not client-attested; replace with client actuals when provided.
first-capital-financial,derived/tower_financial_amounts_fy2025_trend.csv,40,FC-AI-023-FY2025-beaa3531f9,Statement & disclosure generation copilot FY2025 trend baseline,value,none,baseline,fy25,20700000,,,synthetic_backcast_from_fy26:FC-AI-023:24; multiplier=0.46,tower_synthetic_fy2025_trend_v1,synthetic,value,FC-AI-023,,Synthetic FY2025 trend baseline for demo trend views. Not client-attested; replace with client actuals when provided.
first-capital-financial,derived/tower_financial_amounts_fy2025_trend.csv,41,FC-AI-023-FY2025-59e2ea0113,Statement & disclosure generation copilot FY2025 trend baseline,value,none,baseline,fy25,5652000,,,synthetic_backcast_from_fy26:FC-AI-023:24; multiplier=0.46,tower_synthetic_fy2025_trend_v1,synthetic,value,FC-AI-023,,Synthetic FY2025 trend baseline for demo trend views. Not client-attested; replace with client actuals when provided.
first-capital-financial,derived/tower_financial_amounts_fy2025_trend.csv,42,FC-AI-024-FY2025-5b0ffe3bf2,Card rewards personalization FY2025 trend baseline,value,none,baseline,fy25,11500000,,,synthetic_backcast_from_fy26:FC-AI-024:25; multiplier=0.46,tower_synthetic_fy2025_trend_v1,synthetic,value,FC-AI-024,,Synthetic FY2025 trend baseline for demo trend views. Not client-attested; replace with client actuals when provided.
first-capital-financial,derived/tower_financial_amounts_fy2025_trend.csv,43,FC-AI-024-FY2025-57c42a0be8,Card rewards personalization FY2025 trend baseline,value,none,baseline,fy25,2451000,,,synthetic_backcast_from_fy26:FC-AI-024:25; multiplier=0.46,tower_synthetic_fy2025_trend_v1,synthetic,value,FC-AI-024,,Synthetic FY2025 trend baseline for demo trend views. Not client-attested; replace with client actuals when provided.
first-capital-financial,derived/tower_financial_amounts_fy2025_trend.csv,44,FC-AI-025-FY2025-39346f0891,Voice biometrics authentication FY2025 trend baseline,value,none,baseline,fy25,18860000,,,synthetic_backcast_from_fy26:FC-AI-025:26; multiplier=0.46,tower_synthetic_fy2025_trend_v1,synthetic,value,FC-AI-025,,Synthetic FY2025 trend baseline for demo trend views. Not client-attested; replace with client actuals when provided.
first-capital-financial,derived/tower_financial_amounts_fy2025_trend.csv,45,FC-AI-025-FY2025-2100517188,Voice biometrics authentication FY2025 trend baseline,value,none,baseline,fy25,789000,,,synthetic_backcast_from_fy26:FC-AI-025:26; multiplier=0.46,tower_synthetic_fy2025_trend_v1,synthetic,value,FC-AI-025,,Synthetic FY2025 trend baseline for demo trend views. Not client-attested; replace with client actuals when provided.
first-capital-financial,derived/tower_financial_amounts_fy2025_trend.csv,46,FC-AI-026-FY2025-37e5b88e73,Trade surveillance anomaly detection FY2025 trend baseline,value,none,baseline,fy25,9660000,,,synthetic_backcast_from_fy26:FC-AI-026:27; multiplier=0.46,tower_synthetic_fy2025_trend_v1,synthetic,value,FC-AI-026,,Synthetic FY2025 trend baseline for demo trend views. Not client-attested; replace with client actuals when provided.
first-capital-financial,derived/tower_financial_amounts_fy2025_trend.csv,47,FC-AI-026-FY2025-c1eb43ce72,Trade surveillance anomaly detection FY2025 trend baseline,value,none,baseline,fy25,2028000,,,synthetic_backcast_from_fy26:FC-AI-026:27; multiplier=0.46,tower_synthetic_fy2025_trend_v1,synthetic,value,FC-AI-026,,Synthetic FY2025 trend baseline for demo trend views. Not client-attested; replace with client actuals when provided.
first-capital-financial,derived/tower_financial_amounts_fy2025_trend.csv,48,FC-AI-027-FY2025-187b3c9353,Loan servicing virtual agent FY2025 trend baseline,value,none,baseline,fy25,7820000,,,synthetic_backcast_from_fy26:FC-AI-027:28; multiplier=0.46,tower_synthetic_fy2025_trend_v1,synthetic,value,FC-AI-027,,Synthetic FY2025 trend baseline for demo trend views. Not client-attested; replace with client actuals when provided.
first-capital-financial,derived/tower_financial_amounts_fy2025_trend.csv,49,FC-AI-027-FY2025-3c1c2489b3,Loan servicing virtual agent FY2025 trend baseline,value,none,baseline,fy25,1786000,,,synthetic_backcast_from_fy26:FC-AI-027:28; multiplier=0.46,tower_synthetic_fy2025_trend_v1,synthetic,value,FC-AI-027,,Synthetic FY2025 trend baseline for demo trend views. Not client-attested; replace with client actuals when provided.
first-capital-financial,derived/tower_financial_amounts_fy2025_trend.csv,50,FC-AI-028-FY2025-e3173f24c3,ESG & climate risk data automation FY2025 trend baseline,value,none,baseline,fy25,14260000,,,synthetic_backcast_from_fy26:FC-AI-028:29; multiplier=0.46,tower_synthetic_fy2025_trend_v1,synthetic,value,FC-AI-028,,Synthetic FY2025 trend baseline for demo trend views. Not client-attested; replace with client actuals when provided.
first-capital-financial,derived/tower_financial_amounts_fy2025_trend.csv,51,FC-AI-028-FY2025-3acd1fdade,ESG & climate risk data automation FY2025 trend baseline,value,none,baseline,fy25,526000,,,synthetic_backcast_from_fy26:FC-AI-028:29; multiplier=0.46,tower_synthetic_fy2025_trend_v1,synthetic,value,FC-AI-028,,Synthetic FY2025 trend baseline for demo trend views. Not client-attested; replace with client actuals when provided.
first-capital-financial,derived/tower_financial_amounts_fy2025_trend.csv,52,FC-AI-029-FY2025-1f14cca40a,Enterprise search over policy & procedures FY2025 trend baseline,value,none,baseline,fy25,13800000,,,synthetic_backcast_from_fy26:FC-AI-029:30; multiplier=0.46,tower_synthetic_fy2025_trend_v1,synthetic,value,FC-AI-029,,Synthetic FY2025 trend baseline for demo trend views. Not client-attested; replace with client actuals when provided.
first-capital-financial,derived/tower_financial_amounts_fy2025_trend.csv,53,FC-AI-029-FY2025-6f84c77833,Enterprise search over policy & procedures FY2025 trend baseline,value,none,baseline,fy25,3564000,,,synthetic_backcast_from_fy26:FC-AI-029:30; multiplier=0.46,tower_synthetic_fy2025_trend_v1,synthetic,value,FC-AI-029,,Synthetic FY2025 trend baseline for demo trend views. Not client-attested; replace with client actuals when provided.
first-capital-financial,derived/tower_financial_amounts_fy2025_trend.csv,54,FC-AI-030-FY2025-24aa85449e,Deposit pricing optimization FY2025 trend baseline,value,none,baseline,fy25,10120000,,,synthetic_backcast_from_fy26:FC-AI-030:31; multiplier=0.46,tower_synthetic_fy2025_trend_v1,synthetic,value,FC-AI-030,,Synthetic FY2025 trend baseline for demo trend views. Not client-attested; replace with client actuals when provided.
first-capital-financial,derived/tower_financial_amounts_fy2025_trend.csv,55,FC-AI-030-FY2025-166304e824,Deposit pricing optimization FY2025 trend baseline,value,none,baseline,fy25,5096000,,,synthetic_backcast_from_fy26:FC-AI-030:31; multiplier=0.46,tower_synthetic_fy2025_trend_v1,synthetic,value,FC-AI-030,,Synthetic FY2025 trend baseline for demo trend views. Not client-attested; replace with client actuals when provided.
first-capital-financial,derived/tower_financial_amounts_fy2025_trend.csv,56,FC-AI-031-FY2025-c67c677805,Synthetic data for model development FY2025 trend baseline,value,none,baseline,fy25,16560000,,,synthetic_backcast_from_fy26:FC-AI-031:32; multiplier=0.46,tower_synthetic_fy2025_trend_v1,synthetic,value,FC-AI-031,,Synthetic FY2025 trend baseline for demo trend views. Not client-attested; replace with client actuals when provided.
first-capital-financial,derived/tower_financial_amounts_fy2025_trend.csv,57,FC-AI-031-FY2025-0ca8261b03,Synthetic data for model development FY2025 trend baseline,value,none,baseline,fy25,9827000,,,synthetic_backcast_from_fy26:FC-AI-031:32; multiplier=0.46,tower_synthetic_fy2025_trend_v1,synthetic,value,FC-AI-031,,Synthetic FY2025 trend baseline for demo trend views. Not client-attested; replace with client actuals when provided.
first-capital-financial,derived/tower_financial_amounts_fy2025_trend.csv,58,FC-AI-032-FY2025-52ebdd1d08,Wire fraud interdiction FY2025 trend baseline,value,none,baseline,fy25,19780000,,,synthetic_backcast_from_fy26:FC-AI-032:33; multiplier=0.46,tower_synthetic_fy2025_trend_v1,synthetic,value,FC-AI-032,,Synthetic FY2025 trend baseline for demo trend views. Not client-attested; replace with client actuals when provided.
first-capital-financial,derived/tower_financial_amounts_fy2025_trend.csv,59,FC-AI-032-FY2025-1cf1e15434,Wire fraud interdiction FY2025 trend baseline,value,none,baseline,fy25,10755000,,,synthetic_backcast_from_fy26:FC-AI-032:33; multiplier=0.46,tower_synthetic_fy2025_trend_v1,synthetic,value,FC-AI-032,,Synthetic FY2025 trend baseline for demo trend views. Not client-attested; replace with client actuals when provided.
first-capital-financial,derived/tower_financial_amounts_fy2025_trend.csv,60,FC-AI-033-FY2025-bf469cb0f4,Mortgage underwriting decision support FY2025 trend baseline,value,none,baseline,fy25,19780000,,,synthetic_backcast_from_fy26:FC-AI-033:34; multiplier=0.46,tower_synthetic_fy2025_trend_v1,synthetic,value,FC-AI-033,,Synthetic FY2025 trend baseline for demo trend views. Not client-attested; replace with client actuals when provided.
first-capital-financial,derived/tower_financial_amounts_fy2025_trend.csv,61,FC-AI-033-FY2025-08d6d444ab,Mortgage underwriting decision support FY2025 trend baseline,value,none,baseline,fy25,11393000,,,synthetic_backcast_from_fy26:FC-AI-033:34; multiplier=0.46,tower_synthetic_fy2025_trend_v1,synthetic,value,FC-AI-033,,Synthetic FY2025 trend baseline for demo trend views. Not client-attested; replace with client actuals when provided.
first-capital-financial,derived/tower_financial_amounts_fy2025_trend.csv,62,FC-AI-034-FY2025-56c0951aec,Vendor contract intelligence FY2025 trend baseline,value,none,baseline,fy25,10120000,,,synthetic_backcast_from_fy26:FC-AI-034:35; multiplier=0.46,tower_synthetic_fy2025_trend_v1,synthetic,value,FC-AI-034,,Synthetic FY2025 trend baseline for demo trend views. Not client-attested; replace with client actuals when provided.
first-capital-financial,derived/tower_financial_amounts_fy2025_trend.csv,63,FC-AI-034-FY2025-05c22db014,Vendor contract intelligence FY2025 trend baseline,value,none,baseline,fy25,835000,,,synthetic_backcast_from_fy26:FC-AI-034:35; multiplier=0.46,tower_synthetic_fy2025_trend_v1,synthetic,value,FC-AI-034,,Synthetic FY2025 trend baseline for demo trend views. Not client-attested; replace with client actuals when provided.
first-capital-financial,derived/tower_financial_amounts_fy2025_trend.csv,64,FC-AI-035-FY2025-8c619266ee,Branch staffing & demand forecasting FY2025 trend baseline,value,none,baseline,fy25,12880000,,,synthetic_backcast_from_fy26:FC-AI-035:36; multiplier=0.46,tower_synthetic_fy2025_trend_v1,synthetic,value,FC-AI-035,,Synthetic FY2025 trend baseline for demo trend views. Not client-attested; replace with client actuals when provided.
first-capital-financial,derived/tower_financial_amounts_fy2025_trend.csv,65,FC-AI-035-FY2025-7e89177a5e,Branch staffing & demand forecasting FY2025 trend baseline,value,none,baseline,fy25,6778000,,,synthetic_backcast_from_fy26:FC-AI-035:36; multiplier=0.46,tower_synthetic_fy2025_trend_v1,synthetic,value,FC-AI-035,,Synthetic FY2025 trend baseline for demo trend views. Not client-attested; replace with client actuals when provided.
first-capital-financial,derived/tower_financial_amounts_fy2025_trend.csv,66,FC-AI-036-FY2025-2d873c3d07,IT incident root-cause copilot FY2025 trend baseline,value,none,baseline,fy25,14260000,,,synthetic_backcast_from_fy26:FC-AI-036:37; multiplier=0.46,tower_synthetic_fy2025_trend_v1,synthetic,value,FC-AI-036,,Synthetic FY2025 trend baseline for demo trend views. Not client-attested; replace with client actuals when provided.
first-capital-financial,derived/tower_financial_amounts_fy2025_trend.csv,67,FC-AI-036-FY2025-d140823b86,IT incident root-cause copilot FY2025 trend baseline,value,none,baseline,fy25,11371000,,,synthetic_backcast_from_fy26:FC-AI-036:37; multiplier=0.46,tower_synthetic_fy2025_trend_v1,synthetic,value,FC-AI-036,,Synthetic FY2025 trend baseline for demo trend views. Not client-attested; replace with client actuals when provided.
first-capital-financial,derived/tower_financial_amounts_fy2025_trend.csv,68,FC-AI-037-FY2025-4860bd6fdf,Regulatory change interpretation assist FY2025 trend baseline,value,none,baseline,fy25,16560000,,,synthetic_backcast_from_fy26:FC-AI-037:38; multiplier=0.46,tower_synthetic_fy2025_trend_v1,synthetic,value,FC-AI-037,,Synthetic FY2025 trend baseline for demo trend views. Not client-attested; replace with client actuals when provided.
first-capital-financial,derived/tower_financial_amounts_fy2025_trend.csv,69,FC-AI-037-FY2025-1b0a53e9b3,Regulatory change interpretation assist FY2025 trend baseline,value,none,baseline,fy25,1500000,,,synthetic_backcast_from_fy26:FC-AI-037:38; multiplier=0.46,tower_synthetic_fy2025_trend_v1,synthetic,value,FC-AI-037,,Synthetic FY2025 trend baseline for demo trend views. Not client-attested; replace with client actuals when provided.
first-capital-financial,derived/tower_financial_amounts_fy2025_trend.csv,70,FC-AI-038-FY2025-74c4773255,Small business cash-flow insights FY2025 trend baseline,value,none,baseline,fy25,8740000,,,synthetic_backcast_from_fy26:FC-AI-038:39; multiplier=0.46,tower_synthetic_fy2025_trend_v1,synthetic,value,FC-AI-038,,Synthetic FY2025 trend baseline for demo trend views. Not client-attested; replace with client actuals when provided.
first-capital-financial,derived/tower_financial_amounts_fy2025_trend.csv,71,FC-AI-038-FY2025-b3a848cd85,Small business cash-flow insights FY2025 trend baseline,value,none,baseline,fy25,4752000,,,synthetic_backcast_from_fy26:FC-AI-038:39; multiplier=0.46,tower_synthetic_fy2025_trend_v1,synthetic,value,FC-AI-038,,Synthetic FY2025 trend baseline for demo trend views. Not client-attested; replace with client actuals when provided.
first-capital-financial,derived/tower_financial_amounts_fy2025_trend.csv,72,FC-AI-039-FY2025-86b326dfdb,Anti-money-laundering network analytics FY2025 trend baseline,value,none,baseline,fy25,3680000,,,synthetic_backcast_from_fy26:FC-AI-039:40; multiplier=0.46,tower_synthetic_fy2025_trend_v1,synthetic,value,FC-AI-039,,Synthetic FY2025 trend baseline for demo trend views. Not client-attested; replace with client actuals when provided.
first-capital-financial,derived/tower_financial_amounts_fy2025_trend.csv,73,FC-AI-039-FY2025-475e0cc749,Anti-money-laundering network analytics FY2025 trend baseline,value,none,baseline,fy25,2040000,,,synthetic_backcast_from_fy26:FC-AI-039:40; multiplier=0.46,tower_synthetic_fy2025_trend_v1,synthetic,value,FC-AI-039,,Synthetic FY2025 trend baseline for demo trend views. Not client-attested; replace with client actuals when provided.
first-capital-financial,derived/tower_financial_amounts_fy2025_trend.csv,74,FC-AI-040-FY2025-8e30e971eb,Customer churn early-warning model FY2025 trend baseline,value,none,baseline,fy25,22080000,,,synthetic_backcast_from_fy26:FC-AI-040:41; multiplier=0.46,tower_synthetic_fy2025_trend_v1,synthetic,value,FC-AI-040,,Synthetic FY2025 trend baseline for demo trend views. Not client-attested; replace with client actuals when provided.
first-capital-financial,derived/tower_financial_amounts_fy2025_trend.csv,75,FC-AI-040-FY2025-9a1424d12c,Customer churn early-warning model FY2025 trend baseline,value,none,baseline,fy25,899000,,,synthetic_backcast_from_fy26:FC-AI-040:41; multiplier=0.46,tower_synthetic_fy2025_trend_v1,synthetic,value,FC-AI-040,,Synthetic FY2025 trend baseline for demo trend views. Not client-attested; replace with client actuals when provided.
first-capital-financial,derived/tower_financial_amounts_fy2025_trend.csv,76,FC-AI-041-FY2025-7f23483307,Capital markets research summarization FY2025 trend baseline,value,none,baseline,fy25,7360000,,,synthetic_backcast_from_fy26:FC-AI-041:42; multiplier=0.46,tower_synthetic_fy2025_trend_v1,synthetic,value,FC-AI-041,,Synthetic FY2025 trend baseline for demo trend views. Not client-attested; replace with client actuals when provided.
first-capital-financial,derived/tower_financial_amounts_fy2025_trend.csv,77,FC-AI-041-FY2025-13169299c9,Capital markets research summarization FY2025 trend baseline,value,none,baseline,fy25,428000,,,synthetic_backcast_from_fy26:FC-AI-041:42; multiplier=0.46,tower_synthetic_fy2025_trend_v1,synthetic,value,FC-AI-041,,Synthetic FY2025 trend baseline for demo trend views. Not client-attested; replace with client actuals when provided.
first-capital-financial,derived/tower_financial_amounts_fy2025_trend.csv,78,FC-AI-042-FY2025-0c9dba814c,Privacy & data-access governance automation FY2025 trend baseline,value,none,baseline,fy25,18400000,,,synthetic_backcast_from_fy26:FC-AI-042:43; multiplier=0.46,tower_synthetic_fy2025_trend_v1,synthetic,value,FC-AI-042,,Synthetic FY2025 trend baseline for demo trend views. Not client-attested; replace with client actuals when provided.
first-capital-financial,derived/tower_financial_amounts_fy2025_trend.csv,79,FC-AI-042-FY2025-7109efedf4,Privacy & data-access governance automation FY2025 trend baseline,value,none,baseline,fy25,949000,,,synthetic_backcast_from_fy26:FC-AI-042:43; multiplier=0.46,tower_synthetic_fy2025_trend_v1,synthetic,value,FC-AI-042,,Synthetic FY2025 trend baseline for demo trend views. Not client-attested; replace with client actuals when provided.
first-capital-financial,derived/tower_financial_amounts_fy2025_trend.csv,80,FC-AI-001-2-FY2025-0710722ec0,FC-AI-001 FY2025 trend baseline,initiative_budget,none,actual,fy25,2318000,,,synthetic_backcast_from_fy26:FC-AI-001-2:2; multiplier=0.61,tower_synthetic_fy2025_trend_v1,synthetic,initiative_budget,FC-AI-001-2,,Synthetic FY2025 trend baseline for demo trend views. Not client-attested; replace with client actuals when provided.
first-capital-financial,derived/tower_financial_amounts_fy2025_trend.csv,81,FC-AI-001-2-FY2025-455d7c3744,FC-AI-001 FY2025 trend baseline,initiative_budget,none,baseline,fy25,736000,,,synthetic_backcast_from_fy26:FC-AI-001-2:2; multiplier=0.61,tower_synthetic_fy2025_trend_v1,synthetic,initiative_budget,FC-AI-001-2,,Synthetic FY2025 trend baseline for demo trend views. Not client-attested; replace with client actuals when provided.
first-capital-financial,derived/tower_financial_amounts_fy2025_trend.csv,82,FC-AI-002-3-FY2025-4ab621efbc,FC-AI-002 FY2025 trend baseline,initiative_budget,none,actual,fy25,2562000,,,synthetic_backcast_from_fy26:FC-AI-002-3:3; multiplier=0.61,tower_synthetic_fy2025_trend_v1,synthetic,initiative_budget,FC-AI-002-3,,Synthetic FY2025 trend baseline for demo trend views. Not client-attested; replace with client actuals when provided.
first-capital-financial,derived/tower_financial_amounts_fy2025_trend.csv,83,FC-AI-002-3-FY2025-b3dd730a31,FC-AI-002 FY2025 trend baseline,initiative_budget,none,baseline,fy25,1782000,,,synthetic_backcast_from_fy26:FC-AI-002-3:3; multiplier=0.61,tower_synthetic_fy2025_trend_v1,synthetic,initiative_budget,FC-AI-002-3,,Synthetic FY2025 trend baseline for demo trend views. Not client-attested; replace with client actuals when provided.
first-capital-financial,derived/tower_financial_amounts_fy2025_trend.csv,84,FC-AI-003-4-FY2025-94e663455b,FC-AI-003 FY2025 trend baseline,initiative_budget,none,actual,fy25,2745000,,,synthetic_backcast_from_fy26:FC-AI-003-4:4; multiplier=0.61,tower_synthetic_fy2025_trend_v1,synthetic,initiative_budget,FC-AI-003-4,,Synthetic FY2025 trend baseline for demo trend views. Not client-attested; replace with client actuals when provided.
first-capital-financial,derived/tower_financial_amounts_fy2025_trend.csv,85,FC-AI-003-4-FY2025-68774ab25c,FC-AI-003 FY2025 trend baseline,initiative_budget,none,baseline,fy25,1543000,,,synthetic_backcast_from_fy26:FC-AI-003-4:4; multiplier=0.61,tower_synthetic_fy2025_trend_v1,synthetic,initiative_budget,FC-AI-003-4,,Synthetic FY2025 trend baseline for demo trend views. Not client-attested; replace with client actuals when provided.
first-capital-financial,derived/tower_financial_amounts_fy2025_trend.csv,86,FC-AI-004-5-FY2025-bb0db2117e,FC-AI-004 FY2025 trend baseline,initiative_budget,none,actual,fy25,1159000,,,synthetic_backcast_from_fy26:FC-AI-004-5:5; multiplier=0.61,tower_synthetic_fy2025_trend_v1,synthetic,initiative_budget,FC-AI-004-5,,Synthetic FY2025 trend baseline for demo trend views. Not client-attested; replace with client actuals when provided.
first-capital-financial,derived/tower_financial_amounts_fy2025_trend.csv,87,FC-AI-004-5-FY2025-39787b2432,FC-AI-004 FY2025 trend baseline,initiative_budget,none,baseline,fy25,584000,,,synthetic_backcast_from_fy26:FC-AI-004-5:5; multiplier=0.61,tower_synthetic_fy2025_trend_v1,synthetic,initiative_budget,FC-AI-004-5,,Synthetic FY2025 trend baseline for demo trend views. Not client-attested; replace with client actuals when provided.
first-capital-financial,derived/tower_financial_amounts_fy2025_trend.csv,88,FC-AI-005-6-FY2025-204e38a024,FC-AI-005 FY2025 trend baseline,initiative_budget,none,actual,fy25,3233000,,,synthetic_backcast_from_fy26:FC-AI-005-6:6; multiplier=0.61,tower_synthetic_fy2025_trend_v1,synthetic,initiative_budget,FC-AI-005-6,,Synthetic FY2025 trend baseline for demo trend views. Not client-attested; replace with client actuals when provided.
first-capital-financial,derived/tower_financial_amounts_fy2025_trend.csv,89,FC-AI-005-6-FY2025-34cf72b35d,FC-AI-005 FY2025 trend baseline,initiative_budget,none,baseline,fy25,1040000,,,synthetic_backcast_from_fy26:FC-AI-005-6:6; multiplier=0.61,tower_synthetic_fy2025_trend_v1,synthetic,initiative_budget,FC-AI-005-6,,Synthetic FY2025 trend baseline for demo trend views. Not client-attested; replace with client actuals when provided.
first-capital-financial,derived/tower_financial_amounts_fy2025_trend.csv,90,FC-AI-006-7-FY2025-fd65e6ca7a,FC-AI-006 FY2025 trend baseline,initiative_budget,none,actual,fy25,2501000,,,synthetic_backcast_from_fy26:FC-AI-006-7:7; multiplier=0.61,tower_synthetic_fy2025_trend_v1,synthetic,initiative_budget,FC-AI-006-7,,Synthetic FY2025 trend baseline for demo trend views. Not client-attested; replace with client actuals when provided.
first-capital-financial,derived/tower_financial_amounts_fy2025_trend.csv,91,FC-AI-006-7-FY2025-5639ab6079,FC-AI-006 FY2025 trend baseline,initiative_budget,none,baseline,fy25,1323000,,,synthetic_backcast_from_fy26:FC-AI-006-7:7; multiplier=0.61,tower_synthetic_fy2025_trend_v1,synthetic,initiative_budget,FC-AI-006-7,,Synthetic FY2025 trend baseline for demo trend views. Not client-attested; replace with client actuals when provided.
first-capital-financial,derived/tower_financial_amounts_fy2025_trend.csv,92,FC-AI-007-8-FY2025-9687104427,FC-AI-007 FY2025 trend baseline,initiative_budget,none,actual,fy25,1037000,,,synthetic_backcast_from_fy26:FC-AI-007-8:8; multiplier=0.61,tower_synthetic_fy2025_trend_v1,synthetic,initiative_budget,FC-AI-007-8,,Synthetic FY2025 trend baseline for demo trend views. Not client-attested; replace with client actuals when provided.
first-capital-financial,derived/tower_financial_amounts_fy2025_trend.csv,93,FC-AI-007-8-FY2025-4b2f179181,FC-AI-007 FY2025 trend baseline,initiative_budget,none,baseline,fy25,557000,,,synthetic_backcast_from_fy26:FC-AI-007-8:8; multiplier=0.61,tower_synthetic_fy2025_trend_v1,synthetic,initiative_budget,FC-AI-007-8,,Synthetic FY2025 trend baseline for demo trend views. Not client-attested; replace with client actuals when provided.
first-capital-financial,derived/tower_financial_amounts_fy2025_trend.csv,94,FC-AI-008-9-FY2025-b78fb7c013,FC-AI-008 FY2025 trend baseline,initiative_budget,none,actual,fy25,1464000,,,synthetic_backcast_from_fy26:FC-AI-008-9:9; multiplier=0.61,tower_synthetic_fy2025_trend_v1,synthetic,initiative_budget,FC-AI-008-9,,Synthetic FY2025 trend baseline for demo trend views. Not client-attested; replace with client actuals when provided.
first-capital-financial,derived/tower_financial_amounts_fy2025_trend.csv,95,FC-AI-008-9-FY2025-d94d059b27,FC-AI-008 FY2025 trend baseline,initiative_budget,none,baseline,fy25,928000,,,synthetic_backcast_from_fy26:FC-AI-008-9:9; multiplier=0.61,tower_synthetic_fy2025_trend_v1,synthetic,initiative_budget,FC-AI-008-9,,Synthetic FY2025 trend baseline for demo trend views. Not client-attested; replace with client actuals when provided.
first-capital-financial,derived/tower_financial_amounts_fy2025_trend.csv,96,FC-AI-009-10-FY2025-4e6834da74,FC-AI-009 FY2025 trend baseline,initiative_budget,none,actual,fy25,2745000,,,synthetic_backcast_from_fy26:FC-AI-009-10:10; multiplier=0.61,tower_synthetic_fy2025_trend_v1,synthetic,initiative_budget,FC-AI-009-10,,Synthetic FY2025 trend baseline for demo trend views. Not client-attested; replace with client actuals when provided.
first-capital-financial,derived/tower_financial_amounts_fy2025_trend.csv,97,FC-AI-009-10-FY2025-f17434d0d8,FC-AI-009 FY2025 trend baseline,initiative_budget,none,baseline,fy25,1203000,,,synthetic_backcast_from_fy26:FC-AI-009-10:10; multiplier=0.61,tower_synthetic_fy2025_trend_v1,synthetic,initiative_budget,FC-AI-009-10,,Synthetic FY2025 trend baseline for demo trend views. Not client-attested; replace with client actuals when provided.
first-capital-financial,derived/tower_financial_amounts_fy2025_trend.csv,98,FC-AI-010-11-FY2025-95377d35e4,FC-AI-010 FY2025 trend baseline,initiative_budget,none,actual,fy25,1464000,,,synthetic_backcast_from_fy26:FC-AI-010-11:11; multiplier=0.61,tower_synthetic_fy2025_trend_v1,synthetic,initiative_budget,FC-AI-010-11,,Synthetic FY2025 trend baseline for demo trend views. Not client-attested; replace with client actuals when provided.
first-capital-financial,derived/tower_financial_amounts_fy2025_trend.csv,99,FC-AI-010-11-FY2025-c9fe3abcc0,FC-AI-010 FY2025 trend baseline,initiative_budget,none,baseline,fy25,461000,,,synthetic_backcast_from_fy26:FC-AI-010-11:11; multiplier=0.61,tower_synthetic_fy2025_trend_v1,synthetic,initiative_budget,FC-AI-010-11,,Synthetic FY2025 trend baseline for demo trend views. Not client-attested; replace with client actuals when provided.
first-capital-financial,derived/tower_financial_amounts_fy2025_trend.csv,100,FC-AI-011-12-FY2025-f97cce98e0,FC-AI-011 FY2025 trend baseline,initiative_budget,none,actual,fy25,1769000,,,synthetic_backcast_from_fy26:FC-AI-011-12:12; multiplier=0.61,tower_synthetic_fy2025_trend_v1,synthetic,initiative_budget,FC-AI-011-12,,Synthetic FY2025 trend baseline for demo trend views. Not client-attested; replace with client actuals when provided.
first-capital-financial,derived/tower_financial_amounts_fy2025_trend.csv,101,FC-AI-011-12-FY2025-f003d0698e,FC-AI-011 FY2025 trend baseline,initiative_budget,none,baseline,fy25,1065000,,,synthetic_backcast_from_fy26:FC-AI-011-12:12; multiplier=0.61,tower_synthetic_fy2025_trend_v1,synthetic,initiative_budget,FC-AI-011-12,,Synthetic FY2025 trend baseline for demo trend views. Not client-attested; replace with client actuals when provided.
first-capital-financial,derived/tower_financial_amounts_fy2025_trend.csv,102,FC-AI-012-13-FY2025-d32181a944,FC-AI-012 FY2025 trend baseline,initiative_budget,none,actual,fy25,732000,,,synthetic_backcast_from_fy26:FC-AI-012-13:13; multiplier=0.61,tower_synthetic_fy2025_trend_v1,synthetic,initiative_budget,FC-AI-012-13,,Synthetic FY2025 trend baseline for demo trend views. Not client-attested; replace with client actuals when provided.
first-capital-financial,derived/tower_financial_amounts_fy2025_trend.csv,103,FC-AI-012-13-FY2025-7e0d071da8,FC-AI-012 FY2025 trend baseline,initiative_budget,none,baseline,fy25,335000,,,synthetic_backcast_from_fy26:FC-AI-012-13:13; multiplier=0.61,tower_synthetic_fy2025_trend_v1,synthetic,initiative_budget,FC-AI-012-13,,Synthetic FY2025 trend baseline for demo trend views. Not client-attested; replace with client actuals when provided.
first-capital-financial,derived/tower_financial_amounts_fy2025_trend.csv,104,FC-AI-013-14-FY2025-0ebc75642c,FC-AI-013 FY2025 trend baseline,initiative_budget,none,actual,fy25,3111000,,,synthetic_backcast_from_fy26:FC-AI-013-14:14; multiplier=0.61,tower_synthetic_fy2025_trend_v1,synthetic,initiative_budget,FC-AI-013-14,,Synthetic FY2025 trend baseline for demo trend views. Not client-attested; replace with client actuals when provided.
first-capital-financial,derived/tower_financial_amounts_fy2025_trend.csv,105,FC-AI-013-14-FY2025-893b626662,FC-AI-013 FY2025 trend baseline,initiative_budget,none,baseline,fy25,1276000,,,synthetic_backcast_from_fy26:FC-AI-013-14:14; multiplier=0.61,tower_synthetic_fy2025_trend_v1,synthetic,initiative_budget,FC-AI-013-14,,Synthetic FY2025 trend baseline for demo trend views. Not client-attested; replace with client actuals when provided.
first-capital-financial,derived/tower_financial_amounts_fy2025_trend.csv,106,FC-AI-014-15-FY2025-026dcb48f0,FC-AI-014 FY2025 trend baseline,initiative_budget,none,actual,fy25,2257000,,,synthetic_backcast_from_fy26:FC-AI-014-15:15; multiplier=0.61,tower_synthetic_fy2025_trend_v1,synthetic,initiative_budget,FC-AI-014-15,,Synthetic FY2025 trend baseline for demo trend views. Not client-attested; replace with client actuals when provided.
first-capital-financial,derived/tower_financial_amounts_fy2025_trend.csv,107,FC-AI-014-15-FY2025-2a123a1381,FC-AI-014 FY2025 trend baseline,initiative_budget,none,baseline,fy25,889000,,,synthetic_backcast_from_fy26:FC-AI-014-15:15; multiplier=0.61,tower_synthetic_fy2025_trend_v1,synthetic,initiative_budget,FC-AI-014-15,,Synthetic FY2025 trend baseline for demo trend views. Not client-attested; replace with client actuals when provided.
first-capital-financial,derived/tower_financial_amounts_fy2025_trend.csv,108,FC-AI-015-16-FY2025-22c16f0dae,FC-AI-015 FY2025 trend baseline,initiative_budget,none,actual,fy25,1525000,,,synthetic_backcast_from_fy26:FC-AI-015-16:16; multiplier=0.61,tower_synthetic_fy2025_trend_v1,synthetic,initiative_budget,FC-AI-015-16,,Synthetic FY2025 trend baseline for demo trend views. Not client-attested; replace with client actuals when provided.
first-capital-financial,derived/tower_financial_amounts_fy2025_trend.csv,109,FC-AI-015-16-FY2025-3344906d9d,FC-AI-015 FY2025 trend baseline,initiative_budget,none,baseline,fy25,736000,,,synthetic_backcast_from_fy26:FC-AI-015-16:16; multiplier=0.61,tower_synthetic_fy2025_trend_v1,synthetic,initiative_budget,FC-AI-015-16,,Synthetic FY2025 trend baseline for demo trend views. Not client-attested; replace with client actuals when provided.
first-capital-financial,derived/tower_financial_amounts_fy2025_trend.csv,110,FC-AI-016-17-FY2025-67f68e1baa,FC-AI-016 FY2025 trend baseline,initiative_budget,none,actual,fy25,671000,,,synthetic_backcast_from_fy26:FC-AI-016-17:17; multiplier=0.61,tower_synthetic_fy2025_trend_v1,synthetic,initiative_budget,FC-AI-016-17,,Synthetic FY2025 trend baseline for demo trend views. Not client-attested; replace with client actuals when provided.
first-capital-financial,derived/tower_financial_amounts_fy2025_trend.csv,111,FC-AI-016-17-FY2025-7e2216fea7,FC-AI-016 FY2025 trend baseline,initiative_budget,none,baseline,fy25,424000,,,synthetic_backcast_from_fy26:FC-AI-016-17:17; multiplier=0.61,tower_synthetic_fy2025_trend_v1,synthetic,initiative_budget,FC-AI-016-17,,Synthetic FY2025 trend baseline for demo trend views. Not client-attested; replace with client actuals when provided.
first-capital-financial,derived/tower_financial_amounts_fy2025_trend.csv,112,FC-AI-017-18-FY2025-29a4de2712,FC-AI-017 FY2025 trend baseline,initiative_budget,none,actual,fy25,1708000,,,synthetic_backcast_from_fy26:FC-AI-017-18:18; multiplier=0.61,tower_synthetic_fy2025_trend_v1,synthetic,initiative_budget,FC-AI-017-18,,Synthetic FY2025 trend baseline for demo trend views. Not client-attested; replace with client actuals when provided.
first-capital-financial,derived/tower_financial_amounts_fy2025_trend.csv,113,FC-AI-017-18-FY2025-346e15669f,FC-AI-017 FY2025 trend baseline,initiative_budget,none,baseline,fy25,878000,,,synthetic_backcast_from_fy26:FC-AI-017-18:18; multiplier=0.61,tower_synthetic_fy2025_trend_v1,synthetic,initiative_budget,FC-AI-017-18,,Synthetic FY2025 trend baseline for demo trend views. Not client-attested; replace with client actuals when provided.
first-capital-financial,derived/tower_financial_amounts_fy2025_trend.csv,114,FC-AI-018-19-FY2025-2f9c95d2cb,FC-AI-018 FY2025 trend baseline,initiative_budget,none,actual,fy25,2928000,,,synthetic_backcast_from_fy26:FC-AI-018-19:19; multiplier=0.61,tower_synthetic_fy2025_trend_v1,synthetic,initiative_budget,FC-AI-018-19,,Synthetic FY2025 trend baseline for demo trend views. Not client-attested; replace with client actuals when provided.
first-capital-financial,derived/tower_financial_amounts_fy2025_trend.csv,115,FC-AI-018-19-FY2025-b9d15191ef,FC-AI-018 FY2025 trend baseline,initiative_budget,none,baseline,fy25,1480000,,,synthetic_backcast_from_fy26:FC-AI-018-19:19; multiplier=0.61,tower_synthetic_fy2025_trend_v1,synthetic,initiative_budget,FC-AI-018-19,,Synthetic FY2025 trend baseline for demo trend views. Not client-attested; replace with client actuals when provided.
first-capital-financial,derived/tower_financial_amounts_fy2025_trend.csv,116,FC-AI-019-20-FY2025-0f576b4703,FC-AI-019 FY2025 trend baseline,initiative_budget,none,actual,fy25,915000,,,synthetic_backcast_from_fy26:FC-AI-019-20:20; multiplier=0.61,tower_synthetic_fy2025_trend_v1,synthetic,initiative_budget,FC-AI-019-20,,Synthetic FY2025 trend baseline for demo trend views. Not client-attested; replace with client actuals when provided.
first-capital-financial,derived/tower_financial_amounts_fy2025_trend.csv,117,FC-AI-019-20-FY2025-4ea8ad1941,FC-AI-019 FY2025 trend baseline,initiative_budget,none,baseline,fy25,335000,,,synthetic_backcast_from_fy26:FC-AI-019-20:20; multiplier=0.61,tower_synthetic_fy2025_trend_v1,synthetic,initiative_budget,FC-AI-019-20,,Synthetic FY2025 trend baseline for demo trend views. Not client-attested; replace with client actuals when provided.
first-capital-financial,derived/tower_financial_amounts_fy2025_trend.csv,118,FC-AI-020-21-FY2025-def1f8ac7a,FC-AI-020 FY2025 trend baseline,initiative_budget,none,actual,fy25,3294000,,,synthetic_backcast_from_fy26:FC-AI-020-21:21; multiplier=0.61,tower_synthetic_fy2025_trend_v1,synthetic,initiative_budget,FC-AI-020-21,,Synthetic FY2025 trend baseline for demo trend views. Not client-attested; replace with client actuals when provided.
first-capital-financial,derived/tower_financial_amounts_fy2025_trend.csv,119,FC-AI-020-21-FY2025-ec30ec6123,FC-AI-020 FY2025 trend baseline,initiative_budget,none,baseline,fy25,1096000,,,synthetic_backcast_from_fy26:FC-AI-020-21:21; multiplier=0.61,tower_synthetic_fy2025_trend_v1,synthetic,initiative_budget,FC-AI-020-21,,Synthetic FY2025 trend baseline for demo trend views. Not client-attested; replace with client actuals when provided.
first-capital-financial,derived/tower_financial_amounts_fy2025_trend.csv,120,FC-AI-021-22-FY2025-6035b0fba5,FC-AI-021 FY2025 trend baseline,initiative_budget,none,actual,fy25,3172000,,,synthetic_backcast_from_fy26:FC-AI-021-22:22; multiplier=0.61,tower_synthetic_fy2025_trend_v1,synthetic,initiative_budget,FC-AI-021-22,,Synthetic FY2025 trend baseline for demo trend views. Not client-attested; replace with client actuals when provided.
first-capital-financial,derived/tower_financial_amounts_fy2025_trend.csv,121,FC-AI-021-22-FY2025-20ef031eec,FC-AI-021 FY2025 trend baseline,initiative_budget,none,baseline,fy25,1617000,,,synthetic_backcast_from_fy26:FC-AI-021-22:22; multiplier=0.61,tower_synthetic_fy2025_trend_v1,synthetic,initiative_budget,FC-AI-021-22,,Synthetic FY2025 trend baseline for demo trend views. Not client-attested; replace with client actuals when provided.
first-capital-financial,derived/tower_financial_amounts_fy2025_trend.csv,122,FC-AI-022-23-FY2025-28b22983e3,FC-AI-022 FY2025 trend baseline,initiative_budget,none,actual,fy25,3416000,,,synthetic_backcast_from_fy26:FC-AI-022-23:23; multiplier=0.61,tower_synthetic_fy2025_trend_v1,synthetic,initiative_budget,FC-AI-022-23,,Synthetic FY2025 trend baseline for demo trend views. Not client-attested; replace with client actuals when provided.
first-capital-financial,derived/tower_financial_amounts_fy2025_trend.csv,123,FC-AI-022-23-FY2025-9b4cbb9e47,FC-AI-022 FY2025 trend baseline,initiative_budget,none,baseline,fy25,2224000,,,synthetic_backcast_from_fy26:FC-AI-022-23:23; multiplier=0.61,tower_synthetic_fy2025_trend_v1,synthetic,initiative_budget,FC-AI-022-23,,Synthetic FY2025 trend baseline for demo trend views. Not client-attested; replace with client actuals when provided.
first-capital-financial,derived/tower_financial_amounts_fy2025_trend.csv,124,FC-AI-023-24-FY2025-7d9c2e2566,FC-AI-023 FY2025 trend baseline,initiative_budget,none,actual,fy25,1037000,,,synthetic_backcast_from_fy26:FC-AI-023-24:24; multiplier=0.61,tower_synthetic_fy2025_trend_v1,synthetic,initiative_budget,FC-AI-023-24,,Synthetic FY2025 trend baseline for demo trend views. Not client-attested; replace with client actuals when provided.
first-capital-financial,derived/tower_financial_amounts_fy2025_trend.csv,125,FC-AI-023-24-FY2025-4d63b46733,FC-AI-023 FY2025 trend baseline,initiative_budget,none,baseline,fy25,696000,,,synthetic_backcast_from_fy26:FC-AI-023-24:24; multiplier=0.61,tower_synthetic_fy2025_trend_v1,synthetic,initiative_budget,FC-AI-023-24,,Synthetic FY2025 trend baseline for demo trend views. Not client-attested; replace with client actuals when provided.
first-capital-financial,derived/tower_financial_amounts_fy2025_trend.csv,126,FC-AI-024-25-FY2025-5e87275dbc,FC-AI-024 FY2025 trend baseline,initiative_budget,none,actual,fy25,1769000,,,synthetic_backcast_from_fy26:FC-AI-024-25:25; multiplier=0.61,tower_synthetic_fy2025_trend_v1,synthetic,initiative_budget,FC-AI-024-25,,Synthetic FY2025 trend baseline for demo trend views. Not client-attested; replace with client actuals when provided.
first-capital-financial,derived/tower_financial_amounts_fy2025_trend.csv,127,FC-AI-024-25-FY2025-1e72709064,FC-AI-024 FY2025 trend baseline,initiative_budget,none,baseline,fy25,723000,,,synthetic_backcast_from_fy26:FC-AI-024-25:25; multiplier=0.61,tower_synthetic_fy2025_trend_v1,synthetic,initiative_budget,FC-AI-024-25,,Synthetic FY2025 trend baseline for demo trend views. Not client-attested; replace with client actuals when provided.
first-capital-financial,derived/tower_financial_amounts_fy2025_trend.csv,128,FC-AI-025-26-FY2025-dcb7ae2506,FC-AI-025 FY2025 trend baseline,initiative_budget,none,actual,fy25,793000,,,synthetic_backcast_from_fy26:FC-AI-025-26:26; multiplier=0.61,tower_synthetic_fy2025_trend_v1,synthetic,initiative_budget,FC-AI-025-26,,Synthetic FY2025 trend baseline for demo trend views. Not client-attested; replace with client actuals when provided.
first-capital-financial,derived/tower_financial_amounts_fy2025_trend.csv,129,FC-AI-025-26-FY2025-821d816dc5,FC-AI-025 FY2025 trend baseline,initiative_budget,none,baseline,fy25,526000,,,synthetic_backcast_from_fy26:FC-AI-025-26:26; multiplier=0.61,tower_synthetic_fy2025_trend_v1,synthetic,initiative_budget,FC-AI-025-26,,Synthetic FY2025 trend baseline for demo trend views. Not client-attested; replace with client actuals when provided.
first-capital-financial,derived/tower_financial_amounts_fy2025_trend.csv,130,FC-AI-026-27-FY2025-b7eb9e1635,FC-AI-026 FY2025 trend baseline,initiative_budget,none,actual,fy25,2196000,,,synthetic_backcast_from_fy26:FC-AI-026-27:27; multiplier=0.61,tower_synthetic_fy2025_trend_v1,synthetic,initiative_budget,FC-AI-026-27,,Synthetic FY2025 trend baseline for demo trend views. Not client-attested; replace with client actuals when provided.
first-capital-financial,derived/tower_financial_amounts_fy2025_trend.csv,131,FC-AI-026-27-FY2025-dc86147388,FC-AI-026 FY2025 trend baseline,initiative_budget,none,baseline,fy25,1406000,,,synthetic_backcast_from_fy26:FC-AI-026-27:27; multiplier=0.61,tower_synthetic_fy2025_trend_v1,synthetic,initiative_budget,FC-AI-026-27,,Synthetic FY2025 trend baseline for demo trend views. Not client-attested; replace with client actuals when provided.
first-capital-financial,derived/tower_financial_amounts_fy2025_trend.csv,132,FC-AI-027-28-FY2025-5e166ab7dd,FC-AI-027 FY2025 trend baseline,initiative_budget,none,actual,fy25,488000,,,synthetic_backcast_from_fy26:FC-AI-027-28:28; multiplier=0.61,tower_synthetic_fy2025_trend_v1,synthetic,initiative_budget,FC-AI-027-28,,Synthetic FY2025 trend baseline for demo trend views. Not client-attested; replace with client actuals when provided.
first-capital-financial,derived/tower_financial_amounts_fy2025_trend.csv,133,FC-AI-027-28-FY2025-6592ef1cdc,FC-AI-027 FY2025 trend baseline,initiative_budget,none,baseline,fy25,235000,,,synthetic_backcast_from_fy26:FC-AI-027-28:28; multiplier=0.61,tower_synthetic_fy2025_trend_v1,synthetic,initiative_budget,FC-AI-027-28,,Synthetic FY2025 trend baseline for demo trend views. Not client-attested; replace with client actuals when provided.
first-capital-financial,derived/tower_financial_amounts_fy2025_trend.csv,134,FC-AI-028-29-FY2025-7521cc51ba,FC-AI-028 FY2025 trend baseline,initiative_budget,none,actual,fy25,1281000,,,synthetic_backcast_from_fy26:FC-AI-028-29:29; multiplier=0.61,tower_synthetic_fy2025_trend_v1,synthetic,initiative_budget,FC-AI-028-29,,Synthetic FY2025 trend baseline for demo trend views. Not client-attested; replace with client actuals when provided.
first-capital-financial,derived/tower_financial_amounts_fy2025_trend.csv,135,FC-AI-028-29-FY2025-5dd827af70,FC-AI-028 FY2025 trend baseline,initiative_budget,none,baseline,fy25,532000,,,synthetic_backcast_from_fy26:FC-AI-028-29:29; multiplier=0.61,tower_synthetic_fy2025_trend_v1,synthetic,initiative_budget,FC-AI-028-29,,Synthetic FY2025 trend baseline for demo trend views. Not client-attested; replace with client actuals when provided.
first-capital-financial,derived/tower_financial_amounts_fy2025_trend.csv,136,FC-AI-029-30-FY2025-55ccafc9b1,FC-AI-029 FY2025 trend baseline,initiative_budget,none,actual,fy25,610000,,,synthetic_backcast_from_fy26:FC-AI-029-30:30; multiplier=0.61,tower_synthetic_fy2025_trend_v1,synthetic,initiative_budget,FC-AI-029-30,,Synthetic FY2025 trend baseline for demo trend views. Not client-attested; replace with client actuals when provided.
first-capital-financial,derived/tower_financial_amounts_fy2025_trend.csv,137,FC-AI-029-30-FY2025-335e66365f,FC-AI-029 FY2025 trend baseline,initiative_budget,none,baseline,fy25,340000,,,synthetic_backcast_from_fy26:FC-AI-029-30:30; multiplier=0.61,tower_synthetic_fy2025_trend_v1,synthetic,initiative_budget,FC-AI-029-30,,Synthetic FY2025 trend baseline for demo trend views. Not client-attested; replace with client actuals when provided.
first-capital-financial,derived/tower_financial_amounts_fy2025_trend.csv,138,FC-AI-030-31-FY2025-1b6bf62df1,FC-AI-030 FY2025 trend baseline,initiative_budget,none,actual,fy25,2440000,,,synthetic_backcast_from_fy26:FC-AI-030-31:31; multiplier=0.61,tower_synthetic_fy2025_trend_v1,synthetic,initiative_budget,FC-AI-030-31,,Synthetic FY2025 trend baseline for demo trend views. Not client-attested; replace with client actuals when provided.
first-capital-financial,derived/tower_financial_amounts_fy2025_trend.csv,139,FC-AI-030-31-FY2025-3de8c39294,FC-AI-030 FY2025 trend baseline,initiative_budget,none,baseline,fy25,1654000,,,synthetic_backcast_from_fy26:FC-AI-030-31:31; multiplier=0.61,tower_synthetic_fy2025_trend_v1,synthetic,initiative_budget,FC-AI-030-31,,Synthetic FY2025 trend baseline for demo trend views. Not client-attested; replace with client actuals when provided.
first-capital-financial,derived/tower_financial_amounts_fy2025_trend.csv,140,FC-AI-031-32-FY2025-8c2f9b9311,FC-AI-031 FY2025 trend baseline,initiative_budget,none,actual,fy25,1525000,,,synthetic_backcast_from_fy26:FC-AI-031-32:32; multiplier=0.61,tower_synthetic_fy2025_trend_v1,synthetic,initiative_budget,FC-AI-031-32,,Synthetic FY2025 trend baseline for demo trend views. Not client-attested; replace with client actuals when provided.
first-capital-financial,derived/tower_financial_amounts_fy2025_trend.csv,141,FC-AI-031-32-FY2025-253e6357aa,FC-AI-031 FY2025 trend baseline,initiative_budget,none,baseline,fy25,620000,,,synthetic_backcast_from_fy26:FC-AI-031-32:32; multiplier=0.61,tower_synthetic_fy2025_trend_v1,synthetic,initiative_budget,FC-AI-031-32,,Synthetic FY2025 trend baseline for demo trend views. Not client-attested; replace with client actuals when provided.
first-capital-financial,derived/tower_financial_amounts_fy2025_trend.csv,142,FC-AI-032-33-FY2025-4e9433ec4a,FC-AI-032 FY2025 trend baseline,initiative_budget,none,actual,fy25,1464000,,,synthetic_backcast_from_fy26:FC-AI-032-33:33; multiplier=0.61,tower_synthetic_fy2025_trend_v1,synthetic,initiative_budget,FC-AI-032-33,,Synthetic FY2025 trend baseline for demo trend views. Not client-attested; replace with client actuals when provided.
first-capital-financial,derived/tower_financial_amounts_fy2025_trend.csv,143,FC-AI-032-33-FY2025-33cb5476ef,FC-AI-032 FY2025 trend baseline,initiative_budget,none,baseline,fy25,593000,,,synthetic_backcast_from_fy26:FC-AI-032-33:33; multiplier=0.61,tower_synthetic_fy2025_trend_v1,synthetic,initiative_budget,FC-AI-032-33,,Synthetic FY2025 trend baseline for demo trend views. Not client-attested; replace with client actuals when provided.
first-capital-financial,derived/tower_financial_amounts_fy2025_trend.csv,144,FC-AI-033-34-FY2025-7259b59af5,FC-AI-033 FY2025 trend baseline,initiative_budget,none,actual,fy25,3355000,,,synthetic_backcast_from_fy26:FC-AI-033-34:34; multiplier=0.61,tower_synthetic_fy2025_trend_v1,synthetic,initiative_budget,FC-AI-033-34,,Synthetic FY2025 trend baseline for demo trend views. Not client-attested; replace with client actuals when provided.
first-capital-financial,derived/tower_financial_amounts_fy2025_trend.csv,145,FC-AI-033-34-FY2025-c1c6427094,FC-AI-033 FY2025 trend baseline,initiative_budget,none,baseline,fy25,2204000,,,synthetic_backcast_from_fy26:FC-AI-033-34:34; multiplier=0.61,tower_synthetic_fy2025_trend_v1,synthetic,initiative_budget,FC-AI-033-34,,Synthetic FY2025 trend baseline for demo trend views. Not client-attested; replace with client actuals when provided.
first-capital-financial,derived/tower_financial_amounts_fy2025_trend.csv,146,FC-AI-034-35-FY2025-214f54195a,FC-AI-034 FY2025 trend baseline,initiative_budget,none,actual,fy25,3599000,,,synthetic_backcast_from_fy26:FC-AI-034-35:35; multiplier=0.61,tower_synthetic_fy2025_trend_v1,synthetic,initiative_budget,FC-AI-034-35,,Synthetic FY2025 trend baseline for demo trend views. Not client-attested; replace with client actuals when provided.
first-capital-financial,derived/tower_financial_amounts_fy2025_trend.csv,147,FC-AI-034-35-FY2025-8b7a44a4ab,FC-AI-034 FY2025 trend baseline,initiative_budget,none,baseline,fy25,2021000,,,synthetic_backcast_from_fy26:FC-AI-034-35:35; multiplier=0.61,tower_synthetic_fy2025_trend_v1,synthetic,initiative_budget,FC-AI-034-35,,Synthetic FY2025 trend baseline for demo trend views. Not client-attested; replace with client actuals when provided.
first-capital-financial,derived/tower_financial_amounts_fy2025_trend.csv,148,FC-AI-035-36-FY2025-c42f37657a,FC-AI-035 FY2025 trend baseline,initiative_budget,none,actual,fy25,1342000,,,synthetic_backcast_from_fy26:FC-AI-035-36:36; multiplier=0.61,tower_synthetic_fy2025_trend_v1,synthetic,initiative_budget,FC-AI-035-36,,Synthetic FY2025 trend baseline for demo trend views. Not client-attested; replace with client actuals when provided.
first-capital-financial,derived/tower_financial_amounts_fy2025_trend.csv,149,FC-AI-035-36-FY2025-bf1d57a661,FC-AI-035 FY2025 trend baseline,initiative_budget,none,baseline,fy25,448000,,,synthetic_backcast_from_fy26:FC-AI-035-36:36; multiplier=0.61,tower_synthetic_fy2025_trend_v1,synthetic,initiative_budget,FC-AI-035-36,,Synthetic FY2025 trend baseline for demo trend views. Not client-attested; replace with client actuals when provided.
first-capital-financial,derived/tower_financial_amounts_fy2025_trend.csv,150,FC-AI-036-37-FY2025-739fa0c9c6,FC-AI-036 FY2025 trend baseline,initiative_budget,none,actual,fy25,854000,,,synthetic_backcast_from_fy26:FC-AI-036-37:37; multiplier=0.61,tower_synthetic_fy2025_trend_v1,synthetic,initiative_budget,FC-AI-036-37,,Synthetic FY2025 trend baseline for demo trend views. Not client-attested; replace with client actuals when provided.
first-capital-financial,derived/tower_financial_amounts_fy2025_trend.csv,151,FC-AI-036-37-FY2025-65d4f416fc,FC-AI-036 FY2025 trend baseline,initiative_budget,none,baseline,fy25,363000,,,synthetic_backcast_from_fy26:FC-AI-036-37:37; multiplier=0.61,tower_synthetic_fy2025_trend_v1,synthetic,initiative_budget,FC-AI-036-37,,Synthetic FY2025 trend baseline for demo trend views. Not client-attested; replace with client actuals when provided.
first-capital-financial,derived/tower_financial_amounts_fy2025_trend.csv,152,FC-AI-037-38-FY2025-c810609632,FC-AI-037 FY2025 trend baseline,initiative_budget,none,actual,fy25,1220000,,,synthetic_backcast_from_fy26:FC-AI-037-38:38; multiplier=0.61,tower_synthetic_fy2025_trend_v1,synthetic,initiative_budget,FC-AI-037-38,,Synthetic FY2025 trend baseline for demo trend views. Not client-attested; replace with client actuals when provided.
first-capital-financial,derived/tower_financial_amounts_fy2025_trend.csv,153,FC-AI-037-38-FY2025-1556aeaffe,FC-AI-037 FY2025 trend baseline,initiative_budget,none,baseline,fy25,697000,,,synthetic_backcast_from_fy26:FC-AI-037-38:38; multiplier=0.61,tower_synthetic_fy2025_trend_v1,synthetic,initiative_budget,FC-AI-037-38,,Synthetic FY2025 trend baseline for demo trend views. Not client-attested; replace with client actuals when provided.
first-capital-financial,derived/tower_financial_amounts_fy2025_trend.csv,154,FC-AI-038-39-FY2025-758581118e,FC-AI-038 FY2025 trend baseline,initiative_budget,none,actual,fy25,1098000,,,synthetic_backcast_from_fy26:FC-AI-038-39:39; multiplier=0.61,tower_synthetic_fy2025_trend_v1,synthetic,initiative_budget,FC-AI-038-39,,Synthetic FY2025 trend baseline for demo trend views. Not client-attested; replace with client actuals when provided.
first-capital-financial,derived/tower_financial_amounts_fy2025_trend.csv,155,FC-AI-038-39-FY2025-be6f8694e4,FC-AI-038 FY2025 trend baseline,initiative_budget,none,baseline,fy25,650000,,,synthetic_backcast_from_fy26:FC-AI-038-39:39; multiplier=0.61,tower_synthetic_fy2025_trend_v1,synthetic,initiative_budget,FC-AI-038-39,,Synthetic FY2025 trend baseline for demo trend views. Not client-attested; replace with client actuals when provided.
first-capital-financial,derived/tower_financial_amounts_fy2025_trend.csv,156,FC-AI-039-40-FY2025-fa93f118f9,FC-AI-039 FY2025 trend baseline,initiative_budget,none,actual,fy25,3355000,,,synthetic_backcast_from_fy26:FC-AI-039-40:40; multiplier=0.61,tower_synthetic_fy2025_trend_v1,synthetic,initiative_budget,FC-AI-039-40,,Synthetic FY2025 trend baseline for demo trend views. Not client-attested; replace with client actuals when provided.
first-capital-financial,derived/tower_financial_amounts_fy2025_trend.csv,157,FC-AI-039-40-FY2025-eff9f64191,FC-AI-039 FY2025 trend baseline,initiative_budget,none,baseline,fy25,1228000,,,synthetic_backcast_from_fy26:FC-AI-039-40:40; multiplier=0.61,tower_synthetic_fy2025_trend_v1,synthetic,initiative_budget,FC-AI-039-40,,Synthetic FY2025 trend baseline for demo trend views. Not client-attested; replace with client actuals when provided.
first-capital-financial,derived/tower_financial_amounts_fy2025_trend.csv,158,FC-AI-040-41-FY2025-2c5e8d6a0f,FC-AI-040 FY2025 trend baseline,initiative_budget,none,actual,fy25,3172000,,,synthetic_backcast_from_fy26:FC-AI-040-41:41; multiplier=0.61,tower_synthetic_fy2025_trend_v1,synthetic,initiative_budget,FC-AI-040-41,,Synthetic FY2025 trend baseline for demo trend views. Not client-attested; replace with client actuals when provided.
first-capital-financial,derived/tower_financial_amounts_fy2025_trend.csv,159,FC-AI-040-41-FY2025-d1ec04a03e,FC-AI-040 FY2025 trend baseline,initiative_budget,none,baseline,fy25,1124000,,,synthetic_backcast_from_fy26:FC-AI-040-41:41; multiplier=0.61,tower_synthetic_fy2025_trend_v1,synthetic,initiative_budget,FC-AI-040-41,,Synthetic FY2025 trend baseline for demo trend views. Not client-attested; replace with client actuals when provided.
first-capital-financial,derived/tower_financial_amounts_fy2025_trend.csv,160,FC-AI-041-42-FY2025-721673b713,FC-AI-041 FY2025 trend baseline,initiative_budget,none,actual,fy25,3477000,,,synthetic_backcast_from_fy26:FC-AI-041-42:42; multiplier=0.61,tower_synthetic_fy2025_trend_v1,synthetic,initiative_budget,FC-AI-041-42,,Synthetic FY2025 trend baseline for demo trend views. Not client-attested; replace with client actuals when provided.
first-capital-financial,derived/tower_financial_amounts_fy2025_trend.csv,161,FC-AI-041-42-FY2025-cc2b545947,FC-AI-041 FY2025 trend baseline,initiative_budget,none,baseline,fy25,1891000,,,synthetic_backcast_from_fy26:FC-AI-041-42:42; multiplier=0.61,tower_synthetic_fy2025_trend_v1,synthetic,initiative_budget,FC-AI-041-42,,Synthetic FY2025 trend baseline for demo trend views. Not client-attested; replace with client actuals when provided.
first-capital-financial,derived/tower_financial_amounts_fy2025_trend.csv,162,FC-AI-042-43-FY2025-56d685dbb7,FC-AI-042 FY2025 trend baseline,initiative_budget,none,actual,fy25,3416000,,,synthetic_backcast_from_fy26:FC-AI-042-43:43; multiplier=0.61,tower_synthetic_fy2025_trend_v1,synthetic,initiative_budget,FC-AI-042-43,,Synthetic FY2025 trend baseline for demo trend views. Not client-attested; replace with client actuals when provided.
first-capital-financial,derived/tower_financial_amounts_fy2025_trend.csv,163,FC-AI-042-43-FY2025-ec3c9469b2,FC-AI-042 FY2025 trend baseline,initiative_budget,none,baseline,fy25,2164000,,,synthetic_backcast_from_fy26:FC-AI-042-43:43; multiplier=0.61,tower_synthetic_fy2025_trend_v1,synthetic,initiative_budget,FC-AI-042-43,,Synthetic FY2025 trend baseline for demo trend views. Not client-attested; replace with client actuals when provided.
first-capital-financial,derived/tower_financial_amounts_fy2025_trend.csv,164,FC-BUD-001-FY2025-ce208d3b53,Office of the CIO FY2025 trend baseline,it_budget,none,actual,fy25,60480000,,,synthetic_backcast_from_fy26:FC-BUD-001:2; multiplier=0.945,tower_synthetic_fy2025_trend_v1,synthetic,it_budget,FC-BUD-001,,Synthetic FY2025 trend baseline for demo trend views. Not client-attested; replace with client actuals when provided.
first-capital-financial,derived/tower_financial_amounts_fy2025_trend.csv,165,FC-BUD-001-FY2025-b7a3d4051f,Office of the CIO FY2025 trend baseline,it_budget,run,actual,fy25,37498000,it_budget,FC-BUD-001,synthetic_backcast_from_fy26:FC-BUD-001:2; multiplier=0.945,tower_synthetic_fy2025_trend_v1,synthetic,it_budget,FC-BUD-001,64000000,Synthetic FY2025 trend baseline for demo trend views. Not client-attested; replace with client actuals when provided.
first-capital-financial,derived/tower_financial_amounts_fy2025_trend.csv,166,FC-BUD-001-FY2025-df3128ea8f,Office of the CIO FY2025 trend baseline,it_budget,change,actual,fy25,22982000,it_budget,FC-BUD-001,synthetic_backcast_from_fy26:FC-BUD-001:2; multiplier=0.945,tower_synthetic_fy2025_trend_v1,synthetic,it_budget,FC-BUD-001,64000000,Synthetic FY2025 trend baseline for demo trend views. Not client-attested; replace with client actuals when provided.
first-capital-financial,derived/tower_financial_amounts_fy2025_trend.csv,167,FC-BUD-001-FY2025-4d7b26db2c,Office of the CIO FY2025 trend baseline,it_budget,capex,actual,fy25,18144000,it_budget,FC-BUD-001,synthetic_backcast_from_fy26:FC-BUD-001:2; multiplier=0.945,tower_synthetic_fy2025_trend_v1,synthetic,it_budget,FC-BUD-001,64000000,Synthetic FY2025 trend baseline for demo trend views. Not client-attested; replace with client actuals when provided.
first-capital-financial,derived/tower_financial_amounts_fy2025_trend.csv,168,FC-BUD-001-FY2025-630c46f6f6,Office of the CIO FY2025 trend baseline,it_budget,opex,actual,fy25,42336000,it_budget,FC-BUD-001,synthetic_backcast_from_fy26:FC-BUD-001:2; multiplier=0.945,tower_synthetic_fy2025_trend_v1,synthetic,it_budget,FC-BUD-001,64000000,Synthetic FY2025 trend baseline for demo trend views. Not client-attested; replace with client actuals when provided.
first-capital-financial,derived/tower_financial_amounts_fy2025_trend.csv,169,FC-BUD-002-FY2025-a90f9ba9f2,Core Banking Platforms FY2025 trend baseline,it_budget,none,actual,fy25,294840000,,,synthetic_backcast_from_fy26:FC-BUD-002:3; multiplier=0.945,tower_synthetic_fy2025_trend_v1,synthetic,it_budget,FC-BUD-002,,Synthetic FY2025 trend baseline for demo trend views. Not client-attested; replace with client actuals when provided.
first-capital-financial,derived/tower_financial_amounts_fy2025_trend.csv,170,FC-BUD-002-FY2025-6e6afd9210,Core Banking Platforms FY2025 trend baseline,it_budget,run,actual,fy25,182801000,it_budget,FC-BUD-002,synthetic_backcast_from_fy26:FC-BUD-002:3; multiplier=0.945,tower_synthetic_fy2025_trend_v1,synthetic,it_budget,FC-BUD-002,312000000,Synthetic FY2025 trend baseline for demo trend views. Not client-attested; replace with client actuals when provided.
first-capital-financial,derived/tower_financial_amounts_fy2025_trend.csv,171,FC-BUD-002-FY2025-af0412b8e6,Core Banking Platforms FY2025 trend baseline,it_budget,change,actual,fy25,112039000,it_budget,FC-BUD-002,synthetic_backcast_from_fy26:FC-BUD-002:3; multiplier=0.945,tower_synthetic_fy2025_trend_v1,synthetic,it_budget,FC-BUD-002,312000000,Synthetic FY2025 trend baseline for demo trend views. Not client-attested; replace with client actuals when provided.
first-capital-financial,derived/tower_financial_amounts_fy2025_trend.csv,172,FC-BUD-002-FY2025-0b41aa155e,Core Banking Platforms FY2025 trend baseline,it_budget,capex,actual,fy25,103194000,it_budget,FC-BUD-002,synthetic_backcast_from_fy26:FC-BUD-002:3; multiplier=0.945,tower_synthetic_fy2025_trend_v1,synthetic,it_budget,FC-BUD-002,312000000,Synthetic FY2025 trend baseline for demo trend views. Not client-attested; replace with client actuals when provided.
first-capital-financial,derived/tower_financial_amounts_fy2025_trend.csv,173,FC-BUD-002-FY2025-203c6dd09d,Core Banking Platforms FY2025 trend baseline,it_budget,opex,actual,fy25,191646000,it_budget,FC-BUD-002,synthetic_backcast_from_fy26:FC-BUD-002:3; multiplier=0.945,tower_synthetic_fy2025_trend_v1,synthetic,it_budget,FC-BUD-002,312000000,Synthetic FY2025 trend baseline for demo trend views. Not client-attested; replace with client actuals when provided.
first-capital-financial,derived/tower_financial_amounts_fy2025_trend.csv,174,FC-BUD-003-FY2025-31f716331f,Cards & Payments Technology FY2025 trend baseline,it_budget,none,actual,fy25,253260000,,,synthetic_backcast_from_fy26:FC-BUD-003:4; multiplier=0.945,tower_synthetic_fy2025_trend_v1,synthetic,it_budget,FC-BUD-003,,Synthetic FY2025 trend baseline for demo trend views. Not client-attested; replace with client actuals when provided.
first-capital-financial,derived/tower_financial_amounts_fy2025_trend.csv,175,FC-BUD-003-FY2025-7a4bed55a5,Cards & Payments Technology FY2025 trend baseline,it_budget,run,actual,fy25,157021000,it_budget,FC-BUD-003,synthetic_backcast_from_fy26:FC-BUD-003:4; multiplier=0.945,tower_synthetic_fy2025_trend_v1,synthetic,it_budget,FC-BUD-003,268000000,Synthetic FY2025 trend baseline for demo trend views. Not client-attested; replace with client actuals when provided.
first-capital-financial,derived/tower_financial_amounts_fy2025_trend.csv,176,FC-BUD-003-FY2025-eceee4b6f2,Cards & Payments Technology FY2025 trend baseline,it_budget,change,actual,fy25,96239000,it_budget,FC-BUD-003,synthetic_backcast_from_fy26:FC-BUD-003:4; multiplier=0.945,tower_synthetic_fy2025_trend_v1,synthetic,it_budget,FC-BUD-003,268000000,Synthetic FY2025 trend baseline for demo trend views. Not client-attested; replace with client actuals when provided.
first-capital-financial,derived/tower_financial_amounts_fy2025_trend.csv,177,FC-BUD-003-FY2025-8cb0125471,Cards & Payments Technology FY2025 trend baseline,it_budget,capex,actual,fy25,75978000,it_budget,FC-BUD-003,synthetic_backcast_from_fy26:FC-BUD-003:4; multiplier=0.945,tower_synthetic_fy2025_trend_v1,synthetic,it_budget,FC-BUD-003,268000000,Synthetic FY2025 trend baseline for demo trend views. Not client-attested; replace with client actuals when provided.
first-capital-financial,derived/tower_financial_amounts_fy2025_trend.csv,178,FC-BUD-003-FY2025-245f04d3e9,Cards & Payments Technology FY2025 trend baseline,it_budget,opex,actual,fy25,177282000,it_budget,FC-BUD-003,synthetic_backcast_from_fy26:FC-BUD-003:4; multiplier=0.945,tower_synthetic_fy2025_trend_v1,synthetic,it_budget,FC-BUD-003,268000000,Synthetic FY2025 trend baseline for demo trend views. Not client-attested; replace with client actuals when provided.
first-capital-financial,derived/tower_financial_amounts_fy2025_trend.csv,179,FC-BUD-004-FY2025-abc2164cbf,Channels & Digital Engineering FY2025 trend baseline,it_budget,none,actual,fy25,185220000,,,synthetic_backcast_from_fy26:FC-BUD-004:5; multiplier=0.945,tower_synthetic_fy2025_trend_v1,synthetic,it_budget,FC-BUD-004,,Synthetic FY2025 trend baseline for demo trend views. Not client-attested; replace with client actuals when provided.
first-capital-financial,derived/tower_financial_amounts_fy2025_trend.csv,180,FC-BUD-004-FY2025-7ca0d63387,Channels & Digital Engineering FY2025 trend baseline,it_budget,run,actual,fy25,114836000,it_budget,FC-BUD-004,synthetic_backcast_from_fy26:FC-BUD-004:5; multiplier=0.945,tower_synthetic_fy2025_trend_v1,synthetic,it_budget,FC-BUD-004,196000000,Synthetic FY2025 trend baseline for demo trend views. Not client-attested; replace with client actuals when provided.
first-capital-financial,derived/tower_financial_amounts_fy2025_trend.csv,181,FC-BUD-004-FY2025-d520b2579a,Channels & Digital Engineering FY2025 trend baseline,it_budget,change,actual,fy25,70384000,it_budget,FC-BUD-004,synthetic_backcast_from_fy26:FC-BUD-004:5; multiplier=0.945,tower_synthetic_fy2025_trend_v1,synthetic,it_budget,FC-BUD-004,196000000,Synthetic FY2025 trend baseline for demo trend views. Not client-attested; replace with client actuals when provided.
first-capital-financial,derived/tower_financial_amounts_fy2025_trend.csv,182,FC-BUD-004-FY2025-52bc121310,Channels & Digital Engineering FY2025 trend baseline,it_budget,capex,actual,fy25,77792000,it_budget,FC-BUD-004,synthetic_backcast_from_fy26:FC-BUD-004:5; multiplier=0.945,tower_synthetic_fy2025_trend_v1,synthetic,it_budget,FC-BUD-004,196000000,Synthetic FY2025 trend baseline for demo trend views. Not client-attested; replace with client actuals when provided.
first-capital-financial,derived/tower_financial_amounts_fy2025_trend.csv,183,FC-BUD-004-FY2025-b630b16a7e,Channels & Digital Engineering FY2025 trend baseline,it_budget,opex,actual,fy25,107428000,it_budget,FC-BUD-004,synthetic_backcast_from_fy26:FC-BUD-004:5; multiplier=0.945,tower_synthetic_fy2025_trend_v1,synthetic,it_budget,FC-BUD-004,196000000,Synthetic FY2025 trend baseline for demo trend views. Not client-attested; replace with client actuals when provided.
first-capital-financial,derived/tower_financial_amounts_fy2025_trend.csv,184,FC-BUD-005-FY2025-742a5a4146,Data Platform & AI Engineering FY2025 trend baseline,it_budget,none,actual,fy25,177660000,,,synthetic_backcast_from_fy26:FC-BUD-005:6; multiplier=0.945,tower_synthetic_fy2025_trend_v1,synthetic,it_budget,FC-BUD-005,,Synthetic FY2025 trend baseline for demo trend views. Not client-attested; replace with client actuals when provided.
first-capital-financial,derived/tower_financial_amounts_fy2025_trend.csv,185,FC-BUD-005-FY2025-1fba91503e,Data Platform & AI Engineering FY2025 trend baseline,it_budget,run,actual,fy25,110149000,it_budget,FC-BUD-005,synthetic_backcast_from_fy26:FC-BUD-005:6; multiplier=0.945,tower_synthetic_fy2025_trend_v1,synthetic,it_budget,FC-BUD-005,188000000,Synthetic FY2025 trend baseline for demo trend views. Not client-attested; replace with client actuals when provided.
first-capital-financial,derived/tower_financial_amounts_fy2025_trend.csv,186,FC-BUD-005-FY2025-2f0b93a068,Data Platform & AI Engineering FY2025 trend baseline,it_budget,change,actual,fy25,67511000,it_budget,FC-BUD-005,synthetic_backcast_from_fy26:FC-BUD-005:6; multiplier=0.945,tower_synthetic_fy2025_trend_v1,synthetic,it_budget,FC-BUD-005,188000000,Synthetic FY2025 trend baseline for demo trend views. Not client-attested; replace with client actuals when provided.
first-capital-financial,derived/tower_financial_amounts_fy2025_trend.csv,187,FC-BUD-005-FY2025-06a4d68120,Data Platform & AI Engineering FY2025 trend baseline,it_budget,capex,actual,fy25,74617000,it_budget,FC-BUD-005,synthetic_backcast_from_fy26:FC-BUD-005:6; multiplier=0.945,tower_synthetic_fy2025_trend_v1,synthetic,it_budget,FC-BUD-005,188000000,Synthetic FY2025 trend baseline for demo trend views. Not client-attested; replace with client actuals when provided.
first-capital-financial,derived/tower_financial_amounts_fy2025_trend.csv,188,FC-BUD-005-FY2025-de0ba62d40,Data Platform & AI Engineering FY2025 trend baseline,it_budget,opex,actual,fy25,103043000,it_budget,FC-BUD-005,synthetic_backcast_from_fy26:FC-BUD-005:6; multiplier=0.945,tower_synthetic_fy2025_trend_v1,synthetic,it_budget,FC-BUD-005,188000000,Synthetic FY2025 trend baseline for demo trend views. Not client-attested; replace with client actuals when provided.
first-capital-financial,derived/tower_financial_amounts_fy2025_trend.csv,189,FC-BUD-006-FY2025-098d287ef5,Integration & API Platform FY2025 trend baseline,it_budget,none,actual,fy25,90720000,,,synthetic_backcast_from_fy26:FC-BUD-006:7; multiplier=0.945,tower_synthetic_fy2025_trend_v1,synthetic,it_budget,FC-BUD-006,,Synthetic FY2025 trend baseline for demo trend views. Not client-attested; replace with client actuals when provided.
first-capital-financial,derived/tower_financial_amounts_fy2025_trend.csv,190,FC-BUD-006-FY2025-e6c680c43d,Integration & API Platform FY2025 trend baseline,it_budget,run,actual,fy25,56246000,it_budget,FC-BUD-006,synthetic_backcast_from_fy26:FC-BUD-006:7; multiplier=0.945,tower_synthetic_fy2025_trend_v1,synthetic,it_budget,FC-BUD-006,96000000,Synthetic FY2025 trend baseline for demo trend views. Not client-attested; replace with client actuals when provided.
first-capital-financial,derived/tower_financial_amounts_fy2025_trend.csv,191,FC-BUD-006-FY2025-ad29648631,Integration & API Platform FY2025 trend baseline,it_budget,change,actual,fy25,34474000,it_budget,FC-BUD-006,synthetic_backcast_from_fy26:FC-BUD-006:7; multiplier=0.945,tower_synthetic_fy2025_trend_v1,synthetic,it_budget,FC-BUD-006,96000000,Synthetic FY2025 trend baseline for demo trend views. Not client-attested; replace with client actuals when provided.
first-capital-financial,derived/tower_financial_amounts_fy2025_trend.csv,192,FC-BUD-006-FY2025-a0c17d245d,Integration & API Platform FY2025 trend baseline,it_budget,capex,actual,fy25,25402000,it_budget,FC-BUD-006,synthetic_backcast_from_fy26:FC-BUD-006:7; multiplier=0.945,tower_synthetic_fy2025_trend_v1,synthetic,it_budget,FC-BUD-006,96000000,Synthetic FY2025 trend baseline for demo trend views. Not client-attested; replace with client actuals when provided.
first-capital-financial,derived/tower_financial_amounts_fy2025_trend.csv,193,FC-BUD-006-FY2025-d2a42dbef4,Integration & API Platform FY2025 trend baseline,it_budget,opex,actual,fy25,65318000,it_budget,FC-BUD-006,synthetic_backcast_from_fy26:FC-BUD-006:7; multiplier=0.945,tower_synthetic_fy2025_trend_v1,synthetic,it_budget,FC-BUD-006,96000000,Synthetic FY2025 trend baseline for demo trend views. Not client-attested; replace with client actuals when provided.
first-capital-financial,derived/tower_financial_amounts_fy2025_trend.csv,194,FC-BUD-007-FY2025-314a878041,"Risk, Treasury & Finance Systems FY2025 trend baseline",it_budget,none,actual,fy25,168210000,,,synthetic_backcast_from_fy26:FC-BUD-007:8; multiplier=0.945,tower_synthetic_fy2025_trend_v1,synthetic,it_budget,FC-BUD-007,,Synthetic FY2025 trend baseline for demo trend views. Not client-attested; replace with client actuals when provided.
first-capital-financial,derived/tower_financial_amounts_fy2025_trend.csv,195,FC-BUD-007-FY2025-b3a8afc932,"Risk, Treasury & Finance Systems FY2025 trend baseline",it_budget,run,actual,fy25,104290000,it_budget,FC-BUD-007,synthetic_backcast_from_fy26:FC-BUD-007:8; multiplier=0.945,tower_synthetic_fy2025_trend_v1,synthetic,it_budget,FC-BUD-007,178000000,Synthetic FY2025 trend baseline for demo trend views. Not client-attested; replace with client actuals when provided.
first-capital-financial,derived/tower_financial_amounts_fy2025_trend.csv,196,FC-BUD-007-FY2025-db2e865c64,"Risk, Treasury & Finance Systems FY2025 trend baseline",it_budget,change,actual,fy25,63920000,it_budget,FC-BUD-007,synthetic_backcast_from_fy26:FC-BUD-007:8; multiplier=0.945,tower_synthetic_fy2025_trend_v1,synthetic,it_budget,FC-BUD-007,178000000,Synthetic FY2025 trend baseline for demo trend views. Not client-attested; replace with client actuals when provided.
first-capital-financial,derived/tower_financial_amounts_fy2025_trend.csv,197,FC-BUD-007-FY2025-a08e2f5340,"Risk, Treasury & Finance Systems FY2025 trend baseline",it_budget,capex,actual,fy25,58874000,it_budget,FC-BUD-007,synthetic_backcast_from_fy26:FC-BUD-007:8; multiplier=0.945,tower_synthetic_fy2025_trend_v1,synthetic,it_budget,FC-BUD-007,178000000,Synthetic FY2025 trend baseline for demo trend views. Not client-attested; replace with client actuals when provided.
first-capital-financial,derived/tower_financial_amounts_fy2025_trend.csv,198,FC-BUD-007-FY2025-ff8c4311c5,"Risk, Treasury & Finance Systems FY2025 trend baseline",it_budget,opex,actual,fy25,109337000,it_budget,FC-BUD-007,synthetic_backcast_from_fy26:FC-BUD-007:8; multiplier=0.945,tower_synthetic_fy2025_trend_v1,synthetic,it_budget,FC-BUD-007,178000000,Synthetic FY2025 trend baseline for demo trend views. Not client-attested; replace with client actuals when provided.
first-capital-financial,derived/tower_financial_amounts_fy2025_trend.csv,199,FC-BUD-008-FY2025-771a05e957,Financial Crimes Technology FY2025 trend baseline,it_budget,none,actual,fy25,134190000,,,synthetic_backcast_from_fy26:FC-BUD-008:9; multiplier=0.945,tower_synthetic_fy2025_trend_v1,synthetic,it_budget,FC-BUD-008,,Synthetic FY2025 trend baseline for demo trend views. Not client-attested; replace with client actuals when provided.
first-capital-financial,derived/tower_financial_amounts_fy2025_trend.csv,200,FC-BUD-008-FY2025-2ee42b850f,Financial Crimes Technology FY2025 trend baseline,it_budget,run,actual,fy25,83198000,it_budget,FC-BUD-008,synthetic_backcast_from_fy26:FC-BUD-008:9; multiplier=0.945,tower_synthetic_fy2025_trend_v1,synthetic,it_budget,FC-BUD-008,142000000,Synthetic FY2025 trend baseline for demo trend views. Not client-attested; replace with client actuals when provided.
first-capital-financial,derived/tower_financial_amounts_fy2025_trend.csv,201,FC-BUD-008-FY2025-5fa8b99d63,Financial Crimes Technology FY2025 trend baseline,it_budget,change,actual,fy25,50992000,it_budget,FC-BUD-008,synthetic_backcast_from_fy26:FC-BUD-008:9; multiplier=0.945,tower_synthetic_fy2025_trend_v1,synthetic,it_budget,FC-BUD-008,142000000,Synthetic FY2025 trend baseline for demo trend views. Not client-attested; replace with client actuals when provided.
first-capital-financial,derived/tower_financial_amounts_fy2025_trend.csv,202,FC-BUD-008-FY2025-9949167eb0,Financial Crimes Technology FY2025 trend baseline,it_budget,capex,actual,fy25,40257000,it_budget,FC-BUD-008,synthetic_backcast_from_fy26:FC-BUD-008:9; multiplier=0.945,tower_synthetic_fy2025_trend_v1,synthetic,it_budget,FC-BUD-008,142000000,Synthetic FY2025 trend baseline for demo trend views. Not client-attested; replace with client actuals when provided.
first-capital-financial,derived/tower_financial_amounts_fy2025_trend.csv,203,FC-BUD-008-FY2025-dab95c3811,Financial Crimes Technology FY2025 trend baseline,it_budget,opex,actual,fy25,93933000,it_budget,FC-BUD-008,synthetic_backcast_from_fy26:FC-BUD-008:9; multiplier=0.945,tower_synthetic_fy2025_trend_v1,synthetic,it_budget,FC-BUD-008,142000000,Synthetic FY2025 trend baseline for demo trend views. Not client-attested; replace with client actuals when provided.
first-capital-financial,derived/tower_financial_amounts_fy2025_trend.csv,204,FC-BUD-009-FY2025-072afca30b,"Cyber, Privacy & Resilience FY2025 trend baseline",it_budget,none,actual,fy25,232470000,,,synthetic_backcast_from_fy26:FC-BUD-009:10; multiplier=0.945,tower_synthetic_fy2025_trend_v1,synthetic,it_budget,FC-BUD-009,,Synthetic FY2025 trend baseline for demo trend views. Not client-attested; replace with client actuals when provided.
first-capital-financial,derived/tower_financial_amounts_fy2025_trend.csv,205,FC-BUD-009-FY2025-b8b1fe2151,"Cyber, Privacy & Resilience FY2025 trend baseline",it_budget,run,actual,fy25,144131000,it_budget,FC-BUD-009,synthetic_backcast_from_fy26:FC-BUD-009:10; multiplier=0.945,tower_synthetic_fy2025_trend_v1,synthetic,it_budget,FC-BUD-009,246000000,Synthetic FY2025 trend baseline for demo trend views. Not client-attested; replace with client actuals when provided.
first-capital-financial,derived/tower_financial_amounts_fy2025_trend.csv,206,FC-BUD-009-FY2025-12e16bb03f,"Cyber, Privacy & Resilience FY2025 trend baseline",it_budget,change,actual,fy25,88339000,it_budget,FC-BUD-009,synthetic_backcast_from_fy26:FC-BUD-009:10; multiplier=0.945,tower_synthetic_fy2025_trend_v1,synthetic,it_budget,FC-BUD-009,246000000,Synthetic FY2025 trend baseline for demo trend views. Not client-attested; replace with client actuals when provided.
first-capital-financial,derived/tower_financial_amounts_fy2025_trend.csv,207,FC-BUD-009-FY2025-d79de268d1,"Cyber, Privacy & Resilience FY2025 trend baseline",it_budget,capex,actual,fy25,69741000,it_budget,FC-BUD-009,synthetic_backcast_from_fy26:FC-BUD-009:10; multiplier=0.945,tower_synthetic_fy2025_trend_v1,synthetic,it_budget,FC-BUD-009,246000000,Synthetic FY2025 trend baseline for demo trend views. Not client-attested; replace with client actuals when provided.
first-capital-financial,derived/tower_financial_amounts_fy2025_trend.csv,208,FC-BUD-009-FY2025-fb6c00722d,"Cyber, Privacy & Resilience FY2025 trend baseline",it_budget,opex,actual,fy25,162729000,it_budget,FC-BUD-009,synthetic_backcast_from_fy26:FC-BUD-009:10; multiplier=0.945,tower_synthetic_fy2025_trend_v1,synthetic,it_budget,FC-BUD-009,246000000,Synthetic FY2025 trend baseline for demo trend views. Not client-attested; replace with client actuals when provided.
first-capital-financial,derived/tower_financial_amounts_fy2025_trend.csv,209,FC-BUD-010-FY2025-a70dfb6d7e,Cloud & Infrastructure FY2025 trend baseline,it_budget,none,actual,fy25,240030000,,,synthetic_backcast_from_fy26:FC-BUD-010:11; multiplier=0.945,tower_synthetic_fy2025_trend_v1,synthetic,it_budget,FC-BUD-010,,Synthetic FY2025 trend baseline for demo trend views. Not client-attested; replace with client actuals when provided.
first-capital-financial,derived/tower_financial_amounts_fy2025_trend.csv,210,FC-BUD-010-FY2025-83dc6fbfa9,Cloud & Infrastructure FY2025 trend baseline,it_budget,run,actual,fy25,148819000,it_budget,FC-BUD-010,synthetic_backcast_from_fy26:FC-BUD-010:11; multiplier=0.945,tower_synthetic_fy2025_trend_v1,synthetic,it_budget,FC-BUD-010,254000000,Synthetic FY2025 trend baseline for demo trend views. Not client-attested; replace with client actuals when provided.
first-capital-financial,derived/tower_financial_amounts_fy2025_trend.csv,211,FC-BUD-010-FY2025-06ec1dd792,Cloud & Infrastructure FY2025 trend baseline,it_budget,change,actual,fy25,91211000,it_budget,FC-BUD-010,synthetic_backcast_from_fy26:FC-BUD-010:11; multiplier=0.945,tower_synthetic_fy2025_trend_v1,synthetic,it_budget,FC-BUD-010,254000000,Synthetic FY2025 trend baseline for demo trend views. Not client-attested; replace with client actuals when provided.
first-capital-financial,derived/tower_financial_amounts_fy2025_trend.csv,212,FC-BUD-010-FY2025-c8d2b27113,Cloud & Infrastructure FY2025 trend baseline,it_budget,capex,actual,fy25,67208000,it_budget,FC-BUD-010,synthetic_backcast_from_fy26:FC-BUD-010:11; multiplier=0.945,tower_synthetic_fy2025_trend_v1,synthetic,it_budget,FC-BUD-010,254000000,Synthetic FY2025 trend baseline for demo trend views. Not client-attested; replace with client actuals when provided.
first-capital-financial,derived/tower_financial_amounts_fy2025_trend.csv,213,FC-BUD-010-FY2025-32cb0051a1,Cloud & Infrastructure FY2025 trend baseline,it_budget,opex,actual,fy25,172822000,it_budget,FC-BUD-010,synthetic_backcast_from_fy26:FC-BUD-010:11; multiplier=0.945,tower_synthetic_fy2025_trend_v1,synthetic,it_budget,FC-BUD-010,254000000,Synthetic FY2025 trend baseline for demo trend views. Not client-attested; replace with client actuals when provided.
first-capital-financial,derived/tower_financial_amounts_fy2025_trend.csv,214,FC-BUD-011-FY2025-fb40201107,ServiceNow & IT Operations FY2025 trend baseline,it_budget,none,actual,fy25,73710000,,,synthetic_backcast_from_fy26:FC-BUD-011:12; multiplier=0.945,tower_synthetic_fy2025_trend_v1,synthetic,it_budget,FC-BUD-011,,Synthetic FY2025 trend baseline for demo trend views. Not client-attested; replace with client actuals when provided.
first-capital-financial,derived/tower_financial_amounts_fy2025_trend.csv,215,FC-BUD-011-FY2025-9df568b906,ServiceNow & IT Operations FY2025 trend baseline,it_budget,run,actual,fy25,45700000,it_budget,FC-BUD-011,synthetic_backcast_from_fy26:FC-BUD-011:12; multiplier=0.945,tower_synthetic_fy2025_trend_v1,synthetic,it_budget,FC-BUD-011,78000000,Synthetic FY2025 trend baseline for demo trend views. Not client-attested; replace with client actuals when provided.
first-capital-financial,derived/tower_financial_amounts_fy2025_trend.csv,216,FC-BUD-011-FY2025-7fe0eeffd4,ServiceNow & IT Operations FY2025 trend baseline,it_budget,change,actual,fy25,28010000,it_budget,FC-BUD-011,synthetic_backcast_from_fy26:FC-BUD-011:12; multiplier=0.945,tower_synthetic_fy2025_trend_v1,synthetic,it_budget,FC-BUD-011,78000000,Synthetic FY2025 trend baseline for demo trend views. Not client-attested; replace with client actuals when provided.
first-capital-financial,derived/tower_financial_amounts_fy2025_trend.csv,217,FC-BUD-011-FY2025-f8cf53ea8c,ServiceNow & IT Operations FY2025 trend baseline,it_budget,capex,actual,fy25,13268000,it_budget,FC-BUD-011,synthetic_backcast_from_fy26:FC-BUD-011:12; multiplier=0.945,tower_synthetic_fy2025_trend_v1,synthetic,it_budget,FC-BUD-011,78000000,Synthetic FY2025 trend baseline for demo trend views. Not client-attested; replace with client actuals when provided.
first-capital-financial,derived/tower_financial_amounts_fy2025_trend.csv,218,FC-BUD-011-FY2025-a4d899ef1f,ServiceNow & IT Operations FY2025 trend baseline,it_budget,opex,actual,fy25,60442000,it_budget,FC-BUD-011,synthetic_backcast_from_fy26:FC-BUD-011:12; multiplier=0.945,tower_synthetic_fy2025_trend_v1,synthetic,it_budget,FC-BUD-011,78000000,Synthetic FY2025 trend baseline for demo trend views. Not client-attested; replace with client actuals when provided.
first-capital-financial,derived/tower_financial_amounts_fy2025_trend.csv,219,FC-BUD-012-FY2025-4c1172f729,AI Governance & Model Risk Tech FY2025 trend baseline,it_budget,none,actual,fy25,49140000,,,synthetic_backcast_from_fy26:FC-BUD-012:13; multiplier=0.945,tower_synthetic_fy2025_trend_v1,synthetic,it_budget,FC-BUD-012,,Synthetic FY2025 trend baseline for demo trend views. Not client-attested; replace with client actuals when provided.
first-capital-financial,derived/tower_financial_amounts_fy2025_trend.csv,220,FC-BUD-012-FY2025-7c5ea4cfdf,AI Governance & Model Risk Tech FY2025 trend baseline,it_budget,run,actual,fy25,30467000,it_budget,FC-BUD-012,synthetic_backcast_from_fy26:FC-BUD-012:13; multiplier=0.945,tower_synthetic_fy2025_trend_v1,synthetic,it_budget,FC-BUD-012,52000000,Synthetic FY2025 trend baseline for demo trend views. Not client-attested; replace with client actuals when provided.
first-capital-financial,derived/tower_financial_amounts_fy2025_trend.csv,221,FC-BUD-012-FY2025-b5c364310c,AI Governance & Model Risk Tech FY2025 trend baseline,it_budget,change,actual,fy25,18673000,it_budget,FC-BUD-012,synthetic_backcast_from_fy26:FC-BUD-012:13; multiplier=0.945,tower_synthetic_fy2025_trend_v1,synthetic,it_budget,FC-BUD-012,52000000,Synthetic FY2025 trend baseline for demo trend views. Not client-attested; replace with client actuals when provided.
first-capital-financial,derived/tower_financial_amounts_fy2025_trend.csv,222,FC-BUD-012-FY2025-0b790326fb,AI Governance & Model Risk Tech FY2025 trend baseline,it_budget,capex,actual,fy25,20639000,it_budget,FC-BUD-012,synthetic_backcast_from_fy26:FC-BUD-012:13; multiplier=0.945,tower_synthetic_fy2025_trend_v1,synthetic,it_budget,FC-BUD-012,52000000,Synthetic FY2025 trend baseline for demo trend views. Not client-attested; replace with client actuals when provided.
first-capital-financial,derived/tower_financial_amounts_fy2025_trend.csv,223,FC-BUD-012-FY2025-5dcec94c34,AI Governance & Model Risk Tech FY2025 trend baseline,it_budget,opex,actual,fy25,28501000,it_budget,FC-BUD-012,synthetic_backcast_from_fy26:FC-BUD-012:13; multiplier=0.945,tower_synthetic_fy2025_trend_v1,synthetic,it_budget,FC-BUD-012,52000000,Synthetic FY2025 trend baseline for demo trend views. Not client-attested; replace with client actuals when provided.
first-capital-financial,derived/tower_financial_amounts_fy2025_trend.csv,224,FC-BUD-013-FY2025-1f71c2823c,Developer Experience & DevSecOps FY2025 trend baseline,it_budget,none,actual,fy25,54810000,,,synthetic_backcast_from_fy26:FC-BUD-013:14; multiplier=0.945,tower_synthetic_fy2025_trend_v1,synthetic,it_budget,FC-BUD-013,,Synthetic FY2025 trend baseline for demo trend views. Not client-attested; replace with client actuals when provided.
first-capital-financial,derived/tower_financial_amounts_fy2025_trend.csv,225,FC-BUD-013-FY2025-4061a23a29,Developer Experience & DevSecOps FY2025 trend baseline,it_budget,run,actual,fy25,33982000,it_budget,FC-BUD-013,synthetic_backcast_from_fy26:FC-BUD-013:14; multiplier=0.945,tower_synthetic_fy2025_trend_v1,synthetic,it_budget,FC-BUD-013,58000000,Synthetic FY2025 trend baseline for demo trend views. Not client-attested; replace with client actuals when provided.
first-capital-financial,derived/tower_financial_amounts_fy2025_trend.csv,226,FC-BUD-013-FY2025-398802c126,Developer Experience & DevSecOps FY2025 trend baseline,it_budget,change,actual,fy25,20828000,it_budget,FC-BUD-013,synthetic_backcast_from_fy26:FC-BUD-013:14; multiplier=0.945,tower_synthetic_fy2025_trend_v1,synthetic,it_budget,FC-BUD-013,58000000,Synthetic FY2025 trend baseline for demo trend views. Not client-attested; replace with client actuals when provided.
first-capital-financial,derived/tower_financial_amounts_fy2025_trend.csv,227,FC-BUD-013-FY2025-62c3776950,Developer Experience & DevSecOps FY2025 trend baseline,it_budget,capex,actual,fy25,9866000,it_budget,FC-BUD-013,synthetic_backcast_from_fy26:FC-BUD-013:14; multiplier=0.945,tower_synthetic_fy2025_trend_v1,synthetic,it_budget,FC-BUD-013,58000000,Synthetic FY2025 trend baseline for demo trend views. Not client-attested; replace with client actuals when provided.
first-capital-financial,derived/tower_financial_amounts_fy2025_trend.csv,228,FC-BUD-013-FY2025-7c878d9131,Developer Experience & DevSecOps FY2025 trend baseline,it_budget,opex,actual,fy25,44944000,it_budget,FC-BUD-013,synthetic_backcast_from_fy26:FC-BUD-013:14; multiplier=0.945,tower_synthetic_fy2025_trend_v1,synthetic,it_budget,FC-BUD-013,58000000,Synthetic FY2025 trend baseline for demo trend views. Not client-attested; replace with client actuals when provided.
