tenantKey,nodeId,objectType,objectFamily,displayName,sourceFile,sourceRowNumber,mappingProfile,materialized
meridian-health,meridian-health:business_function:acute-care-clinical-operations,business_function,organization,Acute Care Clinical Operations,datasets/tenant-inputs/active/meridian-health/current/01_business_functions.csv,2,organization-business-functions/v1,no
meridian-health,meridian-health:business_function:ambulatory-physician-network-operations,business_function,organization,Ambulatory & Physician Network Operations,datasets/tenant-inputs/active/meridian-health/current/01_business_functions.csv,3,organization-business-functions/v1,no
meridian-health,meridian-health:business_function:nursing-operations,business_function,organization,Nursing Operations,datasets/tenant-inputs/active/meridian-health/current/01_business_functions.csv,4,organization-business-functions/v1,no
meridian-health,meridian-health:business_function:emergency-services,business_function,organization,Emergency Services,datasets/tenant-inputs/active/meridian-health/current/01_business_functions.csv,5,organization-business-functions/v1,no
meridian-health,meridian-health:business_function:behavioral-health,business_function,organization,Behavioral Health,datasets/tenant-inputs/active/meridian-health/current/01_business_functions.csv,6,organization-business-functions/v1,no
meridian-health,meridian-health:business_function:pharmacy-services,business_function,organization,Pharmacy Services,datasets/tenant-inputs/active/meridian-health/current/01_business_functions.csv,7,organization-business-functions/v1,no
meridian-health,meridian-health:business_function:revenue-cycle,business_function,organization,Revenue Cycle,datasets/tenant-inputs/active/meridian-health/current/01_business_functions.csv,8,organization-business-functions/v1,no
meridian-health,meridian-health:business_function:patient-access-registration,business_function,organization,Patient Access & Registration,datasets/tenant-inputs/active/meridian-health/current/01_business_functions.csv,9,organization-business-functions/v1,no
meridian-health,meridian-health:business_function:health-plan-payer-operations,business_function,organization,Health Plan & Payer Operations,datasets/tenant-inputs/active/meridian-health/current/01_business_functions.csv,10,organization-business-functions/v1,no
meridian-health,meridian-health:business_function:population-health-care-management,business_function,organization,Population Health & Care Management,datasets/tenant-inputs/active/meridian-health/current/01_business_functions.csv,11,organization-business-functions/v1,no
meridian-health,meridian-health:business_function:quality-regulatory-affairs,business_function,organization,Quality & Regulatory Affairs,datasets/tenant-inputs/active/meridian-health/current/01_business_functions.csv,12,organization-business-functions/v1,no
meridian-health,meridian-health:business_function:clinical-informatics,business_function,organization,Clinical Informatics,datasets/tenant-inputs/active/meridian-health/current/01_business_functions.csv,13,organization-business-functions/v1,no
meridian-health,meridian-health:business_function:information-technology-digital,business_function,organization,Information Technology & Digital,datasets/tenant-inputs/active/meridian-health/current/01_business_functions.csv,14,organization-business-functions/v1,no
meridian-health,meridian-health:business_function:data-analytics-ai,business_function,organization,Data Analytics & AI,datasets/tenant-inputs/active/meridian-health/current/01_business_functions.csv,15,organization-business-functions/v1,no
meridian-health,meridian-health:business_function:cybersecurity-it-risk,business_function,organization,Cybersecurity & IT Risk,datasets/tenant-inputs/active/meridian-health/current/01_business_functions.csv,16,organization-business-functions/v1,no
meridian-health,meridian-health:business_function:enterprise-architecture,business_function,organization,Enterprise Architecture,datasets/tenant-inputs/active/meridian-health/current/01_business_functions.csv,17,organization-business-functions/v1,no
meridian-health,meridian-health:business_function:finance-accounting,business_function,organization,Finance & Accounting,datasets/tenant-inputs/active/meridian-health/current/01_business_functions.csv,18,organization-business-functions/v1,no
meridian-health,meridian-health:business_function:human-resources-workforce,business_function,organization,Human Resources & Workforce,datasets/tenant-inputs/active/meridian-health/current/01_business_functions.csv,19,organization-business-functions/v1,no
meridian-health,meridian-health:business_function:legal-compliance-privacy,business_function,organization,"Legal, Compliance & Privacy",datasets/tenant-inputs/active/meridian-health/current/01_business_functions.csv,20,organization-business-functions/v1,no
meridian-health,meridian-health:business_function:supply-chain-procurement,business_function,organization,Supply Chain & Procurement,datasets/tenant-inputs/active/meridian-health/current/01_business_functions.csv,21,organization-business-functions/v1,no
meridian-health,meridian-health:business_function:facilities-real-estate,business_function,organization,Facilities & Real Estate,datasets/tenant-inputs/active/meridian-health/current/01_business_functions.csv,22,organization-business-functions/v1,no
meridian-health,meridian-health:business_function:member-services-patient-experience,business_function,organization,Member Services & Patient Experience,datasets/tenant-inputs/active/meridian-health/current/01_business_functions.csv,23,organization-business-functions/v1,no
meridian-health,meridian-health:business_function:marketing-growth,business_function,organization,Marketing & Growth,datasets/tenant-inputs/active/meridian-health/current/01_business_functions.csv,24,organization-business-functions/v1,no
meridian-health,meridian-health:business_function:actuarial-underwriting,business_function,organization,Actuarial & Underwriting,datasets/tenant-inputs/active/meridian-health/current/01_business_functions.csv,25,organization-business-functions/v1,no
meridian-health,meridian-health:organization_unit:office-of-the-ceo,organization_unit,organization,Office of the CEO,datasets/tenant-inputs/active/meridian-health/current/02_org_ownership.csv,2,organization-ownership/v1,no
meridian-health,meridian-health:organization_unit:office-of-the-chief-operating-officer,organization_unit,organization,Office of the Chief Operating Officer,datasets/tenant-inputs/active/meridian-health/current/02_org_ownership.csv,3,organization-ownership/v1,no
meridian-health,meridian-health:organization_unit:office-of-the-chief-financial-officer,organization_unit,organization,Office of the Chief Financial Officer,datasets/tenant-inputs/active/meridian-health/current/02_org_ownership.csv,4,organization-ownership/v1,no
meridian-health,meridian-health:organization_unit:office-of-the-chief-information-officer,organization_unit,organization,Office of the Chief Information Officer,datasets/tenant-inputs/active/meridian-health/current/02_org_ownership.csv,5,organization-ownership/v1,no
meridian-health,meridian-health:organization_unit:office-of-the-chief-medical-information-officer,organization_unit,organization,Office of the Chief Medical Information Officer,datasets/tenant-inputs/active/meridian-health/current/02_org_ownership.csv,6,organization-ownership/v1,no
meridian-health,meridian-health:organization_unit:office-of-the-chief-nursing-officer,organization_unit,organization,Office of the Chief Nursing Officer,datasets/tenant-inputs/active/meridian-health/current/02_org_ownership.csv,7,organization-ownership/v1,no
meridian-health,meridian-health:organization_unit:office-of-the-chief-medical-officer,organization_unit,organization,Office of the Chief Medical Officer,datasets/tenant-inputs/active/meridian-health/current/02_org_ownership.csv,8,organization-ownership/v1,no
meridian-health,meridian-health:organization_unit:office-of-the-chief-data-analytics-officer,organization_unit,organization,Office of the Chief Data & Analytics Officer,datasets/tenant-inputs/active/meridian-health/current/02_org_ownership.csv,9,organization-ownership/v1,no
meridian-health,meridian-health:organization_unit:office-of-the-chief-information-security-officer,organization_unit,organization,Office of the Chief Information Security Officer,datasets/tenant-inputs/active/meridian-health/current/02_org_ownership.csv,10,organization-ownership/v1,no
meridian-health,meridian-health:organization_unit:office-of-the-chief-human-resources-officer,organization_unit,organization,Office of the Chief Human Resources Officer,datasets/tenant-inputs/active/meridian-health/current/02_org_ownership.csv,11,organization-ownership/v1,no
meridian-health,meridian-health:organization_unit:office-of-the-chief-legal-compliance-officer,organization_unit,organization,Office of the Chief Legal & Compliance Officer,datasets/tenant-inputs/active/meridian-health/current/02_org_ownership.csv,12,organization-ownership/v1,no
meridian-health,meridian-health:organization_unit:office-of-the-chief-quality-officer,organization_unit,organization,Office of the Chief Quality Officer,datasets/tenant-inputs/active/meridian-health/current/02_org_ownership.csv,13,organization-ownership/v1,no
meridian-health,meridian-health:organization_unit:office-of-the-president-meridian-health-plan,organization_unit,organization,"Office of the President, Meridian Health Plan",datasets/tenant-inputs/active/meridian-health/current/02_org_ownership.csv,14,organization-ownership/v1,no
meridian-health,meridian-health:organization_unit:office-of-the-president-meridian-medical-group,organization_unit,organization,"Office of the President, Meridian Medical Group",datasets/tenant-inputs/active/meridian-health/current/02_org_ownership.csv,15,organization-ownership/v1,no
meridian-health,meridian-health:organization_unit:svp-revenue-cycle,organization_unit,organization,SVP Revenue Cycle,datasets/tenant-inputs/active/meridian-health/current/02_org_ownership.csv,16,organization-ownership/v1,no
meridian-health,meridian-health:organization_unit:vp-patient-access-registration,organization_unit,organization,VP Patient Access & Registration,datasets/tenant-inputs/active/meridian-health/current/02_org_ownership.csv,17,organization-ownership/v1,no
meridian-health,meridian-health:organization_unit:vp-health-plan-operations,organization_unit,organization,VP Health Plan Operations,datasets/tenant-inputs/active/meridian-health/current/02_org_ownership.csv,18,organization-ownership/v1,no
meridian-health,meridian-health:organization_unit:vp-medicare-advantage-programs,organization_unit,organization,VP Medicare Advantage Programs,datasets/tenant-inputs/active/meridian-health/current/02_org_ownership.csv,19,organization-ownership/v1,no
meridian-health,meridian-health:organization_unit:vp-population-health-care-management,organization_unit,organization,VP Population Health & Care Management,datasets/tenant-inputs/active/meridian-health/current/02_org_ownership.csv,20,organization-ownership/v1,no
meridian-health,meridian-health:organization_unit:vp-quality-regulatory-affairs,organization_unit,organization,VP Quality & Regulatory Affairs,datasets/tenant-inputs/active/meridian-health/current/02_org_ownership.csv,21,organization-ownership/v1,no
meridian-health,meridian-health:organization_unit:vp-stars-hedis-program-management,organization_unit,organization,VP STARS & HEDIS Program Management,datasets/tenant-inputs/active/meridian-health/current/02_org_ownership.csv,22,organization-ownership/v1,no
meridian-health,meridian-health:organization_unit:vp-clinical-informatics,organization_unit,organization,VP Clinical Informatics,datasets/tenant-inputs/active/meridian-health/current/02_org_ownership.csv,23,organization-ownership/v1,no
meridian-health,meridian-health:organization_unit:vp-epic-applications,organization_unit,organization,VP Epic Applications,datasets/tenant-inputs/active/meridian-health/current/02_org_ownership.csv,24,organization-ownership/v1,no
meridian-health,meridian-health:organization_unit:vp-infrastructure-cloud,organization_unit,organization,VP Infrastructure & Cloud,datasets/tenant-inputs/active/meridian-health/current/02_org_ownership.csv,25,organization-ownership/v1,no
meridian-health,meridian-health:organization_unit:vp-enterprise-architecture,organization_unit,organization,VP Enterprise Architecture,datasets/tenant-inputs/active/meridian-health/current/02_org_ownership.csv,26,organization-ownership/v1,no
meridian-health,meridian-health:organization_unit:vp-data-ai-platforms,organization_unit,organization,VP Data & AI Platforms,datasets/tenant-inputs/active/meridian-health/current/02_org_ownership.csv,27,organization-ownership/v1,no
meridian-health,meridian-health:organization_unit:vp-cybersecurity-operations,organization_unit,organization,VP Cybersecurity Operations,datasets/tenant-inputs/active/meridian-health/current/02_org_ownership.csv,28,organization-ownership/v1,no
meridian-health,meridian-health:organization_unit:vp-it-service-management-support,organization_unit,organization,VP IT Service Management & Support,datasets/tenant-inputs/active/meridian-health/current/02_org_ownership.csv,29,organization-ownership/v1,no
meridian-health,meridian-health:organization_unit:vp-pharmacy-services,organization_unit,organization,VP Pharmacy Services,datasets/tenant-inputs/active/meridian-health/current/02_org_ownership.csv,30,organization-ownership/v1,no
meridian-health,meridian-health:organization_unit:vp-nursing-informatics,organization_unit,organization,VP Nursing Informatics,datasets/tenant-inputs/active/meridian-health/current/02_org_ownership.csv,31,organization-ownership/v1,no
meridian-health,meridian-health:organization_unit:vp-ambulatory-operations,organization_unit,organization,VP Ambulatory Operations,datasets/tenant-inputs/active/meridian-health/current/02_org_ownership.csv,32,organization-ownership/v1,no
meridian-health,meridian-health:organization_unit:vp-physician-network-operations,organization_unit,organization,VP Physician Network Operations,datasets/tenant-inputs/active/meridian-health/current/02_org_ownership.csv,33,organization-ownership/v1,no
meridian-health,meridian-health:organization_unit:vp-member-services-patient-experience,organization_unit,organization,VP Member Services & Patient Experience,datasets/tenant-inputs/active/meridian-health/current/02_org_ownership.csv,34,organization-ownership/v1,no
meridian-health,meridian-health:organization_unit:vp-supply-chain-procurement,organization_unit,organization,VP Supply Chain & Procurement,datasets/tenant-inputs/active/meridian-health/current/02_org_ownership.csv,35,organization-ownership/v1,no
meridian-health,meridian-health:organization_unit:vp-finance-operations,organization_unit,organization,VP Finance Operations,datasets/tenant-inputs/active/meridian-health/current/02_org_ownership.csv,36,organization-ownership/v1,no
meridian-health,meridian-health:organization_unit:vp-hr-business-partnering,organization_unit,organization,VP HR Business Partnering,datasets/tenant-inputs/active/meridian-health/current/02_org_ownership.csv,37,organization-ownership/v1,no
meridian-health,meridian-health:organization_unit:vp-facilities-real-estate,organization_unit,organization,VP Facilities & Real Estate,datasets/tenant-inputs/active/meridian-health/current/02_org_ownership.csv,38,organization-ownership/v1,no
meridian-health,meridian-health:organization_unit:vp-actuarial-services,organization_unit,organization,VP Actuarial Services,datasets/tenant-inputs/active/meridian-health/current/02_org_ownership.csv,39,organization-ownership/v1,no
meridian-health,meridian-health:organization_unit:vp-claims-operations,organization_unit,organization,VP Claims Operations,datasets/tenant-inputs/active/meridian-health/current/02_org_ownership.csv,40,organization-ownership/v1,no
meridian-health,meridian-health:organization_unit:vp-risk-adjustment-raf-programs,organization_unit,organization,VP Risk Adjustment & RAF Programs,datasets/tenant-inputs/active/meridian-health/current/02_org_ownership.csv,41,organization-ownership/v1,no
meridian-health,meridian-health:organization_unit:vp-behavioral-health-services,organization_unit,organization,VP Behavioral Health Services,datasets/tenant-inputs/active/meridian-health/current/02_org_ownership.csv,42,organization-ownership/v1,no
meridian-health,meridian-health:organization_unit:vp-emergency-services,organization_unit,organization,VP Emergency Services,datasets/tenant-inputs/active/meridian-health/current/02_org_ownership.csv,43,organization-ownership/v1,no
meridian-health,meridian-health:organization_unit:vp-legal-privacy-counsel,organization_unit,organization,VP Legal & Privacy Counsel,datasets/tenant-inputs/active/meridian-health/current/02_org_ownership.csv,44,organization-ownership/v1,no
meridian-health,meridian-health:organization_unit:vp-compliance,organization_unit,organization,VP Compliance,datasets/tenant-inputs/active/meridian-health/current/02_org_ownership.csv,45,organization-ownership/v1,no
meridian-health,meridian-health:organization_unit:director-coding-him,organization_unit,organization,"Director, Coding & HIM",datasets/tenant-inputs/active/meridian-health/current/02_org_ownership.csv,46,organization-ownership/v1,no
meridian-health,meridian-health:organization_unit:director-actuarial-analytics,organization_unit,organization,"Director, Actuarial Analytics",datasets/tenant-inputs/active/meridian-health/current/02_org_ownership.csv,47,organization-ownership/v1,no
meridian-health,meridian-health:organization_unit:director-network-telecom-engineering,organization_unit,organization,"Director, Network & Telecom Engineering",datasets/tenant-inputs/active/meridian-health/current/02_org_ownership.csv,48,organization-ownership/v1,no
meridian-health,meridian-health:organization_unit:director-identity-access-management,organization_unit,organization,"Director, Identity & Access Management",datasets/tenant-inputs/active/meridian-health/current/02_org_ownership.csv,49,organization-ownership/v1,no
meridian-health,meridian-health:organization_unit:director-interface-engineering-integration,organization_unit,organization,"Director, Interface Engineering & Integration",datasets/tenant-inputs/active/meridian-health/current/02_org_ownership.csv,50,organization-ownership/v1,no
meridian-health,meridian-health:organization_unit:director-privacy-office,organization_unit,organization,"Director, Privacy Office",datasets/tenant-inputs/active/meridian-health/current/02_org_ownership.csv,51,organization-ownership/v1,no
meridian-health,meridian-health:organization_unit:director-data-warehousing-sql-server-platforms,organization_unit,organization,"Director, Data Warehousing & SQL Server Platforms",datasets/tenant-inputs/active/meridian-health/current/02_org_ownership.csv,52,organization-ownership/v1,no
meridian-health,meridian-health:organization_unit:director-it-service-desk-operations,organization_unit,organization,"Director, IT Service Desk Operations",datasets/tenant-inputs/active/meridian-health/current/02_org_ownership.csv,53,organization-ownership/v1,no
meridian-health,meridian-health:organization_unit:director-compliance-investigations,organization_unit,organization,"Director, Compliance Investigations",datasets/tenant-inputs/active/meridian-health/current/02_org_ownership.csv,54,organization-ownership/v1,no
meridian-health,meridian-health:organization_unit:director-nursing-operations-critical-care,organization_unit,organization,"Director, Nursing Operations — Critical Care",datasets/tenant-inputs/active/meridian-health/current/02_org_ownership.csv,55,organization-ownership/v1,no
meridian-health,meridian-health:organization_unit:director-telehealth-virtual-care,organization_unit,organization,"Director, Telehealth & Virtual Care",datasets/tenant-inputs/active/meridian-health/current/02_org_ownership.csv,56,organization-ownership/v1,no
meridian-health,meridian-health:organization_unit:director-enterprise-program-management-office,organization_unit,organization,"Director, Enterprise Program Management Office",datasets/tenant-inputs/active/meridian-health/current/02_org_ownership.csv,57,organization-ownership/v1,no
meridian-health,meridian-health:organization_unit:director-supply-chain-contracting,organization_unit,organization,"Director, Supply Chain Contracting",datasets/tenant-inputs/active/meridian-health/current/02_org_ownership.csv,58,organization-ownership/v1,no
meridian-health,meridian-health:organization_unit:director-epic-cadence-scheduling-applications,organization_unit,organization,"Director, Epic Cadence Scheduling Applications",datasets/tenant-inputs/active/meridian-health/current/02_org_ownership.csv,59,organization-ownership/v1,no
meridian-health,meridian-health:organization_unit:director-epic-ambulatory-applications,organization_unit,organization,"Director, Epic Ambulatory Applications",datasets/tenant-inputs/active/meridian-health/current/02_org_ownership.csv,60,organization-ownership/v1,no
meridian-health,meridian-health:organization_unit:director-provider-data-management,organization_unit,organization,"Director, Provider Data Management",datasets/tenant-inputs/active/meridian-health/current/02_org_ownership.csv,61,organization-ownership/v1,no
meridian-health,meridian-health:organization_unit:director-cahps-member-experience-analytics,organization_unit,organization,"Director, CAHPS & Member Experience Analytics",datasets/tenant-inputs/active/meridian-health/current/02_org_ownership.csv,62,organization-ownership/v1,no
meridian-health,meridian-health:organization_unit:director-cloud-data-platform-evaluation-databricks,organization_unit,organization,"Director, Cloud & Data Platform Evaluation (Databricks)",datasets/tenant-inputs/active/meridian-health/current/02_org_ownership.csv,63,organization-ownership/v1,no
meridian-health,meridian-health:organization_unit:director-pharmacy-operations,organization_unit,organization,"Director, Pharmacy Operations",datasets/tenant-inputs/active/meridian-health/current/02_org_ownership.csv,64,organization-ownership/v1,no
meridian-health,meridian-health:organization_unit:director-population-health-programs,organization_unit,organization,"Director, Population Health Programs",datasets/tenant-inputs/active/meridian-health/current/02_org_ownership.csv,65,organization-ownership/v1,no
meridian-health,meridian-health:organization_unit:director-marketing-digital-engagement,organization_unit,organization,"Director, Marketing & Digital Engagement",datasets/tenant-inputs/active/meridian-health/current/02_org_ownership.csv,66,organization-ownership/v1,no
meridian-health,meridian-health:organization_unit:director-behavioral-health-operations,organization_unit,organization,"Director, Behavioral Health Operations",datasets/tenant-inputs/active/meridian-health/current/02_org_ownership.csv,67,organization-ownership/v1,no
meridian-health,meridian-health:organization_unit:director-risk-adjustment-coding,organization_unit,organization,"Director, Risk Adjustment Coding",datasets/tenant-inputs/active/meridian-health/current/02_org_ownership.csv,68,organization-ownership/v1,no
meridian-health,meridian-health:organization_unit:director-hedis-abstraction-quality-analytics,organization_unit,organization,"Director, HEDIS Abstraction & Quality Analytics",datasets/tenant-inputs/active/meridian-health/current/02_org_ownership.csv,69,organization-ownership/v1,no
meridian-health,meridian-health:organization_unit:director-epic-inpatient-clinical-applications,organization_unit,organization,"Director, Epic Inpatient Clinical Applications",datasets/tenant-inputs/active/meridian-health/current/02_org_ownership.csv,70,organization-ownership/v1,no
meridian-health,meridian-health:organization_unit:director-ambulatory-clinic-operations-south,organization_unit,organization,"Director, Ambulatory Clinic Operations — South",datasets/tenant-inputs/active/meridian-health/current/02_org_ownership.csv,71,organization-ownership/v1,no
meridian-health,meridian-health:organization_unit:director-servicenow-platform,organization_unit,organization,"Director, ServiceNow Platform",datasets/tenant-inputs/active/meridian-health/current/02_org_ownership.csv,72,organization-ownership/v1,no
meridian-health,meridian-health:organization_unit:director-ambulatory-clinic-operations-north,organization_unit,organization,"Director, Ambulatory Clinic Operations — North",datasets/tenant-inputs/active/meridian-health/current/02_org_ownership.csv,73,organization-ownership/v1,no
meridian-health,meridian-health:organization_unit:director-epic-healthy-planet-applications,organization_unit,organization,"Director, Epic Healthy Planet Applications",datasets/tenant-inputs/active/meridian-health/current/02_org_ownership.csv,74,organization-ownership/v1,no
meridian-health,meridian-health:organization_unit:director-finance-operations-hospital,organization_unit,organization,"Director, Finance Operations — Hospital",datasets/tenant-inputs/active/meridian-health/current/02_org_ownership.csv,75,organization-ownership/v1,no
meridian-health,meridian-health:organization_unit:director-facilities-engineering,organization_unit,organization,"Director, Facilities Engineering",datasets/tenant-inputs/active/meridian-health/current/02_org_ownership.csv,76,organization-ownership/v1,no
meridian-health,meridian-health:organization_unit:director-emergency-department-operations,organization_unit,organization,"Director, Emergency Department Operations",datasets/tenant-inputs/active/meridian-health/current/02_org_ownership.csv,77,organization-ownership/v1,no
meridian-health,meridian-health:organization_unit:director-epic-radiant-radiology-applications,organization_unit,organization,"Director, Epic Radiant Radiology Applications",datasets/tenant-inputs/active/meridian-health/current/02_org_ownership.csv,78,organization-ownership/v1,no
meridian-health,meridian-health:organization_unit:director-epic-revenue-cycle-applications-resolute,organization_unit,organization,"Director, Epic Revenue Cycle Applications (Resolute)",datasets/tenant-inputs/active/meridian-health/current/02_org_ownership.csv,79,organization-ownership/v1,no
meridian-health,meridian-health:organization_unit:director-tableau-bi-platform-engineering,organization_unit,organization,"Director, Tableau & BI Platform Engineering",datasets/tenant-inputs/active/meridian-health/current/02_org_ownership.csv,80,organization-ownership/v1,no
meridian-health,meridian-health:organization_unit:director-vendor-contract-management,organization_unit,organization,"Director, Vendor & Contract Management",datasets/tenant-inputs/active/meridian-health/current/02_org_ownership.csv,81,organization-ownership/v1,no
meridian-health,meridian-health:organization_unit:director-ai-automation-program,organization_unit,organization,"Director, AI & Automation Program",datasets/tenant-inputs/active/meridian-health/current/02_org_ownership.csv,82,organization-ownership/v1,no
meridian-health,meridian-health:organization_unit:director-case-management-utilization-review,organization_unit,organization,"Director, Case Management & Utilization Review",datasets/tenant-inputs/active/meridian-health/current/02_org_ownership.csv,83,organization-ownership/v1,no
meridian-health,meridian-health:organization_unit:director-epic-tapestry-payer-applications,organization_unit,organization,"Director, Epic Tapestry Payer Applications",datasets/tenant-inputs/active/meridian-health/current/02_org_ownership.csv,84,organization-ownership/v1,no
meridian-health,meridian-health:organization_unit:director-finance-operations-health-plan,organization_unit,organization,"Director, Finance Operations — Health Plan",datasets/tenant-inputs/active/meridian-health/current/02_org_ownership.csv,85,organization-ownership/v1,no
meridian-health,meridian-health:organization_unit:director-epic-beaker-lab-applications,organization_unit,organization,"Director, Epic Beaker Lab Applications",datasets/tenant-inputs/active/meridian-health/current/02_org_ownership.csv,86,organization-ownership/v1,no
meridian-health,meridian-health:organization_unit:director-epic-willow-pharmacy-applications,organization_unit,organization,"Director, Epic Willow Pharmacy Applications",datasets/tenant-inputs/active/meridian-health/current/02_org_ownership.csv,87,organization-ownership/v1,no
meridian-health,meridian-health:organization_unit:director-data-governance,organization_unit,organization,"Director, Data Governance",datasets/tenant-inputs/active/meridian-health/current/02_org_ownership.csv,88,organization-ownership/v1,no
meridian-health,meridian-health:organization_unit:director-nursing-operations-med-surg,organization_unit,organization,"Director, Nursing Operations — Med/Surg",datasets/tenant-inputs/active/meridian-health/current/02_org_ownership.csv,89,organization-ownership/v1,no
meridian-health,meridian-health:organization_unit:director-epic-mychart-digital-front-door,organization_unit,organization,"Director, Epic MyChart & Digital Front Door",datasets/tenant-inputs/active/meridian-health/current/02_org_ownership.csv,90,organization-ownership/v1,no
meridian-health,meridian-health:organization_unit:director-claims-operations,organization_unit,organization,"Director, Claims Operations",datasets/tenant-inputs/active/meridian-health/current/02_org_ownership.csv,91,organization-ownership/v1,no
meridian-health,meridian-health:organization_unit:nursing-operations-meridian-regional-medical-center,organization_unit,organization,Nursing Operations — Meridian Regional Medical Center,datasets/tenant-inputs/active/meridian-health/current/02_org_ownership.csv,92,organization-ownership/v1,no
meridian-health,meridian-health:organization_unit:emergency-department-operations-meridian-regional-medical-center,organization_unit,organization,Emergency Department Operations — Meridian Regional Medical Center,datasets/tenant-inputs/active/meridian-health/current/02_org_ownership.csv,93,organization-ownership/v1,no
meridian-health,meridian-health:organization_unit:pharmacy-operations-meridian-regional-medical-center,organization_unit,organization,Pharmacy Operations — Meridian Regional Medical Center,datasets/tenant-inputs/active/meridian-health/current/02_org_ownership.csv,94,organization-ownership/v1,no
meridian-health,meridian-health:organization_unit:quality-patient-safety-meridian-regional-medical-center,organization_unit,organization,Quality & Patient Safety — Meridian Regional Medical Center,datasets/tenant-inputs/active/meridian-health/current/02_org_ownership.csv,95,organization-ownership/v1,no
meridian-health,meridian-health:organization_unit:nursing-operations-st-anselm-community-hospital,organization_unit,organization,Nursing Operations — St. Anselm Community Hospital,datasets/tenant-inputs/active/meridian-health/current/02_org_ownership.csv,96,organization-ownership/v1,no
meridian-health,meridian-health:organization_unit:emergency-department-operations-st-anselm-community-hospital,organization_unit,organization,Emergency Department Operations — St. Anselm Community Hospital,datasets/tenant-inputs/active/meridian-health/current/02_org_ownership.csv,97,organization-ownership/v1,no
meridian-health,meridian-health:organization_unit:pharmacy-operations-st-anselm-community-hospital,organization_unit,organization,Pharmacy Operations — St. Anselm Community Hospital,datasets/tenant-inputs/active/meridian-health/current/02_org_ownership.csv,98,organization-ownership/v1,no
meridian-health,meridian-health:organization_unit:quality-patient-safety-st-anselm-community-hospital,organization_unit,organization,Quality & Patient Safety — St. Anselm Community Hospital,datasets/tenant-inputs/active/meridian-health/current/02_org_ownership.csv,99,organization-ownership/v1,no
meridian-health,meridian-health:organization_unit:nursing-operations-meridian-west-hospital,organization_unit,organization,Nursing Operations — Meridian West Hospital,datasets/tenant-inputs/active/meridian-health/current/02_org_ownership.csv,100,organization-ownership/v1,no
meridian-health,meridian-health:organization_unit:emergency-department-operations-meridian-west-hospital,organization_unit,organization,Emergency Department Operations — Meridian West Hospital,datasets/tenant-inputs/active/meridian-health/current/02_org_ownership.csv,101,organization-ownership/v1,no
meridian-health,meridian-health:organization_unit:pharmacy-operations-meridian-west-hospital,organization_unit,organization,Pharmacy Operations — Meridian West Hospital,datasets/tenant-inputs/active/meridian-health/current/02_org_ownership.csv,102,organization-ownership/v1,no
meridian-health,meridian-health:organization_unit:quality-patient-safety-meridian-west-hospital,organization_unit,organization,Quality & Patient Safety — Meridian West Hospital,datasets/tenant-inputs/active/meridian-health/current/02_org_ownership.csv,103,organization-ownership/v1,no
meridian-health,meridian-health:organization_unit:nursing-operations-cedar-bluff-specialty-hospital,organization_unit,organization,Nursing Operations — Cedar Bluff Specialty Hospital,datasets/tenant-inputs/active/meridian-health/current/02_org_ownership.csv,104,organization-ownership/v1,no
meridian-health,meridian-health:organization_unit:emergency-department-operations-cedar-bluff-specialty-hospital,organization_unit,organization,Emergency Department Operations — Cedar Bluff Specialty Hospital,datasets/tenant-inputs/active/meridian-health/current/02_org_ownership.csv,105,organization-ownership/v1,no
meridian-health,meridian-health:organization_unit:pharmacy-operations-cedar-bluff-specialty-hospital,organization_unit,organization,Pharmacy Operations — Cedar Bluff Specialty Hospital,datasets/tenant-inputs/active/meridian-health/current/02_org_ownership.csv,106,organization-ownership/v1,no
meridian-health,meridian-health:organization_unit:quality-patient-safety-cedar-bluff-specialty-hospital,organization_unit,organization,Quality & Patient Safety — Cedar Bluff Specialty Hospital,datasets/tenant-inputs/active/meridian-health/current/02_org_ownership.csv,107,organization-ownership/v1,no
meridian-health,meridian-health:organization_unit:nursing-operations-meridian-cancer-institute,organization_unit,organization,Nursing Operations — Meridian Cancer Institute,datasets/tenant-inputs/active/meridian-health/current/02_org_ownership.csv,108,organization-ownership/v1,no
meridian-health,meridian-health:organization_unit:emergency-department-operations-meridian-cancer-institute,organization_unit,organization,Emergency Department Operations — Meridian Cancer Institute,datasets/tenant-inputs/active/meridian-health/current/02_org_ownership.csv,109,organization-ownership/v1,no
meridian-health,meridian-health:organization_unit:pharmacy-operations-meridian-cancer-institute,organization_unit,organization,Pharmacy Operations — Meridian Cancer Institute,datasets/tenant-inputs/active/meridian-health/current/02_org_ownership.csv,110,organization-ownership/v1,no
meridian-health,meridian-health:organization_unit:quality-patient-safety-meridian-cancer-institute,organization_unit,organization,Quality & Patient Safety — Meridian Cancer Institute,datasets/tenant-inputs/active/meridian-health/current/02_org_ownership.csv,111,organization-ownership/v1,no
meridian-health,meridian-health:organization_unit:nursing-operations-meridian-children-s-hospital,organization_unit,organization,Nursing Operations — Meridian Children's Hospital,datasets/tenant-inputs/active/meridian-health/current/02_org_ownership.csv,112,organization-ownership/v1,no
meridian-health,meridian-health:organization_unit:emergency-department-operations-meridian-children-s-hospital,organization_unit,organization,Emergency Department Operations — Meridian Children's Hospital,datasets/tenant-inputs/active/meridian-health/current/02_org_ownership.csv,113,organization-ownership/v1,no
meridian-health,meridian-health:organization_unit:pharmacy-operations-meridian-children-s-hospital,organization_unit,organization,Pharmacy Operations — Meridian Children's Hospital,datasets/tenant-inputs/active/meridian-health/current/02_org_ownership.csv,114,organization-ownership/v1,no
meridian-health,meridian-health:organization_unit:quality-patient-safety-meridian-children-s-hospital,organization_unit,organization,Quality & Patient Safety — Meridian Children's Hospital,datasets/tenant-inputs/active/meridian-health/current/02_org_ownership.csv,115,organization-ownership/v1,no
meridian-health,meridian-health:organization_unit:nursing-operations-meridian-memorial-hospital-riverton,organization_unit,organization,Nursing Operations — Meridian Memorial Hospital — Riverton,datasets/tenant-inputs/active/meridian-health/current/02_org_ownership.csv,116,organization-ownership/v1,no
meridian-health,meridian-health:organization_unit:emergency-department-operations-meridian-memorial-hospital-riverton,organization_unit,organization,Emergency Department Operations — Meridian Memorial Hospital — Riverton,datasets/tenant-inputs/active/meridian-health/current/02_org_ownership.csv,117,organization-ownership/v1,no
meridian-health,meridian-health:organization_unit:pharmacy-operations-meridian-memorial-hospital-riverton,organization_unit,organization,Pharmacy Operations — Meridian Memorial Hospital — Riverton,datasets/tenant-inputs/active/meridian-health/current/02_org_ownership.csv,118,organization-ownership/v1,no
meridian-health,meridian-health:organization_unit:quality-patient-safety-meridian-memorial-hospital-riverton,organization_unit,organization,Quality & Patient Safety — Meridian Memorial Hospital — Riverton,datasets/tenant-inputs/active/meridian-health/current/02_org_ownership.csv,119,organization-ownership/v1,no
meridian-health,meridian-health:organization_unit:nursing-operations-meridian-memorial-hospital-ashford,organization_unit,organization,Nursing Operations — Meridian Memorial Hospital — Ashford,datasets/tenant-inputs/active/meridian-health/current/02_org_ownership.csv,120,organization-ownership/v1,no
meridian-health,meridian-health:organization_unit:emergency-department-operations-meridian-memorial-hospital-ashford,organization_unit,organization,Emergency Department Operations — Meridian Memorial Hospital — Ashford,datasets/tenant-inputs/active/meridian-health/current/02_org_ownership.csv,121,organization-ownership/v1,no
meridian-health,meridian-health:organization_unit:pharmacy-operations-meridian-memorial-hospital-ashford,organization_unit,organization,Pharmacy Operations — Meridian Memorial Hospital — Ashford,datasets/tenant-inputs/active/meridian-health/current/02_org_ownership.csv,122,organization-ownership/v1,no
meridian-health,meridian-health:organization_unit:quality-patient-safety-meridian-memorial-hospital-ashford,organization_unit,organization,Quality & Patient Safety — Meridian Memorial Hospital — Ashford,datasets/tenant-inputs/active/meridian-health/current/02_org_ownership.csv,123,organization-ownership/v1,no
meridian-health,meridian-health:organization_unit:nursing-operations-meridian-memorial-hospital-bellhaven,organization_unit,organization,Nursing Operations — Meridian Memorial Hospital — Bellhaven,datasets/tenant-inputs/active/meridian-health/current/02_org_ownership.csv,124,organization-ownership/v1,no
meridian-health,meridian-health:organization_unit:emergency-department-operations-meridian-memorial-hospital-bellhaven,organization_unit,organization,Emergency Department Operations — Meridian Memorial Hospital — Bellhaven,datasets/tenant-inputs/active/meridian-health/current/02_org_ownership.csv,125,organization-ownership/v1,no
meridian-health,meridian-health:organization_unit:pharmacy-operations-meridian-memorial-hospital-bellhaven,organization_unit,organization,Pharmacy Operations — Meridian Memorial Hospital — Bellhaven,datasets/tenant-inputs/active/meridian-health/current/02_org_ownership.csv,126,organization-ownership/v1,no
meridian-health,meridian-health:organization_unit:quality-patient-safety-meridian-memorial-hospital-bellhaven,organization_unit,organization,Quality & Patient Safety — Meridian Memorial Hospital — Bellhaven,datasets/tenant-inputs/active/meridian-health/current/02_org_ownership.csv,127,organization-ownership/v1,no
meridian-health,meridian-health:organization_unit:nursing-operations-deer-run-community-hospital-meridian,organization_unit,organization,Nursing Operations — Deer Run Community Hospital (Meridian),datasets/tenant-inputs/active/meridian-health/current/02_org_ownership.csv,128,organization-ownership/v1,no
meridian-health,meridian-health:organization_unit:emergency-department-operations-deer-run-community-hospital-meridian,organization_unit,organization,Emergency Department Operations — Deer Run Community Hospital (Meridian),datasets/tenant-inputs/active/meridian-health/current/02_org_ownership.csv,129,organization-ownership/v1,no
meridian-health,meridian-health:organization_unit:pharmacy-operations-deer-run-community-hospital-meridian,organization_unit,organization,Pharmacy Operations — Deer Run Community Hospital (Meridian),datasets/tenant-inputs/active/meridian-health/current/02_org_ownership.csv,130,organization-ownership/v1,no
meridian-health,meridian-health:organization_unit:quality-patient-safety-deer-run-community-hospital-meridian,organization_unit,organization,Quality & Patient Safety — Deer Run Community Hospital (Meridian),datasets/tenant-inputs/active/meridian-health/current/02_org_ownership.csv,131,organization-ownership/v1,no
meridian-health,meridian-health:organization_unit:nursing-operations-prairie-junction-community-hospital-meridian,organization_unit,organization,Nursing Operations — Prairie Junction Community Hospital (Meridian),datasets/tenant-inputs/active/meridian-health/current/02_org_ownership.csv,132,organization-ownership/v1,no
meridian-health,meridian-health:organization_unit:emergency-department-operations-prairie-junction-community-hospital-meridian,organization_unit,organization,Emergency Department Operations — Prairie Junction Community Hospital (Meridian),datasets/tenant-inputs/active/meridian-health/current/02_org_ownership.csv,133,organization-ownership/v1,no
meridian-health,meridian-health:organization_unit:pharmacy-operations-prairie-junction-community-hospital-meridian,organization_unit,organization,Pharmacy Operations — Prairie Junction Community Hospital (Meridian),datasets/tenant-inputs/active/meridian-health/current/02_org_ownership.csv,134,organization-ownership/v1,no
meridian-health,meridian-health:organization_unit:quality-patient-safety-prairie-junction-community-hospital-meridian,organization_unit,organization,Quality & Patient Safety — Prairie Junction Community Hospital (Meridian),datasets/tenant-inputs/active/meridian-health/current/02_org_ownership.csv,135,organization-ownership/v1,no
meridian-health,meridian-health:organization_unit:nursing-operations-wexford-general-hospital-meridian,organization_unit,organization,Nursing Operations — Wexford General Hospital (Meridian),datasets/tenant-inputs/active/meridian-health/current/02_org_ownership.csv,136,organization-ownership/v1,no
meridian-health,meridian-health:organization_unit:emergency-department-operations-wexford-general-hospital-meridian,organization_unit,organization,Emergency Department Operations — Wexford General Hospital (Meridian),datasets/tenant-inputs/active/meridian-health/current/02_org_ownership.csv,137,organization-ownership/v1,no
meridian-health,meridian-health:organization_unit:pharmacy-operations-wexford-general-hospital-meridian,organization_unit,organization,Pharmacy Operations — Wexford General Hospital (Meridian),datasets/tenant-inputs/active/meridian-health/current/02_org_ownership.csv,138,organization-ownership/v1,no
meridian-health,meridian-health:organization_unit:quality-patient-safety-wexford-general-hospital-meridian,organization_unit,organization,Quality & Patient Safety — Wexford General Hospital (Meridian),datasets/tenant-inputs/active/meridian-health/current/02_org_ownership.csv,139,organization-ownership/v1,no
meridian-health,meridian-health:organization_unit:nursing-operations-marsh-point-community-hospital-meridian,organization_unit,organization,Nursing Operations — Marsh Point Community Hospital (Meridian),datasets/tenant-inputs/active/meridian-health/current/02_org_ownership.csv,140,organization-ownership/v1,no
meridian-health,meridian-health:organization_unit:emergency-department-operations-marsh-point-community-hospital-meridian,organization_unit,organization,Emergency Department Operations — Marsh Point Community Hospital (Meridian),datasets/tenant-inputs/active/meridian-health/current/02_org_ownership.csv,141,organization-ownership/v1,no
meridian-health,meridian-health:organization_unit:pharmacy-operations-marsh-point-community-hospital-meridian,organization_unit,organization,Pharmacy Operations — Marsh Point Community Hospital (Meridian),datasets/tenant-inputs/active/meridian-health/current/02_org_ownership.csv,142,organization-ownership/v1,no
meridian-health,meridian-health:organization_unit:quality-patient-safety-marsh-point-community-hospital-meridian,organization_unit,organization,Quality & Patient Safety — Marsh Point Community Hospital (Meridian),datasets/tenant-inputs/active/meridian-health/current/02_org_ownership.csv,143,organization-ownership/v1,no
meridian-health,meridian-health:organization_unit:nursing-operations-oakford-general-hospital-meridian,organization_unit,organization,Nursing Operations — Oakford General Hospital (Meridian),datasets/tenant-inputs/active/meridian-health/current/02_org_ownership.csv,144,organization-ownership/v1,no
meridian-health,meridian-health:organization_unit:emergency-department-operations-oakford-general-hospital-meridian,organization_unit,organization,Emergency Department Operations — Oakford General Hospital (Meridian),datasets/tenant-inputs/active/meridian-health/current/02_org_ownership.csv,145,organization-ownership/v1,no
meridian-health,meridian-health:organization_unit:pharmacy-operations-oakford-general-hospital-meridian,organization_unit,organization,Pharmacy Operations — Oakford General Hospital (Meridian),datasets/tenant-inputs/active/meridian-health/current/02_org_ownership.csv,146,organization-ownership/v1,no
meridian-health,meridian-health:organization_unit:quality-patient-safety-oakford-general-hospital-meridian,organization_unit,organization,Quality & Patient Safety — Oakford General Hospital (Meridian),datasets/tenant-inputs/active/meridian-health/current/02_org_ownership.csv,147,organization-ownership/v1,no
meridian-health,meridian-health:organization_unit:nursing-operations-stonebridge-community-hospital-meridian,organization_unit,organization,Nursing Operations — Stonebridge Community Hospital (Meridian),datasets/tenant-inputs/active/meridian-health/current/02_org_ownership.csv,148,organization-ownership/v1,no
meridian-health,meridian-health:organization_unit:emergency-department-operations-stonebridge-community-hospital-meridian,organization_unit,organization,Emergency Department Operations — Stonebridge Community Hospital (Meridian),datasets/tenant-inputs/active/meridian-health/current/02_org_ownership.csv,149,organization-ownership/v1,no
meridian-health,meridian-health:organization_unit:pharmacy-operations-stonebridge-community-hospital-meridian,organization_unit,organization,Pharmacy Operations — Stonebridge Community Hospital (Meridian),datasets/tenant-inputs/active/meridian-health/current/02_org_ownership.csv,150,organization-ownership/v1,no
meridian-health,meridian-health:organization_unit:quality-patient-safety-stonebridge-community-hospital-meridian,organization_unit,organization,Quality & Patient Safety — Stonebridge Community Hospital (Meridian),datasets/tenant-inputs/active/meridian-health/current/02_org_ownership.csv,151,organization-ownership/v1,no
meridian-health,meridian-health:organization_unit:nursing-operations-elm-crossing-general-hospital-meridian,organization_unit,organization,Nursing Operations — Elm Crossing General Hospital (Meridian),datasets/tenant-inputs/active/meridian-health/current/02_org_ownership.csv,152,organization-ownership/v1,no
meridian-health,meridian-health:organization_unit:emergency-department-operations-elm-crossing-general-hospital-meridian,organization_unit,organization,Emergency Department Operations — Elm Crossing General Hospital (Meridian),datasets/tenant-inputs/active/meridian-health/current/02_org_ownership.csv,153,organization-ownership/v1,no
meridian-health,meridian-health:organization_unit:pharmacy-operations-elm-crossing-general-hospital-meridian,organization_unit,organization,Pharmacy Operations — Elm Crossing General Hospital (Meridian),datasets/tenant-inputs/active/meridian-health/current/02_org_ownership.csv,154,organization-ownership/v1,no
meridian-health,meridian-health:organization_unit:quality-patient-safety-elm-crossing-general-hospital-meridian,organization_unit,organization,Quality & Patient Safety — Elm Crossing General Hospital (Meridian),datasets/tenant-inputs/active/meridian-health/current/02_org_ownership.csv,155,organization-ownership/v1,no
meridian-health,meridian-health:organization_unit:nursing-operations-harborview-community-hospital-meridian,organization_unit,organization,Nursing Operations — Harborview Community Hospital (Meridian),datasets/tenant-inputs/active/meridian-health/current/02_org_ownership.csv,156,organization-ownership/v1,no
meridian-health,meridian-health:organization_unit:emergency-department-operations-harborview-community-hospital-meridian,organization_unit,organization,Emergency Department Operations — Harborview Community Hospital (Meridian),datasets/tenant-inputs/active/meridian-health/current/02_org_ownership.csv,157,organization-ownership/v1,no
meridian-health,meridian-health:organization_unit:pharmacy-operations-harborview-community-hospital-meridian,organization_unit,organization,Pharmacy Operations — Harborview Community Hospital (Meridian),datasets/tenant-inputs/active/meridian-health/current/02_org_ownership.csv,158,organization-ownership/v1,no
meridian-health,meridian-health:organization_unit:quality-patient-safety-harborview-community-hospital-meridian,organization_unit,organization,Quality & Patient Safety — Harborview Community Hospital (Meridian),datasets/tenant-inputs/active/meridian-health/current/02_org_ownership.csv,159,organization-ownership/v1,no
meridian-health,meridian-health:organization_unit:nursing-operations-kettleford-general-hospital-meridian,organization_unit,organization,Nursing Operations — Kettleford General Hospital (Meridian),datasets/tenant-inputs/active/meridian-health/current/02_org_ownership.csv,160,organization-ownership/v1,no
meridian-health,meridian-health:organization_unit:emergency-department-operations-kettleford-general-hospital-meridian,organization_unit,organization,Emergency Department Operations — Kettleford General Hospital (Meridian),datasets/tenant-inputs/active/meridian-health/current/02_org_ownership.csv,161,organization-ownership/v1,no
meridian-health,meridian-health:organization_unit:pharmacy-operations-kettleford-general-hospital-meridian,organization_unit,organization,Pharmacy Operations — Kettleford General Hospital (Meridian),datasets/tenant-inputs/active/meridian-health/current/02_org_ownership.csv,162,organization-ownership/v1,no
meridian-health,meridian-health:organization_unit:quality-patient-safety-kettleford-general-hospital-meridian,organization_unit,organization,Quality & Patient Safety — Kettleford General Hospital (Meridian),datasets/tenant-inputs/active/meridian-health/current/02_org_ownership.csv,163,organization-ownership/v1,no
meridian-health,meridian-health:organization_unit:nursing-operations-sable-falls-community-hospital-meridian,organization_unit,organization,Nursing Operations — Sable Falls Community Hospital (Meridian),datasets/tenant-inputs/active/meridian-health/current/02_org_ownership.csv,164,organization-ownership/v1,no
meridian-health,meridian-health:organization_unit:emergency-department-operations-sable-falls-community-hospital-meridian,organization_unit,organization,Emergency Department Operations — Sable Falls Community Hospital (Meridian),datasets/tenant-inputs/active/meridian-health/current/02_org_ownership.csv,165,organization-ownership/v1,no
meridian-health,meridian-health:organization_unit:pharmacy-operations-sable-falls-community-hospital-meridian,organization_unit,organization,Pharmacy Operations — Sable Falls Community Hospital (Meridian),datasets/tenant-inputs/active/meridian-health/current/02_org_ownership.csv,166,organization-ownership/v1,no
meridian-health,meridian-health:organization_unit:quality-patient-safety-sable-falls-community-hospital-meridian,organization_unit,organization,Quality & Patient Safety — Sable Falls Community Hospital (Meridian),datasets/tenant-inputs/active/meridian-health/current/02_org_ownership.csv,167,organization-ownership/v1,no
meridian-health,meridian-health:organization_unit:nursing-operations-thornwood-general-hospital-meridian,organization_unit,organization,Nursing Operations — Thornwood General Hospital (Meridian),datasets/tenant-inputs/active/meridian-health/current/02_org_ownership.csv,168,organization-ownership/v1,no
meridian-health,meridian-health:organization_unit:emergency-department-operations-thornwood-general-hospital-meridian,organization_unit,organization,Emergency Department Operations — Thornwood General Hospital (Meridian),datasets/tenant-inputs/active/meridian-health/current/02_org_ownership.csv,169,organization-ownership/v1,no
meridian-health,meridian-health:organization_unit:pharmacy-operations-thornwood-general-hospital-meridian,organization_unit,organization,Pharmacy Operations — Thornwood General Hospital (Meridian),datasets/tenant-inputs/active/meridian-health/current/02_org_ownership.csv,170,organization-ownership/v1,no
meridian-health,meridian-health:organization_unit:quality-patient-safety-thornwood-general-hospital-meridian,organization_unit,organization,Quality & Patient Safety — Thornwood General Hospital (Meridian),datasets/tenant-inputs/active/meridian-health/current/02_org_ownership.csv,171,organization-ownership/v1,no
meridian-health,meridian-health:organization_unit:nursing-operations-meridian-rehabilitation-hospital-millbrook,organization_unit,organization,Nursing Operations — Meridian Rehabilitation Hospital — Millbrook,datasets/tenant-inputs/active/meridian-health/current/02_org_ownership.csv,172,organization-ownership/v1,no
meridian-health,meridian-health:organization_unit:emergency-department-operations-meridian-rehabilitation-hospital-millbrook,organization_unit,organization,Emergency Department Operations — Meridian Rehabilitation Hospital — Millbrook,datasets/tenant-inputs/active/meridian-health/current/02_org_ownership.csv,173,organization-ownership/v1,no
meridian-health,meridian-health:organization_unit:pharmacy-operations-meridian-rehabilitation-hospital-millbrook,organization_unit,organization,Pharmacy Operations — Meridian Rehabilitation Hospital — Millbrook,datasets/tenant-inputs/active/meridian-health/current/02_org_ownership.csv,174,organization-ownership/v1,no
meridian-health,meridian-health:organization_unit:quality-patient-safety-meridian-rehabilitation-hospital-millbrook,organization_unit,organization,Quality & Patient Safety — Meridian Rehabilitation Hospital — Millbrook,datasets/tenant-inputs/active/meridian-health/current/02_org_ownership.csv,175,organization-ownership/v1,no
meridian-health,meridian-health:organization_unit:nursing-operations-meridian-rehabilitation-hospital-fairhaven,organization_unit,organization,Nursing Operations — Meridian Rehabilitation Hospital — Fairhaven,datasets/tenant-inputs/active/meridian-health/current/02_org_ownership.csv,176,organization-ownership/v1,no
meridian-health,meridian-health:organization_unit:emergency-department-operations-meridian-rehabilitation-hospital-fairhaven,organization_unit,organization,Emergency Department Operations — Meridian Rehabilitation Hospital — Fairhaven,datasets/tenant-inputs/active/meridian-health/current/02_org_ownership.csv,177,organization-ownership/v1,no
meridian-health,meridian-health:organization_unit:pharmacy-operations-meridian-rehabilitation-hospital-fairhaven,organization_unit,organization,Pharmacy Operations — Meridian Rehabilitation Hospital — Fairhaven,datasets/tenant-inputs/active/meridian-health/current/02_org_ownership.csv,178,organization-ownership/v1,no
meridian-health,meridian-health:organization_unit:quality-patient-safety-meridian-rehabilitation-hospital-fairhaven,organization_unit,organization,Quality & Patient Safety — Meridian Rehabilitation Hospital — Fairhaven,datasets/tenant-inputs/active/meridian-health/current/02_org_ownership.csv,179,organization-ownership/v1,no
meridian-health,meridian-health:organization_unit:meridian-medical-group-clinic-operations-north-metro,organization_unit,organization,Meridian Medical Group Clinic Operations — North Metro,datasets/tenant-inputs/active/meridian-health/current/02_org_ownership.csv,180,organization-ownership/v1,no
meridian-health,meridian-health:organization_unit:meridian-medical-group-clinic-operations-south-metro,organization_unit,organization,Meridian Medical Group Clinic Operations — South Metro,datasets/tenant-inputs/active/meridian-health/current/02_org_ownership.csv,181,organization-ownership/v1,no
meridian-health,meridian-health:organization_unit:meridian-medical-group-clinic-operations-west-county,organization_unit,organization,Meridian Medical Group Clinic Operations — West County,datasets/tenant-inputs/active/meridian-health/current/02_org_ownership.csv,182,organization-ownership/v1,no
meridian-health,meridian-health:organization_unit:meridian-medical-group-clinic-operations-fairhaven-corridor,organization_unit,organization,Meridian Medical Group Clinic Operations — Fairhaven Corridor,datasets/tenant-inputs/active/meridian-health/current/02_org_ownership.csv,183,organization-ownership/v1,no
meridian-health,meridian-health:organization_unit:meridian-medical-group-clinic-operations-cedar-bluff-rural,organization_unit,organization,Meridian Medical Group Clinic Operations — Cedar Bluff Rural,datasets/tenant-inputs/active/meridian-health/current/02_org_ownership.csv,184,organization-ownership/v1,no
meridian-health,meridian-health:organization_unit:meridian-medical-group-clinic-operations-downtown-lakeview,organization_unit,organization,Meridian Medical Group Clinic Operations — Downtown Lakeview,datasets/tenant-inputs/active/meridian-health/current/02_org_ownership.csv,185,organization-ownership/v1,no
meridian-health,meridian-health:organization_unit:meridian-health-plan-medicare-advantage-operations,organization_unit,organization,Meridian Health Plan — Medicare Advantage Operations,datasets/tenant-inputs/active/meridian-health/current/02_org_ownership.csv,186,organization-ownership/v1,no
meridian-health,meridian-health:organization_unit:meridian-health-plan-commercial-plan-operations,organization_unit,organization,Meridian Health Plan — Commercial Plan Operations,datasets/tenant-inputs/active/meridian-health/current/02_org_ownership.csv,187,organization-ownership/v1,no
meridian-health,meridian-health:organization_unit:meridian-health-plan-medicaid-managed-care-operations,organization_unit,organization,Meridian Health Plan — Medicaid Managed Care Operations,datasets/tenant-inputs/active/meridian-health/current/02_org_ownership.csv,188,organization-ownership/v1,no
meridian-health,meridian-health:organization_unit:meridian-health-plan-claims-adjudication,organization_unit,organization,Meridian Health Plan — Claims Adjudication,datasets/tenant-inputs/active/meridian-health/current/02_org_ownership.csv,189,organization-ownership/v1,no
meridian-health,meridian-health:organization_unit:meridian-health-plan-member-services-grievances,organization_unit,organization,Meridian Health Plan — Member Services & Grievances,datasets/tenant-inputs/active/meridian-health/current/02_org_ownership.csv,190,organization-ownership/v1,no
meridian-health,meridian-health:organization_unit:meridian-health-plan-provider-network-management,organization_unit,organization,Meridian Health Plan — Provider Network Management,datasets/tenant-inputs/active/meridian-health/current/02_org_ownership.csv,191,organization-ownership/v1,no
meridian-health,meridian-health:organization_unit:meridian-health-plan-actuarial-bid-development,organization_unit,organization,Meridian Health Plan — Actuarial & Bid Development,datasets/tenant-inputs/active/meridian-health/current/02_org_ownership.csv,192,organization-ownership/v1,no
meridian-health,meridian-health:organization_unit:meridian-health-plan-underwriting,organization_unit,organization,Meridian Health Plan — Underwriting,datasets/tenant-inputs/active/meridian-health/current/02_org_ownership.csv,193,organization-ownership/v1,no
meridian-health,meridian-health:organization_unit:meridian-health-plan-risk-adjustment-operations,organization_unit,organization,Meridian Health Plan — Risk Adjustment Operations,datasets/tenant-inputs/active/meridian-health/current/02_org_ownership.csv,194,organization-ownership/v1,no
meridian-health,meridian-health:organization_unit:meridian-health-plan-stars-program-office,organization_unit,organization,Meridian Health Plan — STARS Program Office,datasets/tenant-inputs/active/meridian-health/current/02_org_ownership.csv,195,organization-ownership/v1,no
meridian-health,meridian-health:organization_unit:epic-hyperspace-build-optimization-team,organization_unit,organization,Epic Hyperspace Build & Optimization Team,datasets/tenant-inputs/active/meridian-health/current/02_org_ownership.csv,196,organization-ownership/v1,no
meridian-health,meridian-health:organization_unit:epic-chronicles-build-optimization-team,organization_unit,organization,Epic Chronicles Build & Optimization Team,datasets/tenant-inputs/active/meridian-health/current/02_org_ownership.csv,197,organization-ownership/v1,no
meridian-health,meridian-health:organization_unit:epic-clarity-build-optimization-team,organization_unit,organization,Epic Clarity Build & Optimization Team,datasets/tenant-inputs/active/meridian-health/current/02_org_ownership.csv,198,organization-ownership/v1,no
meridian-health,meridian-health:organization_unit:epic-caboodle-build-optimization-team,organization_unit,organization,Epic Caboodle Build & Optimization Team,datasets/tenant-inputs/active/meridian-health/current/02_org_ownership.csv,199,organization-ownership/v1,no
meridian-health,meridian-health:organization_unit:epic-cogito-slicerdicer-build-optimization-team,organization_unit,organization,Epic Cogito / SlicerDicer Build & Optimization Team,datasets/tenant-inputs/active/meridian-health/current/02_org_ownership.csv,200,organization-ownership/v1,no
meridian-health,meridian-health:organization_unit:epic-willow-ambulatory-build-optimization-team,organization_unit,organization,Epic Willow Ambulatory Build & Optimization Team,datasets/tenant-inputs/active/meridian-health/current/02_org_ownership.csv,201,organization-ownership/v1,no
meridian-health,meridian-health:organization_unit:epic-willow-inpatient-build-optimization-team,organization_unit,organization,Epic Willow Inpatient Build & Optimization Team,datasets/tenant-inputs/active/meridian-health/current/02_org_ownership.csv,202,organization-ownership/v1,no
meridian-health,meridian-health:organization_unit:epic-beaker-ap-build-optimization-team,organization_unit,organization,Epic Beaker AP Build & Optimization Team,datasets/tenant-inputs/active/meridian-health/current/02_org_ownership.csv,203,organization-ownership/v1,no
meridian-health,meridian-health:organization_unit:epic-beaker-cp-build-optimization-team,organization_unit,organization,Epic Beaker CP Build & Optimization Team,datasets/tenant-inputs/active/meridian-health/current/02_org_ownership.csv,204,organization-ownership/v1,no
meridian-health,meridian-health:organization_unit:epic-radiant-build-optimization-team,organization_unit,organization,Epic Radiant Build & Optimization Team,datasets/tenant-inputs/active/meridian-health/current/02_org_ownership.csv,205,organization-ownership/v1,no
meridian-health,meridian-health:organization_unit:epic-cupid-build-optimization-team,organization_unit,organization,Epic Cupid Build & Optimization Team,datasets/tenant-inputs/active/meridian-health/current/02_org_ownership.csv,206,organization-ownership/v1,no
meridian-health,meridian-health:organization_unit:epic-asap-build-optimization-team,organization_unit,organization,Epic ASAP Build & Optimization Team,datasets/tenant-inputs/active/meridian-health/current/02_org_ownership.csv,207,organization-ownership/v1,no
meridian-health,meridian-health:organization_unit:epic-cadence-build-optimization-team,organization_unit,organization,Epic Cadence Build & Optimization Team,datasets/tenant-inputs/active/meridian-health/current/02_org_ownership.csv,208,organization-ownership/v1,no
meridian-health,meridian-health:organization_unit:epic-prelude-build-optimization-team,organization_unit,organization,Epic Prelude Build & Optimization Team,datasets/tenant-inputs/active/meridian-health/current/02_org_ownership.csv,209,organization-ownership/v1,no
meridian-health,meridian-health:organization_unit:epic-resolute-hospital-billing-build-optimization-team,organization_unit,organization,Epic Resolute Hospital Billing Build & Optimization Team,datasets/tenant-inputs/active/meridian-health/current/02_org_ownership.csv,210,organization-ownership/v1,no
meridian-health,meridian-health:organization_unit:epic-resolute-professional-billing-build-optimization-team,organization_unit,organization,Epic Resolute Professional Billing Build & Optimization Team,datasets/tenant-inputs/active/meridian-health/current/02_org_ownership.csv,211,organization-ownership/v1,no
meridian-health,meridian-health:organization_unit:epic-tapestry-build-optimization-team,organization_unit,organization,Epic Tapestry Build & Optimization Team,datasets/tenant-inputs/active/meridian-health/current/02_org_ownership.csv,212,organization-ownership/v1,no
meridian-health,meridian-health:organization_unit:epic-healthy-planet-build-optimization-team,organization_unit,organization,Epic Healthy Planet Build & Optimization Team,datasets/tenant-inputs/active/meridian-health/current/02_org_ownership.csv,213,organization-ownership/v1,no
meridian-health,meridian-health:organization_unit:epic-mychart-build-optimization-team,organization_unit,organization,Epic MyChart Build & Optimization Team,datasets/tenant-inputs/active/meridian-health/current/02_org_ownership.csv,214,organization-ownership/v1,no
meridian-health,meridian-health:organization_unit:epic-care-everywhere-build-optimization-team,organization_unit,organization,Epic Care Everywhere Build & Optimization Team,datasets/tenant-inputs/active/meridian-health/current/02_org_ownership.csv,215,organization-ownership/v1,no
meridian-health,meridian-health:organization_unit:network-operations-center,organization_unit,organization,Network Operations Center,datasets/tenant-inputs/active/meridian-health/current/02_org_ownership.csv,216,organization-ownership/v1,no
meridian-health,meridian-health:organization_unit:cloud-data-platform-evaluation-team-databricks,organization_unit,organization,Cloud & Data Platform Evaluation Team (Databricks),datasets/tenant-inputs/active/meridian-health/current/02_org_ownership.csv,217,organization-ownership/v1,no
meridian-health,meridian-health:organization_unit:tableau-bi-platform-team,organization_unit,organization,Tableau & BI Platform Team,datasets/tenant-inputs/active/meridian-health/current/02_org_ownership.csv,218,organization-ownership/v1,no
meridian-health,meridian-health:organization_unit:identity-access-management-team,organization_unit,organization,Identity & Access Management Team,datasets/tenant-inputs/active/meridian-health/current/02_org_ownership.csv,219,organization-ownership/v1,no
meridian-health,meridian-health:organization_unit:security-operations-center,organization_unit,organization,Security Operations Center,datasets/tenant-inputs/active/meridian-health/current/02_org_ownership.csv,220,organization-ownership/v1,no
meridian-health,meridian-health:organization_unit:data-governance-council,organization_unit,organization,Data Governance Council,datasets/tenant-inputs/active/meridian-health/current/02_org_ownership.csv,221,organization-ownership/v1,no
meridian-health,meridian-health:organization_unit:interface-engineering-team,organization_unit,organization,Interface Engineering Team,datasets/tenant-inputs/active/meridian-health/current/02_org_ownership.csv,222,organization-ownership/v1,no
meridian-health,meridian-health:organization_unit:database-administration-team,organization_unit,organization,Database Administration Team,datasets/tenant-inputs/active/meridian-health/current/02_org_ownership.csv,223,organization-ownership/v1,no
meridian-health,meridian-health:organization_unit:servicenow-platform-team,organization_unit,organization,ServiceNow Platform Team,datasets/tenant-inputs/active/meridian-health/current/02_org_ownership.csv,224,organization-ownership/v1,no
meridian-health,meridian-health:organization_unit:enterprise-program-management-office,organization_unit,organization,Enterprise Program Management Office,datasets/tenant-inputs/active/meridian-health/current/02_org_ownership.csv,225,organization-ownership/v1,no
meridian-health,meridian-health:organization_unit:office-of-the-chief-marketing-officer,organization_unit,organization,Office of the Chief Marketing Officer,datasets/tenant-inputs/active/meridian-health/current/02_org_ownership.csv,226,organization-ownership/v1,no
meridian-health,meridian-health:workforce_role:employed-physician-primary-care-ambulatory-physician-network-operations,workforce_role,workforce,Employed Physician (Primary Care) / Ambulatory & Physician Network Operations,datasets/tenant-inputs/active/meridian-health/current/03_workforce_roles.csv,2,organization-workforce-roles/v1,no
meridian-health,meridian-health:workforce_role:employed-physician-specialty-ambulatory-physician-network-operations,workforce_role,workforce,Employed Physician (Specialty) / Ambulatory & Physician Network Operations,datasets/tenant-inputs/active/meridian-health/current/03_workforce_roles.csv,3,organization-workforce-roles/v1,no
meridian-health,meridian-health:workforce_role:affiliated-community-connect-physician-ambulatory-physician-network-operations,workforce_role,workforce,Affiliated/Community Connect Physician / Ambulatory & Physician Network Operations,datasets/tenant-inputs/active/meridian-health/current/03_workforce_roles.csv,4,organization-workforce-roles/v1,no
meridian-health,meridian-health:workforce_role:advanced-practice-provider-np-pa-ambulatory-physician-network-operations,workforce_role,workforce,Advanced Practice Provider (NP/PA) / Ambulatory & Physician Network Operations,datasets/tenant-inputs/active/meridian-health/current/03_workforce_roles.csv,5,organization-workforce-roles/v1,no
meridian-health,meridian-health:workforce_role:hospitalist-acute-care-clinical-operations,workforce_role,workforce,Hospitalist / Acute Care Clinical Operations,datasets/tenant-inputs/active/meridian-health/current/03_workforce_roles.csv,6,organization-workforce-roles/v1,no
meridian-health,meridian-health:workforce_role:registered-nurse-inpatient-nursing-operations,workforce_role,workforce,Registered Nurse — Inpatient / Nursing Operations,datasets/tenant-inputs/active/meridian-health/current/03_workforce_roles.csv,7,organization-workforce-roles/v1,no
meridian-health,meridian-health:workforce_role:registered-nurse-ambulatory-ambulatory-physician-network-operations,workforce_role,workforce,Registered Nurse — Ambulatory / Ambulatory & Physician Network Operations,datasets/tenant-inputs/active/meridian-health/current/03_workforce_roles.csv,8,organization-workforce-roles/v1,no
meridian-health,meridian-health:workforce_role:registered-nurse-case-management-population-health-care-management,workforce_role,workforce,Registered Nurse — Case Management / Population Health & Care Management,datasets/tenant-inputs/active/meridian-health/current/03_workforce_roles.csv,9,organization-workforce-roles/v1,no
meridian-health,meridian-health:workforce_role:medical-assistant-ambulatory-physician-network-operations,workforce_role,workforce,Medical Assistant / Ambulatory & Physician Network Operations,datasets/tenant-inputs/active/meridian-health/current/03_workforce_roles.csv,10,organization-workforce-roles/v1,no
meridian-health,meridian-health:workforce_role:patient-access-representative-patient-access-registration,workforce_role,workforce,Patient Access Representative / Patient Access & Registration,datasets/tenant-inputs/active/meridian-health/current/03_workforce_roles.csv,11,organization-workforce-roles/v1,no
meridian-health,meridian-health:workforce_role:coding-specialist-him-revenue-cycle,workforce_role,workforce,Coding Specialist (HIM) / Revenue Cycle,datasets/tenant-inputs/active/meridian-health/current/03_workforce_roles.csv,12,organization-workforce-roles/v1,no
meridian-health,meridian-health:workforce_role:claims-examiner-health-plan-payer-operations,workforce_role,workforce,Claims Examiner / Health Plan & Payer Operations,datasets/tenant-inputs/active/meridian-health/current/03_workforce_roles.csv,13,organization-workforce-roles/v1,no
meridian-health,meridian-health:workforce_role:care-manager-case-manager-health-plan-population-health-care-management,workforce_role,workforce,Care Manager / Case Manager (Health Plan) / Population Health & Care Management,datasets/tenant-inputs/active/meridian-health/current/03_workforce_roles.csv,14,organization-workforce-roles/v1,no
meridian-health,meridian-health:workforce_role:utilization-review-nurse-population-health-care-management,workforce_role,workforce,Utilization Review Nurse / Population Health & Care Management,datasets/tenant-inputs/active/meridian-health/current/03_workforce_roles.csv,15,organization-workforce-roles/v1,no
meridian-health,meridian-health:workforce_role:pharmacist-inpatient-pharmacy-services,workforce_role,workforce,Pharmacist — Inpatient / Pharmacy Services,datasets/tenant-inputs/active/meridian-health/current/03_workforce_roles.csv,16,organization-workforce-roles/v1,no
meridian-health,meridian-health:workforce_role:pharmacist-ambulatory-retail-pharmacy-services,workforce_role,workforce,Pharmacist — Ambulatory/Retail / Pharmacy Services,datasets/tenant-inputs/active/meridian-health/current/03_workforce_roles.csv,17,organization-workforce-roles/v1,no
meridian-health,meridian-health:workforce_role:pharmacy-technician-pharmacy-services,workforce_role,workforce,Pharmacy Technician / Pharmacy Services,datasets/tenant-inputs/active/meridian-health/current/03_workforce_roles.csv,18,organization-workforce-roles/v1,no
meridian-health,meridian-health:workforce_role:hedis-quality-abstractor-quality-regulatory-affairs,workforce_role,workforce,HEDIS/Quality Abstractor / Quality & Regulatory Affairs,datasets/tenant-inputs/active/meridian-health/current/03_workforce_roles.csv,19,organization-workforce-roles/v1,no
meridian-health,meridian-health:workforce_role:stars-program-manager-quality-regulatory-affairs,workforce_role,workforce,STARS Program Manager / Quality & Regulatory Affairs,datasets/tenant-inputs/active/meridian-health/current/03_workforce_roles.csv,20,organization-workforce-roles/v1,no
meridian-health,meridian-health:workforce_role:compliance-privacy-analyst-legal-compliance-privacy,workforce_role,workforce,"Compliance/Privacy Analyst / Legal, Compliance & Privacy",datasets/tenant-inputs/active/meridian-health/current/03_workforce_roles.csv,21,organization-workforce-roles/v1,no
meridian-health,meridian-health:workforce_role:epic-analyst-ambulatory-cadence-clinical-informatics,workforce_role,workforce,Epic Analyst — Ambulatory/Cadence / Clinical Informatics,datasets/tenant-inputs/active/meridian-health/current/03_workforce_roles.csv,22,organization-workforce-roles/v1,no
meridian-health,meridian-health:workforce_role:epic-analyst-inpatient-clindoc-optime-clinical-informatics,workforce_role,workforce,Epic Analyst — Inpatient/ClinDoc/OpTime / Clinical Informatics,datasets/tenant-inputs/active/meridian-health/current/03_workforce_roles.csv,23,organization-workforce-roles/v1,no
meridian-health,meridian-health:workforce_role:epic-analyst-revenue-cycle-resolute-clinical-informatics,workforce_role,workforce,Epic Analyst — Revenue Cycle (Resolute) / Clinical Informatics,datasets/tenant-inputs/active/meridian-health/current/03_workforce_roles.csv,24,organization-workforce-roles/v1,no
meridian-health,meridian-health:workforce_role:epic-analyst-willow-pharmacy-clinical-informatics,workforce_role,workforce,Epic Analyst — Willow Pharmacy / Clinical Informatics,datasets/tenant-inputs/active/meridian-health/current/03_workforce_roles.csv,25,organization-workforce-roles/v1,no
meridian-health,meridian-health:workforce_role:epic-analyst-tapestry-payer-clinical-informatics,workforce_role,workforce,Epic Analyst — Tapestry Payer / Clinical Informatics,datasets/tenant-inputs/active/meridian-health/current/03_workforce_roles.csv,26,organization-workforce-roles/v1,no
meridian-health,meridian-health:workforce_role:epic-analyst-beaker-radiant-clinical-informatics,workforce_role,workforce,Epic Analyst — Beaker/Radiant / Clinical Informatics,datasets/tenant-inputs/active/meridian-health/current/03_workforce_roles.csv,27,organization-workforce-roles/v1,no
meridian-health,meridian-health:workforce_role:data-engineer-sql-server-data-analytics-ai,workforce_role,workforce,Data Engineer (SQL Server) / Data Analytics & AI,datasets/tenant-inputs/active/meridian-health/current/03_workforce_roles.csv,28,organization-workforce-roles/v1,no
meridian-health,meridian-health:workforce_role:bi-analyst-report-writer-tableau-data-analytics-ai,workforce_role,workforce,BI Analyst / Report Writer (Tableau) / Data Analytics & AI,datasets/tenant-inputs/active/meridian-health/current/03_workforce_roles.csv,29,organization-workforce-roles/v1,no
meridian-health,meridian-health:workforce_role:data-scientist-ai-analyst-data-analytics-ai,workforce_role,workforce,Data Scientist / AI Analyst / Data Analytics & AI,datasets/tenant-inputs/active/meridian-health/current/03_workforce_roles.csv,30,organization-workforce-roles/v1,no
meridian-health,meridian-health:workforce_role:data-governance-steward-data-analytics-ai,workforce_role,workforce,Data Governance Steward / Data Analytics & AI,datasets/tenant-inputs/active/meridian-health/current/03_workforce_roles.csv,31,organization-workforce-roles/v1,no
meridian-health,meridian-health:workforce_role:infrastructure-engineer-on-prem-information-technology-digital,workforce_role,workforce,Infrastructure Engineer (On-Prem) / Information Technology & Digital,datasets/tenant-inputs/active/meridian-health/current/03_workforce_roles.csv,32,organization-workforce-roles/v1,no
meridian-health,meridian-health:workforce_role:cloud-data-platform-evaluation-analyst-information-technology-digital,workforce_role,workforce,Cloud & Data Platform Evaluation Analyst / Information Technology & Digital,datasets/tenant-inputs/active/meridian-health/current/03_workforce_roles.csv,33,organization-workforce-roles/v1,no
meridian-health,meridian-health:workforce_role:network-engineer-information-technology-digital,workforce_role,workforce,Network Engineer / Information Technology & Digital,datasets/tenant-inputs/active/meridian-health/current/03_workforce_roles.csv,34,organization-workforce-roles/v1,no
meridian-health,meridian-health:workforce_role:security-analyst-soc-cybersecurity-it-risk,workforce_role,workforce,Security Analyst (SOC) / Cybersecurity & IT Risk,datasets/tenant-inputs/active/meridian-health/current/03_workforce_roles.csv,35,organization-workforce-roles/v1,no
meridian-health,meridian-health:workforce_role:interface-engineer-information-technology-digital,workforce_role,workforce,Interface Engineer / Information Technology & Digital,datasets/tenant-inputs/active/meridian-health/current/03_workforce_roles.csv,36,organization-workforce-roles/v1,no
meridian-health,meridian-health:workforce_role:it-service-desk-agent-information-technology-digital,workforce_role,workforce,IT Service Desk Agent / Information Technology & Digital,datasets/tenant-inputs/active/meridian-health/current/03_workforce_roles.csv,37,organization-workforce-roles/v1,no
meridian-health,meridian-health:workforce_role:servicenow-itsm-analyst-information-technology-digital,workforce_role,workforce,ServiceNow/ITSM Analyst / Information Technology & Digital,datasets/tenant-inputs/active/meridian-health/current/03_workforce_roles.csv,38,organization-workforce-roles/v1,no
meridian-health,meridian-health:workforce_role:contact-center-representative-member-services-member-services-patient-experience,workforce_role,workforce,Contact Center Representative (Member Services) / Member Services & Patient Experience,datasets/tenant-inputs/active/meridian-health/current/03_workforce_roles.csv,39,organization-workforce-roles/v1,no
meridian-health,meridian-health:workforce_role:supply-chain-procurement-specialist-supply-chain-procurement,workforce_role,workforce,Supply Chain/Procurement Specialist / Supply Chain & Procurement,datasets/tenant-inputs/active/meridian-health/current/03_workforce_roles.csv,40,organization-workforce-roles/v1,no
meridian-health,meridian-health:workforce_role:actuarial-analyst-actuarial-underwriting,workforce_role,workforce,Actuarial Analyst / Actuarial & Underwriting,datasets/tenant-inputs/active/meridian-health/current/03_workforce_roles.csv,41,organization-workforce-roles/v1,no
meridian-health,meridian-health:workforce_role:risk-adjustment-raf-analyst-health-plan-payer-operations,workforce_role,workforce,Risk Adjustment/RAF Analyst / Health Plan & Payer Operations,datasets/tenant-inputs/active/meridian-health/current/03_workforce_roles.csv,42,organization-workforce-roles/v1,no
meridian-health,meridian-health:workforce_role:population-health-coordinator-population-health-care-management,workforce_role,workforce,Population Health Coordinator / Population Health & Care Management,datasets/tenant-inputs/active/meridian-health/current/03_workforce_roles.csv,43,organization-workforce-roles/v1,no
meridian-health,meridian-health:workforce_role:behavioral-health-clinician-behavioral-health,workforce_role,workforce,Behavioral Health Clinician / Behavioral Health,datasets/tenant-inputs/active/meridian-health/current/03_workforce_roles.csv,44,organization-workforce-roles/v1,no
meridian-health,meridian-health:workforce_role:telehealth-virtual-care-coordinator-population-health-care-management,workforce_role,workforce,Telehealth/Virtual Care Coordinator / Population Health & Care Management,datasets/tenant-inputs/active/meridian-health/current/03_workforce_roles.csv,45,organization-workforce-roles/v1,no
meridian-health,meridian-health:workforce_role:application-owner-non-epic-cots-information-technology-digital,workforce_role,workforce,Application Owner (Non-Epic COTS) / Information Technology & Digital,datasets/tenant-inputs/active/meridian-health/current/03_workforce_roles.csv,46,organization-workforce-roles/v1,no
meridian-health,meridian-health:vendor_contract:epic-systems-corporation,vendor_contract,vendor,Epic Systems Corporation,datasets/tenant-inputs/active/meridian-health/current/07_vendors_contracts.csv,2,vendor-contracts/v1,no
meridian-health,meridian-health:vendor_contract:microsoft-corporation,vendor_contract,vendor,Microsoft Corporation,datasets/tenant-inputs/active/meridian-health/current/07_vendors_contracts.csv,3,vendor-contracts/v1,no
meridian-health,meridian-health:vendor_contract:cerner-corporation-oracle-health,vendor_contract,vendor,Cerner Corporation (Oracle Health),datasets/tenant-inputs/active/meridian-health/current/07_vendors_contracts.csv,4,vendor-contracts/v1,no
meridian-health,meridian-health:vendor_contract:ge-healthcare,vendor_contract,vendor,GE HealthCare,datasets/tenant-inputs/active/meridian-health/current/07_vendors_contracts.csv,5,vendor-contracts/v1,no
meridian-health,meridian-health:vendor_contract:philips-healthcare,vendor_contract,vendor,Philips Healthcare,datasets/tenant-inputs/active/meridian-health/current/07_vendors_contracts.csv,6,vendor-contracts/v1,no
meridian-health,meridian-health:vendor_contract:sunquest-information-systems,vendor_contract,vendor,Sunquest Information Systems,datasets/tenant-inputs/active/meridian-health/current/07_vendors_contracts.csv,7,vendor-contracts/v1,no
meridian-health,meridian-health:vendor_contract:haemonetics-safetrace-tx,vendor_contract,vendor,Haemonetics (SafeTrace Tx),datasets/tenant-inputs/active/meridian-health/current/07_vendors_contracts.csv,8,vendor-contracts/v1,no
meridian-health,meridian-health:vendor_contract:vocera-communications,vendor_contract,vendor,Vocera Communications,datasets/tenant-inputs/active/meridian-health/current/07_vendors_contracts.csv,9,vendor-contracts/v1,no
meridian-health,meridian-health:vendor_contract:imprivata,vendor_contract,vendor,Imprivata,datasets/tenant-inputs/active/meridian-health/current/07_vendors_contracts.csv,10,vendor-contracts/v1,no
meridian-health,meridian-health:vendor_contract:change-healthcare,vendor_contract,vendor,Change Healthcare,datasets/tenant-inputs/active/meridian-health/current/07_vendors_contracts.csv,11,vendor-contracts/v1,no
meridian-health,meridian-health:vendor_contract:availity,vendor_contract,vendor,Availity,datasets/tenant-inputs/active/meridian-health/current/07_vendors_contracts.csv,12,vendor-contracts/v1,no
meridian-health,meridian-health:vendor_contract:cotiviti,vendor_contract,vendor,Cotiviti,datasets/tenant-inputs/active/meridian-health/current/07_vendors_contracts.csv,13,vendor-contracts/v1,no
meridian-health,meridian-health:vendor_contract:inovalon,vendor_contract,vendor,Inovalon,datasets/tenant-inputs/active/meridian-health/current/07_vendors_contracts.csv,14,vendor-contracts/v1,no
meridian-health,meridian-health:vendor_contract:sph-analytics,vendor_contract,vendor,SPH Analytics,datasets/tenant-inputs/active/meridian-health/current/07_vendors_contracts.csv,15,vendor-contracts/v1,no
meridian-health,meridian-health:vendor_contract:ncqa-hedis-certified-measures-verscend-health-fidelity-engine,vendor_contract,vendor,NCQA HEDIS Certified Measures (Verscend/Health Fidelity engine),datasets/tenant-inputs/active/meridian-health/current/07_vendors_contracts.csv,16,vendor-contracts/v1,no
meridian-health,meridian-health:vendor_contract:mcg-health,vendor_contract,vendor,MCG Health,datasets/tenant-inputs/active/meridian-health/current/07_vendors_contracts.csv,17,vendor-contracts/v1,no
meridian-health,meridian-health:vendor_contract:interqual-change-healthcare,vendor_contract,vendor,InterQual (Change Healthcare),datasets/tenant-inputs/active/meridian-health/current/07_vendors_contracts.csv,18,vendor-contracts/v1,no
meridian-health,meridian-health:vendor_contract:casenet-casenet-llc,vendor_contract,vendor,"CaseNet (Casenet, LLC)",datasets/tenant-inputs/active/meridian-health/current/07_vendors_contracts.csv,19,vendor-contracts/v1,no
meridian-health,meridian-health:vendor_contract:healthedge-healthrules-payer,vendor_contract,vendor,HealthEdge (HealthRules Payer),datasets/tenant-inputs/active/meridian-health/current/07_vendors_contracts.csv,20,vendor-contracts/v1,no
meridian-health,meridian-health:vendor_contract:workday-inc,vendor_contract,vendor,"Workday, Inc.",datasets/tenant-inputs/active/meridian-health/current/07_vendors_contracts.csv,21,vendor-contracts/v1,no
meridian-health,meridian-health:vendor_contract:infor-lawson,vendor_contract,vendor,Infor (Lawson),datasets/tenant-inputs/active/meridian-health/current/07_vendors_contracts.csv,22,vendor-contracts/v1,no
meridian-health,meridian-health:vendor_contract:ukg-ultimate-kronos-group,vendor_contract,vendor,UKG (Ultimate Kronos Group),datasets/tenant-inputs/active/meridian-health/current/07_vendors_contracts.csv,23,vendor-contracts/v1,no
meridian-health,meridian-health:vendor_contract:sap-ariba,vendor_contract,vendor,SAP Ariba,datasets/tenant-inputs/active/meridian-health/current/07_vendors_contracts.csv,24,vendor-contracts/v1,no
meridian-health,meridian-health:vendor_contract:servicenow,vendor_contract,vendor,ServiceNow,datasets/tenant-inputs/active/meridian-health/current/07_vendors_contracts.csv,25,vendor-contracts/v1,no
meridian-health,meridian-health:vendor_contract:cisco-systems,vendor_contract,vendor,Cisco Systems,datasets/tenant-inputs/active/meridian-health/current/07_vendors_contracts.csv,26,vendor-contracts/v1,no
meridian-health,meridian-health:vendor_contract:netapp,vendor_contract,vendor,NetApp,datasets/tenant-inputs/active/meridian-health/current/07_vendors_contracts.csv,27,vendor-contracts/v1,no
meridian-health,meridian-health:vendor_contract:vmware-broadcom,vendor_contract,vendor,VMware (Broadcom),datasets/tenant-inputs/active/meridian-health/current/07_vendors_contracts.csv,28,vendor-contracts/v1,no
meridian-health,meridian-health:vendor_contract:citrix-systems,vendor_contract,vendor,Citrix Systems,datasets/tenant-inputs/active/meridian-health/current/07_vendors_contracts.csv,29,vendor-contracts/v1,no
meridian-health,meridian-health:vendor_contract:crowdstrike,vendor_contract,vendor,CrowdStrike,datasets/tenant-inputs/active/meridian-health/current/07_vendors_contracts.csv,30,vendor-contracts/v1,no
meridian-health,meridian-health:vendor_contract:splunk-inc,vendor_contract,vendor,Splunk Inc.,datasets/tenant-inputs/active/meridian-health/current/07_vendors_contracts.csv,31,vendor-contracts/v1,no
meridian-health,meridian-health:vendor_contract:cyberark,vendor_contract,vendor,CyberArk,datasets/tenant-inputs/active/meridian-health/current/07_vendors_contracts.csv,32,vendor-contracts/v1,no
meridian-health,meridian-health:vendor_contract:proofpoint,vendor_contract,vendor,Proofpoint,datasets/tenant-inputs/active/meridian-health/current/07_vendors_contracts.csv,33,vendor-contracts/v1,no
meridian-health,meridian-health:vendor_contract:okta,vendor_contract,vendor,Okta,datasets/tenant-inputs/active/meridian-health/current/07_vendors_contracts.csv,34,vendor-contracts/v1,no
meridian-health,meridian-health:vendor_contract:amwell,vendor_contract,vendor,Amwell,datasets/tenant-inputs/active/meridian-health/current/07_vendors_contracts.csv,35,vendor-contracts/v1,no
meridian-health,meridian-health:vendor_contract:biofourmis,vendor_contract,vendor,Biofourmis,datasets/tenant-inputs/active/meridian-health/current/07_vendors_contracts.csv,36,vendor-contracts/v1,no
meridian-health,meridian-health:vendor_contract:salesforce,vendor_contract,vendor,Salesforce,datasets/tenant-inputs/active/meridian-health/current/07_vendors_contracts.csv,37,vendor-contracts/v1,no
meridian-health,meridian-health:vendor_contract:tableau-software,vendor_contract,vendor,Tableau Software,datasets/tenant-inputs/active/meridian-health/current/07_vendors_contracts.csv,38,vendor-contracts/v1,no
meridian-health,meridian-health:vendor_contract:microstrategy,vendor_contract,vendor,MicroStrategy,datasets/tenant-inputs/active/meridian-health/current/07_vendors_contracts.csv,39,vendor-contracts/v1,no
meridian-health,meridian-health:vendor_contract:rhapsody-lyniate,vendor_contract,vendor,Rhapsody (Lyniate),datasets/tenant-inputs/active/meridian-health/current/07_vendors_contracts.csv,40,vendor-contracts/v1,no
meridian-health,meridian-health:vendor_contract:corepoint-health-lyniate,vendor_contract,vendor,Corepoint Health (Lyniate),datasets/tenant-inputs/active/meridian-health/current/07_vendors_contracts.csv,41,vendor-contracts/v1,no
meridian-health,meridian-health:vendor_contract:teradata,vendor_contract,vendor,Teradata,datasets/tenant-inputs/active/meridian-health/current/07_vendors_contracts.csv,42,vendor-contracts/v1,no
meridian-health,meridian-health:vendor_contract:ibm-corporation,vendor_contract,vendor,IBM Corporation,datasets/tenant-inputs/active/meridian-health/current/07_vendors_contracts.csv,43,vendor-contracts/v1,no
meridian-health,meridian-health:vendor_contract:nuance-communications-microsoft,vendor_contract,vendor,Nuance Communications (Microsoft),datasets/tenant-inputs/active/meridian-health/current/07_vendors_contracts.csv,44,vendor-contracts/v1,no
meridian-health,meridian-health:vendor_contract:athenahealth,vendor_contract,vendor,athenahealth,datasets/tenant-inputs/active/meridian-health/current/07_vendors_contracts.csv,45,vendor-contracts/v1,no
meridian-health,meridian-health:vendor_contract:optum-unitedhealth-group,vendor_contract,vendor,Optum (UnitedHealth Group),datasets/tenant-inputs/active/meridian-health/current/07_vendors_contracts.csv,46,vendor-contracts/v1,no
meridian-health,meridian-health:vendor_contract:conduent,vendor_contract,vendor,Conduent,datasets/tenant-inputs/active/meridian-health/current/07_vendors_contracts.csv,47,vendor-contracts/v1,no
meridian-health,meridian-health:vendor_contract:zelis-healthcare,vendor_contract,vendor,Zelis Healthcare,datasets/tenant-inputs/active/meridian-health/current/07_vendors_contracts.csv,48,vendor-contracts/v1,no
meridian-health,meridian-health:vendor_contract:waystar,vendor_contract,vendor,Waystar,datasets/tenant-inputs/active/meridian-health/current/07_vendors_contracts.csv,49,vendor-contracts/v1,no
meridian-health,meridian-health:vendor_contract:r1-rcm,vendor_contract,vendor,R1 RCM,datasets/tenant-inputs/active/meridian-health/current/07_vendors_contracts.csv,50,vendor-contracts/v1,no
meridian-health,meridian-health:vendor_contract:conifer-health-solutions,vendor_contract,vendor,Conifer Health Solutions,datasets/tenant-inputs/active/meridian-health/current/07_vendors_contracts.csv,51,vendor-contracts/v1,no
meridian-health,meridian-health:vendor_contract:guidehouse,vendor_contract,vendor,Guidehouse,datasets/tenant-inputs/active/meridian-health/current/07_vendors_contracts.csv,52,vendor-contracts/v1,no
meridian-health,meridian-health:vendor_contract:accenture,vendor_contract,vendor,Accenture,datasets/tenant-inputs/active/meridian-health/current/07_vendors_contracts.csv,53,vendor-contracts/v1,no
meridian-health,meridian-health:vendor_contract:deloitte-consulting,vendor_contract,vendor,Deloitte Consulting,datasets/tenant-inputs/active/meridian-health/current/07_vendors_contracts.csv,54,vendor-contracts/v1,no
meridian-health,meridian-health:vendor_contract:klas-research,vendor_contract,vendor,KLAS Research,datasets/tenant-inputs/active/meridian-health/current/07_vendors_contracts.csv,55,vendor-contracts/v1,no
meridian-health,meridian-health:vendor_contract:datavant,vendor_contract,vendor,Datavant,datasets/tenant-inputs/active/meridian-health/current/07_vendors_contracts.csv,56,vendor-contracts/v1,no
meridian-health,meridian-health:vendor_contract:health-gorilla,vendor_contract,vendor,Health Gorilla,datasets/tenant-inputs/active/meridian-health/current/07_vendors_contracts.csv,57,vendor-contracts/v1,no
meridian-health,meridian-health:vendor_contract:surescripts,vendor_contract,vendor,Surescripts,datasets/tenant-inputs/active/meridian-health/current/07_vendors_contracts.csv,58,vendor-contracts/v1,no
meridian-health,meridian-health:vendor_contract:athenahealth-clearinghouse,vendor_contract,vendor,athenahealth Clearinghouse,datasets/tenant-inputs/active/meridian-health/current/07_vendors_contracts.csv,59,vendor-contracts/v1,no
meridian-health,meridian-health:vendor_contract:zoom-video-communications,vendor_contract,vendor,Zoom Video Communications,datasets/tenant-inputs/active/meridian-health/current/07_vendors_contracts.csv,60,vendor-contracts/v1,no
meridian-health,meridian-health:vendor_contract:twilio,vendor_contract,vendor,Twilio,datasets/tenant-inputs/active/meridian-health/current/07_vendors_contracts.csv,61,vendor-contracts/v1,no
meridian-health,meridian-health:vendor_contract:qualtrics,vendor_contract,vendor,Qualtrics,datasets/tenant-inputs/active/meridian-health/current/07_vendors_contracts.csv,62,vendor-contracts/v1,no
meridian-health,meridian-health:vendor_contract:iron-mountain,vendor_contract,vendor,Iron Mountain,datasets/tenant-inputs/active/meridian-health/current/07_vendors_contracts.csv,63,vendor-contracts/v1,no
meridian-health,meridian-health:vendor_contract:konica-minolta-all-covered,vendor_contract,vendor,Konica Minolta (All Covered),datasets/tenant-inputs/active/meridian-health/current/07_vendors_contracts.csv,64,vendor-contracts/v1,no
meridian-health,meridian-health:vendor_contract:stanley-healthcare,vendor_contract,vendor,Stanley Healthcare,datasets/tenant-inputs/active/meridian-health/current/07_vendors_contracts.csv,65,vendor-contracts/v1,no
meridian-health,meridian-health:vendor_contract:baxter-hillrom,vendor_contract,vendor,Baxter (Hillrom),datasets/tenant-inputs/active/meridian-health/current/07_vendors_contracts.csv,66,vendor-contracts/v1,no
meridian-health,meridian-health:vendor_contract:draeger-medical,vendor_contract,vendor,Draeger Medical,datasets/tenant-inputs/active/meridian-health/current/07_vendors_contracts.csv,67,vendor-contracts/v1,no
meridian-health,meridian-health:vendor_contract:medtronic,vendor_contract,vendor,Medtronic,datasets/tenant-inputs/active/meridian-health/current/07_vendors_contracts.csv,68,vendor-contracts/v1,no
meridian-health,meridian-health:vendor_contract:abbott-libreview,vendor_contract,vendor,Abbott (LibreView),datasets/tenant-inputs/active/meridian-health/current/07_vendors_contracts.csv,69,vendor-contracts/v1,no
meridian-health,meridian-health:vendor_contract:patientping-appriss-health,vendor_contract,vendor,PatientPing (Appriss Health),datasets/tenant-inputs/active/meridian-health/current/07_vendors_contracts.csv,70,vendor-contracts/v1,no
meridian-health,meridian-health:vendor_contract:experian-health,vendor_contract,vendor,Experian Health,datasets/tenant-inputs/active/meridian-health/current/07_vendors_contracts.csv,71,vendor-contracts/v1,no
meridian-health,meridian-health:vendor_contract:transunion-healthcare,vendor_contract,vendor,TransUnion Healthcare,datasets/tenant-inputs/active/meridian-health/current/07_vendors_contracts.csv,72,vendor-contracts/v1,no
meridian-health,meridian-health:vendor_contract:databricks-inc,vendor_contract,vendor,"Databricks, Inc.",datasets/tenant-inputs/active/meridian-health/current/07_vendors_contracts.csv,73,vendor-contracts/v1,no
meridian-health,meridian-health:spend_value_signal:clinical-informatics,spend_value_signal,finance,Clinical Informatics,datasets/tenant-inputs/active/meridian-health/current/08_spend_value.csv,2,spend-value/v1,no
meridian-health,meridian-health:spend_value_signal:cybersecurity-it-risk,spend_value_signal,finance,Cybersecurity & IT Risk,datasets/tenant-inputs/active/meridian-health/current/08_spend_value.csv,3,spend-value/v1,no
meridian-health,meridian-health:spend_value_signal:facilities-real-estate,spend_value_signal,finance,Facilities & Real Estate,datasets/tenant-inputs/active/meridian-health/current/08_spend_value.csv,4,spend-value/v1,no
meridian-health,meridian-health:spend_value_signal:population-health-care-management,spend_value_signal,finance,Population Health & Care Management,datasets/tenant-inputs/active/meridian-health/current/08_spend_value.csv,5,spend-value/v1,no
meridian-health,meridian-health:spend_value_signal:behavioral-health,spend_value_signal,finance,Behavioral Health,datasets/tenant-inputs/active/meridian-health/current/08_spend_value.csv,6,spend-value/v1,no
meridian-health,meridian-health:spend_value_signal:marketing-growth,spend_value_signal,finance,Marketing & Growth,datasets/tenant-inputs/active/meridian-health/current/08_spend_value.csv,7,spend-value/v1,no
meridian-health,meridian-health:spend_value_signal:patient-access-registration,spend_value_signal,finance,Patient Access & Registration,datasets/tenant-inputs/active/meridian-health/current/08_spend_value.csv,8,spend-value/v1,no
meridian-health,meridian-health:spend_value_signal:actuarial-underwriting,spend_value_signal,finance,Actuarial & Underwriting,datasets/tenant-inputs/active/meridian-health/current/08_spend_value.csv,9,spend-value/v1,no
meridian-health,meridian-health:spend_value_signal:information-technology-digital,spend_value_signal,finance,Information Technology & Digital,datasets/tenant-inputs/active/meridian-health/current/08_spend_value.csv,10,spend-value/v1,no
meridian-health,meridian-health:spend_value_signal:human-resources-workforce,spend_value_signal,finance,Human Resources & Workforce,datasets/tenant-inputs/active/meridian-health/current/08_spend_value.csv,11,spend-value/v1,no
meridian-health,meridian-health:spend_value_signal:enterprise-architecture,spend_value_signal,finance,Enterprise Architecture,datasets/tenant-inputs/active/meridian-health/current/08_spend_value.csv,12,spend-value/v1,no
meridian-health,meridian-health:spend_value_signal:emergency-services,spend_value_signal,finance,Emergency Services,datasets/tenant-inputs/active/meridian-health/current/08_spend_value.csv,13,spend-value/v1,no
meridian-health,meridian-health:spend_value_signal:health-plan-payer-operations,spend_value_signal,finance,Health Plan & Payer Operations,datasets/tenant-inputs/active/meridian-health/current/08_spend_value.csv,14,spend-value/v1,no
meridian-health,meridian-health:spend_value_signal:quality-regulatory-affairs,spend_value_signal,finance,Quality & Regulatory Affairs,datasets/tenant-inputs/active/meridian-health/current/08_spend_value.csv,15,spend-value/v1,no
meridian-health,meridian-health:spend_value_signal:nursing-operations,spend_value_signal,finance,Nursing Operations,datasets/tenant-inputs/active/meridian-health/current/08_spend_value.csv,16,spend-value/v1,no
meridian-health,meridian-health:spend_value_signal:acute-care-clinical-operations,spend_value_signal,finance,Acute Care Clinical Operations,datasets/tenant-inputs/active/meridian-health/current/08_spend_value.csv,17,spend-value/v1,no
meridian-health,meridian-health:spend_value_signal:supply-chain-procurement,spend_value_signal,finance,Supply Chain & Procurement,datasets/tenant-inputs/active/meridian-health/current/08_spend_value.csv,18,spend-value/v1,no
meridian-health,meridian-health:spend_value_signal:finance-accounting,spend_value_signal,finance,Finance & Accounting,datasets/tenant-inputs/active/meridian-health/current/08_spend_value.csv,19,spend-value/v1,no
meridian-health,meridian-health:spend_value_signal:pharmacy-services,spend_value_signal,finance,Pharmacy Services,datasets/tenant-inputs/active/meridian-health/current/08_spend_value.csv,20,spend-value/v1,no
meridian-health,meridian-health:spend_value_signal:member-services-patient-experience,spend_value_signal,finance,Member Services & Patient Experience,datasets/tenant-inputs/active/meridian-health/current/08_spend_value.csv,21,spend-value/v1,no
meridian-health,meridian-health:spend_value_signal:revenue-cycle,spend_value_signal,finance,Revenue Cycle,datasets/tenant-inputs/active/meridian-health/current/08_spend_value.csv,22,spend-value/v1,no
meridian-health,meridian-health:spend_value_signal:legal-compliance-privacy,spend_value_signal,finance,"Legal, Compliance & Privacy",datasets/tenant-inputs/active/meridian-health/current/08_spend_value.csv,23,spend-value/v1,no
meridian-health,meridian-health:spend_value_signal:data-analytics-ai,spend_value_signal,finance,Data Analytics & AI,datasets/tenant-inputs/active/meridian-health/current/08_spend_value.csv,24,spend-value/v1,no
meridian-health,meridian-health:spend_value_signal:ambulatory-physician-network-operations,spend_value_signal,finance,Ambulatory & Physician Network Operations,datasets/tenant-inputs/active/meridian-health/current/08_spend_value.csv,25,spend-value/v1,no
meridian-health,meridian-health:managed_service_scope:sql-server-datamart-managed-operations,managed_service_scope,vendor,SQL Server Datamart Managed Operations,datasets/tenant-inputs/active/meridian-health/current/17_service_scope_managed_services.csv,2,managed-services-scope/v1,no
meridian-health,meridian-health:managed_service_scope:r1-rcm-back-office-revenue-cycle-services,managed_service_scope,vendor,R1 RCM Back-Office Revenue Cycle Services,datasets/tenant-inputs/active/meridian-health/current/17_service_scope_managed_services.csv,3,managed-services-scope/v1,no
meridian-health,meridian-health:managed_service_scope:conifer-health-solutions-patient-access-staffing,managed_service_scope,vendor,Conifer Health Solutions Patient Access Staffing,datasets/tenant-inputs/active/meridian-health/current/17_service_scope_managed_services.csv,4,managed-services-scope/v1,no
meridian-health,meridian-health:managed_service_scope:optum-coding-review-services,managed_service_scope,vendor,Optum Coding Review Services,datasets/tenant-inputs/active/meridian-health/current/17_service_scope_managed_services.csv,5,managed-services-scope/v1,no
meridian-health,meridian-health:managed_service_scope:conduent-member-correspondence-services,managed_service_scope,vendor,Conduent Member Correspondence Services,datasets/tenant-inputs/active/meridian-health/current/17_service_scope_managed_services.csv,6,managed-services-scope/v1,no
meridian-health,meridian-health:managed_service_scope:ibm-legacy-systems-support,managed_service_scope,vendor,IBM Legacy Systems Support,datasets/tenant-inputs/active/meridian-health/current/17_service_scope_managed_services.csv,7,managed-services-scope/v1,no
meridian-health,meridian-health:managed_service_scope:konica-minolta-managed-print,managed_service_scope,vendor,Konica Minolta Managed Print,datasets/tenant-inputs/active/meridian-health/current/17_service_scope_managed_services.csv,8,managed-services-scope/v1,no
meridian-health,meridian-health:managed_service_scope:iron-mountain-records-management,managed_service_scope,vendor,Iron Mountain Records Management,datasets/tenant-inputs/active/meridian-health/current/17_service_scope_managed_services.csv,9,managed-services-scope/v1,no
meridian-health,meridian-health:managed_service_scope:guidehouse-advisory-retainer,managed_service_scope,vendor,Guidehouse Advisory Retainer,datasets/tenant-inputs/active/meridian-health/current/17_service_scope_managed_services.csv,10,managed-services-scope/v1,no
meridian-health,meridian-health:managed_service_scope:accenture-ai-advisory-retainer,managed_service_scope,vendor,Accenture AI Advisory Retainer,datasets/tenant-inputs/active/meridian-health/current/17_service_scope_managed_services.csv,11,managed-services-scope/v1,no
meridian-health,meridian-health:managed_service_scope:internal-overflow-contingent-staffing,managed_service_scope,vendor,Internal + Overflow Contingent Staffing,datasets/tenant-inputs/active/meridian-health/current/17_service_scope_managed_services.csv,12,managed-services-scope/v1,no
meridian-health,meridian-health:managed_service_scope:klas-research-advisory-subscription,managed_service_scope,vendor,KLAS Research Advisory Subscription,datasets/tenant-inputs/active/meridian-health/current/17_service_scope_managed_services.csv,13,managed-services-scope/v1,no
meridian-health,meridian-health:managed_service_scope:internal-facilities-engineering-with-vendor-support,managed_service_scope,vendor,Internal Facilities Engineering with Vendor Support,datasets/tenant-inputs/active/meridian-health/current/17_service_scope_managed_services.csv,14,managed-services-scope/v1,no
meridian-health,meridian-health:managed_service_scope:databricks-pre-sales-evaluation-engagement,managed_service_scope,vendor,Databricks Pre-Sales Evaluation Engagement,datasets/tenant-inputs/active/meridian-health/current/17_service_scope_managed_services.csv,15,managed-services-scope/v1,no
meridian-health,meridian-health:managed_service_scope:transunion-healthcare-financial-clearance,managed_service_scope,vendor,TransUnion Healthcare Financial Clearance,datasets/tenant-inputs/active/meridian-health/current/17_service_scope_managed_services.csv,16,managed-services-scope/v1,no
meridian-health,meridian-health:metric_outcome:hedis-statin-therapy-for-cardiovascular-disease,metric_outcome,finance,HEDIS — Statin Therapy for Cardiovascular Disease,datasets/tenant-inputs/active/meridian-health/current/14_metrics_outcomes.csv,2,metrics-outcomes/v1,no
meridian-health,meridian-health:metric_outcome:hedis-colorectal-cancer-screening,metric_outcome,finance,HEDIS — Colorectal Cancer Screening,datasets/tenant-inputs/active/meridian-health/current/14_metrics_outcomes.csv,3,metrics-outcomes/v1,no
meridian-health,meridian-health:metric_outcome:hedis-comprehensive-diabetes-care-nephropathy-screening,metric_outcome,finance,HEDIS — Comprehensive Diabetes Care — Nephropathy Screening,datasets/tenant-inputs/active/meridian-health/current/14_metrics_outcomes.csv,4,metrics-outcomes/v1,no
meridian-health,meridian-health:metric_outcome:hedis-statin-use-in-persons-with-diabetes,metric_outcome,finance,HEDIS — Statin Use in Persons with Diabetes,datasets/tenant-inputs/active/meridian-health/current/14_metrics_outcomes.csv,5,metrics-outcomes/v1,no
meridian-health,meridian-health:metric_outcome:hedis-annual-flu-vaccine,metric_outcome,finance,HEDIS — Annual Flu Vaccine,datasets/tenant-inputs/active/meridian-health/current/14_metrics_outcomes.csv,6,metrics-outcomes/v1,no
meridian-health,meridian-health:metric_outcome:hedis-adult-bmi-assessment,metric_outcome,finance,HEDIS — Adult BMI Assessment,datasets/tenant-inputs/active/meridian-health/current/14_metrics_outcomes.csv,7,metrics-outcomes/v1,no
meridian-health,meridian-health:metric_outcome:hedis-transitions-of-care-trc,metric_outcome,finance,HEDIS — Transitions of Care (TRC),datasets/tenant-inputs/active/meridian-health/current/14_metrics_outcomes.csv,8,metrics-outcomes/v1,no
meridian-health,meridian-health:metric_outcome:hedis-controlling-high-blood-pressure-cbp,metric_outcome,finance,HEDIS — Controlling High Blood Pressure (CBP),datasets/tenant-inputs/active/meridian-health/current/14_metrics_outcomes.csv,9,metrics-outcomes/v1,no
meridian-health,meridian-health:metric_outcome:hedis-osteoporosis-management-in-women-who-had-a-fracture,metric_outcome,finance,HEDIS — Osteoporosis Management in Women Who Had a Fracture,datasets/tenant-inputs/active/meridian-health/current/14_metrics_outcomes.csv,10,metrics-outcomes/v1,no
meridian-health,meridian-health:metric_outcome:hedis-breast-cancer-screening,metric_outcome,finance,HEDIS — Breast Cancer Screening,datasets/tenant-inputs/active/meridian-health/current/14_metrics_outcomes.csv,11,metrics-outcomes/v1,no
meridian-health,meridian-health:metric_outcome:hedis-plan-all-cause-readmissions-pcr,metric_outcome,finance,HEDIS — Plan All-Cause Readmissions (PCR),datasets/tenant-inputs/active/meridian-health/current/14_metrics_outcomes.csv,12,metrics-outcomes/v1,no
meridian-health,meridian-health:metric_outcome:hedis-antidepressant-medication-management,metric_outcome,finance,HEDIS — Antidepressant Medication Management,datasets/tenant-inputs/active/meridian-health/current/14_metrics_outcomes.csv,13,metrics-outcomes/v1,no
meridian-health,meridian-health:metric_outcome:hedis-comprehensive-diabetes-care-eye-exam,metric_outcome,finance,HEDIS — Comprehensive Diabetes Care — Eye Exam,datasets/tenant-inputs/active/meridian-health/current/14_metrics_outcomes.csv,14,metrics-outcomes/v1,no
meridian-health,meridian-health:metric_outcome:hedis-follow-up-after-emergency-department-visit-for-mental-illness,metric_outcome,finance,HEDIS — Follow-Up After Emergency Department Visit for Mental Illness,datasets/tenant-inputs/active/meridian-health/current/14_metrics_outcomes.csv,15,metrics-outcomes/v1,no
meridian-health,meridian-health:metric_outcome:stars-domain-staying-healthy-screenings-tests-and-vaccines,metric_outcome,finance,"STARS Domain — Staying Healthy: Screenings, Tests and Vaccines",datasets/tenant-inputs/active/meridian-health/current/14_metrics_outcomes.csv,16,metrics-outcomes/v1,no
meridian-health,meridian-health:metric_outcome:stars-domain-managing-chronic-long-term-conditions,metric_outcome,finance,STARS Domain — Managing Chronic (Long Term) Conditions,datasets/tenant-inputs/active/meridian-health/current/14_metrics_outcomes.csv,17,metrics-outcomes/v1,no
meridian-health,meridian-health:metric_outcome:stars-domain-member-experience-with-health-plan,metric_outcome,finance,STARS Domain — Member Experience with Health Plan,datasets/tenant-inputs/active/meridian-health/current/14_metrics_outcomes.csv,18,metrics-outcomes/v1,no
meridian-health,meridian-health:metric_outcome:stars-domain-member-complaints-and-changes-in-the-health-plan-s-performance,metric_outcome,finance,STARS Domain — Member Complaints and Changes in the Health Plan's Performance,datasets/tenant-inputs/active/meridian-health/current/14_metrics_outcomes.csv,19,metrics-outcomes/v1,no
meridian-health,meridian-health:metric_outcome:stars-domain-health-plan-customer-service,metric_outcome,finance,STARS Domain — Health Plan Customer Service,datasets/tenant-inputs/active/meridian-health/current/14_metrics_outcomes.csv,20,metrics-outcomes/v1,no
meridian-health,meridian-health:metric_outcome:stars-domain-part-d-drug-safety-and-accuracy-of-drug-pricing,metric_outcome,finance,STARS Domain — Part D Drug Safety and Accuracy of Drug Pricing,datasets/tenant-inputs/active/meridian-health/current/14_metrics_outcomes.csv,21,metrics-outcomes/v1,no
meridian-health,meridian-health:metric_outcome:cahps-getting-needed-care,metric_outcome,finance,CAHPS — Getting Needed Care,datasets/tenant-inputs/active/meridian-health/current/14_metrics_outcomes.csv,22,metrics-outcomes/v1,no
meridian-health,meridian-health:metric_outcome:cahps-doctor-communication,metric_outcome,finance,CAHPS — Doctor Communication,datasets/tenant-inputs/active/meridian-health/current/14_metrics_outcomes.csv,23,metrics-outcomes/v1,no
meridian-health,meridian-health:metric_outcome:cahps-rating-of-health-care-quality,metric_outcome,finance,CAHPS — Rating of Health Care Quality,datasets/tenant-inputs/active/meridian-health/current/14_metrics_outcomes.csv,24,metrics-outcomes/v1,no
meridian-health,meridian-health:metric_outcome:cahps-care-coordination,metric_outcome,finance,CAHPS — Care Coordination,datasets/tenant-inputs/active/meridian-health/current/14_metrics_outcomes.csv,25,metrics-outcomes/v1,no
meridian-health,meridian-health:metric_outcome:cahps-annual-flu-vaccine-cahps,metric_outcome,finance,CAHPS — Annual Flu Vaccine (CAHPS),datasets/tenant-inputs/active/meridian-health/current/14_metrics_outcomes.csv,26,metrics-outcomes/v1,no
meridian-health,meridian-health:metric_outcome:cahps-getting-appointments-and-care-quickly,metric_outcome,finance,CAHPS — Getting Appointments and Care Quickly,datasets/tenant-inputs/active/meridian-health/current/14_metrics_outcomes.csv,27,metrics-outcomes/v1,no
meridian-health,meridian-health:metric_outcome:raf-raf-score-accuracy-rate,metric_outcome,finance,RAF — RAF Score Accuracy Rate,datasets/tenant-inputs/active/meridian-health/current/14_metrics_outcomes.csv,28,metrics-outcomes/v1,no
meridian-health,meridian-health:metric_outcome:raf-suspect-condition-closure-rate,metric_outcome,finance,RAF — Suspect Condition Closure Rate,datasets/tenant-inputs/active/meridian-health/current/14_metrics_outcomes.csv,29,metrics-outcomes/v1,no
meridian-health,meridian-health:metric_outcome:raf-chart-review-yield-rate,metric_outcome,finance,RAF — Chart Review Yield Rate,datasets/tenant-inputs/active/meridian-health/current/14_metrics_outcomes.csv,30,metrics-outcomes/v1,no
meridian-health,meridian-health:metric_outcome:raf-hcc-recapture-rate,metric_outcome,finance,RAF — HCC Recapture Rate,datasets/tenant-inputs/active/meridian-health/current/14_metrics_outcomes.csv,31,metrics-outcomes/v1,no
meridian-health,meridian-health:metric_outcome:raf-encounter-data-submission-timeliness,metric_outcome,finance,RAF — Encounter Data Submission Timeliness,datasets/tenant-inputs/active/meridian-health/current/14_metrics_outcomes.csv,32,metrics-outcomes/v1,no
meridian-health,meridian-health:metric_outcome:raf-radv-audit-pass-rate,metric_outcome,finance,RAF — RADV Audit Pass Rate,datasets/tenant-inputs/active/meridian-health/current/14_metrics_outcomes.csv,33,metrics-outcomes/v1,no
meridian-health,meridian-health:metric_outcome:emergency-department-left-without-being-seen-rate,metric_outcome,finance,Emergency Department Left-Without-Being-Seen Rate,datasets/tenant-inputs/active/meridian-health/current/14_metrics_outcomes.csv,34,metrics-outcomes/v1,no
meridian-health,meridian-health:metric_outcome:inpatient-average-length-of-stay,metric_outcome,finance,Inpatient Average Length of Stay,datasets/tenant-inputs/active/meridian-health/current/14_metrics_outcomes.csv,35,metrics-outcomes/v1,no
meridian-health,meridian-health:metric_outcome:discharge-before-noon-rate,metric_outcome,finance,Discharge Before Noon Rate,datasets/tenant-inputs/active/meridian-health/current/14_metrics_outcomes.csv,36,metrics-outcomes/v1,no
meridian-health,meridian-health:metric_outcome:clean-claim-rate,metric_outcome,finance,Clean Claim Rate,datasets/tenant-inputs/active/meridian-health/current/14_metrics_outcomes.csv,37,metrics-outcomes/v1,no
meridian-health,meridian-health:metric_outcome:days-in-accounts-receivable-ar,metric_outcome,finance,Days in Accounts Receivable (AR),datasets/tenant-inputs/active/meridian-health/current/14_metrics_outcomes.csv,38,metrics-outcomes/v1,no
meridian-health,meridian-health:metric_outcome:denial-write-off-rate,metric_outcome,finance,Denial Write-Off Rate,datasets/tenant-inputs/active/meridian-health/current/14_metrics_outcomes.csv,39,metrics-outcomes/v1,no
meridian-health,meridian-health:metric_outcome:prior-authorization-turnaround-time,metric_outcome,finance,Prior Authorization Turnaround Time,datasets/tenant-inputs/active/meridian-health/current/14_metrics_outcomes.csv,40,metrics-outcomes/v1,no
meridian-health,meridian-health:metric_outcome:claims-auto-adjudication-rate,metric_outcome,finance,Claims Auto-Adjudication Rate,datasets/tenant-inputs/active/meridian-health/current/14_metrics_outcomes.csv,41,metrics-outcomes/v1,no
meridian-health,meridian-health:metric_outcome:member-call-center-average-speed-to-answer,metric_outcome,finance,Member Call Center Average Speed to Answer,datasets/tenant-inputs/active/meridian-health/current/14_metrics_outcomes.csv,42,metrics-outcomes/v1,no
meridian-health,meridian-health:metric_outcome:ambulatory-no-show-rate,metric_outcome,finance,Ambulatory No-Show Rate,datasets/tenant-inputs/active/meridian-health/current/14_metrics_outcomes.csv,43,metrics-outcomes/v1,no
meridian-health,meridian-health:metric_outcome:epic-uptime-production-environments,metric_outcome,finance,Epic Uptime — Production Environments,datasets/tenant-inputs/active/meridian-health/current/14_metrics_outcomes.csv,44,metrics-outcomes/v1,no
meridian-health,meridian-health:metric_outcome:servicenow-major-incident-mean-time-to-resolve,metric_outcome,finance,ServiceNow Major Incident Mean Time to Resolve,datasets/tenant-inputs/active/meridian-health/current/14_metrics_outcomes.csv,45,metrics-outcomes/v1,no
meridian-health,meridian-health:metric_outcome:interface-engine-message-failure-rate,metric_outcome,finance,Interface Engine Message Failure Rate,datasets/tenant-inputs/active/meridian-health/current/14_metrics_outcomes.csv,46,metrics-outcomes/v1,no
meridian-health,meridian-health:metric_outcome:hba1c-care-gap-closure-rate-ai-assisted,metric_outcome,finance,HbA1c Care Gap Closure Rate (AI-Assisted),datasets/tenant-inputs/active/meridian-health/current/14_metrics_outcomes.csv,47,metrics-outcomes/v1,no
meridian-health,meridian-health:metric_outcome:30-day-all-cause-readmission-rate,metric_outcome,finance,30-Day All-Cause Readmission Rate,datasets/tenant-inputs/active/meridian-health/current/14_metrics_outcomes.csv,48,metrics-outcomes/v1,no
meridian-health,meridian-health:metric_outcome:sepsis-bundle-compliance-rate,metric_outcome,finance,Sepsis Bundle Compliance Rate,datasets/tenant-inputs/active/meridian-health/current/14_metrics_outcomes.csv,49,metrics-outcomes/v1,no
meridian-health,meridian-health:metric_outcome:patient-portal-mychart-activation-rate,metric_outcome,finance,Patient Portal (MyChart) Activation Rate,datasets/tenant-inputs/active/meridian-health/current/14_metrics_outcomes.csv,50,metrics-outcomes/v1,no
meridian-health,meridian-health:metric_outcome:30-day-case-closure-rate-denials-ai,metric_outcome,finance,30-Day Case Closure Rate — Denials AI,datasets/tenant-inputs/active/meridian-health/current/14_metrics_outcomes.csv,51,metrics-outcomes/v1,no
meridian-health,meridian-health:data_asset:claims-data-asset-001-epic-clarity,data_asset,data,Claims Data Asset 001 — Epic Clarity,datasets/tenant-inputs/active/meridian-health/current/05_data_assets_integrations.csv,2,data-assets-integrations/v1,no
meridian-health,meridian-health:data_asset:care-management-data-asset-002-epic-clarity,data_asset,data,Care Management Data Asset 002 — Epic Clarity,datasets/tenant-inputs/active/meridian-health/current/05_data_assets_integrations.csv,3,data-assets-integrations/v1,no
meridian-health,meridian-health:data_asset:revenue-cycle-data-asset-003-epic-clarity,data_asset,data,Revenue Cycle Data Asset 003 — Epic Clarity,datasets/tenant-inputs/active/meridian-health/current/05_data_assets_integrations.csv,4,data-assets-integrations/v1,no
meridian-health,meridian-health:data_asset:revenue-cycle-data-asset-004-sunquest-laboratory-information-system-interface,data_asset,data,Revenue Cycle Data Asset 004 — Sunquest Laboratory Information System Interface,datasets/tenant-inputs/active/meridian-health/current/05_data_assets_integrations.csv,5,data-assets-integrations/v1,no
meridian-health,meridian-health:data_asset:enrollment-data-asset-005-epic-clarity,data_asset,data,Enrollment Data Asset 005 — Epic Clarity,datasets/tenant-inputs/active/meridian-health/current/05_data_assets_integrations.csv,6,data-assets-integrations/v1,no
meridian-health,meridian-health:data_asset:revenue-cycle-data-asset-006-risk-adjustment-raf-reports-sql-server-on-prem,data_asset,data,Revenue Cycle Data Asset 006 — Risk Adjustment (RAF) Reports (SQL Server On-Prem),datasets/tenant-inputs/active/meridian-health/current/05_data_assets_integrations.csv,7,data-assets-integrations/v1,no
meridian-health,meridian-health:data_asset:behavioral-health-data-asset-007-epic-clarity,data_asset,data,Behavioral Health Data Asset 007 — Epic Clarity,datasets/tenant-inputs/active/meridian-health/current/05_data_assets_integrations.csv,8,data-assets-integrations/v1,no
meridian-health,meridian-health:data_asset:pharmacy-dispensing-data-asset-008-provider-data-mart-sql-server-on-prem,data_asset,data,Pharmacy Dispensing Data Asset 008 — Provider Data Mart (SQL Server On-Prem),datasets/tenant-inputs/active/meridian-health/current/05_data_assets_integrations.csv,9,data-assets-integrations/v1,no
meridian-health,meridian-health:data_asset:finance-data-asset-009-epic-clarity,data_asset,data,Finance Data Asset 009 — Epic Clarity,datasets/tenant-inputs/active/meridian-health/current/05_data_assets_integrations.csv,10,data-assets-integrations/v1,no
meridian-health,meridian-health:data_asset:hr-data-asset-010-epic-clarity,data_asset,data,Hr Data Asset 010 — Epic Clarity,datasets/tenant-inputs/active/meridian-health/current/05_data_assets_integrations.csv,11,data-assets-integrations/v1,no
meridian-health,meridian-health:data_asset:clinical-documentation-data-asset-011-safetrace-tx-blood-bank-system,data_asset,data,Clinical Documentation Data Asset 011 — SafeTrace Tx Blood Bank System,datasets/tenant-inputs/active/meridian-health/current/05_data_assets_integrations.csv,12,data-assets-integrations/v1,no
meridian-health,meridian-health:data_asset:risk-adjustment-data-asset-012-ge-healthcare-pacs-radiology-imaging,data_asset,data,Risk Adjustment Data Asset 012 — GE HealthCare PACS (Radiology Imaging),datasets/tenant-inputs/active/meridian-health/current/05_data_assets_integrations.csv,13,data-assets-integrations/v1,no
meridian-health,meridian-health:data_asset:device-data-asset-013-epic-clarity,data_asset,data,Device Data Asset 013 — Epic Clarity,datasets/tenant-inputs/active/meridian-health/current/05_data_assets_integrations.csv,14,data-assets-integrations/v1,no
meridian-health,meridian-health:data_asset:supply-chain-data-asset-014-epic-tapestry,data_asset,data,Supply Chain Data Asset 014 — Epic Tapestry,datasets/tenant-inputs/active/meridian-health/current/05_data_assets_integrations.csv,15,data-assets-integrations/v1,no
meridian-health,meridian-health:data_asset:radiology-imaging-data-asset-015-epic-cupid,data_asset,data,Radiology Imaging Data Asset 015 — Epic Cupid,datasets/tenant-inputs/active/meridian-health/current/05_data_assets_integrations.csv,16,data-assets-integrations/v1,no
meridian-health,meridian-health:data_asset:revenue-cycle-data-asset-016-epic-clarity,data_asset,data,Revenue Cycle Data Asset 016 — Epic Clarity,datasets/tenant-inputs/active/meridian-health/current/05_data_assets_integrations.csv,17,data-assets-integrations/v1,no
meridian-health,meridian-health:data_asset:hedis-data-asset-017-epic-clarity,data_asset,data,Hedis Data Asset 017 — Epic Clarity,datasets/tenant-inputs/active/meridian-health/current/05_data_assets_integrations.csv,18,data-assets-integrations/v1,no
meridian-health,meridian-health:data_asset:member-experience-data-asset-018-epic-clarity,data_asset,data,Member Experience Data Asset 018 — Epic Clarity,datasets/tenant-inputs/active/meridian-health/current/05_data_assets_integrations.csv,19,data-assets-integrations/v1,no
meridian-health,meridian-health:data_asset:claims-data-asset-019-epic-clarity,data_asset,data,Claims Data Asset 019 — Epic Clarity,datasets/tenant-inputs/active/meridian-health/current/05_data_assets_integrations.csv,20,data-assets-integrations/v1,no
meridian-health,meridian-health:data_asset:supply-chain-data-asset-020-epic-clarity,data_asset,data,Supply Chain Data Asset 020 — Epic Clarity,datasets/tenant-inputs/active/meridian-health/current/05_data_assets_integrations.csv,21,data-assets-integrations/v1,no
meridian-health,meridian-health:data_asset:member-experience-data-asset-021-epic-clarity,data_asset,data,Member Experience Data Asset 021 — Epic Clarity,datasets/tenant-inputs/active/meridian-health/current/05_data_assets_integrations.csv,22,data-assets-integrations/v1,no
meridian-health,meridian-health:data_asset:hedis-data-asset-022-epic-clarity,data_asset,data,Hedis Data Asset 022 — Epic Clarity,datasets/tenant-inputs/active/meridian-health/current/05_data_assets_integrations.csv,23,data-assets-integrations/v1,no
meridian-health,meridian-health:data_asset:risk-adjustment-data-asset-023-patient-access-etl-sql-server-on-prem,data_asset,data,Risk Adjustment Data Asset 023 — Patient Access ETL (SQL Server On-Prem),datasets/tenant-inputs/active/meridian-health/current/05_data_assets_integrations.csv,24,data-assets-integrations/v1,no
meridian-health,meridian-health:data_asset:pharmacy-dispensing-data-asset-024-risk-adjustment-raf-mart-sql-server-on-prem,data_asset,data,Pharmacy Dispensing Data Asset 024 — Risk Adjustment (RAF) Mart (SQL Server On-Prem),datasets/tenant-inputs/active/meridian-health/current/05_data_assets_integrations.csv,25,data-assets-integrations/v1,no
meridian-health,meridian-health:data_asset:care-management-data-asset-025-stars-hedis-quality-mart-sql-server-on-prem,data_asset,data,Care Management Data Asset 025 — STARS/HEDIS Quality Mart (SQL Server On-Prem),datasets/tenant-inputs/active/meridian-health/current/05_data_assets_integrations.csv,26,data-assets-integrations/v1,no
meridian-health,meridian-health:data_asset:supply-chain-data-asset-026-epic-clarity,data_asset,data,Supply Chain Data Asset 026 — Epic Clarity,datasets/tenant-inputs/active/meridian-health/current/05_data_assets_integrations.csv,27,data-assets-integrations/v1,no
meridian-health,meridian-health:data_asset:lab-results-data-asset-027-epic-clarity,data_asset,data,Lab Results Data Asset 027 — Epic Clarity,datasets/tenant-inputs/active/meridian-health/current/05_data_assets_integrations.csv,28,data-assets-integrations/v1,no
meridian-health,meridian-health:data_asset:scheduling-data-asset-028-vocera-clinical-communication-platform,data_asset,data,Scheduling Data Asset 028 — Vocera Clinical Communication Platform,datasets/tenant-inputs/active/meridian-health/current/05_data_assets_integrations.csv,29,data-assets-integrations/v1,no
meridian-health,meridian-health:data_asset:supply-chain-data-asset-029-epic-clarity,data_asset,data,Supply Chain Data Asset 029 — Epic Clarity,datasets/tenant-inputs/active/meridian-health/current/05_data_assets_integrations.csv,30,data-assets-integrations/v1,no
meridian-health,meridian-health:data_asset:supply-chain-data-asset-030-epic-clarity,data_asset,data,Supply Chain Data Asset 030 — Epic Clarity,datasets/tenant-inputs/active/meridian-health/current/05_data_assets_integrations.csv,31,data-assets-integrations/v1,no
meridian-health,meridian-health:data_asset:registration-data-asset-031-ambulatory-operations-etl-sql-server-on-prem,data_asset,data,Registration Data Asset 031 — Ambulatory Operations ETL (SQL Server On-Prem),datasets/tenant-inputs/active/meridian-health/current/05_data_assets_integrations.csv,32,data-assets-integrations/v1,no
meridian-health,meridian-health:data_asset:finance-data-asset-032-vocera-clinical-communication-platform,data_asset,data,Finance Data Asset 032 — Vocera Clinical Communication Platform,datasets/tenant-inputs/active/meridian-health/current/05_data_assets_integrations.csv,33,data-assets-integrations/v1,no
meridian-health,meridian-health:data_asset:scheduling-data-asset-033-epic-clarity,data_asset,data,Scheduling Data Asset 033 — Epic Clarity,datasets/tenant-inputs/active/meridian-health/current/05_data_assets_integrations.csv,34,data-assets-integrations/v1,no
meridian-health,meridian-health:data_asset:enrollment-data-asset-034-radiology-utilization-etl-sql-server-on-prem,data_asset,data,Enrollment Data Asset 034 — Radiology Utilization ETL (SQL Server On-Prem),datasets/tenant-inputs/active/meridian-health/current/05_data_assets_integrations.csv,35,data-assets-integrations/v1,no
meridian-health,meridian-health:data_asset:supply-chain-data-asset-035-epic-clarity,data_asset,data,Supply Chain Data Asset 035 — Epic Clarity,datasets/tenant-inputs/active/meridian-health/current/05_data_assets_integrations.csv,36,data-assets-integrations/v1,no
meridian-health,meridian-health:data_asset:population-health-registries-data-asset-036-epic-clarity,data_asset,data,Population Health Registries Data Asset 036 — Epic Clarity,datasets/tenant-inputs/active/meridian-health/current/05_data_assets_integrations.csv,37,data-assets-integrations/v1,no
meridian-health,meridian-health:data_asset:radiology-imaging-data-asset-037-epic-clarity,data_asset,data,Radiology Imaging Data Asset 037 — Epic Clarity,datasets/tenant-inputs/active/meridian-health/current/05_data_assets_integrations.csv,38,data-assets-integrations/v1,no
meridian-health,meridian-health:data_asset:risk-adjustment-data-asset-038-epic-clarity,data_asset,data,Risk Adjustment Data Asset 038 — Epic Clarity,datasets/tenant-inputs/active/meridian-health/current/05_data_assets_integrations.csv,39,data-assets-integrations/v1,no
meridian-health,meridian-health:data_asset:clinical-documentation-data-asset-039-case-management-etl-sql-server-on-prem,data_asset,data,Clinical Documentation Data Asset 039 — Case Management ETL (SQL Server On-Prem),datasets/tenant-inputs/active/meridian-health/current/05_data_assets_integrations.csv,40,data-assets-integrations/v1,no
meridian-health,meridian-health:data_asset:care-management-data-asset-040-epic-clarity,data_asset,data,Care Management Data Asset 040 — Epic Clarity,datasets/tenant-inputs/active/meridian-health/current/05_data_assets_integrations.csv,41,data-assets-integrations/v1,no
meridian-health,meridian-health:data_asset:claims-data-asset-041-epic-clarity,data_asset,data,Claims Data Asset 041 — Epic Clarity,datasets/tenant-inputs/active/meridian-health/current/05_data_assets_integrations.csv,42,data-assets-integrations/v1,no
meridian-health,meridian-health:data_asset:risk-adjustment-data-asset-042-epic-clarity,data_asset,data,Risk Adjustment Data Asset 042 — Epic Clarity,datasets/tenant-inputs/active/meridian-health/current/05_data_assets_integrations.csv,43,data-assets-integrations/v1,no
meridian-health,meridian-health:data_asset:enrollment-data-asset-043-epic-clarity,data_asset,data,Enrollment Data Asset 043 — Epic Clarity,datasets/tenant-inputs/active/meridian-health/current/05_data_assets_integrations.csv,44,data-assets-integrations/v1,no
meridian-health,meridian-health:data_asset:provider-data-data-asset-044-epic-clarity,data_asset,data,Provider Data Data Asset 044 — Epic Clarity,datasets/tenant-inputs/active/meridian-health/current/05_data_assets_integrations.csv,45,data-assets-integrations/v1,no
meridian-health,meridian-health:data_asset:clinical-documentation-data-asset-045-epic-clarity,data_asset,data,Clinical Documentation Data Asset 045 — Epic Clarity,datasets/tenant-inputs/active/meridian-health/current/05_data_assets_integrations.csv,46,data-assets-integrations/v1,no
meridian-health,meridian-health:data_asset:care-management-data-asset-046-epic-clarity,data_asset,data,Care Management Data Asset 046 — Epic Clarity,datasets/tenant-inputs/active/meridian-health/current/05_data_assets_integrations.csv,47,data-assets-integrations/v1,no
meridian-health,meridian-health:data_asset:finance-data-asset-047-epic-clarity,data_asset,data,Finance Data Asset 047 — Epic Clarity,datasets/tenant-inputs/active/meridian-health/current/05_data_assets_integrations.csv,48,data-assets-integrations/v1,no
meridian-health,meridian-health:data_asset:finance-data-asset-048-hr-workforce-cube-sql-server-on-prem,data_asset,data,Finance Data Asset 048 — HR/Workforce Cube (SQL Server On-Prem),datasets/tenant-inputs/active/meridian-health/current/05_data_assets_integrations.csv,49,data-assets-integrations/v1,no
meridian-health,meridian-health:data_asset:pharmacy-dispensing-data-asset-049-epic-clarity,data_asset,data,Pharmacy Dispensing Data Asset 049 — Epic Clarity,datasets/tenant-inputs/active/meridian-health/current/05_data_assets_integrations.csv,50,data-assets-integrations/v1,no
meridian-health,meridian-health:data_asset:behavioral-health-data-asset-050-epic-clarity,data_asset,data,Behavioral Health Data Asset 050 — Epic Clarity,datasets/tenant-inputs/active/meridian-health/current/05_data_assets_integrations.csv,51,data-assets-integrations/v1,no
meridian-health,meridian-health:data_asset:lab-results-data-asset-051-epic-clarity,data_asset,data,Lab Results Data Asset 051 — Epic Clarity,datasets/tenant-inputs/active/meridian-health/current/05_data_assets_integrations.csv,52,data-assets-integrations/v1,no
meridian-health,meridian-health:data_asset:provider-data-data-asset-052-vocera-clinical-communication-platform,data_asset,data,Provider Data Data Asset 052 — Vocera Clinical Communication Platform,datasets/tenant-inputs/active/meridian-health/current/05_data_assets_integrations.csv,53,data-assets-integrations/v1,no
meridian-health,meridian-health:data_asset:registration-data-asset-053-availity-payer-provider-portal-gateway,data_asset,data,Registration Data Asset 053 — Availity Payer-Provider Portal Gateway,datasets/tenant-inputs/active/meridian-health/current/05_data_assets_integrations.csv,54,data-assets-integrations/v1,no
meridian-health,meridian-health:data_asset:hedis-data-asset-054-epic-clarity,data_asset,data,Hedis Data Asset 054 — Epic Clarity,datasets/tenant-inputs/active/meridian-health/current/05_data_assets_integrations.csv,55,data-assets-integrations/v1,no
meridian-health,meridian-health:data_asset:care-management-data-asset-055-epic-clarity,data_asset,data,Care Management Data Asset 055 — Epic Clarity,datasets/tenant-inputs/active/meridian-health/current/05_data_assets_integrations.csv,56,data-assets-integrations/v1,no
meridian-health,meridian-health:data_asset:enrollment-data-asset-056-behavioral-health-etl-sql-server-on-prem,data_asset,data,Enrollment Data Asset 056 — Behavioral Health ETL (SQL Server On-Prem),datasets/tenant-inputs/active/meridian-health/current/05_data_assets_integrations.csv,57,data-assets-integrations/v1,no
meridian-health,meridian-health:data_asset:registration-data-asset-057-epic-clarity,data_asset,data,Registration Data Asset 057 — Epic Clarity,datasets/tenant-inputs/active/meridian-health/current/05_data_assets_integrations.csv,58,data-assets-integrations/v1,no
meridian-health,meridian-health:data_asset:lab-results-data-asset-058-epic-clarity,data_asset,data,Lab Results Data Asset 058 — Epic Clarity,datasets/tenant-inputs/active/meridian-health/current/05_data_assets_integrations.csv,59,data-assets-integrations/v1,no
meridian-health,meridian-health:data_asset:clinical-documentation-data-asset-059-epic-clarity,data_asset,data,Clinical Documentation Data Asset 059 — Epic Clarity,datasets/tenant-inputs/active/meridian-health/current/05_data_assets_integrations.csv,60,data-assets-integrations/v1,no
meridian-health,meridian-health:data_asset:scheduling-data-asset-060-epic-clarity,data_asset,data,Scheduling Data Asset 060 — Epic Clarity,datasets/tenant-inputs/active/meridian-health/current/05_data_assets_integrations.csv,61,data-assets-integrations/v1,no
meridian-health,meridian-health:data_asset:pharmacy-dispensing-data-asset-061-epic-chronicles,data_asset,data,Pharmacy Dispensing Data Asset 061 — Epic Chronicles,datasets/tenant-inputs/active/meridian-health/current/05_data_assets_integrations.csv,62,data-assets-integrations/v1,no
meridian-health,meridian-health:data_asset:hr-data-asset-062-epic-clarity,data_asset,data,Hr Data Asset 062 — Epic Clarity,datasets/tenant-inputs/active/meridian-health/current/05_data_assets_integrations.csv,63,data-assets-integrations/v1,no
meridian-health,meridian-health:data_asset:finance-data-asset-063-sunquest-laboratory-information-system-interface,data_asset,data,Finance Data Asset 063 — Sunquest Laboratory Information System Interface,datasets/tenant-inputs/active/meridian-health/current/05_data_assets_integrations.csv,64,data-assets-integrations/v1,no
meridian-health,meridian-health:data_asset:device-data-asset-064-epic-clarity,data_asset,data,Device Data Asset 064 — Epic Clarity,datasets/tenant-inputs/active/meridian-health/current/05_data_assets_integrations.csv,65,data-assets-integrations/v1,no
meridian-health,meridian-health:data_asset:member-experience-data-asset-065-epic-clarity,data_asset,data,Member Experience Data Asset 065 — Epic Clarity,datasets/tenant-inputs/active/meridian-health/current/05_data_assets_integrations.csv,66,data-assets-integrations/v1,no
meridian-health,meridian-health:data_asset:hedis-data-asset-066-epic-clarity,data_asset,data,Hedis Data Asset 066 — Epic Clarity,datasets/tenant-inputs/active/meridian-health/current/05_data_assets_integrations.csv,67,data-assets-integrations/v1,no
meridian-health,meridian-health:data_asset:finance-data-asset-067-provider-data-mart-sql-server-on-prem,data_asset,data,Finance Data Asset 067 — Provider Data Mart (SQL Server On-Prem),datasets/tenant-inputs/active/meridian-health/current/05_data_assets_integrations.csv,68,data-assets-integrations/v1,no
meridian-health,meridian-health:data_asset:revenue-cycle-data-asset-068-epic-clarity,data_asset,data,Revenue Cycle Data Asset 068 — Epic Clarity,datasets/tenant-inputs/active/meridian-health/current/05_data_assets_integrations.csv,69,data-assets-integrations/v1,no
meridian-health,meridian-health:data_asset:supply-chain-data-asset-069-epic-clarity,data_asset,data,Supply Chain Data Asset 069 — Epic Clarity,datasets/tenant-inputs/active/meridian-health/current/05_data_assets_integrations.csv,70,data-assets-integrations/v1,no
meridian-health,meridian-health:data_asset:enrollment-data-asset-070-epic-clarity,data_asset,data,Enrollment Data Asset 070 — Epic Clarity,datasets/tenant-inputs/active/meridian-health/current/05_data_assets_integrations.csv,71,data-assets-integrations/v1,no
meridian-health,meridian-health:data_asset:risk-adjustment-data-asset-071-epic-clarity,data_asset,data,Risk Adjustment Data Asset 071 — Epic Clarity,datasets/tenant-inputs/active/meridian-health/current/05_data_assets_integrations.csv,72,data-assets-integrations/v1,no
meridian-health,meridian-health:data_asset:finance-data-asset-072-infection-prevention-reports-sql-server-on-prem,data_asset,data,Finance Data Asset 072 — Infection Prevention Reports (SQL Server On-Prem),datasets/tenant-inputs/active/meridian-health/current/05_data_assets_integrations.csv,73,data-assets-integrations/v1,no
meridian-health,meridian-health:data_asset:device-data-asset-073-epic-clarity,data_asset,data,Device Data Asset 073 — Epic Clarity,datasets/tenant-inputs/active/meridian-health/current/05_data_assets_integrations.csv,74,data-assets-integrations/v1,no
meridian-health,meridian-health:data_asset:lab-results-data-asset-074-epic-clarity,data_asset,data,Lab Results Data Asset 074 — Epic Clarity,datasets/tenant-inputs/active/meridian-health/current/05_data_assets_integrations.csv,75,data-assets-integrations/v1,no
meridian-health,meridian-health:data_asset:risk-adjustment-data-asset-075-epic-clarity,data_asset,data,Risk Adjustment Data Asset 075 — Epic Clarity,datasets/tenant-inputs/active/meridian-health/current/05_data_assets_integrations.csv,76,data-assets-integrations/v1,no
meridian-health,meridian-health:data_asset:finance-data-asset-076-epic-clarity,data_asset,data,Finance Data Asset 076 — Epic Clarity,datasets/tenant-inputs/active/meridian-health/current/05_data_assets_integrations.csv,77,data-assets-integrations/v1,no
meridian-health,meridian-health:data_asset:finance-data-asset-077-epic-clarity,data_asset,data,Finance Data Asset 077 — Epic Clarity,datasets/tenant-inputs/active/meridian-health/current/05_data_assets_integrations.csv,78,data-assets-integrations/v1,no
meridian-health,meridian-health:data_asset:pharmacy-dispensing-data-asset-078-epic-clarity,data_asset,data,Pharmacy Dispensing Data Asset 078 — Epic Clarity,datasets/tenant-inputs/active/meridian-health/current/05_data_assets_integrations.csv,79,data-assets-integrations/v1,no
meridian-health,meridian-health:data_asset:registration-data-asset-079-epic-clarity,data_asset,data,Registration Data Asset 079 — Epic Clarity,datasets/tenant-inputs/active/meridian-health/current/05_data_assets_integrations.csv,80,data-assets-integrations/v1,no
meridian-health,meridian-health:data_asset:finance-data-asset-080-radiology-utilization-mart-sql-server-on-prem,data_asset,data,Finance Data Asset 080 — Radiology Utilization Mart (SQL Server On-Prem),datasets/tenant-inputs/active/meridian-health/current/05_data_assets_integrations.csv,81,data-assets-integrations/v1,no
meridian-health,meridian-health:data_asset:behavioral-health-data-asset-081-epic-clarity,data_asset,data,Behavioral Health Data Asset 081 — Epic Clarity,datasets/tenant-inputs/active/meridian-health/current/05_data_assets_integrations.csv,82,data-assets-integrations/v1,no
meridian-health,meridian-health:data_asset:risk-adjustment-data-asset-082-epic-clarity,data_asset,data,Risk Adjustment Data Asset 082 — Epic Clarity,datasets/tenant-inputs/active/meridian-health/current/05_data_assets_integrations.csv,83,data-assets-integrations/v1,no
meridian-health,meridian-health:data_asset:enrollment-data-asset-083-ge-healthcare-pacs-radiology-imaging,data_asset,data,Enrollment Data Asset 083 — GE HealthCare PACS (Radiology Imaging),datasets/tenant-inputs/active/meridian-health/current/05_data_assets_integrations.csv,84,data-assets-integrations/v1,no
meridian-health,meridian-health:data_asset:supply-chain-data-asset-084-epic-clarity,data_asset,data,Supply Chain Data Asset 084 — Epic Clarity,datasets/tenant-inputs/active/meridian-health/current/05_data_assets_integrations.csv,85,data-assets-integrations/v1,no
meridian-health,meridian-health:data_asset:clinical-documentation-data-asset-085-epic-clarity,data_asset,data,Clinical Documentation Data Asset 085 — Epic Clarity,datasets/tenant-inputs/active/meridian-health/current/05_data_assets_integrations.csv,86,data-assets-integrations/v1,no
meridian-health,meridian-health:data_asset:finance-data-asset-086-epic-clarity,data_asset,data,Finance Data Asset 086 — Epic Clarity,datasets/tenant-inputs/active/meridian-health/current/05_data_assets_integrations.csv,87,data-assets-integrations/v1,no
meridian-health,meridian-health:data_asset:hr-data-asset-087-epic-clarity,data_asset,data,Hr Data Asset 087 — Epic Clarity,datasets/tenant-inputs/active/meridian-health/current/05_data_assets_integrations.csv,88,data-assets-integrations/v1,no
meridian-health,meridian-health:data_asset:device-data-asset-088-epic-clarity,data_asset,data,Device Data Asset 088 — Epic Clarity,datasets/tenant-inputs/active/meridian-health/current/05_data_assets_integrations.csv,89,data-assets-integrations/v1,no
meridian-health,meridian-health:data_asset:device-data-asset-089-epic-clarity,data_asset,data,Device Data Asset 089 — Epic Clarity,datasets/tenant-inputs/active/meridian-health/current/05_data_assets_integrations.csv,90,data-assets-integrations/v1,no
meridian-health,meridian-health:data_asset:scheduling-data-asset-090-epic-clarity,data_asset,data,Scheduling Data Asset 090 — Epic Clarity,datasets/tenant-inputs/active/meridian-health/current/05_data_assets_integrations.csv,91,data-assets-integrations/v1,no
meridian-health,meridian-health:data_asset:risk-adjustment-data-asset-091-epic-clarity,data_asset,data,Risk Adjustment Data Asset 091 — Epic Clarity,datasets/tenant-inputs/active/meridian-health/current/05_data_assets_integrations.csv,92,data-assets-integrations/v1,no
meridian-health,meridian-health:data_asset:supply-chain-data-asset-092-epic-beaker-cp,data_asset,data,Supply Chain Data Asset 092 — Epic Beaker CP,datasets/tenant-inputs/active/meridian-health/current/05_data_assets_integrations.csv,93,data-assets-integrations/v1,no
meridian-health,meridian-health:data_asset:finance-data-asset-093-epic-clarity,data_asset,data,Finance Data Asset 093 — Epic Clarity,datasets/tenant-inputs/active/meridian-health/current/05_data_assets_integrations.csv,94,data-assets-integrations/v1,no
meridian-health,meridian-health:data_asset:revenue-cycle-data-asset-094-epic-willow-ambulatory,data_asset,data,Revenue Cycle Data Asset 094 — Epic Willow Ambulatory,datasets/tenant-inputs/active/meridian-health/current/05_data_assets_integrations.csv,95,data-assets-integrations/v1,no
meridian-health,meridian-health:data_asset:supply-chain-data-asset-095-epic-clarity,data_asset,data,Supply Chain Data Asset 095 — Epic Clarity,datasets/tenant-inputs/active/meridian-health/current/05_data_assets_integrations.csv,96,data-assets-integrations/v1,no
meridian-health,meridian-health:data_asset:clinical-documentation-data-asset-096-epic-clarity,data_asset,data,Clinical Documentation Data Asset 096 — Epic Clarity,datasets/tenant-inputs/active/meridian-health/current/05_data_assets_integrations.csv,97,data-assets-integrations/v1,no
meridian-health,meridian-health:data_asset:clinical-documentation-data-asset-097-epic-clarity,data_asset,data,Clinical Documentation Data Asset 097 — Epic Clarity,datasets/tenant-inputs/active/meridian-health/current/05_data_assets_integrations.csv,98,data-assets-integrations/v1,no
meridian-health,meridian-health:data_asset:provider-data-data-asset-098-radiology-utilization-reports-sql-server-on-prem,data_asset,data,Provider Data Data Asset 098 — Radiology Utilization Reports (SQL Server On-Prem),datasets/tenant-inputs/active/meridian-health/current/05_data_assets_integrations.csv,99,data-assets-integrations/v1,no
meridian-health,meridian-health:data_asset:behavioral-health-data-asset-099-safetrace-tx-blood-bank-system,data_asset,data,Behavioral Health Data Asset 099 — SafeTrace Tx Blood Bank System,datasets/tenant-inputs/active/meridian-health/current/05_data_assets_integrations.csv,100,data-assets-integrations/v1,no
meridian-health,meridian-health:data_asset:care-management-data-asset-100-philips-patient-monitoring-network,data_asset,data,Care Management Data Asset 100 — Philips Patient Monitoring Network,datasets/tenant-inputs/active/meridian-health/current/05_data_assets_integrations.csv,101,data-assets-integrations/v1,no
meridian-health,meridian-health:data_asset:lab-results-data-asset-101-population-health-cube-sql-server-on-prem,data_asset,data,Lab Results Data Asset 101 — Population Health Cube (SQL Server On-Prem),datasets/tenant-inputs/active/meridian-health/current/05_data_assets_integrations.csv,102,data-assets-integrations/v1,no
meridian-health,meridian-health:data_asset:clinical-documentation-data-asset-102-epic-clarity,data_asset,data,Clinical Documentation Data Asset 102 — Epic Clarity,datasets/tenant-inputs/active/meridian-health/current/05_data_assets_integrations.csv,103,data-assets-integrations/v1,no
meridian-health,meridian-health:data_asset:registration-data-asset-103-epic-clarity,data_asset,data,Registration Data Asset 103 — Epic Clarity,datasets/tenant-inputs/active/meridian-health/current/05_data_assets_integrations.csv,104,data-assets-integrations/v1,no
meridian-health,meridian-health:data_asset:provider-data-data-asset-104-epic-clarity,data_asset,data,Provider Data Data Asset 104 — Epic Clarity,datasets/tenant-inputs/active/meridian-health/current/05_data_assets_integrations.csv,105,data-assets-integrations/v1,no
meridian-health,meridian-health:data_asset:member-experience-data-asset-105-stars-hedis-quality-etl-sql-server-on-prem,data_asset,data,Member Experience Data Asset 105 — STARS/HEDIS Quality ETL (SQL Server On-Prem),datasets/tenant-inputs/active/meridian-health/current/05_data_assets_integrations.csv,106,data-assets-integrations/v1,no
meridian-health,meridian-health:data_asset:device-data-asset-106-casenet-care-management-platform,data_asset,data,Device Data Asset 106 — CaseNet Care Management Platform,datasets/tenant-inputs/active/meridian-health/current/05_data_assets_integrations.csv,107,data-assets-integrations/v1,no
meridian-health,meridian-health:data_asset:finance-data-asset-107-epic-clarity,data_asset,data,Finance Data Asset 107 — Epic Clarity,datasets/tenant-inputs/active/meridian-health/current/05_data_assets_integrations.csv,108,data-assets-integrations/v1,no
meridian-health,meridian-health:data_asset:care-management-data-asset-108-epic-clarity,data_asset,data,Care Management Data Asset 108 — Epic Clarity,datasets/tenant-inputs/active/meridian-health/current/05_data_assets_integrations.csv,109,data-assets-integrations/v1,no
meridian-health,meridian-health:data_asset:radiology-imaging-data-asset-109-epic-clarity,data_asset,data,Radiology Imaging Data Asset 109 — Epic Clarity,datasets/tenant-inputs/active/meridian-health/current/05_data_assets_integrations.csv,110,data-assets-integrations/v1,no
meridian-health,meridian-health:data_asset:claims-data-asset-110-epic-clarity,data_asset,data,Claims Data Asset 110 — Epic Clarity,datasets/tenant-inputs/active/meridian-health/current/05_data_assets_integrations.csv,111,data-assets-integrations/v1,no
meridian-health,meridian-health:data_asset:pharmacy-dispensing-data-asset-111-epic-resolute-hospital-billing,data_asset,data,Pharmacy Dispensing Data Asset 111 — Epic Resolute Hospital Billing,datasets/tenant-inputs/active/meridian-health/current/05_data_assets_integrations.csv,112,data-assets-integrations/v1,no
meridian-health,meridian-health:data_asset:pharmacy-dispensing-data-asset-112-epic-clarity,data_asset,data,Pharmacy Dispensing Data Asset 112 — Epic Clarity,datasets/tenant-inputs/active/meridian-health/current/05_data_assets_integrations.csv,113,data-assets-integrations/v1,no
meridian-health,meridian-health:data_asset:claims-data-asset-113-epic-clarity,data_asset,data,Claims Data Asset 113 — Epic Clarity,datasets/tenant-inputs/active/meridian-health/current/05_data_assets_integrations.csv,114,data-assets-integrations/v1,no
meridian-health,meridian-health:data_asset:behavioral-health-data-asset-114-epic-ambulatory,data_asset,data,Behavioral Health Data Asset 114 — Epic Ambulatory,datasets/tenant-inputs/active/meridian-health/current/05_data_assets_integrations.csv,115,data-assets-integrations/v1,no
meridian-health,meridian-health:data_asset:finance-data-asset-115-epic-clarity,data_asset,data,Finance Data Asset 115 — Epic Clarity,datasets/tenant-inputs/active/meridian-health/current/05_data_assets_integrations.csv,116,data-assets-integrations/v1,no
meridian-health,meridian-health:data_asset:radiology-imaging-data-asset-116-epic-clarity,data_asset,data,Radiology Imaging Data Asset 116 — Epic Clarity,datasets/tenant-inputs/active/meridian-health/current/05_data_assets_integrations.csv,117,data-assets-integrations/v1,no
meridian-health,meridian-health:data_asset:clinical-documentation-data-asset-117-epic-clarity,data_asset,data,Clinical Documentation Data Asset 117 — Epic Clarity,datasets/tenant-inputs/active/meridian-health/current/05_data_assets_integrations.csv,118,data-assets-integrations/v1,no
meridian-health,meridian-health:data_asset:supply-chain-data-asset-118-ge-healthcare-pacs-radiology-imaging,data_asset,data,Supply Chain Data Asset 118 — GE HealthCare PACS (Radiology Imaging),datasets/tenant-inputs/active/meridian-health/current/05_data_assets_integrations.csv,119,data-assets-integrations/v1,no
meridian-health,meridian-health:data_asset:care-management-data-asset-119-epic-clarity,data_asset,data,Care Management Data Asset 119 — Epic Clarity,datasets/tenant-inputs/active/meridian-health/current/05_data_assets_integrations.csv,120,data-assets-integrations/v1,no
meridian-health,meridian-health:data_asset:scheduling-data-asset-120-epic-clarity,data_asset,data,Scheduling Data Asset 120 — Epic Clarity,datasets/tenant-inputs/active/meridian-health/current/05_data_assets_integrations.csv,121,data-assets-integrations/v1,no
meridian-health,meridian-health:data_asset:radiology-imaging-data-asset-121-epic-clarity,data_asset,data,Radiology Imaging Data Asset 121 — Epic Clarity,datasets/tenant-inputs/active/meridian-health/current/05_data_assets_integrations.csv,122,data-assets-integrations/v1,no
meridian-health,meridian-health:data_asset:enrollment-data-asset-122-epic-clarity,data_asset,data,Enrollment Data Asset 122 — Epic Clarity,datasets/tenant-inputs/active/meridian-health/current/05_data_assets_integrations.csv,123,data-assets-integrations/v1,no
meridian-health,meridian-health:data_asset:supply-chain-data-asset-123-case-management-cube-sql-server-on-prem,data_asset,data,Supply Chain Data Asset 123 — Case Management Cube (SQL Server On-Prem),datasets/tenant-inputs/active/meridian-health/current/05_data_assets_integrations.csv,124,data-assets-integrations/v1,no
meridian-health,meridian-health:data_asset:claims-data-asset-124-vocera-clinical-communication-platform,data_asset,data,Claims Data Asset 124 — Vocera Clinical Communication Platform,datasets/tenant-inputs/active/meridian-health/current/05_data_assets_integrations.csv,125,data-assets-integrations/v1,no
meridian-health,meridian-health:data_asset:scheduling-data-asset-125-pharmacy-reports-sql-server-on-prem,data_asset,data,Scheduling Data Asset 125 — Pharmacy Reports (SQL Server On-Prem),datasets/tenant-inputs/active/meridian-health/current/05_data_assets_integrations.csv,126,data-assets-integrations/v1,no
meridian-health,meridian-health:data_asset:hedis-data-asset-126-epic-clarity,data_asset,data,Hedis Data Asset 126 — Epic Clarity,datasets/tenant-inputs/active/meridian-health/current/05_data_assets_integrations.csv,127,data-assets-integrations/v1,no
meridian-health,meridian-health:data_asset:risk-adjustment-data-asset-127-epic-clarity,data_asset,data,Risk Adjustment Data Asset 127 — Epic Clarity,datasets/tenant-inputs/active/meridian-health/current/05_data_assets_integrations.csv,128,data-assets-integrations/v1,no
meridian-health,meridian-health:data_asset:care-management-data-asset-128-ambulatory-operations-mart-sql-server-on-prem,data_asset,data,Care Management Data Asset 128 — Ambulatory Operations Mart (SQL Server On-Prem),datasets/tenant-inputs/active/meridian-health/current/05_data_assets_integrations.csv,129,data-assets-integrations/v1,no
meridian-health,meridian-health:data_asset:registration-data-asset-129-epic-clarity,data_asset,data,Registration Data Asset 129 — Epic Clarity,datasets/tenant-inputs/active/meridian-health/current/05_data_assets_integrations.csv,130,data-assets-integrations/v1,no
meridian-health,meridian-health:data_asset:device-data-asset-130-epic-clarity,data_asset,data,Device Data Asset 130 — Epic Clarity,datasets/tenant-inputs/active/meridian-health/current/05_data_assets_integrations.csv,131,data-assets-integrations/v1,no
meridian-health,meridian-health:data_asset:clinical-documentation-data-asset-131-epic-clarity,data_asset,data,Clinical Documentation Data Asset 131 — Epic Clarity,datasets/tenant-inputs/active/meridian-health/current/05_data_assets_integrations.csv,132,data-assets-integrations/v1,no
meridian-health,meridian-health:data_asset:radiology-imaging-data-asset-132-epic-clarity,data_asset,data,Radiology Imaging Data Asset 132 — Epic Clarity,datasets/tenant-inputs/active/meridian-health/current/05_data_assets_integrations.csv,133,data-assets-integrations/v1,no
meridian-health,meridian-health:data_asset:hr-data-asset-133-vocera-clinical-communication-platform,data_asset,data,Hr Data Asset 133 — Vocera Clinical Communication Platform,datasets/tenant-inputs/active/meridian-health/current/05_data_assets_integrations.csv,134,data-assets-integrations/v1,no
meridian-health,meridian-health:data_asset:registration-data-asset-134-pharmacy-etl-sql-server-on-prem,data_asset,data,Registration Data Asset 134 — Pharmacy ETL (SQL Server On-Prem),datasets/tenant-inputs/active/meridian-health/current/05_data_assets_integrations.csv,135,data-assets-integrations/v1,no
meridian-health,meridian-health:data_asset:scheduling-data-asset-135-risk-adjustment-raf-reports-sql-server-on-prem,data_asset,data,Scheduling Data Asset 135 — Risk Adjustment (RAF) Reports (SQL Server On-Prem),datasets/tenant-inputs/active/meridian-health/current/05_data_assets_integrations.csv,136,data-assets-integrations/v1,no
meridian-health,meridian-health:data_asset:population-health-registries-data-asset-136-epic-clarity,data_asset,data,Population Health Registries Data Asset 136 — Epic Clarity,datasets/tenant-inputs/active/meridian-health/current/05_data_assets_integrations.csv,137,data-assets-integrations/v1,no
meridian-health,meridian-health:data_asset:enrollment-data-asset-137-ge-healthcare-pacs-radiology-imaging,data_asset,data,Enrollment Data Asset 137 — GE HealthCare PACS (Radiology Imaging),datasets/tenant-inputs/active/meridian-health/current/05_data_assets_integrations.csv,138,data-assets-integrations/v1,no
meridian-health,meridian-health:data_asset:provider-data-data-asset-138-stars-hedis-quality-reports-sql-server-on-prem,data_asset,data,Provider Data Data Asset 138 — STARS/HEDIS Quality Reports (SQL Server On-Prem),datasets/tenant-inputs/active/meridian-health/current/05_data_assets_integrations.csv,139,data-assets-integrations/v1,no
meridian-health,meridian-health:data_asset:hr-data-asset-139-epic-clarity,data_asset,data,Hr Data Asset 139 — Epic Clarity,datasets/tenant-inputs/active/meridian-health/current/05_data_assets_integrations.csv,140,data-assets-integrations/v1,no
meridian-health,meridian-health:data_asset:hedis-data-asset-140-epic-clarity,data_asset,data,Hedis Data Asset 140 — Epic Clarity,datasets/tenant-inputs/active/meridian-health/current/05_data_assets_integrations.csv,141,data-assets-integrations/v1,no
meridian-health,meridian-health:data_asset:behavioral-health-data-asset-141-epic-radiant,data_asset,data,Behavioral Health Data Asset 141 — Epic Radiant,datasets/tenant-inputs/active/meridian-health/current/05_data_assets_integrations.csv,142,data-assets-integrations/v1,no
meridian-health,meridian-health:data_asset:member-experience-data-asset-142-epic-clarity,data_asset,data,Member Experience Data Asset 142 — Epic Clarity,datasets/tenant-inputs/active/meridian-health/current/05_data_assets_integrations.csv,143,data-assets-integrations/v1,no
meridian-health,meridian-health:data_asset:provider-data-data-asset-143-vocera-clinical-communication-platform,data_asset,data,Provider Data Data Asset 143 — Vocera Clinical Communication Platform,datasets/tenant-inputs/active/meridian-health/current/05_data_assets_integrations.csv,144,data-assets-integrations/v1,no
meridian-health,meridian-health:data_asset:member-experience-data-asset-144-philips-patient-monitoring-network,data_asset,data,Member Experience Data Asset 144 — Philips Patient Monitoring Network,datasets/tenant-inputs/active/meridian-health/current/05_data_assets_integrations.csv,145,data-assets-integrations/v1,no
meridian-health,meridian-health:data_asset:care-management-data-asset-145-safetrace-tx-blood-bank-system,data_asset,data,Care Management Data Asset 145 — SafeTrace Tx Blood Bank System,datasets/tenant-inputs/active/meridian-health/current/05_data_assets_integrations.csv,146,data-assets-integrations/v1,no
meridian-health,meridian-health:data_asset:finance-data-asset-146-epic-clarity,data_asset,data,Finance Data Asset 146 — Epic Clarity,datasets/tenant-inputs/active/meridian-health/current/05_data_assets_integrations.csv,147,data-assets-integrations/v1,no
meridian-health,meridian-health:data_asset:behavioral-health-data-asset-147-epic-clarity,data_asset,data,Behavioral Health Data Asset 147 — Epic Clarity,datasets/tenant-inputs/active/meridian-health/current/05_data_assets_integrations.csv,148,data-assets-integrations/v1,no
meridian-health,meridian-health:data_asset:clinical-documentation-data-asset-148-epic-willow-inpatient,data_asset,data,Clinical Documentation Data Asset 148 — Epic Willow Inpatient,datasets/tenant-inputs/active/meridian-health/current/05_data_assets_integrations.csv,149,data-assets-integrations/v1,no
meridian-health,meridian-health:data_asset:pharmacy-dispensing-data-asset-149-epic-clarity,data_asset,data,Pharmacy Dispensing Data Asset 149 — Epic Clarity,datasets/tenant-inputs/active/meridian-health/current/05_data_assets_integrations.csv,150,data-assets-integrations/v1,no
meridian-health,meridian-health:data_asset:care-management-data-asset-150-epic-healthy-planet,data_asset,data,Care Management Data Asset 150 — Epic Healthy Planet,datasets/tenant-inputs/active/meridian-health/current/05_data_assets_integrations.csv,151,data-assets-integrations/v1,no
meridian-health,meridian-health:data_asset:enrollment-data-asset-151-vocera-clinical-communication-platform,data_asset,data,Enrollment Data Asset 151 — Vocera Clinical Communication Platform,datasets/tenant-inputs/active/meridian-health/current/05_data_assets_integrations.csv,152,data-assets-integrations/v1,no
meridian-health,meridian-health:data_asset:scheduling-data-asset-152-cerner-millennium-legacy,data_asset,data,Scheduling Data Asset 152 — Cerner Millennium (legacy,datasets/tenant-inputs/active/meridian-health/current/05_data_assets_integrations.csv,153,data-assets-integrations/v1,no
meridian-health,meridian-health:data_asset:risk-adjustment-data-asset-153-epic-clarity,data_asset,data,Risk Adjustment Data Asset 153 — Epic Clarity,datasets/tenant-inputs/active/meridian-health/current/05_data_assets_integrations.csv,154,data-assets-integrations/v1,no
meridian-health,meridian-health:data_asset:enrollment-data-asset-154-epic-clarity,data_asset,data,Enrollment Data Asset 154 — Epic Clarity,datasets/tenant-inputs/active/meridian-health/current/05_data_assets_integrations.csv,155,data-assets-integrations/v1,no
meridian-health,meridian-health:data_asset:scheduling-data-asset-155-epic-clarity,data_asset,data,Scheduling Data Asset 155 — Epic Clarity,datasets/tenant-inputs/active/meridian-health/current/05_data_assets_integrations.csv,156,data-assets-integrations/v1,no
meridian-health,meridian-health:data_asset:claims-data-asset-156-epic-clarity,data_asset,data,Claims Data Asset 156 — Epic Clarity,datasets/tenant-inputs/active/meridian-health/current/05_data_assets_integrations.csv,157,data-assets-integrations/v1,no
meridian-health,meridian-health:data_asset:member-experience-data-asset-157-epic-clarity,data_asset,data,Member Experience Data Asset 157 — Epic Clarity,datasets/tenant-inputs/active/meridian-health/current/05_data_assets_integrations.csv,158,data-assets-integrations/v1,no
meridian-health,meridian-health:data_asset:claims-data-asset-158-infection-prevention-mart-sql-server-on-prem,data_asset,data,Claims Data Asset 158 — Infection Prevention Mart (SQL Server On-Prem),datasets/tenant-inputs/active/meridian-health/current/05_data_assets_integrations.csv,159,data-assets-integrations/v1,no
meridian-health,meridian-health:data_asset:care-management-data-asset-159-epic-clarity,data_asset,data,Care Management Data Asset 159 — Epic Clarity,datasets/tenant-inputs/active/meridian-health/current/05_data_assets_integrations.csv,160,data-assets-integrations/v1,no
meridian-health,meridian-health:data_asset:registration-data-asset-160-epic-clarity,data_asset,data,Registration Data Asset 160 — Epic Clarity,datasets/tenant-inputs/active/meridian-health/current/05_data_assets_integrations.csv,161,data-assets-integrations/v1,no
meridian-health,meridian-health:data_asset:risk-adjustment-data-asset-161-epic-bridges,data_asset,data,Risk Adjustment Data Asset 161 — Epic Bridges,datasets/tenant-inputs/active/meridian-health/current/05_data_assets_integrations.csv,162,data-assets-integrations/v1,no
meridian-health,meridian-health:data_asset:member-experience-data-asset-162-epic-prelude,data_asset,data,Member Experience Data Asset 162 — Epic Prelude,datasets/tenant-inputs/active/meridian-health/current/05_data_assets_integrations.csv,163,data-assets-integrations/v1,no
meridian-health,meridian-health:data_asset:lab-results-data-asset-163-epic-clarity,data_asset,data,Lab Results Data Asset 163 — Epic Clarity,datasets/tenant-inputs/active/meridian-health/current/05_data_assets_integrations.csv,164,data-assets-integrations/v1,no
meridian-health,meridian-health:data_asset:population-health-registries-data-asset-164-infor-lawson-supply-chain-finance-erp,data_asset,data,Population Health Registries Data Asset 164 — Infor Lawson Supply Chain & Finance ERP,datasets/tenant-inputs/active/meridian-health/current/05_data_assets_integrations.csv,165,data-assets-integrations/v1,no
meridian-health,meridian-health:data_asset:scheduling-data-asset-165-philips-patient-monitoring-network,data_asset,data,Scheduling Data Asset 165 — Philips Patient Monitoring Network,datasets/tenant-inputs/active/meridian-health/current/05_data_assets_integrations.csv,166,data-assets-integrations/v1,no
meridian-health,meridian-health:data_asset:provider-data-data-asset-166-epic-clarity,data_asset,data,Provider Data Data Asset 166 — Epic Clarity,datasets/tenant-inputs/active/meridian-health/current/05_data_assets_integrations.csv,167,data-assets-integrations/v1,no
meridian-health,meridian-health:data_asset:hedis-data-asset-167-epic-clarity,data_asset,data,Hedis Data Asset 167 — Epic Clarity,datasets/tenant-inputs/active/meridian-health/current/05_data_assets_integrations.csv,168,data-assets-integrations/v1,no
meridian-health,meridian-health:data_asset:hedis-data-asset-168-epic-clarity,data_asset,data,Hedis Data Asset 168 — Epic Clarity,datasets/tenant-inputs/active/meridian-health/current/05_data_assets_integrations.csv,169,data-assets-integrations/v1,no
meridian-health,meridian-health:data_asset:pharmacy-dispensing-data-asset-169-epic-community-connect,data_asset,data,Pharmacy Dispensing Data Asset 169 — Epic Community Connect,datasets/tenant-inputs/active/meridian-health/current/05_data_assets_integrations.csv,170,data-assets-integrations/v1,no
meridian-health,meridian-health:data_asset:pharmacy-dispensing-data-asset-170-epic-chronicles,data_asset,data,Pharmacy Dispensing Data Asset 170 — Epic Chronicles,datasets/tenant-inputs/active/meridian-health/current/05_data_assets_integrations.csv,171,data-assets-integrations/v1,no
meridian-health,meridian-health:data_asset:risk-adjustment-data-asset-171-epic-clarity,data_asset,data,Risk Adjustment Data Asset 171 — Epic Clarity,datasets/tenant-inputs/active/meridian-health/current/05_data_assets_integrations.csv,172,data-assets-integrations/v1,no
meridian-health,meridian-health:data_asset:behavioral-health-data-asset-172-epic-clarity,data_asset,data,Behavioral Health Data Asset 172 — Epic Clarity,datasets/tenant-inputs/active/meridian-health/current/05_data_assets_integrations.csv,173,data-assets-integrations/v1,no
meridian-health,meridian-health:data_asset:enrollment-data-asset-173-epic-clarity,data_asset,data,Enrollment Data Asset 173 — Epic Clarity,datasets/tenant-inputs/active/meridian-health/current/05_data_assets_integrations.csv,174,data-assets-integrations/v1,no
meridian-health,meridian-health:data_asset:hedis-data-asset-174-epic-resolute-professional-billing,data_asset,data,Hedis Data Asset 174 — Epic Resolute Professional Billing,datasets/tenant-inputs/active/meridian-health/current/05_data_assets_integrations.csv,175,data-assets-integrations/v1,no
meridian-health,meridian-health:data_asset:provider-data-data-asset-175-epic-clarity,data_asset,data,Provider Data Data Asset 175 — Epic Clarity,datasets/tenant-inputs/active/meridian-health/current/05_data_assets_integrations.csv,176,data-assets-integrations/v1,no
meridian-health,meridian-health:data_asset:registration-data-asset-176-epic-clarity,data_asset,data,Registration Data Asset 176 — Epic Clarity,datasets/tenant-inputs/active/meridian-health/current/05_data_assets_integrations.csv,177,data-assets-integrations/v1,no
meridian-health,meridian-health:data_asset:clinical-documentation-data-asset-177-datavant-de-identification-gateway,data_asset,data,Clinical Documentation Data Asset 177 — Datavant De-Identification Gateway,datasets/tenant-inputs/active/meridian-health/current/05_data_assets_integrations.csv,178,data-assets-integrations/v1,no
meridian-health,meridian-health:data_asset:clinical-documentation-data-asset-178-epic-clarity,data_asset,data,Clinical Documentation Data Asset 178 — Epic Clarity,datasets/tenant-inputs/active/meridian-health/current/05_data_assets_integrations.csv,179,data-assets-integrations/v1,no
meridian-health,meridian-health:data_asset:member-experience-data-asset-179-epic-clarity,data_asset,data,Member Experience Data Asset 179 — Epic Clarity,datasets/tenant-inputs/active/meridian-health/current/05_data_assets_integrations.csv,180,data-assets-integrations/v1,no
meridian-health,meridian-health:data_asset:provider-data-data-asset-180-epic-clarity,data_asset,data,Provider Data Data Asset 180 — Epic Clarity,datasets/tenant-inputs/active/meridian-health/current/05_data_assets_integrations.csv,181,data-assets-integrations/v1,no
meridian-health,meridian-health:data_asset:pharmacy-dispensing-data-asset-181-epic-clarity,data_asset,data,Pharmacy Dispensing Data Asset 181 — Epic Clarity,datasets/tenant-inputs/active/meridian-health/current/05_data_assets_integrations.csv,182,data-assets-integrations/v1,no
meridian-health,meridian-health:data_asset:care-management-data-asset-182-epic-clarity,data_asset,data,Care Management Data Asset 182 — Epic Clarity,datasets/tenant-inputs/active/meridian-health/current/05_data_assets_integrations.csv,183,data-assets-integrations/v1,no
meridian-health,meridian-health:data_asset:scheduling-data-asset-183-epic-clarity,data_asset,data,Scheduling Data Asset 183 — Epic Clarity,datasets/tenant-inputs/active/meridian-health/current/05_data_assets_integrations.csv,184,data-assets-integrations/v1,no
meridian-health,meridian-health:data_asset:registration-data-asset-184-epic-clarity,data_asset,data,Registration Data Asset 184 — Epic Clarity,datasets/tenant-inputs/active/meridian-health/current/05_data_assets_integrations.csv,185,data-assets-integrations/v1,no
meridian-health,meridian-health:data_asset:care-management-data-asset-185-epic-clarity,data_asset,data,Care Management Data Asset 185 — Epic Clarity,datasets/tenant-inputs/active/meridian-health/current/05_data_assets_integrations.csv,186,data-assets-integrations/v1,no
meridian-health,meridian-health:data_asset:population-health-registries-data-asset-186-nursing-quality-etl-sql-server-on-prem,data_asset,data,Population Health Registries Data Asset 186 — Nursing Quality ETL (SQL Server On-Prem),datasets/tenant-inputs/active/meridian-health/current/05_data_assets_integrations.csv,187,data-assets-integrations/v1,no
meridian-health,meridian-health:data_asset:scheduling-data-asset-187-safetrace-tx-blood-bank-system,data_asset,data,Scheduling Data Asset 187 — SafeTrace Tx Blood Bank System,datasets/tenant-inputs/active/meridian-health/current/05_data_assets_integrations.csv,188,data-assets-integrations/v1,no
meridian-health,meridian-health:data_asset:lab-results-data-asset-188-epic-clarity,data_asset,data,Lab Results Data Asset 188 — Epic Clarity,datasets/tenant-inputs/active/meridian-health/current/05_data_assets_integrations.csv,189,data-assets-integrations/v1,no
meridian-health,meridian-health:data_asset:pharmacy-dispensing-data-asset-189-epic-clarity,data_asset,data,Pharmacy Dispensing Data Asset 189 — Epic Clarity,datasets/tenant-inputs/active/meridian-health/current/05_data_assets_integrations.csv,190,data-assets-integrations/v1,no
meridian-health,meridian-health:data_asset:pharmacy-dispensing-data-asset-190-epic-clarity,data_asset,data,Pharmacy Dispensing Data Asset 190 — Epic Clarity,datasets/tenant-inputs/active/meridian-health/current/05_data_assets_integrations.csv,191,data-assets-integrations/v1,no
meridian-health,meridian-health:data_asset:behavioral-health-data-asset-191-philips-patient-monitoring-network,data_asset,data,Behavioral Health Data Asset 191 — Philips Patient Monitoring Network,datasets/tenant-inputs/active/meridian-health/current/05_data_assets_integrations.csv,192,data-assets-integrations/v1,no
meridian-health,meridian-health:data_asset:enrollment-data-asset-192-population-health-etl-sql-server-on-prem,data_asset,data,Enrollment Data Asset 192 — Population Health ETL (SQL Server On-Prem),datasets/tenant-inputs/active/meridian-health/current/05_data_assets_integrations.csv,193,data-assets-integrations/v1,no
meridian-health,meridian-health:data_asset:device-data-asset-193-epic-clarity,data_asset,data,Device Data Asset 193 — Epic Clarity,datasets/tenant-inputs/active/meridian-health/current/05_data_assets_integrations.csv,194,data-assets-integrations/v1,no
meridian-health,meridian-health:data_asset:behavioral-health-data-asset-194-sunquest-laboratory-information-system-interface,data_asset,data,Behavioral Health Data Asset 194 — Sunquest Laboratory Information System Interface,datasets/tenant-inputs/active/meridian-health/current/05_data_assets_integrations.csv,195,data-assets-integrations/v1,no
meridian-health,meridian-health:data_asset:pharmacy-dispensing-data-asset-195-vocera-clinical-communication-platform,data_asset,data,Pharmacy Dispensing Data Asset 195 — Vocera Clinical Communication Platform,datasets/tenant-inputs/active/meridian-health/current/05_data_assets_integrations.csv,196,data-assets-integrations/v1,no
meridian-health,meridian-health:data_asset:pharmacy-dispensing-data-asset-196-stars-hedis-quality-cube-sql-server-on-prem,data_asset,data,Pharmacy Dispensing Data Asset 196 — STARS/HEDIS Quality Cube (SQL Server On-Prem),datasets/tenant-inputs/active/meridian-health/current/05_data_assets_integrations.csv,197,data-assets-integrations/v1,no
meridian-health,meridian-health:data_asset:hr-data-asset-197-epic-clarity,data_asset,data,Hr Data Asset 197 — Epic Clarity,datasets/tenant-inputs/active/meridian-health/current/05_data_assets_integrations.csv,198,data-assets-integrations/v1,no
meridian-health,meridian-health:data_asset:provider-data-data-asset-198-epic-clarity,data_asset,data,Provider Data Data Asset 198 — Epic Clarity,datasets/tenant-inputs/active/meridian-health/current/05_data_assets_integrations.csv,199,data-assets-integrations/v1,no
meridian-health,meridian-health:data_asset:member-experience-data-asset-199-epic-clarity,data_asset,data,Member Experience Data Asset 199 — Epic Clarity,datasets/tenant-inputs/active/meridian-health/current/05_data_assets_integrations.csv,200,data-assets-integrations/v1,no
meridian-health,meridian-health:data_asset:risk-adjustment-data-asset-200-epic-clarity,data_asset,data,Risk Adjustment Data Asset 200 — Epic Clarity,datasets/tenant-inputs/active/meridian-health/current/05_data_assets_integrations.csv,201,data-assets-integrations/v1,no
meridian-health,meridian-health:data_asset:scheduling-data-asset-201-epic-clarity,data_asset,data,Scheduling Data Asset 201 — Epic Clarity,datasets/tenant-inputs/active/meridian-health/current/05_data_assets_integrations.csv,202,data-assets-integrations/v1,no
meridian-health,meridian-health:data_asset:enrollment-data-asset-202-epic-kaleidoscope,data_asset,data,Enrollment Data Asset 202 — Epic Kaleidoscope,datasets/tenant-inputs/active/meridian-health/current/05_data_assets_integrations.csv,203,data-assets-integrations/v1,no
meridian-health,meridian-health:data_asset:provider-data-data-asset-203-patientping-care-coordination-notifications,data_asset,data,Provider Data Data Asset 203 — PatientPing Care Coordination Notifications,datasets/tenant-inputs/active/meridian-health/current/05_data_assets_integrations.csv,204,data-assets-integrations/v1,no
meridian-health,meridian-health:data_asset:member-experience-data-asset-204-epic-clarity,data_asset,data,Member Experience Data Asset 204 — Epic Clarity,datasets/tenant-inputs/active/meridian-health/current/05_data_assets_integrations.csv,205,data-assets-integrations/v1,no
meridian-health,meridian-health:data_asset:scheduling-data-asset-205-epic-clarity,data_asset,data,Scheduling Data Asset 205 — Epic Clarity,datasets/tenant-inputs/active/meridian-health/current/05_data_assets_integrations.csv,206,data-assets-integrations/v1,no
meridian-health,meridian-health:data_asset:risk-adjustment-data-asset-206-zelis-claims-payment-network-pricing,data_asset,data,Risk Adjustment Data Asset 206 — Zelis Claims Payment & Network Pricing,datasets/tenant-inputs/active/meridian-health/current/05_data_assets_integrations.csv,207,data-assets-integrations/v1,no
meridian-health,meridian-health:data_asset:member-experience-data-asset-207-epic-clarity,data_asset,data,Member Experience Data Asset 207 — Epic Clarity,datasets/tenant-inputs/active/meridian-health/current/05_data_assets_integrations.csv,208,data-assets-integrations/v1,no
meridian-health,meridian-health:data_asset:scheduling-data-asset-208-epic-clarity,data_asset,data,Scheduling Data Asset 208 — Epic Clarity,datasets/tenant-inputs/active/meridian-health/current/05_data_assets_integrations.csv,209,data-assets-integrations/v1,no
meridian-health,meridian-health:data_asset:population-health-registries-data-asset-209-epic-clarity,data_asset,data,Population Health Registries Data Asset 209 — Epic Clarity,datasets/tenant-inputs/active/meridian-health/current/05_data_assets_integrations.csv,210,data-assets-integrations/v1,no
meridian-health,meridian-health:data_asset:registration-data-asset-210-epic-clarity,data_asset,data,Registration Data Asset 210 — Epic Clarity,datasets/tenant-inputs/active/meridian-health/current/05_data_assets_integrations.csv,211,data-assets-integrations/v1,no
meridian-health,meridian-health:data_asset:registration-data-asset-211-philips-patient-monitoring-network,data_asset,data,Registration Data Asset 211 — Philips Patient Monitoring Network,datasets/tenant-inputs/active/meridian-health/current/05_data_assets_integrations.csv,212,data-assets-integrations/v1,no
meridian-health,meridian-health:data_asset:hedis-data-asset-212-epic-clarity,data_asset,data,Hedis Data Asset 212 — Epic Clarity,datasets/tenant-inputs/active/meridian-health/current/05_data_assets_integrations.csv,213,data-assets-integrations/v1,no
meridian-health,meridian-health:data_asset:finance-data-asset-213-epic-clarity,data_asset,data,Finance Data Asset 213 — Epic Clarity,datasets/tenant-inputs/active/meridian-health/current/05_data_assets_integrations.csv,214,data-assets-integrations/v1,no
meridian-health,meridian-health:data_asset:risk-adjustment-data-asset-214-epic-clarity,data_asset,data,Risk Adjustment Data Asset 214 — Epic Clarity,datasets/tenant-inputs/active/meridian-health/current/05_data_assets_integrations.csv,215,data-assets-integrations/v1,no
meridian-health,meridian-health:data_asset:supply-chain-data-asset-215-claims-etl-sql-server-on-prem,data_asset,data,Supply Chain Data Asset 215 — Claims ETL (SQL Server On-Prem),datasets/tenant-inputs/active/meridian-health/current/05_data_assets_integrations.csv,216,data-assets-integrations/v1,no
meridian-health,meridian-health:data_asset:radiology-imaging-data-asset-216-epic-clarity,data_asset,data,Radiology Imaging Data Asset 216 — Epic Clarity,datasets/tenant-inputs/active/meridian-health/current/05_data_assets_integrations.csv,217,data-assets-integrations/v1,no
meridian-health,meridian-health:data_asset:claims-data-asset-217-epic-clarity,data_asset,data,Claims Data Asset 217 — Epic Clarity,datasets/tenant-inputs/active/meridian-health/current/05_data_assets_integrations.csv,218,data-assets-integrations/v1,no
meridian-health,meridian-health:data_asset:pharmacy-dispensing-data-asset-218-epic-mychart,data_asset,data,Pharmacy Dispensing Data Asset 218 — Epic MyChart,datasets/tenant-inputs/active/meridian-health/current/05_data_assets_integrations.csv,219,data-assets-integrations/v1,no
meridian-health,meridian-health:data_asset:finance-data-asset-219-safetrace-tx-blood-bank-system,data_asset,data,Finance Data Asset 219 — SafeTrace Tx Blood Bank System,datasets/tenant-inputs/active/meridian-health/current/05_data_assets_integrations.csv,220,data-assets-integrations/v1,no
meridian-health,meridian-health:data_asset:pharmacy-dispensing-data-asset-220-epic-clarity,data_asset,data,Pharmacy Dispensing Data Asset 220 — Epic Clarity,datasets/tenant-inputs/active/meridian-health/current/05_data_assets_integrations.csv,221,data-assets-integrations/v1,no
meridian-health,meridian-health:data_asset:claims-data-asset-221-epic-clarity,data_asset,data,Claims Data Asset 221 — Epic Clarity,datasets/tenant-inputs/active/meridian-health/current/05_data_assets_integrations.csv,222,data-assets-integrations/v1,no
meridian-health,meridian-health:data_asset:claims-data-asset-222-epic-clarity,data_asset,data,Claims Data Asset 222 — Epic Clarity,datasets/tenant-inputs/active/meridian-health/current/05_data_assets_integrations.csv,223,data-assets-integrations/v1,no
meridian-health,meridian-health:data_asset:member-experience-data-asset-223-epic-clarity,data_asset,data,Member Experience Data Asset 223 — Epic Clarity,datasets/tenant-inputs/active/meridian-health/current/05_data_assets_integrations.csv,224,data-assets-integrations/v1,no
meridian-health,meridian-health:data_asset:member-experience-data-asset-224-epic-clarity,data_asset,data,Member Experience Data Asset 224 — Epic Clarity,datasets/tenant-inputs/active/meridian-health/current/05_data_assets_integrations.csv,225,data-assets-integrations/v1,no
meridian-health,meridian-health:data_asset:risk-adjustment-data-asset-225-infor-lawson-supply-chain-finance-erp,data_asset,data,Risk Adjustment Data Asset 225 — Infor Lawson Supply Chain & Finance ERP,datasets/tenant-inputs/active/meridian-health/current/05_data_assets_integrations.csv,226,data-assets-integrations/v1,no
meridian-health,meridian-health:data_asset:provider-data-data-asset-226-epic-clarity,data_asset,data,Provider Data Data Asset 226 — Epic Clarity,datasets/tenant-inputs/active/meridian-health/current/05_data_assets_integrations.csv,227,data-assets-integrations/v1,no
meridian-health,meridian-health:data_asset:claims-data-asset-227-ge-healthcare-pacs-radiology-imaging,data_asset,data,Claims Data Asset 227 — GE HealthCare PACS (Radiology Imaging),datasets/tenant-inputs/active/meridian-health/current/05_data_assets_integrations.csv,228,data-assets-integrations/v1,no
meridian-health,meridian-health:data_asset:device-data-asset-228-risk-adjustment-raf-cube-sql-server-on-prem,data_asset,data,Device Data Asset 228 — Risk Adjustment (RAF) Cube (SQL Server On-Prem),datasets/tenant-inputs/active/meridian-health/current/05_data_assets_integrations.csv,229,data-assets-integrations/v1,no
meridian-health,meridian-health:data_asset:scheduling-data-asset-229-supply-chain-reports-sql-server-on-prem,data_asset,data,Scheduling Data Asset 229 — Supply Chain Reports (SQL Server On-Prem),datasets/tenant-inputs/active/meridian-health/current/05_data_assets_integrations.csv,230,data-assets-integrations/v1,no
meridian-health,meridian-health:data_asset:behavioral-health-data-asset-230-epic-clarity,data_asset,data,Behavioral Health Data Asset 230 — Epic Clarity,datasets/tenant-inputs/active/meridian-health/current/05_data_assets_integrations.csv,231,data-assets-integrations/v1,no
meridian-health,meridian-health:data_asset:enrollment-data-asset-231-epic-clarity,data_asset,data,Enrollment Data Asset 231 — Epic Clarity,datasets/tenant-inputs/active/meridian-health/current/05_data_assets_integrations.csv,232,data-assets-integrations/v1,no
meridian-health,meridian-health:data_asset:supply-chain-data-asset-232-population-health-etl-sql-server-on-prem,data_asset,data,Supply Chain Data Asset 232 — Population Health ETL (SQL Server On-Prem),datasets/tenant-inputs/active/meridian-health/current/05_data_assets_integrations.csv,233,data-assets-integrations/v1,no
meridian-health,meridian-health:data_asset:care-management-data-asset-233-safetrace-tx-blood-bank-system,data_asset,data,Care Management Data Asset 233 — SafeTrace Tx Blood Bank System,datasets/tenant-inputs/active/meridian-health/current/05_data_assets_integrations.csv,234,data-assets-integrations/v1,no
meridian-health,meridian-health:data_asset:supply-chain-data-asset-234-epic-clarity,data_asset,data,Supply Chain Data Asset 234 — Epic Clarity,datasets/tenant-inputs/active/meridian-health/current/05_data_assets_integrations.csv,235,data-assets-integrations/v1,no
meridian-health,meridian-health:data_asset:clinical-documentation-data-asset-235-hr-workforce-reports-sql-server-on-prem,data_asset,data,Clinical Documentation Data Asset 235 — HR/Workforce Reports (SQL Server On-Prem),datasets/tenant-inputs/active/meridian-health/current/05_data_assets_integrations.csv,236,data-assets-integrations/v1,no
meridian-health,meridian-health:data_asset:revenue-cycle-data-asset-236-epic-willow-inpatient,data_asset,data,Revenue Cycle Data Asset 236 — Epic Willow Inpatient,datasets/tenant-inputs/active/meridian-health/current/05_data_assets_integrations.csv,237,data-assets-integrations/v1,no
meridian-health,meridian-health:data_asset:clinical-documentation-data-asset-237-epic-clarity,data_asset,data,Clinical Documentation Data Asset 237 — Epic Clarity,datasets/tenant-inputs/active/meridian-health/current/05_data_assets_integrations.csv,238,data-assets-integrations/v1,no
meridian-health,meridian-health:data_asset:hedis-data-asset-238-nursing-quality-cube-sql-server-on-prem,data_asset,data,Hedis Data Asset 238 — Nursing Quality Cube (SQL Server On-Prem),datasets/tenant-inputs/active/meridian-health/current/05_data_assets_integrations.csv,239,data-assets-integrations/v1,no
meridian-health,meridian-health:data_asset:clinical-documentation-data-asset-239-epic-clarity,data_asset,data,Clinical Documentation Data Asset 239 — Epic Clarity,datasets/tenant-inputs/active/meridian-health/current/05_data_assets_integrations.csv,240,data-assets-integrations/v1,no
meridian-health,meridian-health:data_asset:population-health-registries-data-asset-240-epic-clarity,data_asset,data,Population Health Registries Data Asset 240 — Epic Clarity,datasets/tenant-inputs/active/meridian-health/current/05_data_assets_integrations.csv,241,data-assets-integrations/v1,no
meridian-health,meridian-health:data_asset:population-health-registries-data-asset-241-epic-willow-ambulatory,data_asset,data,Population Health Registries Data Asset 241 — Epic Willow Ambulatory,datasets/tenant-inputs/active/meridian-health/current/05_data_assets_integrations.csv,242,data-assets-integrations/v1,no
meridian-health,meridian-health:data_asset:radiology-imaging-data-asset-242-epic-clarity,data_asset,data,Radiology Imaging Data Asset 242 — Epic Clarity,datasets/tenant-inputs/active/meridian-health/current/05_data_assets_integrations.csv,243,data-assets-integrations/v1,no
meridian-health,meridian-health:data_asset:revenue-cycle-data-asset-243-epic-clarity,data_asset,data,Revenue Cycle Data Asset 243 — Epic Clarity,datasets/tenant-inputs/active/meridian-health/current/05_data_assets_integrations.csv,244,data-assets-integrations/v1,no
meridian-health,meridian-health:data_asset:provider-data-data-asset-244-sap-ariba-procurement-platform,data_asset,data,Provider Data Data Asset 244 — SAP Ariba Procurement Platform,datasets/tenant-inputs/active/meridian-health/current/05_data_assets_integrations.csv,245,data-assets-integrations/v1,no
meridian-health,meridian-health:data_asset:member-experience-data-asset-245-epic-mychart,data_asset,data,Member Experience Data Asset 245 — Epic MyChart,datasets/tenant-inputs/active/meridian-health/current/05_data_assets_integrations.csv,246,data-assets-integrations/v1,no
meridian-health,meridian-health:data_asset:revenue-cycle-data-asset-246-risk-adjustment-raf-reports-sql-server-on-prem,data_asset,data,Revenue Cycle Data Asset 246 — Risk Adjustment (RAF) Reports (SQL Server On-Prem),datasets/tenant-inputs/active/meridian-health/current/05_data_assets_integrations.csv,247,data-assets-integrations/v1,no
meridian-health,meridian-health:data_asset:supply-chain-data-asset-247-patient-access-cube-sql-server-on-prem,data_asset,data,Supply Chain Data Asset 247 — Patient Access Cube (SQL Server On-Prem),datasets/tenant-inputs/active/meridian-health/current/05_data_assets_integrations.csv,248,data-assets-integrations/v1,no
meridian-health,meridian-health:data_asset:supply-chain-data-asset-248-epic-clarity,data_asset,data,Supply Chain Data Asset 248 — Epic Clarity,datasets/tenant-inputs/active/meridian-health/current/05_data_assets_integrations.csv,249,data-assets-integrations/v1,no
meridian-health,meridian-health:data_asset:device-data-asset-249-sunquest-laboratory-information-system-interface,data_asset,data,Device Data Asset 249 — Sunquest Laboratory Information System Interface,datasets/tenant-inputs/active/meridian-health/current/05_data_assets_integrations.csv,250,data-assets-integrations/v1,no
meridian-health,meridian-health:data_asset:member-experience-data-asset-250-infection-prevention-cube-sql-server-on-prem,data_asset,data,Member Experience Data Asset 250 — Infection Prevention Cube (SQL Server On-Prem),datasets/tenant-inputs/active/meridian-health/current/05_data_assets_integrations.csv,251,data-assets-integrations/v1,no
meridian-health,meridian-health:data_asset:hr-data-asset-251-epic-clarity,data_asset,data,Hr Data Asset 251 — Epic Clarity,datasets/tenant-inputs/active/meridian-health/current/05_data_assets_integrations.csv,252,data-assets-integrations/v1,no
meridian-health,meridian-health:data_asset:enrollment-data-asset-252-epic-optime,data_asset,data,Enrollment Data Asset 252 — Epic OpTime,datasets/tenant-inputs/active/meridian-health/current/05_data_assets_integrations.csv,253,data-assets-integrations/v1,no
meridian-health,meridian-health:data_asset:registration-data-asset-253-epic-clarity,data_asset,data,Registration Data Asset 253 — Epic Clarity,datasets/tenant-inputs/active/meridian-health/current/05_data_assets_integrations.csv,254,data-assets-integrations/v1,no
meridian-health,meridian-health:data_asset:behavioral-health-data-asset-254-surgical-services-reports-sql-server-on-prem,data_asset,data,Behavioral Health Data Asset 254 — Surgical Services Reports (SQL Server On-Prem),datasets/tenant-inputs/active/meridian-health/current/05_data_assets_integrations.csv,255,data-assets-integrations/v1,no
meridian-health,meridian-health:data_asset:revenue-cycle-data-asset-255-epic-clarity,data_asset,data,Revenue Cycle Data Asset 255 — Epic Clarity,datasets/tenant-inputs/active/meridian-health/current/05_data_assets_integrations.csv,256,data-assets-integrations/v1,no
meridian-health,meridian-health:data_asset:radiology-imaging-data-asset-256-epic-clarity,data_asset,data,Radiology Imaging Data Asset 256 — Epic Clarity,datasets/tenant-inputs/active/meridian-health/current/05_data_assets_integrations.csv,257,data-assets-integrations/v1,no
meridian-health,meridian-health:data_asset:clinical-documentation-data-asset-257-epic-stork,data_asset,data,Clinical Documentation Data Asset 257 — Epic Stork,datasets/tenant-inputs/active/meridian-health/current/05_data_assets_integrations.csv,258,data-assets-integrations/v1,no
meridian-health,meridian-health:data_asset:registration-data-asset-258-epic-clarity,data_asset,data,Registration Data Asset 258 — Epic Clarity,datasets/tenant-inputs/active/meridian-health/current/05_data_assets_integrations.csv,259,data-assets-integrations/v1,no
meridian-health,meridian-health:data_asset:lab-results-data-asset-259-ge-healthcare-pacs-radiology-imaging,data_asset,data,Lab Results Data Asset 259 — GE HealthCare PACS (Radiology Imaging),datasets/tenant-inputs/active/meridian-health/current/05_data_assets_integrations.csv,260,data-assets-integrations/v1,no
meridian-health,meridian-health:data_asset:enrollment-data-asset-260-safetrace-tx-blood-bank-system,data_asset,data,Enrollment Data Asset 260 — SafeTrace Tx Blood Bank System,datasets/tenant-inputs/active/meridian-health/current/05_data_assets_integrations.csv,261,data-assets-integrations/v1,no
meridian-health,meridian-health:data_asset:radiology-imaging-data-asset-261-epic-clarity,data_asset,data,Radiology Imaging Data Asset 261 — Epic Clarity,datasets/tenant-inputs/active/meridian-health/current/05_data_assets_integrations.csv,262,data-assets-integrations/v1,no
meridian-health,meridian-health:data_asset:device-data-asset-262-epic-clarity,data_asset,data,Device Data Asset 262 — Epic Clarity,datasets/tenant-inputs/active/meridian-health/current/05_data_assets_integrations.csv,263,data-assets-integrations/v1,no
meridian-health,meridian-health:data_asset:lab-results-data-asset-263-epic-clarity,data_asset,data,Lab Results Data Asset 263 — Epic Clarity,datasets/tenant-inputs/active/meridian-health/current/05_data_assets_integrations.csv,264,data-assets-integrations/v1,no
meridian-health,meridian-health:data_asset:population-health-registries-data-asset-264-epic-wisdom,data_asset,data,Population Health Registries Data Asset 264 — Epic Wisdom,datasets/tenant-inputs/active/meridian-health/current/05_data_assets_integrations.csv,265,data-assets-integrations/v1,no
meridian-health,meridian-health:data_asset:hr-data-asset-265-infection-prevention-cube-sql-server-on-prem,data_asset,data,Hr Data Asset 265 — Infection Prevention Cube (SQL Server On-Prem),datasets/tenant-inputs/active/meridian-health/current/05_data_assets_integrations.csv,266,data-assets-integrations/v1,no
meridian-health,meridian-health:data_asset:provider-data-data-asset-266-epic-willow-inpatient,data_asset,data,Provider Data Data Asset 266 — Epic Willow Inpatient,datasets/tenant-inputs/active/meridian-health/current/05_data_assets_integrations.csv,267,data-assets-integrations/v1,no
meridian-health,meridian-health:data_asset:device-data-asset-267-epic-clarity,data_asset,data,Device Data Asset 267 — Epic Clarity,datasets/tenant-inputs/active/meridian-health/current/05_data_assets_integrations.csv,268,data-assets-integrations/v1,no
meridian-health,meridian-health:data_asset:pharmacy-dispensing-data-asset-268-philips-patient-monitoring-network,data_asset,data,Pharmacy Dispensing Data Asset 268 — Philips Patient Monitoring Network,datasets/tenant-inputs/active/meridian-health/current/05_data_assets_integrations.csv,269,data-assets-integrations/v1,no
meridian-health,meridian-health:data_asset:hr-data-asset-269-infor-lawson-supply-chain-finance-erp,data_asset,data,Hr Data Asset 269 — Infor Lawson Supply Chain & Finance ERP,datasets/tenant-inputs/active/meridian-health/current/05_data_assets_integrations.csv,270,data-assets-integrations/v1,no
meridian-health,meridian-health:data_asset:lab-results-data-asset-270-epic-clarity,data_asset,data,Lab Results Data Asset 270 — Epic Clarity,datasets/tenant-inputs/active/meridian-health/current/05_data_assets_integrations.csv,271,data-assets-integrations/v1,no
meridian-health,meridian-health:data_asset:scheduling-data-asset-271-epic-clarity,data_asset,data,Scheduling Data Asset 271 — Epic Clarity,datasets/tenant-inputs/active/meridian-health/current/05_data_assets_integrations.csv,272,data-assets-integrations/v1,no
meridian-health,meridian-health:data_asset:hr-data-asset-272-epic-clarity,data_asset,data,Hr Data Asset 272 — Epic Clarity,datasets/tenant-inputs/active/meridian-health/current/05_data_assets_integrations.csv,273,data-assets-integrations/v1,no
meridian-health,meridian-health:data_asset:registration-data-asset-273-vocera-clinical-communication-platform,data_asset,data,Registration Data Asset 273 — Vocera Clinical Communication Platform,datasets/tenant-inputs/active/meridian-health/current/05_data_assets_integrations.csv,274,data-assets-integrations/v1,no
meridian-health,meridian-health:data_asset:hedis-data-asset-274-epic-clarity,data_asset,data,Hedis Data Asset 274 — Epic Clarity,datasets/tenant-inputs/active/meridian-health/current/05_data_assets_integrations.csv,275,data-assets-integrations/v1,no
meridian-health,meridian-health:data_asset:supply-chain-data-asset-275-epic-clarity,data_asset,data,Supply Chain Data Asset 275 — Epic Clarity,datasets/tenant-inputs/active/meridian-health/current/05_data_assets_integrations.csv,276,data-assets-integrations/v1,no
meridian-health,meridian-health:data_asset:member-experience-data-asset-276-epic-bridges,data_asset,data,Member Experience Data Asset 276 — Epic Bridges,datasets/tenant-inputs/active/meridian-health/current/05_data_assets_integrations.csv,277,data-assets-integrations/v1,no
meridian-health,meridian-health:data_asset:pharmacy-dispensing-data-asset-277-epic-stork,data_asset,data,Pharmacy Dispensing Data Asset 277 — Epic Stork,datasets/tenant-inputs/active/meridian-health/current/05_data_assets_integrations.csv,278,data-assets-integrations/v1,no
meridian-health,meridian-health:data_asset:lab-results-data-asset-278-sph-analytics-cahps-survey-platform,data_asset,data,Lab Results Data Asset 278 — SPH Analytics CAHPS Survey Platform,datasets/tenant-inputs/active/meridian-health/current/05_data_assets_integrations.csv,279,data-assets-integrations/v1,no
meridian-health,meridian-health:data_asset:member-experience-data-asset-279-epic-clarity,data_asset,data,Member Experience Data Asset 279 — Epic Clarity,datasets/tenant-inputs/active/meridian-health/current/05_data_assets_integrations.csv,280,data-assets-integrations/v1,no
meridian-health,meridian-health:data_asset:hedis-data-asset-280-ge-healthcare-pacs-radiology-imaging,data_asset,data,Hedis Data Asset 280 — GE HealthCare PACS (Radiology Imaging),datasets/tenant-inputs/active/meridian-health/current/05_data_assets_integrations.csv,281,data-assets-integrations/v1,no
meridian-health,meridian-health:data_asset:provider-data-data-asset-281-epic-clarity,data_asset,data,Provider Data Data Asset 281 — Epic Clarity,datasets/tenant-inputs/active/meridian-health/current/05_data_assets_integrations.csv,282,data-assets-integrations/v1,no
meridian-health,meridian-health:data_asset:care-management-data-asset-282-epic-clarity,data_asset,data,Care Management Data Asset 282 — Epic Clarity,datasets/tenant-inputs/active/meridian-health/current/05_data_assets_integrations.csv,283,data-assets-integrations/v1,no
meridian-health,meridian-health:data_asset:device-data-asset-283-epic-clarity,data_asset,data,Device Data Asset 283 — Epic Clarity,datasets/tenant-inputs/active/meridian-health/current/05_data_assets_integrations.csv,284,data-assets-integrations/v1,no
meridian-health,meridian-health:data_asset:clinical-documentation-data-asset-284-epic-clarity,data_asset,data,Clinical Documentation Data Asset 284 — Epic Clarity,datasets/tenant-inputs/active/meridian-health/current/05_data_assets_integrations.csv,285,data-assets-integrations/v1,no
meridian-health,meridian-health:data_asset:provider-data-data-asset-285-ge-healthcare-pacs-radiology-imaging,data_asset,data,Provider Data Data Asset 285 — GE HealthCare PACS (Radiology Imaging),datasets/tenant-inputs/active/meridian-health/current/05_data_assets_integrations.csv,286,data-assets-integrations/v1,no
meridian-health,meridian-health:data_asset:member-experience-data-asset-286-stars-hedis-quality-cube-sql-server-on-prem,data_asset,data,Member Experience Data Asset 286 — STARS/HEDIS Quality Cube (SQL Server On-Prem),datasets/tenant-inputs/active/meridian-health/current/05_data_assets_integrations.csv,287,data-assets-integrations/v1,no
meridian-health,meridian-health:data_asset:care-management-data-asset-287-epic-clarity,data_asset,data,Care Management Data Asset 287 — Epic Clarity,datasets/tenant-inputs/active/meridian-health/current/05_data_assets_integrations.csv,288,data-assets-integrations/v1,no
meridian-health,meridian-health:data_asset:radiology-imaging-data-asset-288-philips-patient-monitoring-network,data_asset,data,Radiology Imaging Data Asset 288 — Philips Patient Monitoring Network,datasets/tenant-inputs/active/meridian-health/current/05_data_assets_integrations.csv,289,data-assets-integrations/v1,no
meridian-health,meridian-health:data_asset:hedis-data-asset-289-epic-clarity,data_asset,data,Hedis Data Asset 289 — Epic Clarity,datasets/tenant-inputs/active/meridian-health/current/05_data_assets_integrations.csv,290,data-assets-integrations/v1,no
meridian-health,meridian-health:data_asset:hr-data-asset-290-epic-clarity,data_asset,data,Hr Data Asset 290 — Epic Clarity,datasets/tenant-inputs/active/meridian-health/current/05_data_assets_integrations.csv,291,data-assets-integrations/v1,no
meridian-health,meridian-health:data_asset:risk-adjustment-data-asset-291-epic-clarity,data_asset,data,Risk Adjustment Data Asset 291 — Epic Clarity,datasets/tenant-inputs/active/meridian-health/current/05_data_assets_integrations.csv,292,data-assets-integrations/v1,no
meridian-health,meridian-health:data_asset:hr-data-asset-292-epic-clarity,data_asset,data,Hr Data Asset 292 — Epic Clarity,datasets/tenant-inputs/active/meridian-health/current/05_data_assets_integrations.csv,293,data-assets-integrations/v1,no
meridian-health,meridian-health:data_asset:device-data-asset-293-epic-clarity,data_asset,data,Device Data Asset 293 — Epic Clarity,datasets/tenant-inputs/active/meridian-health/current/05_data_assets_integrations.csv,294,data-assets-integrations/v1,no
meridian-health,meridian-health:data_asset:claims-data-asset-294-epic-clarity,data_asset,data,Claims Data Asset 294 — Epic Clarity,datasets/tenant-inputs/active/meridian-health/current/05_data_assets_integrations.csv,295,data-assets-integrations/v1,no
meridian-health,meridian-health:data_asset:hedis-data-asset-295-infection-prevention-reports-sql-server-on-prem,data_asset,data,Hedis Data Asset 295 — Infection Prevention Reports (SQL Server On-Prem),datasets/tenant-inputs/active/meridian-health/current/05_data_assets_integrations.csv,296,data-assets-integrations/v1,no
meridian-health,meridian-health:data_asset:lab-results-data-asset-296-epic-clarity,data_asset,data,Lab Results Data Asset 296 — Epic Clarity,datasets/tenant-inputs/active/meridian-health/current/05_data_assets_integrations.csv,297,data-assets-integrations/v1,no
meridian-health,meridian-health:data_asset:member-experience-data-asset-297-epic-clarity,data_asset,data,Member Experience Data Asset 297 — Epic Clarity,datasets/tenant-inputs/active/meridian-health/current/05_data_assets_integrations.csv,298,data-assets-integrations/v1,no
meridian-health,meridian-health:data_asset:pharmacy-dispensing-data-asset-298-philips-patient-monitoring-network,data_asset,data,Pharmacy Dispensing Data Asset 298 — Philips Patient Monitoring Network,datasets/tenant-inputs/active/meridian-health/current/05_data_assets_integrations.csv,299,data-assets-integrations/v1,no
meridian-health,meridian-health:data_asset:pharmacy-dispensing-data-asset-299-experian-health-patient-identity-eligibility,data_asset,data,Pharmacy Dispensing Data Asset 299 — Experian Health Patient Identity & Eligibility,datasets/tenant-inputs/active/meridian-health/current/05_data_assets_integrations.csv,300,data-assets-integrations/v1,no
meridian-health,meridian-health:data_asset:behavioral-health-data-asset-300-epic-clarity,data_asset,data,Behavioral Health Data Asset 300 — Epic Clarity,datasets/tenant-inputs/active/meridian-health/current/05_data_assets_integrations.csv,301,data-assets-integrations/v1,no
meridian-health,meridian-health:data_asset:device-data-asset-301-revenue-cycle-mart-sql-server-on-prem,data_asset,data,Device Data Asset 301 — Revenue Cycle Mart (SQL Server On-Prem),datasets/tenant-inputs/active/meridian-health/current/05_data_assets_integrations.csv,302,data-assets-integrations/v1,no
meridian-health,meridian-health:data_asset:claims-data-asset-302-philips-patient-monitoring-network,data_asset,data,Claims Data Asset 302 — Philips Patient Monitoring Network,datasets/tenant-inputs/active/meridian-health/current/05_data_assets_integrations.csv,303,data-assets-integrations/v1,no
meridian-health,meridian-health:data_asset:provider-data-data-asset-303-workday-hcm-payroll,data_asset,data,Provider Data Data Asset 303 — Workday HCM & Payroll,datasets/tenant-inputs/active/meridian-health/current/05_data_assets_integrations.csv,304,data-assets-integrations/v1,no
meridian-health,meridian-health:data_asset:claims-data-asset-304-epic-chronicles,data_asset,data,Claims Data Asset 304 — Epic Chronicles,datasets/tenant-inputs/active/meridian-health/current/05_data_assets_integrations.csv,305,data-assets-integrations/v1,no
meridian-health,meridian-health:data_asset:provider-data-data-asset-305-microstrategy-enterprise-bi-legacy-limited-scope,data_asset,data,"Provider Data Data Asset 305 — MicroStrategy Enterprise BI (legacy, limited scope)",datasets/tenant-inputs/active/meridian-health/current/05_data_assets_integrations.csv,306,data-assets-integrations/v1,no
meridian-health,meridian-health:data_asset:enrollment-data-asset-306-stars-hedis-quality-mart-sql-server-on-prem,data_asset,data,Enrollment Data Asset 306 — STARS/HEDIS Quality Mart (SQL Server On-Prem),datasets/tenant-inputs/active/meridian-health/current/05_data_assets_integrations.csv,307,data-assets-integrations/v1,no
meridian-health,meridian-health:data_asset:supply-chain-data-asset-307-revenue-cycle-mart-sql-server-on-prem,data_asset,data,Supply Chain Data Asset 307 — Revenue Cycle Mart (SQL Server On-Prem),datasets/tenant-inputs/active/meridian-health/current/05_data_assets_integrations.csv,308,data-assets-integrations/v1,no
meridian-health,meridian-health:data_asset:radiology-imaging-data-asset-308-epic-clarity,data_asset,data,Radiology Imaging Data Asset 308 — Epic Clarity,datasets/tenant-inputs/active/meridian-health/current/05_data_assets_integrations.csv,309,data-assets-integrations/v1,no
meridian-health,meridian-health:data_asset:supply-chain-data-asset-309-philips-patient-monitoring-network,data_asset,data,Supply Chain Data Asset 309 — Philips Patient Monitoring Network,datasets/tenant-inputs/active/meridian-health/current/05_data_assets_integrations.csv,310,data-assets-integrations/v1,no
meridian-health,meridian-health:data_asset:risk-adjustment-data-asset-310-radiology-utilization-etl-sql-server-on-prem,data_asset,data,Risk Adjustment Data Asset 310 — Radiology Utilization ETL (SQL Server On-Prem),datasets/tenant-inputs/active/meridian-health/current/05_data_assets_integrations.csv,311,data-assets-integrations/v1,no
meridian-health,meridian-health:data_asset:supply-chain-data-asset-311-epic-clarity,data_asset,data,Supply Chain Data Asset 311 — Epic Clarity,datasets/tenant-inputs/active/meridian-health/current/05_data_assets_integrations.csv,312,data-assets-integrations/v1,no
meridian-health,meridian-health:data_asset:claims-data-asset-312-epic-chronicles,data_asset,data,Claims Data Asset 312 — Epic Chronicles,datasets/tenant-inputs/active/meridian-health/current/05_data_assets_integrations.csv,313,data-assets-integrations/v1,no
meridian-health,meridian-health:data_asset:registration-data-asset-313-epic-clarity,data_asset,data,Registration Data Asset 313 — Epic Clarity,datasets/tenant-inputs/active/meridian-health/current/05_data_assets_integrations.csv,314,data-assets-integrations/v1,no
meridian-health,meridian-health:data_asset:finance-data-asset-314-epic-clarity,data_asset,data,Finance Data Asset 314 — Epic Clarity,datasets/tenant-inputs/active/meridian-health/current/05_data_assets_integrations.csv,315,data-assets-integrations/v1,no
meridian-health,meridian-health:data_asset:registration-data-asset-315-epic-clarity,data_asset,data,Registration Data Asset 315 — Epic Clarity,datasets/tenant-inputs/active/meridian-health/current/05_data_assets_integrations.csv,316,data-assets-integrations/v1,no
meridian-health,meridian-health:data_asset:revenue-cycle-data-asset-316-population-health-mart-sql-server-on-prem,data_asset,data,Revenue Cycle Data Asset 316 — Population Health Mart (SQL Server On-Prem),datasets/tenant-inputs/active/meridian-health/current/05_data_assets_integrations.csv,317,data-assets-integrations/v1,no
meridian-health,meridian-health:data_asset:scheduling-data-asset-317-philips-patient-monitoring-network,data_asset,data,Scheduling Data Asset 317 — Philips Patient Monitoring Network,datasets/tenant-inputs/active/meridian-health/current/05_data_assets_integrations.csv,318,data-assets-integrations/v1,no
meridian-health,meridian-health:data_asset:behavioral-health-data-asset-318-epic-clarity,data_asset,data,Behavioral Health Data Asset 318 — Epic Clarity,datasets/tenant-inputs/active/meridian-health/current/05_data_assets_integrations.csv,319,data-assets-integrations/v1,no
meridian-health,meridian-health:data_asset:pharmacy-dispensing-data-asset-319-epic-clarity,data_asset,data,Pharmacy Dispensing Data Asset 319 — Epic Clarity,datasets/tenant-inputs/active/meridian-health/current/05_data_assets_integrations.csv,320,data-assets-integrations/v1,no
meridian-health,meridian-health:data_asset:finance-data-asset-320-epic-clarity,data_asset,data,Finance Data Asset 320 — Epic Clarity,datasets/tenant-inputs/active/meridian-health/current/05_data_assets_integrations.csv,321,data-assets-integrations/v1,no
meridian-health,meridian-health:data_asset:population-health-registries-data-asset-321-epic-mychart,data_asset,data,Population Health Registries Data Asset 321 — Epic MyChart,datasets/tenant-inputs/active/meridian-health/current/05_data_assets_integrations.csv,322,data-assets-integrations/v1,no
meridian-health,meridian-health:data_asset:lab-results-data-asset-322-epic-clarity,data_asset,data,Lab Results Data Asset 322 — Epic Clarity,datasets/tenant-inputs/active/meridian-health/current/05_data_assets_integrations.csv,323,data-assets-integrations/v1,no
meridian-health,meridian-health:data_asset:member-experience-data-asset-323-epic-chronicles,data_asset,data,Member Experience Data Asset 323 — Epic Chronicles,datasets/tenant-inputs/active/meridian-health/current/05_data_assets_integrations.csv,324,data-assets-integrations/v1,no
meridian-health,meridian-health:data_asset:hr-data-asset-324-epic-clarity,data_asset,data,Hr Data Asset 324 — Epic Clarity,datasets/tenant-inputs/active/meridian-health/current/05_data_assets_integrations.csv,325,data-assets-integrations/v1,no
meridian-health,meridian-health:data_asset:provider-data-data-asset-325-case-management-mart-sql-server-on-prem,data_asset,data,Provider Data Data Asset 325 — Case Management Mart (SQL Server On-Prem),datasets/tenant-inputs/active/meridian-health/current/05_data_assets_integrations.csv,326,data-assets-integrations/v1,no
meridian-health,meridian-health:data_asset:care-management-data-asset-326-epic-clarity,data_asset,data,Care Management Data Asset 326 — Epic Clarity,datasets/tenant-inputs/active/meridian-health/current/05_data_assets_integrations.csv,327,data-assets-integrations/v1,no
meridian-health,meridian-health:data_asset:lab-results-data-asset-327-ge-healthcare-pacs-radiology-imaging,data_asset,data,Lab Results Data Asset 327 — GE HealthCare PACS (Radiology Imaging),datasets/tenant-inputs/active/meridian-health/current/05_data_assets_integrations.csv,328,data-assets-integrations/v1,no
meridian-health,meridian-health:data_asset:lab-results-data-asset-328-epic-clarity,data_asset,data,Lab Results Data Asset 328 — Epic Clarity,datasets/tenant-inputs/active/meridian-health/current/05_data_assets_integrations.csv,329,data-assets-integrations/v1,no
meridian-health,meridian-health:data_asset:behavioral-health-data-asset-329-epic-clarity,data_asset,data,Behavioral Health Data Asset 329 — Epic Clarity,datasets/tenant-inputs/active/meridian-health/current/05_data_assets_integrations.csv,330,data-assets-integrations/v1,no
meridian-health,meridian-health:data_asset:hr-data-asset-330-patient-access-etl-sql-server-on-prem,data_asset,data,Hr Data Asset 330 — Patient Access ETL (SQL Server On-Prem),datasets/tenant-inputs/active/meridian-health/current/05_data_assets_integrations.csv,331,data-assets-integrations/v1,no
meridian-health,meridian-health:data_asset:radiology-imaging-data-asset-331-epic-clarity,data_asset,data,Radiology Imaging Data Asset 331 — Epic Clarity,datasets/tenant-inputs/active/meridian-health/current/05_data_assets_integrations.csv,332,data-assets-integrations/v1,no
meridian-health,meridian-health:data_asset:risk-adjustment-data-asset-332-epic-clarity,data_asset,data,Risk Adjustment Data Asset 332 — Epic Clarity,datasets/tenant-inputs/active/meridian-health/current/05_data_assets_integrations.csv,333,data-assets-integrations/v1,no
meridian-health,meridian-health:data_asset:registration-data-asset-333-epic-clarity,data_asset,data,Registration Data Asset 333 — Epic Clarity,datasets/tenant-inputs/active/meridian-health/current/05_data_assets_integrations.csv,334,data-assets-integrations/v1,no
meridian-health,meridian-health:data_asset:finance-data-asset-334-epic-clarity,data_asset,data,Finance Data Asset 334 — Epic Clarity,datasets/tenant-inputs/active/meridian-health/current/05_data_assets_integrations.csv,335,data-assets-integrations/v1,no
meridian-health,meridian-health:data_asset:behavioral-health-data-asset-335-philips-patient-monitoring-network,data_asset,data,Behavioral Health Data Asset 335 — Philips Patient Monitoring Network,datasets/tenant-inputs/active/meridian-health/current/05_data_assets_integrations.csv,336,data-assets-integrations/v1,no
meridian-health,meridian-health:data_asset:risk-adjustment-data-asset-336-epic-clarity,data_asset,data,Risk Adjustment Data Asset 336 — Epic Clarity,datasets/tenant-inputs/active/meridian-health/current/05_data_assets_integrations.csv,337,data-assets-integrations/v1,no
meridian-health,meridian-health:data_asset:scheduling-data-asset-337-epic-clarity,data_asset,data,Scheduling Data Asset 337 — Epic Clarity,datasets/tenant-inputs/active/meridian-health/current/05_data_assets_integrations.csv,338,data-assets-integrations/v1,no
meridian-health,meridian-health:data_asset:member-experience-data-asset-338-epic-resolute-hospital-billing,data_asset,data,Member Experience Data Asset 338 — Epic Resolute Hospital Billing,datasets/tenant-inputs/active/meridian-health/current/05_data_assets_integrations.csv,339,data-assets-integrations/v1,no
meridian-health,meridian-health:data_asset:behavioral-health-data-asset-339-epic-clarity,data_asset,data,Behavioral Health Data Asset 339 — Epic Clarity,datasets/tenant-inputs/active/meridian-health/current/05_data_assets_integrations.csv,340,data-assets-integrations/v1,no
meridian-health,meridian-health:data_asset:revenue-cycle-data-asset-340-epic-clarity,data_asset,data,Revenue Cycle Data Asset 340 — Epic Clarity,datasets/tenant-inputs/active/meridian-health/current/05_data_assets_integrations.csv,341,data-assets-integrations/v1,no
meridian-health,meridian-health:data_asset:revenue-cycle-data-asset-341-epic-clarity,data_asset,data,Revenue Cycle Data Asset 341 — Epic Clarity,datasets/tenant-inputs/active/meridian-health/current/05_data_assets_integrations.csv,342,data-assets-integrations/v1,no
meridian-health,meridian-health:data_asset:clinical-documentation-data-asset-342-epic-clarity,data_asset,data,Clinical Documentation Data Asset 342 — Epic Clarity,datasets/tenant-inputs/active/meridian-health/current/05_data_assets_integrations.csv,343,data-assets-integrations/v1,no
meridian-health,meridian-health:data_asset:registration-data-asset-343-draeger-anesthesia-information-management-system,data_asset,data,Registration Data Asset 343 — Draeger Anesthesia Information Management System,datasets/tenant-inputs/active/meridian-health/current/05_data_assets_integrations.csv,344,data-assets-integrations/v1,no
meridian-health,meridian-health:data_asset:population-health-registries-data-asset-344-nuance-dax-copilot-dragon-medical-one,data_asset,data,Population Health Registries Data Asset 344 — Nuance DAX Copilot / Dragon Medical One,datasets/tenant-inputs/active/meridian-health/current/05_data_assets_integrations.csv,345,data-assets-integrations/v1,no
meridian-health,meridian-health:data_asset:population-health-registries-data-asset-345-patient-access-etl-sql-server-on-prem,data_asset,data,Population Health Registries Data Asset 345 — Patient Access ETL (SQL Server On-Prem),datasets/tenant-inputs/active/meridian-health/current/05_data_assets_integrations.csv,346,data-assets-integrations/v1,no
meridian-health,meridian-health:data_asset:claims-data-asset-346-epic-clarity,data_asset,data,Claims Data Asset 346 — Epic Clarity,datasets/tenant-inputs/active/meridian-health/current/05_data_assets_integrations.csv,347,data-assets-integrations/v1,no
meridian-health,meridian-health:data_asset:enrollment-data-asset-347-stars-hedis-quality-reports-sql-server-on-prem,data_asset,data,Enrollment Data Asset 347 — STARS/HEDIS Quality Reports (SQL Server On-Prem),datasets/tenant-inputs/active/meridian-health/current/05_data_assets_integrations.csv,348,data-assets-integrations/v1,no
meridian-health,meridian-health:data_asset:enrollment-data-asset-348-radiology-utilization-mart-sql-server-on-prem,data_asset,data,Enrollment Data Asset 348 — Radiology Utilization Mart (SQL Server On-Prem),datasets/tenant-inputs/active/meridian-health/current/05_data_assets_integrations.csv,349,data-assets-integrations/v1,no
meridian-health,meridian-health:data_asset:finance-data-asset-349-epic-resolute-professional-billing,data_asset,data,Finance Data Asset 349 — Epic Resolute Professional Billing,datasets/tenant-inputs/active/meridian-health/current/05_data_assets_integrations.csv,350,data-assets-integrations/v1,no
meridian-health,meridian-health:data_asset:provider-data-data-asset-350-epic-clarity,data_asset,data,Provider Data Data Asset 350 — Epic Clarity,datasets/tenant-inputs/active/meridian-health/current/05_data_assets_integrations.csv,351,data-assets-integrations/v1,no
meridian-health,meridian-health:data_asset:radiology-imaging-data-asset-351-epic-clarity,data_asset,data,Radiology Imaging Data Asset 351 — Epic Clarity,datasets/tenant-inputs/active/meridian-health/current/05_data_assets_integrations.csv,352,data-assets-integrations/v1,no
meridian-health,meridian-health:data_asset:hedis-data-asset-352-epic-clarity,data_asset,data,Hedis Data Asset 352 — Epic Clarity,datasets/tenant-inputs/active/meridian-health/current/05_data_assets_integrations.csv,353,data-assets-integrations/v1,no
meridian-health,meridian-health:data_asset:population-health-registries-data-asset-353-epic-clarity,data_asset,data,Population Health Registries Data Asset 353 — Epic Clarity,datasets/tenant-inputs/active/meridian-health/current/05_data_assets_integrations.csv,354,data-assets-integrations/v1,no
meridian-health,meridian-health:data_asset:member-experience-data-asset-354-philips-patient-monitoring-network,data_asset,data,Member Experience Data Asset 354 — Philips Patient Monitoring Network,datasets/tenant-inputs/active/meridian-health/current/05_data_assets_integrations.csv,355,data-assets-integrations/v1,no
meridian-health,meridian-health:data_asset:member-experience-data-asset-355-epic-community-connect,data_asset,data,Member Experience Data Asset 355 — Epic Community Connect,datasets/tenant-inputs/active/meridian-health/current/05_data_assets_integrations.csv,356,data-assets-integrations/v1,no
meridian-health,meridian-health:data_asset:radiology-imaging-data-asset-356-clinical-registries-mart-sql-server-on-prem,data_asset,data,Radiology Imaging Data Asset 356 — Clinical Registries Mart (SQL Server On-Prem),datasets/tenant-inputs/active/meridian-health/current/05_data_assets_integrations.csv,357,data-assets-integrations/v1,no
meridian-health,meridian-health:data_asset:finance-data-asset-357-epic-clarity,data_asset,data,Finance Data Asset 357 — Epic Clarity,datasets/tenant-inputs/active/meridian-health/current/05_data_assets_integrations.csv,358,data-assets-integrations/v1,no
meridian-health,meridian-health:data_asset:device-data-asset-358-epic-community-connect,data_asset,data,Device Data Asset 358 — Epic Community Connect,datasets/tenant-inputs/active/meridian-health/current/05_data_assets_integrations.csv,359,data-assets-integrations/v1,no
meridian-health,meridian-health:data_asset:scheduling-data-asset-359-epic-clarity,data_asset,data,Scheduling Data Asset 359 — Epic Clarity,datasets/tenant-inputs/active/meridian-health/current/05_data_assets_integrations.csv,360,data-assets-integrations/v1,no
meridian-health,meridian-health:data_asset:care-management-data-asset-360-epic-kaleidoscope,data_asset,data,Care Management Data Asset 360 — Epic Kaleidoscope,datasets/tenant-inputs/active/meridian-health/current/05_data_assets_integrations.csv,361,data-assets-integrations/v1,no
meridian-health,meridian-health:data_asset:finance-data-asset-361-epic-clarity,data_asset,data,Finance Data Asset 361 — Epic Clarity,datasets/tenant-inputs/active/meridian-health/current/05_data_assets_integrations.csv,362,data-assets-integrations/v1,no
meridian-health,meridian-health:data_asset:scheduling-data-asset-362-surgical-services-reports-sql-server-on-prem,data_asset,data,Scheduling Data Asset 362 — Surgical Services Reports (SQL Server On-Prem),datasets/tenant-inputs/active/meridian-health/current/05_data_assets_integrations.csv,363,data-assets-integrations/v1,no
meridian-health,meridian-health:data_asset:revenue-cycle-data-asset-363-safetrace-tx-blood-bank-system,data_asset,data,Revenue Cycle Data Asset 363 — SafeTrace Tx Blood Bank System,datasets/tenant-inputs/active/meridian-health/current/05_data_assets_integrations.csv,364,data-assets-integrations/v1,no
meridian-health,meridian-health:data_asset:population-health-registries-data-asset-364-epic-clarity,data_asset,data,Population Health Registries Data Asset 364 — Epic Clarity,datasets/tenant-inputs/active/meridian-health/current/05_data_assets_integrations.csv,365,data-assets-integrations/v1,no
meridian-health,meridian-health:data_asset:lab-results-data-asset-365-sunquest-laboratory-information-system-interface,data_asset,data,Lab Results Data Asset 365 — Sunquest Laboratory Information System Interface,datasets/tenant-inputs/active/meridian-health/current/05_data_assets_integrations.csv,366,data-assets-integrations/v1,no
meridian-health,meridian-health:data_asset:care-management-data-asset-366-pharmacy-cube-sql-server-on-prem,data_asset,data,Care Management Data Asset 366 — Pharmacy Cube (SQL Server On-Prem),datasets/tenant-inputs/active/meridian-health/current/05_data_assets_integrations.csv,367,data-assets-integrations/v1,no
meridian-health,meridian-health:data_asset:registration-data-asset-367-stars-hedis-quality-cube-sql-server-on-prem,data_asset,data,Registration Data Asset 367 — STARS/HEDIS Quality Cube (SQL Server On-Prem),datasets/tenant-inputs/active/meridian-health/current/05_data_assets_integrations.csv,368,data-assets-integrations/v1,no
meridian-health,meridian-health:data_asset:population-health-registries-data-asset-368-vocera-clinical-communication-platform,data_asset,data,Population Health Registries Data Asset 368 — Vocera Clinical Communication Platform,datasets/tenant-inputs/active/meridian-health/current/05_data_assets_integrations.csv,369,data-assets-integrations/v1,no
meridian-health,meridian-health:data_asset:device-data-asset-369-epic-clarity,data_asset,data,Device Data Asset 369 — Epic Clarity,datasets/tenant-inputs/active/meridian-health/current/05_data_assets_integrations.csv,370,data-assets-integrations/v1,no
meridian-health,meridian-health:data_asset:claims-data-asset-370-epic-clarity,data_asset,data,Claims Data Asset 370 — Epic Clarity,datasets/tenant-inputs/active/meridian-health/current/05_data_assets_integrations.csv,371,data-assets-integrations/v1,no
meridian-health,meridian-health:data_asset:device-data-asset-371-supply-chain-etl-sql-server-on-prem,data_asset,data,Device Data Asset 371 — Supply Chain ETL (SQL Server On-Prem),datasets/tenant-inputs/active/meridian-health/current/05_data_assets_integrations.csv,372,data-assets-integrations/v1,no
meridian-health,meridian-health:data_asset:hr-data-asset-372-transunion-healthcare-propensity-to-pay-platform,data_asset,data,Hr Data Asset 372 — TransUnion Healthcare Propensity-to-Pay Platform,datasets/tenant-inputs/active/meridian-health/current/05_data_assets_integrations.csv,373,data-assets-integrations/v1,no
meridian-health,meridian-health:data_asset:device-data-asset-373-epic-clarity,data_asset,data,Device Data Asset 373 — Epic Clarity,datasets/tenant-inputs/active/meridian-health/current/05_data_assets_integrations.csv,374,data-assets-integrations/v1,no
meridian-health,meridian-health:data_asset:lab-results-data-asset-374-epic-clarity,data_asset,data,Lab Results Data Asset 374 — Epic Clarity,datasets/tenant-inputs/active/meridian-health/current/05_data_assets_integrations.csv,375,data-assets-integrations/v1,no
meridian-health,meridian-health:data_asset:finance-data-asset-375-epic-ambulatory,data_asset,data,Finance Data Asset 375 — Epic Ambulatory,datasets/tenant-inputs/active/meridian-health/current/05_data_assets_integrations.csv,376,data-assets-integrations/v1,no
meridian-health,meridian-health:data_asset:revenue-cycle-data-asset-376-epic-wisdom,data_asset,data,Revenue Cycle Data Asset 376 — Epic Wisdom,datasets/tenant-inputs/active/meridian-health/current/05_data_assets_integrations.csv,377,data-assets-integrations/v1,no
meridian-health,meridian-health:data_asset:supply-chain-data-asset-377-epic-willow-inpatient,data_asset,data,Supply Chain Data Asset 377 — Epic Willow Inpatient,datasets/tenant-inputs/active/meridian-health/current/05_data_assets_integrations.csv,378,data-assets-integrations/v1,no
meridian-health,meridian-health:data_asset:pharmacy-dispensing-data-asset-378-epic-clarity,data_asset,data,Pharmacy Dispensing Data Asset 378 — Epic Clarity,datasets/tenant-inputs/active/meridian-health/current/05_data_assets_integrations.csv,379,data-assets-integrations/v1,no
meridian-health,meridian-health:data_asset:pharmacy-dispensing-data-asset-379-epic-clarity,data_asset,data,Pharmacy Dispensing Data Asset 379 — Epic Clarity,datasets/tenant-inputs/active/meridian-health/current/05_data_assets_integrations.csv,380,data-assets-integrations/v1,no
meridian-health,meridian-health:data_asset:registration-data-asset-380-epic-clarity,data_asset,data,Registration Data Asset 380 — Epic Clarity,datasets/tenant-inputs/active/meridian-health/current/05_data_assets_integrations.csv,381,data-assets-integrations/v1,no
meridian-health,meridian-health:data_asset:finance-data-asset-381-epic-clarity,data_asset,data,Finance Data Asset 381 — Epic Clarity,datasets/tenant-inputs/active/meridian-health/current/05_data_assets_integrations.csv,382,data-assets-integrations/v1,no
meridian-health,meridian-health:data_asset:hr-data-asset-382-epic-clarity,data_asset,data,Hr Data Asset 382 — Epic Clarity,datasets/tenant-inputs/active/meridian-health/current/05_data_assets_integrations.csv,383,data-assets-integrations/v1,no
meridian-health,meridian-health:data_asset:claims-data-asset-383-epic-clarity,data_asset,data,Claims Data Asset 383 — Epic Clarity,datasets/tenant-inputs/active/meridian-health/current/05_data_assets_integrations.csv,384,data-assets-integrations/v1,no
meridian-health,meridian-health:data_asset:population-health-registries-data-asset-384-epic-clarity,data_asset,data,Population Health Registries Data Asset 384 — Epic Clarity,datasets/tenant-inputs/active/meridian-health/current/05_data_assets_integrations.csv,385,data-assets-integrations/v1,no
meridian-health,meridian-health:data_asset:supply-chain-data-asset-385-epic-clarity,data_asset,data,Supply Chain Data Asset 385 — Epic Clarity,datasets/tenant-inputs/active/meridian-health/current/05_data_assets_integrations.csv,386,data-assets-integrations/v1,no
meridian-health,meridian-health:data_asset:finance-data-asset-386-hr-workforce-reports-sql-server-on-prem,data_asset,data,Finance Data Asset 386 — HR/Workforce Reports (SQL Server On-Prem),datasets/tenant-inputs/active/meridian-health/current/05_data_assets_integrations.csv,387,data-assets-integrations/v1,no
meridian-health,meridian-health:data_asset:pharmacy-dispensing-data-asset-387-vocera-clinical-communication-platform,data_asset,data,Pharmacy Dispensing Data Asset 387 — Vocera Clinical Communication Platform,datasets/tenant-inputs/active/meridian-health/current/05_data_assets_integrations.csv,388,data-assets-integrations/v1,no
meridian-health,meridian-health:data_asset:member-experience-data-asset-388-epic-community-connect,data_asset,data,Member Experience Data Asset 388 — Epic Community Connect,datasets/tenant-inputs/active/meridian-health/current/05_data_assets_integrations.csv,389,data-assets-integrations/v1,no
meridian-health,meridian-health:data_asset:finance-data-asset-389-epic-clarity,data_asset,data,Finance Data Asset 389 — Epic Clarity,datasets/tenant-inputs/active/meridian-health/current/05_data_assets_integrations.csv,390,data-assets-integrations/v1,no
meridian-health,meridian-health:data_asset:revenue-cycle-data-asset-390-epic-clarity,data_asset,data,Revenue Cycle Data Asset 390 — Epic Clarity,datasets/tenant-inputs/active/meridian-health/current/05_data_assets_integrations.csv,391,data-assets-integrations/v1,no
meridian-health,meridian-health:data_asset:registration-data-asset-391-epic-clarity,data_asset,data,Registration Data Asset 391 — Epic Clarity,datasets/tenant-inputs/active/meridian-health/current/05_data_assets_integrations.csv,392,data-assets-integrations/v1,no
meridian-health,meridian-health:data_asset:radiology-imaging-data-asset-392-epic-clarity,data_asset,data,Radiology Imaging Data Asset 392 — Epic Clarity,datasets/tenant-inputs/active/meridian-health/current/05_data_assets_integrations.csv,393,data-assets-integrations/v1,no
meridian-health,meridian-health:data_asset:device-data-asset-393-stanley-healthcare-rtls-platform,data_asset,data,Device Data Asset 393 — Stanley Healthcare RTLS Platform,datasets/tenant-inputs/active/meridian-health/current/05_data_assets_integrations.csv,394,data-assets-integrations/v1,no
meridian-health,meridian-health:data_asset:risk-adjustment-data-asset-394-ge-healthcare-pacs-radiology-imaging,data_asset,data,Risk Adjustment Data Asset 394 — GE HealthCare PACS (Radiology Imaging),datasets/tenant-inputs/active/meridian-health/current/05_data_assets_integrations.csv,395,data-assets-integrations/v1,no
meridian-health,meridian-health:data_asset:finance-data-asset-395-vocera-clinical-communication-platform,data_asset,data,Finance Data Asset 395 — Vocera Clinical Communication Platform,datasets/tenant-inputs/active/meridian-health/current/05_data_assets_integrations.csv,396,data-assets-integrations/v1,no
meridian-health,meridian-health:data_asset:finance-data-asset-396-epic-clarity,data_asset,data,Finance Data Asset 396 — Epic Clarity,datasets/tenant-inputs/active/meridian-health/current/05_data_assets_integrations.csv,397,data-assets-integrations/v1,no
meridian-health,meridian-health:data_asset:pharmacy-dispensing-data-asset-397-epic-clarity,data_asset,data,Pharmacy Dispensing Data Asset 397 — Epic Clarity,datasets/tenant-inputs/active/meridian-health/current/05_data_assets_integrations.csv,398,data-assets-integrations/v1,no
meridian-health,meridian-health:data_asset:care-management-data-asset-398-vocera-clinical-communication-platform,data_asset,data,Care Management Data Asset 398 — Vocera Clinical Communication Platform,datasets/tenant-inputs/active/meridian-health/current/05_data_assets_integrations.csv,399,data-assets-integrations/v1,no
meridian-health,meridian-health:data_asset:lab-results-data-asset-399-epic-clarity,data_asset,data,Lab Results Data Asset 399 — Epic Clarity,datasets/tenant-inputs/active/meridian-health/current/05_data_assets_integrations.csv,400,data-assets-integrations/v1,no
meridian-health,meridian-health:data_asset:radiology-imaging-data-asset-400-safetrace-tx-blood-bank-system,data_asset,data,Radiology Imaging Data Asset 400 — SafeTrace Tx Blood Bank System,datasets/tenant-inputs/active/meridian-health/current/05_data_assets_integrations.csv,401,data-assets-integrations/v1,no
meridian-health,meridian-health:data_asset:member-experience-data-asset-401-ge-healthcare-pacs-radiology-imaging,data_asset,data,Member Experience Data Asset 401 — GE HealthCare PACS (Radiology Imaging),datasets/tenant-inputs/active/meridian-health/current/05_data_assets_integrations.csv,402,data-assets-integrations/v1,no
meridian-health,meridian-health:data_asset:pharmacy-dispensing-data-asset-402-epic-cadence,data_asset,data,Pharmacy Dispensing Data Asset 402 — Epic Cadence,datasets/tenant-inputs/active/meridian-health/current/05_data_assets_integrations.csv,403,data-assets-integrations/v1,no
meridian-health,meridian-health:data_asset:population-health-registries-data-asset-403-radiology-utilization-cube-sql-server-on-prem,data_asset,data,Population Health Registries Data Asset 403 — Radiology Utilization Cube (SQL Server On-Prem),datasets/tenant-inputs/active/meridian-health/current/05_data_assets_integrations.csv,404,data-assets-integrations/v1,no
meridian-health,meridian-health:data_asset:radiology-imaging-data-asset-404-epic-willow-ambulatory,data_asset,data,Radiology Imaging Data Asset 404 — Epic Willow Ambulatory,datasets/tenant-inputs/active/meridian-health/current/05_data_assets_integrations.csv,405,data-assets-integrations/v1,no
meridian-health,meridian-health:data_asset:pharmacy-dispensing-data-asset-405-ge-healthcare-pacs-radiology-imaging,data_asset,data,Pharmacy Dispensing Data Asset 405 — GE HealthCare PACS (Radiology Imaging),datasets/tenant-inputs/active/meridian-health/current/05_data_assets_integrations.csv,406,data-assets-integrations/v1,no
meridian-health,meridian-health:data_asset:scheduling-data-asset-406-sunquest-laboratory-information-system-interface,data_asset,data,Scheduling Data Asset 406 — Sunquest Laboratory Information System Interface,datasets/tenant-inputs/active/meridian-health/current/05_data_assets_integrations.csv,407,data-assets-integrations/v1,no
meridian-health,meridian-health:data_asset:pharmacy-dispensing-data-asset-407-epic-chronicles,data_asset,data,Pharmacy Dispensing Data Asset 407 — Epic Chronicles,datasets/tenant-inputs/active/meridian-health/current/05_data_assets_integrations.csv,408,data-assets-integrations/v1,no
meridian-health,meridian-health:data_asset:pharmacy-dispensing-data-asset-408-sunquest-laboratory-information-system-interface,data_asset,data,Pharmacy Dispensing Data Asset 408 — Sunquest Laboratory Information System Interface,datasets/tenant-inputs/active/meridian-health/current/05_data_assets_integrations.csv,409,data-assets-integrations/v1,no
meridian-health,meridian-health:data_asset:scheduling-data-asset-409-epic-clarity,data_asset,data,Scheduling Data Asset 409 — Epic Clarity,datasets/tenant-inputs/active/meridian-health/current/05_data_assets_integrations.csv,410,data-assets-integrations/v1,no
meridian-health,meridian-health:data_asset:device-data-asset-410-epic-clarity,data_asset,data,Device Data Asset 410 — Epic Clarity,datasets/tenant-inputs/active/meridian-health/current/05_data_assets_integrations.csv,411,data-assets-integrations/v1,no
meridian-health,meridian-health:data_asset:hr-data-asset-411-infection-prevention-reports-sql-server-on-prem,data_asset,data,Hr Data Asset 411 — Infection Prevention Reports (SQL Server On-Prem),datasets/tenant-inputs/active/meridian-health/current/05_data_assets_integrations.csv,412,data-assets-integrations/v1,no
meridian-health,meridian-health:data_asset:device-data-asset-412-epic-clarity,data_asset,data,Device Data Asset 412 — Epic Clarity,datasets/tenant-inputs/active/meridian-health/current/05_data_assets_integrations.csv,413,data-assets-integrations/v1,no
meridian-health,meridian-health:data_asset:hedis-data-asset-413-epic-clarity,data_asset,data,Hedis Data Asset 413 — Epic Clarity,datasets/tenant-inputs/active/meridian-health/current/05_data_assets_integrations.csv,414,data-assets-integrations/v1,no
meridian-health,meridian-health:data_asset:scheduling-data-asset-414-epic-clarity,data_asset,data,Scheduling Data Asset 414 — Epic Clarity,datasets/tenant-inputs/active/meridian-health/current/05_data_assets_integrations.csv,415,data-assets-integrations/v1,no
meridian-health,meridian-health:data_asset:care-management-data-asset-415-epic-clarity,data_asset,data,Care Management Data Asset 415 — Epic Clarity,datasets/tenant-inputs/active/meridian-health/current/05_data_assets_integrations.csv,416,data-assets-integrations/v1,no
meridian-health,meridian-health:data_asset:registration-data-asset-416-epic-clarity,data_asset,data,Registration Data Asset 416 — Epic Clarity,datasets/tenant-inputs/active/meridian-health/current/05_data_assets_integrations.csv,417,data-assets-integrations/v1,no
meridian-health,meridian-health:data_asset:radiology-imaging-data-asset-417-epic-clarity,data_asset,data,Radiology Imaging Data Asset 417 — Epic Clarity,datasets/tenant-inputs/active/meridian-health/current/05_data_assets_integrations.csv,418,data-assets-integrations/v1,no
meridian-health,meridian-health:data_asset:pharmacy-dispensing-data-asset-418-epic-clarity,data_asset,data,Pharmacy Dispensing Data Asset 418 — Epic Clarity,datasets/tenant-inputs/active/meridian-health/current/05_data_assets_integrations.csv,419,data-assets-integrations/v1,no
meridian-health,meridian-health:data_asset:enrollment-data-asset-419-epic-clarity,data_asset,data,Enrollment Data Asset 419 — Epic Clarity,datasets/tenant-inputs/active/meridian-health/current/05_data_assets_integrations.csv,420,data-assets-integrations/v1,no
meridian-health,meridian-health:data_asset:behavioral-health-data-asset-420-epic-clarity,data_asset,data,Behavioral Health Data Asset 420 — Epic Clarity,datasets/tenant-inputs/active/meridian-health/current/05_data_assets_integrations.csv,421,data-assets-integrations/v1,no
meridian-health,meridian-health:data_asset:enrollment-data-asset-421-pharmacy-etl-sql-server-on-prem,data_asset,data,Enrollment Data Asset 421 — Pharmacy ETL (SQL Server On-Prem),datasets/tenant-inputs/active/meridian-health/current/05_data_assets_integrations.csv,422,data-assets-integrations/v1,no
meridian-health,meridian-health:data_asset:radiology-imaging-data-asset-422-epic-clarity,data_asset,data,Radiology Imaging Data Asset 422 — Epic Clarity,datasets/tenant-inputs/active/meridian-health/current/05_data_assets_integrations.csv,423,data-assets-integrations/v1,no
meridian-health,meridian-health:data_asset:hedis-data-asset-423-epic-clarity,data_asset,data,Hedis Data Asset 423 — Epic Clarity,datasets/tenant-inputs/active/meridian-health/current/05_data_assets_integrations.csv,424,data-assets-integrations/v1,no
meridian-health,meridian-health:data_asset:enrollment-data-asset-424-vocera-clinical-communication-platform,data_asset,data,Enrollment Data Asset 424 — Vocera Clinical Communication Platform,datasets/tenant-inputs/active/meridian-health/current/05_data_assets_integrations.csv,425,data-assets-integrations/v1,no
meridian-health,meridian-health:data_asset:device-data-asset-425-epic-clarity,data_asset,data,Device Data Asset 425 — Epic Clarity,datasets/tenant-inputs/active/meridian-health/current/05_data_assets_integrations.csv,426,data-assets-integrations/v1,no
meridian-health,meridian-health:data_asset:pharmacy-dispensing-data-asset-426-ambulatory-operations-mart-sql-server-on-prem,data_asset,data,Pharmacy Dispensing Data Asset 426 — Ambulatory Operations Mart (SQL Server On-Prem),datasets/tenant-inputs/active/meridian-health/current/05_data_assets_integrations.csv,427,data-assets-integrations/v1,no
meridian-health,meridian-health:data_asset:behavioral-health-data-asset-427-claims-etl-sql-server-on-prem,data_asset,data,Behavioral Health Data Asset 427 — Claims ETL (SQL Server On-Prem),datasets/tenant-inputs/active/meridian-health/current/05_data_assets_integrations.csv,428,data-assets-integrations/v1,no
meridian-health,meridian-health:data_asset:enrollment-data-asset-428-vocera-clinical-communication-platform,data_asset,data,Enrollment Data Asset 428 — Vocera Clinical Communication Platform,datasets/tenant-inputs/active/meridian-health/current/05_data_assets_integrations.csv,429,data-assets-integrations/v1,no
meridian-health,meridian-health:data_asset:revenue-cycle-data-asset-429-vocera-clinical-communication-platform,data_asset,data,Revenue Cycle Data Asset 429 — Vocera Clinical Communication Platform,datasets/tenant-inputs/active/meridian-health/current/05_data_assets_integrations.csv,430,data-assets-integrations/v1,no
meridian-health,meridian-health:data_asset:behavioral-health-data-asset-430-epic-clarity,data_asset,data,Behavioral Health Data Asset 430 — Epic Clarity,datasets/tenant-inputs/active/meridian-health/current/05_data_assets_integrations.csv,431,data-assets-integrations/v1,no
meridian-health,meridian-health:data_asset:scheduling-data-asset-431-philips-patient-monitoring-network,data_asset,data,Scheduling Data Asset 431 — Philips Patient Monitoring Network,datasets/tenant-inputs/active/meridian-health/current/05_data_assets_integrations.csv,432,data-assets-integrations/v1,no
meridian-health,meridian-health:data_asset:revenue-cycle-data-asset-432-epic-clarity,data_asset,data,Revenue Cycle Data Asset 432 — Epic Clarity,datasets/tenant-inputs/active/meridian-health/current/05_data_assets_integrations.csv,433,data-assets-integrations/v1,no
meridian-health,meridian-health:data_asset:hr-data-asset-433-philips-patient-monitoring-network,data_asset,data,Hr Data Asset 433 — Philips Patient Monitoring Network,datasets/tenant-inputs/active/meridian-health/current/05_data_assets_integrations.csv,434,data-assets-integrations/v1,no
meridian-health,meridian-health:data_asset:hr-data-asset-434-epic-community-connect,data_asset,data,Hr Data Asset 434 — Epic Community Connect,datasets/tenant-inputs/active/meridian-health/current/05_data_assets_integrations.csv,435,data-assets-integrations/v1,no
meridian-health,meridian-health:data_asset:device-data-asset-435-patient-access-mart-sql-server-on-prem,data_asset,data,Device Data Asset 435 — Patient Access Mart (SQL Server On-Prem),datasets/tenant-inputs/active/meridian-health/current/05_data_assets_integrations.csv,436,data-assets-integrations/v1,no
meridian-health,meridian-health:data_asset:lab-results-data-asset-436-epic-bridges,data_asset,data,Lab Results Data Asset 436 — Epic Bridges,datasets/tenant-inputs/active/meridian-health/current/05_data_assets_integrations.csv,437,data-assets-integrations/v1,no
meridian-health,meridian-health:data_asset:revenue-cycle-data-asset-437-epic-clarity,data_asset,data,Revenue Cycle Data Asset 437 — Epic Clarity,datasets/tenant-inputs/active/meridian-health/current/05_data_assets_integrations.csv,438,data-assets-integrations/v1,no
meridian-health,meridian-health:data_asset:hr-data-asset-438-epic-clarity,data_asset,data,Hr Data Asset 438 — Epic Clarity,datasets/tenant-inputs/active/meridian-health/current/05_data_assets_integrations.csv,439,data-assets-integrations/v1,no
meridian-health,meridian-health:data_asset:hr-data-asset-439-epic-clarity,data_asset,data,Hr Data Asset 439 — Epic Clarity,datasets/tenant-inputs/active/meridian-health/current/05_data_assets_integrations.csv,440,data-assets-integrations/v1,no
meridian-health,meridian-health:data_asset:claims-data-asset-440-epic-clarity,data_asset,data,Claims Data Asset 440 — Epic Clarity,datasets/tenant-inputs/active/meridian-health/current/05_data_assets_integrations.csv,441,data-assets-integrations/v1,no
meridian-health,meridian-health:data_asset:provider-data-data-asset-441-salesforce-member-patient-crm,data_asset,data,Provider Data Data Asset 441 — Salesforce Member/Patient CRM,datasets/tenant-inputs/active/meridian-health/current/05_data_assets_integrations.csv,442,data-assets-integrations/v1,no
meridian-health,meridian-health:data_asset:care-management-data-asset-442-epic-clarity,data_asset,data,Care Management Data Asset 442 — Epic Clarity,datasets/tenant-inputs/active/meridian-health/current/05_data_assets_integrations.csv,443,data-assets-integrations/v1,no
meridian-health,meridian-health:data_asset:member-experience-data-asset-443-epic-clarity,data_asset,data,Member Experience Data Asset 443 — Epic Clarity,datasets/tenant-inputs/active/meridian-health/current/05_data_assets_integrations.csv,444,data-assets-integrations/v1,no
meridian-health,meridian-health:data_asset:population-health-registries-data-asset-444-epic-beaker-cp,data_asset,data,Population Health Registries Data Asset 444 — Epic Beaker CP,datasets/tenant-inputs/active/meridian-health/current/05_data_assets_integrations.csv,445,data-assets-integrations/v1,no
meridian-health,meridian-health:data_asset:scheduling-data-asset-445-epic-clarity,data_asset,data,Scheduling Data Asset 445 — Epic Clarity,datasets/tenant-inputs/active/meridian-health/current/05_data_assets_integrations.csv,446,data-assets-integrations/v1,no
meridian-health,meridian-health:data_asset:registration-data-asset-446-sunquest-laboratory-information-system-interface,data_asset,data,Registration Data Asset 446 — Sunquest Laboratory Information System Interface,datasets/tenant-inputs/active/meridian-health/current/05_data_assets_integrations.csv,447,data-assets-integrations/v1,no
meridian-health,meridian-health:data_asset:provider-data-data-asset-447-supply-chain-reports-sql-server-on-prem,data_asset,data,Provider Data Data Asset 447 — Supply Chain Reports (SQL Server On-Prem),datasets/tenant-inputs/active/meridian-health/current/05_data_assets_integrations.csv,448,data-assets-integrations/v1,no
meridian-health,meridian-health:data_asset:claims-data-asset-448-epic-clarity,data_asset,data,Claims Data Asset 448 — Epic Clarity,datasets/tenant-inputs/active/meridian-health/current/05_data_assets_integrations.csv,449,data-assets-integrations/v1,no
meridian-health,meridian-health:data_asset:provider-data-data-asset-449-epic-clarity,data_asset,data,Provider Data Data Asset 449 — Epic Clarity,datasets/tenant-inputs/active/meridian-health/current/05_data_assets_integrations.csv,450,data-assets-integrations/v1,no
meridian-health,meridian-health:data_asset:device-data-asset-450-epic-asap,data_asset,data,Device Data Asset 450 — Epic ASAP,datasets/tenant-inputs/active/meridian-health/current/05_data_assets_integrations.csv,451,data-assets-integrations/v1,no
meridian-health,meridian-health:data_asset:clinical-documentation-data-asset-451-epic-clarity,data_asset,data,Clinical Documentation Data Asset 451 — Epic Clarity,datasets/tenant-inputs/active/meridian-health/current/05_data_assets_integrations.csv,452,data-assets-integrations/v1,no
meridian-health,meridian-health:data_asset:finance-data-asset-452-epic-clarity,data_asset,data,Finance Data Asset 452 — Epic Clarity,datasets/tenant-inputs/active/meridian-health/current/05_data_assets_integrations.csv,453,data-assets-integrations/v1,no
meridian-health,meridian-health:data_asset:hedis-data-asset-453-pharmacy-etl-sql-server-on-prem,data_asset,data,Hedis Data Asset 453 — Pharmacy ETL (SQL Server On-Prem),datasets/tenant-inputs/active/meridian-health/current/05_data_assets_integrations.csv,454,data-assets-integrations/v1,no
meridian-health,meridian-health:data_asset:behavioral-health-data-asset-454-philips-patient-monitoring-network,data_asset,data,Behavioral Health Data Asset 454 — Philips Patient Monitoring Network,datasets/tenant-inputs/active/meridian-health/current/05_data_assets_integrations.csv,455,data-assets-integrations/v1,no
meridian-health,meridian-health:data_asset:member-experience-data-asset-455-provider-data-mart-sql-server-on-prem,data_asset,data,Member Experience Data Asset 455 — Provider Data Mart (SQL Server On-Prem),datasets/tenant-inputs/active/meridian-health/current/05_data_assets_integrations.csv,456,data-assets-integrations/v1,no
meridian-health,meridian-health:data_asset:revenue-cycle-data-asset-456-epic-clarity,data_asset,data,Revenue Cycle Data Asset 456 — Epic Clarity,datasets/tenant-inputs/active/meridian-health/current/05_data_assets_integrations.csv,457,data-assets-integrations/v1,no
meridian-health,meridian-health:data_asset:claims-data-asset-457-epic-clarity,data_asset,data,Claims Data Asset 457 — Epic Clarity,datasets/tenant-inputs/active/meridian-health/current/05_data_assets_integrations.csv,458,data-assets-integrations/v1,no
meridian-health,meridian-health:data_asset:provider-data-data-asset-458-epic-clarity,data_asset,data,Provider Data Data Asset 458 — Epic Clarity,datasets/tenant-inputs/active/meridian-health/current/05_data_assets_integrations.csv,459,data-assets-integrations/v1,no
meridian-health,meridian-health:data_asset:care-management-data-asset-459-workday-hcm-payroll,data_asset,data,Care Management Data Asset 459 — Workday HCM & Payroll,datasets/tenant-inputs/active/meridian-health/current/05_data_assets_integrations.csv,460,data-assets-integrations/v1,no
meridian-health,meridian-health:data_asset:provider-data-data-asset-460-epic-clarity,data_asset,data,Provider Data Data Asset 460 — Epic Clarity,datasets/tenant-inputs/active/meridian-health/current/05_data_assets_integrations.csv,461,data-assets-integrations/v1,no
meridian-health,meridian-health:data_asset:finance-data-asset-461-epic-clarity,data_asset,data,Finance Data Asset 461 — Epic Clarity,datasets/tenant-inputs/active/meridian-health/current/05_data_assets_integrations.csv,462,data-assets-integrations/v1,no
meridian-health,meridian-health:data_asset:hr-data-asset-462-stars-hedis-quality-reports-sql-server-on-prem,data_asset,data,Hr Data Asset 462 — STARS/HEDIS Quality Reports (SQL Server On-Prem),datasets/tenant-inputs/active/meridian-health/current/05_data_assets_integrations.csv,463,data-assets-integrations/v1,no
meridian-health,meridian-health:data_asset:provider-data-data-asset-463-epic-willow-ambulatory,data_asset,data,Provider Data Data Asset 463 — Epic Willow Ambulatory,datasets/tenant-inputs/active/meridian-health/current/05_data_assets_integrations.csv,464,data-assets-integrations/v1,no
meridian-health,meridian-health:data_asset:population-health-registries-data-asset-464-patient-access-etl-sql-server-on-prem,data_asset,data,Population Health Registries Data Asset 464 — Patient Access ETL (SQL Server On-Prem),datasets/tenant-inputs/active/meridian-health/current/05_data_assets_integrations.csv,465,data-assets-integrations/v1,no
meridian-health,meridian-health:data_asset:scheduling-data-asset-465-epic-clarity,data_asset,data,Scheduling Data Asset 465 — Epic Clarity,datasets/tenant-inputs/active/meridian-health/current/05_data_assets_integrations.csv,466,data-assets-integrations/v1,no
meridian-health,meridian-health:data_asset:risk-adjustment-data-asset-466-epic-clarity,data_asset,data,Risk Adjustment Data Asset 466 — Epic Clarity,datasets/tenant-inputs/active/meridian-health/current/05_data_assets_integrations.csv,467,data-assets-integrations/v1,no
meridian-health,meridian-health:data_asset:revenue-cycle-data-asset-467-epic-clarity,data_asset,data,Revenue Cycle Data Asset 467 — Epic Clarity,datasets/tenant-inputs/active/meridian-health/current/05_data_assets_integrations.csv,468,data-assets-integrations/v1,no
meridian-health,meridian-health:data_asset:device-data-asset-468-epic-clarity,data_asset,data,Device Data Asset 468 — Epic Clarity,datasets/tenant-inputs/active/meridian-health/current/05_data_assets_integrations.csv,469,data-assets-integrations/v1,no
meridian-health,meridian-health:data_asset:lab-results-data-asset-469-sph-analytics-cahps-survey-platform,data_asset,data,Lab Results Data Asset 469 — SPH Analytics CAHPS Survey Platform,datasets/tenant-inputs/active/meridian-health/current/05_data_assets_integrations.csv,470,data-assets-integrations/v1,no
meridian-health,meridian-health:data_asset:provider-data-data-asset-470-epic-clarity,data_asset,data,Provider Data Data Asset 470 — Epic Clarity,datasets/tenant-inputs/active/meridian-health/current/05_data_assets_integrations.csv,471,data-assets-integrations/v1,no
meridian-health,meridian-health:data_asset:registration-data-asset-471-hr-workforce-reports-sql-server-on-prem,data_asset,data,Registration Data Asset 471 — HR/Workforce Reports (SQL Server On-Prem),datasets/tenant-inputs/active/meridian-health/current/05_data_assets_integrations.csv,472,data-assets-integrations/v1,no
meridian-health,meridian-health:data_asset:hr-data-asset-472-epic-community-connect,data_asset,data,Hr Data Asset 472 — Epic Community Connect,datasets/tenant-inputs/active/meridian-health/current/05_data_assets_integrations.csv,473,data-assets-integrations/v1,no
meridian-health,meridian-health:data_asset:care-management-data-asset-473-epic-clarity,data_asset,data,Care Management Data Asset 473 — Epic Clarity,datasets/tenant-inputs/active/meridian-health/current/05_data_assets_integrations.csv,474,data-assets-integrations/v1,no
meridian-health,meridian-health:data_asset:registration-data-asset-474-vocera-clinical-communication-platform,data_asset,data,Registration Data Asset 474 — Vocera Clinical Communication Platform,datasets/tenant-inputs/active/meridian-health/current/05_data_assets_integrations.csv,475,data-assets-integrations/v1,no
meridian-health,meridian-health:data_asset:population-health-registries-data-asset-475-epic-clarity,data_asset,data,Population Health Registries Data Asset 475 — Epic Clarity,datasets/tenant-inputs/active/meridian-health/current/05_data_assets_integrations.csv,476,data-assets-integrations/v1,no
meridian-health,meridian-health:data_asset:hr-data-asset-476-epic-clarity,data_asset,data,Hr Data Asset 476 — Epic Clarity,datasets/tenant-inputs/active/meridian-health/current/05_data_assets_integrations.csv,477,data-assets-integrations/v1,no
meridian-health,meridian-health:data_asset:supply-chain-data-asset-477-pharmacy-cube-sql-server-on-prem,data_asset,data,Supply Chain Data Asset 477 — Pharmacy Cube (SQL Server On-Prem),datasets/tenant-inputs/active/meridian-health/current/05_data_assets_integrations.csv,478,data-assets-integrations/v1,no
meridian-health,meridian-health:data_asset:radiology-imaging-data-asset-478-epic-clarity,data_asset,data,Radiology Imaging Data Asset 478 — Epic Clarity,datasets/tenant-inputs/active/meridian-health/current/05_data_assets_integrations.csv,479,data-assets-integrations/v1,no
meridian-health,meridian-health:data_asset:care-management-data-asset-479-vocera-clinical-communication-platform,data_asset,data,Care Management Data Asset 479 — Vocera Clinical Communication Platform,datasets/tenant-inputs/active/meridian-health/current/05_data_assets_integrations.csv,480,data-assets-integrations/v1,no
meridian-health,meridian-health:data_asset:revenue-cycle-data-asset-480-epic-clarity,data_asset,data,Revenue Cycle Data Asset 480 — Epic Clarity,datasets/tenant-inputs/active/meridian-health/current/05_data_assets_integrations.csv,481,data-assets-integrations/v1,no
meridian-health,meridian-health:data_asset:supply-chain-data-asset-481-epic-clarity,data_asset,data,Supply Chain Data Asset 481 — Epic Clarity,datasets/tenant-inputs/active/meridian-health/current/05_data_assets_integrations.csv,482,data-assets-integrations/v1,no
meridian-health,meridian-health:data_asset:member-experience-data-asset-482-epic-clarity,data_asset,data,Member Experience Data Asset 482 — Epic Clarity,datasets/tenant-inputs/active/meridian-health/current/05_data_assets_integrations.csv,483,data-assets-integrations/v1,no
meridian-health,meridian-health:data_asset:population-health-registries-data-asset-483-epic-clarity,data_asset,data,Population Health Registries Data Asset 483 — Epic Clarity,datasets/tenant-inputs/active/meridian-health/current/05_data_assets_integrations.csv,484,data-assets-integrations/v1,no
meridian-health,meridian-health:data_asset:hedis-data-asset-484-epic-clarity,data_asset,data,Hedis Data Asset 484 — Epic Clarity,datasets/tenant-inputs/active/meridian-health/current/05_data_assets_integrations.csv,485,data-assets-integrations/v1,no
meridian-health,meridian-health:data_asset:device-data-asset-485-epic-clarity,data_asset,data,Device Data Asset 485 — Epic Clarity,datasets/tenant-inputs/active/meridian-health/current/05_data_assets_integrations.csv,486,data-assets-integrations/v1,no
meridian-health,meridian-health:data_asset:finance-data-asset-486-epic-clarity,data_asset,data,Finance Data Asset 486 — Epic Clarity,datasets/tenant-inputs/active/meridian-health/current/05_data_assets_integrations.csv,487,data-assets-integrations/v1,no
meridian-health,meridian-health:data_asset:lab-results-data-asset-487-epic-clarity,data_asset,data,Lab Results Data Asset 487 — Epic Clarity,datasets/tenant-inputs/active/meridian-health/current/05_data_assets_integrations.csv,488,data-assets-integrations/v1,no
meridian-health,meridian-health:data_asset:risk-adjustment-data-asset-488-epic-wisdom,data_asset,data,Risk Adjustment Data Asset 488 — Epic Wisdom,datasets/tenant-inputs/active/meridian-health/current/05_data_assets_integrations.csv,489,data-assets-integrations/v1,no
meridian-health,meridian-health:data_asset:scheduling-data-asset-489-epic-clarity,data_asset,data,Scheduling Data Asset 489 — Epic Clarity,datasets/tenant-inputs/active/meridian-health/current/05_data_assets_integrations.csv,490,data-assets-integrations/v1,no
meridian-health,meridian-health:data_asset:revenue-cycle-data-asset-490-sunquest-laboratory-information-system-interface,data_asset,data,Revenue Cycle Data Asset 490 — Sunquest Laboratory Information System Interface,datasets/tenant-inputs/active/meridian-health/current/05_data_assets_integrations.csv,491,data-assets-integrations/v1,no
meridian-health,meridian-health:data_asset:revenue-cycle-data-asset-491-epic-clarity,data_asset,data,Revenue Cycle Data Asset 491 — Epic Clarity,datasets/tenant-inputs/active/meridian-health/current/05_data_assets_integrations.csv,492,data-assets-integrations/v1,no
meridian-health,meridian-health:data_asset:member-experience-data-asset-492-epic-clarity,data_asset,data,Member Experience Data Asset 492 — Epic Clarity,datasets/tenant-inputs/active/meridian-health/current/05_data_assets_integrations.csv,493,data-assets-integrations/v1,no
meridian-health,meridian-health:data_asset:claims-data-asset-493-epic-clarity,data_asset,data,Claims Data Asset 493 — Epic Clarity,datasets/tenant-inputs/active/meridian-health/current/05_data_assets_integrations.csv,494,data-assets-integrations/v1,no
meridian-health,meridian-health:data_asset:enrollment-data-asset-494-case-management-reports-sql-server-on-prem,data_asset,data,Enrollment Data Asset 494 — Case Management Reports (SQL Server On-Prem),datasets/tenant-inputs/active/meridian-health/current/05_data_assets_integrations.csv,495,data-assets-integrations/v1,no
meridian-health,meridian-health:data_asset:revenue-cycle-data-asset-495-provider-data-cube-sql-server-on-prem,data_asset,data,Revenue Cycle Data Asset 495 — Provider Data Cube (SQL Server On-Prem),datasets/tenant-inputs/active/meridian-health/current/05_data_assets_integrations.csv,496,data-assets-integrations/v1,no
meridian-health,meridian-health:data_asset:revenue-cycle-data-asset-496-epic-clarity,data_asset,data,Revenue Cycle Data Asset 496 — Epic Clarity,datasets/tenant-inputs/active/meridian-health/current/05_data_assets_integrations.csv,497,data-assets-integrations/v1,no
meridian-health,meridian-health:data_asset:enrollment-data-asset-497-epic-clarity,data_asset,data,Enrollment Data Asset 497 — Epic Clarity,datasets/tenant-inputs/active/meridian-health/current/05_data_assets_integrations.csv,498,data-assets-integrations/v1,no
meridian-health,meridian-health:data_asset:pharmacy-dispensing-data-asset-498-nursing-quality-cube-sql-server-on-prem,data_asset,data,Pharmacy Dispensing Data Asset 498 — Nursing Quality Cube (SQL Server On-Prem),datasets/tenant-inputs/active/meridian-health/current/05_data_assets_integrations.csv,499,data-assets-integrations/v1,no
meridian-health,meridian-health:data_asset:enrollment-data-asset-499-epic-clarity,data_asset,data,Enrollment Data Asset 499 — Epic Clarity,datasets/tenant-inputs/active/meridian-health/current/05_data_assets_integrations.csv,500,data-assets-integrations/v1,no
meridian-health,meridian-health:data_asset:hedis-data-asset-500-epic-clarity,data_asset,data,Hedis Data Asset 500 — Epic Clarity,datasets/tenant-inputs/active/meridian-health/current/05_data_assets_integrations.csv,501,data-assets-integrations/v1,no
meridian-health,meridian-health:data_asset:enrollment-data-asset-501-case-management-cube-sql-server-on-prem,data_asset,data,Enrollment Data Asset 501 — Case Management Cube (SQL Server On-Prem),datasets/tenant-inputs/active/meridian-health/current/05_data_assets_integrations.csv,502,data-assets-integrations/v1,no
meridian-health,meridian-health:data_asset:member-experience-data-asset-502-provider-data-mart-sql-server-on-prem,data_asset,data,Member Experience Data Asset 502 — Provider Data Mart (SQL Server On-Prem),datasets/tenant-inputs/active/meridian-health/current/05_data_assets_integrations.csv,503,data-assets-integrations/v1,no
meridian-health,meridian-health:data_asset:supply-chain-data-asset-503-epic-cadence,data_asset,data,Supply Chain Data Asset 503 — Epic Cadence,datasets/tenant-inputs/active/meridian-health/current/05_data_assets_integrations.csv,504,data-assets-integrations/v1,no
meridian-health,meridian-health:data_asset:behavioral-health-data-asset-504-epic-clarity,data_asset,data,Behavioral Health Data Asset 504 — Epic Clarity,datasets/tenant-inputs/active/meridian-health/current/05_data_assets_integrations.csv,505,data-assets-integrations/v1,no
meridian-health,meridian-health:data_asset:enrollment-data-asset-505-epic-clarity,data_asset,data,Enrollment Data Asset 505 — Epic Clarity,datasets/tenant-inputs/active/meridian-health/current/05_data_assets_integrations.csv,506,data-assets-integrations/v1,no
meridian-health,meridian-health:data_asset:claims-data-asset-506-epic-clarity,data_asset,data,Claims Data Asset 506 — Epic Clarity,datasets/tenant-inputs/active/meridian-health/current/05_data_assets_integrations.csv,507,data-assets-integrations/v1,no
meridian-health,meridian-health:data_asset:finance-data-asset-507-philips-patient-monitoring-network,data_asset,data,Finance Data Asset 507 — Philips Patient Monitoring Network,datasets/tenant-inputs/active/meridian-health/current/05_data_assets_integrations.csv,508,data-assets-integrations/v1,no
meridian-health,meridian-health:data_asset:revenue-cycle-data-asset-508-epic-clarity,data_asset,data,Revenue Cycle Data Asset 508 — Epic Clarity,datasets/tenant-inputs/active/meridian-health/current/05_data_assets_integrations.csv,509,data-assets-integrations/v1,no
meridian-health,meridian-health:data_asset:population-health-registries-data-asset-509-epic-chronicles,data_asset,data,Population Health Registries Data Asset 509 — Epic Chronicles,datasets/tenant-inputs/active/meridian-health/current/05_data_assets_integrations.csv,510,data-assets-integrations/v1,no
meridian-health,meridian-health:data_asset:revenue-cycle-data-asset-510-epic-clarity,data_asset,data,Revenue Cycle Data Asset 510 — Epic Clarity,datasets/tenant-inputs/active/meridian-health/current/05_data_assets_integrations.csv,511,data-assets-integrations/v1,no
meridian-health,meridian-health:data_asset:member-experience-data-asset-511-epic-clarity,data_asset,data,Member Experience Data Asset 511 — Epic Clarity,datasets/tenant-inputs/active/meridian-health/current/05_data_assets_integrations.csv,512,data-assets-integrations/v1,no
meridian-health,meridian-health:data_asset:scheduling-data-asset-512-epic-clarity,data_asset,data,Scheduling Data Asset 512 — Epic Clarity,datasets/tenant-inputs/active/meridian-health/current/05_data_assets_integrations.csv,513,data-assets-integrations/v1,no
meridian-health,meridian-health:data_asset:care-management-data-asset-513-epic-clarity,data_asset,data,Care Management Data Asset 513 — Epic Clarity,datasets/tenant-inputs/active/meridian-health/current/05_data_assets_integrations.csv,514,data-assets-integrations/v1,no
meridian-health,meridian-health:data_asset:behavioral-health-data-asset-514-experian-health-patient-identity-eligibility,data_asset,data,Behavioral Health Data Asset 514 — Experian Health Patient Identity & Eligibility,datasets/tenant-inputs/active/meridian-health/current/05_data_assets_integrations.csv,515,data-assets-integrations/v1,no
meridian-health,meridian-health:data_asset:risk-adjustment-data-asset-515-epic-clarity,data_asset,data,Risk Adjustment Data Asset 515 — Epic Clarity,datasets/tenant-inputs/active/meridian-health/current/05_data_assets_integrations.csv,516,data-assets-integrations/v1,no
meridian-health,meridian-health:data_asset:enrollment-data-asset-516-philips-patient-monitoring-network,data_asset,data,Enrollment Data Asset 516 — Philips Patient Monitoring Network,datasets/tenant-inputs/active/meridian-health/current/05_data_assets_integrations.csv,517,data-assets-integrations/v1,no
meridian-health,meridian-health:data_asset:lab-results-data-asset-517-epic-clarity,data_asset,data,Lab Results Data Asset 517 — Epic Clarity,datasets/tenant-inputs/active/meridian-health/current/05_data_assets_integrations.csv,518,data-assets-integrations/v1,no
meridian-health,meridian-health:data_asset:member-experience-data-asset-518-epic-clarity,data_asset,data,Member Experience Data Asset 518 — Epic Clarity,datasets/tenant-inputs/active/meridian-health/current/05_data_assets_integrations.csv,519,data-assets-integrations/v1,no
meridian-health,meridian-health:data_asset:lab-results-data-asset-519-hr-workforce-cube-sql-server-on-prem,data_asset,data,Lab Results Data Asset 519 — HR/Workforce Cube (SQL Server On-Prem),datasets/tenant-inputs/active/meridian-health/current/05_data_assets_integrations.csv,520,data-assets-integrations/v1,no
meridian-health,meridian-health:data_asset:device-data-asset-520-epic-clarity,data_asset,data,Device Data Asset 520 — Epic Clarity,datasets/tenant-inputs/active/meridian-health/current/05_data_assets_integrations.csv,521,data-assets-integrations/v1,no
meridian-health,meridian-health:infrastructure_platform:lakeview-primary-data-center,infrastructure_platform,infrastructure,Lakeview Primary Data Center,datasets/tenant-inputs/active/meridian-health/current/06_infrastructure_platforms.csv,2,infrastructure-platforms/v1,no
meridian-health,meridian-health:infrastructure_platform:fairhaven-dr-data-center,infrastructure_platform,infrastructure,Fairhaven DR Data Center,datasets/tenant-inputs/active/meridian-health/current/06_infrastructure_platforms.csv,3,infrastructure-platforms/v1,no
meridian-health,meridian-health:infrastructure_platform:riverton-regional-server-room,infrastructure_platform,infrastructure,Riverton Regional Server Room,datasets/tenant-inputs/active/meridian-health/current/06_infrastructure_platforms.csv,4,infrastructure-platforms/v1,no
meridian-health,meridian-health:infrastructure_platform:marsh-point-regional-server-room,infrastructure_platform,infrastructure,Marsh Point Regional Server Room,datasets/tenant-inputs/active/meridian-health/current/06_infrastructure_platforms.csv,5,infrastructure-platforms/v1,no
meridian-health,meridian-health:infrastructure_platform:vmware-vsphere-compute-cluster,infrastructure_platform,infrastructure,VMware vSphere Compute Cluster,datasets/tenant-inputs/active/meridian-health/current/06_infrastructure_platforms.csv,6,infrastructure-platforms/v1,no
meridian-health,meridian-health:infrastructure_platform:netapp-enterprise-storage-estate,infrastructure_platform,infrastructure,NetApp Enterprise Storage Estate,datasets/tenant-inputs/active/meridian-health/current/06_infrastructure_platforms.csv,7,infrastructure-platforms/v1,no
meridian-health,meridian-health:infrastructure_platform:cisco-core-campus-network,infrastructure_platform,infrastructure,Cisco Core & Campus Network,datasets/tenant-inputs/active/meridian-health/current/06_infrastructure_platforms.csv,8,infrastructure-platforms/v1,no
meridian-health,meridian-health:infrastructure_platform:citrix-clinical-desktop-virtualization,infrastructure_platform,infrastructure,Citrix Clinical Desktop Virtualization,datasets/tenant-inputs/active/meridian-health/current/06_infrastructure_platforms.csv,9,infrastructure-platforms/v1,no
meridian-health,meridian-health:infrastructure_platform:active-directory-identity-infrastructure,infrastructure_platform,infrastructure,Active Directory / Identity Infrastructure,datasets/tenant-inputs/active/meridian-health/current/06_infrastructure_platforms.csv,10,infrastructure-platforms/v1,no
meridian-health,meridian-health:infrastructure_platform:crowdstrike-falcon-endpoint-platform,infrastructure_platform,infrastructure,CrowdStrike Falcon Endpoint Platform,datasets/tenant-inputs/active/meridian-health/current/06_infrastructure_platforms.csv,11,infrastructure-platforms/v1,no
meridian-health,meridian-health:infrastructure_platform:splunk-enterprise-security-siem,infrastructure_platform,infrastructure,Splunk Enterprise Security (SIEM),datasets/tenant-inputs/active/meridian-health/current/06_infrastructure_platforms.csv,12,infrastructure-platforms/v1,no
meridian-health,meridian-health:infrastructure_platform:cyberark-privileged-access-management,infrastructure_platform,infrastructure,CyberArk Privileged Access Management,datasets/tenant-inputs/active/meridian-health/current/06_infrastructure_platforms.csv,13,infrastructure-platforms/v1,no
meridian-health,meridian-health:infrastructure_platform:proofpoint-email-security-gateway,infrastructure_platform,infrastructure,Proofpoint Email Security Gateway,datasets/tenant-inputs/active/meridian-health/current/06_infrastructure_platforms.csv,14,infrastructure-platforms/v1,no
meridian-health,meridian-health:infrastructure_platform:okta-identity-sso-platform,infrastructure_platform,infrastructure,Okta Identity & SSO Platform,datasets/tenant-inputs/active/meridian-health/current/06_infrastructure_platforms.csv,15,infrastructure-platforms/v1,no
meridian-health,meridian-health:infrastructure_platform:microsoft-365-teams-collaboration,infrastructure_platform,infrastructure,Microsoft 365 / Teams Collaboration,datasets/tenant-inputs/active/meridian-health/current/06_infrastructure_platforms.csv,16,infrastructure-platforms/v1,no
meridian-health,meridian-health:infrastructure_platform:zoom-enterprise-video-conferencing,infrastructure_platform,infrastructure,Zoom Enterprise Video Conferencing,datasets/tenant-inputs/active/meridian-health/current/06_infrastructure_platforms.csv,17,infrastructure-platforms/v1,no
meridian-health,meridian-health:infrastructure_platform:biomedical-device-integration-engine-meridian-regional-medical-center,infrastructure_platform,infrastructure,Biomedical Device Integration Engine — Meridian Regional Medical Center,datasets/tenant-inputs/active/meridian-health/current/06_infrastructure_platforms.csv,18,infrastructure-platforms/v1,no
meridian-health,meridian-health:infrastructure_platform:nurse-call-patient-communication-system-meridian-regional-medical-center,infrastructure_platform,infrastructure,Nurse Call & Patient Communication System — Meridian Regional Medical Center,datasets/tenant-inputs/active/meridian-health/current/06_infrastructure_platforms.csv,19,infrastructure-platforms/v1,no
meridian-health,meridian-health:infrastructure_platform:biomedical-device-integration-engine-st-anselm-community-hospital,infrastructure_platform,infrastructure,Biomedical Device Integration Engine — St. Anselm Community Hospital,datasets/tenant-inputs/active/meridian-health/current/06_infrastructure_platforms.csv,20,infrastructure-platforms/v1,no
meridian-health,meridian-health:infrastructure_platform:nurse-call-patient-communication-system-st-anselm-community-hospital,infrastructure_platform,infrastructure,Nurse Call & Patient Communication System — St. Anselm Community Hospital,datasets/tenant-inputs/active/meridian-health/current/06_infrastructure_platforms.csv,21,infrastructure-platforms/v1,no
meridian-health,meridian-health:infrastructure_platform:biomedical-device-integration-engine-meridian-west-hospital,infrastructure_platform,infrastructure,Biomedical Device Integration Engine — Meridian West Hospital,datasets/tenant-inputs/active/meridian-health/current/06_infrastructure_platforms.csv,22,infrastructure-platforms/v1,no
meridian-health,meridian-health:infrastructure_platform:nurse-call-patient-communication-system-meridian-west-hospital,infrastructure_platform,infrastructure,Nurse Call & Patient Communication System — Meridian West Hospital,datasets/tenant-inputs/active/meridian-health/current/06_infrastructure_platforms.csv,23,infrastructure-platforms/v1,no
meridian-health,meridian-health:infrastructure_platform:biomedical-device-integration-engine-cedar-bluff-specialty-hospital,infrastructure_platform,infrastructure,Biomedical Device Integration Engine — Cedar Bluff Specialty Hospital,datasets/tenant-inputs/active/meridian-health/current/06_infrastructure_platforms.csv,24,infrastructure-platforms/v1,no
meridian-health,meridian-health:infrastructure_platform:nurse-call-patient-communication-system-cedar-bluff-specialty-hospital,infrastructure_platform,infrastructure,Nurse Call & Patient Communication System — Cedar Bluff Specialty Hospital,datasets/tenant-inputs/active/meridian-health/current/06_infrastructure_platforms.csv,25,infrastructure-platforms/v1,no
meridian-health,meridian-health:infrastructure_platform:biomedical-device-integration-engine-meridian-cancer-institute,infrastructure_platform,infrastructure,Biomedical Device Integration Engine — Meridian Cancer Institute,datasets/tenant-inputs/active/meridian-health/current/06_infrastructure_platforms.csv,26,infrastructure-platforms/v1,no
meridian-health,meridian-health:infrastructure_platform:nurse-call-patient-communication-system-meridian-cancer-institute,infrastructure_platform,infrastructure,Nurse Call & Patient Communication System — Meridian Cancer Institute,datasets/tenant-inputs/active/meridian-health/current/06_infrastructure_platforms.csv,27,infrastructure-platforms/v1,no
meridian-health,meridian-health:infrastructure_platform:biomedical-device-integration-engine-meridian-children-s-hospital,infrastructure_platform,infrastructure,Biomedical Device Integration Engine — Meridian Children's Hospital,datasets/tenant-inputs/active/meridian-health/current/06_infrastructure_platforms.csv,28,infrastructure-platforms/v1,no
meridian-health,meridian-health:infrastructure_platform:nurse-call-patient-communication-system-meridian-children-s-hospital,infrastructure_platform,infrastructure,Nurse Call & Patient Communication System — Meridian Children's Hospital,datasets/tenant-inputs/active/meridian-health/current/06_infrastructure_platforms.csv,29,infrastructure-platforms/v1,no
meridian-health,meridian-health:infrastructure_platform:biomedical-device-integration-engine-meridian-memorial-hospital-riverton,infrastructure_platform,infrastructure,Biomedical Device Integration Engine — Meridian Memorial Hospital — Riverton,datasets/tenant-inputs/active/meridian-health/current/06_infrastructure_platforms.csv,30,infrastructure-platforms/v1,no
meridian-health,meridian-health:infrastructure_platform:nurse-call-patient-communication-system-meridian-memorial-hospital-riverton,infrastructure_platform,infrastructure,Nurse Call & Patient Communication System — Meridian Memorial Hospital — Riverton,datasets/tenant-inputs/active/meridian-health/current/06_infrastructure_platforms.csv,31,infrastructure-platforms/v1,no
meridian-health,meridian-health:infrastructure_platform:biomedical-device-integration-engine-meridian-memorial-hospital-ashford,infrastructure_platform,infrastructure,Biomedical Device Integration Engine — Meridian Memorial Hospital — Ashford,datasets/tenant-inputs/active/meridian-health/current/06_infrastructure_platforms.csv,32,infrastructure-platforms/v1,no
meridian-health,meridian-health:infrastructure_platform:nurse-call-patient-communication-system-meridian-memorial-hospital-ashford,infrastructure_platform,infrastructure,Nurse Call & Patient Communication System — Meridian Memorial Hospital — Ashford,datasets/tenant-inputs/active/meridian-health/current/06_infrastructure_platforms.csv,33,infrastructure-platforms/v1,no
meridian-health,meridian-health:infrastructure_platform:biomedical-device-integration-engine-meridian-memorial-hospital-bellhaven,infrastructure_platform,infrastructure,Biomedical Device Integration Engine — Meridian Memorial Hospital — Bellhaven,datasets/tenant-inputs/active/meridian-health/current/06_infrastructure_platforms.csv,34,infrastructure-platforms/v1,no
meridian-health,meridian-health:infrastructure_platform:nurse-call-patient-communication-system-meridian-memorial-hospital-bellhaven,infrastructure_platform,infrastructure,Nurse Call & Patient Communication System — Meridian Memorial Hospital — Bellhaven,datasets/tenant-inputs/active/meridian-health/current/06_infrastructure_platforms.csv,35,infrastructure-platforms/v1,no
meridian-health,meridian-health:infrastructure_platform:biomedical-device-integration-engine-deer-run-community-hospital-meridian,infrastructure_platform,infrastructure,Biomedical Device Integration Engine — Deer Run Community Hospital (Meridian),datasets/tenant-inputs/active/meridian-health/current/06_infrastructure_platforms.csv,36,infrastructure-platforms/v1,no
meridian-health,meridian-health:infrastructure_platform:nurse-call-patient-communication-system-deer-run-community-hospital-meridian,infrastructure_platform,infrastructure,Nurse Call & Patient Communication System — Deer Run Community Hospital (Meridian),datasets/tenant-inputs/active/meridian-health/current/06_infrastructure_platforms.csv,37,infrastructure-platforms/v1,no
meridian-health,meridian-health:infrastructure_platform:biomedical-device-integration-engine-prairie-junction-community-hospital-meridian,infrastructure_platform,infrastructure,Biomedical Device Integration Engine — Prairie Junction Community Hospital (Meridian),datasets/tenant-inputs/active/meridian-health/current/06_infrastructure_platforms.csv,38,infrastructure-platforms/v1,no
meridian-health,meridian-health:infrastructure_platform:nurse-call-patient-communication-system-prairie-junction-community-hospital-meridian,infrastructure_platform,infrastructure,Nurse Call & Patient Communication System — Prairie Junction Community Hospital (Meridian),datasets/tenant-inputs/active/meridian-health/current/06_infrastructure_platforms.csv,39,infrastructure-platforms/v1,no
meridian-health,meridian-health:infrastructure_platform:biomedical-device-integration-engine-wexford-general-hospital-meridian,infrastructure_platform,infrastructure,Biomedical Device Integration Engine — Wexford General Hospital (Meridian),datasets/tenant-inputs/active/meridian-health/current/06_infrastructure_platforms.csv,40,infrastructure-platforms/v1,no
meridian-health,meridian-health:infrastructure_platform:nurse-call-patient-communication-system-wexford-general-hospital-meridian,infrastructure_platform,infrastructure,Nurse Call & Patient Communication System — Wexford General Hospital (Meridian),datasets/tenant-inputs/active/meridian-health/current/06_infrastructure_platforms.csv,41,infrastructure-platforms/v1,no
meridian-health,meridian-health:infrastructure_platform:biomedical-device-integration-engine-marsh-point-community-hospital-meridian,infrastructure_platform,infrastructure,Biomedical Device Integration Engine — Marsh Point Community Hospital (Meridian),datasets/tenant-inputs/active/meridian-health/current/06_infrastructure_platforms.csv,42,infrastructure-platforms/v1,no
meridian-health,meridian-health:infrastructure_platform:nurse-call-patient-communication-system-marsh-point-community-hospital-meridian,infrastructure_platform,infrastructure,Nurse Call & Patient Communication System — Marsh Point Community Hospital (Meridian),datasets/tenant-inputs/active/meridian-health/current/06_infrastructure_platforms.csv,43,infrastructure-platforms/v1,no
meridian-health,meridian-health:infrastructure_platform:biomedical-device-integration-engine-oakford-general-hospital-meridian,infrastructure_platform,infrastructure,Biomedical Device Integration Engine — Oakford General Hospital (Meridian),datasets/tenant-inputs/active/meridian-health/current/06_infrastructure_platforms.csv,44,infrastructure-platforms/v1,no
meridian-health,meridian-health:infrastructure_platform:nurse-call-patient-communication-system-oakford-general-hospital-meridian,infrastructure_platform,infrastructure,Nurse Call & Patient Communication System — Oakford General Hospital (Meridian),datasets/tenant-inputs/active/meridian-health/current/06_infrastructure_platforms.csv,45,infrastructure-platforms/v1,no
meridian-health,meridian-health:infrastructure_platform:biomedical-device-integration-engine-stonebridge-community-hospital-meridian,infrastructure_platform,infrastructure,Biomedical Device Integration Engine — Stonebridge Community Hospital (Meridian),datasets/tenant-inputs/active/meridian-health/current/06_infrastructure_platforms.csv,46,infrastructure-platforms/v1,no
meridian-health,meridian-health:infrastructure_platform:nurse-call-patient-communication-system-stonebridge-community-hospital-meridian,infrastructure_platform,infrastructure,Nurse Call & Patient Communication System — Stonebridge Community Hospital (Meridian),datasets/tenant-inputs/active/meridian-health/current/06_infrastructure_platforms.csv,47,infrastructure-platforms/v1,no
meridian-health,meridian-health:infrastructure_platform:biomedical-device-integration-engine-elm-crossing-general-hospital-meridian,infrastructure_platform,infrastructure,Biomedical Device Integration Engine — Elm Crossing General Hospital (Meridian),datasets/tenant-inputs/active/meridian-health/current/06_infrastructure_platforms.csv,48,infrastructure-platforms/v1,no
meridian-health,meridian-health:infrastructure_platform:nurse-call-patient-communication-system-elm-crossing-general-hospital-meridian,infrastructure_platform,infrastructure,Nurse Call & Patient Communication System — Elm Crossing General Hospital (Meridian),datasets/tenant-inputs/active/meridian-health/current/06_infrastructure_platforms.csv,49,infrastructure-platforms/v1,no
meridian-health,meridian-health:infrastructure_platform:biomedical-device-integration-engine-harborview-community-hospital-meridian,infrastructure_platform,infrastructure,Biomedical Device Integration Engine — Harborview Community Hospital (Meridian),datasets/tenant-inputs/active/meridian-health/current/06_infrastructure_platforms.csv,50,infrastructure-platforms/v1,no
meridian-health,meridian-health:infrastructure_platform:nurse-call-patient-communication-system-harborview-community-hospital-meridian,infrastructure_platform,infrastructure,Nurse Call & Patient Communication System — Harborview Community Hospital (Meridian),datasets/tenant-inputs/active/meridian-health/current/06_infrastructure_platforms.csv,51,infrastructure-platforms/v1,no
meridian-health,meridian-health:infrastructure_platform:biomedical-device-integration-engine-kettleford-general-hospital-meridian,infrastructure_platform,infrastructure,Biomedical Device Integration Engine — Kettleford General Hospital (Meridian),datasets/tenant-inputs/active/meridian-health/current/06_infrastructure_platforms.csv,52,infrastructure-platforms/v1,no
meridian-health,meridian-health:infrastructure_platform:nurse-call-patient-communication-system-kettleford-general-hospital-meridian,infrastructure_platform,infrastructure,Nurse Call & Patient Communication System — Kettleford General Hospital (Meridian),datasets/tenant-inputs/active/meridian-health/current/06_infrastructure_platforms.csv,53,infrastructure-platforms/v1,no
meridian-health,meridian-health:infrastructure_platform:biomedical-device-integration-engine-sable-falls-community-hospital-meridian,infrastructure_platform,infrastructure,Biomedical Device Integration Engine — Sable Falls Community Hospital (Meridian),datasets/tenant-inputs/active/meridian-health/current/06_infrastructure_platforms.csv,54,infrastructure-platforms/v1,no
meridian-health,meridian-health:infrastructure_platform:nurse-call-patient-communication-system-sable-falls-community-hospital-meridian,infrastructure_platform,infrastructure,Nurse Call & Patient Communication System — Sable Falls Community Hospital (Meridian),datasets/tenant-inputs/active/meridian-health/current/06_infrastructure_platforms.csv,55,infrastructure-platforms/v1,no
meridian-health,meridian-health:infrastructure_platform:biomedical-device-integration-engine-thornwood-general-hospital-meridian,infrastructure_platform,infrastructure,Biomedical Device Integration Engine — Thornwood General Hospital (Meridian),datasets/tenant-inputs/active/meridian-health/current/06_infrastructure_platforms.csv,56,infrastructure-platforms/v1,no
meridian-health,meridian-health:infrastructure_platform:nurse-call-patient-communication-system-thornwood-general-hospital-meridian,infrastructure_platform,infrastructure,Nurse Call & Patient Communication System — Thornwood General Hospital (Meridian),datasets/tenant-inputs/active/meridian-health/current/06_infrastructure_platforms.csv,57,infrastructure-platforms/v1,no
meridian-health,meridian-health:infrastructure_platform:biomedical-device-integration-engine-meridian-rehabilitation-hospital-millbrook,infrastructure_platform,infrastructure,Biomedical Device Integration Engine — Meridian Rehabilitation Hospital — Millbrook,datasets/tenant-inputs/active/meridian-health/current/06_infrastructure_platforms.csv,58,infrastructure-platforms/v1,no
meridian-health,meridian-health:infrastructure_platform:nurse-call-patient-communication-system-meridian-rehabilitation-hospital-millbrook,infrastructure_platform,infrastructure,Nurse Call & Patient Communication System — Meridian Rehabilitation Hospital — Millbrook,datasets/tenant-inputs/active/meridian-health/current/06_infrastructure_platforms.csv,59,infrastructure-platforms/v1,no
meridian-health,meridian-health:infrastructure_platform:biomedical-device-integration-engine-meridian-rehabilitation-hospital-fairhaven,infrastructure_platform,infrastructure,Biomedical Device Integration Engine — Meridian Rehabilitation Hospital — Fairhaven,datasets/tenant-inputs/active/meridian-health/current/06_infrastructure_platforms.csv,60,infrastructure-platforms/v1,no
meridian-health,meridian-health:infrastructure_platform:nurse-call-patient-communication-system-meridian-rehabilitation-hospital-fairhaven,infrastructure_platform,infrastructure,Nurse Call & Patient Communication System — Meridian Rehabilitation Hospital — Fairhaven,datasets/tenant-inputs/active/meridian-health/current/06_infrastructure_platforms.csv,61,infrastructure-platforms/v1,no
meridian-health,meridian-health:program_initiative:stars-5-0-improvement-program,program_initiative,program,STARS 5.0 Improvement Program,datasets/tenant-inputs/active/meridian-health/current/09_programs_initiatives.csv,2,programs-initiatives/v1,no
meridian-health,meridian-health:program_initiative:raf-capture-risk-adjustment-modernization,program_initiative,program,RAF Capture & Risk Adjustment Modernization,datasets/tenant-inputs/active/meridian-health/current/09_programs_initiatives.csv,3,programs-initiatives/v1,no
meridian-health,meridian-health:program_initiative:epic-community-connect-expansion,program_initiative,program,Epic Community Connect Expansion,datasets/tenant-inputs/active/meridian-health/current/09_programs_initiatives.csv,4,programs-initiatives/v1,no
meridian-health,meridian-health:program_initiative:legacy-cerner-decommission-st-anselm,program_initiative,program,Legacy Cerner Decommission — St. Anselm,datasets/tenant-inputs/active/meridian-health/current/09_programs_initiatives.csv,5,programs-initiatives/v1,no
meridian-health,meridian-health:program_initiative:sql-server-sprawl-rationalization-databricks-lakehouse-evaluation,program_initiative,program,SQL Server Sprawl Rationalization & Databricks Lakehouse Evaluation,datasets/tenant-inputs/active/meridian-health/current/09_programs_initiatives.csv,6,programs-initiatives/v1,no
meridian-health,meridian-health:program_initiative:ai-use-case-governance-evaluation-roadmap,program_initiative,program,AI Use-Case Governance & Evaluation Roadmap,datasets/tenant-inputs/active/meridian-health/current/09_programs_initiatives.csv,7,programs-initiatives/v1,no
meridian-health,meridian-health:program_initiative:revenue-cycle-denials-ai-program,program_initiative,program,Revenue Cycle Denials AI Program,datasets/tenant-inputs/active/meridian-health/current/09_programs_initiatives.csv,8,programs-initiatives/v1,no
meridian-health,meridian-health:program_initiative:cahps-experience-improvement-initiative,program_initiative,program,CAHPS Experience Improvement Initiative,datasets/tenant-inputs/active/meridian-health/current/09_programs_initiatives.csv,9,programs-initiatives/v1,no
meridian-health,meridian-health:program_initiative:interface-engine-consolidation-bridges-rhapsody,program_initiative,program,Interface Engine Consolidation (Bridges/Rhapsody),datasets/tenant-inputs/active/meridian-health/current/09_programs_initiatives.csv,10,programs-initiatives/v1,no
meridian-health,meridian-health:program_initiative:mychart-digital-front-door-expansion,program_initiative,program,MyChart Digital Front Door Expansion,datasets/tenant-inputs/active/meridian-health/current/09_programs_initiatives.csv,11,programs-initiatives/v1,no
meridian-health,meridian-health:program_initiative:care-management-platform-rationalization,program_initiative,program,Care Management Platform Rationalization,datasets/tenant-inputs/active/meridian-health/current/09_programs_initiatives.csv,12,programs-initiatives/v1,no
meridian-health,meridian-health:program_initiative:tableau-workbook-governance-consolidation,program_initiative,program,Tableau Workbook Governance & Consolidation,datasets/tenant-inputs/active/meridian-health/current/09_programs_initiatives.csv,13,programs-initiatives/v1,no
meridian-health,meridian-health:program_initiative:privileged-access-management-pam-rollout,program_initiative,program,Privileged Access Management (PAM) Rollout,datasets/tenant-inputs/active/meridian-health/current/09_programs_initiatives.csv,14,programs-initiatives/v1,no
meridian-health,meridian-health:program_initiative:nurse-call-rtls-modernization,program_initiative,program,Nurse Call & RTLS Modernization,datasets/tenant-inputs/active/meridian-health/current/09_programs_initiatives.csv,15,programs-initiatives/v1,no
meridian-health,meridian-health:program_initiative:telehealth-hospital-at-home-scale-up,program_initiative,program,Telehealth & Hospital-at-Home Scale-Up,datasets/tenant-inputs/active/meridian-health/current/09_programs_initiatives.csv,16,programs-initiatives/v1,no
meridian-health,meridian-health:program_initiative:claims-auto-adjudication-rate-improvement,program_initiative,program,Claims Auto-Adjudication Rate Improvement,datasets/tenant-inputs/active/meridian-health/current/09_programs_initiatives.csv,17,programs-initiatives/v1,no
meridian-health,meridian-health:program_initiative:hedis-abstraction-automation-program,program_initiative,program,HEDIS Abstraction Automation Program,datasets/tenant-inputs/active/meridian-health/current/09_programs_initiatives.csv,18,programs-initiatives/v1,no
meridian-health,meridian-health:program_initiative:provider-data-management-golden-record,program_initiative,program,Provider Data Management Golden Record,datasets/tenant-inputs/active/meridian-health/current/09_programs_initiatives.csv,19,programs-initiatives/v1,no
meridian-health,meridian-health:program_initiative:servicenow-itsm-cmdb-modernization,program_initiative,program,ServiceNow ITSM/CMDB Modernization,datasets/tenant-inputs/active/meridian-health/current/09_programs_initiatives.csv,20,programs-initiatives/v1,no
meridian-health,meridian-health:program_initiative:pharmacy-robotics-willow-optimization,program_initiative,program,Pharmacy Robotics & Willow Optimization,datasets/tenant-inputs/active/meridian-health/current/09_programs_initiatives.csv,21,programs-initiatives/v1,no
meridian-health,meridian-health:program_initiative:ambient-clinical-documentation-dax-rollout,program_initiative,program,Ambient Clinical Documentation (DAX) Rollout,datasets/tenant-inputs/active/meridian-health/current/09_programs_initiatives.csv,22,programs-initiatives/v1,no
meridian-health,meridian-health:program_initiative:supply-chain-contract-analytics-modernization,program_initiative,program,Supply Chain Contract Analytics Modernization,datasets/tenant-inputs/active/meridian-health/current/09_programs_initiatives.csv,23,programs-initiatives/v1,no
meridian-health,meridian-health:program_initiative:behavioral-health-access-expansion,program_initiative,program,Behavioral Health Access Expansion,datasets/tenant-inputs/active/meridian-health/current/09_programs_initiatives.csv,24,programs-initiatives/v1,no
meridian-health,meridian-health:program_initiative:emergency-department-throughput-program,program_initiative,program,Emergency Department Throughput Program,datasets/tenant-inputs/active/meridian-health/current/09_programs_initiatives.csv,25,programs-initiatives/v1,no
meridian-health,meridian-health:program_initiative:actuarial-underwriting-analytics-modernization,program_initiative,program,Actuarial & Underwriting Analytics Modernization,datasets/tenant-inputs/active/meridian-health/current/09_programs_initiatives.csv,26,programs-initiatives/v1,no
meridian-health,meridian-health:program_initiative:data-governance-stewardship-foundation,program_initiative,program,Data Governance & Stewardship Foundation,datasets/tenant-inputs/active/meridian-health/current/09_programs_initiatives.csv,27,programs-initiatives/v1,no
meridian-health,meridian-health:program_initiative:epic-tapestry-payer-core-optimization,program_initiative,program,Epic Tapestry Payer Core Optimization,datasets/tenant-inputs/active/meridian-health/current/09_programs_initiatives.csv,28,programs-initiatives/v1,no
meridian-health,meridian-health:program_initiative:patient-financial-clearance-propensity-to-pay,program_initiative,program,Patient Financial Clearance & Propensity-to-Pay,datasets/tenant-inputs/active/meridian-health/current/09_programs_initiatives.csv,29,programs-initiatives/v1,no
meridian-health,meridian-health:ai_use_case:raf-coding-gap-ai-assistant,ai_use_case,ai,RAF Coding Gap AI Assistant,datasets/tenant-inputs/active/meridian-health/current/10_ai_automation_use_cases.csv,2,ai-automation-use-cases/v1,no
meridian-health,meridian-health:ai_use_case:ambient-clinical-documentation-dax-copilot,ai_use_case,ai,Ambient Clinical Documentation (DAX Copilot),datasets/tenant-inputs/active/meridian-health/current/10_ai_automation_use_cases.csv,3,ai-automation-use-cases/v1,no
meridian-health,meridian-health:ai_use_case:denials-prediction-prevention-model,ai_use_case,ai,Denials Prediction & Prevention Model,datasets/tenant-inputs/active/meridian-health/current/10_ai_automation_use_cases.csv,4,ai-automation-use-cases/v1,no
meridian-health,meridian-health:ai_use_case:hedis-care-gap-prioritization-engine,ai_use_case,ai,HEDIS Care Gap Prioritization Engine,datasets/tenant-inputs/active/meridian-health/current/10_ai_automation_use_cases.csv,5,ai-automation-use-cases/v1,no
meridian-health,meridian-health:ai_use_case:sepsis-early-warning-model,ai_use_case,ai,Sepsis Early-Warning Model,datasets/tenant-inputs/active/meridian-health/current/10_ai_automation_use_cases.csv,6,ai-automation-use-cases/v1,no
meridian-health,meridian-health:ai_use_case:readmission-risk-stratification-model,ai_use_case,ai,Readmission Risk Stratification Model,datasets/tenant-inputs/active/meridian-health/current/10_ai_automation_use_cases.csv,7,ai-automation-use-cases/v1,no
meridian-health,meridian-health:ai_use_case:prior-authorization-ai-triage,ai_use_case,ai,Prior Authorization AI Triage,datasets/tenant-inputs/active/meridian-health/current/10_ai_automation_use_cases.csv,8,ai-automation-use-cases/v1,no
meridian-health,meridian-health:ai_use_case:contact-center-virtual-assistant,ai_use_case,ai,Contact Center Virtual Assistant,datasets/tenant-inputs/active/meridian-health/current/10_ai_automation_use_cases.csv,9,ai-automation-use-cases/v1,no
meridian-health,meridian-health:ai_use_case:no-show-prediction-scheduling-optimization,ai_use_case,ai,No-Show Prediction & Scheduling Optimization,datasets/tenant-inputs/active/meridian-health/current/10_ai_automation_use_cases.csv,10,ai-automation-use-cases/v1,no
meridian-health,meridian-health:ai_use_case:charge-capture-anomaly-detection,ai_use_case,ai,Charge Capture Anomaly Detection,datasets/tenant-inputs/active/meridian-health/current/10_ai_automation_use_cases.csv,11,ai-automation-use-cases/v1,no
meridian-health,meridian-health:ai_use_case:stars-member-outreach-next-best-action,ai_use_case,ai,STARS Member Outreach Next-Best-Action,datasets/tenant-inputs/active/meridian-health/current/10_ai_automation_use_cases.csv,12,ai-automation-use-cases/v1,no
meridian-health,meridian-health:ai_use_case:nurse-staffing-demand-forecasting,ai_use_case,ai,Nurse Staffing Demand Forecasting,datasets/tenant-inputs/active/meridian-health/current/10_ai_automation_use_cases.csv,13,ai-automation-use-cases/v1,no
meridian-health,meridian-health:ai_use_case:remote-patient-monitoring-triage-assistant,ai_use_case,ai,Remote Patient Monitoring Triage Assistant,datasets/tenant-inputs/active/meridian-health/current/10_ai_automation_use_cases.csv,14,ai-automation-use-cases/v1,no
meridian-health,meridian-health:ai_use_case:supply-chain-demand-forecasting-ai,ai_use_case,ai,Supply Chain Demand Forecasting AI,datasets/tenant-inputs/active/meridian-health/current/10_ai_automation_use_cases.csv,15,ai-automation-use-cases/v1,no
meridian-health,meridian-health:ai_use_case:behavioral-health-risk-screening-assistant,ai_use_case,ai,Behavioral Health Risk Screening Assistant,datasets/tenant-inputs/active/meridian-health/current/10_ai_automation_use_cases.csv,16,ai-automation-use-cases/v1,no
meridian-health,meridian-health:ai_use_case:radiology-worklist-prioritization-ai,ai_use_case,ai,Radiology Worklist Prioritization AI,datasets/tenant-inputs/active/meridian-health/current/10_ai_automation_use_cases.csv,17,ai-automation-use-cases/v1,no
meridian-health,meridian-health:ai_use_case:claims-auto-adjudication-expansion,ai_use_case,ai,Claims Auto-Adjudication Expansion,datasets/tenant-inputs/active/meridian-health/current/10_ai_automation_use_cases.csv,18,ai-automation-use-cases/v1,no
meridian-health,meridian-health:ai_use_case:patient-financial-propensity-to-pay-model,ai_use_case,ai,Patient Financial Propensity-to-Pay Model,datasets/tenant-inputs/active/meridian-health/current/10_ai_automation_use_cases.csv,19,ai-automation-use-cases/v1,no
meridian-health,meridian-health:risk_control:standing-privileged-credentials-outside-pam-coverage,risk_control,risk,Standing privileged credentials outside PAM coverage,datasets/tenant-inputs/active/meridian-health/current/11_risks_controls.csv,2,risks-controls/v1,no
meridian-health,meridian-health:risk_control:phi-exposure-via-unencrypted-legacy-interface,risk_control,risk,PHI exposure via unencrypted legacy interface,datasets/tenant-inputs/active/meridian-health/current/11_risks_controls.csv,3,risks-controls/v1,no
meridian-health,meridian-health:risk_control:raf-evidence-gap-on-suspect-conditions,risk_control,risk,RAF evidence gap on suspect conditions,datasets/tenant-inputs/active/meridian-health/current/11_risks_controls.csv,4,risks-controls/v1,no
meridian-health,meridian-health:risk_control:hedis-measure-numerator-undercount-from-abstraction-backlog,risk_control,risk,HEDIS measure numerator undercount from abstraction backlog,datasets/tenant-inputs/active/meridian-health/current/11_risks_controls.csv,5,risks-controls/v1,no
meridian-health,meridian-health:risk_control:cerner-to-epic-conversion-data-migration-integrity-risk,risk_control,risk,Cerner-to-Epic conversion data-migration integrity risk,datasets/tenant-inputs/active/meridian-health/current/11_risks_controls.csv,6,risks-controls/v1,no
meridian-health,meridian-health:risk_control:vendor-concentration-single-vendor-epic-dependency,risk_control,risk,Vendor concentration — single-vendor Epic dependency,datasets/tenant-inputs/active/meridian-health/current/11_risks_controls.csv,7,risks-controls/v1,no
meridian-health,meridian-health:risk_control:third-party-risk-adjustment-vendor-breach-exposure,risk_control,risk,Third-party risk adjustment vendor breach exposure,datasets/tenant-inputs/active/meridian-health/current/11_risks_controls.csv,8,risks-controls/v1,no
meridian-health,meridian-health:risk_control:ai-model-drift-on-ambient-documentation-accuracy,risk_control,risk,AI model drift on ambient documentation accuracy,datasets/tenant-inputs/active/meridian-health/current/11_risks_controls.csv,9,risks-controls/v1,no
meridian-health,meridian-health:risk_control:ai-model-bias-risk-on-readmission-risk-scoring,risk_control,risk,AI model bias risk on readmission risk scoring,datasets/tenant-inputs/active/meridian-health/current/11_risks_controls.csv,10,risks-controls/v1,no
meridian-health,meridian-health:risk_control:sql-server-datamart-sprawl-no-single-source-of-truth,risk_control,risk,SQL Server datamart sprawl — no single source of truth,datasets/tenant-inputs/active/meridian-health/current/11_risks_controls.csv,11,risks-controls/v1,no
meridian-health,meridian-health:risk_control:databricks-lakehouse-evaluation-vendor-selection-lock-in-risk-not-yet-assessed,risk_control,risk,Databricks lakehouse evaluation — vendor selection / lock-in risk not yet assessed,datasets/tenant-inputs/active/meridian-health/current/11_risks_controls.csv,12,risks-controls/v1,no
meridian-health,meridian-health:risk_control:denial-write-off-trend-above-target,risk_control,risk,Denial write-off trend above target,datasets/tenant-inputs/active/meridian-health/current/11_risks_controls.csv,13,risks-controls/v1,no
meridian-health,meridian-health:risk_control:claims-auto-adjudication-rate-below-peer-benchmark,risk_control,risk,Claims auto-adjudication rate below peer benchmark,datasets/tenant-inputs/active/meridian-health/current/11_risks_controls.csv,14,risks-controls/v1,no
meridian-health,meridian-health:risk_control:interface-engine-consolidation-introduces-transitional-message-loss-risk,risk_control,risk,Interface engine consolidation introduces transitional message-loss risk,datasets/tenant-inputs/active/meridian-health/current/11_risks_controls.csv,15,risks-controls/v1,no
meridian-health,meridian-health:risk_control:cahps-response-rate-decline-risking-stars-domain-score,risk_control,risk,CAHPS response-rate decline risking STARS domain score,datasets/tenant-inputs/active/meridian-health/current/11_risks_controls.csv,16,risks-controls/v1,no
meridian-health,meridian-health:risk_control:behavioral-health-inpatient-bed-capacity-constraint,risk_control,risk,Behavioral health inpatient bed-capacity constraint,datasets/tenant-inputs/active/meridian-health/current/11_risks_controls.csv,17,risks-controls/v1,no
meridian-health,meridian-health:risk_control:service-desk-staffing-gap-during-epic-upgrade-windows,risk_control,risk,Service desk staffing gap during Epic upgrade windows,datasets/tenant-inputs/active/meridian-health/current/11_risks_controls.csv,18,risks-controls/v1,no
meridian-health,meridian-health:risk_control:provider-data-management-golden-record-inconsistency,risk_control,risk,Provider data management golden-record inconsistency,datasets/tenant-inputs/active/meridian-health/current/11_risks_controls.csv,19,risks-controls/v1,no
meridian-health,meridian-health:risk_control:community-connect-affiliated-practice-data-segregation-gap,risk_control,risk,Community Connect affiliated-practice data segregation gap,datasets/tenant-inputs/active/meridian-health/current/11_risks_controls.csv,20,risks-controls/v1,no
meridian-health,meridian-health:risk_control:actuarial-bid-model-input-data-lag,risk_control,risk,Actuarial bid-model input data lag,datasets/tenant-inputs/active/meridian-health/current/11_risks_controls.csv,21,risks-controls/v1,no
meridian-health,meridian-health:risk_control:encryption-at-rest-attestation-for-the-sql-server-mart-estate,risk_control,risk,Encryption-at-rest attestation for the SQL Server mart estate,datasets/tenant-inputs/active/meridian-health/current/11_risks_controls.csv,22,risks-controls/v1,no
meridian-health,meridian-health:risk_control:business-continuity-tabletop-exercise-ehr-downtime,risk_control,risk,Business continuity tabletop exercise — EHR downtime,datasets/tenant-inputs/active/meridian-health/current/11_risks_controls.csv,23,risks-controls/v1,no
meridian-health,meridian-health:risk_control:third-party-soc-2-review-cadence-for-saas-vendors,risk_control,risk,Third-party SOC 2 review cadence for SaaS vendors,datasets/tenant-inputs/active/meridian-health/current/11_risks_controls.csv,24,risks-controls/v1,no
meridian-health,meridian-health:risk_control:segregation-of-duties-review-claims-adjudication,risk_control,risk,Segregation-of-duties review — claims adjudication,datasets/tenant-inputs/active/meridian-health/current/11_risks_controls.csv,25,risks-controls/v1,no
meridian-health,meridian-health:risk_control:downtime-paper-fallback-readiness-nursing-units,risk_control,risk,Downtime/paper-fallback readiness — nursing units,datasets/tenant-inputs/active/meridian-health/current/11_risks_controls.csv,26,risks-controls/v1,no
meridian-health,meridian-health:risk_control:change-control-exception-rate-above-target,risk_control,risk,Change-control exception rate above target,datasets/tenant-inputs/active/meridian-health/current/11_risks_controls.csv,27,risks-controls/v1,no
meridian-health,meridian-health:risk_control:contract-renewal-lapse-risk-top-10-vendor,risk_control,risk,Contract renewal lapse risk — top-10 vendor,datasets/tenant-inputs/active/meridian-health/current/11_risks_controls.csv,28,risks-controls/v1,no
meridian-health,meridian-health:risk_control:data-residency-exception-legacy-print-mail-vendor,risk_control,risk,Data residency exception — legacy print/mail vendor,datasets/tenant-inputs/active/meridian-health/current/11_risks_controls.csv,29,risks-controls/v1,no
meridian-health,meridian-health:risk_control:underinsured-cyber-liability-limit-relative-to-record-volume,risk_control,risk,Underinsured cyber liability limit relative to record volume,datasets/tenant-inputs/active/meridian-health/current/11_risks_controls.csv,30,risks-controls/v1,no
meridian-health,meridian-health:risk_control:actuarial-model-validation-independence-gap,risk_control,risk,Actuarial model validation independence gap,datasets/tenant-inputs/active/meridian-health/current/11_risks_controls.csv,31,risks-controls/v1,no
meridian-health,meridian-health:risk_control:telehealth-cross-state-licensure-compliance-tracking-gap,risk_control,risk,Telehealth cross-state licensure compliance tracking gap,datasets/tenant-inputs/active/meridian-health/current/11_risks_controls.csv,32,risks-controls/v1,no
meridian-health,meridian-health:risk_control:supply-chain-single-source-risk-pharmacy-robotics-parts,risk_control,risk,Supply chain single-source risk — pharmacy robotics parts,datasets/tenant-inputs/active/meridian-health/current/11_risks_controls.csv,33,risks-controls/v1,no
meridian-health,meridian-health:risk_control:behavioral-health-crisis-intake-documentation-completeness-gap,risk_control,risk,Behavioral health crisis-intake documentation completeness gap,datasets/tenant-inputs/active/meridian-health/current/11_risks_controls.csv,34,risks-controls/v1,no
meridian-health,meridian-health:risk_control:rtls-asset-tracking-coverage-gap-outside-owned-facilities,risk_control,risk,RTLS asset-tracking coverage gap outside owned facilities,datasets/tenant-inputs/active/meridian-health/current/11_risks_controls.csv,35,risks-controls/v1,no
meridian-health,meridian-health:risk_control:print-mail-vendor-sla-breach-risk-on-member-id-cards,risk_control,risk,Print/mail vendor SLA breach risk on member ID cards,datasets/tenant-inputs/active/meridian-health/current/11_risks_controls.csv,36,risks-controls/v1,no
meridian-health,meridian-health:risk_control:hr-system-single-sign-on-outage-dependency,risk_control,risk,HR system single sign-on outage dependency,datasets/tenant-inputs/active/meridian-health/current/11_risks_controls.csv,37,risks-controls/v1,no
meridian-health,meridian-health:risk_control:marketing-consumer-data-retention-policy-gap,risk_control,risk,Marketing consumer data retention policy gap,datasets/tenant-inputs/active/meridian-health/current/11_risks_controls.csv,38,risks-controls/v1,no
meridian-health,meridian-health:risk_control:facilities-capital-project-cost-overrun-risk,risk_control,risk,Facilities capital-project cost overrun risk,datasets/tenant-inputs/active/meridian-health/current/11_risks_controls.csv,39,risks-controls/v1,no
meridian-health,meridian-health:risk_control:pharmacy-robotics-single-point-of-failure-at-flagship-hospital,risk_control,risk,Pharmacy robotics single-point-of-failure at flagship hospital,datasets/tenant-inputs/active/meridian-health/current/11_risks_controls.csv,40,risks-controls/v1,no
meridian-health,meridian-health:risk_control:emergency-department-left-without-being-seen-rate-above-target,risk_control,risk,Emergency Department left-without-being-seen rate above target,datasets/tenant-inputs/active/meridian-health/current/11_risks_controls.csv,41,risks-controls/v1,no
meridian-health,meridian-health:operational_process:hedis-chart-abstraction-process,operational_process,process,HEDIS Chart Abstraction Process,datasets/tenant-inputs/active/meridian-health/current/18_operational_process_evidence.csv,2,operational-process-evidence/v1,no
meridian-health,meridian-health:operational_process:raf-suspect-condition-review-process,operational_process,process,RAF Suspect Condition Review Process,datasets/tenant-inputs/active/meridian-health/current/18_operational_process_evidence.csv,3,operational-process-evidence/v1,no
meridian-health,meridian-health:operational_process:claims-adjudication-exception-handling,operational_process,process,Claims Adjudication Exception Handling,datasets/tenant-inputs/active/meridian-health/current/18_operational_process_evidence.csv,4,operational-process-evidence/v1,no
meridian-health,meridian-health:operational_process:prior-authorization-intake-review,operational_process,process,Prior Authorization Intake & Review,datasets/tenant-inputs/active/meridian-health/current/18_operational_process_evidence.csv,5,operational-process-evidence/v1,no
meridian-health,meridian-health:operational_process:patient-registration-financial-clearance,operational_process,process,Patient Registration & Financial Clearance,datasets/tenant-inputs/active/meridian-health/current/18_operational_process_evidence.csv,6,operational-process-evidence/v1,no
meridian-health,meridian-health:operational_process:denials-management-workflow,operational_process,process,Denials Management Workflow,datasets/tenant-inputs/active/meridian-health/current/18_operational_process_evidence.csv,7,operational-process-evidence/v1,no
meridian-health,meridian-health:operational_process:charge-capture-reconciliation,operational_process,process,Charge Capture Reconciliation,datasets/tenant-inputs/active/meridian-health/current/18_operational_process_evidence.csv,8,operational-process-evidence/v1,no
meridian-health,meridian-health:operational_process:discharge-planning-care-transitions,operational_process,process,Discharge Planning & Care Transitions,datasets/tenant-inputs/active/meridian-health/current/18_operational_process_evidence.csv,9,operational-process-evidence/v1,no
meridian-health,meridian-health:operational_process:pharmacy-order-verification,operational_process,process,Pharmacy Order Verification,datasets/tenant-inputs/active/meridian-health/current/18_operational_process_evidence.csv,10,operational-process-evidence/v1,no
meridian-health,meridian-health:operational_process:emergency-department-triage-throughput,operational_process,process,Emergency Department Triage & Throughput,datasets/tenant-inputs/active/meridian-health/current/18_operational_process_evidence.csv,11,operational-process-evidence/v1,no
meridian-health,meridian-health:operational_process:surgical-scheduling-block-time-management,operational_process,process,Surgical Scheduling & Block Time Management,datasets/tenant-inputs/active/meridian-health/current/18_operational_process_evidence.csv,12,operational-process-evidence/v1,no
meridian-health,meridian-health:operational_process:provider-credentialing-enrollment,operational_process,process,Provider Credentialing & Enrollment,datasets/tenant-inputs/active/meridian-health/current/18_operational_process_evidence.csv,13,operational-process-evidence/v1,no
meridian-health,meridian-health:operational_process:cahps-survey-administration-analysis,operational_process,process,CAHPS Survey Administration & Analysis,datasets/tenant-inputs/active/meridian-health/current/18_operational_process_evidence.csv,14,operational-process-evidence/v1,no
meridian-health,meridian-health:operational_process:member-grievance-appeals-handling,operational_process,process,Member Grievance & Appeals Handling,datasets/tenant-inputs/active/meridian-health/current/18_operational_process_evidence.csv,15,operational-process-evidence/v1,no
meridian-health,meridian-health:operational_process:supply-chain-purchase-order-approval,operational_process,process,Supply Chain Purchase Order Approval,datasets/tenant-inputs/active/meridian-health/current/18_operational_process_evidence.csv,16,operational-process-evidence/v1,no
meridian-health,meridian-health:operational_process:nurse-staffing-scheduling,operational_process,process,Nurse Staffing & Scheduling,datasets/tenant-inputs/active/meridian-health/current/18_operational_process_evidence.csv,17,operational-process-evidence/v1,no
meridian-health,meridian-health:operational_process:behavioral-health-crisis-intake,operational_process,process,Behavioral Health Crisis Intake,datasets/tenant-inputs/active/meridian-health/current/18_operational_process_evidence.csv,18,operational-process-evidence/v1,no
meridian-health,meridian-health:operational_process:telehealth-visit-scheduling-support,operational_process,process,Telehealth Visit Scheduling & Support,datasets/tenant-inputs/active/meridian-health/current/18_operational_process_evidence.csv,19,operational-process-evidence/v1,no
meridian-health,meridian-health:operational_process:compliance-investigation-intake-triage,operational_process,process,Compliance Investigation Intake & Triage,datasets/tenant-inputs/active/meridian-health/current/18_operational_process_evidence.csv,20,operational-process-evidence/v1,no
meridian-health,meridian-health:operational_process:data-governance-issue-triage,operational_process,process,Data Governance Issue Triage,datasets/tenant-inputs/active/meridian-health/current/18_operational_process_evidence.csv,21,operational-process-evidence/v1,no
meridian-health,meridian-health:operational_process:interface-failure-alert-triage,operational_process,process,Interface Failure Alert Triage,datasets/tenant-inputs/active/meridian-health/current/18_operational_process_evidence.csv,22,operational-process-evidence/v1,no
meridian-health,meridian-health:operational_process:vendor-onboarding-risk-review,operational_process,process,Vendor Onboarding & Risk Review,datasets/tenant-inputs/active/meridian-health/current/18_operational_process_evidence.csv,23,operational-process-evidence/v1,no
meridian-health,meridian-health:operational_process:actuarial-bid-model-data-refresh,operational_process,process,Actuarial Bid Model Data Refresh,datasets/tenant-inputs/active/meridian-health/current/18_operational_process_evidence.csv,24,operational-process-evidence/v1,no
meridian-health,meridian-health:operational_process:community-connect-practice-onboarding,operational_process,process,Community Connect Practice Onboarding,datasets/tenant-inputs/active/meridian-health/current/18_operational_process_evidence.csv,25,operational-process-evidence/v1,no
meridian-health,meridian-health:operational_process:ai-model-governance-review,operational_process,process,AI Model Governance Review,datasets/tenant-inputs/active/meridian-health/current/18_operational_process_evidence.csv,26,operational-process-evidence/v1,no
meridian-health,meridian-health:enterprise_profile:meridian-health-system,enterprise_profile,enterprise,Meridian Health System,datasets/tenant-inputs/active/meridian-health/current/00_enterprise_profile.csv,2,enterprise-profile-v3/v1,no
meridian-health,meridian-health:application_system:epic-hyperspace-production,application_system,application,Epic Hyperspace — Production,datasets/tenant-inputs/active/meridian-health/current/04_applications_systems.csv,2,applications-systems-v3/v1,no
meridian-health,meridian-health:application_system:epic-hyperspace-test,application_system,application,Epic Hyperspace — Test,datasets/tenant-inputs/active/meridian-health/current/04_applications_systems.csv,3,applications-systems-v3/v1,no
meridian-health,meridian-health:application_system:epic-hyperspace-training,application_system,application,Epic Hyperspace — Training,datasets/tenant-inputs/active/meridian-health/current/04_applications_systems.csv,4,applications-systems-v3/v1,no
meridian-health,meridian-health:application_system:epic-chronicles-production,application_system,application,Epic Chronicles — Production,datasets/tenant-inputs/active/meridian-health/current/04_applications_systems.csv,5,applications-systems-v3/v1,no
meridian-health,meridian-health:application_system:epic-chronicles-test,application_system,application,Epic Chronicles — Test,datasets/tenant-inputs/active/meridian-health/current/04_applications_systems.csv,6,applications-systems-v3/v1,no
meridian-health,meridian-health:application_system:epic-chronicles-training,application_system,application,Epic Chronicles — Training,datasets/tenant-inputs/active/meridian-health/current/04_applications_systems.csv,7,applications-systems-v3/v1,no
meridian-health,meridian-health:application_system:epic-clarity-production,application_system,application,Epic Clarity — Production,datasets/tenant-inputs/active/meridian-health/current/04_applications_systems.csv,8,applications-systems-v3/v1,no
meridian-health,meridian-health:application_system:epic-clarity-test,application_system,application,Epic Clarity — Test,datasets/tenant-inputs/active/meridian-health/current/04_applications_systems.csv,9,applications-systems-v3/v1,no
meridian-health,meridian-health:application_system:epic-clarity-training,application_system,application,Epic Clarity — Training,datasets/tenant-inputs/active/meridian-health/current/04_applications_systems.csv,10,applications-systems-v3/v1,no
meridian-health,meridian-health:application_system:epic-caboodle-production,application_system,application,Epic Caboodle — Production,datasets/tenant-inputs/active/meridian-health/current/04_applications_systems.csv,11,applications-systems-v3/v1,no
meridian-health,meridian-health:application_system:epic-caboodle-test,application_system,application,Epic Caboodle — Test,datasets/tenant-inputs/active/meridian-health/current/04_applications_systems.csv,12,applications-systems-v3/v1,no
meridian-health,meridian-health:application_system:epic-caboodle-training,application_system,application,Epic Caboodle — Training,datasets/tenant-inputs/active/meridian-health/current/04_applications_systems.csv,13,applications-systems-v3/v1,no
meridian-health,meridian-health:application_system:epic-cogito-slicerdicer-production,application_system,application,Epic Cogito / SlicerDicer — Production,datasets/tenant-inputs/active/meridian-health/current/04_applications_systems.csv,14,applications-systems-v3/v1,no
meridian-health,meridian-health:application_system:epic-willow-ambulatory-production,application_system,application,Epic Willow Ambulatory — Production,datasets/tenant-inputs/active/meridian-health/current/04_applications_systems.csv,15,applications-systems-v3/v1,no
meridian-health,meridian-health:application_system:epic-willow-ambulatory-test,application_system,application,Epic Willow Ambulatory — Test,datasets/tenant-inputs/active/meridian-health/current/04_applications_systems.csv,16,applications-systems-v3/v1,no
meridian-health,meridian-health:application_system:epic-willow-ambulatory-training,application_system,application,Epic Willow Ambulatory — Training,datasets/tenant-inputs/active/meridian-health/current/04_applications_systems.csv,17,applications-systems-v3/v1,no
meridian-health,meridian-health:application_system:epic-willow-inpatient-production,application_system,application,Epic Willow Inpatient — Production,datasets/tenant-inputs/active/meridian-health/current/04_applications_systems.csv,18,applications-systems-v3/v1,no
meridian-health,meridian-health:application_system:epic-willow-inpatient-test,application_system,application,Epic Willow Inpatient — Test,datasets/tenant-inputs/active/meridian-health/current/04_applications_systems.csv,19,applications-systems-v3/v1,no
meridian-health,meridian-health:application_system:epic-willow-inpatient-training,application_system,application,Epic Willow Inpatient — Training,datasets/tenant-inputs/active/meridian-health/current/04_applications_systems.csv,20,applications-systems-v3/v1,no
meridian-health,meridian-health:application_system:epic-beaker-ap-production,application_system,application,Epic Beaker AP — Production,datasets/tenant-inputs/active/meridian-health/current/04_applications_systems.csv,21,applications-systems-v3/v1,no
meridian-health,meridian-health:application_system:epic-beaker-ap-test,application_system,application,Epic Beaker AP — Test,datasets/tenant-inputs/active/meridian-health/current/04_applications_systems.csv,22,applications-systems-v3/v1,no
meridian-health,meridian-health:application_system:epic-beaker-ap-training,application_system,application,Epic Beaker AP — Training,datasets/tenant-inputs/active/meridian-health/current/04_applications_systems.csv,23,applications-systems-v3/v1,no
meridian-health,meridian-health:application_system:epic-beaker-cp-production,application_system,application,Epic Beaker CP — Production,datasets/tenant-inputs/active/meridian-health/current/04_applications_systems.csv,24,applications-systems-v3/v1,no
meridian-health,meridian-health:application_system:epic-beaker-cp-test,application_system,application,Epic Beaker CP — Test,datasets/tenant-inputs/active/meridian-health/current/04_applications_systems.csv,25,applications-systems-v3/v1,no
meridian-health,meridian-health:application_system:epic-beaker-cp-training,application_system,application,Epic Beaker CP — Training,datasets/tenant-inputs/active/meridian-health/current/04_applications_systems.csv,26,applications-systems-v3/v1,no
meridian-health,meridian-health:application_system:epic-radiant-production,application_system,application,Epic Radiant — Production,datasets/tenant-inputs/active/meridian-health/current/04_applications_systems.csv,27,applications-systems-v3/v1,no
meridian-health,meridian-health:application_system:epic-radiant-test,application_system,application,Epic Radiant — Test,datasets/tenant-inputs/active/meridian-health/current/04_applications_systems.csv,28,applications-systems-v3/v1,no
meridian-health,meridian-health:application_system:epic-radiant-training,application_system,application,Epic Radiant — Training,datasets/tenant-inputs/active/meridian-health/current/04_applications_systems.csv,29,applications-systems-v3/v1,no
meridian-health,meridian-health:application_system:epic-cupid-production,application_system,application,Epic Cupid — Production,datasets/tenant-inputs/active/meridian-health/current/04_applications_systems.csv,30,applications-systems-v3/v1,no
meridian-health,meridian-health:application_system:epic-asap-production,application_system,application,Epic ASAP — Production,datasets/tenant-inputs/active/meridian-health/current/04_applications_systems.csv,31,applications-systems-v3/v1,no
meridian-health,meridian-health:application_system:epic-asap-test,application_system,application,Epic ASAP — Test,datasets/tenant-inputs/active/meridian-health/current/04_applications_systems.csv,32,applications-systems-v3/v1,no
meridian-health,meridian-health:application_system:epic-asap-training,application_system,application,Epic ASAP — Training,datasets/tenant-inputs/active/meridian-health/current/04_applications_systems.csv,33,applications-systems-v3/v1,no
meridian-health,meridian-health:application_system:epic-cadence-production,application_system,application,Epic Cadence — Production,datasets/tenant-inputs/active/meridian-health/current/04_applications_systems.csv,34,applications-systems-v3/v1,no
meridian-health,meridian-health:application_system:epic-cadence-test,application_system,application,Epic Cadence — Test,datasets/tenant-inputs/active/meridian-health/current/04_applications_systems.csv,35,applications-systems-v3/v1,no
meridian-health,meridian-health:application_system:epic-cadence-training,application_system,application,Epic Cadence — Training,datasets/tenant-inputs/active/meridian-health/current/04_applications_systems.csv,36,applications-systems-v3/v1,no
meridian-health,meridian-health:application_system:epic-prelude-production,application_system,application,Epic Prelude — Production,datasets/tenant-inputs/active/meridian-health/current/04_applications_systems.csv,37,applications-systems-v3/v1,no
meridian-health,meridian-health:application_system:epic-prelude-test,application_system,application,Epic Prelude — Test,datasets/tenant-inputs/active/meridian-health/current/04_applications_systems.csv,38,applications-systems-v3/v1,no
meridian-health,meridian-health:application_system:epic-prelude-training,application_system,application,Epic Prelude — Training,datasets/tenant-inputs/active/meridian-health/current/04_applications_systems.csv,39,applications-systems-v3/v1,no
meridian-health,meridian-health:application_system:epic-resolute-hospital-billing-production,application_system,application,Epic Resolute Hospital Billing — Production,datasets/tenant-inputs/active/meridian-health/current/04_applications_systems.csv,40,applications-systems-v3/v1,no
meridian-health,meridian-health:application_system:epic-resolute-hospital-billing-test,application_system,application,Epic Resolute Hospital Billing — Test,datasets/tenant-inputs/active/meridian-health/current/04_applications_systems.csv,41,applications-systems-v3/v1,no
meridian-health,meridian-health:application_system:epic-resolute-hospital-billing-training,application_system,application,Epic Resolute Hospital Billing — Training,datasets/tenant-inputs/active/meridian-health/current/04_applications_systems.csv,42,applications-systems-v3/v1,no
meridian-health,meridian-health:application_system:epic-resolute-professional-billing-production,application_system,application,Epic Resolute Professional Billing — Production,datasets/tenant-inputs/active/meridian-health/current/04_applications_systems.csv,43,applications-systems-v3/v1,no
meridian-health,meridian-health:application_system:epic-resolute-professional-billing-test,application_system,application,Epic Resolute Professional Billing — Test,datasets/tenant-inputs/active/meridian-health/current/04_applications_systems.csv,44,applications-systems-v3/v1,no
meridian-health,meridian-health:application_system:epic-resolute-professional-billing-training,application_system,application,Epic Resolute Professional Billing — Training,datasets/tenant-inputs/active/meridian-health/current/04_applications_systems.csv,45,applications-systems-v3/v1,no
meridian-health,meridian-health:application_system:epic-tapestry-production,application_system,application,Epic Tapestry — Production,datasets/tenant-inputs/active/meridian-health/current/04_applications_systems.csv,46,applications-systems-v3/v1,no
meridian-health,meridian-health:application_system:epic-tapestry-test,application_system,application,Epic Tapestry — Test,datasets/tenant-inputs/active/meridian-health/current/04_applications_systems.csv,47,applications-systems-v3/v1,no
meridian-health,meridian-health:application_system:epic-tapestry-training,application_system,application,Epic Tapestry — Training,datasets/tenant-inputs/active/meridian-health/current/04_applications_systems.csv,48,applications-systems-v3/v1,no
meridian-health,meridian-health:application_system:epic-healthy-planet-production,application_system,application,Epic Healthy Planet — Production,datasets/tenant-inputs/active/meridian-health/current/04_applications_systems.csv,49,applications-systems-v3/v1,no
meridian-health,meridian-health:application_system:epic-healthy-planet-test,application_system,application,Epic Healthy Planet — Test,datasets/tenant-inputs/active/meridian-health/current/04_applications_systems.csv,50,applications-systems-v3/v1,no
meridian-health,meridian-health:application_system:epic-healthy-planet-training,application_system,application,Epic Healthy Planet — Training,datasets/tenant-inputs/active/meridian-health/current/04_applications_systems.csv,51,applications-systems-v3/v1,no
meridian-health,meridian-health:application_system:epic-mychart-production,application_system,application,Epic MyChart — Production,datasets/tenant-inputs/active/meridian-health/current/04_applications_systems.csv,52,applications-systems-v3/v1,no
meridian-health,meridian-health:application_system:epic-mychart-test,application_system,application,Epic MyChart — Test,datasets/tenant-inputs/active/meridian-health/current/04_applications_systems.csv,53,applications-systems-v3/v1,no
meridian-health,meridian-health:application_system:epic-mychart-training,application_system,application,Epic MyChart — Training,datasets/tenant-inputs/active/meridian-health/current/04_applications_systems.csv,54,applications-systems-v3/v1,no
meridian-health,meridian-health:application_system:epic-care-everywhere-production,application_system,application,Epic Care Everywhere — Production,datasets/tenant-inputs/active/meridian-health/current/04_applications_systems.csv,55,applications-systems-v3/v1,no
meridian-health,meridian-health:application_system:epic-bridges-production,application_system,application,Epic Bridges — Production,datasets/tenant-inputs/active/meridian-health/current/04_applications_systems.csv,56,applications-systems-v3/v1,no
meridian-health,meridian-health:application_system:epic-bridges-test,application_system,application,Epic Bridges — Test,datasets/tenant-inputs/active/meridian-health/current/04_applications_systems.csv,57,applications-systems-v3/v1,no
meridian-health,meridian-health:application_system:epic-bridges-training,application_system,application,Epic Bridges — Training,datasets/tenant-inputs/active/meridian-health/current/04_applications_systems.csv,58,applications-systems-v3/v1,no
meridian-health,meridian-health:application_system:epic-haiku-production,application_system,application,Epic Haiku — Production,datasets/tenant-inputs/active/meridian-health/current/04_applications_systems.csv,59,applications-systems-v3/v1,no
meridian-health,meridian-health:application_system:epic-rover-production,application_system,application,Epic Rover — Production,datasets/tenant-inputs/active/meridian-health/current/04_applications_systems.csv,60,applications-systems-v3/v1,no
meridian-health,meridian-health:application_system:epic-optime-production,application_system,application,Epic OpTime — Production,datasets/tenant-inputs/active/meridian-health/current/04_applications_systems.csv,61,applications-systems-v3/v1,no
meridian-health,meridian-health:application_system:epic-optime-test,application_system,application,Epic OpTime — Test,datasets/tenant-inputs/active/meridian-health/current/04_applications_systems.csv,62,applications-systems-v3/v1,no
meridian-health,meridian-health:application_system:epic-optime-training,application_system,application,Epic OpTime — Training,datasets/tenant-inputs/active/meridian-health/current/04_applications_systems.csv,63,applications-systems-v3/v1,no
meridian-health,meridian-health:application_system:epic-anesthesia-production,application_system,application,Epic Anesthesia — Production,datasets/tenant-inputs/active/meridian-health/current/04_applications_systems.csv,64,applications-systems-v3/v1,no
meridian-health,meridian-health:application_system:epic-stork-production,application_system,application,Epic Stork — Production,datasets/tenant-inputs/active/meridian-health/current/04_applications_systems.csv,65,applications-systems-v3/v1,no
meridian-health,meridian-health:application_system:epic-stork-test,application_system,application,Epic Stork — Test,datasets/tenant-inputs/active/meridian-health/current/04_applications_systems.csv,66,applications-systems-v3/v1,no
meridian-health,meridian-health:application_system:epic-stork-training,application_system,application,Epic Stork — Training,datasets/tenant-inputs/active/meridian-health/current/04_applications_systems.csv,67,applications-systems-v3/v1,no
meridian-health,meridian-health:application_system:epic-kaleidoscope-production,application_system,application,Epic Kaleidoscope — Production,datasets/tenant-inputs/active/meridian-health/current/04_applications_systems.csv,68,applications-systems-v3/v1,no
meridian-health,meridian-health:application_system:epic-wisdom-production,application_system,application,Epic Wisdom — Production,datasets/tenant-inputs/active/meridian-health/current/04_applications_systems.csv,69,applications-systems-v3/v1,no
meridian-health,meridian-health:application_system:epic-clindoc-production,application_system,application,Epic ClinDoc — Production,datasets/tenant-inputs/active/meridian-health/current/04_applications_systems.csv,70,applications-systems-v3/v1,no
meridian-health,meridian-health:application_system:epic-ambulatory-production,application_system,application,Epic Ambulatory — Production,datasets/tenant-inputs/active/meridian-health/current/04_applications_systems.csv,71,applications-systems-v3/v1,no
meridian-health,meridian-health:application_system:epic-community-connect-lakeview-family-medicine-affiliates,application_system,application,Epic Community Connect — Lakeview Family Medicine Affiliates,datasets/tenant-inputs/active/meridian-health/current/04_applications_systems.csv,72,applications-systems-v3/v1,no
meridian-health,meridian-health:application_system:epic-community-connect-millbrook-internal-medicine-group,application_system,application,Epic Community Connect — Millbrook Internal Medicine Group,datasets/tenant-inputs/active/meridian-health/current/04_applications_systems.csv,73,applications-systems-v3/v1,no
meridian-health,meridian-health:application_system:epic-community-connect-fairhaven-pediatric-partners,application_system,application,Epic Community Connect — Fairhaven Pediatric Partners,datasets/tenant-inputs/active/meridian-health/current/04_applications_systems.csv,74,applications-systems-v3/v1,no
meridian-health,meridian-health:application_system:epic-community-connect-cedar-bluff-orthopedic-associates,application_system,application,Epic Community Connect — Cedar Bluff Orthopedic Associates,datasets/tenant-inputs/active/meridian-health/current/04_applications_systems.csv,75,applications-systems-v3/v1,no
meridian-health,meridian-health:application_system:epic-community-connect-northshore-ob-gyn-associates,application_system,application,Epic Community Connect — Northshore OB/GYN Associates,datasets/tenant-inputs/active/meridian-health/current/04_applications_systems.csv,76,applications-systems-v3/v1,no
meridian-health,meridian-health:application_system:epic-community-connect-riverside-cardiology-partners,application_system,application,Epic Community Connect — Riverside Cardiology Partners,datasets/tenant-inputs/active/meridian-health/current/04_applications_systems.csv,77,applications-systems-v3/v1,no
meridian-health,meridian-health:application_system:revenue-cycle-reports-sql-server-on-prem,application_system,application,Revenue Cycle Reports (SQL Server On-Prem),datasets/tenant-inputs/active/meridian-health/current/04_applications_systems.csv,78,applications-systems-v3/v1,no
meridian-health,meridian-health:application_system:revenue-cycle-mart-sql-server-on-prem,application_system,application,Revenue Cycle Mart (SQL Server On-Prem),datasets/tenant-inputs/active/meridian-health/current/04_applications_systems.csv,79,applications-systems-v3/v1,no
meridian-health,meridian-health:application_system:claims-mart-sql-server-on-prem,application_system,application,Claims Mart (SQL Server On-Prem),datasets/tenant-inputs/active/meridian-health/current/04_applications_systems.csv,80,applications-systems-v3/v1,no
meridian-health,meridian-health:application_system:claims-etl-sql-server-on-prem,application_system,application,Claims ETL (SQL Server On-Prem),datasets/tenant-inputs/active/meridian-health/current/04_applications_systems.csv,81,applications-systems-v3/v1,no
meridian-health,meridian-health:application_system:risk-adjustment-raf-reports-sql-server-on-prem,application_system,application,Risk Adjustment (RAF) Reports (SQL Server On-Prem),datasets/tenant-inputs/active/meridian-health/current/04_applications_systems.csv,82,applications-systems-v3/v1,no
meridian-health,meridian-health:application_system:risk-adjustment-raf-mart-sql-server-on-prem,application_system,application,Risk Adjustment (RAF) Mart (SQL Server On-Prem),datasets/tenant-inputs/active/meridian-health/current/04_applications_systems.csv,83,applications-systems-v3/v1,no
meridian-health,meridian-health:application_system:risk-adjustment-raf-cube-sql-server-on-prem,application_system,application,Risk Adjustment (RAF) Cube (SQL Server On-Prem),datasets/tenant-inputs/active/meridian-health/current/04_applications_systems.csv,84,applications-systems-v3/v1,no
meridian-health,meridian-health:application_system:stars-hedis-quality-mart-sql-server-on-prem,application_system,application,STARS/HEDIS Quality Mart (SQL Server On-Prem),datasets/tenant-inputs/active/meridian-health/current/04_applications_systems.csv,85,applications-systems-v3/v1,no
meridian-health,meridian-health:application_system:stars-hedis-quality-cube-sql-server-on-prem,application_system,application,STARS/HEDIS Quality Cube (SQL Server On-Prem),datasets/tenant-inputs/active/meridian-health/current/04_applications_systems.csv,86,applications-systems-v3/v1,no
meridian-health,meridian-health:application_system:stars-hedis-quality-reports-sql-server-on-prem,application_system,application,STARS/HEDIS Quality Reports (SQL Server On-Prem),datasets/tenant-inputs/active/meridian-health/current/04_applications_systems.csv,87,applications-systems-v3/v1,no
meridian-health,meridian-health:application_system:stars-hedis-quality-etl-sql-server-on-prem,application_system,application,STARS/HEDIS Quality ETL (SQL Server On-Prem),datasets/tenant-inputs/active/meridian-health/current/04_applications_systems.csv,88,applications-systems-v3/v1,no
meridian-health,meridian-health:application_system:population-health-etl-sql-server-on-prem,application_system,application,Population Health ETL (SQL Server On-Prem),datasets/tenant-inputs/active/meridian-health/current/04_applications_systems.csv,89,applications-systems-v3/v1,no
meridian-health,meridian-health:application_system:population-health-mart-sql-server-on-prem,application_system,application,Population Health Mart (SQL Server On-Prem),datasets/tenant-inputs/active/meridian-health/current/04_applications_systems.csv,90,applications-systems-v3/v1,no
meridian-health,meridian-health:application_system:population-health-cube-sql-server-on-prem,application_system,application,Population Health Cube (SQL Server On-Prem),datasets/tenant-inputs/active/meridian-health/current/04_applications_systems.csv,91,applications-systems-v3/v1,no
meridian-health,meridian-health:application_system:pharmacy-reports-sql-server-on-prem,application_system,application,Pharmacy Reports (SQL Server On-Prem),datasets/tenant-inputs/active/meridian-health/current/04_applications_systems.csv,92,applications-systems-v3/v1,no
meridian-health,meridian-health:application_system:pharmacy-cube-sql-server-on-prem,application_system,application,Pharmacy Cube (SQL Server On-Prem),datasets/tenant-inputs/active/meridian-health/current/04_applications_systems.csv,93,applications-systems-v3/v1,no
meridian-health,meridian-health:application_system:pharmacy-etl-sql-server-on-prem,application_system,application,Pharmacy ETL (SQL Server On-Prem),datasets/tenant-inputs/active/meridian-health/current/04_applications_systems.csv,94,applications-systems-v3/v1,no
meridian-health,meridian-health:application_system:nursing-quality-cube-sql-server-on-prem,application_system,application,Nursing Quality Cube (SQL Server On-Prem),datasets/tenant-inputs/active/meridian-health/current/04_applications_systems.csv,95,applications-systems-v3/v1,no
meridian-health,meridian-health:application_system:nursing-quality-etl-sql-server-on-prem,application_system,application,Nursing Quality ETL (SQL Server On-Prem),datasets/tenant-inputs/active/meridian-health/current/04_applications_systems.csv,96,applications-systems-v3/v1,no
meridian-health,meridian-health:application_system:supply-chain-mart-sql-server-on-prem,application_system,application,Supply Chain Mart (SQL Server On-Prem),datasets/tenant-inputs/active/meridian-health/current/04_applications_systems.csv,97,applications-systems-v3/v1,no
meridian-health,meridian-health:application_system:supply-chain-reports-sql-server-on-prem,application_system,application,Supply Chain Reports (SQL Server On-Prem),datasets/tenant-inputs/active/meridian-health/current/04_applications_systems.csv,98,applications-systems-v3/v1,no
meridian-health,meridian-health:application_system:supply-chain-etl-sql-server-on-prem,application_system,application,Supply Chain ETL (SQL Server On-Prem),datasets/tenant-inputs/active/meridian-health/current/04_applications_systems.csv,99,applications-systems-v3/v1,no
meridian-health,meridian-health:application_system:finance-gl-reports-sql-server-on-prem,application_system,application,Finance/GL Reports (SQL Server On-Prem),datasets/tenant-inputs/active/meridian-health/current/04_applications_systems.csv,100,applications-systems-v3/v1,no
meridian-health,meridian-health:application_system:finance-gl-etl-sql-server-on-prem,application_system,application,Finance/GL ETL (SQL Server On-Prem),datasets/tenant-inputs/active/meridian-health/current/04_applications_systems.csv,101,applications-systems-v3/v1,no
meridian-health,meridian-health:application_system:hr-workforce-etl-sql-server-on-prem,application_system,application,HR/Workforce ETL (SQL Server On-Prem),datasets/tenant-inputs/active/meridian-health/current/04_applications_systems.csv,102,applications-systems-v3/v1,no
meridian-health,meridian-health:application_system:hr-workforce-cube-sql-server-on-prem,application_system,application,HR/Workforce Cube (SQL Server On-Prem),datasets/tenant-inputs/active/meridian-health/current/04_applications_systems.csv,103,applications-systems-v3/v1,no
meridian-health,meridian-health:application_system:hr-workforce-reports-sql-server-on-prem,application_system,application,HR/Workforce Reports (SQL Server On-Prem),datasets/tenant-inputs/active/meridian-health/current/04_applications_systems.csv,104,applications-systems-v3/v1,no
meridian-health,meridian-health:application_system:hr-workforce-mart-sql-server-on-prem,application_system,application,HR/Workforce Mart (SQL Server On-Prem),datasets/tenant-inputs/active/meridian-health/current/04_applications_systems.csv,105,applications-systems-v3/v1,no
meridian-health,meridian-health:application_system:patient-access-cube-sql-server-on-prem,application_system,application,Patient Access Cube (SQL Server On-Prem),datasets/tenant-inputs/active/meridian-health/current/04_applications_systems.csv,106,applications-systems-v3/v1,no
meridian-health,meridian-health:application_system:patient-access-mart-sql-server-on-prem,application_system,application,Patient Access Mart (SQL Server On-Prem),datasets/tenant-inputs/active/meridian-health/current/04_applications_systems.csv,107,applications-systems-v3/v1,no
meridian-health,meridian-health:application_system:patient-access-etl-sql-server-on-prem,application_system,application,Patient Access ETL (SQL Server On-Prem),datasets/tenant-inputs/active/meridian-health/current/04_applications_systems.csv,108,applications-systems-v3/v1,no
meridian-health,meridian-health:application_system:provider-data-cube-sql-server-on-prem,application_system,application,Provider Data Cube (SQL Server On-Prem),datasets/tenant-inputs/active/meridian-health/current/04_applications_systems.csv,109,applications-systems-v3/v1,no
meridian-health,meridian-health:application_system:provider-data-reports-sql-server-on-prem,application_system,application,Provider Data Reports (SQL Server On-Prem),datasets/tenant-inputs/active/meridian-health/current/04_applications_systems.csv,110,applications-systems-v3/v1,no
meridian-health,meridian-health:application_system:provider-data-mart-sql-server-on-prem,application_system,application,Provider Data Mart (SQL Server On-Prem),datasets/tenant-inputs/active/meridian-health/current/04_applications_systems.csv,111,applications-systems-v3/v1,no
meridian-health,meridian-health:application_system:case-management-etl-sql-server-on-prem,application_system,application,Case Management ETL (SQL Server On-Prem),datasets/tenant-inputs/active/meridian-health/current/04_applications_systems.csv,112,applications-systems-v3/v1,no
meridian-health,meridian-health:application_system:case-management-reports-sql-server-on-prem,application_system,application,Case Management Reports (SQL Server On-Prem),datasets/tenant-inputs/active/meridian-health/current/04_applications_systems.csv,113,applications-systems-v3/v1,no
meridian-health,meridian-health:application_system:case-management-mart-sql-server-on-prem,application_system,application,Case Management Mart (SQL Server On-Prem),datasets/tenant-inputs/active/meridian-health/current/04_applications_systems.csv,114,applications-systems-v3/v1,no
meridian-health,meridian-health:application_system:case-management-cube-sql-server-on-prem,application_system,application,Case Management Cube (SQL Server On-Prem),datasets/tenant-inputs/active/meridian-health/current/04_applications_systems.csv,115,applications-systems-v3/v1,no
meridian-health,meridian-health:application_system:behavioral-health-cube-sql-server-on-prem,application_system,application,Behavioral Health Cube (SQL Server On-Prem),datasets/tenant-inputs/active/meridian-health/current/04_applications_systems.csv,116,applications-systems-v3/v1,no
meridian-health,meridian-health:application_system:behavioral-health-reports-sql-server-on-prem,application_system,application,Behavioral Health Reports (SQL Server On-Prem),datasets/tenant-inputs/active/meridian-health/current/04_applications_systems.csv,117,applications-systems-v3/v1,no
meridian-health,meridian-health:application_system:behavioral-health-etl-sql-server-on-prem,application_system,application,Behavioral Health ETL (SQL Server On-Prem),datasets/tenant-inputs/active/meridian-health/current/04_applications_systems.csv,118,applications-systems-v3/v1,no
meridian-health,meridian-health:application_system:ambulatory-operations-mart-sql-server-on-prem,application_system,application,Ambulatory Operations Mart (SQL Server On-Prem),datasets/tenant-inputs/active/meridian-health/current/04_applications_systems.csv,119,applications-systems-v3/v1,no
meridian-health,meridian-health:application_system:ambulatory-operations-reports-sql-server-on-prem,application_system,application,Ambulatory Operations Reports (SQL Server On-Prem),datasets/tenant-inputs/active/meridian-health/current/04_applications_systems.csv,120,applications-systems-v3/v1,no
meridian-health,meridian-health:application_system:ambulatory-operations-etl-sql-server-on-prem,application_system,application,Ambulatory Operations ETL (SQL Server On-Prem),datasets/tenant-inputs/active/meridian-health/current/04_applications_systems.csv,121,applications-systems-v3/v1,no
meridian-health,meridian-health:application_system:clinical-registries-reports-sql-server-on-prem,application_system,application,Clinical Registries Reports (SQL Server On-Prem),datasets/tenant-inputs/active/meridian-health/current/04_applications_systems.csv,122,applications-systems-v3/v1,no
meridian-health,meridian-health:application_system:clinical-registries-mart-sql-server-on-prem,application_system,application,Clinical Registries Mart (SQL Server On-Prem),datasets/tenant-inputs/active/meridian-health/current/04_applications_systems.csv,123,applications-systems-v3/v1,no
meridian-health,meridian-health:application_system:infection-prevention-reports-sql-server-on-prem,application_system,application,Infection Prevention Reports (SQL Server On-Prem),datasets/tenant-inputs/active/meridian-health/current/04_applications_systems.csv,124,applications-systems-v3/v1,no
meridian-health,meridian-health:application_system:infection-prevention-mart-sql-server-on-prem,application_system,application,Infection Prevention Mart (SQL Server On-Prem),datasets/tenant-inputs/active/meridian-health/current/04_applications_systems.csv,125,applications-systems-v3/v1,no
meridian-health,meridian-health:application_system:infection-prevention-cube-sql-server-on-prem,application_system,application,Infection Prevention Cube (SQL Server On-Prem),datasets/tenant-inputs/active/meridian-health/current/04_applications_systems.csv,126,applications-systems-v3/v1,no
meridian-health,meridian-health:application_system:infection-prevention-etl-sql-server-on-prem,application_system,application,Infection Prevention ETL (SQL Server On-Prem),datasets/tenant-inputs/active/meridian-health/current/04_applications_systems.csv,127,applications-systems-v3/v1,no
meridian-health,meridian-health:application_system:emergency-department-cube-sql-server-on-prem,application_system,application,Emergency Department Cube (SQL Server On-Prem),datasets/tenant-inputs/active/meridian-health/current/04_applications_systems.csv,128,applications-systems-v3/v1,no
meridian-health,meridian-health:application_system:emergency-department-reports-sql-server-on-prem,application_system,application,Emergency Department Reports (SQL Server On-Prem),datasets/tenant-inputs/active/meridian-health/current/04_applications_systems.csv,129,applications-systems-v3/v1,no
meridian-health,meridian-health:application_system:surgical-services-reports-sql-server-on-prem,application_system,application,Surgical Services Reports (SQL Server On-Prem),datasets/tenant-inputs/active/meridian-health/current/04_applications_systems.csv,130,applications-systems-v3/v1,no
meridian-health,meridian-health:application_system:surgical-services-etl-sql-server-on-prem,application_system,application,Surgical Services ETL (SQL Server On-Prem),datasets/tenant-inputs/active/meridian-health/current/04_applications_systems.csv,131,applications-systems-v3/v1,no
meridian-health,meridian-health:application_system:surgical-services-mart-sql-server-on-prem,application_system,application,Surgical Services Mart (SQL Server On-Prem),datasets/tenant-inputs/active/meridian-health/current/04_applications_systems.csv,132,applications-systems-v3/v1,no
meridian-health,meridian-health:application_system:radiology-utilization-mart-sql-server-on-prem,application_system,application,Radiology Utilization Mart (SQL Server On-Prem),datasets/tenant-inputs/active/meridian-health/current/04_applications_systems.csv,133,applications-systems-v3/v1,no
meridian-health,meridian-health:application_system:radiology-utilization-cube-sql-server-on-prem,application_system,application,Radiology Utilization Cube (SQL Server On-Prem),datasets/tenant-inputs/active/meridian-health/current/04_applications_systems.csv,134,applications-systems-v3/v1,no
meridian-health,meridian-health:application_system:radiology-utilization-reports-sql-server-on-prem,application_system,application,Radiology Utilization Reports (SQL Server On-Prem),datasets/tenant-inputs/active/meridian-health/current/04_applications_systems.csv,135,applications-systems-v3/v1,no
meridian-health,meridian-health:application_system:radiology-utilization-etl-sql-server-on-prem,application_system,application,Radiology Utilization ETL (SQL Server On-Prem),datasets/tenant-inputs/active/meridian-health/current/04_applications_systems.csv,136,applications-systems-v3/v1,no
meridian-health,meridian-health:application_system:cerner-millennium-legacy-st-anselm,application_system,application,Cerner Millennium (legacy — St. Anselm),datasets/tenant-inputs/active/meridian-health/current/04_applications_systems.csv,137,applications-systems-v3/v1,no
meridian-health,meridian-health:application_system:healthedge-healthrules-payer-legacy-parallel,application_system,application,HealthEdge HealthRules Payer (legacy parallel),datasets/tenant-inputs/active/meridian-health/current/04_applications_systems.csv,138,applications-systems-v3/v1,no
meridian-health,meridian-health:application_system:change-healthcare-edi-clearinghouse-gateway,application_system,application,Change Healthcare EDI Clearinghouse Gateway,datasets/tenant-inputs/active/meridian-health/current/04_applications_systems.csv,139,applications-systems-v3/v1,no
meridian-health,meridian-health:application_system:availity-payer-provider-portal-gateway,application_system,application,Availity Payer-Provider Portal Gateway,datasets/tenant-inputs/active/meridian-health/current/04_applications_systems.csv,140,applications-systems-v3/v1,no
meridian-health,meridian-health:application_system:cotiviti-quality-intelligence-platform,application_system,application,Cotiviti Quality Intelligence Platform,datasets/tenant-inputs/active/meridian-health/current/04_applications_systems.csv,141,applications-systems-v3/v1,no
meridian-health,meridian-health:application_system:inovalon-one-platform-stars-raf,application_system,application,Inovalon ONE Platform (STARS/RAF),datasets/tenant-inputs/active/meridian-health/current/04_applications_systems.csv,142,applications-systems-v3/v1,no
meridian-health,meridian-health:application_system:sph-analytics-cahps-survey-platform,application_system,application,SPH Analytics CAHPS Survey Platform,datasets/tenant-inputs/active/meridian-health/current/04_applications_systems.csv,143,applications-systems-v3/v1,no
meridian-health,meridian-health:application_system:ncqa-hedis-certified-measure-engine,application_system,application,NCQA HEDIS Certified Measure Engine,datasets/tenant-inputs/active/meridian-health/current/04_applications_systems.csv,144,applications-systems-v3/v1,no
meridian-health,meridian-health:application_system:ncqa-hedis-certified-measure-engine-test,application_system,application,NCQA HEDIS Certified Measure Engine — Test,datasets/tenant-inputs/active/meridian-health/current/04_applications_systems.csv,145,applications-systems-v3/v1,no
meridian-health,meridian-health:application_system:mcg-care-guidelines-platform,application_system,application,MCG Care Guidelines Platform,datasets/tenant-inputs/active/meridian-health/current/04_applications_systems.csv,146,applications-systems-v3/v1,no
meridian-health,meridian-health:application_system:interqual-criteria-platform,application_system,application,InterQual Criteria Platform,datasets/tenant-inputs/active/meridian-health/current/04_applications_systems.csv,147,applications-systems-v3/v1,no
meridian-health,meridian-health:application_system:casenet-care-management-platform,application_system,application,CaseNet Care Management Platform,datasets/tenant-inputs/active/meridian-health/current/04_applications_systems.csv,148,applications-systems-v3/v1,no
meridian-health,meridian-health:application_system:casenet-care-management-platform-test,application_system,application,CaseNet Care Management Platform — Test,datasets/tenant-inputs/active/meridian-health/current/04_applications_systems.csv,149,applications-systems-v3/v1,no
meridian-health,meridian-health:application_system:surescripts-e-prescribing-network-gateway,application_system,application,Surescripts E-Prescribing Network Gateway,datasets/tenant-inputs/active/meridian-health/current/04_applications_systems.csv,150,applications-systems-v3/v1,no
meridian-health,meridian-health:application_system:sunquest-laboratory-information-system-interface-meridian-regional-medical-center,application_system,application,Sunquest Laboratory Information System Interface — Meridian Regional Medical Center,datasets/tenant-inputs/active/meridian-health/current/04_applications_systems.csv,151,applications-systems-v3/v1,no
meridian-health,meridian-health:application_system:sunquest-laboratory-information-system-interface-st-anselm-community-hospital,application_system,application,Sunquest Laboratory Information System Interface — St. Anselm Community Hospital,datasets/tenant-inputs/active/meridian-health/current/04_applications_systems.csv,152,applications-systems-v3/v1,no
meridian-health,meridian-health:application_system:sunquest-laboratory-information-system-interface-meridian-west-hospital,application_system,application,Sunquest Laboratory Information System Interface — Meridian West Hospital,datasets/tenant-inputs/active/meridian-health/current/04_applications_systems.csv,153,applications-systems-v3/v1,no
meridian-health,meridian-health:application_system:sunquest-laboratory-information-system-interface-cedar-bluff-specialty-hospital,application_system,application,Sunquest Laboratory Information System Interface — Cedar Bluff Specialty Hospital,datasets/tenant-inputs/active/meridian-health/current/04_applications_systems.csv,154,applications-systems-v3/v1,no
meridian-health,meridian-health:application_system:sunquest-laboratory-information-system-interface-meridian-cancer-institute,application_system,application,Sunquest Laboratory Information System Interface — Meridian Cancer Institute,datasets/tenant-inputs/active/meridian-health/current/04_applications_systems.csv,155,applications-systems-v3/v1,no
meridian-health,meridian-health:application_system:sunquest-laboratory-information-system-interface-meridian-children-s-hospital,application_system,application,Sunquest Laboratory Information System Interface — Meridian Children's Hospital,datasets/tenant-inputs/active/meridian-health/current/04_applications_systems.csv,156,applications-systems-v3/v1,no
meridian-health,meridian-health:application_system:sunquest-laboratory-information-system-interface-meridian-memorial-hospital-riverton,application_system,application,Sunquest Laboratory Information System Interface — Meridian Memorial Hospital — Riverton,datasets/tenant-inputs/active/meridian-health/current/04_applications_systems.csv,157,applications-systems-v3/v1,no
meridian-health,meridian-health:application_system:sunquest-laboratory-information-system-interface-meridian-memorial-hospital-ashford,application_system,application,Sunquest Laboratory Information System Interface — Meridian Memorial Hospital — Ashford,datasets/tenant-inputs/active/meridian-health/current/04_applications_systems.csv,158,applications-systems-v3/v1,no
meridian-health,meridian-health:application_system:sunquest-laboratory-information-system-interface-meridian-memorial-hospital-bellhaven,application_system,application,Sunquest Laboratory Information System Interface — Meridian Memorial Hospital — Bellhaven,datasets/tenant-inputs/active/meridian-health/current/04_applications_systems.csv,159,applications-systems-v3/v1,no
meridian-health,meridian-health:application_system:sunquest-laboratory-information-system-interface-deer-run-community-hospital-meridian,application_system,application,Sunquest Laboratory Information System Interface — Deer Run Community Hospital (Meridian),datasets/tenant-inputs/active/meridian-health/current/04_applications_systems.csv,160,applications-systems-v3/v1,no
meridian-health,meridian-health:application_system:sunquest-laboratory-information-system-interface-prairie-junction-community-hospital-meridian,application_system,application,Sunquest Laboratory Information System Interface — Prairie Junction Community Hospital (Meridian),datasets/tenant-inputs/active/meridian-health/current/04_applications_systems.csv,161,applications-systems-v3/v1,no
meridian-health,meridian-health:application_system:sunquest-laboratory-information-system-interface-wexford-general-hospital-meridian,application_system,application,Sunquest Laboratory Information System Interface — Wexford General Hospital (Meridian),datasets/tenant-inputs/active/meridian-health/current/04_applications_systems.csv,162,applications-systems-v3/v1,no
meridian-health,meridian-health:application_system:sunquest-laboratory-information-system-interface-marsh-point-community-hospital-meridian,application_system,application,Sunquest Laboratory Information System Interface — Marsh Point Community Hospital (Meridian),datasets/tenant-inputs/active/meridian-health/current/04_applications_systems.csv,163,applications-systems-v3/v1,no
meridian-health,meridian-health:application_system:sunquest-laboratory-information-system-interface-oakford-general-hospital-meridian,application_system,application,Sunquest Laboratory Information System Interface — Oakford General Hospital (Meridian),datasets/tenant-inputs/active/meridian-health/current/04_applications_systems.csv,164,applications-systems-v3/v1,no
meridian-health,meridian-health:application_system:sunquest-laboratory-information-system-interface-stonebridge-community-hospital-meridian,application_system,application,Sunquest Laboratory Information System Interface — Stonebridge Community Hospital (Meridian),datasets/tenant-inputs/active/meridian-health/current/04_applications_systems.csv,165,applications-systems-v3/v1,no
meridian-health,meridian-health:application_system:sunquest-laboratory-information-system-interface-elm-crossing-general-hospital-meridian,application_system,application,Sunquest Laboratory Information System Interface — Elm Crossing General Hospital (Meridian),datasets/tenant-inputs/active/meridian-health/current/04_applications_systems.csv,166,applications-systems-v3/v1,no
meridian-health,meridian-health:application_system:sunquest-laboratory-information-system-interface-harborview-community-hospital-meridian,application_system,application,Sunquest Laboratory Information System Interface — Harborview Community Hospital (Meridian),datasets/tenant-inputs/active/meridian-health/current/04_applications_systems.csv,167,applications-systems-v3/v1,no
meridian-health,meridian-health:application_system:sunquest-laboratory-information-system-interface-kettleford-general-hospital-meridian,application_system,application,Sunquest Laboratory Information System Interface — Kettleford General Hospital (Meridian),datasets/tenant-inputs/active/meridian-health/current/04_applications_systems.csv,168,applications-systems-v3/v1,no
meridian-health,meridian-health:application_system:sunquest-laboratory-information-system-interface-sable-falls-community-hospital-meridian,application_system,application,Sunquest Laboratory Information System Interface — Sable Falls Community Hospital (Meridian),datasets/tenant-inputs/active/meridian-health/current/04_applications_systems.csv,169,applications-systems-v3/v1,no
meridian-health,meridian-health:application_system:sunquest-laboratory-information-system-interface-thornwood-general-hospital-meridian,application_system,application,Sunquest Laboratory Information System Interface — Thornwood General Hospital (Meridian),datasets/tenant-inputs/active/meridian-health/current/04_applications_systems.csv,170,applications-systems-v3/v1,no
meridian-health,meridian-health:application_system:sunquest-laboratory-information-system-interface-meridian-rehabilitation-hospital-millbrook,application_system,application,Sunquest Laboratory Information System Interface — Meridian Rehabilitation Hospital — Millbrook,datasets/tenant-inputs/active/meridian-health/current/04_applications_systems.csv,171,applications-systems-v3/v1,no
meridian-health,meridian-health:application_system:sunquest-laboratory-information-system-interface-meridian-rehabilitation-hospital-fairhaven,application_system,application,Sunquest Laboratory Information System Interface — Meridian Rehabilitation Hospital — Fairhaven,datasets/tenant-inputs/active/meridian-health/current/04_applications_systems.csv,172,applications-systems-v3/v1,no
meridian-health,meridian-health:application_system:safetrace-tx-blood-bank-system-meridian-regional-medical-center,application_system,application,SafeTrace Tx Blood Bank System — Meridian Regional Medical Center,datasets/tenant-inputs/active/meridian-health/current/04_applications_systems.csv,173,applications-systems-v3/v1,no
meridian-health,meridian-health:application_system:safetrace-tx-blood-bank-system-st-anselm-community-hospital,application_system,application,SafeTrace Tx Blood Bank System — St. Anselm Community Hospital,datasets/tenant-inputs/active/meridian-health/current/04_applications_systems.csv,174,applications-systems-v3/v1,no
meridian-health,meridian-health:application_system:safetrace-tx-blood-bank-system-meridian-west-hospital,application_system,application,SafeTrace Tx Blood Bank System — Meridian West Hospital,datasets/tenant-inputs/active/meridian-health/current/04_applications_systems.csv,175,applications-systems-v3/v1,no
meridian-health,meridian-health:application_system:safetrace-tx-blood-bank-system-cedar-bluff-specialty-hospital,application_system,application,SafeTrace Tx Blood Bank System — Cedar Bluff Specialty Hospital,datasets/tenant-inputs/active/meridian-health/current/04_applications_systems.csv,176,applications-systems-v3/v1,no
meridian-health,meridian-health:application_system:safetrace-tx-blood-bank-system-meridian-cancer-institute,application_system,application,SafeTrace Tx Blood Bank System — Meridian Cancer Institute,datasets/tenant-inputs/active/meridian-health/current/04_applications_systems.csv,177,applications-systems-v3/v1,no
meridian-health,meridian-health:application_system:safetrace-tx-blood-bank-system-meridian-children-s-hospital,application_system,application,SafeTrace Tx Blood Bank System — Meridian Children's Hospital,datasets/tenant-inputs/active/meridian-health/current/04_applications_systems.csv,178,applications-systems-v3/v1,no
meridian-health,meridian-health:application_system:safetrace-tx-blood-bank-system-meridian-memorial-hospital-riverton,application_system,application,SafeTrace Tx Blood Bank System — Meridian Memorial Hospital — Riverton,datasets/tenant-inputs/active/meridian-health/current/04_applications_systems.csv,179,applications-systems-v3/v1,no
meridian-health,meridian-health:application_system:safetrace-tx-blood-bank-system-meridian-memorial-hospital-ashford,application_system,application,SafeTrace Tx Blood Bank System — Meridian Memorial Hospital — Ashford,datasets/tenant-inputs/active/meridian-health/current/04_applications_systems.csv,180,applications-systems-v3/v1,no
meridian-health,meridian-health:application_system:safetrace-tx-blood-bank-system-meridian-memorial-hospital-bellhaven,application_system,application,SafeTrace Tx Blood Bank System — Meridian Memorial Hospital — Bellhaven,datasets/tenant-inputs/active/meridian-health/current/04_applications_systems.csv,181,applications-systems-v3/v1,no
meridian-health,meridian-health:application_system:safetrace-tx-blood-bank-system-deer-run-community-hospital-meridian,application_system,application,SafeTrace Tx Blood Bank System — Deer Run Community Hospital (Meridian),datasets/tenant-inputs/active/meridian-health/current/04_applications_systems.csv,182,applications-systems-v3/v1,no
meridian-health,meridian-health:application_system:safetrace-tx-blood-bank-system-prairie-junction-community-hospital-meridian,application_system,application,SafeTrace Tx Blood Bank System — Prairie Junction Community Hospital (Meridian),datasets/tenant-inputs/active/meridian-health/current/04_applications_systems.csv,183,applications-systems-v3/v1,no
meridian-health,meridian-health:application_system:safetrace-tx-blood-bank-system-wexford-general-hospital-meridian,application_system,application,SafeTrace Tx Blood Bank System — Wexford General Hospital (Meridian),datasets/tenant-inputs/active/meridian-health/current/04_applications_systems.csv,184,applications-systems-v3/v1,no
meridian-health,meridian-health:application_system:safetrace-tx-blood-bank-system-marsh-point-community-hospital-meridian,application_system,application,SafeTrace Tx Blood Bank System — Marsh Point Community Hospital (Meridian),datasets/tenant-inputs/active/meridian-health/current/04_applications_systems.csv,185,applications-systems-v3/v1,no
meridian-health,meridian-health:application_system:safetrace-tx-blood-bank-system-oakford-general-hospital-meridian,application_system,application,SafeTrace Tx Blood Bank System — Oakford General Hospital (Meridian),datasets/tenant-inputs/active/meridian-health/current/04_applications_systems.csv,186,applications-systems-v3/v1,no
meridian-health,meridian-health:application_system:safetrace-tx-blood-bank-system-stonebridge-community-hospital-meridian,application_system,application,SafeTrace Tx Blood Bank System — Stonebridge Community Hospital (Meridian),datasets/tenant-inputs/active/meridian-health/current/04_applications_systems.csv,187,applications-systems-v3/v1,no
meridian-health,meridian-health:application_system:safetrace-tx-blood-bank-system-elm-crossing-general-hospital-meridian,application_system,application,SafeTrace Tx Blood Bank System — Elm Crossing General Hospital (Meridian),datasets/tenant-inputs/active/meridian-health/current/04_applications_systems.csv,188,applications-systems-v3/v1,no
meridian-health,meridian-health:application_system:safetrace-tx-blood-bank-system-harborview-community-hospital-meridian,application_system,application,SafeTrace Tx Blood Bank System — Harborview Community Hospital (Meridian),datasets/tenant-inputs/active/meridian-health/current/04_applications_systems.csv,189,applications-systems-v3/v1,no
meridian-health,meridian-health:application_system:safetrace-tx-blood-bank-system-kettleford-general-hospital-meridian,application_system,application,SafeTrace Tx Blood Bank System — Kettleford General Hospital (Meridian),datasets/tenant-inputs/active/meridian-health/current/04_applications_systems.csv,190,applications-systems-v3/v1,no
meridian-health,meridian-health:application_system:safetrace-tx-blood-bank-system-sable-falls-community-hospital-meridian,application_system,application,SafeTrace Tx Blood Bank System — Sable Falls Community Hospital (Meridian),datasets/tenant-inputs/active/meridian-health/current/04_applications_systems.csv,191,applications-systems-v3/v1,no
meridian-health,meridian-health:application_system:safetrace-tx-blood-bank-system-thornwood-general-hospital-meridian,application_system,application,SafeTrace Tx Blood Bank System — Thornwood General Hospital (Meridian),datasets/tenant-inputs/active/meridian-health/current/04_applications_systems.csv,192,applications-systems-v3/v1,no
meridian-health,meridian-health:application_system:safetrace-tx-blood-bank-system-meridian-rehabilitation-hospital-millbrook,application_system,application,SafeTrace Tx Blood Bank System — Meridian Rehabilitation Hospital — Millbrook,datasets/tenant-inputs/active/meridian-health/current/04_applications_systems.csv,193,applications-systems-v3/v1,no
meridian-health,meridian-health:application_system:safetrace-tx-blood-bank-system-meridian-rehabilitation-hospital-fairhaven,application_system,application,SafeTrace Tx Blood Bank System — Meridian Rehabilitation Hospital — Fairhaven,datasets/tenant-inputs/active/meridian-health/current/04_applications_systems.csv,194,applications-systems-v3/v1,no
meridian-health,meridian-health:application_system:vocera-clinical-communication-platform-meridian-regional-medical-center,application_system,application,Vocera Clinical Communication Platform — Meridian Regional Medical Center,datasets/tenant-inputs/active/meridian-health/current/04_applications_systems.csv,195,applications-systems-v3/v1,no
meridian-health,meridian-health:application_system:vocera-clinical-communication-platform-st-anselm-community-hospital,application_system,application,Vocera Clinical Communication Platform — St. Anselm Community Hospital,datasets/tenant-inputs/active/meridian-health/current/04_applications_systems.csv,196,applications-systems-v3/v1,no
meridian-health,meridian-health:application_system:vocera-clinical-communication-platform-meridian-west-hospital,application_system,application,Vocera Clinical Communication Platform — Meridian West Hospital,datasets/tenant-inputs/active/meridian-health/current/04_applications_systems.csv,197,applications-systems-v3/v1,no
meridian-health,meridian-health:application_system:vocera-clinical-communication-platform-cedar-bluff-specialty-hospital,application_system,application,Vocera Clinical Communication Platform — Cedar Bluff Specialty Hospital,datasets/tenant-inputs/active/meridian-health/current/04_applications_systems.csv,198,applications-systems-v3/v1,no
meridian-health,meridian-health:application_system:vocera-clinical-communication-platform-meridian-cancer-institute,application_system,application,Vocera Clinical Communication Platform — Meridian Cancer Institute,datasets/tenant-inputs/active/meridian-health/current/04_applications_systems.csv,199,applications-systems-v3/v1,no
meridian-health,meridian-health:application_system:vocera-clinical-communication-platform-meridian-children-s-hospital,application_system,application,Vocera Clinical Communication Platform — Meridian Children's Hospital,datasets/tenant-inputs/active/meridian-health/current/04_applications_systems.csv,200,applications-systems-v3/v1,no
meridian-health,meridian-health:application_system:vocera-clinical-communication-platform-meridian-memorial-hospital-riverton,application_system,application,Vocera Clinical Communication Platform — Meridian Memorial Hospital — Riverton,datasets/tenant-inputs/active/meridian-health/current/04_applications_systems.csv,201,applications-systems-v3/v1,no
meridian-health,meridian-health:application_system:vocera-clinical-communication-platform-meridian-memorial-hospital-ashford,application_system,application,Vocera Clinical Communication Platform — Meridian Memorial Hospital — Ashford,datasets/tenant-inputs/active/meridian-health/current/04_applications_systems.csv,202,applications-systems-v3/v1,no
meridian-health,meridian-health:application_system:vocera-clinical-communication-platform-meridian-memorial-hospital-bellhaven,application_system,application,Vocera Clinical Communication Platform — Meridian Memorial Hospital — Bellhaven,datasets/tenant-inputs/active/meridian-health/current/04_applications_systems.csv,203,applications-systems-v3/v1,no
meridian-health,meridian-health:application_system:vocera-clinical-communication-platform-deer-run-community-hospital-meridian,application_system,application,Vocera Clinical Communication Platform — Deer Run Community Hospital (Meridian),datasets/tenant-inputs/active/meridian-health/current/04_applications_systems.csv,204,applications-systems-v3/v1,no
meridian-health,meridian-health:application_system:vocera-clinical-communication-platform-prairie-junction-community-hospital-meridian,application_system,application,Vocera Clinical Communication Platform — Prairie Junction Community Hospital (Meridian),datasets/tenant-inputs/active/meridian-health/current/04_applications_systems.csv,205,applications-systems-v3/v1,no
meridian-health,meridian-health:application_system:vocera-clinical-communication-platform-wexford-general-hospital-meridian,application_system,application,Vocera Clinical Communication Platform — Wexford General Hospital (Meridian),datasets/tenant-inputs/active/meridian-health/current/04_applications_systems.csv,206,applications-systems-v3/v1,no
meridian-health,meridian-health:application_system:vocera-clinical-communication-platform-marsh-point-community-hospital-meridian,application_system,application,Vocera Clinical Communication Platform — Marsh Point Community Hospital (Meridian),datasets/tenant-inputs/active/meridian-health/current/04_applications_systems.csv,207,applications-systems-v3/v1,no
meridian-health,meridian-health:application_system:vocera-clinical-communication-platform-oakford-general-hospital-meridian,application_system,application,Vocera Clinical Communication Platform — Oakford General Hospital (Meridian),datasets/tenant-inputs/active/meridian-health/current/04_applications_systems.csv,208,applications-systems-v3/v1,no
meridian-health,meridian-health:application_system:vocera-clinical-communication-platform-stonebridge-community-hospital-meridian,application_system,application,Vocera Clinical Communication Platform — Stonebridge Community Hospital (Meridian),datasets/tenant-inputs/active/meridian-health/current/04_applications_systems.csv,209,applications-systems-v3/v1,no
meridian-health,meridian-health:application_system:vocera-clinical-communication-platform-elm-crossing-general-hospital-meridian,application_system,application,Vocera Clinical Communication Platform — Elm Crossing General Hospital (Meridian),datasets/tenant-inputs/active/meridian-health/current/04_applications_systems.csv,210,applications-systems-v3/v1,no
meridian-health,meridian-health:application_system:vocera-clinical-communication-platform-harborview-community-hospital-meridian,application_system,application,Vocera Clinical Communication Platform — Harborview Community Hospital (Meridian),datasets/tenant-inputs/active/meridian-health/current/04_applications_systems.csv,211,applications-systems-v3/v1,no
meridian-health,meridian-health:application_system:vocera-clinical-communication-platform-kettleford-general-hospital-meridian,application_system,application,Vocera Clinical Communication Platform — Kettleford General Hospital (Meridian),datasets/tenant-inputs/active/meridian-health/current/04_applications_systems.csv,212,applications-systems-v3/v1,no
meridian-health,meridian-health:application_system:vocera-clinical-communication-platform-sable-falls-community-hospital-meridian,application_system,application,Vocera Clinical Communication Platform — Sable Falls Community Hospital (Meridian),datasets/tenant-inputs/active/meridian-health/current/04_applications_systems.csv,213,applications-systems-v3/v1,no
meridian-health,meridian-health:application_system:vocera-clinical-communication-platform-thornwood-general-hospital-meridian,application_system,application,Vocera Clinical Communication Platform — Thornwood General Hospital (Meridian),datasets/tenant-inputs/active/meridian-health/current/04_applications_systems.csv,214,applications-systems-v3/v1,no
meridian-health,meridian-health:application_system:vocera-clinical-communication-platform-meridian-rehabilitation-hospital-millbrook,application_system,application,Vocera Clinical Communication Platform — Meridian Rehabilitation Hospital — Millbrook,datasets/tenant-inputs/active/meridian-health/current/04_applications_systems.csv,215,applications-systems-v3/v1,no
meridian-health,meridian-health:application_system:vocera-clinical-communication-platform-meridian-rehabilitation-hospital-fairhaven,application_system,application,Vocera Clinical Communication Platform — Meridian Rehabilitation Hospital — Fairhaven,datasets/tenant-inputs/active/meridian-health/current/04_applications_systems.csv,216,applications-systems-v3/v1,no
meridian-health,meridian-health:application_system:imprivata-clinical-single-sign-on,application_system,application,Imprivata Clinical Single Sign-On,datasets/tenant-inputs/active/meridian-health/current/04_applications_systems.csv,217,applications-systems-v3/v1,no
meridian-health,meridian-health:application_system:ge-healthcare-pacs-radiology-imaging-meridian-regional-medical-center,application_system,application,GE HealthCare PACS (Radiology Imaging) — Meridian Regional Medical Center,datasets/tenant-inputs/active/meridian-health/current/04_applications_systems.csv,218,applications-systems-v3/v1,no
meridian-health,meridian-health:application_system:ge-healthcare-pacs-radiology-imaging-st-anselm-community-hospital,application_system,application,GE HealthCare PACS (Radiology Imaging) — St. Anselm Community Hospital,datasets/tenant-inputs/active/meridian-health/current/04_applications_systems.csv,219,applications-systems-v3/v1,no
meridian-health,meridian-health:application_system:ge-healthcare-pacs-radiology-imaging-meridian-west-hospital,application_system,application,GE HealthCare PACS (Radiology Imaging) — Meridian West Hospital,datasets/tenant-inputs/active/meridian-health/current/04_applications_systems.csv,220,applications-systems-v3/v1,no
meridian-health,meridian-health:application_system:ge-healthcare-pacs-radiology-imaging-cedar-bluff-specialty-hospital,application_system,application,GE HealthCare PACS (Radiology Imaging) — Cedar Bluff Specialty Hospital,datasets/tenant-inputs/active/meridian-health/current/04_applications_systems.csv,221,applications-systems-v3/v1,no
meridian-health,meridian-health:application_system:ge-healthcare-pacs-radiology-imaging-meridian-cancer-institute,application_system,application,GE HealthCare PACS (Radiology Imaging) — Meridian Cancer Institute,datasets/tenant-inputs/active/meridian-health/current/04_applications_systems.csv,222,applications-systems-v3/v1,no
meridian-health,meridian-health:application_system:ge-healthcare-pacs-radiology-imaging-meridian-children-s-hospital,application_system,application,GE HealthCare PACS (Radiology Imaging) — Meridian Children's Hospital,datasets/tenant-inputs/active/meridian-health/current/04_applications_systems.csv,223,applications-systems-v3/v1,no
meridian-health,meridian-health:application_system:ge-healthcare-pacs-radiology-imaging-meridian-memorial-hospital-riverton,application_system,application,GE HealthCare PACS (Radiology Imaging) — Meridian Memorial Hospital — Riverton,datasets/tenant-inputs/active/meridian-health/current/04_applications_systems.csv,224,applications-systems-v3/v1,no
meridian-health,meridian-health:application_system:ge-healthcare-pacs-radiology-imaging-meridian-memorial-hospital-ashford,application_system,application,GE HealthCare PACS (Radiology Imaging) — Meridian Memorial Hospital — Ashford,datasets/tenant-inputs/active/meridian-health/current/04_applications_systems.csv,225,applications-systems-v3/v1,no
meridian-health,meridian-health:application_system:ge-healthcare-pacs-radiology-imaging-meridian-memorial-hospital-bellhaven,application_system,application,GE HealthCare PACS (Radiology Imaging) — Meridian Memorial Hospital — Bellhaven,datasets/tenant-inputs/active/meridian-health/current/04_applications_systems.csv,226,applications-systems-v3/v1,no
meridian-health,meridian-health:application_system:ge-healthcare-pacs-radiology-imaging-deer-run-community-hospital-meridian,application_system,application,GE HealthCare PACS (Radiology Imaging) — Deer Run Community Hospital (Meridian),datasets/tenant-inputs/active/meridian-health/current/04_applications_systems.csv,227,applications-systems-v3/v1,no
meridian-health,meridian-health:application_system:ge-healthcare-pacs-radiology-imaging-prairie-junction-community-hospital-meridian,application_system,application,GE HealthCare PACS (Radiology Imaging) — Prairie Junction Community Hospital (Meridian),datasets/tenant-inputs/active/meridian-health/current/04_applications_systems.csv,228,applications-systems-v3/v1,no
meridian-health,meridian-health:application_system:ge-healthcare-pacs-radiology-imaging-wexford-general-hospital-meridian,application_system,application,GE HealthCare PACS (Radiology Imaging) — Wexford General Hospital (Meridian),datasets/tenant-inputs/active/meridian-health/current/04_applications_systems.csv,229,applications-systems-v3/v1,no
meridian-health,meridian-health:application_system:ge-healthcare-pacs-radiology-imaging-marsh-point-community-hospital-meridian,application_system,application,GE HealthCare PACS (Radiology Imaging) — Marsh Point Community Hospital (Meridian),datasets/tenant-inputs/active/meridian-health/current/04_applications_systems.csv,230,applications-systems-v3/v1,no
meridian-health,meridian-health:application_system:ge-healthcare-pacs-radiology-imaging-oakford-general-hospital-meridian,application_system,application,GE HealthCare PACS (Radiology Imaging) — Oakford General Hospital (Meridian),datasets/tenant-inputs/active/meridian-health/current/04_applications_systems.csv,231,applications-systems-v3/v1,no
meridian-health,meridian-health:application_system:ge-healthcare-pacs-radiology-imaging-stonebridge-community-hospital-meridian,application_system,application,GE HealthCare PACS (Radiology Imaging) — Stonebridge Community Hospital (Meridian),datasets/tenant-inputs/active/meridian-health/current/04_applications_systems.csv,232,applications-systems-v3/v1,no
meridian-health,meridian-health:application_system:ge-healthcare-pacs-radiology-imaging-elm-crossing-general-hospital-meridian,application_system,application,GE HealthCare PACS (Radiology Imaging) — Elm Crossing General Hospital (Meridian),datasets/tenant-inputs/active/meridian-health/current/04_applications_systems.csv,233,applications-systems-v3/v1,no
meridian-health,meridian-health:application_system:ge-healthcare-pacs-radiology-imaging-harborview-community-hospital-meridian,application_system,application,GE HealthCare PACS (Radiology Imaging) — Harborview Community Hospital (Meridian),datasets/tenant-inputs/active/meridian-health/current/04_applications_systems.csv,234,applications-systems-v3/v1,no
meridian-health,meridian-health:application_system:ge-healthcare-pacs-radiology-imaging-kettleford-general-hospital-meridian,application_system,application,GE HealthCare PACS (Radiology Imaging) — Kettleford General Hospital (Meridian),datasets/tenant-inputs/active/meridian-health/current/04_applications_systems.csv,235,applications-systems-v3/v1,no
meridian-health,meridian-health:application_system:ge-healthcare-pacs-radiology-imaging-sable-falls-community-hospital-meridian,application_system,application,GE HealthCare PACS (Radiology Imaging) — Sable Falls Community Hospital (Meridian),datasets/tenant-inputs/active/meridian-health/current/04_applications_systems.csv,236,applications-systems-v3/v1,no
meridian-health,meridian-health:application_system:ge-healthcare-pacs-radiology-imaging-thornwood-general-hospital-meridian,application_system,application,GE HealthCare PACS (Radiology Imaging) — Thornwood General Hospital (Meridian),datasets/tenant-inputs/active/meridian-health/current/04_applications_systems.csv,237,applications-systems-v3/v1,no
meridian-health,meridian-health:application_system:ge-healthcare-pacs-radiology-imaging-meridian-rehabilitation-hospital-millbrook,application_system,application,GE HealthCare PACS (Radiology Imaging) — Meridian Rehabilitation Hospital — Millbrook,datasets/tenant-inputs/active/meridian-health/current/04_applications_systems.csv,238,applications-systems-v3/v1,no
meridian-health,meridian-health:application_system:ge-healthcare-pacs-radiology-imaging-meridian-rehabilitation-hospital-fairhaven,application_system,application,GE HealthCare PACS (Radiology Imaging) — Meridian Rehabilitation Hospital — Fairhaven,datasets/tenant-inputs/active/meridian-health/current/04_applications_systems.csv,239,applications-systems-v3/v1,no
meridian-health,meridian-health:application_system:philips-patient-monitoring-network-meridian-regional-medical-center,application_system,application,Philips Patient Monitoring Network — Meridian Regional Medical Center,datasets/tenant-inputs/active/meridian-health/current/04_applications_systems.csv,240,applications-systems-v3/v1,no
meridian-health,meridian-health:application_system:philips-patient-monitoring-network-st-anselm-community-hospital,application_system,application,Philips Patient Monitoring Network — St. Anselm Community Hospital,datasets/tenant-inputs/active/meridian-health/current/04_applications_systems.csv,241,applications-systems-v3/v1,no
meridian-health,meridian-health:application_system:philips-patient-monitoring-network-meridian-west-hospital,application_system,application,Philips Patient Monitoring Network — Meridian West Hospital,datasets/tenant-inputs/active/meridian-health/current/04_applications_systems.csv,242,applications-systems-v3/v1,no
meridian-health,meridian-health:application_system:philips-patient-monitoring-network-cedar-bluff-specialty-hospital,application_system,application,Philips Patient Monitoring Network — Cedar Bluff Specialty Hospital,datasets/tenant-inputs/active/meridian-health/current/04_applications_systems.csv,243,applications-systems-v3/v1,no
meridian-health,meridian-health:application_system:philips-patient-monitoring-network-meridian-cancer-institute,application_system,application,Philips Patient Monitoring Network — Meridian Cancer Institute,datasets/tenant-inputs/active/meridian-health/current/04_applications_systems.csv,244,applications-systems-v3/v1,no
meridian-health,meridian-health:application_system:philips-patient-monitoring-network-meridian-children-s-hospital,application_system,application,Philips Patient Monitoring Network — Meridian Children's Hospital,datasets/tenant-inputs/active/meridian-health/current/04_applications_systems.csv,245,applications-systems-v3/v1,no
meridian-health,meridian-health:application_system:philips-patient-monitoring-network-meridian-memorial-hospital-riverton,application_system,application,Philips Patient Monitoring Network — Meridian Memorial Hospital — Riverton,datasets/tenant-inputs/active/meridian-health/current/04_applications_systems.csv,246,applications-systems-v3/v1,no
meridian-health,meridian-health:application_system:philips-patient-monitoring-network-meridian-memorial-hospital-ashford,application_system,application,Philips Patient Monitoring Network — Meridian Memorial Hospital — Ashford,datasets/tenant-inputs/active/meridian-health/current/04_applications_systems.csv,247,applications-systems-v3/v1,no
meridian-health,meridian-health:application_system:philips-patient-monitoring-network-meridian-memorial-hospital-bellhaven,application_system,application,Philips Patient Monitoring Network — Meridian Memorial Hospital — Bellhaven,datasets/tenant-inputs/active/meridian-health/current/04_applications_systems.csv,248,applications-systems-v3/v1,no
meridian-health,meridian-health:application_system:philips-patient-monitoring-network-deer-run-community-hospital-meridian,application_system,application,Philips Patient Monitoring Network — Deer Run Community Hospital (Meridian),datasets/tenant-inputs/active/meridian-health/current/04_applications_systems.csv,249,applications-systems-v3/v1,no
meridian-health,meridian-health:application_system:philips-patient-monitoring-network-prairie-junction-community-hospital-meridian,application_system,application,Philips Patient Monitoring Network — Prairie Junction Community Hospital (Meridian),datasets/tenant-inputs/active/meridian-health/current/04_applications_systems.csv,250,applications-systems-v3/v1,no
meridian-health,meridian-health:application_system:philips-patient-monitoring-network-wexford-general-hospital-meridian,application_system,application,Philips Patient Monitoring Network — Wexford General Hospital (Meridian),datasets/tenant-inputs/active/meridian-health/current/04_applications_systems.csv,251,applications-systems-v3/v1,no
meridian-health,meridian-health:application_system:philips-patient-monitoring-network-marsh-point-community-hospital-meridian,application_system,application,Philips Patient Monitoring Network — Marsh Point Community Hospital (Meridian),datasets/tenant-inputs/active/meridian-health/current/04_applications_systems.csv,252,applications-systems-v3/v1,no
meridian-health,meridian-health:application_system:philips-patient-monitoring-network-oakford-general-hospital-meridian,application_system,application,Philips Patient Monitoring Network — Oakford General Hospital (Meridian),datasets/tenant-inputs/active/meridian-health/current/04_applications_systems.csv,253,applications-systems-v3/v1,no
meridian-health,meridian-health:application_system:philips-patient-monitoring-network-stonebridge-community-hospital-meridian,application_system,application,Philips Patient Monitoring Network — Stonebridge Community Hospital (Meridian),datasets/tenant-inputs/active/meridian-health/current/04_applications_systems.csv,254,applications-systems-v3/v1,no
meridian-health,meridian-health:application_system:philips-patient-monitoring-network-elm-crossing-general-hospital-meridian,application_system,application,Philips Patient Monitoring Network — Elm Crossing General Hospital (Meridian),datasets/tenant-inputs/active/meridian-health/current/04_applications_systems.csv,255,applications-systems-v3/v1,no
meridian-health,meridian-health:application_system:philips-patient-monitoring-network-harborview-community-hospital-meridian,application_system,application,Philips Patient Monitoring Network — Harborview Community Hospital (Meridian),datasets/tenant-inputs/active/meridian-health/current/04_applications_systems.csv,256,applications-systems-v3/v1,no
meridian-health,meridian-health:application_system:philips-patient-monitoring-network-kettleford-general-hospital-meridian,application_system,application,Philips Patient Monitoring Network — Kettleford General Hospital (Meridian),datasets/tenant-inputs/active/meridian-health/current/04_applications_systems.csv,257,applications-systems-v3/v1,no
meridian-health,meridian-health:application_system:philips-patient-monitoring-network-sable-falls-community-hospital-meridian,application_system,application,Philips Patient Monitoring Network — Sable Falls Community Hospital (Meridian),datasets/tenant-inputs/active/meridian-health/current/04_applications_systems.csv,258,applications-systems-v3/v1,no
meridian-health,meridian-health:application_system:philips-patient-monitoring-network-thornwood-general-hospital-meridian,application_system,application,Philips Patient Monitoring Network — Thornwood General Hospital (Meridian),datasets/tenant-inputs/active/meridian-health/current/04_applications_systems.csv,259,applications-systems-v3/v1,no
meridian-health,meridian-health:application_system:philips-patient-monitoring-network-meridian-rehabilitation-hospital-millbrook,application_system,application,Philips Patient Monitoring Network — Meridian Rehabilitation Hospital — Millbrook,datasets/tenant-inputs/active/meridian-health/current/04_applications_systems.csv,260,applications-systems-v3/v1,no
meridian-health,meridian-health:application_system:philips-patient-monitoring-network-meridian-rehabilitation-hospital-fairhaven,application_system,application,Philips Patient Monitoring Network — Meridian Rehabilitation Hospital — Fairhaven,datasets/tenant-inputs/active/meridian-health/current/04_applications_systems.csv,261,applications-systems-v3/v1,no
meridian-health,meridian-health:application_system:draeger-anesthesia-information-management-system-meridian-regional-medical-center,application_system,application,Draeger Anesthesia Information Management System — Meridian Regional Medical Center,datasets/tenant-inputs/active/meridian-health/current/04_applications_systems.csv,262,applications-systems-v3/v1,no
meridian-health,meridian-health:application_system:draeger-anesthesia-information-management-system-st-anselm-community-hospital,application_system,application,Draeger Anesthesia Information Management System — St. Anselm Community Hospital,datasets/tenant-inputs/active/meridian-health/current/04_applications_systems.csv,263,applications-systems-v3/v1,no
meridian-health,meridian-health:application_system:draeger-anesthesia-information-management-system-meridian-west-hospital,application_system,application,Draeger Anesthesia Information Management System — Meridian West Hospital,datasets/tenant-inputs/active/meridian-health/current/04_applications_systems.csv,264,applications-systems-v3/v1,no
meridian-health,meridian-health:application_system:rhapsody-integration-engine,application_system,application,Rhapsody Integration Engine,datasets/tenant-inputs/active/meridian-health/current/04_applications_systems.csv,265,applications-systems-v3/v1,no
meridian-health,meridian-health:application_system:rhapsody-integration-engine-test,application_system,application,Rhapsody Integration Engine — Test,datasets/tenant-inputs/active/meridian-health/current/04_applications_systems.csv,266,applications-systems-v3/v1,no
meridian-health,meridian-health:application_system:corepoint-integration-engine-legacy,application_system,application,Corepoint Integration Engine (legacy),datasets/tenant-inputs/active/meridian-health/current/04_applications_systems.csv,267,applications-systems-v3/v1,no
meridian-health,meridian-health:application_system:tableau-server,application_system,application,Tableau Server,datasets/tenant-inputs/active/meridian-health/current/04_applications_systems.csv,268,applications-systems-v3/v1,no
meridian-health,meridian-health:application_system:tableau-server-test,application_system,application,Tableau Server — Test,datasets/tenant-inputs/active/meridian-health/current/04_applications_systems.csv,269,applications-systems-v3/v1,no
meridian-health,meridian-health:application_system:microstrategy-enterprise-bi-legacy-limited-scope,application_system,application,"MicroStrategy Enterprise BI (legacy, limited scope)",datasets/tenant-inputs/active/meridian-health/current/04_applications_systems.csv,270,applications-systems-v3/v1,no
meridian-health,meridian-health:application_system:workday-hcm-payroll,application_system,application,Workday HCM & Payroll,datasets/tenant-inputs/active/meridian-health/current/04_applications_systems.csv,271,applications-systems-v3/v1,no
meridian-health,meridian-health:application_system:workday-hcm-payroll-test,application_system,application,Workday HCM & Payroll — Test,datasets/tenant-inputs/active/meridian-health/current/04_applications_systems.csv,272,applications-systems-v3/v1,no
meridian-health,meridian-health:application_system:infor-lawson-supply-chain-finance-erp,application_system,application,Infor Lawson Supply Chain & Finance ERP,datasets/tenant-inputs/active/meridian-health/current/04_applications_systems.csv,273,applications-systems-v3/v1,no
meridian-health,meridian-health:application_system:infor-lawson-supply-chain-finance-erp-test,application_system,application,Infor Lawson Supply Chain & Finance ERP — Test,datasets/tenant-inputs/active/meridian-health/current/04_applications_systems.csv,274,applications-systems-v3/v1,no
meridian-health,meridian-health:application_system:ukg-time-attendance-scheduling,application_system,application,UKG Time & Attendance / Scheduling,datasets/tenant-inputs/active/meridian-health/current/04_applications_systems.csv,275,applications-systems-v3/v1,no
meridian-health,meridian-health:application_system:sap-ariba-procurement-platform,application_system,application,SAP Ariba Procurement Platform,datasets/tenant-inputs/active/meridian-health/current/04_applications_systems.csv,276,applications-systems-v3/v1,no
meridian-health,meridian-health:application_system:servicenow-itsm-cmdb-platform,application_system,application,ServiceNow ITSM/CMDB Platform,datasets/tenant-inputs/active/meridian-health/current/04_applications_systems.csv,277,applications-systems-v3/v1,no
meridian-health,meridian-health:application_system:servicenow-itsm-cmdb-platform-test,application_system,application,ServiceNow ITSM/CMDB Platform — Test,datasets/tenant-inputs/active/meridian-health/current/04_applications_systems.csv,278,applications-systems-v3/v1,no
meridian-health,meridian-health:application_system:salesforce-member-patient-crm,application_system,application,Salesforce Member/Patient CRM,datasets/tenant-inputs/active/meridian-health/current/04_applications_systems.csv,279,applications-systems-v3/v1,no
meridian-health,meridian-health:application_system:amwell-on-demand-telehealth-platform,application_system,application,Amwell On-Demand Telehealth Platform,datasets/tenant-inputs/active/meridian-health/current/04_applications_systems.csv,280,applications-systems-v3/v1,no
meridian-health,meridian-health:application_system:biofourmis-remote-patient-monitoring-platform,application_system,application,Biofourmis Remote Patient Monitoring Platform,datasets/tenant-inputs/active/meridian-health/current/04_applications_systems.csv,281,applications-systems-v3/v1,no
meridian-health,meridian-health:application_system:twilio-patient-outreach-platform,application_system,application,Twilio Patient Outreach Platform,datasets/tenant-inputs/active/meridian-health/current/04_applications_systems.csv,282,applications-systems-v3/v1,no
meridian-health,meridian-health:application_system:qualtrics-patient-experience-survey-platform,application_system,application,Qualtrics Patient Experience Survey Platform,datasets/tenant-inputs/active/meridian-health/current/04_applications_systems.csv,283,applications-systems-v3/v1,no
meridian-health,meridian-health:application_system:waystar-revenue-cycle-clearinghouse,application_system,application,Waystar Revenue Cycle Clearinghouse,datasets/tenant-inputs/active/meridian-health/current/04_applications_systems.csv,284,applications-systems-v3/v1,no
meridian-health,meridian-health:application_system:zelis-claims-payment-network-pricing,application_system,application,Zelis Claims Payment & Network Pricing,datasets/tenant-inputs/active/meridian-health/current/04_applications_systems.csv,285,applications-systems-v3/v1,no
meridian-health,meridian-health:application_system:experian-health-patient-identity-eligibility,application_system,application,Experian Health Patient Identity & Eligibility,datasets/tenant-inputs/active/meridian-health/current/04_applications_systems.csv,286,applications-systems-v3/v1,no
meridian-health,meridian-health:application_system:transunion-healthcare-propensity-to-pay-platform,application_system,application,TransUnion Healthcare Propensity-to-Pay Platform,datasets/tenant-inputs/active/meridian-health/current/04_applications_systems.csv,287,applications-systems-v3/v1,no
meridian-health,meridian-health:application_system:datavant-de-identification-gateway,application_system,application,Datavant De-Identification Gateway,datasets/tenant-inputs/active/meridian-health/current/04_applications_systems.csv,288,applications-systems-v3/v1,no
meridian-health,meridian-health:application_system:health-gorilla-hie-gateway,application_system,application,Health Gorilla HIE Gateway,datasets/tenant-inputs/active/meridian-health/current/04_applications_systems.csv,289,applications-systems-v3/v1,no
meridian-health,meridian-health:application_system:patientping-care-coordination-notifications,application_system,application,PatientPing Care Coordination Notifications,datasets/tenant-inputs/active/meridian-health/current/04_applications_systems.csv,290,applications-systems-v3/v1,no
meridian-health,meridian-health:application_system:conduent-member-print-mail-platform,application_system,application,Conduent Member Print/Mail Platform,datasets/tenant-inputs/active/meridian-health/current/04_applications_systems.csv,291,applications-systems-v3/v1,no
meridian-health,meridian-health:application_system:nuance-dax-copilot-dragon-medical-one,application_system,application,Nuance DAX Copilot / Dragon Medical One,datasets/tenant-inputs/active/meridian-health/current/04_applications_systems.csv,292,applications-systems-v3/v1,no
meridian-health,meridian-health:application_system:nuance-dax-copilot-dragon-medical-one-pilot,application_system,application,Nuance DAX Copilot / Dragon Medical One — Pilot,datasets/tenant-inputs/active/meridian-health/current/04_applications_systems.csv,293,applications-systems-v3/v1,no
meridian-health,meridian-health:application_system:medtronic-carelink-device-integration,application_system,application,Medtronic CareLink Device Integration,datasets/tenant-inputs/active/meridian-health/current/04_applications_systems.csv,294,applications-systems-v3/v1,no
meridian-health,meridian-health:application_system:abbott-libreview-device-integration,application_system,application,Abbott LibreView Device Integration,datasets/tenant-inputs/active/meridian-health/current/04_applications_systems.csv,295,applications-systems-v3/v1,no
meridian-health,meridian-health:application_system:stanley-healthcare-rtls-platform,application_system,application,Stanley Healthcare RTLS Platform,datasets/tenant-inputs/active/meridian-health/current/04_applications_systems.csv,296,applications-systems-v3/v1,no
meridian-health,meridian-health:application_system:konica-minolta-managed-print-services,application_system,application,Konica Minolta Managed Print Services,datasets/tenant-inputs/active/meridian-health/current/04_applications_systems.csv,297,applications-systems-v3/v1,no
meridian-health,meridian-health:application_system:cyberark-privileged-access-management,application_system,application,CyberArk Privileged Access Management,datasets/tenant-inputs/active/meridian-health/current/04_applications_systems.csv,298,applications-systems-v3/v1,no
meridian-health,meridian-health:application_system:finance-gl-mart-sql-server-on-prem,application_system,application,Finance/GL Mart (SQL Server On-Prem),datasets/tenant-inputs/active/meridian-health/current/04_applications_systems.csv,299,applications-systems-v3/v1,no
meridian-health,meridian-health:application_system:cedar-bluff-specialty-hospital-census-systems,application_system,application,Cedar Bluff Specialty Hospital census systems,datasets/tenant-inputs/active/meridian-health/current/04_applications_systems.csv,300,applications-systems-v3/v1,no
meridian-health,meridian-health:application_system:pharmacy-robotics-meridian-regional-medical-center,application_system,application,Pharmacy robotics — Meridian Regional Medical Center,datasets/tenant-inputs/active/meridian-health/current/04_applications_systems.csv,301,applications-systems-v3/v1,no
meridian-health,meridian-health:application_system:epic-community-connect-affiliated-practices,application_system,application,Epic Community Connect — affiliated practices,datasets/tenant-inputs/active/meridian-health/current/04_applications_systems.csv,302,applications-systems-v3/v1,no
meridian-health,meridian-health:evidence_source:servicenow-cmdb-export,evidence_source,evidence,ServiceNow CMDB export,datasets/tenant-inputs/active/meridian-health/current/13_evidence_sources.csv,2,evidence-sources-v3/v1,no
meridian-health,meridian-health:evidence_source:epic-cogito-clarity-reporting-extract,evidence_source,evidence,Epic Cogito/Clarity reporting extract,datasets/tenant-inputs/active/meridian-health/current/13_evidence_sources.csv,3,evidence-sources-v3/v1,no
meridian-health,meridian-health:evidence_source:vendor-contract-register-legal-procurement,evidence_source,evidence,Vendor contract register (Legal/Procurement),datasets/tenant-inputs/active/meridian-health/current/13_evidence_sources.csv,4,evidence-sources-v3/v1,no
meridian-health,meridian-health:evidence_source:it-finance-budget-spend-extract,evidence_source,evidence,IT Finance budget & spend extract,datasets/tenant-inputs/active/meridian-health/current/13_evidence_sources.csv,5,evidence-sources-v3/v1,no
meridian-health,meridian-health:evidence_source:program-portfolio-management-tool-export,evidence_source,evidence,Program portfolio management tool export,datasets/tenant-inputs/active/meridian-health/current/13_evidence_sources.csv,6,evidence-sources-v3/v1,no
meridian-health,meridian-health:evidence_source:cotiviti-quality-intelligence-workqueue-export,evidence_source,evidence,Cotiviti Quality Intelligence workqueue export,datasets/tenant-inputs/active/meridian-health/current/13_evidence_sources.csv,7,evidence-sources-v3/v1,no
meridian-health,meridian-health:evidence_source:ncqa-hedis-measure-engine-output,evidence_source,evidence,NCQA HEDIS measure engine output,datasets/tenant-inputs/active/meridian-health/current/13_evidence_sources.csv,8,evidence-sources-v3/v1,no
meridian-health,meridian-health:evidence_source:sph-analytics-cahps-survey-results,evidence_source,evidence,SPH Analytics CAHPS survey results,datasets/tenant-inputs/active/meridian-health/current/13_evidence_sources.csv,9,evidence-sources-v3/v1,no
meridian-health,meridian-health:evidence_source:workday-hcm-org-headcount-export,evidence_source,evidence,Workday HCM org/headcount export,datasets/tenant-inputs/active/meridian-health/current/13_evidence_sources.csv,10,evidence-sources-v3/v1,no
meridian-health,meridian-health:evidence_source:executive-interview-transcripts-synthetic,evidence_source,evidence,Executive interview transcripts (synthetic),datasets/tenant-inputs/active/meridian-health/current/13_evidence_sources.csv,11,evidence-sources-v3/v1,no
meridian-health,meridian-health:evidence_source:risk-register-compliance-legal,evidence_source,evidence,Risk register (Compliance/Legal),datasets/tenant-inputs/active/meridian-health/current/13_evidence_sources.csv,12,evidence-sources-v3/v1,no
meridian-health,meridian-health:evidence_source:itsm-ticket-incident-export-servicenow,evidence_source,evidence,ITSM ticket/incident export (ServiceNow),datasets/tenant-inputs/active/meridian-health/current/13_evidence_sources.csv,13,evidence-sources-v3/v1,no
meridian-health,meridian-health:evidence_source:ai-use-case-intake-register,evidence_source,evidence,AI use-case intake register,datasets/tenant-inputs/active/meridian-health/current/13_evidence_sources.csv,14,evidence-sources-v3/v1,no
meridian-health,meridian-health:evidence_source:epic-community-connect-practice-roster,evidence_source,evidence,Epic Community Connect practice roster,datasets/tenant-inputs/active/meridian-health/current/13_evidence_sources.csv,15,evidence-sources-v3/v1,no
meridian-health,meridian-health:evidence_source:sql-server-datamart-inventory-dba-team-export,evidence_source,evidence,SQL Server datamart inventory (DBA team export),datasets/tenant-inputs/active/meridian-health/current/13_evidence_sources.csv,16,evidence-sources-v3/v1,no
meridian-health,meridian-health:evidence_source:databricks-evaluation-vendor-briefing-notes,evidence_source,evidence,Databricks evaluation & vendor-briefing notes,datasets/tenant-inputs/active/meridian-health/current/13_evidence_sources.csv,17,evidence-sources-v3/v1,no
meridian-health,meridian-health:evidence_source:medicare-advantage-bid-model-workbook,evidence_source,evidence,Medicare Advantage bid model workbook,datasets/tenant-inputs/active/meridian-health/current/13_evidence_sources.csv,18,evidence-sources-v3/v1,no
meridian-health,meridian-health:evidence_source:managed-services-sow-rate-cards,evidence_source,evidence,Managed services SOW & rate cards,datasets/tenant-inputs/active/meridian-health/current/13_evidence_sources.csv,19,evidence-sources-v3/v1,no
meridian-health,meridian-health:evidence_source:industry-benchmark-subscription-klas-style,evidence_source,evidence,Industry benchmark subscription (KLAS-style),datasets/tenant-inputs/active/meridian-health/current/13_evidence_sources.csv,20,evidence-sources-v3/v1,no
meridian-health,meridian-health:evidence_source:data-governance-council-charter-catalog,evidence_source,evidence,Data governance council charter & catalog,datasets/tenant-inputs/active/meridian-health/current/13_evidence_sources.csv,21,evidence-sources-v3/v1,no
meridian-health,meridian-health:evidence_source:epic-upgrade-change-calendar,evidence_source,evidence,Epic upgrade/change calendar,datasets/tenant-inputs/active/meridian-health/current/13_evidence_sources.csv,22,evidence-sources-v3/v1,no
meridian-health,meridian-health:evidence_source:behavioral-health-census-diversion-log,evidence_source,evidence,Behavioral health census & diversion log,datasets/tenant-inputs/active/meridian-health/current/13_evidence_sources.csv,23,evidence-sources-v3/v1,no
meridian-health,meridian-health:evidence_source:supply-chain-contract-rate-card-export,evidence_source,evidence,Supply chain contract/rate-card export,datasets/tenant-inputs/active/meridian-health/current/13_evidence_sources.csv,24,evidence-sources-v3/v1,no
meridian-health,meridian-health:evidence_source:data-ai-platform-maturity-self-assessment,evidence_source,evidence,Data & AI platform maturity self-assessment,datasets/tenant-inputs/active/meridian-health/current/13_evidence_sources.csv,25,evidence-sources-v3/v1,no
meridian-health,meridian-health:evidence_source:expert-lens-interview-program-synthetic-advisory-panel,evidence_source,evidence,Expert lens interview program (synthetic advisory panel),datasets/tenant-inputs/active/meridian-health/current/13_evidence_sources.csv,26,evidence-sources-v3/v1,no
meridian-health,meridian-health:evidence_source:hedis-stars-cahps-raf-catalog-design-workbook,evidence_source,evidence,HEDIS/STARS/CAHPS/RAF catalog design workbook,datasets/tenant-inputs/active/meridian-health/current/13_evidence_sources.csv,27,evidence-sources-v3/v1,no
meridian-health,meridian-health:evidence_source:cms-star-ratings-technical-notes,evidence_source,evidence,CMS Star Ratings technical notes,datasets/tenant-inputs/active/meridian-health/current/13_evidence_sources.csv,28,evidence-sources-v3/v1,no
meridian-health,meridian-health:industry_context_pattern:on-premises-sql-server-epic-clarity-estate-precedes-any-cloud-evaluation,industry_context_pattern,industry,On-premises SQL Server/Epic Clarity estate precedes any cloud evaluation,datasets/tenant-inputs/active/meridian-health/current/15_industry_context_patterns.csv,2,industry-context-patterns/v1,no
meridian-health,meridian-health:industry_context_pattern:medicare-advantage-heavy-payer-provider-convergence-drives-stars-hedis-investment-priority,industry_context_pattern,industry,Medicare Advantage-heavy payer-provider convergence drives STARS/HEDIS investment priority,datasets/tenant-inputs/active/meridian-health/current/15_industry_context_patterns.csv,3,industry-context-patterns/v1,no
meridian-health,meridian-health:industry_context_pattern:epic-single-vendor-consolidation-with-a-residual-legacy-ehr-at-one-acquired-facility,industry_context_pattern,industry,Epic single-vendor consolidation with a residual legacy EHR at one acquired facility,datasets/tenant-inputs/active/meridian-health/current/15_industry_context_patterns.csv,4,industry-context-patterns/v1,no
meridian-health,meridian-health:industry_context_pattern:on-prem-sql-server-sprawl-precedes-and-outlasts-any-cloud-lakehouse-evaluation,industry_context_pattern,industry,"On-prem SQL Server sprawl precedes, and outlasts, any cloud lakehouse evaluation",datasets/tenant-inputs/active/meridian-health/current/15_industry_context_patterns.csv,5,industry-context-patterns/v1,no
meridian-health,meridian-health:industry_context_pattern:ambient-clinical-documentation-adoption-pattern,industry_context_pattern,industry,Ambient clinical documentation adoption pattern,datasets/tenant-inputs/active/meridian-health/current/15_industry_context_patterns.csv,6,industry-context-patterns/v1,no
meridian-health,meridian-health:industry_context_pattern:claims-clearinghouse-and-edi-vendor-layering,industry_context_pattern,industry,Claims clearinghouse and EDI vendor layering,datasets/tenant-inputs/active/meridian-health/current/15_industry_context_patterns.csv,7,industry-context-patterns/v1,no
meridian-health,meridian-health:industry_context_pattern:community-connect-as-an-affiliated-practice-interface-reduction-strategy,industry_context_pattern,industry,Community Connect as an affiliated-practice interface-reduction strategy,datasets/tenant-inputs/active/meridian-health/current/15_industry_context_patterns.csv,8,industry-context-patterns/v1,no
meridian-health,meridian-health:industry_context_pattern:behavioral-health-capacity-constraint-as-a-persistent-not-transient-risk,industry_context_pattern,industry,"Behavioral health capacity constraint as a persistent, not transient, risk",datasets/tenant-inputs/active/meridian-health/current/15_industry_context_patterns.csv,9,industry-context-patterns/v1,no
meridian-health,meridian-health:industry_context_pattern:raf-risk-adjustment-vendor-tooling-as-evidence-infrastructure-not-just-reporting,industry_context_pattern,industry,"RAF/risk-adjustment vendor tooling as evidence infrastructure, not just reporting",datasets/tenant-inputs/active/meridian-health/current/15_industry_context_patterns.csv,10,industry-context-patterns/v1,no
meridian-health,meridian-health:industry_context_pattern:print-mail-and-member-correspondence-outsourcing-as-a-low-differentiation-function,industry_context_pattern,industry,Print/mail and member-correspondence outsourcing as a low-differentiation function,datasets/tenant-inputs/active/meridian-health/current/15_industry_context_patterns.csv,11,industry-context-patterns/v1,no
meridian-health,meridian-health:industry_context_pattern:legacy-interface-engine-consolidation-lag,industry_context_pattern,industry,Legacy interface-engine consolidation lag,datasets/tenant-inputs/active/meridian-health/current/15_industry_context_patterns.csv,12,industry-context-patterns/v1,no
meridian-health,meridian-health:industry_context_pattern:health-plan-actuarial-dependence-on-epic-clarity-the-same-source-clinical-quality-reporting-uses,industry_context_pattern,industry,"Health-plan actuarial dependence on Epic Clarity, the same source clinical quality reporting uses",datasets/tenant-inputs/active/meridian-health/current/15_industry_context_patterns.csv,13,industry-context-patterns/v1,no
meridian-health,meridian-health:expert_lens:medicare-advantage-stars-hedis-readiness-lens,expert_lens,expert,Medicare Advantage STARS/HEDIS Readiness Lens,datasets/tenant-inputs/active/meridian-health/current/16_expert_lenses.csv,2,expert-lenses/v1,no
meridian-health,meridian-health:expert_lens:raf-risk-adjustment-integrity-lens,expert_lens,expert,RAF/Risk Adjustment Integrity Lens,datasets/tenant-inputs/active/meridian-health/current/16_expert_lenses.csv,3,expert-lenses/v1,no
meridian-health,meridian-health:expert_lens:epic-single-instance-consolidation-lens,expert_lens,expert,Epic Single-Instance Consolidation Lens,datasets/tenant-inputs/active/meridian-health/current/16_expert_lenses.csv,4,expert-lenses/v1,no
meridian-health,meridian-health:expert_lens:sql-server-sprawl-databricks-evaluation-readiness-lens,expert_lens,expert,SQL Server Sprawl & Databricks Evaluation Readiness Lens,datasets/tenant-inputs/active/meridian-health/current/16_expert_lenses.csv,5,expert-lenses/v1,no
meridian-health,meridian-health:expert_lens:revenue-cycle-denials-ai-lens,expert_lens,expert,Revenue Cycle & Denials AI Lens,datasets/tenant-inputs/active/meridian-health/current/16_expert_lenses.csv,6,expert-lenses/v1,no
meridian-health,meridian-health:expert_lens:interface-integration-consolidation-lens,expert_lens,expert,Interface & Integration Consolidation Lens,datasets/tenant-inputs/active/meridian-health/current/16_expert_lenses.csv,7,expert-lenses/v1,no
meridian-health,meridian-health:expert_lens:behavioral-health-access-capacity-lens,expert_lens,expert,Behavioral Health Access & Capacity Lens,datasets/tenant-inputs/active/meridian-health/current/16_expert_lenses.csv,8,expert-lenses/v1,no
meridian-health,meridian-health:expert_lens:ai-use-case-portfolio-governance-lens,expert_lens,expert,AI Use-Case Portfolio Governance Lens,datasets/tenant-inputs/active/meridian-health/current/16_expert_lenses.csv,9,expert-lenses/v1,no
meridian-health,meridian-health:expert_lens:vendor-concentration-third-party-risk-lens,expert_lens,expert,Vendor Concentration & Third-Party Risk Lens,datasets/tenant-inputs/active/meridian-health/current/16_expert_lenses.csv,10,expert-lenses/v1,no
